date,asset,realized_gain,loss_pool,tax_paid,cumulative_tax_paid,strategy,tax_mode
2006-07-17,SPY,-3165.239009161145,3165.239009161145,0.0,0.0,RELATIVE_MOMENTUM_1X_weekly_126D,after_tax
2006-11-20,SPY,9949.119015375443,0.0,1378.1452232624347,1378.1452232624347,RELATIVE_MOMENTUM_1X_weekly_126D,after_tax
2006-12-26,QQQ,-2913.5225750635727,2913.5225750635727,0.0,1378.1452232624347,RELATIVE_MOMENTUM_1X_weekly_126D,after_tax
2007-01-08,SPY,-95.11317397608946,3008.635749039662,0.0,1378.1452232624347,RELATIVE_MOMENTUM_1X_weekly_126D,after_tax
2007-04-02,QQQ,-550.9914916131966,3559.6272406528587,0.0,1378.1452232624347,RELATIVE_MOMENTUM_1X_weekly_126D,after_tax
2007-04-09,SPY,1680.364225078607,1879.2630155742518,0.0,1378.1452232624347,RELATIVE_MOMENTUM_1X_weekly_126D,after_tax
2007-04-16,QQQ,174.14993535536632,1705.1130802188854,0.0,1378.1452232624347,RELATIVE_MOMENTUM_1X_weekly_126D,after_tax
2007-04-30,SPY,2602.9644057007827,0.0,182.39849677164742,1560.543720034082,RELATIVE_MOMENTUM_1X_weekly_126D,after_tax
2007-05-07,QQQ,281.5689692367887,0.0,57.20073610045362,1617.7444561345358,RELATIVE_MOMENTUM_1X_weekly_126D,after_tax
2007-06-25,SPY,-100.97405629479908,100.97405629479908,0.0,1617.7444561345358,RELATIVE_MOMENTUM_1X_weekly_126D,after_tax
2008-01-07,QQQ,2531.9150279341266,0.0,493.8456583885294,2111.590114523065,RELATIVE_MOMENTUM_1X_weekly_126D,after_tax
2008-05-27,QQQ,-3890.570223134564,3890.570223134564,0.0,2111.590114523065,RELATIVE_MOMENTUM_1X_weekly_126D,after_tax
2008-08-04,QQQ,-1002.9734595021728,4893.543682636737,0.0,2111.590114523065,RELATIVE_MOMENTUM_1X_weekly_126D,after_tax
2008-09-22,QQQ,-9997.805546912234,14891.34922954897,0.0,2111.590114523065,RELATIVE_MOMENTUM_1X_weekly_126D,after_tax
2010-01-25,QQQ,33322.31051251874,0.0,3744.2497846353094,5855.8398991583745,RELATIVE_MOMENTUM_1X_weekly_126D,after_tax
2010-02-08,SPY,-3990.7170976497437,3990.7170976497437,0.0,5855.8398991583745,RELATIVE_MOMENTUM_1X_weekly_126D,after_tax
2010-06-28,QQQ,7037.24741141971,0.0,618.9026332423687,6474.742532400744,RELATIVE_MOMENTUM_1X_weekly_126D,after_tax
2010-08-30,QQQ,-6264.00419669057,6264.00419669057,0.0,6474.742532400744,RELATIVE_MOMENTUM_1X_weekly_126D,after_tax
2011-03-21,QQQ,17911.511245071408,0.0,2366.191056878567,8840.93358927931,RELATIVE_MOMENTUM_1X_weekly_126D,after_tax
2011-04-04,SPY,4109.231419587508,0.0,834.7903628892022,9675.723952168511,RELATIVE_MOMENTUM_1X_weekly_126D,after_tax
2011-04-11,QQQ,-1214.164570485911,1214.164570485911,0.0,9675.723952168511,RELATIVE_MOMENTUM_1X_weekly_126D,after_tax
2011-07-25,SPY,850.2768888971768,363.88768158873427,0.0,9675.723952168511,RELATIVE_MOMENTUM_1X_weekly_126D,after_tax
2011-08-08,QQQ,-16293.227810573764,16657.1154921625,0.0,9675.723952168511,RELATIVE_MOMENTUM_1X_weekly_126D,after_tax
2011-09-26,QQQ,-3308.322984921848,19965.438477084346,0.0,9675.723952168511,RELATIVE_MOMENTUM_1X_weekly_126D,after_tax
2011-10-24,QQQ,-932.0664033590583,20897.504880443405,0.0,9675.723952168511,RELATIVE_MOMENTUM_1X_weekly_126D,after_tax
2011-11-07,QQQ,-1457.9208319341997,22355.425712377604,0.0,9675.723952168511,RELATIVE_MOMENTUM_1X_weekly_126D,after_tax
2011-11-21,QQQ,-6200.919996106357,28556.34570848396,0.0,9675.723952168511,RELATIVE_MOMENTUM_1X_weekly_126D,after_tax
2012-01-03,QQQ,-760.0905931970337,29316.436301680995,0.0,9675.723952168511,RELATIVE_MOMENTUM_1X_weekly_126D,after_tax
2012-09-24,QQQ,20893.25343783031,8423.182863850685,0.0,9675.723952168511,RELATIVE_MOMENTUM_1X_weekly_126D,after_tax
2013-08-05,SPY,25105.874887014317,0.0,3389.088884505692,13064.812836674204,RELATIVE_MOMENTUM_1X_weekly_126D,after_tax
2014-04-07,QQQ,19465.831938779622,0.0,3954.48375836308,17019.296595037285,RELATIVE_MOMENTUM_1X_weekly_126D,after_tax
2014-05-27,SPY,4411.248400838347,0.0,896.1451126303102,17915.441707667596,RELATIVE_MOMENTUM_1X_weekly_126D,after_tax
2014-06-09,QQQ,4653.288233329222,0.0,945.3155046008314,18860.75721226843,RELATIVE_MOMENTUM_1X_weekly_126D,after_tax
2014-06-30,SPY,971.8030517809966,0.0,197.42178996930946,19058.17900223774,RELATIVE_MOMENTUM_1X_weekly_126D,after_tax
2015-08-24,QQQ,2642.894439049589,0.0,536.904005292924,19595.083007530662,RELATIVE_MOMENTUM_1X_weekly_126D,after_tax
2015-09-21,QQQ,202.92208875296637,0.0,41.22362233016512,19636.30662986083,RELATIVE_MOMENTUM_1X_weekly_126D,after_tax
2015-12-21,QQQ,5110.814305511187,0.0,1038.2619261645975,20674.568556025424,RELATIVE_MOMENTUM_1X_weekly_126D,after_tax
2016-01-11,QQQ,-12374.075126839743,12374.075126839743,0.0,20674.568556025424,RELATIVE_MOMENTUM_1X_weekly_126D,after_tax
2016-04-11,SPY,9505.668410566956,2868.406716272788,0.0,20674.568556025424,RELATIVE_MOMENTUM_1X_weekly_126D,after_tax
2016-04-18,QQQ,1204.3473910414614,1664.0593252313265,0.0,20674.568556025424,RELATIVE_MOMENTUM_1X_weekly_126D,after_tax
2016-05-02,SPY,-921.2115101216477,2585.2708353529742,0.0,20674.568556025424,RELATIVE_MOMENTUM_1X_weekly_126D,after_tax
2016-06-27,SPY,-6887.612802367919,9472.883637720894,0.0,20674.568556025424,RELATIVE_MOMENTUM_1X_weekly_126D,after_tax
2016-08-08,SPY,7582.533380959503,1890.3502567613905,0.0,20674.568556025424,RELATIVE_MOMENTUM_1X_weekly_126D,after_tax
2017-12-04,QQQ,61977.40645735068,0.0,12206.685467149713,32881.25402317513,RELATIVE_MOMENTUM_1X_weekly_126D,after_tax
2017-12-11,SPY,-228.8551697996736,228.8551697996736,0.0,32881.25402317513,RELATIVE_MOMENTUM_1X_weekly_126D,after_tax
2018-11-05,QQQ,23589.971163519338,0.0,4745.81071412415,37627.06473729928,RELATIVE_MOMENTUM_1X_weekly_126D,after_tax
2018-11-26,SPY,-6293.908274479763,6293.908274479763,0.0,37627.06473729928,RELATIVE_MOMENTUM_1X_weekly_126D,after_tax
2018-12-10,SPY,-14784.69753155575,21078.605806035514,0.0,37627.06473729928,RELATIVE_MOMENTUM_1X_weekly_126D,after_tax
2019-09-23,QQQ,6258.235336836544,14820.37046919897,0.0,37627.06473729928,RELATIVE_MOMENTUM_1X_weekly_126D,after_tax
2019-10-14,SPY,-1498.5561499864853,16318.926619185455,0.0,37627.06473729928,RELATIVE_MOMENTUM_1X_weekly_126D,after_tax
2019-10-21,QQQ,2032.7980623976036,14286.128556787851,0.0,37627.06473729928,RELATIVE_MOMENTUM_1X_weekly_126D,after_tax
2019-11-11,SPY,5994.127997220639,8292.000559567212,0.0,37627.06473729928,RELATIVE_MOMENTUM_1X_weekly_126D,after_tax
2020-03-16,QQQ,-30905.226881951676,39197.22744151889,0.0,37627.06473729928,RELATIVE_MOMENTUM_1X_weekly_126D,after_tax
2021-03-01,QQQ,125124.53081082753,0.0,17456.131679475053,55083.196416774335,RELATIVE_MOMENTUM_1X_weekly_126D,after_tax
2021-08-30,SPY,55643.16375622054,0.0,11303.908717076203,66387.10513385053,RELATIVE_MOMENTUM_1X_weekly_126D,after_tax
2022-01-10,QQQ,-1444.7927725065383,1444.7927725065383,0.0,66387.10513385053,RELATIVE_MOMENTUM_1X_weekly_126D,after_tax
2022-02-14,SPY,-18013.511704104778,19458.304476611316,0.0,66387.10513385053,RELATIVE_MOMENTUM_1X_weekly_126D,after_tax
2022-04-18,SPY,-6112.711455187411,25571.015931798727,0.0,66387.10513385053,RELATIVE_MOMENTUM_1X_weekly_126D,after_tax
2022-12-05,SPY,5812.864022849884,19758.151908948843,0.0,66387.10513385053,RELATIVE_MOMENTUM_1X_weekly_126D,after_tax
2022-12-27,SPY,-8597.120797919633,28355.272706868476,0.0,66387.10513385053,RELATIVE_MOMENTUM_1X_weekly_126D,after_tax
2023-02-13,SPY,20682.362316674727,7672.910390193749,0.0,66387.10513385053,RELATIVE_MOMENTUM_1X_weekly_126D,after_tax
2023-03-13,SPY,-20570.409913747164,28243.320303940913,0.0,66387.10513385053,RELATIVE_MOMENTUM_1X_weekly_126D,after_tax
2024-04-08,QQQ,152460.75913983735,0.0,25234.77269951236,91621.8778333629,RELATIVE_MOMENTUM_1X_weekly_126D,after_tax
2024-04-15,SPY,-4012.8664293614565,4012.8664293614565,0.0,91621.8778333629,RELATIVE_MOMENTUM_1X_weekly_126D,after_tax
2024-04-22,QQQ,-25924.91676005005,29937.783189411508,0.0,91621.8778333629,RELATIVE_MOMENTUM_1X_weekly_126D,after_tax
2024-04-29,SPY,10136.129076586163,19801.654112825345,0.0,91621.8778333629,RELATIVE_MOMENTUM_1X_weekly_126D,after_tax
2024-05-13,QQQ,10571.41142696893,9230.242685856414,0.0,91621.8778333629,RELATIVE_MOMENTUM_1X_weekly_126D,after_tax
2024-05-28,SPY,6185.246637119388,3044.9960487370263,0.0,91621.8778333629,RELATIVE_MOMENTUM_1X_weekly_126D,after_tax
2024-06-03,QQQ,-5033.014859973802,8078.0109087108285,0.0,91621.8778333629,RELATIVE_MOMENTUM_1X_weekly_126D,after_tax
2024-06-10,SPY,3094.1141119541717,4983.896796756657,0.0,91621.8778333629,RELATIVE_MOMENTUM_1X_weekly_126D,after_tax
2024-07-22,QQQ,19307.746141591168,0.0,2909.889994403131,94531.76782776603,RELATIVE_MOMENTUM_1X_weekly_126D,after_tax
2024-09-30,SPY,15833.160731783428,0.0,3216.5066026618033,97748.27443042783,RELATIVE_MOMENTUM_1X_weekly_126D,after_tax
2024-10-07,QQQ,-870.8476923989947,870.8476923989947,0.0,97748.27443042783,RELATIVE_MOMENTUM_1X_weekly_126D,after_tax
2024-10-21,SPY,10107.390997388226,0.0,1876.4037724085622,99624.6782028364,RELATIVE_MOMENTUM_1X_weekly_126D,after_tax
2024-11-04,QQQ,-6881.874226123386,6881.874226123386,0.0,99624.6782028364,RELATIVE_MOMENTUM_1X_weekly_126D,after_tax
2024-11-11,SPY,23746.902024674637,0.0,3426.130397275687,103050.80860011208,RELATIVE_MOMENTUM_1X_weekly_126D,after_tax
2024-11-18,QQQ,-17353.847436603974,17353.847436603974,0.0,103050.80860011208,RELATIVE_MOMENTUM_1X_weekly_126D,after_tax
2025-01-21,SPY,13179.571736753278,4174.275699850696,0.0,103050.80860011208,RELATIVE_MOMENTUM_1X_weekly_126D,after_tax
2025-03-31,QQQ,-59428.800548485306,63603.076248336,0.0,103050.80860011208,RELATIVE_MOMENTUM_1X_weekly_126D,after_tax
2025-06-23,QQQ,10825.474881498492,52777.60136683751,0.0,103050.80860011208,RELATIVE_MOMENTUM_1X_weekly_126D,after_tax
2026-02-09,QQQ,46808.73667126341,5968.864695574099,0.0,103050.80860011208,RELATIVE_MOMENTUM_1X_weekly_126D,after_tax
2026-03-09,SPY,-17125.158204922453,23094.02290049655,0.0,103050.80860011208,RELATIVE_MOMENTUM_1X_weekly_126D,after_tax
2026-03-23,QQQ,-2879.366887453827,25973.38978795038,0.0,103050.80860011208,RELATIVE_MOMENTUM_1X_weekly_126D,after_tax
2026-04-20,SPY,21646.582614102634,4326.807173847745,0.0,103050.80860011208,RELATIVE_MOMENTUM_1X_weekly_126D,after_tax
2007-04-09,SPY,18168.211615721186,0.0,3690.8721897337587,3690.8721897337587,RELATIVE_MOMENTUM_1X_weekly_189D,after_tax
2008-01-28,QQQ,-1615.243293450636,1615.243293450636,0.0,3690.8721897337587,RELATIVE_MOMENTUM_1X_weekly_189D,after_tax
2008-06-16,QQQ,-1615.5022540131904,3230.7455474638264,0.0,3690.8721897337587,RELATIVE_MOMENTUM_1X_weekly_189D,after_tax
2011-06-20,QQQ,61989.344384786775,0.0,11936.809353802157,15627.681543535915,RELATIVE_MOMENTUM_1X_weekly_189D,after_tax
2011-07-05,SPY,8950.650583445211,0.0,1818.3246660268946,17446.00620956281,RELATIVE_MOMENTUM_1X_weekly_189D,after_tax
2011-08-22,QQQ,-19731.8181081785,19731.8181081785,0.0,17446.00620956281,RELATIVE_MOMENTUM_1X_weekly_189D,after_tax
2011-09-06,QQQ,-4633.406223889935,24365.224332068436,0.0,17446.00620956281,RELATIVE_MOMENTUM_1X_weekly_189D,after_tax
2011-09-26,QQQ,-3929.3881754771573,28294.612507545593,0.0,17446.00620956281,RELATIVE_MOMENTUM_1X_weekly_189D,after_tax
2011-11-14,QQQ,-671.9257976090885,28966.53830515468,0.0,17446.00620956281,RELATIVE_MOMENTUM_1X_weekly_189D,after_tax
2011-12-19,QQQ,-3071.9538320155116,32038.492137170193,0.0,17446.00620956281,RELATIVE_MOMENTUM_1X_weekly_189D,after_tax
2012-06-25,QQQ,11903.229317955032,20135.26281921516,0.0,17446.00620956281,RELATIVE_MOMENTUM_1X_weekly_189D,after_tax
2012-07-02,SPY,4821.887592554354,15313.375226660806,0.0,17446.00620956281,RELATIVE_MOMENTUM_1X_weekly_189D,after_tax
2012-07-16,QQQ,-2557.6223424584605,17870.997569119267,0.0,17446.00620956281,RELATIVE_MOMENTUM_1X_weekly_189D,after_tax
2012-07-30,SPY,3269.942635463027,14601.05493365624,0.0,17446.00620956281,RELATIVE_MOMENTUM_1X_weekly_189D,after_tax
2012-10-31,QQQ,853.2579194463615,13747.797014209878,0.0,17446.00620956281,RELATIVE_MOMENTUM_1X_weekly_189D,after_tax
2013-09-09,SPY,29713.070499722788,0.0,3243.3453085819474,20689.35151814476,RELATIVE_MOMENTUM_1X_weekly_189D,after_tax
2013-09-16,QQQ,3238.7151260407118,0.0,657.9449778551706,21347.29649599993,RELATIVE_MOMENTUM_1X_weekly_189D,after_tax
2013-09-30,SPY,-3254.5844065920683,3254.5844065920683,0.0,21347.29649599993,RELATIVE_MOMENTUM_1X_weekly_189D,after_tax
2015-09-08,QQQ,65002.74130631634,0.0,12544.138074178985,33891.43457017891,RELATIVE_MOMENTUM_1X_weekly_189D,after_tax
2015-09-28,QQQ,-7327.985150004737,7327.985150004737,0.0,33891.43457017891,RELATIVE_MOMENTUM_1X_weekly_189D,after_tax
2016-01-11,QQQ,398.13608279207256,6929.8490672126645,0.0,33891.43457017891,RELATIVE_MOMENTUM_1X_weekly_189D,after_tax
2016-04-18,QQQ,-307.6888904988009,7237.537957711465,0.0,33891.43457017891,RELATIVE_MOMENTUM_1X_weekly_189D,after_tax
2016-05-02,SPY,-1676.3159291122865,8913.853886823752,0.0,33891.43457017891,RELATIVE_MOMENTUM_1X_weekly_189D,after_tax
2016-05-16,SPY,-887.925089675904,9801.778976499656,0.0,33891.43457017891,RELATIVE_MOMENTUM_1X_weekly_189D,after_tax
2016-10-10,SPY,13738.722425711574,0.0,799.7900617074012,34691.22463188632,RELATIVE_MOMENTUM_1X_weekly_189D,after_tax
2016-12-05,QQQ,-5741.788263812487,5741.788263812487,0.0,34691.22463188632,RELATIVE_MOMENTUM_1X_weekly_189D,after_tax
2016-12-19,SPY,5951.352979735879,0.0,42.57307203983713,34733.79770392615,RELATIVE_MOMENTUM_1X_weekly_189D,after_tax
2016-12-27,QQQ,1222.667838337744,0.0,248.38497135831267,34982.182675284464,RELATIVE_MOMENTUM_1X_weekly_189D,after_tax
2017-01-17,SPY,66.90068486219388,0.0,13.590874129754688,34995.77354941422,RELATIVE_MOMENTUM_1X_weekly_189D,after_tax
2018-10-29,QQQ,94050.87956710608,0.0,19106.4361840576,54102.20973347181,RELATIVE_MOMENTUM_1X_weekly_189D,after_tax
2018-11-19,QQQ,-5645.257233738026,5645.257233738026,0.0,54102.20973347181,RELATIVE_MOMENTUM_1X_weekly_189D,after_tax
2018-11-26,SPY,-8460.692374224076,14105.949607962102,0.0,54102.20973347181,RELATIVE_MOMENTUM_1X_weekly_189D,after_tax
2018-12-10,SPY,-18265.62105186266,32371.570659824763,0.0,54102.20973347181,RELATIVE_MOMENTUM_1X_weekly_189D,after_tax
2019-02-11,QQQ,8427.885452982096,23943.685206842667,0.0,54102.20973347181,RELATIVE_MOMENTUM_1X_weekly_189D,after_tax
2019-04-01,SPY,15378.920408191858,8564.76479865081,0.0,54102.20973347181,RELATIVE_MOMENTUM_1X_weekly_189D,after_tax
2019-04-15,QQQ,6933.0513679365395,1631.7134307142696,0.0,54102.20973347181,RELATIVE_MOMENTUM_1X_weekly_189D,after_tax
2019-04-22,SPY,-1454.1974734488758,3085.9109041631455,0.0,54102.20973347181,RELATIVE_MOMENTUM_1X_weekly_189D,after_tax
2019-05-13,QQQ,-10703.973295234377,13789.884199397522,0.0,54102.20973347181,RELATIVE_MOMENTUM_1X_weekly_189D,after_tax
2019-06-03,SPY,-7803.735469650186,21593.619669047708,0.0,54102.20973347181,RELATIVE_MOMENTUM_1X_weekly_189D,after_tax
2019-06-24,SPY,6021.318342414044,15572.301326633664,0.0,54102.20973347181,RELATIVE_MOMENTUM_1X_weekly_189D,after_tax
2019-07-01,QQQ,2517.2816573774326,13055.019669256231,0.0,54102.20973347181,RELATIVE_MOMENTUM_1X_weekly_189D,after_tax
2019-07-15,SPY,4183.631428527762,8871.38824072847,0.0,54102.20973347181,RELATIVE_MOMENTUM_1X_weekly_189D,after_tax
2020-03-23,QQQ,-34638.15285687341,43509.541097601876,0.0,54102.20973347181,RELATIVE_MOMENTUM_1X_weekly_189D,after_tax
2021-03-29,QQQ,156728.00063279475,0.0,23000.33005457443,77102.53978804624,RELATIVE_MOMENTUM_1X_weekly_189D,after_tax
2021-04-19,SPY,21880.76591728098,0.0,4445.077596095631,81547.61738414186,RELATIVE_MOMENTUM_1X_weekly_189D,after_tax
2021-05-03,QQQ,-1848.9801285261055,1848.9801285261055,0.0,81547.61738414186,RELATIVE_MOMENTUM_1X_weekly_189D,after_tax
2021-06-21,SPY,-1678.645773959579,3527.6259024856845,0.0,81547.61738414186,RELATIVE_MOMENTUM_1X_weekly_189D,after_tax
2021-06-28,QQQ,9725.944418681553,0.0,1259.1884065651907,82806.80579070706,RELATIVE_MOMENTUM_1X_weekly_189D,after_tax
2021-07-12,SPY,7781.382461861882,0.0,1580.7878471272413,84387.5936378343,RELATIVE_MOMENTUM_1X_weekly_189D,after_tax
2021-07-19,QQQ,-10409.683466867195,10409.683466867195,0.0,84387.5936378343,RELATIVE_MOMENTUM_1X_weekly_189D,after_tax
2021-07-26,SPY,12514.408805958228,0.0,427.5749526363435,84815.16859047065,RELATIVE_MOMENTUM_1X_weekly_189D,after_tax
2021-08-02,QQQ,-1855.7565548341372,1855.7565548341372,0.0,84815.16859047065,RELATIVE_MOMENTUM_1X_weekly_189D,after_tax
2021-08-16,SPY,3664.7652513134526,0.0,367.50011668977294,85182.66870716042,RELATIVE_MOMENTUM_1X_weekly_189D,after_tax
2021-09-27,QQQ,3034.5856036952464,0.0,616.4760653906893,85799.14477255111,RELATIVE_MOMENTUM_1X_weekly_189D,after_tax
2021-11-22,SPY,27218.70140071801,0.0,5529.479189555864,91328.62396210697,RELATIVE_MOMENTUM_1X_weekly_189D,after_tax
2022-01-10,QQQ,-34625.90623734472,34625.90623734472,0.0,91328.62396210697,RELATIVE_MOMENTUM_1X_weekly_189D,after_tax
2022-02-07,SPY,-12486.959028553276,47112.865265898,0.0,91328.62396210697,RELATIVE_MOMENTUM_1X_weekly_189D,after_tax
2022-02-14,QQQ,-14302.889830922242,61415.75509682024,0.0,91328.62396210697,RELATIVE_MOMENTUM_1X_weekly_189D,after_tax
2022-03-14,SPY,-17544.991851180268,78960.74694800051,0.0,91328.62396210697,RELATIVE_MOMENTUM_1X_weekly_189D,after_tax
2022-04-25,SPY,-18004.54982788005,96965.29677588056,0.0,91328.62396210697,RELATIVE_MOMENTUM_1X_weekly_189D,after_tax
2023-02-27,SPY,-8175.783329789934,105141.0801056705,0.0,91328.62396210697,RELATIVE_MOMENTUM_1X_weekly_189D,after_tax
2023-03-06,QQQ,6664.356076916389,98476.7240287541,0.0,91328.62396210697,RELATIVE_MOMENTUM_1X_weekly_189D,after_tax
2023-04-24,QQQ,13956.727301256324,84519.99672749778,0.0,91328.62396210697,RELATIVE_MOMENTUM_1X_weekly_189D,after_tax
2023-05-01,SPY,2780.0058221510844,81739.9909053467,0.0,91328.62396210697,RELATIVE_MOMENTUM_1X_weekly_189D,after_tax
2023-05-08,QQQ,9.057198023539968,81730.93370732316,0.0,91328.62396210697,RELATIVE_MOMENTUM_1X_weekly_189D,after_tax
2023-05-15,SPY,-1059.449474033434,82790.38318135659,0.0,91328.62396210697,RELATIVE_MOMENTUM_1X_weekly_189D,after_tax
2024-04-22,QQQ,108614.20651006937,0.0,5246.1097092280015,96574.73367133497,RELATIVE_MOMENTUM_1X_weekly_189D,after_tax
2024-04-29,SPY,11301.285499049292,0.0,2295.8561491318637,98870.58982046683,RELATIVE_MOMENTUM_1X_weekly_189D,after_tax
2024-07-29,QQQ,37002.13601354271,0.0,7516.983931151201,106387.57375161804,RELATIVE_MOMENTUM_1X_weekly_189D,after_tax
2024-12-09,SPY,59615.13702334976,0.0,12110.815086293504,118498.38883791154,RELATIVE_MOMENTUM_1X_weekly_189D,after_tax
2025-03-03,QQQ,-14741.897536543082,14741.897536543082,0.0,118498.38883791154,RELATIVE_MOMENTUM_1X_weekly_189D,after_tax
2025-04-07,SPY,-97808.86741555668,112550.76495209977,0.0,118498.38883791154,RELATIVE_MOMENTUM_1X_weekly_189D,after_tax
2025-05-05,SPY,8708.68776817451,103842.07718392526,0.0,118498.38883791154,RELATIVE_MOMENTUM_1X_weekly_189D,after_tax
2026-02-17,QQQ,109694.47586949036,0.0,1188.9147929725505,119687.30363088408,RELATIVE_MOMENTUM_1X_weekly_189D,after_tax
2026-02-23,SPY,5863.0994340092875,0.0,1191.0886500189868,120878.39228090306,RELATIVE_MOMENTUM_1X_weekly_189D,after_tax
2026-03-02,QQQ,-7901.725245390669,7901.725245390669,0.0,120878.39228090306,RELATIVE_MOMENTUM_1X_weekly_189D,after_tax
2026-03-09,SPY,-10825.958776701707,18727.684022092377,0.0,120878.39228090306,RELATIVE_MOMENTUM_1X_weekly_189D,after_tax
2026-03-30,QQQ,-24958.142974666087,43685.826996758464,0.0,120878.39228090306,RELATIVE_MOMENTUM_1X_weekly_189D,after_tax
2026-04-06,SPY,12508.716314262478,31177.110682495986,0.0,120878.39228090306,RELATIVE_MOMENTUM_1X_weekly_189D,after_tax
2026-08-03,QQQ,94599.68178295356,0.0,12884.295319057956,133762.687599961,RELATIVE_MOMENTUM_1X_weekly_189D,after_tax
2026-08-10,SPY,18660.85550242325,0.0,3790.952795317283,137553.6403952783,RELATIVE_MOMENTUM_1X_weekly_189D,after_tax
2007-06-11,SPY,23298.55502978734,0.0,4733.101454301298,4733.101454301298,RELATIVE_MOMENTUM_1X_weekly_252D,after_tax
2008-02-11,QQQ,-7716.821514109921,7716.821514109921,0.0,4733.101454301298,RELATIVE_MOMENTUM_1X_weekly_252D,after_tax
2008-04-14,QQQ,1309.8354935268435,6406.986020583077,0.0,4733.101454301298,RELATIVE_MOMENTUM_1X_weekly_252D,after_tax
2008-06-23,QQQ,2347.083030064925,4059.9029905181524,0.0,4733.101454301298,RELATIVE_MOMENTUM_1X_weekly_252D,after_tax
2008-09-02,QQQ,-3501.19519590828,7561.098186426432,0.0,4733.101454301298,RELATIVE_MOMENTUM_1X_weekly_252D,after_tax
2011-06-20,QQQ,32018.798989398798,0.0,4968.581918123836,9701.683372425134,RELATIVE_MOMENTUM_1X_weekly_252D,after_tax
2011-06-27,SPY,156.11795573073323,0.0,31.715362706698453,9733.398735131832,RELATIVE_MOMENTUM_1X_weekly_252D,after_tax
2012-10-08,QQQ,37905.523604685266,0.0,7700.507120291812,17433.905855423644,RELATIVE_MOMENTUM_1X_weekly_252D,after_tax
2012-11-26,SPY,-5887.162506362045,5887.162506362045,0.0,17433.905855423644,RELATIVE_MOMENTUM_1X_weekly_252D,after_tax
2012-12-10,QQQ,-137.2583688615705,6024.420875223615,0.0,17433.905855423644,RELATIVE_MOMENTUM_1X_weekly_252D,after_tax
2012-12-24,SPY,1298.2268373712432,4726.194037852372,0.0,17433.905855423644,RELATIVE_MOMENTUM_1X_weekly_252D,after_tax
2013-01-22,QQQ,5141.224556139932,0.0,84.3134497901178,17518.219305213763,RELATIVE_MOMENTUM_1X_weekly_252D,after_tax
2013-10-28,SPY,34082.43435657499,0.0,6923.846539538209,24442.06584475197,RELATIVE_MOMENTUM_1X_weekly_252D,after_tax
2016-02-08,QQQ,37941.09767392397,0.0,7707.7339924576545,32149.799837209626,RELATIVE_MOMENTUM_1X_weekly_252D,after_tax
2016-04-25,QQQ,5910.855075366009,0.0,1200.7902085606047,33350.59004577023,RELATIVE_MOMENTUM_1X_weekly_252D,after_tax
2016-05-16,SPY,-3884.3325951410807,3884.3325951410807,0.0,33350.59004577023,RELATIVE_MOMENTUM_1X_weekly_252D,after_tax
2016-06-20,SPY,-930.9991714814096,4815.33176662249,0.0,33350.59004577023,RELATIVE_MOMENTUM_1X_weekly_252D,after_tax
2016-08-15,SPY,10514.4758586541,0.0,1157.7811222962214,34508.37116806645,RELATIVE_MOMENTUM_1X_weekly_252D,after_tax
2016-09-12,QQQ,-7668.64698963688,7668.64698963688,0.0,34508.37116806645,RELATIVE_MOMENTUM_1X_weekly_252D,after_tax
2016-09-19,SPY,2794.269510717393,4874.377478919487,0.0,34508.37116806645,RELATIVE_MOMENTUM_1X_weekly_252D,after_tax
2016-11-07,QQQ,-4342.298639693327,9216.676118612813,0.0,34508.37116806645,RELATIVE_MOMENTUM_1X_weekly_252D,after_tax
2017-01-30,SPY,22484.586967149255,0.0,2695.376088880178,37203.747256946626,RELATIVE_MOMENTUM_1X_weekly_252D,after_tax
2018-11-26,QQQ,75076.97273893829,0.0,15251.887011915313,52455.63426886194,RELATIVE_MOMENTUM_1X_weekly_252D,after_tax
2018-12-03,SPY,16358.68443161028,0.0,3323.2667422816285,55778.90101114357,RELATIVE_MOMENTUM_1X_weekly_252D,after_tax
2018-12-24,QQQ,-49277.16339245479,49277.16339245479,0.0,55778.90101114357,RELATIVE_MOMENTUM_1X_weekly_252D,after_tax
2019-01-28,QQQ,-1976.24479766679,51253.40819012158,0.0,55778.90101114357,RELATIVE_MOMENTUM_1X_weekly_252D,after_tax
2019-03-04,QQQ,9796.5083581293,41456.89983199228,0.0,55778.90101114357,RELATIVE_MOMENTUM_1X_weekly_252D,after_tax
2019-03-18,SPY,893.7170251579373,40563.182806834346,0.0,55778.90101114357,RELATIVE_MOMENTUM_1X_weekly_252D,after_tax
2019-06-10,QQQ,6438.354843850422,34124.82796298392,0.0,55778.90101114357,RELATIVE_MOMENTUM_1X_weekly_252D,after_tax
2019-07-01,SPY,8317.568509428296,25807.259453555627,0.0,55778.90101114357,RELATIVE_MOMENTUM_1X_weekly_252D,after_tax
2019-07-15,QQQ,5335.7903821726795,20471.469071382948,0.0,55778.90101114357,RELATIVE_MOMENTUM_1X_weekly_252D,after_tax
2019-08-05,SPY,-13203.563730185968,33675.032801568916,0.0,55778.90101114357,RELATIVE_MOMENTUM_1X_weekly_252D,after_tax
2019-08-12,QQQ,2680.8908619260183,30994.141939642897,0.0,55778.90101114357,RELATIVE_MOMENTUM_1X_weekly_252D,after_tax
2019-09-09,SPY,8814.907573364151,22179.234366278746,0.0,55778.90101114357,RELATIVE_MOMENTUM_1X_weekly_252D,after_tax
2019-09-30,QQQ,-6496.3962415376445,28675.63060781639,0.0,55778.90101114357,RELATIVE_MOMENTUM_1X_weekly_252D,after_tax
2019-10-14,SPY,-329.02365898515563,29004.654266801546,0.0,55778.90101114357,RELATIVE_MOMENTUM_1X_weekly_252D,after_tax
2020-03-23,QQQ,-29391.654961252236,58396.30922805378,0.0,55778.90101114357,RELATIVE_MOMENTUM_1X_weekly_252D,after_tax
2021-05-17,QQQ,193228.1062714429,0.0,27391.079569364498,83169.98058050807,RELATIVE_MOMENTUM_1X_weekly_252D,after_tax
2021-05-24,SPY,1572.8566071478417,0.0,319.525819742084,83489.50640025015,RELATIVE_MOMENTUM_1X_weekly_252D,after_tax
2021-07-12,QQQ,43009.11685065308,0.0,8737.302088210174,92226.80848846032,RELATIVE_MOMENTUM_1X_weekly_252D,after_tax
2021-07-19,SPY,-10250.28349777998,10250.28349777998,0.0,92226.80848846032,RELATIVE_MOMENTUM_1X_weekly_252D,after_tax
2021-08-23,QQQ,18340.107957848697,0.0,1643.44783906296,93870.25632752328,RELATIVE_MOMENTUM_1X_weekly_252D,after_tax
2021-09-07,SPY,7465.020025066973,0.0,1516.5188180923556,95386.77514561564,RELATIVE_MOMENTUM_1X_weekly_252D,after_tax
2021-10-04,QQQ,-28723.03119607456,28723.03119607456,0.0,95386.77514561564,RELATIVE_MOMENTUM_1X_weekly_252D,after_tax
2021-11-08,SPY,37270.50361698278,0.0,1736.4190223075047,97123.19416792314,RELATIVE_MOMENTUM_1X_weekly_252D,after_tax
2021-12-20,QQQ,-22801.012223935802,22801.012223935802,0.0,97123.19416792314,RELATIVE_MOMENTUM_1X_weekly_252D,after_tax
2022-05-09,SPY,-48920.839602549386,71721.85182648519,0.0,97123.19416792314,RELATIVE_MOMENTUM_1X_weekly_252D,after_tax
2022-06-06,SPY,806.8526107486687,70914.99921573652,0.0,97123.19416792314,RELATIVE_MOMENTUM_1X_weekly_252D,after_tax
2023-05-08,QQQ,9.864396916760597,70905.13481881976,0.0,97123.19416792314,RELATIVE_MOMENTUM_1X_weekly_252D,after_tax
2024-09-09,QQQ,164831.57656342385,0.0,19081.15664041632,116204.35080833946,RELATIVE_MOMENTUM_1X_weekly_252D,after_tax
2024-09-16,SPY,16867.079317657743,0.0,3426.5471633821703,119630.89797172163,RELATIVE_MOMENTUM_1X_weekly_252D,after_tax
2024-10-07,QQQ,14912.758440464153,0.0,3029.5268771802926,122660.42484890192,RELATIVE_MOMENTUM_1X_weekly_252D,after_tax
2024-10-28,SPY,10881.869840226951,0.0,2210.6518580421052,124871.07670694403,RELATIVE_MOMENTUM_1X_weekly_252D,after_tax
2024-11-18,QQQ,-979.5514394295169,979.5514394295169,0.0,124871.07670694403,RELATIVE_MOMENTUM_1X_weekly_252D,after_tax
2024-12-09,SPY,20955.283352461993,0.0,4058.0699381325476,128929.14664507659,RELATIVE_MOMENTUM_1X_weekly_252D,after_tax
2025-01-27,QQQ,-16409.426063329447,16409.426063329447,0.0,128929.14664507659,RELATIVE_MOMENTUM_1X_weekly_252D,after_tax
2025-02-18,SPY,15316.480301443953,1092.945761885494,0.0,128929.14664507659,RELATIVE_MOMENTUM_1X_weekly_252D,after_tax
2025-03-03,QQQ,-32174.768383831833,33267.71414571733,0.0,128929.14664507659,RELATIVE_MOMENTUM_1X_weekly_252D,after_tax
2025-04-07,SPY,-101789.84831274528,135057.5624584626,0.0,128929.14664507659,RELATIVE_MOMENTUM_1X_weekly_252D,after_tax
2025-04-28,SPY,5873.124021290627,129184.43843717198,0.0,128929.14664507659,RELATIVE_MOMENTUM_1X_weekly_252D,after_tax
2025-06-23,QQQ,54243.63798541296,74940.80045175902,0.0,128929.14664507659,RELATIVE_MOMENTUM_1X_weekly_252D,after_tax
2025-06-30,SPY,19377.149471667944,55563.65098009107,0.0,128929.14664507659,RELATIVE_MOMENTUM_1X_weekly_252D,after_tax
2025-07-07,QQQ,1703.3905000898521,53860.26048000122,0.0,128929.14664507659,RELATIVE_MOMENTUM_1X_weekly_252D,after_tax
2025-07-21,SPY,4233.10745351098,49627.15302649024,0.0,128929.14664507659,RELATIVE_MOMENTUM_1X_weekly_252D,after_tax
2026-02-23,QQQ,44913.57407816965,4713.578948320588,0.0,128929.14664507659,RELATIVE_MOMENTUM_1X_weekly_252D,after_tax
2026-03-02,SPY,-8570.307605029782,13283.88655335037,0.0,128929.14664507659,RELATIVE_MOMENTUM_1X_weekly_252D,after_tax
2006-12-01,SPY,13715.335357566044,0.0,2786.2703778895416,2786.2703778895416,RELATIVE_MOMENTUM_1X_monthly_126D,after_tax
2007-01-03,QQQ,-1337.521068404225,1337.521068404225,0.0,2786.2703778895416,RELATIVE_MOMENTUM_1X_monthly_126D,after_tax
2007-02-01,SPY,1352.7255481519824,0.0,3.088790060756922,2789.3591679502983,RELATIVE_MOMENTUM_1X_monthly_126D,after_tax
2007-04-02,QQQ,-1544.0888230659475,1544.0888230659475,0.0,2789.3591679502983,RELATIVE_MOMENTUM_1X_monthly_126D,after_tax
2007-05-01,SPY,4703.177187173103,0.0,641.7688011683687,3431.127969118667,RELATIVE_MOMENTUM_1X_monthly_126D,after_tax
2007-06-01,QQQ,3856.2968920376443,0.0,783.4067136174474,4214.5346827361145,RELATIVE_MOMENTUM_1X_monthly_126D,after_tax
2007-07-02,SPY,-1901.7302556285722,1901.7302556285722,0.0,4214.5346827361145,RELATIVE_MOMENTUM_1X_monthly_126D,after_tax
2008-02-01,QQQ,-5248.398832439634,7150.129088068206,0.0,4214.5346827361145,RELATIVE_MOMENTUM_1X_monthly_126D,after_tax
2008-10-01,QQQ,-16061.446413484926,23211.575501553132,0.0,4214.5346827361145,RELATIVE_MOMENTUM_1X_monthly_126D,after_tax
2010-02-01,QQQ,23835.22328138379,0.0,126.69404647259832,4341.228729208713,RELATIVE_MOMENTUM_1X_monthly_126D,after_tax
2010-03-01,SPY,3180.110071354866,0.0,646.0393609957409,4987.268090204454,RELATIVE_MOMENTUM_1X_monthly_126D,after_tax
2010-07-01,QQQ,-5189.753835280557,5189.753835280557,0.0,4987.268090204454,RELATIVE_MOMENTUM_1X_monthly_126D,after_tax
2010-09-01,QQQ,-5754.574159762196,10944.327995042753,0.0,4987.268090204454,RELATIVE_MOMENTUM_1X_monthly_126D,after_tax
2011-05-02,QQQ,21582.224746750973,0.0,2161.088725109525,7148.356815313979,RELATIVE_MOMENTUM_1X_monthly_126D,after_tax
2011-08-01,SPY,-5336.373533011603,5336.373533011603,0.0,7148.356815313979,RELATIVE_MOMENTUM_1X_monthly_126D,after_tax
2011-09-01,QQQ,-7431.46406228852,12767.837595300123,0.0,7148.356815313979,RELATIVE_MOMENTUM_1X_monthly_126D,after_tax
2012-10-01,QQQ,15949.241815970105,0.0,646.3022674291067,7794.6590827430855,RELATIVE_MOMENTUM_1X_monthly_126D,after_tax
2013-08-01,SPY,25455.465492881733,0.0,5171.277814878924,12965.93689762201,RELATIVE_MOMENTUM_1X_monthly_126D,after_tax
2014-05-01,QQQ,24245.246045473905,0.0,4925.421734138024,17891.358631760035,RELATIVE_MOMENTUM_1X_monthly_126D,after_tax
2014-06-02,SPY,4102.2448133615835,0.0,833.3710338344057,18724.72966559444,RELATIVE_MOMENTUM_1X_monthly_126D,after_tax
2015-09-01,QQQ,21925.36554861834,0.0,4454.138011201816,23178.867676796257,RELATIVE_MOMENTUM_1X_monthly_126D,after_tax
2016-02-01,QQQ,-16444.464068061177,16444.464068061177,0.0,23178.867676796257,RELATIVE_MOMENTUM_1X_monthly_126D,after_tax
2016-05-02,SPY,2017.6850300759543,14426.779037985223,0.0,23178.867676796257,RELATIVE_MOMENTUM_1X_monthly_126D,after_tax
2016-09-01,SPY,7732.510850895371,6694.268187089852,0.0,23178.867676796257,RELATIVE_MOMENTUM_1X_monthly_126D,after_tax
2017-12-01,QQQ,62463.80259183832,0.0,11329.580914324652,34508.448591120905,RELATIVE_MOMENTUM_1X_monthly_126D,after_tax
2018-01-02,SPY,3715.7982474720047,0.0,754.8644139739378,35263.313005094846,RELATIVE_MOMENTUM_1X_monthly_126D,after_tax
2018-12-03,QQQ,26396.308380290167,0.0,5362.410047455947,40625.72305255079,RELATIVE_MOMENTUM_1X_monthly_126D,after_tax
2019-01-02,SPY,-30638.72886736426,30638.72886736426,0.0,40625.72305255079,RELATIVE_MOMENTUM_1X_monthly_126D,after_tax
2019-10-01,QQQ,-801.1575819160207,31439.886449280282,0.0,40625.72305255079,RELATIVE_MOMENTUM_1X_monthly_126D,after_tax
2019-12-02,SPY,12657.550056337233,18782.33639294305,0.0,40625.72305255079,RELATIVE_MOMENTUM_1X_monthly_126D,after_tax
2021-03-01,QQQ,136467.9894099696,0.0,23907.840410408942,64533.56346295973,RELATIVE_MOMENTUM_1X_monthly_126D,after_tax
2021-09-01,SPY,63633.40295657987,0.0,12927.1258106292,77460.68927358894,RELATIVE_MOMENTUM_1X_monthly_126D,after_tax
2022-02-01,QQQ,-17068.648655728495,17068.648655728495,0.0,77460.68927358894,RELATIVE_MOMENTUM_1X_monthly_126D,after_tax
2022-03-01,SPY,-13795.253699441266,30863.90235516976,0.0,77460.68927358894,RELATIVE_MOMENTUM_1X_monthly_126D,after_tax
2022-05-02,SPY,-34270.232661864255,65134.135017034016,0.0,77460.68927358894,RELATIVE_MOMENTUM_1X_monthly_126D,after_tax
2023-02-01,SPY,-1745.0937575321877,66879.2287745662,0.0,77460.68927358894,RELATIVE_MOMENTUM_1X_monthly_126D,after_tax
2024-06-03,QQQ,146275.7884452829,0.0,16129.411097106096,93590.10037069504,RELATIVE_MOMENTUM_1X_monthly_126D,after_tax
2024-07-01,SPY,15737.084800073411,0.0,3196.9887771349136,96787.08914782996,RELATIVE_MOMENTUM_1X_monthly_126D,after_tax
2024-08-01,QQQ,-8744.320395155693,8744.320395155693,0.0,96787.08914782996,RELATIVE_MOMENTUM_1X_monthly_126D,after_tax
2024-11-01,SPY,16984.066831943754,0.0,1673.9044886334943,98460.99363646345,RELATIVE_MOMENTUM_1X_monthly_126D,after_tax
2024-12-02,QQQ,25035.80742680625,0.0,5086.024278755689,103547.01791521914,RELATIVE_MOMENTUM_1X_monthly_126D,after_tax
2025-02-03,SPY,-7470.798264603887,7470.798264603887,0.0,103547.01791521914,RELATIVE_MOMENTUM_1X_monthly_126D,after_tax
2025-04-01,QQQ,-44618.46688919631,52089.265153800196,0.0,103547.01791521914,RELATIVE_MOMENTUM_1X_monthly_126D,after_tax
2026-03-02,QQQ,73003.98783016548,0.0,4248.825911703608,107795.84382692275,RELATIVE_MOMENTUM_1X_monthly_126D,after_tax
2026-04-01,SPY,-18233.447706795414,18233.447706795414,0.0,107795.84382692275,RELATIVE_MOMENTUM_1X_monthly_126D,after_tax
2007-05-01,SPY,21247.997949245124,0.0,4316.530783389147,4316.530783389147,RELATIVE_MOMENTUM_1X_monthly_189D,after_tax
2008-02-01,QQQ,-1039.9171877325862,1039.9171877325862,0.0,4316.530783389147,RELATIVE_MOMENTUM_1X_monthly_189D,after_tax
2008-07-01,QQQ,-11894.561204390106,12934.478392122692,0.0,4316.530783389147,RELATIVE_MOMENTUM_1X_monthly_189D,after_tax
2011-07-01,QQQ,47069.553164436875,0.0,6934.540439995626,11251.071223384773,RELATIVE_MOMENTUM_1X_monthly_189D,after_tax
2011-08-01,SPY,-1506.657330133079,1506.657330133079,0.0,11251.071223384773,RELATIVE_MOMENTUM_1X_monthly_189D,after_tax
2011-10-03,QQQ,-16122.761783041991,17629.41911317507,0.0,11251.071223384773,RELATIVE_MOMENTUM_1X_monthly_189D,after_tax
2011-12-01,QQQ,-439.430104179919,18068.84921735499,0.0,11251.071223384773,RELATIVE_MOMENTUM_1X_monthly_189D,after_tax
2012-11-01,QQQ,10069.302915624692,7999.546301730297,0.0,11251.071223384773,RELATIVE_MOMENTUM_1X_monthly_189D,after_tax
2013-10-01,SPY,28828.94394795358,0.0,4231.4921318302595,15482.563355215032,RELATIVE_MOMENTUM_1X_monthly_189D,after_tax
2015-09-01,QQQ,51096.69009828323,0.0,10380.292593466238,25862.85594868127,RELATIVE_MOMENTUM_1X_monthly_189D,after_tax
2016-02-01,QQQ,-17351.265538014297,17351.265538014297,0.0,25862.85594868127,RELATIVE_MOMENTUM_1X_monthly_189D,after_tax
2016-05-02,QQQ,-4504.753331232088,21856.018869246385,0.0,25862.85594868127,RELATIVE_MOMENTUM_1X_monthly_189D,after_tax
2016-11-01,SPY,4966.794666115922,16889.224203130463,0.0,25862.85594868127,RELATIVE_MOMENTUM_1X_monthly_189D,after_tax
2017-01-03,QQQ,3642.871148290782,13246.353054839681,0.0,25862.85594868127,RELATIVE_MOMENTUM_1X_monthly_189D,after_tax
2017-02-01,SPY,1892.211886312114,11354.141168527567,0.0,25862.85594868127,RELATIVE_MOMENTUM_1X_monthly_189D,after_tax
2018-12-03,QQQ,75818.34589108842,0.0,13095.903189388238,38958.75913806951,RELATIVE_MOMENTUM_1X_monthly_189D,after_tax
2019-01-02,SPY,-29866.28835794187,29866.28835794187,0.0,38958.75913806951,RELATIVE_MOMENTUM_1X_monthly_189D,after_tax
2019-03-01,QQQ,9240.965471487783,20625.322886454087,0.0,38958.75913806951,RELATIVE_MOMENTUM_1X_monthly_189D,after_tax
2019-04-01,SPY,4328.7431305671635,16296.579755886924,0.0,38958.75913806951,RELATIVE_MOMENTUM_1X_monthly_189D,after_tax
2019-06-03,QQQ,-10689.470281346003,26986.050037232926,0.0,38958.75913806951,RELATIVE_MOMENTUM_1X_monthly_189D,after_tax
2019-08-01,SPY,473.8248010139214,26512.225236219005,0.0,38958.75913806951,RELATIVE_MOMENTUM_1X_monthly_189D,after_tax
2021-04-01,QQQ,159505.01033472866,0.0,27017.484292762238,65976.24343083175,RELATIVE_MOMENTUM_1X_monthly_189D,after_tax
2021-09-01,SPY,49699.965453978046,0.0,10096.54798197564,76072.79141280739,RELATIVE_MOMENTUM_1X_monthly_189D,after_tax
2021-10-01,QQQ,-23421.440969844174,23421.440969844174,0.0,76072.79141280739,RELATIVE_MOMENTUM_1X_monthly_189D,after_tax
2021-12-01,SPY,26274.15381459915,0.0,579.5286144119735,76652.32002721936,RELATIVE_MOMENTUM_1X_monthly_189D,after_tax
2022-02-01,QQQ,-33951.47432144015,33951.47432144015,0.0,76652.32002721936,RELATIVE_MOMENTUM_1X_monthly_189D,after_tax
2022-05-02,SPY,-30711.185849415895,64662.66017085605,0.0,76652.32002721936,RELATIVE_MOMENTUM_1X_monthly_189D,after_tax
2024-09-03,QQQ,166407.49522118096,0.0,20669.463240473506,97321.78326769287,RELATIVE_MOMENTUM_1X_monthly_189D,after_tax
2025-01-02,SPY,27612.23821054946,0.0,5609.426192473123,102931.20946016599,RELATIVE_MOMENTUM_1X_monthly_189D,after_tax
2025-03-03,QQQ,-3223.7311571417376,3223.7311571417376,0.0,102931.20946016599,RELATIVE_MOMENTUM_1X_monthly_189D,after_tax
2025-05-01,SPY,-29120.505314708455,32344.236471850192,0.0,102931.20946016599,RELATIVE_MOMENTUM_1X_monthly_189D,after_tax
2026-03-02,QQQ,114083.79642198712,0.0,16605.391603870317,119536.60106403631,RELATIVE_MOMENTUM_1X_monthly_189D,after_tax
2026-05-01,SPY,36710.06245146273,0.0,7457.649187014653,126994.25025105097,RELATIVE_MOMENTUM_1X_monthly_189D,after_tax
2026-08-03,QQQ,17168.893762004795,0.0,3487.860767751274,130482.11101880224,RELATIVE_MOMENTUM_1X_monthly_189D,after_tax
2007-07-02,SPY,23780.65522965601,0.0,4831.0401099046185,4831.0401099046185,RELATIVE_MOMENTUM_1X_monthly_252D,after_tax
2008-03-03,QQQ,-11882.232989196957,11882.232989196957,0.0,4831.0401099046185,RELATIVE_MOMENTUM_1X_monthly_252D,after_tax
2008-07-01,QQQ,907.3908151112701,10974.842174085687,0.0,4831.0401099046185,RELATIVE_MOMENTUM_1X_monthly_252D,after_tax
2012-11-01,QQQ,64083.63838324879,0.0,10789.051949891485,15620.092059796105,RELATIVE_MOMENTUM_1X_monthly_252D,after_tax
2012-12-03,SPY,1146.8769676099764,0.0,232.9880559699667,15853.080115766072,RELATIVE_MOMENTUM_1X_monthly_252D,after_tax
2013-02-01,QQQ,3271.0100253835844,0.0,664.5056866566752,16517.585802422745,RELATIVE_MOMENTUM_1X_monthly_252D,after_tax
2013-11-01,SPY,30383.283834358357,0.0,6172.3641109499,22689.949913372646,RELATIVE_MOMENTUM_1X_monthly_252D,after_tax
2016-03-01,QQQ,52989.34945547581,0.0,10764.78634187991,33454.73625525256,RELATIVE_MOMENTUM_1X_monthly_252D,after_tax
2016-05-02,QQQ,-5658.015856955695,5658.015856955695,0.0,33454.73625525256,RELATIVE_MOMENTUM_1X_monthly_252D,after_tax
2016-09-01,SPY,12385.932481630705,0.0,1366.7762623027284,34821.51251755529,RELATIVE_MOMENTUM_1X_monthly_252D,after_tax
2016-11-01,QQQ,1799.9549294342287,0.0,365.66084391456354,35187.17336146985,RELATIVE_MOMENTUM_1X_monthly_252D,after_tax
2017-02-01,SPY,17563.84650833209,0.0,3568.0954181676643,38755.26877963752,RELATIVE_MOMENTUM_1X_monthly_252D,after_tax
2019-01-02,QQQ,56349.95185945422,0.0,11447.492720248125,50202.761499885644,RELATIVE_MOMENTUM_1X_monthly_252D,after_tax
2019-09-03,QQQ,34520.89201395889,0.0,7012.919212635748,57215.680712521396,RELATIVE_MOMENTUM_1X_monthly_252D,after_tax
2019-11-01,SPY,17252.47713270079,0.0,3504.8407295081656,60720.52144202956,RELATIVE_MOMENTUM_1X_monthly_252D,after_tax
2021-09-01,QQQ,318913.0675359165,0.0,64787.18966992144,125507.71111195101,RELATIVE_MOMENTUM_1X_monthly_252D,after_tax
2021-12-01,SPY,13213.527630625991,0.0,2684.3281381616703,128192.03925011268,RELATIVE_MOMENTUM_1X_monthly_252D,after_tax
2022-01-03,QQQ,1332.3745814899448,0.0,270.67189622968226,128462.71114634236,RELATIVE_MOMENTUM_1X_monthly_252D,after_tax
2022-06-01,SPY,-76397.93706845364,76397.93706845364,0.0,128462.71114634236,RELATIVE_MOMENTUM_1X_monthly_252D,after_tax
2024-12-02,QQQ,316670.75690835994,0.0,48811.423350476965,177274.13449681934,RELATIVE_MOMENTUM_1X_monthly_252D,after_tax
2025-01-02,SPY,-16075.970677814796,16075.970677814796,0.0,177274.13449681934,RELATIVE_MOMENTUM_1X_monthly_252D,after_tax
2025-02-03,QQQ,-2035.188847411424,18111.15952522622,0.0,177274.13449681934,RELATIVE_MOMENTUM_1X_monthly_252D,after_tax
2025-05-01,SPY,-40884.97638282867,58996.13590805489,0.0,177274.13449681934,RELATIVE_MOMENTUM_1X_monthly_252D,after_tax
2007-03-01,SPY,13380.598456698688,0.0,2718.2685764783387,2718.2685764783387,RELATIVE_MOMENTUM_1X_bimonthly_126D,after_tax
2008-03-03,QQQ,1182.7097263436735,0.0,240.26748090671728,2958.5360573850558,RELATIVE_MOMENTUM_1X_bimonthly_126D,after_tax
2008-11-03,QQQ,-33504.49755409721,33504.49755409721,0.0,2958.5360573850558,RELATIVE_MOMENTUM_1X_bimonthly_126D,after_tax
2010-07-01,QQQ,20294.129843921677,13210.367710175531,0.0,2958.5360573850558,RELATIVE_MOMENTUM_1X_bimonthly_126D,after_tax
2011-05-02,QQQ,13042.138075494702,168.2296346808289,0.0,2958.5360573850558,RELATIVE_MOMENTUM_1X_bimonthly_126D,after_tax
2011-09-01,SPY,-11622.98477778476,11791.21441246559,0.0,2958.5360573850558,RELATIVE_MOMENTUM_1X_bimonthly_126D,after_tax
2012-11-01,QQQ,1687.1965159590327,10104.017896506557,0.0,2958.5360573850558,RELATIVE_MOMENTUM_1X_bimonthly_126D,after_tax
2013-09-03,SPY,18779.934300837733,0.0,1762.5124175398782,4721.0484749249335,RELATIVE_MOMENTUM_1X_bimonthly_126D,after_tax
2014-05-01,QQQ,19409.19242217843,0.0,3942.9774405655476,8664.025915490482,RELATIVE_MOMENTUM_1X_bimonthly_126D,after_tax
2014-07-01,SPY,6209.551001566171,0.0,1261.4702859681677,9925.496201458649,RELATIVE_MOMENTUM_1X_bimonthly_126D,after_tax
2015-09-01,QQQ,12472.575955032837,0.0,2533.803805264921,12459.30000672357,RELATIVE_MOMENTUM_1X_bimonthly_126D,after_tax
2016-03-01,QQQ,-13019.695506395597,13019.695506395597,0.0,12459.30000672357,RELATIVE_MOMENTUM_1X_bimonthly_126D,after_tax
2016-09-01,SPY,4975.91394362328,8043.781562772318,0.0,12459.30000672357,RELATIVE_MOMENTUM_1X_bimonthly_126D,after_tax
2019-01-02,QQQ,45773.56548144363,0.0,7664.805603078076,20124.105609801645,RELATIVE_MOMENTUM_1X_bimonthly_126D,after_tax
2019-11-01,QQQ,7305.410705468967,0.0,1484.0941848160205,21608.199794617667,RELATIVE_MOMENTUM_1X_bimonthly_126D,after_tax
2020-01-02,SPY,12049.19674301712,0.0,2447.794318343928,24055.994112961595,RELATIVE_MOMENTUM_1X_bimonthly_126D,after_tax
2021-03-01,QQQ,96424.06241654229,0.0,19588.548279920567,43644.54239288216,RELATIVE_MOMENTUM_1X_bimonthly_126D,after_tax
2021-09-01,SPY,48868.6189496537,0.0,9927.659939622148,53572.20233250431,RELATIVE_MOMENTUM_1X_bimonthly_126D,after_tax
2022-03-01,QQQ,-28333.225555750192,28333.225555750192,0.0,53572.20233250431,RELATIVE_MOMENTUM_1X_bimonthly_126D,after_tax
2023-03-01,SPY,7804.288310881471,20528.93724486872,0.0,53572.20233250431,RELATIVE_MOMENTUM_1X_bimonthly_126D,after_tax
2024-09-03,QQQ,138965.3704366387,0.0,24060.361402908075,77632.56373541239,RELATIVE_MOMENTUM_1X_bimonthly_126D,after_tax
2024-11-01,SPY,8682.246436493471,0.0,1763.7983635736487,79396.36209898604,RELATIVE_MOMENTUM_1X_bimonthly_126D,after_tax
2025-01-02,QQQ,24672.582533081004,0.0,5012.235141595406,84408.59724058144,RELATIVE_MOMENTUM_1X_bimonthly_126D,after_tax
2025-03-03,SPY,4530.475071732188,0.0,920.366010822394,85328.96325140384,RELATIVE_MOMENTUM_1X_bimonthly_126D,after_tax
2025-05-01,QQQ,-23687.058454923215,23687.058454923215,0.0,85328.96325140384,RELATIVE_MOMENTUM_1X_bimonthly_126D,after_tax
2026-03-02,QQQ,37380.73842134193,0.0,2781.8710851779615,88110.8343365818,RELATIVE_MOMENTUM_1X_bimonthly_126D,after_tax
2026-05-01,SPY,28755.597727777553,0.0,5841.699678398009,93952.53401497981,RELATIVE_MOMENTUM_1X_bimonthly_126D,after_tax
2007-05-01,SPY,21247.997949245124,0.0,4316.530783389147,4316.530783389147,RELATIVE_MOMENTUM_1X_bimonthly_189D,after_tax
2008-03-03,QQQ,-7611.37430353144,7611.37430353144,0.0,4316.530783389147,RELATIVE_MOMENTUM_1X_bimonthly_189D,after_tax
2011-07-01,QQQ,49399.14734635188,0.0,8489.186093648972,12805.716877038118,RELATIVE_MOMENTUM_1X_bimonthly_189D,after_tax
2011-09-01,SPY,-11284.901507148665,11284.901507148665,0.0,12805.716877038118,RELATIVE_MOMENTUM_1X_bimonthly_189D,after_tax
2012-01-03,QQQ,4975.153239528823,6309.7482676198415,0.0,12805.716877038118,RELATIVE_MOMENTUM_1X_bimonthly_189D,after_tax
2012-11-01,QQQ,2432.7540683324623,3876.994199287379,0.0,12805.716877038118,RELATIVE_MOMENTUM_1X_bimonthly_189D,after_tax
2013-11-01,SPY,39304.84610743073,0.0,7197.168115139321,20002.884992177438,RELATIVE_MOMENTUM_1X_bimonthly_189D,after_tax
2015-09-01,QQQ,44898.72196270988,0.0,9121.175366724512,29124.060358901952,RELATIVE_MOMENTUM_1X_bimonthly_189D,after_tax
2016-03-01,QQQ,-18736.440670940006,18736.440670940006,0.0,29124.060358901952,RELATIVE_MOMENTUM_1X_bimonthly_189D,after_tax
2016-11-01,SPY,4023.9583635689924,14712.482307371014,0.0,29124.060358901952,RELATIVE_MOMENTUM_1X_bimonthly_189D,after_tax
2017-01-03,QQQ,3938.330552932981,10774.151754438033,0.0,29124.060358901952,RELATIVE_MOMENTUM_1X_bimonthly_189D,after_tax
2017-03-01,SPY,11854.634563454398,0.0,219.50008265167446,29343.560441553625,RELATIVE_MOMENTUM_1X_bimonthly_189D,after_tax
2019-01-02,QQQ,37233.67458399446,0.0,7564.0209917384755,36907.5814332921,RELATIVE_MOMENTUM_1X_bimonthly_189D,after_tax
2019-05-01,SPY,13338.377528869663,0.0,2709.691394989872,39617.27282828197,RELATIVE_MOMENTUM_1X_bimonthly_189D,after_tax
2019-07-01,QQQ,-307.6992555174511,307.6992555174511,0.0,39617.27282828197,RELATIVE_MOMENTUM_1X_bimonthly_189D,after_tax
2019-09-03,SPY,-5503.282189557183,5810.981445074634,0.0,39617.27282828197,RELATIVE_MOMENTUM_1X_bimonthly_189D,after_tax
2021-05-03,QQQ,209700.5716180901,0.0,41420.17024364809,81037.44307193006,RELATIVE_MOMENTUM_1X_bimonthly_189D,after_tax
2021-09-01,SPY,34029.52083101362,0.0,6913.097156820418,87950.54022875047,RELATIVE_MOMENTUM_1X_bimonthly_189D,after_tax
2021-11-01,QQQ,6495.150568613666,0.0,1319.4898380138663,89270.03006676433,RELATIVE_MOMENTUM_1X_bimonthly_189D,after_tax
2022-01-03,SPY,16816.823099500383,0.0,3416.337612663503,92686.36767942783,RELATIVE_MOMENTUM_1X_bimonthly_189D,after_tax
2022-03-01,QQQ,-62317.67644611356,62317.67644611356,0.0,92686.36767942783,RELATIVE_MOMENTUM_1X_bimonthly_189D,after_tax
2022-05-02,SPY,-20385.7896351057,82703.46608121926,0.0,92686.36767942783,RELATIVE_MOMENTUM_1X_bimonthly_189D,after_tax
2024-09-03,QQQ,182750.79276958277,0.0,20324.614416741046,113010.98209616888,RELATIVE_MOMENTUM_1X_bimonthly_189D,after_tax
2025-01-02,SPY,31139.58147372841,0.0,6326.005976387926,119336.98807255681,RELATIVE_MOMENTUM_1X_bimonthly_189D,after_tax
2025-03-03,QQQ,-3635.5487828168552,3635.5487828168552,0.0,119336.98807255681,RELATIVE_MOMENTUM_1X_bimonthly_189D,after_tax
2025-05-01,SPY,-32840.523136478616,36476.07191929547,0.0,119336.98807255681,RELATIVE_MOMENTUM_1X_bimonthly_189D,after_tax
2026-03-02,QQQ,128657.50492321397,0.0,18726.658114746042,138063.64618730286,RELATIVE_MOMENTUM_1X_bimonthly_189D,after_tax
2026-05-01,SPY,41399.61316776718,0.0,8410.331415031902,146473.97760233475,RELATIVE_MOMENTUM_1X_bimonthly_189D,after_tax
2006-07-03,QQQ,1864.5938475071016,0.0,378.79224012106766,378.79224012106766,RELATIVE_MOMENTUM_1X_bimonthly_252D,after_tax
2007-07-02,SPY,20752.653781283734,0.0,4215.901615667791,4594.693855788859,RELATIVE_MOMENTUM_1X_bimonthly_252D,after_tax
2008-03-03,QQQ,-11789.626057209302,11789.626057209302,0.0,4594.693855788859,RELATIVE_MOMENTUM_1X_bimonthly_252D,after_tax
2008-07-01,QQQ,-5473.724868952166,17263.350926161467,0.0,4594.693855788859,RELATIVE_MOMENTUM_1X_bimonthly_252D,after_tax
2012-11-01,QQQ,64108.948762339336,0.0,9516.683200419535,14111.377056208394,RELATIVE_MOMENTUM_1X_bimonthly_252D,after_tax
2013-01-02,SPY,4763.244496140716,0.0,967.6531193909865,15079.03017559938,RELATIVE_MOMENTUM_1X_bimonthly_252D,after_tax
2013-03-01,QQQ,174.4270443629939,0.0,35.43485406234221,15114.465029661722,RELATIVE_MOMENTUM_1X_bimonthly_252D,after_tax
2013-11-01,SPY,28819.07637265054,0.0,5854.595365103957,20969.06039476568,RELATIVE_MOMENTUM_1X_bimonthly_252D,after_tax
2016-03-01,QQQ,51096.840347080666,0.0,10380.323116509437,31349.383511275115,RELATIVE_MOMENTUM_1X_bimonthly_252D,after_tax
2016-09-01,SPY,12243.156759921898,0.0,2487.1972957781336,33836.58080705325,RELATIVE_MOMENTUM_1X_bimonthly_252D,after_tax
2016-11-01,QQQ,1770.5623453397711,0.0,359.6897404557745,34196.270547509026,RELATIVE_MOMENTUM_1X_bimonthly_252D,after_tax
2017-03-01,SPY,29276.840859828604,0.0,5947.590220674181,40143.86076818321,RELATIVE_MOMENTUM_1X_bimonthly_252D,after_tax
2019-01-02,QQQ,44566.8580466627,0.0,9053.757212179527,49197.61798036273,RELATIVE_MOMENTUM_1X_bimonthly_252D,after_tax
2019-09-03,QQQ,20732.734209256363,0.0,4211.8549546104305,53409.472934973164,RELATIVE_MOMENTUM_1X_bimonthly_252D,after_tax
2019-11-01,SPY,16458.538546958298,0.0,3343.552105814578,56753.02504078774,RELATIVE_MOMENTUM_1X_bimonthly_252D,after_tax
2021-09-01,QQQ,304237.06548318255,0.0,61805.75985290854,118558.78489369628,RELATIVE_MOMENTUM_1X_bimonthly_252D,after_tax
2022-07-01,SPY,-88681.7335711302,88681.7335711302,0.0,118558.78489369628,RELATIVE_MOMENTUM_1X_bimonthly_252D,after_tax
2025-03-03,QQQ,287966.10412566614,0.0,40484.61987815398,159043.40477185027,RELATIVE_MOMENTUM_1X_bimonthly_252D,after_tax
2025-05-01,SPY,-42113.47795009543,42113.47795009543,0.0,159043.40477185027,RELATIVE_MOMENTUM_1X_bimonthly_252D,after_tax
2006-07-03,QQQ,1864.5938475071016,0.0,378.79224012106766,378.79224012106766,RELATIVE_MOMENTUM_1X_quarterly_126D,after_tax
2007-07-02,SPY,20752.653781283734,0.0,4215.901615667791,4594.693855788859,RELATIVE_MOMENTUM_1X_quarterly_126D,after_tax
2008-04-01,QQQ,-7991.021579237495,7991.021579237495,0.0,4594.693855788859,RELATIVE_MOMENTUM_1X_quarterly_126D,after_tax
2010-07-01,QQQ,19748.83210260482,0.0,2388.5992078220725,6983.293063610931,RELATIVE_MOMENTUM_1X_quarterly_126D,after_tax
2011-07-01,QQQ,20249.075763306028,0.0,4113.599741315619,11096.89280492655,RELATIVE_MOMENTUM_1X_quarterly_126D,after_tax
2011-10-03,SPY,-20787.541205888905,20787.541205888905,0.0,11096.89280492655,RELATIVE_MOMENTUM_1X_quarterly_126D,after_tax
2012-10-01,QQQ,3103.1496933130984,17684.391512575807,0.0,11096.89280492655,RELATIVE_MOMENTUM_1X_quarterly_126D,after_tax
2013-10-01,SPY,23621.54384980348,0.0,1206.1324973078015,12303.025302234351,RELATIVE_MOMENTUM_1X_quarterly_126D,after_tax
2015-10-01,QQQ,48050.18222960405,0.0,9761.394519944062,22064.419822178414,RELATIVE_MOMENTUM_1X_quarterly_126D,after_tax
2016-04-01,QQQ,-1187.6959555666544,1187.6959555666544,0.0,22064.419822178414,RELATIVE_MOMENTUM_1X_quarterly_126D,after_tax
2016-10-03,SPY,12218.45380691145,0.0,2240.8984575006953,24305.318279679108,RELATIVE_MOMENTUM_1X_quarterly_126D,after_tax
2019-01-02,QQQ,58293.149346263875,0.0,11842.253289693506,36147.571569372616,RELATIVE_MOMENTUM_1X_quarterly_126D,after_tax
2019-10-01,QQQ,-797.4305176516937,797.4305176516937,0.0,36147.571569372616,RELATIVE_MOMENTUM_1X_quarterly_126D,after_tax
2020-01-02,SPY,21906.955756752257,0.0,4288.400052323279,40435.97162169589,RELATIVE_MOMENTUM_1X_quarterly_126D,after_tax
2021-04-01,QQQ,133398.89593643573,0.0,27099.98570948692,67535.95733118281,RELATIVE_MOMENTUM_1X_quarterly_126D,after_tax
2021-10-01,SPY,32004.251820677135,0.0,6501.66375737056,74037.62108855338,RELATIVE_MOMENTUM_1X_quarterly_126D,after_tax
2022-04-01,QQQ,5181.081104652316,0.0,1052.536626410118,75090.1577149635,RELATIVE_MOMENTUM_1X_quarterly_126D,after_tax
2022-07-01,SPY,-65712.75394657074,65712.75394657074,0.0,75090.1577149635,RELATIVE_MOMENTUM_1X_quarterly_126D,after_tax
2023-04-03,SPY,21926.477584885433,43786.276361685304,0.0,75090.1577149635,RELATIVE_MOMENTUM_1X_quarterly_126D,after_tax
2024-10-01,QQQ,190542.4219326275,0.0,29813.51097273691,104903.66868770041,RELATIVE_MOMENTUM_1X_quarterly_126D,after_tax
2025-04-01,SPY,-11553.354030516814,11553.354030516814,0.0,104903.66868770041,RELATIVE_MOMENTUM_1X_quarterly_126D,after_tax
2026-04-01,QQQ,30306.743610934063,0.0,3809.7510932617643,108713.41978096217,RELATIVE_MOMENTUM_1X_quarterly_126D,after_tax
2006-07-03,QQQ,1864.5938475071016,0.0,378.79224012106766,378.79224012106766,RELATIVE_MOMENTUM_1X_quarterly_189D,after_tax
2007-07-02,SPY,20752.653781283734,0.0,4215.901615667791,4594.693855788859,RELATIVE_MOMENTUM_1X_quarterly_189D,after_tax
2008-04-01,QQQ,-7991.021579237495,7991.021579237495,0.0,4594.693855788859,RELATIVE_MOMENTUM_1X_quarterly_189D,after_tax
2011-07-01,QQQ,41188.263982043296,0.0,6744.019794129998,11338.713649918856,RELATIVE_MOMENTUM_1X_quarterly_189D,after_tax
2011-10-03,SPY,-20924.920813282588,20924.920813282588,0.0,11338.713649918856,RELATIVE_MOMENTUM_1X_quarterly_189D,after_tax
2013-01-02,QQQ,-182.59350698061462,21107.514320263203,0.0,11338.713649918856,RELATIVE_MOMENTUM_1X_quarterly_189D,after_tax
2013-10-01,SPY,21533.58721335871,0.0,86.55670823235252,11425.270358151209,RELATIVE_MOMENTUM_1X_quarterly_189D,after_tax
2015-10-01,QQQ,46934.323611019296,0.0,9534.707841578569,20959.978199729776,RELATIVE_MOMENTUM_1X_quarterly_189D,after_tax
2016-07-01,QQQ,-2434.0148506544356,2434.0148506544356,0.0,20959.978199729776,RELATIVE_MOMENTUM_1X_quarterly_189D,after_tax
2017-04-03,SPY,25494.209320968337,0.0,4684.678506644269,25644.656706374044,RELATIVE_MOMENTUM_1X_quarterly_189D,after_tax
2019-01-02,QQQ,31327.134914470225,0.0,6364.107457874627,32008.76416424867,RELATIVE_MOMENTUM_1X_quarterly_189D,after_tax
2019-07-01,QQQ,11233.818343955994,0.0,2282.15019657466,34290.91436082333,RELATIVE_MOMENTUM_1X_quarterly_189D,after_tax
2019-10-01,SPY,1688.3461724666122,0.0,342.98752493659225,34633.90188575992,RELATIVE_MOMENTUM_1X_quarterly_189D,after_tax
2021-04-01,QQQ,169512.60622394926,0.0,34436.48595439529,69070.38784015522,RELATIVE_MOMENTUM_1X_quarterly_189D,after_tax
2022-01-03,SPY,76524.61530686071,0.0,15545.975599588754,84616.36343974397,RELATIVE_MOMENTUM_1X_quarterly_189D,after_tax
2022-04-01,QQQ,-39131.27367424348,39131.27367424348,0.0,84616.36343974397,RELATIVE_MOMENTUM_1X_quarterly_189D,after_tax
2022-07-01,SPY,-65418.78175915126,104550.05543339474,0.0,84616.36343974397,RELATIVE_MOMENTUM_1X_quarterly_189D,after_tax
2024-10-01,QQQ,177831.9887002621,0.0,14887.224743164104,99503.58818290808,RELATIVE_MOMENTUM_1X_quarterly_189D,after_tax
2025-01-02,SPY,14863.403051807429,0.0,3019.500329974679,102523.08851288275,RELATIVE_MOMENTUM_1X_quarterly_189D,after_tax
2025-04-01,QQQ,-45665.37615525321,45665.37615525321,0.0,102523.08851288275,RELATIVE_MOMENTUM_1X_quarterly_189D,after_tax
2025-07-01,SPY,49225.669644729525,0.0,723.2736223871137,103246.36213526987,RELATIVE_MOMENTUM_1X_quarterly_189D,after_tax
2026-04-01,QQQ,30613.04429986741,0.0,6219.0399495180645,109465.40208478793,RELATIVE_MOMENTUM_1X_quarterly_189D,after_tax
2026-07-01,SPY,74700.81193054956,0.0,15175.469943691143,124640.87202847908,RELATIVE_MOMENTUM_1X_quarterly_189D,after_tax
2006-07-03,QQQ,1864.5938475071016,0.0,378.79224012106766,378.79224012106766,RELATIVE_MOMENTUM_1X_quarterly_252D,after_tax
2007-07-02,SPY,20752.653781283734,0.0,4215.901615667791,4594.693855788859,RELATIVE_MOMENTUM_1X_quarterly_252D,after_tax
2008-07-01,QQQ,-6947.490183830931,6947.490183830931,0.0,4594.693855788859,RELATIVE_MOMENTUM_1X_quarterly_252D,after_tax
2013-04-01,QQQ,77311.12887386819,0.0,14294.373199881069,18889.067055669926,RELATIVE_MOMENTUM_1X_quarterly_252D,after_tax
2014-01-02,SPY,33450.008070865675,0.0,6795.3691395963615,25684.436195266288,RELATIVE_MOMENTUM_1X_quarterly_252D,after_tax
2016-07-01,QQQ,53202.19972973666,0.0,10808.026875096002,36492.46307036229,RELATIVE_MOMENTUM_1X_quarterly_252D,after_tax
2016-10-03,SPY,8372.493840856157,0.0,1700.8721237699283,38193.33519413222,RELATIVE_MOMENTUM_1X_quarterly_252D,after_tax
2017-01-03,QQQ,1965.977596270328,0.0,399.3883486823171,38592.723542814536,RELATIVE_MOMENTUM_1X_quarterly_252D,after_tax
2017-04-03,SPY,12900.855951811536,0.0,2620.8088866105136,41213.532429425046,RELATIVE_MOMENTUM_1X_quarterly_252D,after_tax
2019-01-02,QQQ,40864.47968972524,0.0,8301.619048967683,49515.15147839273,RELATIVE_MOMENTUM_1X_quarterly_252D,after_tax
2019-10-01,QQQ,13943.202894523507,0.0,2832.5616680224502,52347.713146415175,RELATIVE_MOMENTUM_1X_quarterly_252D,after_tax
2020-01-02,SPY,27755.893647693214,0.0,5638.609794528877,57986.322940944054,RELATIVE_MOMENTUM_1X_quarterly_252D,after_tax
2021-10-01,QQQ,224747.46250669233,0.0,45657.44700823454,103643.76994917859,RELATIVE_MOMENTUM_1X_quarterly_252D,after_tax
2022-07-01,SPY,-59549.058461928274,59549.058461928274,0.0,103643.76994917859,RELATIVE_MOMENTUM_1X_quarterly_252D,after_tax
2025-04-01,QQQ,123330.71173703205,0.0,12957.24286283733,116601.01281201592,RELATIVE_MOMENTUM_1X_quarterly_252D,after_tax
2025-07-01,SPY,60104.96152405802,0.0,12210.322933612386,128811.33574562831,RELATIVE_MOMENTUM_1X_quarterly_252D,after_tax
2006-07-17,SSO,-6079.042777190785,6079.042777190785,0.0,0.0,RELATIVE_MOMENTUM_2X_weekly_126D,after_tax
2006-11-20,SSO,17543.079998719288,0.0,2328.919161553515,2328.919161553515,RELATIVE_MOMENTUM_2X_weekly_126D,after_tax
2006-12-26,QLD,-6414.020716095634,6414.020716095634,0.0,2328.919161553515,RELATIVE_MOMENTUM_2X_weekly_126D,after_tax
2007-01-08,SSO,-463.21803951727634,6877.238755612911,0.0,2328.919161553515,RELATIVE_MOMENTUM_2X_weekly_126D,after_tax
2007-04-02,QLD,-3078.1983889990806,9955.437144611991,0.0,2328.919161553515,RELATIVE_MOMENTUM_2X_weekly_126D,after_tax
2007-04-09,SSO,3481.217764112618,6474.219380499373,0.0,2328.919161553515,RELATIVE_MOMENTUM_2X_weekly_126D,after_tax
2007-04-16,QLD,199.03063312168524,6275.188747377688,0.0,2328.919161553515,RELATIVE_MOMENTUM_2X_weekly_126D,after_tax
2007-04-30,SSO,4631.4145421146095,1643.7742052630783,0.0,2328.919161553515,RELATIVE_MOMENTUM_2X_weekly_126D,after_tax
2007-05-07,QLD,657.0141491072136,986.7600561558647,0.0,2328.919161553515,RELATIVE_MOMENTUM_2X_weekly_126D,after_tax
2007-06-25,SSO,-1122.5704667177488,2109.3305228736135,0.0,2328.919161553515,RELATIVE_MOMENTUM_2X_weekly_126D,after_tax
2008-01-07,QLD,-1012.3363045211445,3121.666827394758,0.0,2328.919161553515,RELATIVE_MOMENTUM_2X_weekly_126D,after_tax
2008-05-27,QLD,-7487.26664982253,10608.933477217288,0.0,2328.919161553515,RELATIVE_MOMENTUM_2X_weekly_126D,after_tax
2008-08-04,QLD,-1891.4842194337252,12500.417696651013,0.0,2328.919161553515,RELATIVE_MOMENTUM_2X_weekly_126D,after_tax
2008-09-22,QLD,-18944.30893098231,31444.726627633325,0.0,2328.919161553515,RELATIVE_MOMENTUM_2X_weekly_126D,after_tax
2010-01-25,QLD,60353.7673980797,0.0,5872.87163251618,8201.790794069695,RELATIVE_MOMENTUM_2X_weekly_126D,after_tax
2010-02-08,SSO,-8769.544268021447,8769.544268021447,0.0,8201.790794069695,RELATIVE_MOMENTUM_2X_weekly_126D,after_tax
2010-06-28,QLD,11635.506133411327,0.0,582.2201529539541,8784.01094702365,RELATIVE_MOMENTUM_2X_weekly_126D,after_tax
2010-08-30,QLD,-13481.90184805698,13481.90184805698,0.0,8784.01094702365,RELATIVE_MOMENTUM_2X_weekly_126D,after_tax
2011-03-21,QLD,36729.96526488465,0.0,4722.844083128542,13506.85503015219,RELATIVE_MOMENTUM_2X_weekly_126D,after_tax
2011-04-04,SSO,9528.450534546224,0.0,1935.7047260930653,15442.559756245255,RELATIVE_MOMENTUM_2X_weekly_126D,after_tax
2011-04-11,QLD,-2658.8848634930036,2658.8848634930036,0.0,15442.559756245255,RELATIVE_MOMENTUM_2X_weekly_126D,after_tax
2011-07-25,SSO,679.1527879945061,1979.7320754984976,0.0,15442.559756245255,RELATIVE_MOMENTUM_2X_weekly_126D,after_tax
2011-08-08,QLD,-35765.3714399555,37745.103515454,0.0,15442.559756245255,RELATIVE_MOMENTUM_2X_weekly_126D,after_tax
2011-09-26,QLD,-6660.281288434446,44405.384803888446,0.0,15442.559756245255,RELATIVE_MOMENTUM_2X_weekly_126D,after_tax
2011-10-24,QLD,-1744.8924603383057,46150.27726422675,0.0,15442.559756245255,RELATIVE_MOMENTUM_2X_weekly_126D,after_tax
2011-11-07,QLD,-2868.787572133515,49019.06483636027,0.0,15442.559756245255,RELATIVE_MOMENTUM_2X_weekly_126D,after_tax
2011-11-21,QLD,-11566.394837210479,60585.459673570746,0.0,15442.559756245255,RELATIVE_MOMENTUM_2X_weekly_126D,after_tax
2012-01-03,QLD,-1852.5716751634463,62438.03134873419,0.0,15442.559756245255,RELATIVE_MOMENTUM_2X_weekly_126D,after_tax
2012-09-24,QLD,38277.43457004441,24160.59677868978,0.0,15442.559756245255,RELATIVE_MOMENTUM_2X_weekly_126D,after_tax
2013-08-05,SSO,53900.78092215699,0.0,6041.718408745363,21484.278164990617,RELATIVE_MOMENTUM_2X_weekly_126D,after_tax
2014-04-07,QLD,46552.798536796356,0.0,9457.20102275018,30941.4791877408,RELATIVE_MOMENTUM_2X_weekly_126D,after_tax
2014-05-27,SSO,11339.67518365258,0.0,2303.6550135590214,33245.13420129982,RELATIVE_MOMENTUM_2X_weekly_126D,after_tax
2014-06-09,QLD,12832.790730370412,0.0,2606.9814368747493,35852.11563817457,RELATIVE_MOMENTUM_2X_weekly_126D,after_tax
2014-06-30,SSO,2852.540456731047,0.0,579.4935937849122,36431.60923195948,RELATIVE_MOMENTUM_2X_weekly_126D,after_tax
2015-08-24,QLD,-3151.6709532643144,3151.6709532643144,0.0,36431.60923195948,RELATIVE_MOMENTUM_2X_weekly_126D,after_tax
2015-09-21,QLD,746.7450847544533,2404.925868509861,0.0,36431.60923195948,RELATIVE_MOMENTUM_2X_weekly_126D,after_tax
2015-12-21,QLD,12397.754648085334,0.0,2030.0431665707574,38461.65239853024,RELATIVE_MOMENTUM_2X_weekly_126D,after_tax
2016-01-11,QLD,-33429.079029918474,33429.079029918474,0.0,38461.65239853024,RELATIVE_MOMENTUM_2X_weekly_126D,after_tax
2016-04-11,SSO,24264.370246375765,9164.708783542708,0.0,38461.65239853024,RELATIVE_MOMENTUM_2X_weekly_126D,after_tax
2016-04-18,QLD,3343.826594827522,5820.882188715186,0.0,38461.65239853024,RELATIVE_MOMENTUM_2X_weekly_126D,after_tax
2016-05-02,SSO,-623.7429376770451,6444.625126392231,0.0,38461.65239853024,RELATIVE_MOMENTUM_2X_weekly_126D,after_tax
2016-06-27,SSO,-18771.62288816704,25216.24801455927,0.0,38461.65239853024,RELATIVE_MOMENTUM_2X_weekly_126D,after_tax
2016-08-08,SSO,20199.229635994707,5017.018378564564,0.0,38461.65239853024,RELATIVE_MOMENTUM_2X_weekly_126D,after_tax
2017-12-04,QLD,182261.6938308906,0.0,36007.25581814004,74468.90821667027,RELATIVE_MOMENTUM_2X_weekly_126D,after_tax
2017-12-11,SSO,-2818.0788151306333,2818.0788151306333,0.0,74468.90821667027,RELATIVE_MOMENTUM_2X_weekly_126D,after_tax
2018-11-05,QLD,55813.449615247664,0.0,10766.009578043775,85234.91779471404,RELATIVE_MOMENTUM_2X_weekly_126D,after_tax
2018-11-26,SSO,-23024.07959345961,23024.07959345961,0.0,85234.91779471404,RELATIVE_MOMENTUM_2X_weekly_126D,after_tax
2018-12-10,SSO,-49686.41855554702,72710.49814900663,0.0,85234.91779471404,RELATIVE_MOMENTUM_2X_weekly_126D,after_tax
2019-09-23,QLD,9243.802282496821,63466.69586650981,0.0,85234.91779471404,RELATIVE_MOMENTUM_2X_weekly_126D,after_tax
2019-10-14,SSO,-5532.396336575446,68999.09220308525,0.0,85234.91779471404,RELATIVE_MOMENTUM_2X_weekly_126D,after_tax
2019-10-21,QLD,6522.478755827702,62476.61344725755,0.0,85234.91779471404,RELATIVE_MOMENTUM_2X_weekly_126D,after_tax
2019-11-11,SSO,19034.625974504743,43441.98747275281,0.0,85234.91779471404,RELATIVE_MOMENTUM_2X_weekly_126D,after_tax
2020-03-16,QLD,-114825.90082197567,158267.88829472847,0.0,85234.91779471404,RELATIVE_MOMENTUM_2X_weekly_126D,after_tax
2021-03-01,QLD,388829.929298154,0.0,46838.6786298459,132073.59642455995,RELATIVE_MOMENTUM_2X_weekly_126D,after_tax
2021-08-30,SSO,226052.48237828992,0.0,45922.561795149595,177996.15821970953,RELATIVE_MOMENTUM_2X_weekly_126D,after_tax
2022-01-10,QLD,-19146.654121083324,19146.654121083324,0.0,177996.15821970953,RELATIVE_MOMENTUM_2X_weekly_126D,after_tax
2022-02-14,SSO,-79478.92919096875,98625.58331205207,0.0,177996.15821970953,RELATIVE_MOMENTUM_2X_weekly_126D,after_tax
2022-04-18,SSO,-26856.805473770597,125482.38878582267,0.0,177996.15821970953,RELATIVE_MOMENTUM_2X_weekly_126D,after_tax
2022-12-05,SSO,20668.558896758594,104813.82988906407,0.0,177996.15821970953,RELATIVE_MOMENTUM_2X_weekly_126D,after_tax
2022-12-27,SSO,-36367.562750036246,141181.39263910032,0.0,177996.15821970953,RELATIVE_MOMENTUM_2X_weekly_126D,after_tax
2023-02-13,SSO,78134.09216282901,63047.30047627131,0.0,177996.15821970953,RELATIVE_MOMENTUM_2X_weekly_126D,after_tax
2023-03-13,SSO,-84593.85660745366,147641.15708372497,0.0,177996.15821970953,RELATIVE_MOMENTUM_2X_weekly_126D,after_tax
2024-04-08,QLD,609492.2957749566,0.0,93825.0588251237,271821.21704483323,RELATIVE_MOMENTUM_2X_weekly_126D,after_tax
2024-04-15,SSO,-20735.882092915243,20735.882092915243,0.0,271821.21704483323,RELATIVE_MOMENTUM_2X_weekly_126D,after_tax
2024-04-22,QLD,-127895.49961646122,148631.38170937647,0.0,271821.21704483323,RELATIVE_MOMENTUM_2X_weekly_126D,after_tax
2024-04-29,SSO,47744.12643812236,100887.25527125411,0.0,271821.21704483323,RELATIVE_MOMENTUM_2X_weekly_126D,after_tax
2024-05-13,QLD,48926.89950755518,51960.35576369893,0.0,271821.21704483323,RELATIVE_MOMENTUM_2X_weekly_126D,after_tax
2024-05-28,SSO,28381.953596781474,23578.402166917454,0.0,271821.21704483323,RELATIVE_MOMENTUM_2X_weekly_126D,after_tax
2024-06-03,QLD,-25408.118439432932,48986.52060635039,0.0,271821.21704483323,RELATIVE_MOMENTUM_2X_weekly_126D,after_tax
2024-06-10,SSO,14732.018660441972,34254.501945908414,0.0,271821.21704483323,RELATIVE_MOMENTUM_2X_weekly_126D,after_tax
2024-07-22,QLD,86367.84909270843,0.0,10586.826472872424,282408.04351770564,RELATIVE_MOMENTUM_2X_weekly_126D,after_tax
2024-09-30,SSO,60374.40100279474,0.0,12265.05956371775,294673.1030814234,RELATIVE_MOMENTUM_2X_weekly_126D,after_tax
2024-10-07,QLD,-3895.9050367781892,3895.9050367781892,0.0,294673.1030814234,RELATIVE_MOMENTUM_2X_weekly_126D,after_tax
2024-10-21,SSO,50609.92604933935,0.0,9489.9533687018,304163.0564501252,RELATIVE_MOMENTUM_2X_weekly_126D,after_tax
2024-11-04,QLD,-39260.08568533114,39260.08568533114,0.0,304163.0564501252,RELATIVE_MOMENTUM_2X_weekly_126D,after_tax
2024-11-11,SSO,125189.4558052565,0.0,17456.551539862834,321619.607989988,RELATIVE_MOMENTUM_2X_weekly_126D,after_tax
2024-11-18,QLD,-92700.78517953143,92700.78517953143,0.0,321619.607989988,RELATIVE_MOMENTUM_2X_weekly_126D,after_tax
2025-01-21,SSO,52259.7454588355,40441.03972069593,0.0,321619.607989988,RELATIVE_MOMENTUM_2X_weekly_126D,after_tax
2025-03-31,QLD,-317002.5533611266,357443.5930818225,0.0,321619.607989988,RELATIVE_MOMENTUM_2X_weekly_126D,after_tax
2025-06-23,QLD,42981.62775843649,314461.965323386,0.0,321619.607989988,RELATIVE_MOMENTUM_2X_weekly_126D,after_tax
2026-02-09,QLD,169638.67282254796,144823.29250083806,0.0,321619.607989988,RELATIVE_MOMENTUM_2X_weekly_126D,after_tax
2026-03-09,SSO,-87240.20916183153,232063.5016626696,0.0,321619.607989988,RELATIVE_MOMENTUM_2X_weekly_126D,after_tax
2026-03-23,QLD,-16071.631499597104,248135.1331622667,0.0,321619.607989988,RELATIVE_MOMENTUM_2X_weekly_126D,after_tax
2026-04-20,SSO,102706.73301384365,145428.40014842304,0.0,321619.607989988,RELATIVE_MOMENTUM_2X_weekly_126D,after_tax
2007-04-09,SSO,30680.197576242164,0.0,6232.682137613596,6232.682137613596,RELATIVE_MOMENTUM_2X_weekly_189D,after_tax
2008-01-28,QLD,-13185.381918169893,13185.381918169893,0.0,6232.682137613596,RELATIVE_MOMENTUM_2X_weekly_189D,after_tax
2008-06-16,QLD,-3709.6233800781774,16895.00529824807,0.0,6232.682137613596,RELATIVE_MOMENTUM_2X_weekly_189D,after_tax
2011-06-20,QLD,131923.12374698708,0.0,23367.96226286133,29600.644400474925,RELATIVE_MOMENTUM_2X_weekly_189D,after_tax
2011-07-05,SSO,24358.61425206077,0.0,4948.452485306145,34549.096885781066,RELATIVE_MOMENTUM_2X_weekly_189D,after_tax
2011-08-22,QLD,-55556.604331405426,55556.604331405426,0.0,34549.096885781066,RELATIVE_MOMENTUM_2X_weekly_189D,after_tax
2011-09-06,QLD,-11185.491034288338,66742.09536569376,0.0,34549.096885781066,RELATIVE_MOMENTUM_2X_weekly_189D,after_tax
2011-09-26,QLD,-9151.780471019505,75893.87583671327,0.0,34549.096885781066,RELATIVE_MOMENTUM_2X_weekly_189D,after_tax
2011-11-14,QLD,-2289.4014990866126,78183.27733579988,0.0,34549.096885781066,RELATIVE_MOMENTUM_2X_weekly_189D,after_tax
2011-12-19,QLD,-6778.976713194657,84962.25404899454,0.0,34549.096885781066,RELATIVE_MOMENTUM_2X_weekly_189D,after_tax
2012-06-25,QLD,24982.798877065594,59979.455171928945,0.0,34549.096885781066,RELATIVE_MOMENTUM_2X_weekly_189D,after_tax
2012-07-02,SSO,11526.70649954959,48452.748672379355,0.0,34549.096885781066,RELATIVE_MOMENTUM_2X_weekly_189D,after_tax
2012-07-16,QLD,-6206.298309442529,54659.046981821884,0.0,34549.096885781066,RELATIVE_MOMENTUM_2X_weekly_189D,after_tax
2012-07-30,SSO,7958.815316065826,46700.23166575606,0.0,34549.096885781066,RELATIVE_MOMENTUM_2X_weekly_189D,after_tax
2012-10-31,QLD,1193.6384311264264,45506.59323462963,0.0,34549.096885781066,RELATIVE_MOMENTUM_2X_weekly_189D,after_tax
2013-09-09,SSO,74235.88327996404,0.0,5836.355272709684,40385.45215849075,RELATIVE_MOMENTUM_2X_weekly_189D,after_tax
2013-09-16,QLD,9326.685661014635,0.0,1894.7161920351232,42280.16835052587,RELATIVE_MOMENTUM_2X_weekly_189D,after_tax
2013-09-30,SSO,-9136.736678024172,9136.736678024172,0.0,42280.16835052587,RELATIVE_MOMENTUM_2X_weekly_189D,after_tax
2015-09-08,QLD,187437.80189830958,0.0,36221.86139950098,78502.02975002685,RELATIVE_MOMENTUM_2X_weekly_189D,after_tax
2015-09-28,QLD,-25407.094334316032,25407.094334316032,0.0,78502.02975002685,RELATIVE_MOMENTUM_2X_weekly_189D,after_tax
2016-01-11,QLD,-2262.7276730915764,27669.82200740761,0.0,78502.02975002685,RELATIVE_MOMENTUM_2X_weekly_189D,after_tax
2016-04-18,QLD,-884.6548996639904,28554.4769070716,0.0,78502.02975002685,RELATIVE_MOMENTUM_2X_weekly_189D,after_tax
2016-05-02,SSO,-5249.168548897316,33803.645455968915,0.0,78502.02975002685,RELATIVE_MOMENTUM_2X_weekly_189D,after_tax
2016-05-16,SSO,-2547.2092419304536,36350.85469789937,0.0,78502.02975002685,RELATIVE_MOMENTUM_2X_weekly_189D,after_tax
2016-10-10,SSO,42887.73525876424,0.0,1327.967285939698,79829.99703596655,RELATIVE_MOMENTUM_2X_weekly_189D,after_tax
2016-12-05,QLD,-21046.49684853683,21046.49684853683,0.0,79829.99703596655,RELATIVE_MOMENTUM_2X_weekly_189D,after_tax
2016-12-19,SSO,20764.88816969609,281.60867884074105,0.0,79829.99703596655,RELATIVE_MOMENTUM_2X_weekly_189D,after_tax
2016-12-27,QLD,4407.709502871556,0.0,838.21738240186,80668.2144183684,RELATIVE_MOMENTUM_2X_weekly_189D,after_tax
2017-01-17,SSO,64.90477866854053,0.0,13.185405786514009,80681.39982415491,RELATIVE_MOMENTUM_2X_weekly_189D,after_tax
2018-10-29,QLD,325644.2335649776,0.0,66154.6260487252,146836.02587288013,RELATIVE_MOMENTUM_2X_weekly_189D,after_tax
2018-11-19,QLD,-25913.03000106511,25913.03000106511,0.0,146836.02587288013,RELATIVE_MOMENTUM_2X_weekly_189D,after_tax
2018-11-26,SSO,-35787.20468058076,61700.234681645874,0.0,146836.02587288013,RELATIVE_MOMENTUM_2X_weekly_189D,after_tax
2018-12-10,SSO,-74203.30758107023,135903.5422627161,0.0,146836.02587288013,RELATIVE_MOMENTUM_2X_weekly_189D,after_tax
2019-02-11,QLD,31335.21096208971,104568.33130062639,0.0,146836.02587288013,RELATIVE_MOMENTUM_2X_weekly_189D,after_tax
2019-04-01,SSO,58949.22801276238,45619.10328786401,0.0,146836.02587288013,RELATIVE_MOMENTUM_2X_weekly_189D,after_tax
2019-04-15,QLD,29271.050668970332,16348.052618893678,0.0,146836.02587288013,RELATIVE_MOMENTUM_2X_weekly_189D,after_tax
2019-04-22,SSO,-6186.520445470931,22534.57306436461,0.0,146836.02587288013,RELATIVE_MOMENTUM_2X_weekly_189D,after_tax
2019-05-13,QLD,-45914.10292413586,68448.67598850047,0.0,146836.02587288013,RELATIVE_MOMENTUM_2X_weekly_189D,after_tax
2019-06-03,SSO,-32904.86534229037,101353.54133079085,0.0,146836.02587288013,RELATIVE_MOMENTUM_2X_weekly_189D,after_tax
2019-06-24,SSO,23582.61075392773,77770.93057686312,0.0,146836.02587288013,RELATIVE_MOMENTUM_2X_weekly_189D,after_tax
2019-07-01,QLD,10035.70573799638,67735.22483886674,0.0,146836.02587288013,RELATIVE_MOMENTUM_2X_weekly_189D,after_tax
2019-07-15,SSO,16865.68639233953,50869.53844652721,0.0,146836.02587288013,RELATIVE_MOMENTUM_2X_weekly_189D,after_tax
2020-03-23,QLD,-182928.18182744965,233797.72027397685,0.0,146836.02587288013,RELATIVE_MOMENTUM_2X_weekly_189D,after_tax
2021-03-29,QLD,590710.3864298312,0.0,72506.8081295618,219342.83400244193,RELATIVE_MOMENTUM_2X_weekly_189D,after_tax
2021-04-19,SSO,107019.45054136787,0.0,21741.001377478882,241083.8353799208,RELATIVE_MOMENTUM_2X_weekly_189D,after_tax
2021-05-03,QLD,-9984.362199329189,9984.362199329189,0.0,241083.8353799208,RELATIVE_MOMENTUM_2X_weekly_189D,after_tax
2021-06-21,SSO,-10811.73404282122,20796.09624215041,0.0,241083.8353799208,RELATIVE_MOMENTUM_2X_weekly_189D,after_tax
2021-06-28,QLD,49807.789979066816,0.0,5893.725582654568,246977.56096257537,RELATIVE_MOMENTUM_2X_weekly_189D,after_tax
2021-07-12,SSO,39827.69464423065,0.0,8090.996166975457,255068.55712955084,RELATIVE_MOMENTUM_2X_weekly_189D,after_tax
2021-07-19,QLD,-52384.8677740359,52384.8677740359,0.0,255068.55712955084,RELATIVE_MOMENTUM_2X_weekly_189D,after_tax
2021-07-26,SSO,63862.24870663753,0.0,2331.629936458022,257400.18706600886,RELATIVE_MOMENTUM_2X_weekly_189D,after_tax
2021-08-02,QLD,-9020.96340120514,9020.96340120514,0.0,257400.18706600886,RELATIVE_MOMENTUM_2X_weekly_189D,after_tax
2021-08-16,SSO,19423.307659468148,0.0,2113.23623606613,259513.42330207498,RELATIVE_MOMENTUM_2X_weekly_189D,after_tax
2021-09-27,QLD,12946.03735043644,0.0,2629.9874877411626,262143.41078981615,RELATIVE_MOMENTUM_2X_weekly_189D,after_tax
2021-11-22,SSO,140292.31364153,0.0,28500.38351627682,290643.79430609295,RELATIVE_MOMENTUM_2X_weekly_189D,after_tax
2022-01-10,QLD,-189368.0153268075,189368.0153268075,0.0,290643.79430609295,RELATIVE_MOMENTUM_2X_weekly_189D,after_tax
2022-02-07,SSO,-64099.843162698555,253467.85848950606,0.0,290643.79430609295,RELATIVE_MOMENTUM_2X_weekly_189D,after_tax
2022-02-14,QLD,-68592.15106615389,322060.00955565996,0.0,290643.79430609295,RELATIVE_MOMENTUM_2X_weekly_189D,after_tax
2022-03-14,SSO,-83512.03302496881,405572.04258062877,0.0,290643.79430609295,RELATIVE_MOMENTUM_2X_weekly_189D,after_tax
2022-04-25,SSO,-81049.71505137451,486621.7576320033,0.0,290643.79430609295,RELATIVE_MOMENTUM_2X_weekly_189D,after_tax
2023-02-27,SSO,-35924.44220366888,522546.19983567216,0.0,290643.79430609295,RELATIVE_MOMENTUM_2X_weekly_189D,after_tax
2023-03-06,QLD,26975.43480494886,495570.7650307233,0.0,290643.79430609295,RELATIVE_MOMENTUM_2X_weekly_189D,after_tax
2023-04-24,QLD,52973.35010977939,442597.4149209439,0.0,290643.79430609295,RELATIVE_MOMENTUM_2X_weekly_189D,after_tax
2023-05-01,SSO,11006.478871354135,431590.93604958977,0.0,290643.79430609295,RELATIVE_MOMENTUM_2X_weekly_189D,after_tax
2023-05-08,QLD,-1133.560075824149,432724.4961254139,0.0,290643.79430609295,RELATIVE_MOMENTUM_2X_weekly_189D,after_tax
2023-05-15,SSO,-4467.705415132921,437192.20154054684,0.0,290643.79430609295,RELATIVE_MOMENTUM_2X_weekly_189D,after_tax
2024-04-22,QLD,423297.06975646643,13895.131784080411,0.0,290643.79430609295,RELATIVE_MOMENTUM_2X_weekly_189D,after_tax
2024-04-29,SSO,57529.95845396235,0.0,8864.415037986515,299508.2093440795,RELATIVE_MOMENTUM_2X_weekly_189D,after_tax
2024-07-29,QLD,168001.81907462585,0.0,34129.56954501024,333637.7788890897,RELATIVE_MOMENTUM_2X_weekly_189D,after_tax
2024-12-09,SSO,292193.60520889144,0.0,59359.1308981863,392996.909787276,RELATIVE_MOMENTUM_2X_weekly_189D,after_tax
2025-03-03,QLD,-117614.24415781605,117614.24415781605,0.0,392996.909787276,RELATIVE_MOMENTUM_2X_weekly_189D,after_tax
2025-04-07,SSO,-510829.72171479417,628443.9658726102,0.0,392996.909787276,RELATIVE_MOMENTUM_2X_weekly_189D,after_tax
2025-05-05,SSO,38784.593571433565,589659.3723011767,0.0,392996.909787276,RELATIVE_MOMENTUM_2X_weekly_189D,after_tax
2026-02-17,QLD,462998.4296666337,126660.94263454294,0.0,392996.909787276,RELATIVE_MOMENTUM_2X_weekly_189D,after_tax
2026-02-23,SSO,31615.07017245982,95045.87246208312,0.0,392996.909787276,RELATIVE_MOMENTUM_2X_weekly_189D,after_tax
2026-03-02,QLD,-43632.57552908594,138678.44799116906,0.0,392996.909787276,RELATIVE_MOMENTUM_2X_weekly_189D,after_tax
2026-03-09,SSO,-57087.579389497405,195766.02738066646,0.0,392996.909787276,RELATIVE_MOMENTUM_2X_weekly_189D,after_tax
2026-03-30,QLD,-132837.21400705003,328603.2413877165,0.0,392996.909787276,RELATIVE_MOMENTUM_2X_weekly_189D,after_tax
2026-04-06,SSO,61790.81847680546,266812.42291091103,0.0,392996.909787276,RELATIVE_MOMENTUM_2X_weekly_189D,after_tax
2026-08-03,QLD,456900.00761012593,0.0,38616.29283164551,431613.2026189215,RELATIVE_MOMENTUM_2X_weekly_189D,after_tax
2026-08-10,SSO,107900.127328882,0.0,21919.910866862378,453533.1134857839,RELATIVE_MOMENTUM_2X_weekly_189D,after_tax
2007-06-11,SSO,40193.646265227886,0.0,8165.3392387810445,8165.3392387810445,RELATIVE_MOMENTUM_2X_weekly_252D,after_tax
2008-02-11,QLD,-24355.50744218669,24355.50744218669,0.0,8165.3392387810445,RELATIVE_MOMENTUM_2X_weekly_252D,after_tax
2008-04-14,QLD,2468.910561189434,21886.596880997255,0.0,8165.3392387810445,RELATIVE_MOMENTUM_2X_weekly_252D,after_tax
2008-06-23,QLD,3383.6498882589513,18502.946992738303,0.0,8165.3392387810445,RELATIVE_MOMENTUM_2X_weekly_252D,after_tax
2008-09-02,QLD,-7032.6754917739745,25535.622484512278,0.0,8165.3392387810445,RELATIVE_MOMENTUM_2X_weekly_252D,after_tax
2011-06-20,QLD,57134.949555708285,0.0,6419.403294513469,14584.742533294513,RELATIVE_MOMENTUM_2X_weekly_252D,after_tax
2011-06-27,SSO,423.3745568191516,0.0,86.00854121781065,14670.751074512324,RELATIVE_MOMENTUM_2X_weekly_252D,after_tax
2012-10-08,QLD,79815.69611347734,0.0,16214.558665452922,30885.309739965247,RELATIVE_MOMENTUM_2X_weekly_252D,after_tax
2012-11-26,SSO,-15857.70552949651,15857.70552949651,0.0,30885.309739965247,RELATIVE_MOMENTUM_2X_weekly_252D,after_tax
2012-12-10,QLD,-281.2627874474856,16138.968316943996,0.0,30885.309739965247,RELATIVE_MOMENTUM_2X_weekly_252D,after_tax
2012-12-24,SSO,3413.573791609728,12725.394525334268,0.0,30885.309739965247,RELATIVE_MOMENTUM_2X_weekly_252D,after_tax
2013-01-22,QLD,13067.152744318038,0.0,69.42818218655295,30954.7379221518,RELATIVE_MOMENTUM_2X_weekly_252D,after_tax
2013-10-28,SSO,92450.12807399945,0.0,18781.24351823299,49735.981440384785,RELATIVE_MOMENTUM_2X_weekly_252D,after_tax
2016-02-08,QLD,89652.4171254473,0.0,18212.88853903462,67948.8699794194,RELATIVE_MOMENTUM_2X_weekly_252D,after_tax
2016-04-25,QLD,18002.212533837534,0.0,3657.1494762490947,71606.01945566849,RELATIVE_MOMENTUM_2X_weekly_252D,after_tax
2016-05-16,SSO,-12662.156164676242,12662.156164676242,0.0,71606.01945566849,RELATIVE_MOMENTUM_2X_weekly_252D,after_tax
2016-06-20,SSO,-2961.2027469106833,15623.358911586925,0.0,71606.01945566849,RELATIVE_MOMENTUM_2X_weekly_252D,after_tax
2016-08-15,SSO,34243.69639364083,0.0,3782.72155947925,75388.74101514774,RELATIVE_MOMENTUM_2X_weekly_252D,after_tax
2016-09-12,QLD,-25652.16348024312,25652.16348024312,0.0,75388.74101514774,RELATIVE_MOMENTUM_2X_weekly_252D,after_tax
2016-09-19,SSO,9211.083954538044,16441.079525705078,0.0,75388.74101514774,RELATIVE_MOMENTUM_2X_weekly_252D,after_tax
2016-11-07,QLD,-15350.970824618067,31792.050350323145,0.0,75388.74101514774,RELATIVE_MOMENTUM_2X_weekly_252D,after_tax
2017-01-30,SSO,62300.33064705937,0.0,6197.757142281964,81586.4981574297,RELATIVE_MOMENTUM_2X_weekly_252D,after_tax
2018-11-26,QLD,228884.81809666025,0.0,46497.95079633653,128084.44895376623,RELATIVE_MOMENTUM_2X_weekly_252D,after_tax
2018-12-03,SSO,66132.04719103745,0.0,13434.725386859258,141519.1743406255,RELATIVE_MOMENTUM_2X_weekly_252D,after_tax
2018-12-24,QLD,-190564.9027836721,190564.9027836721,0.0,141519.1743406255,RELATIVE_MOMENTUM_2X_weekly_252D,after_tax
2019-01-28,QLD,-6488.797279953142,197053.70006362523,0.0,141519.1743406255,RELATIVE_MOMENTUM_2X_weekly_252D,after_tax
2019-03-04,QLD,32681.23395993444,164372.4661036908,0.0,141519.1743406255,RELATIVE_MOMENTUM_2X_weekly_252D,after_tax
2019-03-18,SSO,2621.6718529589707,161750.79425073182,0.0,141519.1743406255,RELATIVE_MOMENTUM_2X_weekly_252D,after_tax
2019-06-10,QLD,15472.572424363345,146278.22182636848,0.0,141519.1743406255,RELATIVE_MOMENTUM_2X_weekly_252D,after_tax
2019-07-01,SSO,29211.10913716932,117067.11268919916,0.0,141519.1743406255,RELATIVE_MOMENTUM_2X_weekly_252D,after_tax
2019-07-15,QLD,19539.60847470723,97527.50421449193,0.0,141519.1743406255,RELATIVE_MOMENTUM_2X_weekly_252D,after_tax
2019-08-05,SSO,-49158.097397033824,146685.60161152575,0.0,141519.1743406255,RELATIVE_MOMENTUM_2X_weekly_252D,after_tax
2019-08-12,QLD,8591.16017133661,138094.44144018914,0.0,141519.1743406255,RELATIVE_MOMENTUM_2X_weekly_252D,after_tax
2019-09-09,SSO,30039.00988066243,108055.43155952671,0.0,141519.1743406255,RELATIVE_MOMENTUM_2X_weekly_252D,after_tax
2019-09-30,QLD,-24995.771608405572,133051.20316793228,0.0,141519.1743406255,RELATIVE_MOMENTUM_2X_weekly_252D,after_tax
2019-10-14,SSO,-1869.284609856084,134920.48777778837,0.0,141519.1743406255,RELATIVE_MOMENTUM_2X_weekly_252D,after_tax
2020-03-23,QLD,-134494.89779642288,269415.38557421125,0.0,141519.1743406255,RELATIVE_MOMENTUM_2X_weekly_252D,after_tax
2021-05-17,QLD,686120.729186163,0.0,84653.690554768,226172.8648953935,RELATIVE_MOMENTUM_2X_weekly_252D,after_tax
2021-05-24,SSO,7913.493540370371,0.0,1607.626212726241,227780.49110811972,RELATIVE_MOMENTUM_2X_weekly_252D,after_tax
2021-07-12,QLD,206714.74513647484,0.0,41994.100474474864,269774.59158259456,RELATIVE_MOMENTUM_2X_weekly_252D,after_tax
2021-07-19,SSO,-50500.58996630111,50500.58996630111,0.0,269774.59158259456,RELATIVE_MOMENTUM_2X_weekly_252D,after_tax
2021-08-23,QLD,90784.96923732874,0.0,8183.771648909264,277958.3632315038,RELATIVE_MOMENTUM_2X_weekly_252D,after_tax
2021-09-07,SSO,38489.796392791206,0.0,7819.202137195533,285777.5653686993,RELATIVE_MOMENTUM_2X_weekly_252D,after_tax
2021-10-04,QLD,-145592.75353126833,145592.75353126833,0.0,285777.5653686993,RELATIVE_MOMENTUM_2X_weekly_252D,after_tax
2021-11-08,SSO,185547.24510229076,0.0,8116.754962653206,293894.32033135253,RELATIVE_MOMENTUM_2X_weekly_252D,after_tax
2021-12-20,QLD,-123736.28795680567,123736.28795680567,0.0,293894.32033135253,RELATIVE_MOMENTUM_2X_weekly_252D,after_tax
2022-05-09,SSO,-250690.69428389973,374426.9822407054,0.0,293894.32033135253,RELATIVE_MOMENTUM_2X_weekly_252D,after_tax
2022-06-06,SSO,3339.1527326499345,371087.82950805547,0.0,293894.32033135253,RELATIVE_MOMENTUM_2X_weekly_252D,after_tax
2023-05-08,QLD,-1236.2711985871429,372324.1007066426,0.0,293894.32033135253,RELATIVE_MOMENTUM_2X_weekly_252D,after_tax
2024-09-09,QLD,644531.3682505639,0.0,55298.9064015476,349193.22673290013,RELATIVE_MOMENTUM_2X_weekly_252D,after_tax
2024-09-16,SSO,90227.6441416163,0.0,18329.74590736935,367522.9726402695,RELATIVE_MOMENTUM_2X_weekly_252D,after_tax
2024-10-07,QLD,77297.1627887336,0.0,15702.918620531233,383225.8912608007,RELATIVE_MOMENTUM_2X_weekly_252D,after_tax
2024-10-28,SSO,55295.853593730135,0.0,11233.352657566276,394459.24391836696,RELATIVE_MOMENTUM_2X_weekly_252D,after_tax
2024-11-18,QLD,-14252.852614658186,14252.852614658186,0.0,394459.24391836696,RELATIVE_MOMENTUM_2X_weekly_252D,after_tax
2024-12-09,SSO,113141.97315185424,0.0,20089.32483713138,414548.56875549833,RELATIVE_MOMENTUM_2X_weekly_252D,after_tax
2025-01-27,QLD,-113605.83332096552,113605.83332096552,0.0,414548.56875549833,RELATIVE_MOMENTUM_2X_weekly_252D,after_tax
2025-02-18,SSO,80171.29467604123,33434.538644924294,0.0,414548.56875549833,RELATIVE_MOMENTUM_2X_weekly_252D,after_tax
2025-03-03,QLD,-180340.764964866,213775.30360979028,0.0,414548.56875549833,RELATIVE_MOMENTUM_2X_weekly_252D,after_tax
2025-04-07,SSO,-506932.792526901,720708.0961366913,0.0,414548.56875549833,RELATIVE_MOMENTUM_2X_weekly_252D,after_tax
2025-04-28,SSO,21738.094841688755,698970.0012950025,0.0,414548.56875549833,RELATIVE_MOMENTUM_2X_weekly_252D,after_tax
2025-06-23,QLD,231509.30970624438,467460.69158875814,0.0,414548.56875549833,RELATIVE_MOMENTUM_2X_weekly_252D,after_tax
2025-06-30,SSO,92904.19370896718,374556.49787979096,0.0,414548.56875549833,RELATIVE_MOMENTUM_2X_weekly_252D,after_tax
2025-07-07,QLD,7840.927293161396,366715.57058662956,0.0,414548.56875549833,RELATIVE_MOMENTUM_2X_weekly_252D,after_tax
2025-07-21,SSO,19011.869055622024,347703.70153100754,0.0,414548.56875549833,RELATIVE_MOMENTUM_2X_weekly_252D,after_tax
2026-02-23,QLD,158828.62777841976,188875.07375258778,0.0,414548.56875549833,RELATIVE_MOMENTUM_2X_weekly_252D,after_tax
2026-03-02,SSO,-44434.37489006133,233309.4486426491,0.0,414548.56875549833,RELATIVE_MOMENTUM_2X_weekly_252D,after_tax
2006-12-01,SSO,23888.45012782664,0.0,4852.938643467982,4852.938643467982,RELATIVE_MOMENTUM_2X_monthly_126D,after_tax
2007-01-03,QLD,-2914.7856826800707,2914.7856826800707,0.0,4852.938643467982,RELATIVE_MOMENTUM_2X_monthly_126D,after_tax
2007-02-01,SSO,2122.696162794149,792.0895198859216,0.0,4852.938643467982,RELATIVE_MOMENTUM_2X_monthly_126D,after_tax
2007-04-02,QLD,-4604.797577556936,5396.887097442857,0.0,4852.938643467982,RELATIVE_MOMENTUM_2X_monthly_126D,after_tax
2007-05-01,SSO,9697.526739894383,0.0,873.6749433640275,5726.613586832009,RELATIVE_MOMENTUM_2X_monthly_126D,after_tax
2007-06-01,QLD,7491.338405291535,0.0,1521.8653970349753,7248.478983866984,RELATIVE_MOMENTUM_2X_monthly_126D,after_tax
2007-07-02,SSO,-5110.060522293905,5110.060522293905,0.0,7248.478983866984,RELATIVE_MOMENTUM_2X_monthly_126D,after_tax
2008-02-01,QLD,-18251.243459875725,23361.30398216963,0.0,7248.478983866984,RELATIVE_MOMENTUM_2X_monthly_126D,after_tax
2008-10-01,QLD,-31580.510802494508,54941.81478466414,0.0,7248.478983866984,RELATIVE_MOMENTUM_2X_monthly_126D,after_tax
2010-02-01,QLD,38311.311505633916,16630.50327903022,0.0,7248.478983866984,RELATIVE_MOMENTUM_2X_monthly_126D,after_tax
2010-03-01,SSO,5828.874863290053,10801.628415740168,0.0,7248.478983866984,RELATIVE_MOMENTUM_2X_monthly_126D,after_tax
2010-07-01,QLD,-12633.08101124705,23434.709426987218,0.0,7248.478983866984,RELATIVE_MOMENTUM_2X_monthly_126D,after_tax
2010-09-01,QLD,-10565.898175090872,34000.60760207809,0.0,7248.478983866984,RELATIVE_MOMENTUM_2X_monthly_126D,after_tax
2011-05-02,QLD,39121.63989743905,0.0,1040.3377108025786,8288.816694669562,RELATIVE_MOMENTUM_2X_monthly_126D,after_tax
2011-08-01,SSO,-11718.297977798604,11718.297977798604,0.0,8288.816694669562,RELATIVE_MOMENTUM_2X_monthly_126D,after_tax
2011-09-01,QLD,-16130.27518063497,27848.573158433574,0.0,8288.816694669562,RELATIVE_MOMENTUM_2X_monthly_126D,after_tax
2012-10-01,QLD,28350.5938605446,0.0,101.98550563385481,8390.802200303417,RELATIVE_MOMENTUM_2X_monthly_126D,after_tax
2013-08-01,SSO,52905.46998840489,0.0,10747.746228144453,19138.54842844787,RELATIVE_MOMENTUM_2X_monthly_126D,after_tax
2014-05-01,QLD,55527.800417838036,0.0,11280.472654883797,30419.021083331667,RELATIVE_MOMENTUM_2X_monthly_126D,after_tax
2014-06-02,SSO,10546.295443666982,0.0,2142.4799193809476,32561.501002712615,RELATIVE_MOMENTUM_2X_monthly_126D,after_tax
2015-09-01,QLD,48946.20471501033,0.0,9943.421487854348,42504.92249056696,RELATIVE_MOMENTUM_2X_monthly_126D,after_tax
2016-02-01,QLD,-47326.456586838554,47326.456586838554,0.0,42504.92249056696,RELATIVE_MOMENTUM_2X_monthly_126D,after_tax
2016-05-02,SSO,4925.576294030994,42400.88029280756,0.0,42504.92249056696,RELATIVE_MOMENTUM_2X_monthly_126D,after_tax
2016-09-01,SSO,18740.103451130824,23660.776841676736,0.0,42504.92249056696,RELATIVE_MOMENTUM_2X_monthly_126D,after_tax
2017-12-01,QLD,175963.47411466023,0.0,30940.292951006595,73445.21544157356,RELATIVE_MOMENTUM_2X_monthly_126D,after_tax
2018-01-02,SSO,11796.038954314485,0.0,2396.3653135689874,75841.58075514254,RELATIVE_MOMENTUM_2X_monthly_126D,after_tax
2018-12-03,QLD,60190.166657781636,0.0,12227.632356528338,88069.21311167088,RELATIVE_MOMENTUM_2X_monthly_126D,after_tax
2019-01-02,SSO,-102337.48637691897,102337.48637691897,0.0,88069.21311167088,RELATIVE_MOMENTUM_2X_monthly_126D,after_tax
2019-10-01,QLD,-12056.117843772168,114393.60422069114,0.0,88069.21311167088,RELATIVE_MOMENTUM_2X_monthly_126D,after_tax
2019-12-02,SSO,35614.72589303943,78778.8783276517,0.0,88069.21311167088,RELATIVE_MOMENTUM_2X_monthly_126D,after_tax
2021-03-01,QLD,397875.05549039424,0.0,64824.388390611144,152893.60150228202,RELATIVE_MOMENTUM_2X_monthly_126D,after_tax
2021-09-01,SSO,262660.5573339815,0.0,53359.492222398345,206253.09372468037,RELATIVE_MOMENTUM_2X_monthly_126D,after_tax
2022-02-01,QLD,-94313.32685635414,94313.32685635414,0.0,206253.09372468037,RELATIVE_MOMENTUM_2X_monthly_126D,after_tax
2022-03-01,SSO,-59684.45521942177,153997.7820757759,0.0,206253.09372468037,RELATIVE_MOMENTUM_2X_monthly_126D,after_tax
2022-05-02,SSO,-136171.39813227404,290169.18020804995,0.0,206253.09372468037,RELATIVE_MOMENTUM_2X_monthly_126D,after_tax
2023-02-01,SSO,-15332.510765490239,305501.6909735402,0.0,206253.09372468037,RELATIVE_MOMENTUM_2X_monthly_126D,after_tax
2024-06-03,QLD,514288.78316502576,0.0,42415.09777870029,248668.19150338066,RELATIVE_MOMENTUM_2X_monthly_126D,after_tax
2024-07-01,SSO,68622.35393750807,0.0,13940.631202404766,262608.8227057854,RELATIVE_MOMENTUM_2X_monthly_126D,after_tax
2024-08-01,QLD,-51477.56798617588,51477.56798617588,0.0,262608.8227057854,RELATIVE_MOMENTUM_2X_monthly_126D,after_tax
2024-11-01,SSO,54807.56854503951,0.0,676.4896135331458,263285.31231931853,RELATIVE_MOMENTUM_2X_monthly_126D,after_tax
2024-12-02,QLD,112554.1804808327,0.0,22865.381764681162,286150.69408399967,RELATIVE_MOMENTUM_2X_monthly_126D,after_tax
2025-02-03,SSO,-51645.2116982732,51645.2116982732,0.0,286150.69408399967,RELATIVE_MOMENTUM_2X_monthly_126D,after_tax
2025-04-01,QLD,-217119.81997761724,268765.03167589044,0.0,286150.69408399967,RELATIVE_MOMENTUM_2X_monthly_126D,after_tax
2026-03-02,QLD,259305.59707145207,9459.434604438371,0.0,286150.69408399967,RELATIVE_MOMENTUM_2X_monthly_126D,after_tax
2026-04-01,SSO,-90000.84211386973,99460.2767183081,0.0,286150.69408399967,RELATIVE_MOMENTUM_2X_monthly_126D,after_tax
2007-05-01,SSO,37022.488667330894,0.0,7521.118572768271,7521.118572768271,RELATIVE_MOMENTUM_2X_monthly_189D,after_tax
2008-02-01,QLD,-12200.500651208771,12200.500651208771,0.0,7521.118572768271,RELATIVE_MOMENTUM_2X_monthly_189D,after_tax
2008-07-01,QLD,-23444.598934157126,35645.0995853659,0.0,7521.118572768271,RELATIVE_MOMENTUM_2X_monthly_189D,after_tax
2011-07-01,QLD,88223.22808643806,0.0,10681.24680499281,18202.36537776108,RELATIVE_MOMENTUM_2X_monthly_189D,after_tax
2011-08-01,SSO,-3538.288362207939,3538.288362207939,0.0,18202.36537776108,RELATIVE_MOMENTUM_2X_monthly_189D,after_tax
2011-10-03,QLD,-39015.393792984076,42553.682155192015,0.0,18202.36537776108,RELATIVE_MOMENTUM_2X_monthly_189D,after_tax
2011-12-01,QLD,-2073.245733354619,44626.927888546634,0.0,18202.36537776108,RELATIVE_MOMENTUM_2X_monthly_189D,after_tax
2012-11-01,QLD,17624.346267609057,27002.581620937577,0.0,18202.36537776108,RELATIVE_MOMENTUM_2X_monthly_189D,after_tax
2013-10-01,SSO,62887.0253042485,0.0,7289.924734264613,25492.290112025694,RELATIVE_MOMENTUM_2X_monthly_189D,after_tax
2015-09-01,QLD,125707.0262865863,0.0,25537.38239012001,51029.6725021457,RELATIVE_MOMENTUM_2X_monthly_189D,after_tax
2016-02-01,QLD,-53259.57150351457,53259.57150351457,0.0,51029.6725021457,RELATIVE_MOMENTUM_2X_monthly_189D,after_tax
2016-05-02,QLD,-12599.914918756636,65859.4864222712,0.0,51029.6725021457,RELATIVE_MOMENTUM_2X_monthly_189D,after_tax
2016-11-01,SSO,10557.031739507016,55302.45468276419,0.0,51029.6725021457,RELATIVE_MOMENTUM_2X_monthly_189D,after_tax
2017-01-03,QLD,8841.785942681512,46460.66874008268,0.0,51029.6725021457,RELATIVE_MOMENTUM_2X_monthly_189D,after_tax
2017-02-01,SSO,6548.396345612011,39912.27239447067,0.0,51029.6725021457,RELATIVE_MOMENTUM_2X_monthly_189D,after_tax
2018-12-03,QLD,201105.75699625097,0.0,32746.45639685167,83776.12889899737,RELATIVE_MOMENTUM_2X_monthly_189D,after_tax
2019-01-02,SSO,-98468.77819250245,98468.77819250245,0.0,83776.12889899737,RELATIVE_MOMENTUM_2X_monthly_189D,after_tax
2019-03-01,QLD,26810.691853878612,71658.08633862383,0.0,83776.12889899737,RELATIVE_MOMENTUM_2X_monthly_189D,after_tax
2019-04-01,SSO,12172.22331592947,59485.863022694364,0.0,83776.12889899737,RELATIVE_MOMENTUM_2X_monthly_189D,after_tax
2019-06-03,QLD,-35388.801858908846,94874.66488160321,0.0,83776.12889899737,RELATIVE_MOMENTUM_2X_monthly_189D,after_tax
2019-08-01,SSO,441.7150035597151,94432.9498780435,0.0,83776.12889899737,RELATIVE_MOMENTUM_2X_monthly_189D,after_tax
2021-04-01,QLD,465559.92778471456,0.0,75394.44556174023,159170.57446073758,RELATIVE_MOMENTUM_2X_monthly_189D,after_tax
2021-09-01,SSO,206168.74930125324,0.0,41883.1814205496,201053.7558812872,RELATIVE_MOMENTUM_2X_monthly_189D,after_tax
2021-10-01,QLD,-103476.75584361958,103476.75584361958,0.0,201053.7558812872,RELATIVE_MOMENTUM_2X_monthly_189D,after_tax
2021-12-01,SSO,110405.58244741638,0.0,1407.5911245613197,202461.3470058485,RELATIVE_MOMENTUM_2X_monthly_189D,after_tax
2022-02-01,QLD,-155432.37783994921,155432.37783994921,0.0,202461.3470058485,RELATIVE_MOMENTUM_2X_monthly_189D,after_tax
2022-05-02,SSO,-129259.88043650007,284692.2582764493,0.0,202461.3470058485,RELATIVE_MOMENTUM_2X_monthly_189D,after_tax
2024-09-03,QLD,582903.6611518628,0.0,60581.64649414026,263042.99349998875,RELATIVE_MOMENTUM_2X_monthly_189D,after_tax
2025-01-02,SSO,101718.79957624176,0.0,20664.17413391351,283707.1676339023,RELATIVE_MOMENTUM_2X_monthly_189D,after_tax
2025-03-03,QLD,-33067.817290890496,33067.817290890496,0.0,283707.1676339023,RELATIVE_MOMENTUM_2X_monthly_189D,after_tax
2025-05-01,SSO,-166603.2115101643,199671.0288010548,0.0,283707.1676339023,RELATIVE_MOMENTUM_2X_monthly_189D,after_tax
2026-03-02,QLD,450347.68562808307,0.0,50924.96283441079,334632.13046831306,RELATIVE_MOMENTUM_2X_monthly_189D,after_tax
2026-05-01,SSO,168958.8832156018,0.0,34323.9971252495,368956.1275935626,RELATIVE_MOMENTUM_2X_monthly_189D,after_tax
2026-08-03,QLD,44319.99550066586,0.0,9003.607085960268,377959.73467952287,RELATIVE_MOMENTUM_2X_monthly_189D,after_tax
2007-07-02,SSO,40704.55436047165,0.0,8269.130218329816,8269.130218329816,RELATIVE_MOMENTUM_2X_monthly_252D,after_tax
2008-03-03,QLD,-32552.439771437726,32552.439771437726,0.0,8269.130218329816,RELATIVE_MOMENTUM_2X_monthly_252D,after_tax
2008-07-01,QLD,-636.9889067380864,33189.42867817581,0.0,8269.130218329816,RELATIVE_MOMENTUM_2X_monthly_252D,after_tax
2012-11-01,QLD,116280.32725429324,0.0,16879.916045738253,25149.04626406807,RELATIVE_MOMENTUM_2X_monthly_252D,after_tax
2012-12-03,SSO,2518.553952748509,0.0,511.64423550085957,25660.69049956893,RELATIVE_MOMENTUM_2X_monthly_252D,after_tax
2013-02-01,QLD,7345.339640708582,0.0,1492.2057480099484,27152.89624757888,RELATIVE_MOMENTUM_2X_monthly_252D,after_tax
2013-11-01,SSO,77982.4914479164,0.0,15842.143137644216,42995.03938522309,RELATIVE_MOMENTUM_2X_monthly_252D,after_tax
2016-03-01,QLD,133009.9571070092,0.0,27020.972786288916,70016.012171512,RELATIVE_MOMENTUM_2X_monthly_252D,after_tax
2016-05-02,QLD,-19118.366278575035,19118.366278575035,0.0,70016.012171512,RELATIVE_MOMENTUM_2X_monthly_252D,after_tax
2016-09-01,SSO,36983.07475656393,0.0,3629.2155273034446,73645.22769881545,RELATIVE_MOMENTUM_2X_monthly_252D,after_tax
2016-11-01,QLD,4186.25634160667,0.0,850.4379757973949,74495.66567461284,RELATIVE_MOMENTUM_2X_monthly_252D,after_tax
2017-02-01,SSO,60497.468897565035,0.0,12290.060806540338,86785.72648115318,RELATIVE_MOMENTUM_2X_monthly_252D,after_tax
2019-01-02,QLD,148470.2318948104,0.0,30161.72760943073,116947.45409058391,RELATIVE_MOMENTUM_2X_monthly_252D,after_tax
2019-09-03,QLD,112569.68869648746,0.0,22868.532258691426,139815.98634927534,RELATIVE_MOMENTUM_2X_monthly_252D,after_tax
2019-11-01,SSO,65998.23181604594,0.0,13407.540793429733,153223.52714270508,RELATIVE_MOMENTUM_2X_monthly_252D,after_tax
2021-09-01,QLD,1487761.215384458,0.0,302238.69090535265,455462.21804805775,RELATIVE_MOMENTUM_2X_monthly_252D,after_tax
2021-12-01,SSO,71945.74073757115,0.0,14615.777230837579,470077.9952788953,RELATIVE_MOMENTUM_2X_monthly_252D,after_tax
2022-01-03,QLD,-1943.1155449205544,1943.1155449205544,0.0,470077.9952788953,RELATIVE_MOMENTUM_2X_monthly_252D,after_tax
2022-06-01,SSO,-505646.0832657048,507589.19881062536,0.0,470077.9952788953,RELATIVE_MOMENTUM_2X_monthly_252D,after_tax
2024-12-02,QLD,1729239.1237612204,0.0,248178.18225371337,718256.1775326086,RELATIVE_MOMENTUM_2X_monthly_252D,after_tax
2025-01-02,SSO,-134259.09206475364,134259.09206475364,0.0,718256.1775326086,RELATIVE_MOMENTUM_2X_monthly_252D,after_tax
2025-02-03,QLD,-35524.00233414257,169783.0943988962,0.0,718256.1775326086,RELATIVE_MOMENTUM_2X_monthly_252D,after_tax
2025-05-01,SSO,-373181.30982576543,542964.4042246616,0.0,718256.1775326086,RELATIVE_MOMENTUM_2X_monthly_252D,after_tax
2007-03-01,SSO,19673.391262314297,0.0,3996.649434939149,3996.649434939149,RELATIVE_MOMENTUM_2X_bimonthly_126D,after_tax
2008-03-03,QLD,-9303.60840247682,9303.60840247682,0.0,3996.649434939149,RELATIVE_MOMENTUM_2X_bimonthly_126D,after_tax
2008-11-03,QLD,-58781.11969190316,68084.72809437997,0.0,3996.649434939149,RELATIVE_MOMENTUM_2X_bimonthly_126D,after_tax
2010-07-01,QLD,23167.914204606823,44916.81388977315,0.0,3996.649434939149,RELATIVE_MOMENTUM_2X_bimonthly_126D,after_tax
2011-05-02,QLD,18717.834377921055,26198.979511852092,0.0,3996.649434939149,RELATIVE_MOMENTUM_2X_bimonthly_126D,after_tax
2011-09-01,SSO,-19742.347582056595,45941.32709390869,0.0,3996.649434939149,RELATIVE_MOMENTUM_2X_bimonthly_126D,after_tax
2012-11-01,QLD,724.1397399041307,45217.187354004556,0.0,3996.649434939149,RELATIVE_MOMENTUM_2X_bimonthly_126D,after_tax
2013-09-03,SSO,26360.88321506619,18856.304138938365,0.0,3996.649434939149,RELATIVE_MOMENTUM_2X_bimonthly_126D,after_tax
2014-05-01,QLD,31636.424545329137,0.0,2596.2814605582853,6592.930895497435,RELATIVE_MOMENTUM_2X_bimonthly_126D,after_tax
2014-07-01,SSO,11689.73684541932,0.0,2374.7700401469347,8967.70093564437,RELATIVE_MOMENTUM_2X_bimonthly_126D,after_tax
2015-09-01,QLD,18813.500259838213,0.0,3821.962577786133,12789.663513430503,RELATIVE_MOMENTUM_2X_bimonthly_126D,after_tax
2016-03-01,QLD,-27720.26815669841,27720.26815669841,0.0,12789.663513430503,RELATIVE_MOMENTUM_2X_bimonthly_126D,after_tax
2016-09-01,SSO,9074.149240490617,18646.118916207794,0.0,12789.663513430503,RELATIVE_MOMENTUM_2X_bimonthly_126D,after_tax
2019-01-02,QLD,71964.69137046373,0.0,10831.667994082092,23621.331507512594,RELATIVE_MOMENTUM_2X_bimonthly_126D,after_tax
2019-11-01,QLD,9216.963500425423,0.0,1872.4261351114246,25493.75764262402,RELATIVE_MOMENTUM_2X_bimonthly_126D,after_tax
2020-01-02,SSO,26022.4090899961,0.0,5286.452406632708,30780.210049256726,RELATIVE_MOMENTUM_2X_bimonthly_126D,after_tax
2021-03-01,QLD,200121.67711840288,0.0,40654.71870660354,71434.92875586027,RELATIVE_MOMENTUM_2X_bimonthly_126D,after_tax
2021-09-01,SSO,142719.6856980808,0.0,28993.504149565117,100428.43290542538,RELATIVE_MOMENTUM_2X_bimonthly_126D,after_tax
2022-03-01,QLD,-99132.66501300997,99132.66501300997,0.0,100428.43290542538,RELATIVE_MOMENTUM_2X_bimonthly_126D,after_tax
2023-03-01,SSO,16909.739303394163,82222.92570961581,0.0,100428.43290542538,RELATIVE_MOMENTUM_2X_bimonthly_126D,after_tax
2024-09-03,QLD,382237.7104220806,0.0,60948.00351433722,161376.4364197626,RELATIVE_MOMENTUM_2X_bimonthly_126D,after_tax
2024-11-01,SSO,22672.849798012525,0.0,4605.989436466244,165982.42585622886,RELATIVE_MOMENTUM_2X_bimonthly_126D,after_tax
2025-01-02,QLD,80930.20573897252,0.0,16440.971295872267,182423.39715210113,RELATIVE_MOMENTUM_2X_bimonthly_126D,after_tax
2025-03-03,SSO,7544.6677778600715,0.0,1532.6992590722734,183956.0964111734,RELATIVE_MOMENTUM_2X_bimonthly_126D,after_tax
2025-05-01,QLD,-117059.96279308142,117059.96279308142,0.0,183956.0964111734,RELATIVE_MOMENTUM_2X_bimonthly_126D,after_tax
2026-03-02,QLD,91760.79794345214,25299.164849629276,0.0,183956.0964111734,RELATIVE_MOMENTUM_2X_bimonthly_126D,after_tax
2026-05-01,SSO,95240.83319515188,0.0,14208.649924392916,198164.74633556633,RELATIVE_MOMENTUM_2X_bimonthly_126D,after_tax
2007-05-01,SSO,37022.488667330894,0.0,7521.118572768271,7521.118572768271,RELATIVE_MOMENTUM_2X_bimonthly_189D,after_tax
2008-03-03,QLD,-25665.515270439442,25665.515270439442,0.0,7521.118572768271,RELATIVE_MOMENTUM_2X_bimonthly_189D,after_tax
2011-07-01,QLD,98401.80023255819,0.0,14776.376290054424,22297.494862822696,RELATIVE_MOMENTUM_2X_bimonthly_189D,after_tax
2011-09-01,SSO,-30496.830583695963,30496.830583695963,0.0,22297.494862822696,RELATIVE_MOMENTUM_2X_bimonthly_189D,after_tax
2012-01-03,QLD,6978.640469442325,23518.190114253637,0.0,22297.494862822696,RELATIVE_MOMENTUM_2X_bimonthly_189D,after_tax
2012-11-01,QLD,1702.4019435398222,21815.788170713815,0.0,22297.494862822696,RELATIVE_MOMENTUM_2X_bimonthly_189D,after_tax
2013-11-01,SSO,94356.1169372875,0.0,14736.567788929444,37034.06265175214,RELATIVE_MOMENTUM_2X_bimonthly_189D,after_tax
2015-09-01,QLD,116277.08943092212,0.0,23621.690717891826,60655.753369643964,RELATIVE_MOMENTUM_2X_bimonthly_189D,after_tax
2016-03-01,QLD,-62378.81725821481,62378.81725821481,0.0,60655.753369643964,RELATIVE_MOMENTUM_2X_bimonthly_189D,after_tax
2016-11-01,SSO,9908.078570492682,52470.73868772213,0.0,60655.753369643964,RELATIVE_MOMENTUM_2X_bimonthly_189D,after_tax
2017-01-03,QLD,10307.46367534221,42163.27501237992,0.0,60655.753369643964,RELATIVE_MOMENTUM_2X_bimonthly_189D,after_tax
2017-03-01,SSO,29660.414925783,12502.86008659692,0.0,60655.753369643964,RELATIVE_MOMENTUM_2X_bimonthly_189D,after_tax
2019-01-02,QLD,75038.39344860363,0.0,12704.093602491663,73359.84697213562,RELATIVE_MOMENTUM_2X_bimonthly_189D,after_tax
2019-05-01,SSO,40406.163886105875,0.0,8208.512193462408,81568.35916559803,RELATIVE_MOMENTUM_2X_bimonthly_189D,after_tax
2019-07-01,QLD,-5815.551705176127,5815.551705176127,0.0,81568.35916559803,RELATIVE_MOMENTUM_2X_bimonthly_189D,after_tax
2019-09-03,SSO,-21707.606339901744,27523.15804507787,0.0,81568.35916559803,RELATIVE_MOMENTUM_2X_bimonthly_189D,after_tax
2021-05-03,QLD,707972.9551763355,0.0,138233.37628721498,219801.735452813,RELATIVE_MOMENTUM_2X_bimonthly_189D,after_tax
2021-09-01,SSO,155221.72326912137,0.0,31533.293082122007,251335.02853493503,RELATIVE_MOMENTUM_2X_bimonthly_189D,after_tax
2021-11-01,QLD,26480.19834131794,0.0,5379.452293038739,256714.48082797378,RELATIVE_MOMENTUM_2X_bimonthly_189D,after_tax
2022-01-03,SSO,77893.79798597866,0.0,15824.125060851564,272538.6058888253,RELATIVE_MOMENTUM_2X_bimonthly_189D,after_tax
2022-03-01,QLD,-307689.83809005504,307689.83809005504,0.0,272538.6058888253,RELATIVE_MOMENTUM_2X_bimonthly_189D,after_tax
2022-05-02,SSO,-95307.68577117461,402997.52386122965,0.0,272538.6058888253,RELATIVE_MOMENTUM_2X_bimonthly_189D,after_tax
2024-09-03,QLD,711200.3179156249,0.0,62611.3976121504,335150.0035009757,RELATIVE_MOMENTUM_2X_bimonthly_189D,after_tax
2025-01-02,SSO,127138.88531532302,0.0,25828.26455180787,360978.2680527836,RELATIVE_MOMENTUM_2X_bimonthly_189D,after_tax
2025-03-03,QLD,-41331.646142986836,41331.646142986836,0.0,360978.2680527836,RELATIVE_MOMENTUM_2X_bimonthly_189D,after_tax
2025-05-01,SSO,-208238.26755327405,249569.9136962609,0.0,360978.2680527836,RELATIVE_MOMENTUM_2X_bimonthly_189D,after_tax
2026-03-02,QLD,562892.0415264452,0.0,63651.390268701936,424629.65832148556,RELATIVE_MOMENTUM_2X_bimonthly_189D,after_tax
2026-05-01,SSO,211182.634534067,0.0,42901.75220559571,467531.4105270813,RELATIVE_MOMENTUM_2X_bimonthly_189D,after_tax
2006-07-03,QLD,-332.6960548374627,332.6960548374627,0.0,0.0,RELATIVE_MOMENTUM_2X_bimonthly_252D,after_tax
2007-07-02,SSO,34929.30526548534,0.0,7028.301161143116,7028.301161143116,RELATIVE_MOMENTUM_2X_bimonthly_252D,after_tax
2008-03-03,QLD,-31356.109526018554,31356.109526018554,0.0,7028.301161143116,RELATIVE_MOMENTUM_2X_bimonthly_252D,after_tax
2008-07-01,QLD,-10641.228497507967,41997.33802352652,0.0,7028.301161143116,RELATIVE_MOMENTUM_2X_bimonthly_252D,after_tax
2012-11-01,QLD,111219.09484079144,0.0,14062.399897427367,21090.701058570485,RELATIVE_MOMENTUM_2X_bimonthly_252D,after_tax
2013-01-02,SSO,10543.730610446073,0.0,2141.9588735121197,23232.659932082606,RELATIVE_MOMENTUM_2X_bimonthly_252D,after_tax
2013-03-01,QLD,8.071108059666585,0.0,1.6396456023212667,23234.299577684927,RELATIVE_MOMENTUM_2X_bimonthly_252D,after_tax
2013-11-01,SSO,71125.57760154651,0.0,14449.161089754172,37683.460667439096,RELATIVE_MOMENTUM_2X_bimonthly_252D,after_tax
2016-03-01,QLD,122694.56226022396,0.0,24925.400323164497,62608.86099060359,RELATIVE_MOMENTUM_2X_bimonthly_252D,after_tax
2016-09-01,SSO,35949.47498132102,0.0,7303.1358424553655,69911.99683305896,RELATIVE_MOMENTUM_2X_bimonthly_252D,after_tax
2016-11-01,QLD,4028.6170220390777,0.0,818.4135480272387,70730.4103810862,RELATIVE_MOMENTUM_2X_bimonthly_252D,after_tax
2017-03-01,SSO,89848.53188112885,0.0,18252.729251651326,88983.13963273753,RELATIVE_MOMENTUM_2X_bimonthly_252D,after_tax
2019-01-02,QLD,103543.19061068248,0.0,21034.799172560146,110017.93880529767,RELATIVE_MOMENTUM_2X_bimonthly_252D,after_tax
2019-09-03,QLD,58534.96019412554,0.0,11891.377163436602,121909.31596873427,RELATIVE_MOMENTUM_2X_bimonthly_252D,after_tax
2019-11-01,SSO,58849.19226291182,0.0,11955.213408210537,133864.52937694482,RELATIVE_MOMENTUM_2X_bimonthly_252D,after_tax
2021-09-01,QLD,1326604.41645615,0.0,269499.68720306683,403364.21658001165,RELATIVE_MOMENTUM_2X_bimonthly_252D,after_tax
2022-07-01,SSO,-548077.7798439115,548077.7798439115,0.0,403364.21658001165,RELATIVE_MOMENTUM_2X_bimonthly_252D,after_tax
2025-03-03,QLD,1318287.7461138696,0.0,156468.154647742,559832.3712277536,RELATIVE_MOMENTUM_2X_bimonthly_252D,after_tax
2025-05-01,SSO,-324224.3848677692,324224.3848677692,0.0,559832.3712277536,RELATIVE_MOMENTUM_2X_bimonthly_252D,after_tax
2006-07-03,QLD,-332.6960548374627,332.6960548374627,0.0,0.0,RELATIVE_MOMENTUM_2X_quarterly_126D,after_tax
2007-07-02,SSO,34929.30526548534,0.0,7028.301161143116,7028.301161143116,RELATIVE_MOMENTUM_2X_quarterly_126D,after_tax
2008-04-01,QLD,-25315.511811901393,25315.511811901393,0.0,7028.301161143116,RELATIVE_MOMENTUM_2X_quarterly_126D,after_tax
2010-07-01,QLD,32779.215524293715,0.0,1516.2514091725002,8544.552570315616,RELATIVE_MOMENTUM_2X_quarterly_126D,after_tax
2011-07-01,QLD,41892.35883020086,0.0,8510.432696355305,17054.98526667092,RELATIVE_MOMENTUM_2X_quarterly_126D,after_tax
2011-10-03,SSO,-48422.6870832507,48422.6870832507,0.0,17054.98526667092,RELATIVE_MOMENTUM_2X_quarterly_126D,after_tax
2012-10-01,QLD,3990.354796113781,44432.33228713692,0.0,17054.98526667092,RELATIVE_MOMENTUM_2X_quarterly_126D,after_tax
2013-10-01,SSO,46071.49750107828,0.0,332.99641321218803,17387.98167988311,RELATIVE_MOMENTUM_2X_quarterly_126D,after_tax
2015-10-01,QLD,106272.41071566276,0.0,21589.24023688689,38977.221916769995,RELATIVE_MOMENTUM_2X_quarterly_126D,after_tax
2016-04-01,QLD,-6934.74120606872,6934.74120606872,0.0,38977.221916769995,RELATIVE_MOMENTUM_2X_quarterly_126D,after_tax
2016-10-03,SSO,29822.006540528295,0.0,4649.547952695462,43626.769869465454,RELATIVE_MOMENTUM_2X_quarterly_126D,after_tax
2019-01-02,QLD,133381.0522057052,0.0,27096.360755589012,70723.13062505447,RELATIVE_MOMENTUM_2X_quarterly_126D,after_tax
2019-10-01,QLD,-8516.72738137783,8516.72738137783,0.0,70723.13062505447,RELATIVE_MOMENTUM_2X_quarterly_126D,after_tax
2020-01-02,SSO,66347.8170410305,0.0,11748.38586435844,82471.51648941291,RELATIVE_MOMENTUM_2X_quarterly_126D,after_tax
2021-04-01,QLD,397604.05586711765,0.0,80773.26394940495,163244.78043881786,RELATIVE_MOMENTUM_2X_quarterly_126D,after_tax
2021-10-01,SSO,125269.58502263564,0.0,25448.516197348432,188693.29663616628,RELATIVE_MOMENTUM_2X_quarterly_126D,after_tax
2022-04-01,QLD,-10829.815169957583,10829.815169957583,0.0,188693.29663616628,RELATIVE_MOMENTUM_2X_quarterly_126D,after_tax
2022-07-01,SSO,-268211.6198571301,279041.4350270877,0.0,188693.29663616628,RELATIVE_MOMENTUM_2X_quarterly_126D,after_tax
2023-04-03,SSO,63857.70105063729,215183.7339764504,0.0,188693.29663616628,RELATIVE_MOMENTUM_2X_quarterly_126D,after_tax
2024-10-01,QLD,666833.0693881109,0.0,91752.56248887883,280445.8591250451,RELATIVE_MOMENTUM_2X_quarterly_126D,after_tax
2025-04-01,SSO,-99398.12978662131,99398.12978662131,0.0,280445.8591250451,RELATIVE_MOMENTUM_2X_quarterly_126D,after_tax
2026-04-01,QLD,65261.17358071054,34136.95620591077,0.0,280445.8591250451,RELATIVE_MOMENTUM_2X_quarterly_126D,after_tax
2006-07-03,QLD,-332.6960548374627,332.6960548374627,0.0,0.0,RELATIVE_MOMENTUM_2X_quarterly_189D,after_tax
2007-07-02,SSO,34929.30526548534,0.0,7028.301161143116,7028.301161143116,RELATIVE_MOMENTUM_2X_quarterly_189D,after_tax
2008-04-01,QLD,-25315.511811901393,25315.511811901393,0.0,7028.301161143116,RELATIVE_MOMENTUM_2X_quarterly_189D,after_tax
2011-07-01,QLD,76525.79474717392,0.0,10403.368978300614,17431.67013944373,RELATIVE_MOMENTUM_2X_quarterly_189D,after_tax
2011-10-03,SSO,-48851.37031811733,48851.37031811733,0.0,17431.67013944373,RELATIVE_MOMENTUM_2X_quarterly_189D,after_tax
2013-01-02,QLD,-3548.0021445243765,52399.37246264171,0.0,17431.67013944373,RELATIVE_MOMENTUM_2X_quarterly_189D,after_tax
2013-10-01,SSO,41269.882487307885,11129.489975333825,0.0,17431.67013944373,RELATIVE_MOMENTUM_2X_quarterly_189D,after_tax
2015-10-01,QLD,99348.98929133196,0.0,17921.791286045023,35353.46142548876,RELATIVE_MOMENTUM_2X_quarterly_189D,after_tax
2016-07-01,QLD,-11959.995526865474,11959.995526865474,0.0,35353.46142548876,RELATIVE_MOMENTUM_2X_quarterly_189D,after_tax
2017-04-03,SSO,64422.81043483087,0.0,10657.82084855317,46011.28227404193,RELATIVE_MOMENTUM_2X_quarterly_189D,after_tax
2019-01-02,QLD,55393.044267202844,0.0,11253.096942882257,57264.379216924186,RELATIVE_MOMENTUM_2X_quarterly_189D,after_tax
2019-07-01,QLD,28072.377764910983,0.0,5702.903542941666,62967.282759865855,RELATIVE_MOMENTUM_2X_quarterly_189D,after_tax
2019-10-01,SSO,351.80569578462746,0.0,71.46932709864707,63038.7520869645,RELATIVE_MOMENTUM_2X_quarterly_189D,after_tax
2021-04-01,QLD,509299.5932673997,0.0,103464.21237227225,166502.96445923674,RELATIVE_MOMENTUM_2X_quarterly_189D,after_tax
2022-01-03,SSO,320953.1097709981,0.0,65201.62424997827,231704.588709215,RELATIVE_MOMENTUM_2X_quarterly_189D,after_tax
2022-04-01,QLD,-196956.3397974379,196956.3397974379,0.0,231704.588709215,RELATIVE_MOMENTUM_2X_quarterly_189D,after_tax
2022-07-01,SSO,-262579.0537600148,459535.3935574527,0.0,231704.588709215,RELATIVE_MOMENTUM_2X_quarterly_189D,after_tax
2024-10-01,QLD,586123.948250787,0.0,25716.464885950856,257421.05359516584,RELATIVE_MOMENTUM_2X_quarterly_189D,after_tax
2025-01-02,SSO,45994.3282963261,0.0,9343.747793398647,266764.80138856446,RELATIVE_MOMENTUM_2X_quarterly_189D,after_tax
2025-04-01,QLD,-223592.41561628692,223592.41561628692,0.0,266764.80138856446,RELATIVE_MOMENTUM_2X_quarterly_189D,after_tax
2025-07-01,SSO,169362.99048435886,54229.42513192806,0.0,266764.80138856446,RELATIVE_MOMENTUM_2X_quarterly_189D,after_tax
2026-04-01,QLD,64757.48258046131,0.0,2138.7748706695293,268903.576259234,RELATIVE_MOMENTUM_2X_quarterly_189D,after_tax
2026-07-01,SSO,323744.5015006161,0.0,65768.69547985015,334672.27173908416,RELATIVE_MOMENTUM_2X_quarterly_189D,after_tax
2006-07-03,QLD,-332.6960548374627,332.6960548374627,0.0,0.0,RELATIVE_MOMENTUM_2X_quarterly_252D,after_tax
2007-07-02,SSO,34929.30526548534,0.0,7028.301161143116,7028.301161143116,RELATIVE_MOMENTUM_2X_quarterly_252D,after_tax
2008-07-01,QLD,-25865.962322091233,25865.962322091233,0.0,7028.301161143116,RELATIVE_MOMENTUM_2X_quarterly_252D,after_tax
2013-04-01,QLD,145791.79363113927,0.0,24362.932630433108,31391.233791576225,RELATIVE_MOMENTUM_2X_quarterly_252D,after_tax
2014-01-02,SSO,88205.39914983959,0.0,17918.926837289913,49310.16062886614,RELATIVE_MOMENTUM_2X_quarterly_252D,after_tax
2016-07-01,QLD,130690.33323858859,0.0,26549.741197419273,75859.90182628541,RELATIVE_MOMENTUM_2X_quarterly_252D,after_tax
2016-10-03,SSO,26177.688012707047,0.0,5317.997319781437,81177.89914606685,RELATIVE_MOMENTUM_2X_quarterly_252D,after_tax
2017-01-03,QLD,4559.605891845014,0.0,926.2839369283147,82104.18308299517,RELATIVE_MOMENTUM_2X_quarterly_252D,after_tax
2017-04-03,SSO,42438.187675297726,0.0,8621.317826236733,90725.5009092319,RELATIVE_MOMENTUM_2X_quarterly_252D,after_tax
2019-01-02,QLD,90031.7730623479,0.0,18289.954697615976,109015.45560684787,RELATIVE_MOMENTUM_2X_quarterly_252D,after_tax
2019-10-01,QLD,33251.53425422311,0.0,6755.049183745425,115770.50479059329,RELATIVE_MOMENTUM_2X_quarterly_252D,after_tax
2020-01-02,SSO,99659.74689120438,0.0,20245.87758094817,136016.38237154146,RELATIVE_MOMENTUM_2X_quarterly_252D,after_tax
2021-10-01,QLD,859907.6624318645,0.0,174690.24162303327,310706.62399457477,RELATIVE_MOMENTUM_2X_quarterly_252D,after_tax
2022-07-01,SSO,-341896.094465825,341896.094465825,0.0,310706.62399457477,RELATIVE_MOMENTUM_2X_quarterly_252D,after_tax
2025-04-01,QLD,365683.6240771391,0.0,4832.436640538453,315539.0606351132,RELATIVE_MOMENTUM_2X_quarterly_252D,after_tax
2025-07-01,SSO,245512.99391066446,0.0,49875.964712951485,365415.0253480647,RELATIVE_MOMENTUM_2X_quarterly_252D,after_tax
