date,asset,side,shares,price,notional,transaction_cost,realized_gain,strategy,tax_mode
2006-07-03,SPY,BUY,1132.7262107545278,88.23846754718237,99950.02498750626,49.97501249375313,0.0,RELATIVE_MOMENTUM_1X_weekly_126D,pre_tax
2006-07-17,SPY,SELL,1132.7262107545278,85.5309974045709,96883.20259213494,48.441601296067475,-3165.239009161145,RELATIVE_MOMENTUM_1X_weekly_126D,pre_tax
2006-07-31,SPY,BUY,1094.8968375656102,88.39770514099746,96786.3678069354,48.3931839034677,0.0,RELATIVE_MOMENTUM_1X_weekly_126D,pre_tax
2006-11-20,SPY,SELL,1094.8968375656102,97.57750227234536,106837.29865554208,53.41864932777104,9949.119015375443,RELATIVE_MOMENTUM_1X_weekly_126D,pre_tax
2006-11-20,QQQ,BUY,2824.9865049327173,37.78089366532457,106730.5147488399,53.36525737441995,0.0,RELATIVE_MOMENTUM_1X_weekly_126D,pre_tax
2006-12-26,QQQ,SELL,2824.9865049327173,36.77334599862973,103884.20618735052,51.94210309367526,-2951.6159219574765,RELATIVE_MOMENTUM_1X_weekly_126D,pre_tax
2006-12-26,SPY,BUY,1053.8452488815562,98.47781162125092,103780.37389730819,51.8901869486541,0.0,RELATIVE_MOMENTUM_1X_weekly_126D,pre_tax
2007-01-08,SPY,SELL,1053.8452488815562,98.48485946837495,103787.8012375147,51.89390061875735,-96.3567473609146,RELATIVE_MOMENTUM_1X_weekly_126D,pre_tax
2007-01-08,QQQ,BUY,2757.872299239724,37.595673060288874,103684.06530424382,51.84203265212191,0.0,RELATIVE_MOMENTUM_1X_weekly_126D,pre_tax
2007-04-02,QQQ,SELL,2757.872299239724,37.4307855026221,103229.32647646533,51.614663238232666,-558.1955236688373,RELATIVE_MOMENTUM_1X_weekly_126D,pre_tax
2007-04-02,SPY,BUY,1033.1594859895856,99.81629180908203,103126.14873885768,51.56307436942884,0.0,RELATIVE_MOMENTUM_1X_weekly_126D,pre_tax
2007-04-09,SPY,SELL,1033.1594859895856,101.5646799217734,104932.5125026762,52.4662562513381,1702.3344331977423,RELATIVE_MOMENTUM_1X_weekly_126D,pre_tax
2007-04-09,QQQ,BUY,2735.4293148116167,38.32218652574798,104827.63243020976,52.41381621510488,0.0,RELATIVE_MOMENTUM_1X_weekly_126D,pre_tax
2007-04-16,QQQ,SELL,2735.4293148116167,38.42505711240414,105109.0276485809,52.55451382429045,176.4268883317418,RELATIVE_MOMENTUM_1X_weekly_126D,pre_tax
2007-04-16,SPY,BUY,1025.4975837891109,102.39319215283068,105003.97114918202,52.50198557459101,0.0,RELATIVE_MOMENTUM_1X_weekly_126D,pre_tax
2007-04-30,SPY,SELL,1025.4975837891109,105.06835493033441,107747.34411375465,53.873672056877325,2636.9973069411644,RELATIVE_MOMENTUM_1X_weekly_126D,pre_tax
2007-04-30,QQQ,BUY,2701.2641385931024,39.84788050843908,107639.65061638958,53.819825308194794,0.0,RELATIVE_MOMENTUM_1X_weekly_126D,pre_tax
2007-05-07,QQQ,SELL,2701.2641385931024,39.99358159171657,108033.22772760122,54.01661386380061,285.7406720396393,RELATIVE_MOMENTUM_1X_weekly_126D,pre_tax
2007-05-07,SPY,BUY,1018.7489862713093,105.9389996396526,107925.24848949267,53.96262424474634,0.0,RELATIVE_MOMENTUM_1X_weekly_126D,pre_tax
2007-06-25,SPY,SELL,1018.7489862713093,105.94430296174747,107930.6512435007,53.96532562175035,-102.5251958584704,RELATIVE_MOMENTUM_1X_weekly_126D,pre_tax
2007-06-25,QQQ,BUY,2657.4458835493942,40.57383640362268,107822.77453061365,53.91138726530683,0.0,RELATIVE_MOMENTUM_1X_weekly_126D,pre_tax
2008-01-07,QQQ,SELL,2657.4458835493942,41.58231318387644,110502.74699895414,55.251373499477076,2570.8097075757105,RELATIVE_MOMENTUM_1X_weekly_126D,pre_tax
2008-05-19,QQQ,BUY,2565.264191179645,43.03350113227619,110392.29947571682,55.19614973785841,0.0,RELATIVE_MOMENTUM_1X_weekly_126D,pre_tax
2008-05-27,QQQ,SELL,2565.264191179645,41.52882561570136,106532.40925370266,53.266204626851334,-3968.352576378893,RELATIVE_MOMENTUM_1X_weekly_126D,pre_tax
2008-07-28,QQQ,BUY,2732.923798887061,38.94215057418507,106425.9300840338,53.2129650420169,0.0,RELATIVE_MOMENTUM_1X_weekly_126D,pre_tax
2008-08-04,QQQ,SELL,2732.923798887061,38.60659125902495,105508.87204569447,52.75443602284724,-1023.025439404184,RELATIVE_MOMENTUM_1X_weekly_126D,pre_tax
2008-08-11,QQQ,BUY,2589.9310531653077,40.697382956546676,105403.41590172077,52.70170795086039,0.0,RELATIVE_MOMENTUM_1X_weekly_126D,pre_tax
2008-09-22,QQQ,SELL,2589.9310531653077,36.79869529021996,95306.08364810863,47.65304182405431,-10197.687003387065,RELATIVE_MOMENTUM_1X_weekly_126D,pre_tax
2009-04-13,QQQ,BUY,3356.892890247161,28.36278317676009,95210.82519368774,47.60541259684387,0.0,RELATIVE_MOMENTUM_1X_weekly_126D,pre_tax
2010-01-25,QQQ,SELL,3356.892890247161,38.52121546128986,129311.59430568296,64.65579715284147,33988.50790224555,RELATIVE_MOMENTUM_1X_weekly_126D,pre_tax
2010-01-25,SPY,BUY,1570.6062281602842,82.24999049327552,129182.3473348627,64.59117366743135,0.0,RELATIVE_MOMENTUM_1X_weekly_126D,pre_tax
2010-02-08,SPY,SELL,1570.6062281602842,79.66035720125936,125115.05315777089,62.557526578885444,-4194.442877338137,RELATIVE_MOMENTUM_1X_weekly_126D,pre_tax
2010-02-08,QQQ,BUY,3359.6413215840985,37.203376392555725,124990.00063087657,62.49500031543829,0.0,RELATIVE_MOMENTUM_1X_weekly_126D,pre_tax
2010-06-28,QQQ,SELL,3359.6413215840985,39.44327351814227,132515.25157009458,66.2576257850473,7396.4983131175395,RELATIVE_MOMENTUM_1X_weekly_126D,pre_tax
2010-07-26,QQQ,BUY,3294.426535329348,40.183868458855635,132382.80254303804,66.19140127151903,0.0,RELATIVE_MOMENTUM_1X_weekly_126D,pre_tax
2010-08-30,QQQ,SELL,3294.426535329348,38.2147438335483,125895.66612605509,62.947833063027545,-6616.275651317497,RELATIVE_MOMENTUM_1X_weekly_126D,pre_tax
2010-09-20,QQQ,BUY,2989.658752637027,42.068290658714375,125769.83337630393,62.88491668815197,0.0,RELATIVE_MOMENTUM_1X_weekly_126D,pre_tax
2011-03-21,QQQ,SELL,2989.658752637027,48.44162853598293,144823.93874459295,72.41196937229647,18918.80848222856,RELATIVE_MOMENTUM_1X_weekly_126D,pre_tax
2011-03-21,SPY,BUY,1463.5217210023088,98.85687728812437,144679.18718162982,72.33959359081491,0.0,RELATIVE_MOMENTUM_1X_weekly_126D,pre_tax
2011-04-04,SPY,SELL,1463.5217210023088,101.97506880474414,149242.728196448,74.621364098224,4416.5800571291475,RELATIVE_MOMENTUM_1X_weekly_126D,pre_tax
2011-04-04,QQQ,BUY,2952.8062869499377,50.49215748125756,149093.56005232365,74.54678002616183,0.0,RELATIVE_MOMENTUM_1X_weekly_126D,pre_tax
2011-04-11,QQQ,SELL,2952.8062869499377,50.09783326637193,147929.19703151277,73.96459851575639,-1312.8743993528187,RELATIVE_MOMENTUM_1X_weekly_126D,pre_tax
2011-04-11,SPY,BUY,1453.8763784173227,101.64642878577438,147781.34176211595,73.89067088105797,0.0,RELATIVE_MOMENTUM_1X_weekly_126D,pre_tax
2011-07-25,SPY,SELL,1453.8763784173227,102.3808229823809,148849.06013700896,74.42453006850448,919.4031739434577,RELATIVE_MOMENTUM_1X_weekly_126D,pre_tax
2011-07-25,QQQ,BUY,2863.389177880536,51.931566485236026,148700.28546420837,74.35014273210419,0.0,RELATIVE_MOMENTUM_1X_weekly_126D,pre_tax
2011-08-08,QQQ,SELL,2863.389177880536,45.82765209979873,131222.40307023792,65.61120153511897,-17617.843738237687,RELATIVE_MOMENTUM_1X_weekly_126D,pre_tax
2011-09-19,QQQ,BUY,2665.69978776786,49.17704793582554,131091.24624558003,65.54562312279002,0.0,RELATIVE_MOMENTUM_1X_weekly_126D,pre_tax
2011-09-26,QQQ,SELL,2665.69978776786,47.883609866892414,127643.32865973412,63.82166432986706,-3577.284873298573,RELATIVE_MOMENTUM_1X_weekly_126D,pre_tax
2011-10-17,QQQ,BUY,2502.5457341290585,50.95441309296278,127515.74912084384,63.757874560421925,0.0,RELATIVE_MOMENTUM_1X_weekly_126D,pre_tax
2011-10-24,QQQ,SELL,2502.5457341290585,50.60246480278301,126634.98242862045,63.31749121431023,-1007.8420579981175,RELATIVE_MOMENTUM_1X_weekly_126D,pre_tax
2011-10-31,QQQ,BUY,2460.6800470094045,51.41197080286506,126508.41073204012,63.25420536602007,0.0,RELATIVE_MOMENTUM_1X_weekly_126D,pre_tax
2011-11-07,QQQ,SELL,2460.6800470094045,50.82243271288817,125057.74611708196,62.52887305854098,-1576.44769338271,RELATIVE_MOMENTUM_1X_weekly_126D,pre_tax
2011-11-14,QQQ,BUY,2461.203708141864,50.76083318715201,124932.75086858912,62.46637543429456,0.0,RELATIVE_MOMENTUM_1X_weekly_126D,pre_tax
2011-11-21,QQQ,SELL,2461.203708141864,48.0859612208911,118349.34606642305,59.174673033211526,-6705.045850633571,RELATIVE_MOMENTUM_1X_weekly_126D,pre_tax
2011-12-05,QQQ,BUY,2338.0945405129983,50.56726912313657,118231.05586545712,59.11552793272856,0.0,RELATIVE_MOMENTUM_1X_weekly_126D,pre_tax
2012-01-03,QQQ,SELL,2338.0945405129983,50.26616675225979,117527.05005597461,58.763525027987306,-821.8848624432139,RELATIVE_MOMENTUM_1X_weekly_126D,pre_tax
2012-01-17,QQQ,BUY,2264.9168061289465,51.83836396213849,117409.5817400766,58.7047908700383,0.0,RELATIVE_MOMENTUM_1X_weekly_126D,pre_tax
2012-09-24,QQQ,SELL,2264.9168061289465,61.8699088929661,140130.19644534567,70.06509822267284,22591.84481617638,RELATIVE_MOMENTUM_1X_weekly_126D,pre_tax
2012-09-24,SPY,BUY,1223.06563909697,114.45840010871606,139990.13627898353,69.99506813949176,0.0,RELATIVE_MOMENTUM_1X_weekly_126D,pre_tax
2013-08-05,SPY,SELL,1223.06563909697,136.77984048927866,167290.72302360123,83.64536151180062,27146.946314966423,RELATIVE_MOMENTUM_1X_weekly_126D,pre_tax
2013-08-05,QQQ,BUY,2415.9965711440523,69.17373886213713,167123.51590413737,83.56175795206869,0.0,RELATIVE_MOMENTUM_1X_weekly_126D,pre_tax
2014-04-07,QQQ,SELL,2415.9965711440523,78.15470982670796,188821.5109600848,94.4107554800424,21520.022542515333,RELATIVE_MOMENTUM_1X_weekly_126D,pre_tax
2014-04-07,SPY,BUY,1246.5961099473095,151.31828369067463,188632.7838126984,94.31639190634921,0.0,RELATIVE_MOMENTUM_1X_weekly_126D,pre_tax
2014-05-27,SPY,SELL,1246.5961099473095,155.47651141033967,193816.4143123079,96.90820715615395,4992.40590054699,RELATIVE_MOMENTUM_1X_weekly_126D,pre_tax
2014-05-27,QQQ,BUY,2355.3131658286575,82.20677299600268,193622.69475777287,96.81134737888644,0.0,RELATIVE_MOMENTUM_1X_weekly_126D,pre_tax
2014-06-09,QQQ,SELL,2355.3131658286575,84.53785058373029,199113.1124907158,99.55655624535791,5294.049829318712,RELATIVE_MOMENTUM_1X_weekly_126D,pre_tax
2014-06-09,SPY,BUY,1251.2873362963383,158.96756333664337,198914.09888502792,99.45704944251396,0.0,RELATIVE_MOMENTUM_1X_weekly_126D,pre_tax
2014-06-30,SPY,SELL,1251.2873362963383,160.0154426860365,200225.29704488997,100.11264852244499,1111.6284618970822,RELATIVE_MOMENTUM_1X_weekly_126D,pre_tax
2014-06-30,QQQ,BUY,2337.354331772598,85.57759903641465,200025.1718104623,100.01258590523116,0.0,RELATIVE_MOMENTUM_1X_weekly_126D,pre_tax
2015-08-24,QQQ,SELL,2337.354331772598,86.95873971245753,203253.38695239846,101.62669347619924,3026.575862554717,RELATIVE_MOMENTUM_1X_weekly_126D,pre_tax
2015-09-14,QQQ,BUY,2076.526658540335,97.78359180039753,203050.23514135162,101.5251175706758,0.0,RELATIVE_MOMENTUM_1X_weekly_126D,pre_tax
2015-09-21,QQQ,SELL,2076.526658540335,97.99372881101347,203486.59024584157,101.74329512292078,233.08669179634308,RELATIVE_MOMENTUM_1X_weekly_126D,pre_tax
2015-10-19,QQQ,BUY,2035.0679869740616,99.89012978888535,203283.20534804463,101.64160267402232,0.0,RELATIVE_MOMENTUM_1X_weekly_126D,pre_tax
2015-12-21,QQQ,SELL,2035.0679869740616,102.87687627766103,209361.4375125592,104.6807187562796,5871.909843084257,RELATIVE_MOMENTUM_1X_weekly_126D,pre_tax
2015-12-28,QQQ,BUY,2006.788400020686,104.22233888799401,209152.18070345122,104.57609035172561,0.0,RELATIVE_MOMENTUM_1X_weekly_126D,pre_tax
2016-01-11,QQQ,SELL,2006.788400020686,97.19807574797389,195055.97091536596,97.52798545768299,-14298.31386389467,RELATIVE_MOMENTUM_1X_weekly_126D,pre_tax
2016-02-29,SPY,BUY,1184.6441378203472,164.48906992628648,194861.01242369643,97.43050621184823,0.0,RELATIVE_MOMENTUM_1X_weekly_126D,pre_tax
2016-04-11,SPY,SELL,1184.6441378203472,173.93013874413782,206045.3192535225,103.02265962676125,10983.853663987451,RELATIVE_MOMENTUM_1X_weekly_126D,pre_tax
2016-04-11,QQQ,BUY,2020.4274057282635,101.87912533845689,205839.37690544303,102.91968845272152,0.0,RELATIVE_MOMENTUM_1X_weekly_126D,pre_tax
2016-04-18,QQQ,SELL,2020.4274057282635,102.67018011004056,207437.6456453828,103.71882282269141,1391.6302286643477,RELATIVE_MOMENTUM_1X_weekly_126D,pre_tax
2016-04-18,SPY,BUY,1176.9497952030263,176.0740453937367,207230.31166672675,103.61515583336337,0.0,RELATIVE_MOMENTUM_1X_weekly_126D,pre_tax
2016-05-02,SPY,SELL,1176.9497952030263,175.34532812902663,206372.64803126533,103.18632401563266,-1064.4651153104205,RELATIVE_MOMENTUM_1X_weekly_126D,pre_tax
2016-05-31,SPY,BUY,1155.4476006969303,178.42988153996555,206166.3785179907,103.08318925899535,0.0,RELATIVE_MOMENTUM_1X_weekly_126D,pre_tax
2016-06-27,SPY,SELL,1155.4476006969303,171.71699607695817,198409.99111600552,99.20499555800276,-7958.675586802186,RELATIVE_MOMENTUM_1X_weekly_126D,pre_tax
2016-07-05,SPY,BUY,1113.6341286146933,177.986355830234,198211.68028030737,99.10584014015369,0.0,RELATIVE_MOMENTUM_1X_weekly_126D,pre_tax
2016-08-08,SPY,SELL,1113.6341286146933,186.03599608154948,207176.03438724286,103.58801719362144,8761.6602496017,RELATIVE_MOMENTUM_1X_weekly_126D,pre_tax
2016-08-08,QQQ,BUY,1898.3159036712111,109.02767104718508,206968.96188910468,103.48448094455235,0.0,RELATIVE_MOMENTUM_1X_weekly_126D,pre_tax
2017-12-04,QQQ,SELL,1898.3159036712111,146.88129800965712,278827.1039636027,139.41355198180133,71615.24404157166,RELATIVE_MOMENTUM_1X_weekly_126D,pre_tax
2017-12-04,SPY,BUY,1197.5133307125093,232.60569136026692,278548.41620351915,139.27420810175957,0.0,RELATIVE_MOMENTUM_1X_weekly_126D,pre_tax
2017-12-11,SPY,SELL,1197.5133307125093,232.60569763183594,278548.42371380667,139.27421185690335,-278.54090967110824,RELATIVE_MOMENTUM_1X_weekly_126D,pre_tax
2017-12-11,QQQ,BUY,1902.9694718731982,146.22936342787773,278270.01449470245,139.13500724735124,0.0,RELATIVE_MOMENTUM_1X_weekly_126D,pre_tax
2018-11-05,QQQ,SELL,1902.9694718731982,161.47094174744802,307274.2727400091,153.63713637000455,28711.48610168934,RELATIVE_MOMENTUM_1X_weekly_126D,pre_tax
2018-11-05,SPY,BUY,1266.8665204052504,242.30425785459337,306967.1520276253,153.48357601381267,0.0,RELATIVE_MOMENTUM_1X_weekly_126D,pre_tax
2018-11-26,SPY,SELL,1266.8665204052504,236.38100636061282,299463.1830179609,149.73159150898047,-7807.184177187155,RELATIVE_MOMENTUM_1X_weekly_126D,pre_tax
2018-12-03,SPY,BUY,1200.1256379144359,249.27712569459774,299163.86949170614,149.58193474585306,0.0,RELATIVE_MOMENTUM_1X_weekly_126D,pre_tax
2018-12-10,SPY,SELL,1200.1256379144359,234.23760261616204,281114.5522632696,140.5572761316348,-18339.456439314003,RELATIVE_MOMENTUM_1X_weekly_126D,pre_tax
2019-04-15,QQQ,BUY,1579.8318595990827,177.76168805033893,280833.578198039,140.4167890990195,0.0,RELATIVE_MOMENTUM_1X_weekly_126D,pre_tax
2019-09-23,QQQ,SELL,1579.8318595990827,182.85576919672687,288881.36988848564,144.44068494424283,7762.934216403461,RELATIVE_MOMENTUM_1X_weekly_126D,pre_tax
2019-09-23,SPY,BUY,1069.2751770336636,269.89556952748023,288592.6328870979,144.29631644354896,0.0,RELATIVE_MOMENTUM_1X_weekly_126D,pre_tax
2019-10-14,SPY,SELL,1069.2751770336636,268.42629908909544,287021.57847898366,143.51078923949183,-1858.861513797252,RELATIVE_MOMENTUM_1X_weekly_126D,pre_tax
2019-10-14,QQQ,BUY,1564.1483741390523,183.31681640969683,286734.7003395744,143.36735016978722,0.0,RELATIVE_MOMENTUM_1X_weekly_126D,pre_tax
2019-10-21,QQQ,SELL,1564.1483741390523,185.11312517400196,289544.3937727141,144.77219688635705,2521.5538860834786,RELATIVE_MOMENTUM_1X_weekly_126D,pre_tax
2019-10-21,SPY,BUY,1065.0357260446813,271.5918227015919,289254.9940787883,144.62749703939417,0.0,RELATIVE_MOMENTUM_1X_weekly_126D,pre_tax
2019-11-11,SPY,SELL,1065.0357260446813,278.84833556176477,296983.43952137505,148.49171976068752,7435.3262257866445,RELATIVE_MOMENTUM_1X_weekly_126D,pre_tax
2019-11-11,QQQ,BUY,1542.6917944208315,192.31748400577246,296686.6044993647,148.34330224968235,0.0,RELATIVE_MOMENTUM_1X_weekly_126D,pre_tax
2020-03-16,QQQ,SELL,1542.6917944208315,167.64744420772877,258628.33653488732,129.31416826744368,-38335.92543499448,RELATIVE_MOMENTUM_1X_weekly_126D,pre_tax
2020-04-13,QQQ,BUY,1339.1025156564197,192.94253757804694,258369.83744789593,129.18491872394796,0.0,RELATIVE_MOMENTUM_1X_weekly_126D,pre_tax
2021-03-01,QQQ,SELL,1339.1025156564197,309.0986863548367,413914.8284838564,206.9574142419282,155208.84870299464,RELATIVE_MOMENTUM_1X_weekly_126D,pre_tax
2021-03-01,SPY,BUY,1154.9136373030822,358.03639956573255,413501.1205093598,206.7505602546799,0.0,RELATIVE_MOMENTUM_1X_weekly_126D,pre_tax
2021-08-30,SPY,SELL,1154.9136373030822,421.4904469021432,486785.06512025587,243.39253256012793,72833.80151808128,RELATIVE_MOMENTUM_1X_weekly_126D,pre_tax
2021-08-30,QQQ,BUY,1329.6694008248767,365.7288969907494,486298.5233260328,243.1492616630164,0.0,RELATIVE_MOMENTUM_1X_weekly_126D,pre_tax
2022-01-10,QQQ,SELL,1329.6694008248767,364.6271924939485,484833.62056788546,242.41681028394274,-1950.4688300943235,RELATIVE_MOMENTUM_1X_weekly_126D,pre_tax
2022-01-10,SPY,BUY,1112.5170223098892,435.36325245373706,484349.02924298006,242.17451462149003,0.0,RELATIVE_MOMENTUM_1X_weekly_126D,pre_tax
2022-02-14,SPY,SELL,1112.5170223098892,413.9291560964369,460503.23218765325,230.25161609382664,-24318.2231860421,RELATIVE_MOMENTUM_1X_weekly_126D,pre_tax
2022-03-21,SPY,BUY,1096.9421230629248,419.38672006455863,460042.9590920134,230.0214795460067,0.0,RELATIVE_MOMENTUM_1X_weekly_126D,pre_tax
2022-04-18,SPY,SELL,1096.9421230629248,412.27968190004844,452246.9495591464,226.12347477957323,-8252.15448719263,RELATIVE_MOMENTUM_1X_weekly_126D,pre_tax
2022-11-14,SPY,BUY,1196.66126051191,377.5462142284,451794.92862005683,225.89746431002843,0.0,RELATIVE_MOMENTUM_1X_weekly_126D,pre_tax
2022-12-05,SPY,SELL,1196.66126051191,384.48494250767516,460098.2359490838,230.0491179745419,7847.360746742401,RELATIVE_MOMENTUM_1X_weekly_126D,pre_tax
2022-12-12,SPY,BUY,1225.3131881637623,375.11908962319546,459638.3676472857,229.81918382364285,0.0,RELATIVE_MOMENTUM_1X_weekly_126D,pre_tax
2022-12-27,SPY,SELL,1225.3131881637623,366.01770849733794,448486.3253232677,224.24316266163387,-11606.104670503235,RELATIVE_MOMENTUM_1X_weekly_126D,pre_tax
2023-01-03,SPY,BUY,1219.056940158392,367.52841345608357,448038.06312904163,224.01903156452082,0.0,RELATIVE_MOMENTUM_1X_weekly_126D,pre_tax
2023-02-13,SPY,SELL,1219.056940158392,390.81149214644563,476421.4617947815,238.21073089739076,27921.168903277954,RELATIVE_MOMENTUM_1X_weekly_126D,pre_tax
2023-03-06,SPY,BUY,1228.8727933773444,387.3023155770407,475945.2784246718,237.9726392123359,0.0,RELATIVE_MOMENTUM_1X_weekly_126D,pre_tax
2023-03-13,SPY,SELL,1228.8727933773444,365.0805347641921,448637.53656336747,224.31876828168373,-27770.033268798317,RELATIVE_MOMENTUM_1X_weekly_126D,pre_tax
2023-03-20,QQQ,BUY,1500.8228165857975,298.62893759374526,448189.1232334691,224.09456161673455,0.0,RELATIVE_MOMENTUM_1X_weekly_126D,pre_tax
2024-04-08,QQQ,SELL,1500.8228165857975,436.135676712757,654562.3747375928,327.2811873687964,205821.87575513817,RELATIVE_MOMENTUM_1X_weekly_126D,pre_tax
2024-04-08,SPY,BUY,1293.552553323162,505.5133924018632,653908.1394804837,326.9540697402419,0.0,RELATIVE_MOMENTUM_1X_weekly_126D,pre_tax
2024-04-15,SPY,SELL,1293.552553323162,501.5989207934361,648844.5647364918,324.4222823682459,-5714.9510961005,RELATIVE_MOMENTUM_1X_weekly_126D,pre_tax
2024-04-15,QQQ,BUY,1484.0406179591064,436.77783248501964,648196.0444319076,324.0980222159538,0.0,RELATIVE_MOMENTUM_1X_weekly_126D,pre_tax
2024-04-22,QQQ,SELL,1484.0406179591064,412.3235850098198,611904.9478970871,305.95247394854357,-36921.1470309851,RELATIVE_MOMENTUM_1X_weekly_126D,pre_tax
2024-04-22,SPY,BUY,1261.0400456788166,484.75331996273405,611293.3487487641,305.6466743743821,0.0,RELATIVE_MOMENTUM_1X_weekly_126D,pre_tax
2024-04-29,SPY,SELL,1261.0400456788166,496.69128964862307,626347.6065867699,313.173803293385,14435.437360338052,RELATIVE_MOMENTUM_1X_weekly_126D,pre_tax
2024-04-29,QQQ,BUY,1462.1215007622952,427.9545657944638,625721.5719974778,312.8607859987389,0.0,RELATIVE_MOMENTUM_1X_weekly_126D,pre_tax
2024-05-13,QQQ,SELL,1462.1215007622952,438.6848051824084,641410.4857149181,320.70524285745904,15055.347688584123,RELATIVE_MOMENTUM_1X_weekly_126D,pre_tax
2024-05-13,SPY,BUY,1259.290397282744,508.8337028193061,640769.3957741737,320.3846978870868,0.0,RELATIVE_MOMENTUM_1X_weekly_126D,pre_tax
2024-05-28,SPY,SELL,1259.290397282744,516.3413100648252,650223.6534850261,325.1118267425131,8808.761186222779,RELATIVE_MOMENTUM_1X_weekly_126D,pre_tax
2024-05-28,QQQ,BUY,1431.7464400835063,453.6932913505319,649573.7547808931,324.78687739044653,0.0,RELATIVE_MOMENTUM_1X_weekly_126D,pre_tax
2024-06-03,QQQ,SELL,1431.7464400835063,449.13837209312464,643052.2653492325,321.52613267461624,-7167.80244172574,RELATIVE_MOMENTUM_1X_weekly_126D,pre_tax
2024-06-03,SPY,BUY,1247.096686387395,515.1240809646227,642409.5344493332,321.2047672246666,0.0,RELATIVE_MOMENTUM_1X_weekly_126D,pre_tax
2024-06-10,SPY,SELL,1247.096686387395,519.1746401760823,647460.9734199605,323.73048670998026,4406.503716692678,RELATIVE_MOMENTUM_1X_weekly_126D,pre_tax
2024-06-10,QQQ,BUY,1417.5133056155694,456.3017739959468,646813.836015243,323.40691800762147,0.0,RELATIVE_MOMENTUM_1X_weekly_126D,pre_tax
2024-07-22,QQQ,SELL,1417.5133056155694,476.1662445168207,674971.98728759,337.48599364379504,27497.258360695676,RELATIVE_MOMENTUM_1X_weekly_126D,pre_tax
2024-07-22,SPY,BUY,1248.210205262169,540.2113760766848,674297.3526176375,337.1486763088188,0.0,RELATIVE_MOMENTUM_1X_weekly_126D,pre_tax
2024-09-30,SPY,SELL,1248.210205262169,558.937595094156,697671.6103012195,348.83580515060976,22688.27320212277,RELATIVE_MOMENTUM_1X_weekly_126D,pre_tax
2024-09-30,QQQ,BUY,1447.7653051377986,481.41386237049977,696974.2873523928,348.4871436761964,0.0,RELATIVE_MOMENTUM_1X_weekly_126D,pre_tax
2024-10-07,QQQ,SELL,1447.7653051377986,481.0274062437878,696414.7895801812,348.20739479009063,-1256.1923106778413,RELATIVE_MOMENTUM_1X_weekly_126D,pre_tax
2024-10-07,SPY,BUY,1242.798924266702,559.7999074826037,695718.7228239791,347.85936141198954,0.0,RELATIVE_MOMENTUM_1X_weekly_126D,pre_tax
2024-10-21,SPY,SELL,1242.798924266702,572.0973176864316,711001.9309965628,355.5009654982814,14579.847845673445,RELATIVE_MOMENTUM_1X_weekly_126D,pre_tax
2024-10-21,QQQ,BUY,1453.082963536137,488.81674495745733,710291.2843888701,355.1456421944351,0.0,RELATIVE_MOMENTUM_1X_weekly_126D,pre_tax
2024-11-04,QQQ,SELL,1453.082963536137,482.4445325917277,701031.9311601941,350.51596558009703,-9965.014836450573,RELATIVE_MOMENTUM_1X_weekly_126D,pre_tax
2024-11-04,SPY,BUY,1251.3012204594709,559.6823835212687,700331.2495698291,350.16562478491454,0.0,RELATIVE_MOMENTUM_1X_weekly_126D,pre_tax
2024-11-11,SPY,SELL,1251.3012204594709,587.7360663213191,735434.8570959151,367.7174285479576,34385.72447275324,RELATIVE_MOMENTUM_1X_weekly_126D,pre_tax
2024-11-11,QQQ,BUY,1438.506510815154,510.73789673440615,734699.789772481,367.34989488624046,0.0,RELATIVE_MOMENTUM_1X_weekly_126D,pre_tax
2024-11-18,QQQ,SELL,1438.506510815154,493.6529120920853,710122.9281273255,355.06146406366275,-25299.27300410543,RELATIVE_MOMENTUM_1X_weekly_126D,pre_tax
2024-11-18,SPY,BUY,1235.0086491365691,574.4195885423085,709413.1600832202,354.7065800416101,0.0,RELATIVE_MOMENTUM_1X_weekly_126D,pre_tax
2025-01-21,SPY,SELL,1235.0086491365691,590.5597127423754,729346.3530684414,364.6731765342207,19213.813228645362,RELATIVE_MOMENTUM_1X_weekly_126D,pre_tax
2025-01-21,QQQ,BUY,1399.561146807588,520.6041714349437,728617.3712063041,364.308685603152,0.0,RELATIVE_MOMENTUM_1X_weekly_126D,pre_tax
2025-03-31,QQQ,SELL,1399.561146807588,459.19026229129486,642664.8500952818,321.3324250476409,-86638.16222167306,RELATIVE_MOMENTUM_1X_weekly_126D,pre_tax
2025-05-19,QQQ,BUY,1255.9099459002334,511.2010686059385,642022.5064170257,321.01125320851287,0.0,RELATIVE_MOMENTUM_1X_weekly_126D,pre_tax
2025-06-23,QQQ,SELL,1255.9099459002334,524.2849177292203,658454.6426616134,329.2273213308067,15781.897670048405,RELATIVE_MOMENTUM_1X_weekly_126D,pre_tax
2025-06-30,QQQ,BUY,1199.007173141786,548.6176661963601,657796.5170817418,328.8982585408709,0.0,RELATIVE_MOMENTUM_1X_weekly_126D,pre_tax
2026-02-09,QQQ,SELL,1199.007173141786,606.1088060763491,726728.8061899464,363.36440309497317,68240.02644656855,RELATIVE_MOMENTUM_1X_weekly_126D,pre_tax
2026-02-09,SPY,BUY,1058.6589996064108,685.7755337993461,726002.4405665682,363.0012202832841,0.0,RELATIVE_MOMENTUM_1X_weekly_126D,pre_tax
2026-03-09,SPY,SELL,1058.6589996064108,662.8673051642795,701750.4381570136,350.8752190785068,-24965.878848916385,RELATIVE_MOMENTUM_1X_weekly_126D,pre_tax
2026-03-09,QQQ,BUY,1182.5461923783064,592.83015152989,701049.0384187258,350.52451920936295,0.0,RELATIVE_MOMENTUM_1X_weekly_126D,pre_tax
2026-03-23,QQQ,SELL,1182.5461923783064,589.8718065319924,697550.6588057206,348.77532940286034,-4197.679461617488,RELATIVE_MOMENTUM_1X_weekly_126D,pre_tax
2026-04-13,SPY,BUY,1031.3528440757987,675.669302461078,696853.4567479438,348.4267283739719,0.0,RELATIVE_MOMENTUM_1X_weekly_126D,pre_tax
2026-04-20,SPY,SELL,1031.3528440757987,706.9587079747221,729123.8741138816,364.5619370569408,31557.42870050692,RELATIVE_MOMENTUM_1X_weekly_126D,pre_tax
2026-04-20,QQQ,BUY,1125.2324287706003,647.3285838511964,728395.1146195149,364.1975573097575,0.0,RELATIVE_MOMENTUM_1X_weekly_126D,pre_tax
2006-07-03,SPY,BUY,1132.7262107545278,88.23846754718237,99950.02498750626,49.97501249375313,0.0,RELATIVE_MOMENTUM_1X_weekly_126D,after_tax
2006-07-17,SPY,SELL,1132.7262107545278,85.5309974045709,96883.20259213494,48.441601296067475,-3165.239009161145,RELATIVE_MOMENTUM_1X_weekly_126D,after_tax
2006-07-31,SPY,BUY,1094.8968375656102,88.39770514099746,96786.3678069354,48.3931839034677,0.0,RELATIVE_MOMENTUM_1X_weekly_126D,after_tax
2006-11-20,SPY,SELL,1094.8968375656102,97.57750227234536,106837.29865554208,53.41864932777104,9949.119015375443,RELATIVE_MOMENTUM_1X_weekly_126D,after_tax
2006-11-20,QQQ,BUY,2788.5274283630397,37.78089366532457,105353.05825382497,52.676529126912484,0.0,RELATIVE_MOMENTUM_1X_weekly_126D,after_tax
2006-12-26,QQQ,SELL,2788.5274283630397,36.77334599862973,102543.48394986324,51.27174197493162,-2913.5225750635727,RELATIVE_MOMENTUM_1X_weekly_126D,after_tax
2006-12-26,SPY,BUY,1040.244396433421,98.47781162125092,102440.9917120323,51.22049585601615,0.0,RELATIVE_MOMENTUM_1X_weekly_126D,after_tax
2007-01-08,SPY,SELL,1040.244396433421,98.48485946837495,102448.32319550998,51.22416159775499,-95.11317397608946,RELATIVE_MOMENTUM_1X_weekly_126D,after_tax
2007-01-08,QQQ,BUY,2722.2793938747586,37.595673060288874,102345.92607087678,51.17296303543839,0.0,RELATIVE_MOMENTUM_1X_weekly_126D,after_tax
2007-04-02,QQQ,SELL,2722.2793938747586,37.4307855026221,101897.05607033419,50.948528035167094,-550.9914916131966,RELATIVE_MOMENTUM_1X_weekly_126D,after_tax
2007-04-02,SPY,BUY,1019.8256025382449,99.81629180908203,101795.20993733036,50.897604968665185,0.0,RELATIVE_MOMENTUM_1X_weekly_126D,after_tax
2007-04-09,SPY,SELL,1019.8256025382449,101.5646799217734,103578.26089782655,51.789130448913276,1680.364225078607,RELATIVE_MOMENTUM_1X_weekly_126D,after_tax
2007-04-09,QQQ,BUY,2700.126057020644,38.32218652574798,103474.73440017755,51.73736720008878,0.0,RELATIVE_MOMENTUM_1X_weekly_126D,after_tax
2007-04-16,QQQ,SELL,2700.126057020644,38.42505711240414,103752.49795170885,51.87624897585442,174.14993535536632,RELATIVE_MOMENTUM_1X_weekly_126D,after_tax
2007-04-16,SPY,BUY,1012.2625843071303,102.39319215283068,103648.79730408096,51.82439865204048,0.0,RELATIVE_MOMENTUM_1X_weekly_126D,after_tax
2007-04-30,SPY,SELL,1012.2625843071303,105.06835493033441,106356.76449067912,53.17838224533956,2602.9644057007827,RELATIVE_MOMENTUM_1X_weekly_126D,after_tax
2007-04-30,QQQ,BUY,2661.8267315982166,39.84788050843908,106068.15353489469,53.034076767447345,0.0,RELATIVE_MOMENTUM_1X_weekly_126D,after_tax
2007-05-07,QQQ,SELL,2661.8267315982166,39.99358159171657,106455.98457318552,53.22799228659276,281.5689692367887,RELATIVE_MOMENTUM_1X_weekly_126D,after_tax
2007-05-07,SPY,BUY,1003.33597637818,105.9389996396526,106292.40963997849,53.146204819989244,0.0,RELATIVE_MOMENTUM_1X_weekly_126D,after_tax
2007-06-25,SPY,SELL,1003.33597637818,105.94430296174747,106297.7306538306,53.1488653269153,-100.97405629479908,RELATIVE_MOMENTUM_1X_weekly_126D,after_tax
2007-06-25,QQQ,BUY,2617.240454885837,40.57383640362268,106191.48604548095,53.09574302274048,0.0,RELATIVE_MOMENTUM_1X_weekly_126D,after_tax
2008-01-07,QQQ,SELL,2617.240454885837,41.58231318387644,108830.9122725741,54.415456136287055,2531.9150279341266,RELATIVE_MOMENTUM_1X_weekly_126D,after_tax
2008-05-19,QQQ,BUY,2514.9833046800463,43.03350113227619,108228.5368896045,54.11426844480225,0.0,RELATIVE_MOMENTUM_1X_weekly_126D,after_tax
2008-05-27,QQQ,SELL,2514.9833046800463,41.52882561570136,104444.30308645796,52.22215154322898,-3890.570223134564,RELATIVE_MOMENTUM_1X_weekly_126D,after_tax
2008-07-28,QQQ,BUY,2679.3566724225147,38.94215057418507,104339.91097942503,52.169955489712514,0.0,RELATIVE_MOMENTUM_1X_weekly_126D,after_tax
2008-08-04,QQQ,SELL,2679.3566724225147,38.60659125902495,103440.82788935724,51.720413944678626,-1002.9734595021728,RELATIVE_MOMENTUM_1X_weekly_126D,after_tax
2008-08-11,QQQ,BUY,2539.166679743751,40.697382956546676,103337.43875603455,51.66871937801728,0.0,RELATIVE_MOMENTUM_1X_weekly_126D,after_tax
2008-09-22,QQQ,SELL,2539.166679743751,36.79869529021996,93438.02093896983,46.719010469484914,-9997.805546912234,RELATIVE_MOMENTUM_1X_weekly_126D,after_tax
2009-04-13,QQQ,BUY,3291.095554056143,28.36278317676009,93344.6296136935,46.67231480684675,0.0,RELATIVE_MOMENTUM_1X_weekly_126D,after_tax
2010-01-25,QQQ,SELL,3291.095554056143,38.52121546128986,126777.00094148982,63.388500470744916,33322.31051251874,RELATIVE_MOMENTUM_1X_weekly_126D,after_tax
2010-01-25,SPY,BUY,1494.3212511627137,82.24999049327552,122907.90870203277,61.453954351016385,0.0,RELATIVE_MOMENTUM_1X_weekly_126D,after_tax
2010-02-08,SPY,SELL,1494.3212511627137,79.66035720125936,119038.16464105458,59.51908232052729,-3990.7170976497437,RELATIVE_MOMENTUM_1X_weekly_126D,after_tax
2010-02-08,QQQ,BUY,3196.462189640038,37.203376392555725,118919.18596575118,59.45959298287559,0.0,RELATIVE_MOMENTUM_1X_weekly_126D,after_tax
2010-06-28,QQQ,SELL,3196.462189640038,39.44327351814227,126078.93243637196,63.039466218185986,7037.24741141971,RELATIVE_MOMENTUM_1X_weekly_126D,after_tax
2010-07-26,QQQ,BUY,3119.020840506033,40.183868458855635,125334.32317532376,62.66716158766188,0.0,RELATIVE_MOMENTUM_1X_weekly_126D,after_tax
2010-08-30,QQQ,SELL,3119.020840506033,38.2147438335483,119192.58243143655,59.596291215718274,-6264.00419669057,RELATIVE_MOMENTUM_1X_weekly_126D,after_tax
2010-09-20,QQQ,BUY,2830.479859082347,42.068290658714375,119073.44941551308,59.53672470775654,0.0,RELATIVE_MOMENTUM_1X_weekly_126D,after_tax
2011-03-21,QQQ,SELL,2830.479859082347,48.44162853598293,137113.05391224838,68.55652695612419,17911.511245071408,RELATIVE_MOMENTUM_1X_weekly_126D,after_tax
2011-03-21,SPY,BUY,1361.6756316878973,98.85687728812437,134611.0008279997,67.30550041399985,0.0,RELATIVE_MOMENTUM_1X_weekly_126D,after_tax
2011-04-04,SPY,SELL,1361.6756316878973,101.97506880474414,138856.96623111676,69.42848311555838,4109.231419587508,RELATIVE_MOMENTUM_1X_weekly_126D,after_tax
2011-04-04,QQQ,BUY,2730.796471383751,50.49215748125756,137883.8054823708,68.9419027411854,0.0,RELATIVE_MOMENTUM_1X_weekly_126D,after_tax
2011-04-11,QQQ,SELL,2730.796471383751,50.09783326637193,136806.98630777997,68.40349315388998,-1214.164570485911,RELATIVE_MOMENTUM_1X_weekly_126D,after_tax
2011-04-11,SPY,BUY,1344.5651689231602,101.64642878577438,136670.2476907807,68.33512384539036,0.0,RELATIVE_MOMENTUM_1X_weekly_126D,after_tax
2011-07-25,SPY,SELL,1344.5651689231602,102.3808229823809,137657.68854779715,68.82884427389858,850.2768888971768,RELATIVE_MOMENTUM_1X_weekly_126D,after_tax
2011-07-25,QQQ,BUY,2648.102280773543,51.931566485236026,137520.0996536964,68.7600498268482,0.0,RELATIVE_MOMENTUM_1X_weekly_126D,after_tax
2011-08-08,QQQ,SELL,2648.102280773543,45.82765209979873,121356.31004797347,60.67815502398674,-16293.227810573764,RELATIVE_MOMENTUM_1X_weekly_126D,after_tax
2011-09-19,QQQ,BUY,2465.2763733187967,49.17704793582554,121235.01438575661,60.61750719287831,0.0,RELATIVE_MOMENTUM_1X_weekly_126D,after_tax
2011-09-26,QQQ,SELL,2465.2763733187967,47.883609866892414,118046.33207406467,59.02316603703234,-3308.322984921848,RELATIVE_MOMENTUM_1X_weekly_126D,after_tax
2011-10-17,QQQ,BUY,2314.3892271020327,50.95441309296278,117928.34473565982,58.96417236782991,0.0,RELATIVE_MOMENTUM_1X_weekly_126D,after_tax
2011-10-24,QQQ,SELL,2314.3892271020327,50.60246480278301,117113.79940437079,58.5568997021854,-932.0664033590583,RELATIVE_MOMENTUM_1X_weekly_126D,after_tax
2011-10-31,QQQ,BUY,2275.6712552649774,51.41197080286506,116996.7441326023,58.49837206630115,0.0,RELATIVE_MOMENTUM_1X_weekly_126D,after_tax
2011-11-07,QQQ,SELL,2275.6712552649774,50.82243271288817,115655.14924735807,57.82757462367904,-1457.9208319341997,RELATIVE_MOMENTUM_1X_weekly_126D,after_tax
2011-11-14,QQQ,BUY,2276.155544389883,50.76083318715201,115539.55189678601,57.769775948393004,0.0,RELATIVE_MOMENTUM_1X_weekly_126D,after_tax
2011-11-21,QQQ,SELL,2276.155544389883,48.0859612208911,109451.12724024818,54.72556362012409,-6200.919996106357,RELATIVE_MOMENTUM_1X_weekly_126D,after_tax
2011-12-05,QQQ,BUY,2162.3024677279673,50.56726912313657,109341.73081122246,54.67086540561123,0.0,RELATIVE_MOMENTUM_1X_weekly_126D,after_tax
2012-01-03,QQQ,SELL,2162.3024677279673,50.26616675225979,108690.65641163685,54.345328205818426,-760.0905931970337,RELATIVE_MOMENTUM_1X_weekly_126D,after_tax
2012-01-17,QQQ,BUY,2094.626677506645,51.83836396213849,108582.02007339435,54.29101003669717,0.0,RELATIVE_MOMENTUM_1X_weekly_126D,after_tax
2012-09-24,QQQ,SELL,2094.626677506645,61.8699088929661,129594.36170211242,64.79718085105621,20893.25343783031,RELATIVE_MOMENTUM_1X_weekly_126D,after_tax
2012-09-24,SPY,BUY,1131.1081753915757,114.45840010871606,129464.83210520876,64.73241605260438,0.0,RELATIVE_MOMENTUM_1X_weekly_126D,after_tax
2013-08-05,SPY,SELL,1131.1081753915757,136.77984048927866,154712.79580617876,77.35639790308939,25105.874887014317,RELATIVE_MOMENTUM_1X_weekly_126D,after_tax
2013-08-05,QQQ,BUY,2185.3779718699584,69.17373886213713,151170.76514119937,75.58538257059969,0.0,RELATIVE_MOMENTUM_1X_weekly_126D,after_tax
2014-04-07,QQQ,SELL,2185.3779718699584,78.15470982670796,170797.58125317615,85.39879062658808,19465.831938779622,RELATIVE_MOMENTUM_1X_weekly_126D,after_tax
2014-04-07,SPY,BUY,1101.481972027525,151.31828369067463,166674.36152342477,83.33718076171239,0.0,RELATIVE_MOMENTUM_1X_weekly_126D,after_tax
2014-05-27,SPY,SELL,1101.481972027525,155.47651141033967,171254.57439222094,85.62728719611047,4411.248400838347,RELATIVE_MOMENTUM_1X_weekly_126D,after_tax
2014-05-27,QQQ,BUY,2070.2394940937625,82.20677299600268,170187.70813832537,85.09385406916269,0.0,RELATIVE_MOMENTUM_1X_weekly_126D,after_tax
2014-06-09,QQQ,SELL,2070.2394940937625,84.53785058373029,175013.59702423587,87.50679851211794,4653.288233329222,RELATIVE_MOMENTUM_1X_weekly_126D,after_tax
2014-06-09,SPY,BUY,1093.8950321517277,158.96756333664337,173893.82780721932,86.94691390360967,0.0,RELATIVE_MOMENTUM_1X_weekly_126D,after_tax
2014-06-30,SPY,SELL,1093.8950321517277,160.0154426860365,175040.09782181482,87.52004891090742,971.8030517809966,RELATIVE_MOMENTUM_1X_weekly_126D,after_tax
2014-06-30,QQQ,BUY,2041.046068581273,85.57759903641465,174667.82207189867,87.33391103594934,0.0,RELATIVE_MOMENTUM_1X_weekly_126D,after_tax
2015-08-24,QQQ,SELL,2041.046068581273,86.95873971245753,177486.79381889364,88.74339690944682,2642.894439049589,RELATIVE_MOMENTUM_1X_weekly_126D,after_tax
2015-09-14,QQQ,BUY,1807.7957332301053,97.78359180039753,176772.76003667296,88.38638001833648,0.0,RELATIVE_MOMENTUM_1X_weekly_126D,after_tax
2015-09-21,QQQ,SELL,1807.7957332301053,97.99372881101347,177152.6448278582,88.5763224139291,202.92208875296637,RELATIVE_MOMENTUM_1X_weekly_126D,after_tax
2015-10-19,QQQ,BUY,1771.2898968918373,99.89012978888535,176934.37769426696,88.46718884713349,0.0,RELATIVE_MOMENTUM_1X_weekly_126D,after_tax
2015-12-21,QQQ,SELL,1771.2898968918373,102.87687627766103,182224.7715744125,91.11238578720625,5110.814305511187,RELATIVE_MOMENTUM_1X_weekly_126D,after_tax
2015-12-28,QQQ,BUY,1736.7187950903317,104.22233888799401,181004.89481505318,90.50244740752659,0.0,RELATIVE_MOMENTUM_1X_weekly_126D,after_tax
2016-01-11,QQQ,SELL,1736.7187950903317,97.19807574797389,168805.72499812001,84.40286249906,-12374.075126839743,RELATIVE_MOMENTUM_1X_weekly_126D,after_tax
2016-02-29,SPY,BUY,1025.2170780063163,164.48906992628648,168637.00363380407,84.31850181690203,0.0,RELATIVE_MOMENTUM_1X_weekly_126D,after_tax
2016-04-11,SPY,SELL,1025.2170780063163,173.93013874413782,178316.14862049816,89.15807431024908,9505.668410566956,RELATIVE_MOMENTUM_1X_weekly_126D,after_tax
2016-04-11,QQQ,BUY,1748.5222904456218,101.87912533845689,178137.92158539523,89.06896079269762,0.0,RELATIVE_MOMENTUM_1X_weekly_126D,after_tax
2016-04-18,QQQ,SELL,1748.5222904456218,102.67018011004056,179521.09848647265,89.76054924323633,1204.3473910414614,RELATIVE_MOMENTUM_1X_weekly_126D,after_tax
2016-04-18,SPY,BUY,1018.5582247663693,176.0740453937367,179341.66710367758,89.6708335518388,0.0,RELATIVE_MOMENTUM_1X_weekly_126D,after_tax
2016-05-02,SPY,SELL,1018.5582247663693,175.34532812902663,178599.42614017788,89.29971307008894,-921.2115101216477,RELATIVE_MOMENTUM_1X_weekly_126D,after_tax
2016-05-31,SPY,BUY,999.949752974306,178.42988153996555,178420.91596912322,89.21045798456161,0.0,RELATIVE_MOMENTUM_1X_weekly_126D,after_tax
2016-06-27,SPY,SELL,999.949752974306,171.71699607695817,171708.3678086442,85.8541839043221,-6887.612802367919,RELATIVE_MOMENTUM_1X_weekly_126D,after_tax
2016-07-05,SPY,BUY,963.7634550803888,177.986355830234,171536.74525211382,85.76837262605692,0.0,RELATIVE_MOMENTUM_1X_weekly_126D,after_tax
2016-08-08,SPY,SELL,963.7634550803888,186.03599608154948,179294.6943528758,89.6473471764379,7582.533380959503,RELATIVE_MOMENTUM_1X_weekly_126D,after_tax
2016-08-08,QQQ,BUY,1642.8443122806054,109.02767104718508,179115.48926106884,89.55774463053442,0.0,RELATIVE_MOMENTUM_1X_weekly_126D,after_tax
2017-12-04,QQQ,SELL,1642.8443122806054,146.88129800965712,241303.1050155578,120.6515525077789,61977.40645735068,RELATIVE_MOMENTUM_1X_weekly_126D,after_tax
2017-12-04,SPY,BUY,983.9025691455209,232.60569136026692,228861.33732723672,114.43066866361836,0.0,RELATIVE_MOMENTUM_1X_weekly_126D,after_tax
2017-12-11,SPY,SELL,983.9025691455209,232.60569763183594,228861.3434978496,114.4306717489248,-228.8551697996736,RELATIVE_MOMENTUM_1X_weekly_126D,after_tax
2017-12-11,QQQ,BUY,1563.520425503332,146.22936342787773,228632.59652783675,114.31629826391838,0.0,RELATIVE_MOMENTUM_1X_weekly_126D,after_tax
2018-11-05,QQQ,SELL,1563.520425503332,161.47094174744802,252463.11554739368,126.23155777369685,23589.971163519338,RELATIVE_MOMENTUM_1X_weekly_126D,after_tax
2018-11-05,SPY,BUY,1021.3082584549463,242.30425785459337,247467.339605693,123.7336698028465,0.0,RELATIVE_MOMENTUM_1X_weekly_126D,after_tax
2018-11-26,SPY,SELL,1021.3082584549463,236.38100636061282,241417.87393798507,120.70893696899255,-6293.908274479763,RELATIVE_MOMENTUM_1X_weekly_126D,after_tax
2018-12-03,SPY,BUY,967.5038415202911,249.27712569459774,241176.57671265976,120.58828835632988,0.0,RELATIVE_MOMENTUM_1X_weekly_126D,after_tax
2018-12-10,SPY,SELL,967.5038415202911,234.23760261616204,226625.78035964016,113.31289017982009,-14784.69753155575,RELATIVE_MOMENTUM_1X_weekly_126D,after_tax
2019-04-15,QQQ,BUY,1273.6111493913713,177.76168805033893,226399.26783554256,113.19963391777128,0.0,RELATIVE_MOMENTUM_1X_weekly_126D,after_tax
2019-09-23,QQQ,SELL,1273.6111493913713,182.85576919672687,232887.14637948663,116.44357318974332,6258.235336836544,RELATIVE_MOMENTUM_1X_weekly_126D,after_tax
2019-09-23,SPY,BUY,862.0162829119699,269.89556952748023,232654.37561848765,116.32718780924382,0.0,RELATIVE_MOMENTUM_1X_weekly_126D,after_tax
2019-10-14,SPY,SELL,862.0162829119699,268.42629908909544,231387.84057659874,115.69392028829937,-1498.5561499864853,RELATIVE_MOMENTUM_1X_weekly_126D,after_tax
2019-10-14,QQQ,BUY,1260.9676127885068,183.31681640969683,231156.5683721244,115.5782841860622,0.0,RELATIVE_MOMENTUM_1X_weekly_126D,after_tax
2019-10-21,QQQ,SELL,1260.9676127885068,185.11312517400196,233421.6555464813,116.71082777324067,2032.7980623976036,RELATIVE_MOMENTUM_1X_weekly_126D,after_tax
2019-10-21,SPY,BUY,858.5985698091106,271.5918227015919,233188.35054343636,116.59417527171819,0.0,RELATIVE_MOMENTUM_1X_weekly_126D,after_tax
2019-11-11,SPY,SELL,858.5985698091106,278.84833556176477,239418.7821069822,119.7093910534911,5994.127997220639,RELATIVE_MOMENTUM_1X_weekly_126D,after_tax
2019-11-11,QQQ,BUY,1243.6699877337333,192.31748400577246,239179.4829744415,119.58974148722075,0.0,RELATIVE_MOMENTUM_1X_weekly_126D,after_tax
2020-03-16,QQQ,SELL,1243.6699877337333,167.64744420772877,208498.09488141775,104.24904744070888,-30905.226881951676,RELATIVE_MOMENTUM_1X_weekly_126D,after_tax
2020-04-13,QQQ,BUY,1079.5426638318693,192.94253757804694,208289.70098348532,104.14485049174266,0.0,RELATIVE_MOMENTUM_1X_weekly_126D,after_tax
2021-03-01,QQQ,SELL,1079.5426638318693,309.0986863548367,333685.21925443184,166.84260962721592,125124.53081082753,RELATIVE_MOMENTUM_1X_weekly_126D,after_tax
2021-03-01,SPY,BUY,882.3245156137334,358.03639956573255,315904.2928189201,157.95214640946006,0.0,RELATIVE_MOMENTUM_1X_weekly_126D,after_tax
2021-08-30,SPY,SELL,882.3245156137334,421.4904469021432,371891.35439874954,185.94567719937479,55643.16375622054,RELATIVE_MOMENTUM_1X_weekly_126D,after_tax
2021-08-30,QQQ,BUY,984.9410103323895,365.7288969907494,360221.3893098191,180.11069465490954,0.0,RELATIVE_MOMENTUM_1X_weekly_126D,after_tax
2022-01-10,QQQ,SELL,984.9410103323895,364.6271924939485,359136.2753696523,179.56813768482616,-1444.7927725065383,RELATIVE_MOMENTUM_1X_weekly_126D,after_tax
2022-01-10,SPY,BUY,824.0872801059521,435.36325245373706,358777.31857268116,179.38865928634058,0.0,RELATIVE_MOMENTUM_1X_weekly_126D,after_tax
2022-02-14,SPY,SELL,824.0872801059521,413.9291560964369,341113.75240406475,170.55687620203238,-18013.511704104778,RELATIVE_MOMENTUM_1X_weekly_126D,after_tax
2022-03-21,SPY,BUY,812.550309344187,419.38672006455863,340772.80912330106,170.38640456165052,0.0,RELATIVE_MOMENTUM_1X_weekly_126D,after_tax
2022-04-18,SPY,SELL,812.550309344187,412.27968190004844,334997.98306420736,167.49899153210367,-6112.711455187411,RELATIVE_MOMENTUM_1X_weekly_126D,after_tax
2022-11-14,SPY,BUY,886.4163905878012,377.5462142284,334663.15249642706,167.33157624821354,0.0,RELATIVE_MOMENTUM_1X_weekly_126D,after_tax
2022-12-05,SPY,SELL,886.4163905878012,384.48494250767516,340813.7549730117,170.40687748650583,5812.864022849884,RELATIVE_MOMENTUM_1X_weekly_126D,after_tax
2022-12-12,SPY,BUY,907.6400560732811,375.11908962319546,340473.1115397553,170.23655576987767,0.0,RELATIVE_MOMENTUM_1X_weekly_126D,after_tax
2022-12-27,SPY,SELL,907.6400560732811,366.01770849733794,332212.3334643377,166.10616673216884,-8597.120797919633,RELATIVE_MOMENTUM_1X_weekly_126D,after_tax
2023-01-03,SPY,BUY,903.0057949347781,367.52841345608357,331880.28715402854,165.94014357701428,0.0,RELATIVE_MOMENTUM_1X_weekly_126D,after_tax
2023-02-13,SPY,SELL,903.0057949347781,390.81149214644563,352905.04213534796,176.45252106767398,20682.362316674727,RELATIVE_MOMENTUM_1X_weekly_126D,after_tax
2023-03-06,SPY,BUY,910.2768025858167,387.3023155770407,352552.3134575515,176.27615672877576,0.0,RELATIVE_MOMENTUM_1X_weekly_126D,after_tax
2023-03-13,SPY,SELL,910.2768025858167,365.0805347641921,332324.3418714689,166.16217093573445,-20570.409913747164,RELATIVE_MOMENTUM_1X_weekly_126D,after_tax
2023-03-20,QQQ,BUY,1111.721410134643,298.62893759374526,331992.1836087288,165.9960918043644,0.0,RELATIVE_MOMENTUM_1X_weekly_126D,after_tax
2024-04-08,QQQ,SELL,1111.721410134643,436.135676712757,484861.36952513305,242.43068476256653,152460.75913983735,RELATIVE_MOMENTUM_1X_weekly_126D,after_tax
2024-04-08,SPY,BUY,908.293619413005,505.5133924018632,459154.58884643496,229.5772944232175,0.0,RELATIVE_MOMENTUM_1X_weekly_126D,after_tax
2024-04-15,SPY,SELL,908.293619413005,501.5989207934361,455599.0992611273,227.79954963056366,-4012.8664293614565,RELATIVE_MOMENTUM_1X_weekly_126D,after_tax
2024-04-15,QQQ,BUY,1042.0485977002581,436.77783248501964,455143.727847573,227.5718639237865,0.0,RELATIVE_MOMENTUM_1X_weekly_126D,after_tax
2024-04-22,QQQ,SELL,1042.0485977002581,412.3235850098198,429661.2135582259,214.83060677911294,-25924.91676005005,RELATIVE_MOMENTUM_1X_weekly_126D,after_tax
2024-04-22,SPY,BUY,885.4643163679838,484.75331996273405,429231.7670679128,214.6158835339564,0.0,RELATIVE_MOMENTUM_1X_weekly_126D,after_tax
2024-04-29,SPY,SELL,885.4643163679838,496.69128964862307,439802.4132346502,219.9012066173251,10136.129076586163,RELATIVE_MOMENTUM_1X_weekly_126D,after_tax
2024-04-29,QQQ,BUY,1026.6576541766397,427.9545657944638,439362.83061272657,219.68141530636328,0.0,RELATIVE_MOMENTUM_1X_weekly_126D,after_tax
2024-05-13,QQQ,SELL,1026.6576541766397,438.6848051824084,450379.1130115076,225.1895565057538,10571.41142696893,RELATIVE_MOMENTUM_1X_weekly_126D,after_tax
2024-05-13,SPY,BUY,884.2357659930599,508.8337028193061,449928.9589755141,224.96447948775705,0.0,RELATIVE_MOMENTUM_1X_weekly_126D,after_tax
2024-05-28,SPY,SELL,884.2357659930599,516.3413100648252,456567.4538190307,228.28372690951537,6185.246637119388,RELATIVE_MOMENTUM_1X_weekly_126D,after_tax
2024-05-28,QQQ,BUY,1005.3292019750273,453.6932913505319,456111.11453485384,228.05555726742693,0.0,RELATIVE_MOMENTUM_1X_weekly_126D,after_tax
2024-06-03,QQQ,SELL,1005.3292019750273,449.13837209312464,451531.9211927439,225.76596059637194,-5033.014859973802,RELATIVE_MOMENTUM_1X_weekly_126D,after_tax
2024-06-03,SPY,BUY,875.6737096817341,515.1240809646227,451080.61492468516,225.54030746234258,0.0,RELATIVE_MOMENTUM_1X_weekly_126D,after_tax
2024-06-10,SPY,SELL,875.6737096817341,519.1746401760823,454627.58313566947,227.31379156783473,3094.1141119541717,RELATIVE_MOMENTUM_1X_weekly_126D,after_tax
2024-06-10,QQQ,BUY,995.3351238927237,456.3017739959468,454173.1827527253,227.08659137636266,0.0,RELATIVE_MOMENTUM_1X_weekly_126D,after_tax
2024-07-22,QQQ,SELL,995.3351238927237,476.1662445168207,473944.9879796827,236.97249398984135,19307.746141591168,RELATIVE_MOMENTUM_1X_weekly_126D,after_tax
2024-07-22,SPY,BUY,871.0717043516262,540.2113760766848,470562.8440692551,235.28142203462755,0.0,RELATIVE_MOMENTUM_1X_weekly_126D,after_tax
2024-09-30,SPY,SELL,871.0717043516262,558.937595094156,486874.72358486557,243.4373617924328,15833.160731783428,RELATIVE_MOMENTUM_1X_weekly_126D,after_tax
2024-09-30,QQQ,BUY,1003.6545076719158,481.41386237049977,483173.1930238994,241.5865965119497,0.0,RELATIVE_MOMENTUM_1X_weekly_126D,after_tax
2024-10-07,QQQ,SELL,1003.6545076719158,481.0274062437878,482785.3245903075,241.39266229515374,-870.8476923989947,RELATIVE_MOMENTUM_1X_weekly_126D,after_tax
2024-10-07,SPY,BUY,861.5628085875159,559.7999074826037,482302.7805377435,241.15139026887178,0.0,RELATIVE_MOMENTUM_1X_weekly_126D,after_tax
2024-10-21,SPY,SELL,861.5628085875159,572.0973176864316,492897.7718113063,246.44888590565316,10107.390997388226,RELATIVE_MOMENTUM_1X_weekly_126D,after_tax
2024-10-21,QQQ,BUY,1003.5041953575484,488.81674495745733,490529.6543258292,245.2648271629146,0.0,RELATIVE_MOMENTUM_1X_weekly_126D,after_tax
2024-11-04,QQQ,SELL,1003.5041953575484,482.4445325917277,484135.1124831102,242.0675562415551,-6881.874226123386,RELATIVE_MOMENTUM_1X_weekly_126D,after_tax
2024-11-04,SPY,BUY,864.153015276799,559.6823835212687,483651.21931721014,241.8256096586051,0.0,RELATIVE_MOMENTUM_1X_weekly_126D,after_tax
2024-11-11,SPY,SELL,864.153015276799,587.7360663213191,507893.8938984926,253.94694694924632,23746.902024674637,RELATIVE_MOMENTUM_1X_weekly_126D,after_tax
2024-11-11,QQQ,BUY,986.7328014206857,510.73789673440615,503961.8356364495,251.98091781822475,0.0,RELATIVE_MOMENTUM_1X_weekly_126D,after_tax
2024-11-18,QQQ,SELL,986.7328014206857,493.6529120920853,487103.5208781028,243.5517604390514,-17353.847436603974,RELATIVE_MOMENTUM_1X_weekly_126D,after_tax
2024-11-18,SPY,BUY,847.1449624866488,574.4195885423085,486616.6607872701,243.30833039363506,0.0,RELATIVE_MOMENTUM_1X_weekly_126D,after_tax
2025-01-21,SPY,SELL,847.1449624866488,590.5597127423754,500289.68569726567,250.14484284863283,13179.571736753278,RELATIVE_MOMENTUM_1X_weekly_126D,after_tax
2025-01-21,QQQ,BUY,960.0185197399184,520.6041714349437,499789.64603140135,249.8948230157007,0.0,RELATIVE_MOMENTUM_1X_weekly_126D,after_tax
2025-03-31,QQQ,SELL,960.0185197399184,459.19026229129486,440831.15588387375,220.41557794193687,-59428.800548485306,RELATIVE_MOMENTUM_1X_weekly_126D,after_tax
2025-05-19,QQQ,BUY,861.4820509557504,511.2010686059385,440390.54503341514,220.19527251670758,0.0,RELATIVE_MOMENTUM_1X_weekly_126D,after_tax
2025-06-23,QQQ,SELL,861.4820509557504,524.2849177292203,451662.04621053557,225.8310231052678,10825.474881498492,RELATIVE_MOMENTUM_1X_weekly_126D,after_tax
2025-06-30,QQQ,BUY,822.4500188096252,548.6176661963601,451210.6098824891,225.60530494124455,0.0,RELATIVE_MOMENTUM_1X_weekly_126D,after_tax
2026-02-09,QQQ,SELL,822.4500188096252,606.1088060763491,498494.1989581728,249.24709947908642,46808.73667126341,RELATIVE_MOMENTUM_1X_weekly_126D,after_tax
2026-02-09,SPY,BUY,726.1792369913617,685.7755337993461,497995.9538817529,248.99797694087647,0.0,RELATIVE_MOMENTUM_1X_weekly_126D,after_tax
2026-03-09,SPY,SELL,726.1792369913617,662.8673051642795,481360.4738907166,240.6802369453583,-17125.158204922453,RELATIVE_MOMENTUM_1X_weekly_126D,after_tax
2026-03-09,QQQ,BUY,811.1587319501198,592.83015152989,480879.35397678294,240.43967698839148,0.0,RELATIVE_MOMENTUM_1X_weekly_126D,after_tax
2026-03-23,QQQ,SELL,811.1587319501198,589.8718065319924,478479.66659961734,239.23983329980868,-2879.366887453827,RELATIVE_MOMENTUM_1X_weekly_126D,after_tax
2026-04-13,SPY,BUY,707.4487834687831,675.669302461078,478001.4260532909,239.00071302664546,0.0,RELATIVE_MOMENTUM_1X_weekly_126D,after_tax
2026-04-20,SPY,SELL,707.4487834687831,706.9587079747221,500137.0779193798,250.0685389596899,21646.582614102634,RELATIVE_MOMENTUM_1X_weekly_126D,after_tax
2026-04-20,QQQ,BUY,771.8447836993413,647.3285838511964,499637.19078502763,249.81859539251383,0.0,RELATIVE_MOMENTUM_1X_weekly_126D,after_tax
2006-06-21,SPY,BUY,1164.0594483182617,85.86333381160723,99950.02498750626,49.97501249375313,0.0,RELATIVE_MOMENTUM_1X_weekly_189D,pre_tax
2007-04-09,SPY,SELL,1164.0594483182617,101.5646799217734,118227.32527836038,59.11366263918019,18168.211615721186,RELATIVE_MOMENTUM_1X_weekly_189D,pre_tax
2007-04-09,QQQ,BUY,3082.0046491305293,38.32218652574798,118109.1570372026,59.0545785186013,0.0,RELATIVE_MOMENTUM_1X_weekly_189D,pre_tax
2008-01-28,QQQ,SELL,3082.0046491305293,37.81927154604886,116559.17073165253,58.279585365826264,-1667.320469434504,RELATIVE_MOMENTUM_1X_weekly_189D,pre_tax
2008-05-05,QQQ,BUY,2776.8779115576504,41.93294538688024,116442.66981138101,58.221334905690505,0.0,RELATIVE_MOMENTUM_1X_weekly_189D,pre_tax
2008-06-16,QQQ,SELL,2776.8779115576504,41.37407275390361,114890.74874149414,57.445374370747075,-1667.5877791632956,RELATIVE_MOMENTUM_1X_weekly_189D,pre_tax
2009-07-13,QQQ,BUY,3797.7283820914927,30.22225495394936,114775.9154094187,57.38795770470935,0.0,RELATIVE_MOMENTUM_1X_weekly_189D,pre_tax
2011-06-20,QQQ,SELL,3797.7283820914927,47.109926789276976,178910.70604588953,89.45535302294476,63987.9473257432,RELATIVE_MOMENTUM_1X_weekly_189D,pre_tax
2011-06-20,SPY,BUY,1837.855608841376,97.25023222208834,178731.88475049136,89.36594237524568,0.0,RELATIVE_MOMENTUM_1X_weekly_189D,pre_tax
2011-07-05,SPY,SELL,1837.855608841376,102.74944332709359,188838.64072402802,94.41932036201402,9922.970710799418,RELATIVE_MOMENTUM_1X_weekly_189D,pre_tax
2011-07-05,QQQ,BUY,3705.353569547299,50.912792238201064,188649.8964554383,94.32494822771916,0.0,RELATIVE_MOMENTUM_1X_weekly_189D,pre_tax
2011-08-22,QQQ,SELL,3705.353569547299,44.993307330304646,166716.11192208296,83.35805596104149,-22111.467537544115,RELATIVE_MOMENTUM_1X_weekly_189D,pre_tax
2011-08-29,QQQ,BUY,3534.020353651052,47.12748158184595,166549.47912655867,83.27473956327934,0.0,RELATIVE_MOMENTUM_1X_weekly_189D,pre_tax
2011-09-06,QQQ,SELL,3534.020353651052,45.70469470701315,161521.32135199197,80.76066067599598,-5192.193174805987,RELATIVE_MOMENTUM_1X_weekly_189D,pre_tax
2011-09-19,QQQ,BUY,3281.203071837698,49.17704793582554,161359.8807509405,80.67994037547025,0.0,RELATIVE_MOMENTUM_1X_weekly_189D,pre_tax
2011-09-26,QQQ,SELL,3281.203071837698,47.883609866892414,157115.8477859253,78.55792389296265,-4403.270829283632,RELATIVE_MOMENTUM_1X_weekly_189D,pre_tax
2011-10-17,QQQ,BUY,3080.3771632192784,50.95441309296278,156958.81045680394,78.47940522840197,0.0,RELATIVE_MOMENTUM_1X_weekly_189D,pre_tax
2011-11-14,QQQ,SELL,3080.3771632192784,50.76083318715201,156362.51133568631,78.18125566784316,-752.9597820138733,RELATIVE_MOMENTUM_1X_weekly_189D,pre_tax
2011-12-12,QQQ,BUY,3146.5670087215963,49.64338167074328,156206.2269665352,78.1031134832676,0.0,RELATIVE_MOMENTUM_1X_weekly_189D,pre_tax
2011-12-19,QQQ,SELL,3146.5670087215963,48.59847528790157,152918.35901508285,76.45917950754142,-3442.4302444431523,RELATIVE_MOMENTUM_1X_weekly_189D,pre_tax
2012-01-09,QQQ,BUY,2984.0756837780923,51.193579944199925,152765.5170770368,76.3827585385184,0.0,RELATIVE_MOMENTUM_1X_weekly_189D,pre_tax
2012-06-25,QQQ,SELL,2984.0756837780923,55.717013707073676,166263.78577600923,83.13189288800461,13338.754047545895,RELATIVE_MOMENTUM_1X_weekly_189D,pre_tax
2012-06-25,SPY,BUY,1603.6384800754186,103.57546737888794,166097.60508058095,83.04880254029048,0.0,RELATIVE_MOMENTUM_1X_weekly_189D,pre_tax
2012-07-02,SPY,SELL,1603.6384800754186,107.05024622745317,171669.8941518923,85.83494707594616,5403.405321695114,RELATIVE_MOMENTUM_1X_weekly_189D,pre_tax
2012-07-02,QQQ,BUY,3009.995720381424,56.976263749657214,171498.31004979147,85.74915502489574,0.0,RELATIVE_MOMENTUM_1X_weekly_189D,pre_tax
2012-07-16,QQQ,SELL,3009.995720381424,56.08060791424486,168802.38981826563,84.40119490913281,-2866.0705814598477,RELATIVE_MOMENTUM_1X_weekly_189D,pre_tax
2012-07-16,SPY,BUY,1587.3724997093975,106.23446722072782,168633.67178746278,84.3168358937314,0.0,RELATIVE_MOMENTUM_1X_weekly_189D,pre_tax
2012-07-30,SPY,SELL,1587.3724997093975,108.65031322739742,172468.51930198286,86.23425965099143,3664.2964189753693,RELATIVE_MOMENTUM_1X_weekly_189D,pre_tax
2012-07-30,QQQ,BUY,2987.727455324844,57.667956515502134,172296.13697384496,86.14806848692248,0.0,RELATIVE_MOMENTUM_1X_weekly_189D,pre_tax
2012-10-31,QQQ,SELL,2987.727455324844,58.045842768572335,173425.15810713262,86.71257905356632,956.160485747183,RELATIVE_MOMENTUM_1X_weekly_189D,pre_tax
2012-10-31,SPY,BUY,1548.8796071608629,111.8562209853386,173251.81961826992,86.62590980913497,0.0,RELATIVE_MOMENTUM_1X_weekly_189D,pre_tax
2013-09-09,SPY,SELL,1548.8796071608629,133.4760098277366,206738.26966738413,103.36913483369207,33296.45500447138,RELATIVE_MOMENTUM_1X_weekly_189D,pre_tax
2013-09-09,QQQ,BUY,2972.940698578942,69.47048584383619,206531.63471519286,103.26581735759643,0.0,RELATIVE_MOMENTUM_1X_weekly_189D,pre_tax
2013-09-16,QQQ,SELL,2972.940698578942,70.78324813468443,210434.39915721532,105.21719957860766,3694.2814250862284,RELATIVE_MOMENTUM_1X_weekly_189D,pre_tax
2013-09-16,SPY,BUY,1531.6542529750548,137.2529534745458,210224.06992267538,105.11203496133768,0.0,RELATIVE_MOMENTUM_1X_weekly_189D,pre_tax
2013-09-30,SPY,SELL,1531.6542529750548,134.9566053586741,206706.85856468923,103.35342928234462,-3725.6768222298415,RELATIVE_MOMENTUM_1X_weekly_189D,pre_tax
2013-09-30,QQQ,BUY,2926.0973002735063,70.57190305619744,206500.25500790295,103.25012750395148,0.0,RELATIVE_MOMENTUM_1X_weekly_189D,pre_tax
2015-09-08,QQQ,SELL,2926.0973002735063,96.08559421836995,281155.79783754796,140.57789891877397,74411.7148032223,RELATIVE_MOMENTUM_1X_weekly_189D,pre_tax
2015-09-14,QQQ,BUY,2872.4122051140857,97.78359180039753,280874.7825473555,140.43739127367775,0.0,RELATIVE_MOMENTUM_1X_weekly_189D,pre_tax
2015-09-28,QQQ,SELL,2872.4122051140857,94.8021796414909,272310.93787363655,136.15546893681827,-8840.437533929478,RELATIVE_MOMENTUM_1X_weekly_189D,pre_tax
2015-10-05,QQQ,BUY,2806.5523421352677,96.92987333213848,272038.7630231881,136.01938151159405,0.0,RELATIVE_MOMENTUM_1X_weekly_189D,pre_tax
2016-01-11,QQQ,SELL,2806.5523421352677,97.19807574797389,272791.4871415173,136.39574357075864,480.30899324681377,RELATIVE_MOMENTUM_1X_weekly_189D,pre_tax
2016-04-04,QQQ,BUY,2653.351802044228,102.70738760385949,272518.83198195556,136.25941599097777,0.0,RELATIVE_MOMENTUM_1X_weekly_189D,pre_tax
2016-04-18,QQQ,SELL,2653.351802044228,102.67018011004056,272420.10741118155,136.21005370559078,-371.19404047058197,RELATIVE_MOMENTUM_1X_weekly_189D,pre_tax
2016-04-25,SPY,BUY,1542.0815662053092,176.48082268141187,272147.8234457531,136.07391172287655,0.0,RELATIVE_MOMENTUM_1X_weekly_189D,pre_tax
2016-05-02,SPY,SELL,1542.0815662053092,175.34532812902663,270396.79822799325,135.19839911399663,-2022.2975285967113,RELATIVE_MOMENTUM_1X_weekly_189D,pre_tax
2016-05-09,SPY,BUY,1550.6570502716766,174.20134033716386,270126.53656059894,135.06326828029947,0.0,RELATIVE_MOMENTUM_1X_weekly_189D,pre_tax
2016-05-16,SPY,SELL,1550.6570502716766,173.6844873546991,269325.074839386,134.662537419693,-1071.1875269129523,RELATIVE_MOMENTUM_1X_weekly_189D,pre_tax
2016-05-23,SPY,BUY,1544.9621751116763,174.15046704320636,269055.8843597864,134.52794217989322,0.0,RELATIVE_MOMENTUM_1X_weekly_189D,pre_tax
2016-10-10,SPY,SELL,1544.9621751116763,185.05804443359375,285907.6788500382,142.9538394250191,16574.312708646932,RELATIVE_MOMENTUM_1X_weekly_189D,pre_tax
2016-10-10,QQQ,BUY,2564.015953933025,111.39630922165753,285621.9140535864,142.8109570267932,0.0,RELATIVE_MOMENTUM_1X_weekly_189D,pre_tax
2016-12-05,QQQ,SELL,2564.015953933025,108.79568639723625,278953.8756416079,139.47693782080395,-6950.326306826086,RELATIVE_MOMENTUM_1X_weekly_189D,pre_tax
2016-12-05,SPY,BUY,1475.2359298126478,188.90202952729857,278675.06117320055,139.33753058660028,0.0,RELATIVE_MOMENTUM_1X_weekly_189D,pre_tax
2016-12-19,SPY,SELL,1475.2359298126478,193.97675592107728,286161.4798832715,143.08073994163576,7204.000439542753,RELATIVE_MOMENTUM_1X_weekly_189D,pre_tax
2016-12-19,QQQ,BUY,2545.0474783193627,112.32618009994971,285875.4614126236,142.93773070631178,0.0,RELATIVE_MOMENTUM_1X_weekly_189D,pre_tax
2016-12-27,QQQ,SELL,2545.0474783193627,113.02048621742547,287642.50344608695,143.82125172304347,1480.2830510340282,RELATIVE_MOMENTUM_1X_weekly_189D,pre_tax
2016-12-27,SPY,BUY,1476.341808627566,194.63988827841183,287355.0046920179,143.67750234600896,0.0,RELATIVE_MOMENTUM_1X_weekly_189D,pre_tax
2017-01-17,SPY,SELL,1476.341808627566,194.8895735022401,287723.6254269521,143.86181271347604,81.08141987468116,RELATIVE_MOMENTUM_1X_weekly_189D,pre_tax
2017-01-17,QQQ,BUY,2493.946425441847,115.25349649021369,287436.0455914429,143.71802279572145,0.0,RELATIVE_MOMENTUM_1X_weekly_189D,pre_tax
2018-10-29,QQQ,SELL,2493.946425441847,161.0995867692778,401773.73856339906,200.88686928169955,113993.08807987871,RELATIVE_MOMENTUM_1X_weekly_189D,pre_tax
2018-11-05,QQQ,BUY,2485.723816729119,161.47094174744802,401372.16561131174,200.68608280565587,0.0,RELATIVE_MOMENTUM_1X_weekly_189D,pre_tax
2018-11-19,QQQ,SELL,2485.723816729119,158.7099596546471,394509.12666567386,197.25456333283694,-7260.979591776384,RELATIVE_MOMENTUM_1X_weekly_189D,pre_tax
2018-11-19,SPY,BUY,1622.894629592287,242.8468290600021,394114.81469499355,197.0574073474968,0.0,RELATIVE_MOMENTUM_1X_weekly_189D,pre_tax
2018-11-26,SPY,SELL,1622.894629592287,236.38100636061282,383621.4657602588,191.8107328801294,-10882.217074962391,RELATIVE_MOMENTUM_1X_weekly_189D,pre_tax
2018-12-03,SPY,BUY,1537.3975247086996,249.27712569459774,383238.03600937396,191.61901800468698,0.0,RELATIVE_MOMENTUM_1X_weekly_189D,pre_tax
2018-12-10,SPY,SELL,1537.3975247086996,234.23760261616204,360116.3104557875,180.05815522789376,-23493.40272681904,RELATIVE_MOMENTUM_1X_weekly_189D,pre_tax
2019-01-22,QQQ,BUY,2296.6589692349976,156.64335843180731,359756.37411350285,179.87818705675144,0.0,RELATIVE_MOMENTUM_1X_weekly_189D,pre_tax
2019-02-11,QQQ,SELL,2296.6589692349976,161.52234993112174,370961.75370122463,185.48087685061233,10840.020523814426,RELATIVE_MOMENTUM_1X_weekly_189D,pre_tax
2019-02-11,SPY,BUY,1527.5170517862887,242.61004281578042,370590.9773357062,185.2954886678531,0.0,RELATIVE_MOMENTUM_1X_weekly_189D,pre_tax
2019-04-01,SPY,SELL,1527.5170517862887,255.8087003800633,390752.15182583634,195.37607591291817,19780.5029255494,RELATIVE_MOMENTUM_1X_weekly_189D,pre_tax
2019-04-01,QQQ,BUY,2248.3695382793894,173.61985576942988,390361.5949524472,195.1807974762236,0.0,RELATIVE_MOMENTUM_1X_weekly_189D,pre_tax
2019-04-15,QQQ,SELL,2248.3695382793894,177.76168805033893,399673.9644855054,199.83698224275273,8917.35175333923,RELATIVE_MOMENTUM_1X_weekly_189D,pre_tax
2019-04-15,SPY,BUY,1531.0402275819724,260.7864137500308,399274.4902581336,199.63724512906683,0.0,RELATIVE_MOMENTUM_1X_weekly_189D,pre_tax
2019-04-22,SPY,SELL,1531.0402275819724,259.8250653691345,397802.6272142606,198.9013136071303,-1870.4016026092577,RELATIVE_MOMENTUM_1X_weekly_189D,pre_tax
2019-04-22,QQQ,BUY,2226.858773194892,178.4599132071581,397405.023388959,198.7025116944795,0.0,RELATIVE_MOMENTUM_1X_weekly_189D,pre_tax
2019-05-13,QQQ,SELL,2226.858773194892,172.45287391406097,384028.1952381992,192.0140976190996,-13767.54476007336,RELATIVE_MOMENTUM_1X_weekly_189D,pre_tax
2019-05-13,SPY,BUY,1511.8388673930924,253.7600846462088,383644.3589610996,191.8221794805498,0.0,RELATIVE_MOMENTUM_1X_weekly_189D,pre_tax
2019-06-03,SPY,SELL,1511.8388673930924,247.37156112390167,373985.9407948206,186.99297039741032,-10037.233316156955,RELATIVE_MOMENTUM_1X_weekly_189D,pre_tax
2019-06-10,SPY,BUY,1436.9433122243277,260.0047883414486,373612.1417535464,186.80607087677322,0.0,RELATIVE_MOMENTUM_1X_weekly_189D,pre_tax
2019-06-24,SPY,SELL,1436.9433122243277,265.6573050056202,381734.48777136434,190.86724388568217,7744.672703055432,RELATIVE_MOMENTUM_1X_weekly_189D,pre_tax
2019-06-24,QQQ,BUY,2110.030242820752,180.7334019751522,381352.9440554509,190.67647202772545,0.0,RELATIVE_MOMENTUM_1X_weekly_189D,pre_tax
2019-07-01,QQQ,SELL,2110.030242820752,182.44945000778995,384973.85730244964,192.48692865122482,3237.7498463198426,RELATIVE_MOMENTUM_1X_weekly_189D,pre_tax
2019-07-01,SPY,BUY,1435.732894660739,267.8695161656501,384589.0758358805,192.29453791794023,0.0,RELATIVE_MOMENTUM_1X_weekly_189D,pre_tax
2019-07-15,SPY,SELL,1435.732894660739,271.8873226456437,390357.5727635883,195.17878638179414,5381.0236034080735,RELATIVE_MOMENTUM_1X_weekly_189D,pre_tax
2019-07-15,QQQ,BUY,2097.0717825790057,185.9580647222689,389967.4102720705,194.98370513603524,0.0,RELATIVE_MOMENTUM_1X_weekly_189D,pre_tax
2020-03-23,QQQ,SELL,2097.0717825790057,164.88867532273736,345783.3882861437,172.89169414307187,-44551.89738520596,RELATIVE_MOMENTUM_1X_weekly_189D,pre_tax
2020-04-13,QQQ,BUY,1790.3660957263842,192.94253757804694,345437.77770314907,172.71888885157455,0.0,RELATIVE_MOMENTUM_1X_weekly_189D,pre_tax
2021-03-29,QQQ,SELL,1790.3660957263842,305.78615611278667,547469.1664468285,273.7345832234143,201584.9352716044,RELATIVE_MOMENTUM_1X_weekly_189D,pre_tax
2021-03-29,SPY,BUY,1488.5622622172832,367.4162544356728,546921.970878166,273.460985439083,0.0,RELATIVE_MOMENTUM_1X_weekly_189D,pre_tax
2021-04-19,SPY,SELL,1488.5622622172832,387.78073043129933,577235.7613350854,288.6178806675427,29751.711590812658,RELATIVE_MOMENTUM_1X_weekly_189D,pre_tax
2021-04-19,QQQ,BUY,1747.6518165426241,329.96207172902274,576658.8140473942,288.3294070236971,0.0,RELATIVE_MOMENTUM_1X_weekly_189D,pre_tax
2021-05-03,QQQ,SELL,1747.6518165426241,328.83768586553776,574693.7790505799,287.34688952528995,-2540.7112933633616,RELATIVE_MOMENTUM_1X_weekly_189D,pre_tax
2021-05-03,SPY,BUY,1469.3361859269048,390.7338415630485,574119.3724748172,287.0596862374086,0.0,RELATIVE_MOMENTUM_1X_weekly_189D,pre_tax
2021-06-21,SPY,SELL,1469.3361859269048,389.5541254102761,572385.9728424262,286.1929864212131,-2306.652305049589,RELATIVE_MOMENTUM_1X_weekly_189D,pre_tax
2021-06-21,QQQ,BUY,1720.6480437541518,332.32471625745603,571813.8729195453,285.9069364597726,0.0,RELATIVE_MOMENTUM_1X_weekly_189D,pre_tax
2021-06-28,QQQ,SELL,1720.6480437541518,340.42826278172237,585757.2243939949,292.87861219699744,13364.565925792791,RELATIVE_MOMENTUM_1X_weekly_189D,pre_tax
2021-06-28,SPY,BUY,1465.6912604025965,399.2462640059079,585171.759901847,292.5858799509235,0.0,RELATIVE_MOMENTUM_1X_weekly_189D,pre_tax
2021-07-12,SPY,SELL,1465.6912604025965,406.9661965088275,596486.7975022742,298.2433987511371,10724.208321725135,RELATIVE_MOMENTUM_1X_weekly_189D,pre_tax
2021-07-12,QQQ,BUY,1694.0558549006605,351.7538144183957,595890.6087991236,297.9453043995618,0.0,RELATIVE_MOMENTUM_1X_weekly_189D,pre_tax
2021-07-19,QQQ,SELL,1694.0558549006605,343.6017019715255,582080.4749786946,291.0402374893473,-14399.119362317957,RELATIVE_MOMENTUM_1X_weekly_189D,pre_tax
2021-07-19,SPY,BUY,1459.8404003690357,398.33031422579336,581498.685398506,290.749342699253,0.0,RELATIVE_MOMENTUM_1X_weekly_189D,pre_tax
2021-07-26,SPY,SELL,1459.8404003690357,410.5925550860386,599399.600005348,299.699800002674,17310.465464140056,RELATIVE_MOMENTUM_1X_weekly_189D,pre_tax
2021-07-26,QQQ,BUY,1678.9810902876357,356.64517213400177,598800.4999553678,299.40024997768387,0.0,RELATIVE_MOMENTUM_1X_weekly_189D,pre_tax
2021-08-02,QQQ,SELL,1678.9810902876357,355.47083858690587,596828.8161361034,298.41440806805167,-2569.498477310175,RELATIVE_MOMENTUM_1X_weekly_189D,pre_tax
2021-08-02,SPY,BUY,1448.729306580192,411.5553422417352,596232.2855852427,298.11614279262136,0.0,RELATIVE_MOMENTUM_1X_weekly_189D,pre_tax
2021-08-16,SPY,SELL,1448.729306580192,415.47142121296486,601905.6239577455,300.9528119788728,5074.269417731324,RELATIVE_MOMENTUM_1X_weekly_189D,pre_tax
2021-08-16,QQQ,BUY,1685.1753703210807,356.8198477892723,601304.0191361986,300.6520095680993,0.0,RELATIVE_MOMENTUM_1X_weekly_189D,pre_tax
2021-09-27,QQQ,SELL,1685.1753703210807,359.67354601295983,606113.0010970859,303.05650054854294,4205.273450770765,RELATIVE_MOMENTUM_1X_weekly_189D,pre_tax
2021-09-27,SPY,BUY,1458.386779753209,415.18971469523467,605507.1910010369,302.7535955005185,0.0,RELATIVE_MOMENTUM_1X_weekly_189D,pre_tax
2021-11-22,SPY,SELL,1458.386779753209,441.518225650883,643904.3433093419,321.95217165467096,37772.44654114987,RELATIVE_MOMENTUM_1X_weekly_189D,pre_tax
2021-11-22,QQQ,BUY,1632.4851217425603,394.03774784218194,643260.7607573087,321.63038037865437,0.0,RELATIVE_MOMENTUM_1X_weekly_189D,pre_tax
2022-01-10,QQQ,SELL,1632.4851217425603,364.6271924939485,595248.4667291314,297.6242333645657,-48631.548641920555,RELATIVE_MOMENTUM_1X_weekly_189D,pre_tax
2022-01-10,SPY,BUY,1365.878981256204,435.36325245373706,594653.515737898,297.32675786894896,0.0,RELATIVE_MOMENTUM_1X_weekly_189D,pre_tax
2022-02-07,SPY,SELL,1365.878981256204,422.95251700944823,577701.9530526125,288.8509765263062,-17537.74041968072,RELATIVE_MOMENTUM_1X_weekly_189D,pre_tax
2022-02-07,QQQ,BUY,1654.278602646338,348.8678018823196,577124.5398061832,288.5622699030916,0.0,RELATIVE_MOMENTUM_1X_weekly_189D,pre_tax
2022-02-14,QQQ,SELL,1654.278602646338,337.0675991070054,557603.7168480929,278.80185842404643,-20088.187086417573,RELATIVE_MOMENTUM_1X_weekly_189D,pre_tax
2022-02-14,SPY,BUY,1345.752971467397,413.9291560964369,557046.3917937719,278.52319589688597,0.0,RELATIVE_MOMENTUM_1X_weekly_189D,pre_tax
2022-03-14,SPY,SELL,1345.752971467397,396.0234396841189,532949.7207256424,266.47486036282123,-24641.669124389184,RELATIVE_MOMENTUM_1X_weekly_189D,pre_tax
2022-03-21,SPY,BUY,1269.5133438289324,419.38672006455863,532417.0373466063,266.20851867330316,0.0,RELATIVE_MOMENTUM_1X_weekly_189D,pre_tax
2022-04-25,SPY,SELL,1269.5133438289324,399.87760832355883,507649.9596651573,253.82497983257866,-25287.111179954838,RELATIVE_MOMENTUM_1X_weekly_189D,pre_tax
2023-02-13,SPY,BUY,1297.6654310195809,390.81149214644563,507142.56340362295,253.57128170181147,0.0,RELATIVE_MOMENTUM_1X_weekly_189D,pre_tax
2023-02-27,SPY,SELL,1297.6654310195809,382.3492886397092,496161.45444267837,248.0807272213392,-11482.760969867697,RELATIVE_MOMENTUM_1X_weekly_189D,pre_tax
2023-02-27,QQQ,BUY,1714.1485861897002,289.1613626370489,495665.5409449846,247.8327704724923,0.0,RELATIVE_MOMENTUM_1X_weekly_189D,pre_tax
2023-03-06,QQQ,SELL,1714.1485861897002,294.9138281640149,505526.1215951383,252.76306079756915,9359.98481888359,RELATIVE_MOMENTUM_1X_weekly_189D,pre_tax
2023-03-20,QQQ,BUY,1691.131650467564,298.62893759374526,505020.8481102856,252.5104240551428,0.0,RELATIVE_MOMENTUM_1X_weekly_189D,pre_tax
2023-04-24,QQQ,SELL,1691.131650467564,310.524573610328,525137.9346803705,262.5689673401853,19602.007178689586,RELATIVE_MOMENTUM_1X_weekly_189D,pre_tax
2023-04-24,SPY,BUY,1326.6508545945699,395.44169241406223,524613.0591834387,262.3065295917193,0.0,RELATIVE_MOMENTUM_1X_weekly_189D,pre_tax
2023-05-01,SPY,SELL,1326.6508545945699,398.7819109693187,529044.3629843023,264.52218149215116,3904.475089779822,RELATIVE_MOMENTUM_1X_weekly_189D,pre_tax
2023-05-01,QQQ,BUY,1671.8357304759306,316.12889554696204,528515.5830113045,264.2577915056523,0.0,RELATIVE_MOMENTUM_1X_weekly_189D,pre_tax
2023-05-08,QQQ,SELL,1671.8357304759306,316.45279521060826,529057.0900420774,264.52854502103867,12.72069424611982,RELATIVE_MOMENTUM_1X_weekly_189D,pre_tax
2023-05-08,SPY,BUY,1333.3800584686712,396.3823322476967,528528.2973483821,264.26414867419106,0.0,RELATIVE_MOMENTUM_1X_weekly_189D,pre_tax
2023-05-15,SPY,SELL,1333.3800584686712,395.66240845072787,527568.3653138868,263.7841826569434,-1487.980365826399,RELATIVE_MOMENTUM_1X_weekly_189D,pre_tax
2023-05-15,QQQ,BUY,1649.6549586543592,319.4856341539702,527041.0606009294,263.5205303004647,0.0,RELATIVE_MOMENTUM_1X_weekly_189D,pre_tax
2024-04-22,QQQ,SELL,1649.6549586543592,412.3235850098198,680191.6465815915,340.09582329079575,152546.96962707082,RELATIVE_MOMENTUM_1X_weekly_189D,pre_tax
2024-04-22,SPY,BUY,1401.7682125686288,484.75331996273405,679511.7948608703,339.7558974304352,0.0,RELATIVE_MOMENTUM_1X_weekly_189D,pre_tax
2024-04-29,SPY,SELL,1401.7682125686288,496.69128964862307,696246.0612891574,348.1230306445787,16046.387500211946,RELATIVE_MOMENTUM_1X_weekly_189D,pre_tax
2024-04-29,QQQ,BUY,1625.2897358056935,427.9545657944638,695550.1631769243,347.77508158846217,0.0,RELATIVE_MOMENTUM_1X_weekly_189D,pre_tax
2024-07-29,QQQ,SELL,1625.2897358056935,460.8766312425985,749058.0582313009,374.5290291156505,52785.59094367246,RELATIVE_MOMENTUM_1X_weekly_189D,pre_tax
2024-07-29,SPY,BUY,1402.9236587672458,533.3927971337158,748309.3745149279,374.15468725746393,0.0,RELATIVE_MOMENTUM_1X_weekly_189D,pre_tax
2024-12-09,SPY,SELL,1402.9236587672458,595.4574149257465,835381.2951877144,417.6906475938572,86280.07533793524,RELATIVE_MOMENTUM_1X_weekly_189D,pre_tax
2024-12-09,QQQ,BUY,1602.3502001774823,520.8264281316256,834546.3313744334,417.2731656872167,0.0,RELATIVE_MOMENTUM_1X_weekly_189D,pre_tax
2025-03-03,QQQ,SELL,1602.3502001774823,507.73993161461107,813577.1810607732,406.7885905303866,-21793.212069877773,RELATIVE_MOMENTUM_1X_weekly_189D,pre_tax
2025-03-03,SPY,BUY,1386.6256155572205,586.1452445030724,812764.0104650103,406.38200523250515,0.0,RELATIVE_MOMENTUM_1X_weekly_189D,pre_tax
2025-04-07,SPY,SELL,1386.6256155572205,482.40291724281104,668912.2420684118,334.4561210342059,-144592.60652286524,RELATIVE_MOMENTUM_1X_weekly_189D,pre_tax
2025-04-28,SPY,BUY,1228.9764555309175,543.7400050325934,668243.66411532,334.12183205766,0.0,RELATIVE_MOMENTUM_1X_weekly_189D,pre_tax
2025-05-05,SPY,SELL,1228.9764555309175,554.7648117792631,681792.8920337554,340.89644601687775,12874.209640360903,RELATIVE_MOMENTUM_1X_weekly_189D,pre_tax
2025-05-05,QQQ,BUY,1413.8680210677724,481.73622270162116,681111.4398678048,340.55571993390237,0.0,RELATIVE_MOMENTUM_1X_weekly_189D,pre_tax
2026-02-17,QQQ,SELL,1413.8680210677724,596.9703796848319,844037.32936107,422.018664680535,162163.3151086507,RELATIVE_MOMENTUM_1X_weekly_189D,pre_tax
2026-02-17,SPY,BUY,1246.3238036799112,676.5446598627462,843193.7138394697,421.5968569197349,0.0,RELATIVE_MOMENTUM_1X_weekly_189D,pre_tax
2026-02-23,SPY,SELL,1246.3238036799112,684.1940214696967,852727.2952931672,426.3636476465836,8685.620949131204,RELATIVE_MOMENTUM_1X_weekly_189D,pre_tax
2026-02-23,QQQ,BUY,1407.6367427803666,605.1809875790976,851874.9941484465,425.93749707422324,0.0,RELATIVE_MOMENTUM_1X_weekly_189D,pre_tax
2026-03-02,QQQ,SELL,1407.6367427803666,597.449233707877,840991.493313182,420.495746656591,-11729.934078995255,RELATIVE_MOMENTUM_1X_weekly_189D,pre_tax
2026-03-02,SPY,BUY,1244.4610771792143,675.1122534180175,840150.9221054728,420.0754610527364,0.0,RELATIVE_MOMENTUM_1X_weekly_189D,pre_tax
2026-03-09,SPY,SELL,1244.4610771792143,662.8673051642795,824912.5606116222,412.4562803058111,-16070.893235209165,RELATIVE_MOMENTUM_1X_weekly_189D,pre_tax
2026-03-09,QQQ,BUY,1390.0913409590908,592.83015152989,824088.0603011658,412.0440301505829,0.0,RELATIVE_MOMENTUM_1X_weekly_189D,pre_tax
2026-03-30,QQQ,SELL,1390.0913409590908,566.7571613464482,787844.222414252,393.922111207126,-37049.8040282717,RELATIVE_MOMENTUM_1X_weekly_189D,pre_tax
2026-03-30,SPY,BUY,1232.732515355794,638.4651675144013,787056.7719170863,393.5283859585432,0.0,RELATIVE_MOMENTUM_1X_weekly_189D,pre_tax
2026-04-06,SPY,SELL,1232.732515355794,654.1746977251443,806422.4206088333,403.2112103044167,18568.909095484065,RELATIVE_MOMENTUM_1X_weekly_189D,pre_tax
2026-04-06,QQQ,BUY,1375.7428389764605,585.5864761740653,805616.40119793,402.808200598965,0.0,RELATIVE_MOMENTUM_1X_weekly_189D,pre_tax
2026-08-03,QQQ,SELL,1375.7428389764605,688.2999877929688,946923.7792737619,473.461889636881,140431.10798559594,RELATIVE_MOMENTUM_1X_weekly_189D,pre_tax
2026-08-03,SPY,BUY,1262.2455775487176,749.4400024414062,945977.3287197652,472.9886643598826,0.0,RELATIVE_MOMENTUM_1X_weekly_189D,pre_tax
2026-08-10,SPY,SELL,1262.2455775487176,772.5999755859375,975210.9023975969,487.60545119879845,28272.979562273016,RELATIVE_MOMENTUM_1X_weekly_189D,pre_tax
2026-08-10,QQQ,BUY,1348.6290772320506,722.3900146484375,974236.1788569697,487.11808942848484,0.0,RELATIVE_MOMENTUM_1X_weekly_189D,pre_tax
2006-06-21,SPY,BUY,1164.0594483182617,85.86333381160723,99950.02498750626,49.97501249375313,0.0,RELATIVE_MOMENTUM_1X_weekly_189D,after_tax
2007-04-09,SPY,SELL,1164.0594483182617,101.5646799217734,118227.32527836038,59.11366263918019,18168.211615721186,RELATIVE_MOMENTUM_1X_weekly_189D,after_tax
2007-04-09,QQQ,BUY,2985.7411524373742,38.32218652574798,114420.1293613068,57.2100646806534,0.0,RELATIVE_MOMENTUM_1X_weekly_189D,after_tax
2008-01-28,QQQ,SELL,2985.7411524373742,37.81927154604886,112918.55541024193,56.45927770512096,-1615.243293450636,RELATIVE_MOMENTUM_1X_weekly_189D,after_tax
2008-05-05,QQQ,BUY,2690.144759571025,41.93294538688024,112805.69328589387,56.40284664294693,0.0,RELATIVE_MOMENTUM_1X_weekly_189D,after_tax
2008-06-16,QQQ,SELL,2690.144759571025,41.37407275390361,111302.24500102413,55.651122500512066,-1615.5022540131904,RELATIVE_MOMENTUM_1X_weekly_189D,after_tax
2009-07-13,QQQ,BUY,3679.1099323581025,30.22225495394936,111190.99837933396,55.59549918966698,0.0,RELATIVE_MOMENTUM_1X_weekly_189D,after_tax
2011-06-20,QQQ,SELL,3679.1099323581025,47.109926789276976,173322.59956309196,86.66129978154598,61989.344384786775,RELATIVE_MOMENTUM_1X_weekly_189D,after_tax
2011-06-20,SPY,BUY,1657.7700224048006,97.25023222208834,161218.51964968344,80.60925982484171,0.0,RELATIVE_MOMENTUM_1X_weekly_189D,after_tax
2011-07-05,SPY,SELL,1657.7700224048006,102.74944332709359,170334.94696643672,85.16747348321836,8950.650583445211,RELATIVE_MOMENTUM_1X_weekly_189D,after_tax
2011-07-05,QQQ,BUY,3306.581190807652,50.912792238201064,168347.28118633345,84.17364059316672,0.0,RELATIVE_MOMENTUM_1X_weekly_189D,after_tax
2011-08-22,QQQ,SELL,3306.581190807652,44.993307330304646,148774.0237306134,74.3870118653067,-19731.8181081785,RELATIVE_MOMENTUM_1X_weekly_189D,after_tax
2011-08-29,QQQ,BUY,3153.6869586082857,47.12748158184595,148625.32405671975,74.31266202835988,0.0,RELATIVE_MOMENTUM_1X_weekly_189D,after_tax
2011-09-06,QQQ,SELL,3153.6869586082857,45.70469470701315,144138.29964468052,72.06914982234026,-4633.406223889935,RELATIVE_MOMENTUM_1X_weekly_189D,after_tax
2011-09-19,QQQ,BUY,2928.0780246524137,49.17704793582554,143994.2333781691,71.99711668908455,0.0,RELATIVE_MOMENTUM_1X_weekly_189D,after_tax
2011-09-26,QQQ,SELL,2928.0780246524137,47.883609866892414,140206.94579227717,70.10347289613858,-3929.3881754771573,RELATIVE_MOMENTUM_1X_weekly_189D,after_tax
2011-10-17,QQQ,BUY,2748.8651210520557,50.95441309296278,140066.80891492357,70.03340445746178,0.0,RELATIVE_MOMENTUM_1X_weekly_189D,after_tax
2011-11-14,QQQ,SELL,2748.8651210520557,50.76083318715201,139534.6838637038,69.7673419318519,-671.9257976090885,RELATIVE_MOMENTUM_1X_weekly_189D,after_tax
2011-12-12,QQQ,BUY,2807.931575589394,49.64338167074328,139395.21891231582,69.6976094561579,0.0,RELATIVE_MOMENTUM_1X_weekly_189D,after_tax
2011-12-19,QQQ,SELL,2807.931575589394,48.59847528790157,136461.19328639968,68.23059664319985,-3071.9538320155116,RELATIVE_MOMENTUM_1X_weekly_189D,after_tax
2012-01-09,QQQ,BUY,2662.9276647228667,51.193579944199925,136324.80028961168,68.16240014480584,0.0,RELATIVE_MOMENTUM_1X_weekly_189D,after_tax
2012-06-25,QQQ,SELL,2662.9276647228667,55.717013707073676,148370.37719630965,74.18518859815482,11903.229317955032,RELATIVE_MOMENTUM_1X_weekly_189D,after_tax
2012-06-25,SPY,BUY,1431.0539427741014,103.57546737888794,148222.0809672279,74.11104048361395,0.0,RELATIVE_MOMENTUM_1X_weekly_189D,after_tax
2012-07-02,SPY,SELL,1431.0539427741014,107.05024622745317,153194.67693873524,76.59733846936763,4821.887592554354,RELATIVE_MOMENTUM_1X_weekly_189D,after_tax
2012-07-02,QQQ,BUY,2686.058171404337,56.976263749657214,153041.55882085545,76.52077941042774,0.0,RELATIVE_MOMENTUM_1X_weekly_189D,after_tax
2012-07-16,QQQ,SELL,2686.058171404337,56.08060791424486,150635.77514538012,75.31788757269005,-2557.6223424584605,RELATIVE_MOMENTUM_1X_weekly_189D,after_tax
2012-07-16,SPY,BUY,1416.538516993856,106.23446722072782,150485.2146504822,75.2426073252411,0.0,RELATIVE_MOMENTUM_1X_weekly_189D,after_tax
2012-07-30,SPY,SELL,1416.538516993856,108.65031322739742,153907.35357005548,76.95367678502774,3269.942635463027,RELATIVE_MOMENTUM_1X_weekly_189D,after_tax
2012-07-30,QQQ,BUY,2666.1864304203846,57.667956515502134,153753.5231317046,76.8767615658523,0.0,RELATIVE_MOMENTUM_1X_weekly_189D,after_tax
2012-10-31,QQQ,SELL,2666.1864304203846,58.045842768572335,154761.03833188277,77.38051916594138,853.2579194463615,RELATIVE_MOMENTUM_1X_weekly_189D,after_tax
2012-10-31,SPY,BUY,1382.188252682557,111.8562209853386,154606.35463539913,77.30317731769956,0.0,RELATIVE_MOMENTUM_1X_weekly_189D,after_tax
2013-09-09,SPY,SELL,1382.188252682557,133.4760098277366,184488.97279883904,92.24448639941951,29713.070499722788,RELATIVE_MOMENTUM_1X_weekly_189D,after_tax
2013-09-09,QQQ,BUY,2606.327699867865,69.47048584383619,181062.85157806863,90.53142578903432,0.0,RELATIVE_MOMENTUM_1X_weekly_189D,after_tax
2013-09-16,QQQ,SELL,2606.327699867865,70.78324813468443,184484.34030004838,92.2421701500242,3238.7151260407118,RELATIVE_MOMENTUM_1X_weekly_189D,after_tax
2013-09-16,SPY,BUY,1337.984555793967,137.2529534745458,183642.33198605018,91.82116599302509,0.0,RELATIVE_MOMENTUM_1X_weekly_189D,after_tax
2013-09-30,SPY,SELL,1337.984555793967,134.9566053586741,180569.85367228728,90.28492683614364,-3254.5844065920683,RELATIVE_MOMENTUM_1X_weekly_189D,after_tax
2013-09-30,QQQ,BUY,2556.107547713078,70.57190305619744,180389.37405842193,90.19468702921097,0.0,RELATIVE_MOMENTUM_1X_weekly_189D,after_tax
2015-09-08,QQQ,SELL,2556.107547713078,96.08559421836995,245605.1126080715,122.80255630403576,65002.74130631634,RELATIVE_MOMENTUM_1X_weekly_189D,after_tax
2015-09-14,QQQ,BUY,2380.9900701161755,97.78359180039753,232821.76109704,116.41088054852,0.0,RELATIVE_MOMENTUM_1X_weekly_189D,after_tax
2015-09-28,QQQ,SELL,2380.9900701161755,94.8021796414909,225723.04835175967,112.86152417587984,-7327.985150004737,RELATIVE_MOMENTUM_1X_weekly_189D,after_tax
2015-10-05,QQQ,BUY,2326.397738454102,96.92987333213848,225497.43810852955,112.74871905426478,0.0,RELATIVE_MOMENTUM_1X_weekly_189D,after_tax
2016-01-11,QQQ,SELL,2326.397738454102,97.19807574797389,226121.38360217697,113.06069180108848,398.13608279207256,RELATIVE_MOMENTUM_1X_weekly_189D,after_tax
2016-04-04,QQQ,BUY,2199.407272376928,102.70738760385949,225895.37522276453,112.94768761138226,0.0,RELATIVE_MOMENTUM_1X_weekly_189D,after_tax
2016-04-18,QQQ,SELL,2199.407272376928,102.67018011004056,225813.54079027227,112.90677039513614,-307.6888904988009,RELATIVE_MOMENTUM_1X_weekly_189D,after_tax
2016-04-25,SPY,BUY,1278.2569611377248,176.48082268141187,225587.8400998272,112.79392004991361,0.0,RELATIVE_MOMENTUM_1X_weekly_189D,after_tax
2016-05-02,SPY,SELL,1278.2569611377248,175.34532812902663,224136.3862839068,112.0681931419534,-1676.3159291122865,RELATIVE_MOMENTUM_1X_weekly_189D,after_tax
2016-05-09,SPY,BUY,1285.3653219684256,174.20134033716386,223912.36190980993,111.95618095490497,0.0,RELATIVE_MOMENTUM_1X_weekly_189D,after_tax
2016-05-16,SPY,SELL,1285.3653219684256,173.6844873546991,223248.01700959375,111.62400850479688,-887.925089675904,RELATIVE_MOMENTUM_1X_weekly_189D,after_tax
2016-05-23,SPY,BUY,1280.6447455893217,174.15046704320636,223024.88056080858,111.51244028040429,0.0,RELATIVE_MOMENTUM_1X_weekly_189D,after_tax
2016-10-10,SPY,SELL,1280.6447455893217,185.05804443359375,236993.61223291705,118.49680611645853,13738.722425711574,RELATIVE_MOMENTUM_1X_weekly_189D,after_tax
2016-10-10,QQQ,BUY,2118.1792138394544,111.39630922165753,235957.3466917473,117.97867334587366,0.0,RELATIVE_MOMENTUM_1X_weekly_189D,after_tax
2016-12-05,QQQ,SELL,2118.1792138394544,108.79568639723625,230448.7614820217,115.22438074101086,-5741.788263812487,RELATIVE_MOMENTUM_1X_weekly_189D,after_tax
2016-12-05,SPY,BUY,1218.7186578324602,188.90202952729857,230218.42788733705,115.10921394366852,0.0,RELATIVE_MOMENTUM_1X_weekly_189D,after_tax
2016-12-19,SPY,SELL,1218.7186578324602,193.97675592107728,236403.09162683002,118.20154581341501,5951.352979735879,RELATIVE_MOMENTUM_1X_weekly_189D,after_tax
2016-12-19,QQQ,BUY,2102.1301950393818,112.32618009994971,236124.254881536,118.06212744076801,0.0,RELATIVE_MOMENTUM_1X_weekly_189D,after_tax
2016-12-27,QQQ,SELL,2102.1301950393818,113.02048621742547,237583.77673568236,118.79188836784118,1222.667838337744,RELATIVE_MOMENTUM_1X_weekly_189D,after_tax
2016-12-27,SPY,BUY,1218.1370064875252,194.63988827841183,237098.05085053094,118.54902542526547,0.0,RELATIVE_MOMENTUM_1X_weekly_189D,after_tax
2017-01-17,SPY,SELL,1218.1370064875252,194.8895735022401,237402.20166164928,118.70110083082464,66.90068486219388,RELATIVE_MOMENTUM_1X_weekly_189D,after_tax
2017-01-17,QQQ,BUY,2057.6498001500167,115.25349649021369,237151.33401967885,118.57566700983942,0.0,RELATIVE_MOMENTUM_1X_weekly_189D,after_tax
2018-10-29,QQQ,SELL,2057.6498001500167,161.0995867692778,331486.5325200548,165.74326626002738,94050.87956710608,RELATIVE_MOMENTUM_1X_weekly_189D,after_tax
2018-11-05,QQQ,BUY,1932.5974105970383,161.47094174744802,312058.32390778325,156.02916195389162,0.0,RELATIVE_MOMENTUM_1X_weekly_189D,after_tax
2018-11-19,QQQ,SELL,1932.5974105970383,158.7099596546471,306722.4570645314,153.3612285322657,-5645.257233738026,RELATIVE_MOMENTUM_1X_weekly_189D,after_tax
2018-11-19,SPY,BUY,1261.7660649641198,242.8468290600021,306415.8878920531,153.20794394602655,0.0,RELATIVE_MOMENTUM_1X_weekly_189D,after_tax
2018-11-26,SPY,SELL,1261.7660649641198,236.38100636061282,298257.532227889,149.1287661139445,-8460.692374224076,RELATIVE_MOMENTUM_1X_weekly_189D,after_tax
2018-12-03,SPY,BUY,1195.293883944031,249.27712569459774,297959.42374990013,148.97971187495006,0.0,RELATIVE_MOMENTUM_1X_weekly_189D,after_tax
2018-12-10,SPY,SELL,1195.293883944031,234.23760261616204,279982.7737968108,139.9913868984054,-18265.62105186266,RELATIVE_MOMENTUM_1X_weekly_189D,after_tax
2019-01-22,QQQ,BUY,1785.60351198168,156.64335843180731,279702.93094444025,139.85146547222013,0.0,RELATIVE_MOMENTUM_1X_weekly_189D,after_tax
2019-02-11,QQQ,SELL,1785.60351198168,161.52234993112174,288414.87530054484,144.20743765027242,8427.885452982096,RELATIVE_MOMENTUM_1X_weekly_189D,after_tax
2019-02-11,SPY,BUY,1187.6120263471355,242.61004281578042,288126.6045606143,144.06330228030714,0.0,RELATIVE_MOMENTUM_1X_weekly_189D,after_tax
2019-04-01,SPY,SELL,1187.6120263471355,255.8087003800633,303801.48901559424,151.90074450779713,15378.920408191858,RELATIVE_MOMENTUM_1X_weekly_189D,after_tax
2019-04-01,QQQ,BUY,1748.0595062494524,173.61985576942988,303497.83935141074,151.74891967570537,0.0,RELATIVE_MOMENTUM_1X_weekly_189D,after_tax
2019-04-15,QQQ,SELL,1748.0595062494524,177.76168805033893,310738.0086433447,155.36900432167235,6933.0513679365395,RELATIVE_MOMENTUM_1X_weekly_189D,after_tax
2019-04-15,SPY,BUY,1190.3512206107912,260.7864137500308,310427.42592606,155.21371296303002,0.0,RELATIVE_MOMENTUM_1X_weekly_189D,after_tax
2019-04-22,SPY,SELL,1190.3512206107912,259.8250653691345,309283.0837074279,154.64154185371396,-1454.1974734488758,RELATIVE_MOMENTUM_1X_weekly_189D,after_tax
2019-04-22,QQQ,BUY,1731.3353438053064,178.4599132071581,308973.9551879802,154.4869775939901,0.0,RELATIVE_MOMENTUM_1X_weekly_189D,after_tax
2019-05-13,QQQ,SELL,1731.3353438053064,172.45287391406097,298573.7557482139,149.28687787410695,-10703.973295234377,RELATIVE_MOMENTUM_1X_weekly_189D,after_tax
2019-05-13,SPY,BUY,1175.422571365357,253.7600846462088,298275.3312047374,149.1376656023687,0.0,RELATIVE_MOMENTUM_1X_weekly_189D,after_tax
2019-06-03,SPY,SELL,1175.422571365357,247.37156112390167,290766.1164589191,145.38305822945955,-7803.735469650186,RELATIVE_MOMENTUM_1X_weekly_189D,after_tax
2019-06-10,SPY,BUY,1117.1928698151482,260.0047883414486,290475.4956528632,145.2377478264316,0.0,RELATIVE_MOMENTUM_1X_weekly_189D,after_tax
2019-06-24,SPY,SELL,1117.1928698151482,265.6573050056202,296790.4469665869,148.39522348329348,6021.318342414044,RELATIVE_MOMENTUM_1X_weekly_189D,after_tax
2019-06-24,QQQ,BUY,1640.5036457037768,180.7334019751522,296493.80484068335,148.24690242034168,0.0,RELATIVE_MOMENTUM_1X_weekly_189D,after_tax
2019-07-01,QQQ,SELL,1640.5036457037768,182.44945000778995,299308.98789442837,149.65449394721418,2517.2816573774326,RELATIVE_MOMENTUM_1X_weekly_189D,after_tax
2019-07-01,SPY,BUY,1116.2517958980102,267.8695161656501,299009.828486238,149.504914243119,0.0,RELATIVE_MOMENTUM_1X_weekly_189D,after_tax
2019-07-15,SPY,SELL,1116.2517958980102,271.8873226456437,303494.71218510147,151.74735609255075,4183.631428527762,RELATIVE_MOMENTUM_1X_weekly_189D,after_tax
2019-07-15,QQQ,BUY,1630.4287184170125,185.9580647222689,303191.3691444367,151.59568457221837,0.0,RELATIVE_MOMENTUM_1X_weekly_189D,after_tax
2020-03-23,QQQ,SELL,1630.4287184170125,164.88867532273736,268839.23158792953,134.41961579396477,-34638.15285687341,RELATIVE_MOMENTUM_1X_weekly_189D,after_tax
2020-04-13,QQQ,BUY,1391.9715687378791,192.94253757804694,268570.5267087812,134.2852633543906,0.0,RELATIVE_MOMENTUM_1X_weekly_189D,after_tax
2021-03-29,QQQ,SELL,1391.9715687378791,305.78615611278667,425645.63542264164,212.82281771132082,156728.00063279475,RELATIVE_MOMENTUM_1X_weekly_189D,after_tax
2021-03-29,SPY,BUY,1094.7565928587549,367.4162544356728,402231.3668669225,201.11568343346124,0.0,RELATIVE_MOMENTUM_1X_weekly_189D,after_tax
2021-04-19,SPY,SELL,1094.7565928587549,387.78073043129933,424525.51122324856,212.26275561162427,21880.76591728098,RELATIVE_MOMENTUM_1X_weekly_189D,after_tax
2021-04-19,QQQ,BUY,1271.838122186753,329.96207172902274,419658.341700691,209.8291708503455,0.0,RELATIVE_MOMENTUM_1X_weekly_189D,after_tax
2021-05-03,QQQ,SELL,1271.838122186753,328.83768586553776,418228.30489546293,209.11415244773147,-1848.9801285261055,RELATIVE_MOMENTUM_1X_weekly_189D,after_tax
2021-05-03,SPY,BUY,1069.2963883774516,390.7338415630485,417810.28560021514,208.90514280010757,0.0,RELATIVE_MOMENTUM_1X_weekly_189D,after_tax
2021-06-21,SPY,SELL,1069.2963883774516,389.5541254102761,416548.81937874504,208.27440968937253,-1678.645773959579,RELATIVE_MOMENTUM_1X_weekly_189D,after_tax
2021-06-21,QQQ,BUY,1252.1863658413777,332.32471625745603,416132.4787296909,208.06623936484544,0.0,RELATIVE_MOMENTUM_1X_weekly_189D,after_tax
2021-06-28,QQQ,SELL,1252.1863658413777,340.42826278172237,426279.62920233846,213.13981460116923,9725.944418681553,RELATIVE_MOMENTUM_1X_weekly_189D,after_tax
2021-06-28,SPY,BUY,1063.491488233812,399.2462640059079,424595.00347943243,212.2975017397162,0.0,RELATIVE_MOMENTUM_1X_weekly_189D,after_tax
2021-07-12,SPY,SELL,1063.491488233812,406.9661965088275,432805.085986027,216.40254299301353,7781.382461861882,RELATIVE_MOMENTUM_1X_weekly_189D,after_tax
2021-07-12,QQQ,BUY,1224.6988708808285,351.7538144183957,430792.4993462337,215.39624967311684,0.0,RELATIVE_MOMENTUM_1X_weekly_189D,after_tax
2021-07-19,QQQ,SELL,1224.6988708808285,343.6017019715255,420808.6164372582,210.4043082186291,-10409.683466867195,RELATIVE_MOMENTUM_1X_weekly_189D,after_tax
2021-07-19,SPY,BUY,1055.3754085652713,398.33031422579336,420388.0181199796,210.1940090599898,0.0,RELATIVE_MOMENTUM_1X_weekly_189D,after_tax
2021-07-26,SPY,SELL,1055.3754085652713,410.5925550860386,433329.2855777867,216.66464278889333,12514.408805958228,RELATIVE_MOMENTUM_1X_weekly_189D,after_tax
2021-07-26,QQQ,BUY,1212.602455793464,356.64517213400177,432468.81157657324,216.23440578828664,0.0,RELATIVE_MOMENTUM_1X_weekly_189D,after_tax
2021-08-02,QQQ,SELL,1212.602455793464,355.47083858690587,431044.8118334441,215.52240591672205,-1855.7565548341372,RELATIVE_MOMENTUM_1X_weekly_189D,after_tax
2021-08-02,SPY,BUY,1046.308814971911,411.5553422417352,430613.9824363093,215.30699121815465,0.0,RELATIVE_MOMENTUM_1X_weekly_189D,after_tax
2021-08-16,SPY,SELL,1046.308814971911,415.47142121296486,434711.41038403293,217.35570519201647,3664.7652513134526,RELATIVE_MOMENTUM_1X_weekly_189D,after_tax
2021-08-16,QQQ,BUY,1216.0467038216013,356.8198477892723,433909.59976227005,216.95479988113502,0.0,RELATIVE_MOMENTUM_1X_weekly_189D,after_tax
2021-09-27,QQQ,SELL,1216.0467038216013,359.67354601295983,437379.8300808869,218.68991504044345,3034.5856036952464,RELATIVE_MOMENTUM_1X_weekly_189D,after_tax
2021-09-27,SPY,BUY,1050.9087422127286,415.18971469523467,436326.50085003074,218.16325042501538,0.0,RELATIVE_MOMENTUM_1X_weekly_189D,after_tax
2021-11-22,SPY,SELL,1050.9087422127286,441.518225650883,463995.36318276514,231.9976815913826,27218.70140071801,RELATIVE_MOMENTUM_1X_weekly_189D,after_tax
2021-11-22,QQQ,BUY,1162.3375840964377,394.03774784218194,458004.8838696831,229.00244193484156,0.0,RELATIVE_MOMENTUM_1X_weekly_189D,after_tax
2022-01-10,QQQ,SELL,1162.3375840964377,364.6271924939485,423819.8900192828,211.9099450096414,-34625.90623734472,RELATIVE_MOMENTUM_1X_weekly_189D,after_tax
2022-01-10,SPY,BUY,972.5126765913662,435.36325245373706,423396.28193330654,211.69814096665328,0.0,RELATIVE_MOMENTUM_1X_weekly_189D,after_tax
2022-02-07,SPY,SELL,972.5126765913662,422.95251700944823,411326.68438791385,205.66334219395694,-12486.959028553276,RELATIVE_MOMENTUM_1X_weekly_189D,after_tax
2022-02-07,QQQ,BUY,1177.8546516674483,348.8678018823196,410915.5632640879,205.45778163204395,0.0,RELATIVE_MOMENTUM_1X_weekly_189D,after_tax
2022-02-14,QQQ,SELL,1177.8546516674483,337.0675991070054,397016.6395345649,198.50831976728247,-14302.889830922242,RELATIVE_MOMENTUM_1X_weekly_189D,after_tax
2022-02-14,SPY,BUY,958.1828568068817,413.9291560964369,396619.82130414556,198.30991065207277,0.0,RELATIVE_MOMENTUM_1X_weekly_189D,after_tax
2022-03-14,SPY,SELL,958.1828568068817,396.0234396841189,379462.87079901685,189.73143539950843,-17544.991851180268,RELATIVE_MOMENTUM_1X_weekly_189D,after_tax
2022-03-21,SPY,BUY,903.8998600300944,419.38672006455863,379083.5975648349,189.54179878241746,0.0,RELATIVE_MOMENTUM_1X_weekly_189D,after_tax
2022-04-25,SPY,SELL,903.8998600300944,399.87760832355883,361449.3141928337,180.72465709641688,-18004.54982788005,RELATIVE_MOMENTUM_1X_weekly_189D,after_tax
2023-02-13,SPY,BUY,923.9442871287757,390.81149214644563,361088.04551298084,180.54402275649042,0.0,RELATIVE_MOMENTUM_1X_weekly_189D,after_tax
2023-02-27,SPY,SELL,923.9442871287757,382.3492886397092,353269.4409264106,176.6347204632053,-8175.783329789934,RELATIVE_MOMENTUM_1X_weekly_189D,after_tax
2023-02-27,QQQ,BUY,1220.4823798499901,289.1613626370489,352916.3480319315,176.45817401596577,0.0,RELATIVE_MOMENTUM_1X_weekly_189D,after_tax
2023-03-06,QQQ,SELL,1220.4823798499901,294.9138281640149,359937.13084828795,179.96856542414397,6664.356076916389,RELATIVE_MOMENTUM_1X_weekly_189D,after_tax
2023-03-20,QQQ,BUY,1204.0942063198,298.62893759374526,359577.3735960658,179.7886867980329,0.0,RELATIVE_MOMENTUM_1X_weekly_189D,after_tax
2023-04-24,QQQ,SELL,1204.0942063198,310.524573610328,373900.8400041222,186.9504200020611,13956.727301256324,RELATIVE_MOMENTUM_1X_weekly_189D,after_tax
2023-04-24,SPY,BUY,944.5820539074414,395.44169241406223,373527.1260211096,186.7635630105548,0.0,RELATIVE_MOMENTUM_1X_weekly_189D,after_tax
2023-05-01,SPY,SELL,944.5820539074414,398.7819109693187,376682.2365245335,188.34111826226675,2780.0058221510844,RELATIVE_MOMENTUM_1X_weekly_189D,after_tax
2023-05-01,QQQ,BUY,1190.3554146289744,316.12889554696204,376305.74253500375,188.1528712675019,0.0,RELATIVE_MOMENTUM_1X_weekly_189D,after_tax
2023-05-08,QQQ,SELL,1190.3554146289744,316.45279521060826,376691.2982534215,188.34564912671075,9.057198023539968,RELATIVE_MOMENTUM_1X_weekly_189D,after_tax
2023-05-08,SPY,BUY,949.3732807736114,396.3823322476967,376314.7952066915,188.15739760334574,0.0,RELATIVE_MOMENTUM_1X_weekly_189D,after_tax
2023-05-15,SPY,SELL,949.3732807736114,395.66240845072787,375631.3187896562,187.81565939482812,-1059.449474033434,RELATIVE_MOMENTUM_1X_weekly_189D,after_tax
2023-05-15,QQQ,BUY,1174.562593984484,319.4856341539702,375255.8751926651,187.62793759633254,0.0,RELATIVE_MOMENTUM_1X_weekly_189D,after_tax
2024-04-22,QQQ,SELL,1174.562593984484,412.3235850098198,484299.85957011586,242.14992978505794,108614.20651006937,RELATIVE_MOMENTUM_1X_weekly_189D,after_tax
2024-04-22,SPY,BUY,987.2491720345649,484.75331996273405,478572.31377421576,239.2861568871079,0.0,RELATIVE_MOMENTUM_1X_weekly_189D,after_tax
2024-04-29,SPY,SELL,987.2491720345649,496.69128964862307,490358.0644623834,245.1790322311917,11301.285499049292,RELATIVE_MOMENTUM_1X_weekly_189D,after_tax
2024-04-29,QQQ,BUY,1139.310762474398,427.9545657944638,487573.2426596905,243.78662132984525,0.0,RELATIVE_MOMENTUM_1X_weekly_189D,after_tax
2024-07-29,QQQ,SELL,1139.310762474398,460.8766312425985,525081.7061476369,262.5408530738184,37002.13601354271,RELATIVE_MOMENTUM_1X_weekly_189D,after_tax
2024-07-29,SPY,BUY,969.3487844456732,533.3927971337158,517043.659533645,258.5218297668225,0.0,RELATIVE_MOMENTUM_1X_weekly_189D,after_tax
2024-12-09,SPY,SELL,969.3487844456732,595.4574149257465,577205.9213474353,288.6029606737177,59615.13702334976,RELATIVE_MOMENTUM_1X_weekly_189D,after_tax
2024-12-09,QQQ,BUY,1083.9009134098876,520.8264281316256,564524.2411798781,282.26212058993906,0.0,RELATIVE_MOMENTUM_1X_weekly_189D,after_tax
2025-03-03,QQQ,SELL,1083.9009134098876,507.73993161461107,550339.7756517509,275.16988782587543,-14741.897536543082,RELATIVE_MOMENTUM_1X_weekly_189D,after_tax
2025-03-03,SPY,BUY,937.9752135916015,586.1452445030724,549789.7109084708,274.8948554542354,0.0,RELATIVE_MOMENTUM_1X_weekly_189D,after_tax
2025-04-07,SPY,SELL,937.9752135916015,482.40291724281104,452481.9793380373,226.24098966901866,-97808.86741555668,RELATIVE_MOMENTUM_1X_weekly_189D,after_tax
2025-04-28,SPY,BUY,831.3343129121591,543.7400050325934,452029.723486625,226.0148617433125,0.0,RELATIVE_MOMENTUM_1X_weekly_189D,after_tax
2025-05-05,SPY,SELL,831.3343129121591,554.7648117792631,461195.023628357,230.5975118141785,8708.68776817451,RELATIVE_MOMENTUM_1X_weekly_189D,after_tax
2025-05-05,QQQ,BUY,956.4031878341227,481.73622270162116,460734.05908699933,230.36702954349968,0.0,RELATIVE_MOMENTUM_1X_weekly_189D,after_tax
2026-02-17,QQQ,SELL,956.4031878341227,596.9703796848319,570944.3741731198,285.47218708655987,109694.47586949036,RELATIVE_MOMENTUM_1X_weekly_189D,after_tax
2026-02-17,SPY,BUY,841.3123748715807,676.5446598627462,569185.3944958128,284.5926972479064,0.0,RELATIVE_MOMENTUM_1X_weekly_189D,after_tax
2026-02-23,SPY,SELL,841.3123748715807,684.1940214696967,575620.8970756078,287.8104485378039,5863.0994340092875,RELATIVE_MOMENTUM_1X_weekly_189D,after_tax
2026-02-23,QQQ,BUY,948.2371095916604,605.1809875790976,573855.0704418301,286.92753522091505,0.0,RELATIVE_MOMENTUM_1X_weekly_189D,after_tax
2026-03-02,QQQ,SELL,948.2371095916604,597.449233707877,566523.5344989097,283.26176724945486,-7901.725245390669,RELATIVE_MOMENTUM_1X_weekly_189D,after_tax
2026-03-02,SPY,BUY,838.3158374318341,675.1122534180175,565957.294084618,282.978647042309,0.0,RELATIVE_MOMENTUM_1X_weekly_189D,after_tax
2026-03-09,SPY,SELL,838.3158374318341,662.8673051642795,555692.1600349761,277.846080017488,-10825.958776701707,RELATIVE_MOMENTUM_1X_weekly_189D,after_tax
2026-03-09,QQQ,BUY,936.4178663139031,592.83015152989,555136.7455821675,277.5683727910838,0.0,RELATIVE_MOMENTUM_1X_weekly_189D,after_tax
2026-03-30,QQQ,SELL,936.4178663139031,566.7571613464482,530721.5317461656,265.3607658730828,-24958.142974666087,RELATIVE_MOMENTUM_1X_weekly_189D,after_tax
2026-03-30,SPY,BUY,830.4150365894661,638.4651675144013,530191.0754425712,265.0955377212856,0.0,RELATIVE_MOMENTUM_1X_weekly_189D,after_tax
2026-04-06,SPY,SELL,830.4150365894661,654.1746977251443,543236.5055473286,271.6182527736643,12508.716314262478,RELATIVE_MOMENTUM_1X_weekly_189D,after_tax
2026-04-06,QQQ,BUY,926.7521751355772,585.5864761740653,542693.5405242929,271.34677026214644,0.0,RELATIVE_MOMENTUM_1X_weekly_189D,after_tax
2026-08-03,QQQ,SELL,926.7521751355772,688.2999877929688,637883.510832925,318.9417554164625,94599.68178295356,RELATIVE_MOMENTUM_1X_weekly_189D,after_tax
2026-08-03,SPY,BUY,833.1128411609026,749.4400024414062,624368.0897135937,312.18404485679685,0.0,RELATIVE_MOMENTUM_1X_weekly_189D,after_tax
2026-08-10,SPY,SELL,833.1128411609026,772.5999755859375,643662.9607412444,321.8314803706222,18660.85550242325,RELATIVE_MOMENTUM_1X_weekly_189D,after_tax
2026-08-10,QQQ,BUY,884.8828862841573,722.3900146484375,639230.561184964,319.615280592482,0.0,RELATIVE_MOMENTUM_1X_weekly_189D,after_tax
2006-06-21,SPY,BUY,1164.0594483182617,85.86333381160723,99950.02498750626,49.97501249375313,0.0,RELATIVE_MOMENTUM_1X_weekly_252D,pre_tax
2007-06-11,SPY,SELL,1164.0594483182617,105.9741711006099,123360.23514736103,61.68011757368052,23298.55502978734,RELATIVE_MOMENTUM_1X_weekly_252D,pre_tax
2007-06-11,QQQ,BUY,3066.955440337631,40.18217380684861,123236.9365615066,61.618468280753305,0.0,RELATIVE_MOMENTUM_1X_weekly_252D,pre_tax
2008-02-11,QQQ,SELL,3066.955440337631,37.60450647697598,115331.34572077316,57.66567286038658,-8024.8749818745855,RELATIVE_MOMENTUM_1X_weekly_252D,pre_tax
2008-03-31,QQQ,BUY,3069.9135835439565,37.5307215908337,115216.07201190683,57.608036005953416,0.0,RELATIVE_MOMENTUM_1X_weekly_252D,pre_tax
2008-04-14,QQQ,SELL,3069.9135835439565,38.012194065610274,116694.15090232596,58.34707545116298,1362.1237789620063,RELATIVE_MOMENTUM_1X_weekly_252D,pre_tax
2008-04-21,QQQ,BUY,2908.30548447334,40.08434316536419,116577.51506934012,58.28875753467006,0.0,RELATIVE_MOMENTUM_1X_weekly_252D,pre_tax
2008-06-23,QQQ,SELL,2908.30548447334,40.96411140433683,119136.14986380971,59.56807493190486,2440.777962003034,RELATIVE_MOMENTUM_1X_weekly_252D,pre_tax
2008-08-18,QQQ,BUY,2863.893026411453,41.55779289053397,119017.07325225169,59.508536626125846,0.0,RELATIVE_MOMENTUM_1X_weekly_252D,pre_tax
2008-09-02,QQQ,SELL,2863.893026411453,40.32740239515547,115493.36649277426,57.746683246387136,-3640.961979349915,RELATIVE_MOMENTUM_1X_weekly_252D,pre_tax
2009-09-21,QQQ,BUY,3158.7186481640656,36.5268147295001,115377.93084410584,57.688965422052924,0.0,RELATIVE_MOMENTUM_1X_weekly_252D,pre_tax
2011-06-20,QQQ,SELL,3158.7186481640656,47.109926789276976,148807.00426293307,74.40350213146654,33296.98095127371,RELATIVE_MOMENTUM_1X_weekly_252D,pre_tax
2011-06-20,SPY,BUY,1528.6161094762354,97.25023222208834,148658.2716249891,74.32913581249456,0.0,RELATIVE_MOMENTUM_1X_weekly_252D,pre_tax
2011-06-27,SPY,SELL,1528.6161094762354,97.45761581359105,148975.28152380118,74.4876407619006,168.19312223768793,RELATIVE_MOMENTUM_1X_weekly_252D,pre_tax
2011-06-27,QQQ,BUY,3112.7071960595013,47.81252180773642,148826.38069269297,74.41319034634648,0.0,RELATIVE_MOMENTUM_1X_weekly_252D,pre_tax
2012-10-08,QQQ,SELL,3112.7071960595013,60.989504259947026,189842.46879403872,94.92123439701936,40846.753676602384,RELATIVE_MOMENTUM_1X_weekly_252D,pre_tax
2012-10-08,SPY,BUY,1651.8363054243466,114.81326604594852,189652.7211990422,94.8263605995211,0.0,RELATIVE_MOMENTUM_1X_weekly_252D,pre_tax
2012-11-26,SPY,SELL,1651.8363054243466,110.90993637445924,183205.0595356361,91.60252976781806,-6634.090553773422,RELATIVE_MOMENTUM_1X_weekly_252D,pre_tax
2012-11-26,QQQ,BUY,3178.8717208964426,57.574498785134885,183021.94603285188,91.51097301642594,0.0,RELATIVE_MOMENTUM_1X_weekly_252D,pre_tax
2012-12-10,QQQ,SELL,3178.8717208964426,57.58342120746645,183050.30926888357,91.52515463444179,-154.6728916191787,RELATIVE_MOMENTUM_1X_weekly_252D,pre_tax
2012-12-10,SPY,BUY,1630.7045288863462,112.14008865475762,182867.35043902963,91.43367521951481,0.0,RELATIVE_MOMENTUM_1X_weekly_252D,pre_tax
2012-12-24,SPY,SELL,1630.7045288863462,113.14985391084252,184513.97921523935,92.25698960761967,1462.9381113825948,RELATIVE_MOMENTUM_1X_weekly_252D,pre_tax
2012-12-24,QQQ,BUY,3169.650978373165,58.15452827601736,184329.5574469083,92.16477872345415,0.0,RELATIVE_MOMENTUM_1X_weekly_252D,pre_tax
2013-01-22,QQQ,SELL,3169.650978373165,60.04143395183028,190310.3898683466,95.1551949341733,5793.512447780697,RELATIVE_MOMENTUM_1X_weekly_252D,pre_tax
2013-01-22,SPY,BUY,1613.9835007616834,117.79561222056881,190120.1745861194,95.0600872930597,0.0,RELATIVE_MOMENTUM_1X_weekly_252D,pre_tax
2013-10-28,SPY,SELL,1613.9835007616834,141.73342901352822,228755.41593421184,114.37770796710592,38425.80355283228,RELATIVE_MOMENTUM_1X_weekly_252D,pre_tax
2013-10-28,QQQ,BUY,3056.205730823021,74.77466995563948,228526.77483882534,114.26338741941267,0.0,RELATIVE_MOMENTUM_1X_weekly_252D,pre_tax
2016-02-08,QQQ,SELL,3056.205730823021,89.34799489919516,273065.8540484663,136.53292702423315,44288.282895197335,RELATIVE_MOMENTUM_1X_weekly_252D,pre_tax
2016-03-14,QQQ,BUY,2771.118073511935,98.44146565483314,272792.9246591125,136.39646232955627,0.0,RELATIVE_MOMENTUM_1X_weekly_252D,pre_tax
2016-04-25,QQQ,SELL,2771.118073511935,101.11597690827926,280204.31113134813,140.10215556567408,7134.88785434037,RELATIVE_MOMENTUM_1X_weekly_252D,pre_tax
2016-04-25,SPY,BUY,1586.1454100181945,176.48082268141187,279924.2468523563,139.96212342617815,0.0,RELATIVE_MOMENTUM_1X_weekly_252D,pre_tax
2016-05-16,SPY,SELL,1586.1454100181945,173.6844873546991,275488.8524090191,137.74442620450955,-4713.100992967957,RELATIVE_MOMENTUM_1X_weekly_252D,pre_tax
2016-05-31,SPY,BUY,1542.4182253383094,178.42988153996555,275213.50123219844,137.60675061609922,0.0,RELATIVE_MOMENTUM_1X_weekly_252D,pre_tax
2016-06-20,SPY,SELL,1542.4182253383094,177.8756526087873,274358.64842773933,137.17932421386968,-1129.638879289094,RELATIVE_MOMENTUM_1X_weekly_252D,pre_tax
2016-07-05,SPY,BUY,1539.9181898611723,177.986355830234,274084.42689008045,137.04221344504023,0.0,RELATIVE_MOMENTUM_1X_weekly_252D,pre_tax
2016-08-15,SPY,SELL,1539.9181898611723,186.45334300615156,287122.89445559715,143.56144722779857,12757.863904843864,RELATIVE_MOMENTUM_1X_weekly_252D,pre_tax
2016-08-15,QQQ,BUY,2619.4200482419587,109.50359612745416,286835.91505084396,143.417957525422,0.0,RELATIVE_MOMENTUM_1X_weekly_252D,pre_tax
2016-09-12,QQQ,SELL,2619.4200482419587,106.04164100750357,277767.60040353145,138.88380020176572,-9350.616405039676,RELATIVE_MOMENTUM_1X_weekly_252D,pre_tax
2016-09-12,SPY,BUY,1533.8003250640043,180.91662068590415,277489.97161752096,138.74498580876048,0.0,RELATIVE_MOMENTUM_1X_weekly_252D,pre_tax
2016-09-19,SPY,SELL,1533.8003250640043,183.32010935228303,281176.4433153005,140.58822165765025,3407.13849031314,RELATIVE_MOMENTUM_1X_weekly_252D,pre_tax
2016-09-19,QQQ,BUY,2553.5383916900983,110.00242185668999,280895.40738994785,140.44770369497394,0.0,RELATIVE_MOMENTUM_1X_weekly_252D,pre_tax
2016-11-07,QQQ,SELL,2553.5383916900983,108.03796710790645,275879.09677019116,137.93954838509558,-5294.697871836775,RELATIVE_MOMENTUM_1X_weekly_252D,pre_tax
2016-11-07,SPY,BUY,1543.6246736693715,178.54298408491587,275603.35554403404,137.80167777201703,0.0,RELATIVE_MOMENTUM_1X_weekly_252D,pre_tax
2017-01-30,SPY,SELL,1543.6246736693715,196.49139014809327,303308.95799619163,151.6544789980958,27416.146295387472,RELATIVE_MOMENTUM_1X_weekly_252D,pre_tax
2017-01-30,QQQ,BUY,2575.77704640088,117.63665688389978,303005.8006168851,151.50290030844258,0.0,RELATIVE_MOMENTUM_1X_weekly_252D,pre_tax
2018-11-26,QQQ,SELL,2575.77704640088,153.70205262640192,395902.21913978615,197.95110956989308,92546.96451302269,RELATIVE_MOMENTUM_1X_weekly_252D,pre_tax
2018-11-26,SPY,BUY,1673.1738343200975,236.38100636061282,395506.5147728299,197.75325738641496,0.0,RELATIVE_MOMENTUM_1X_weekly_252D,pre_tax
2018-12-03,SPY,SELL,1673.1738343200975,249.27712569459774,417083.96420672303,208.54198210336153,21171.15419440338,RELATIVE_MOMENTUM_1X_weekly_252D,pre_tax
2018-12-03,QQQ,BUY,2528.1251777921116,164.81268108890382,416667.08868027956,208.33354434013978,0.0,RELATIVE_MOMENTUM_1X_weekly_252D,pre_tax
2018-12-24,QQQ,SELL,2528.1251777921116,139.4761543982672,352613.17763587926,176.30658881793963,-64438.551177558315,RELATIVE_MOMENTUM_1X_weekly_252D,pre_tax
2019-01-22,QQQ,BUY,2248.8073813233214,156.64335843180731,352260.740676723,176.1303703383615,0.0,RELATIVE_MOMENTUM_1X_weekly_252D,pre_tax
2019-01-28,QQQ,SELL,2248.8073813233214,155.65032397691235,350027.59746464685,175.01379873232344,-2584.28738114686,RELATIVE_MOMENTUM_1X_weekly_252D,pre_tax
2019-02-11,QQQ,BUY,2164.887676179993,161.52234993112174,349677.7447935178,174.83887239675892,0.0,RELATIVE_MOMENTUM_1X_weekly_252D,pre_tax
2019-03-04,QQQ,SELL,2164.887676179993,167.60438258326627,362844.6623282698,181.4223311641349,12810.65633119113,RELATIVE_MOMENTUM_1X_weekly_252D,pre_tax
2019-03-04,SPY,BUY,1438.913552416534,251.913673610794,362481.99899760686,181.24099949880343,0.0,RELATIVE_MOMENTUM_1X_weekly_252D,pre_tax
2019-03-18,SPY,SELL,1438.913552416534,252.97832411741985,364013.9390401779,182.00696952008897,1168.6920735521708,RELATIVE_MOMENTUM_1X_weekly_252D,pre_tax
2019-03-18,QQQ,BUY,2136.420712715129,170.2146514742382,363650.1070171493,181.82505350857465,0.0,RELATIVE_MOMENTUM_1X_weekly_252D,pre_tax
2019-06-10,QQQ,SELL,2136.420712715129,174.32775717538019,372437.4312306557,186.21871561532785,8419.280444382515,RELATIVE_MOMENTUM_1X_weekly_252D,pre_tax
2019-06-10,SPY,BUY,1430.9935686125407,260.0047883414486,372065.1799250778,186.0325899625389,0.0,RELATIVE_MOMENTUM_1X_weekly_252D,pre_tax
2019-07-01,SPY,SELL,1430.9935686125407,267.8695161656501,383319.5548603983,191.65977743019914,10876.682567927695,RELATIVE_MOMENTUM_1X_weekly_252D,pre_tax
2019-07-01,QQQ,BUY,2098.8631473166038,182.44945000778995,382936.4268695334,191.46821343476668,0.0,RELATIVE_MOMENTUM_1X_weekly_252D,pre_tax
2019-07-15,QQQ,SELL,2098.8631473166038,185.9580647222689,390300.528991886,195.15026449594302,6977.483644421969,RELATIVE_MOMENTUM_1X_weekly_252D,pre_tax
2019-07-15,SPY,BUY,1434.0882823132233,271.8873226456437,389910.4235156323,194.95521175781616,0.0,RELATIVE_MOMENTUM_1X_weekly_252D,pre_tax
2019-08-05,SPY,SELL,1434.0882823132233,260.1136319797592,373025.91169210675,186.5129558460534,-17265.979991129367,RELATIVE_MOMENTUM_1X_weekly_252D,pre_tax
2019-08-05,QQQ,BUY,2119.2215352396543,175.84432113559984,372653.07220016065,186.32653610008032,0.0,RELATIVE_MOMENTUM_1X_weekly_252D,pre_tax
2019-08-12,QQQ,SELL,2119.2215352396543,177.67533743945452,376533.40138266445,188.26670069133223,3505.7359457124257,RELATIVE_MOMENTUM_1X_weekly_252D,pre_tax
2019-08-12,SPY,BUY,1436.7999576587833,261.8019677330944,376157.0561538962,188.07852807694812,0.0,RELATIVE_MOMENTUM_1X_weekly_252D,pre_tax
2019-09-09,SPY,SELL,1436.7999576587833,270.0906319733859,388066.2085833949,194.03310429169744,11527.040797129972,RELATIVE_MOMENTUM_1X_weekly_252D,pre_tax
2019-09-09,QQQ,BUY,2104.179315987197,184.2420621500428,387678.3363109477,193.83916815547386,0.0,RELATIVE_MOMENTUM_1X_weekly_252D,pre_tax
2019-09-30,QQQ,SELL,2104.179315987197,180.3870878363966,379566.77909651137,189.78338954825568,-8495.17977214005,RELATIVE_MOMENTUM_1X_weekly_252D,pre_tax
2019-09-30,SPY,BUY,1412.4409899109514,268.4624736286267,379187.4020059602,189.59370100298008,0.0,RELATIVE_MOMENTUM_1X_weekly_252D,pre_tax
2019-10-14,SPY,SELL,1412.4409899109514,268.42629908909544,379136.30760353507,189.56815380176755,-430.2562572299503,RELATIVE_MOMENTUM_1X_weekly_252D,pre_tax
2019-10-14,QQQ,BUY,2066.1353834710912,183.31681640969683,378757.3607693486,189.3786803846743,0.0,RELATIVE_MOMENTUM_1X_weekly_252D,pre_tax
2020-03-23,QQQ,SELL,2066.1353834710912,164.88867532273736,340682.3264179842,170.3411632089921,-38434.75419495808,RELATIVE_MOMENTUM_1X_weekly_252D,pre_tax
2020-03-30,QQQ,BUY,1885.9766038994403,180.45919214687584,340341.81434760144,170.1709071738007,0.0,RELATIVE_MOMENTUM_1X_weekly_252D,pre_tax
2021-05-17,QQQ,SELL,1885.9766038994403,314.68494115486175,593488.4366175414,296.7442183087707,252679.70714445726,RELATIVE_MOMENTUM_1X_weekly_252D,pre_tax
2021-05-17,SPY,BUY,1532.1468090452393,386.97025720812496,592895.2447768442,296.4476223884221,0.0,RELATIVE_MOMENTUM_1X_weekly_252D,pre_tax
2021-05-24,SPY,SELL,1532.1468090452393,388.7868254622032,595678.494030743,297.83924701537154,2188.9623844950693,RELATIVE_MOMENTUM_1X_weekly_252D,pre_tax
2021-05-24,QQQ,BUY,1863.8304642958942,319.27963654780194,595083.1132271141,297.541556613557,0.0,RELATIVE_MOMENTUM_1X_weekly_252D,pre_tax
2021-07-12,QQQ,SELL,1863.8304642958942,351.7538144183957,655609.4752452902,327.8047376226451,59901.015723939985,RELATIVE_MOMENTUM_1X_weekly_252D,pre_tax
2021-07-12,SPY,BUY,1609.3577280607271,406.9661965088275,654954.1934109621,327.4770967054811,0.0,RELATIVE_MOMENTUM_1X_weekly_252D,pre_tax
2021-07-19,SPY,SELL,1609.3577280607271,398.33031422579336,641055.9695201383,320.52798476006916,-14546.228972289362,RELATIVE_MOMENTUM_1X_weekly_252D,pre_tax
2021-07-19,QQQ,BUY,1863.8302145880837,343.6017019715255,640415.2339184191,320.2076169592096,0.0,RELATIVE_MOMENTUM_1X_weekly_252D,pre_tax
2021-08-23,QQQ,SELL,1863.8302145880837,357.9164688468706,667095.528935472,333.547764467736,26026.5396356259,RELATIVE_MOMENTUM_1X_weekly_252D,pre_tax
2021-08-23,SPY,BUY,1601.760595431527,416.06015823361497,666428.7667876105,333.21438339380524,0.0,RELATIVE_MOMENTUM_1X_weekly_252D,pre_tax
2021-09-07,SPY,SELL,1601.760595431527,423.1167138270563,677731.6794766567,338.86583973832836,10630.832465914194,RELATIVE_MOMENTUM_1X_weekly_252D,pre_tax
2021-09-07,QQQ,BUY,1827.8193807472537,370.4164063611562,677054.2864936716,338.5271432468358,0.0,RELATIVE_MOMENTUM_1X_weekly_252D,pre_tax
2021-10-04,QQQ,SELL,1827.8193807472537,348.3255826438038,636676.2507664238,318.3381253832119,-41034.90099587792,RELATIVE_MOMENTUM_1X_weekly_252D,pre_tax
2021-10-04,SPY,BUY,1566.6330327348478,405.9916262485337,636039.8926946932,318.0199463473466,0.0,RELATIVE_MOMENTUM_1X_weekly_252D,pre_tax
2021-11-08,SPY,SELL,1566.6330327348478,440.4024705143944,689949.0580058851,344.9745290029426,53246.17083584168,RELATIVE_MOMENTUM_1X_weekly_252D,pre_tax
2021-11-08,QQQ,BUY,1779.9432909766654,387.2367491954232,689259.4537500072,344.6297268750036,0.0,RELATIVE_MOMENTUM_1X_weekly_252D,pre_tax
2021-12-20,QQQ,SELL,1779.9432909766654,369.2480777101217,657240.6386261615,328.62031931308076,-32692.065170033835,RELATIVE_MOMENTUM_1X_weekly_252D,pre_tax
2021-12-20,SPY,BUY,1535.4051704083672,427.62896667138153,656583.7264436266,328.2918632218133,0.0,RELATIVE_MOMENTUM_1X_weekly_252D,pre_tax
2022-05-09,SPY,SELL,1535.4051704083672,382.3504814055953,587062.9060582793,293.5314530291397,-70142.64370159816,RELATIVE_MOMENTUM_1X_weekly_252D,pre_tax
2022-05-31,SPY,BUY,1502.5292719863824,390.3259307298854,586476.1365369818,293.2380682684909,0.0,RELATIVE_MOMENTUM_1X_weekly_252D,pre_tax
2022-06-06,SPY,SELL,1502.5292719863824,391.48678171831267,588220.3491275081,294.1101745637541,1156.8643476940924,RELATIVE_MOMENTUM_1X_weekly_252D,pre_tax
2023-05-01,QQQ,BUY,1858.8380594721018,316.12889554696204,587632.4227415737,293.81621137078685,0.0,RELATIVE_MOMENTUM_1X_weekly_252D,pre_tax
2023-05-08,QQQ,SELL,1858.8380594721018,316.45279521060826,588234.4997638095,294.11724988190474,14.143560983240604,RELATIVE_MOMENTUM_1X_weekly_252D,pre_tax
2023-05-15,QQQ,BUY,1839.3520597270585,319.4856341539702,587646.5592343105,293.82327961715526,0.0,RELATIVE_MOMENTUM_1X_weekly_252D,pre_tax
2024-09-09,QQQ,SELL,1839.3520597270585,448.35791362802206,824688.051926629,412.34402596331455,236335.32538673806,RELATIVE_MOMENTUM_1X_weekly_252D,pre_tax
2024-09-09,SPY,BUY,1548.4576841976852,532.0544335310877,823863.7760126594,411.9318880063297,0.0,RELATIVE_MOMENTUM_1X_weekly_252D,pre_tax
2024-09-16,SPY,SELL,1548.4576841976852,548.7491334077678,849714.8123220787,424.85740616103936,25014.24701525201,RELATIVE_MOMENTUM_1X_weekly_252D,pre_tax
2024-09-16,QQQ,BUY,1812.7345817371786,468.2789916995769,848865.5221548403,424.43276107742014,0.0,RELATIVE_MOMENTUM_1X_weekly_252D,pre_tax
2024-10-07,QQQ,SELL,1812.7345817371786,481.0274062437878,871975.0140614526,435.9875070307263,22249.07163850416,RELATIVE_MOMENTUM_1X_weekly_252D,pre_tax
2024-10-07,SPY,BUY,1556.097925657631,559.7999074826037,871103.4748170134,435.5517374085067,0.0,RELATIVE_MOMENTUM_1X_weekly_252D,pre_tax
2024-10-28,SPY,SELL,1556.097925657631,570.8528957024953,888303.006858305,444.1515034291525,16319.82880045392,RELATIVE_MOMENTUM_1X_weekly_252D,pre_tax
2024-10-28,QQQ,BUY,1796.4599863666012,493.9799130042475,887415.1477809853,443.70757389049265,0.0,RELATIVE_MOMENTUM_1X_weekly_252D,pre_tax
2024-11-18,QQQ,SELL,1796.4599863666012,493.6529120920853,886827.7037267805,443.4138518633903,-1474.5654799586628,RELATIVE_MOMENTUM_1X_weekly_252D,pre_tax
2024-11-18,SPY,BUY,1542.3243512003878,574.4195885423085,885941.3192153096,442.9706596076548,0.0,RELATIVE_MOMENTUM_1X_weekly_252D,pre_tax
2024-12-09,SPY,SELL,1542.3243512003878,595.4574149257465,918388.4711428122,459.19423557140607,31544.987032323494,RELATIVE_MOMENTUM_1X_weekly_252D,pre_tax
2024-12-09,QQQ,BUY,1761.5667947720874,520.8264281316256,917470.5416364226,458.73527081821135,0.0,RELATIVE_MOMENTUM_1X_weekly_252D,pre_tax
2025-01-27,QQQ,SELL,1761.5667947720874,507.223825099109,893508.6478118752,446.7543239059376,-24867.383419271442,RELATIVE_MOMENTUM_1X_weekly_252D,pre_tax
2025-01-27,SPY,BUY,1526.3646927567747,584.7983708814467,892615.5856951218,446.3077928475609,0.0,RELATIVE_MOMENTUM_1X_weekly_252D,pre_tax
2025-02-18,SPY,SELL,1526.3646927567747,600.5978525430173,916731.3566672014,458.3656783336007,23211.09750089841,RELATIVE_MOMENTUM_1X_weekly_252D,pre_tax
2025-02-18,QQQ,BUY,1709.4347123510727,535.7414804029439,915815.0834471443,457.90754172357214,0.0,RELATIVE_MOMENTUM_1X_weekly_252D,pre_tax
2025-03-03,QQQ,SELL,1709.4347123510727,507.73993161461107,867948.263948776,433.974131974388,-48758.70117206627,RELATIVE_MOMENTUM_1X_weekly_252D,pre_tax
2025-03-03,SPY,BUY,1479.293328016646,586.1452445030724,867080.7494420806,433.54037472104034,0.0,RELATIVE_MOMENTUM_1X_weekly_252D,pre_tax
2025-04-07,SPY,SELL,1479.293328016646,482.40291724281104,713615.4168930566,356.8077084465283,-154255.6806321916,RELATIVE_MOMENTUM_1X_weekly_252D,pre_tax
2025-04-14,SPY,BUY,1328.7971966547168,536.5018528789103,712902.1581055573,356.45107905277865,0.0,RELATIVE_MOMENTUM_1X_weekly_252D,pre_tax
2025-04-28,SPY,SELL,1328.7971966547168,543.7400050325934,722520.1943963318,361.2600971981659,8900.325114523526,RELATIVE_MOMENTUM_1X_weekly_252D,pre_tax
2025-04-28,QQQ,BUY,1534.9743628320923,470.23458681729716,721798.0352814929,360.8990176407464,0.0,RELATIVE_MOMENTUM_1X_weekly_252D,pre_tax
2025-06-23,QQQ,SELL,1534.9743628320923,524.2849177292203,804763.9075338859,402.38195376694296,82202.59128098539,RELATIVE_MOMENTUM_1X_weekly_252D,pre_tax
2025-06-23,SPY,BUY,1366.0724814077187,588.5189525073708,803959.5458072154,401.9797729036077,0.0,RELATIVE_MOMENTUM_1X_weekly_252D,pre_tax
2025-06-30,SPY,SELL,1366.0724814077187,610.6142811588834,834143.3662457062,417.07168312285313,29364.768982464448,RELATIVE_MOMENTUM_1X_weekly_252D,pre_tax
2025-06-30,QQQ,BUY,1518.9260045527874,548.6176661963601,833309.639742712,416.65481987135604,0.0,RELATIVE_MOMENTUM_1X_weekly_252D,pre_tax
2025-07-07,QQQ,SELL,1518.9260045527874,550.8668816007689,836726.0315103093,418.36301575515466,2581.3739319707965,RELATIVE_MOMENTUM_1X_weekly_252D,pre_tax
2025-07-07,SPY,BUY,1355.8002373873446,616.5286747873084,835889.7236327378,417.94486181636887,0.0,RELATIVE_MOMENTUM_1X_weekly_252D,pre_tax
2025-07-21,SPY,SELL,1355.8002373873446,621.87939453125,843144.2307317669,421.57211536588346,6414.990121846902,RELATIVE_MOMENTUM_1X_weekly_252D,pre_tax
2025-07-21,QQQ,BUY,1505.7343242610536,559.3958338406302,842301.5078624699,421.15075393123493,0.0,RELATIVE_MOMENTUM_1X_weekly_252D,pre_tax
2026-02-23,QQQ,SELL,1505.7343242610536,605.1809875790976,911241.7853880497,455.62089269402486,68063.50587895454,RELATIVE_MOMENTUM_1X_weekly_252D,pre_tax
2026-02-23,SPY,BUY,1330.5158630886644,684.1940214696967,910330.9989958578,455.1654994979289,0.0,RELATIVE_MOMENTUM_1X_weekly_252D,pre_tax
2026-03-02,SPY,SELL,1330.5158630886644,675.1122534180175,898247.5625382067,449.12378126910335,-12987.725738418056,RELATIVE_MOMENTUM_1X_weekly_252D,pre_tax
2026-03-02,QQQ,BUY,1501.9682229833766,597.449233707877,897349.7638750002,448.6748819375001,0.0,RELATIVE_MOMENTUM_1X_weekly_252D,pre_tax
2006-06-21,SPY,BUY,1164.0594483182617,85.86333381160723,99950.02498750626,49.97501249375313,0.0,RELATIVE_MOMENTUM_1X_weekly_252D,after_tax
2007-06-11,SPY,SELL,1164.0594483182617,105.9741711006099,123360.23514736103,61.68011757368052,23298.55502978734,RELATIVE_MOMENTUM_1X_weekly_252D,after_tax
2007-06-11,QQQ,BUY,2949.223231298909,40.18217380684861,118506.20047524844,59.25310023762422,0.0,RELATIVE_MOMENTUM_1X_weekly_252D,after_tax
2008-02-11,QQQ,SELL,2949.223231298909,37.60450647697598,110904.08410342784,55.452042051713924,-7716.821514109921,RELATIVE_MOMENTUM_1X_weekly_252D,after_tax
2008-03-31,QQQ,BUY,2952.0678193065664,37.5307215908337,110793.23544365431,55.396617721827155,0.0,RELATIVE_MOMENTUM_1X_weekly_252D,after_tax
2008-04-14,QQQ,SELL,2952.0678193065664,38.012194065610274,112214.57484232413,56.10728742116207,1309.8354935268435,RELATIVE_MOMENTUM_1X_weekly_252D,after_tax
2008-04-21,QQQ,BUY,2796.6634225303787,40.08434316536419,112102.4163467296,56.0512081733648,0.0,RELATIVE_MOMENTUM_1X_weekly_252D,after_tax
2008-06-23,QQQ,SELL,2796.6634225303787,40.96411140433683,114562.83200096837,57.281416000484185,2347.083030064925,RELATIVE_MOMENTUM_1X_weekly_252D,after_tax
2008-08-18,QQQ,BUY,2753.9558398402346,41.55779289053397,114448.32642175701,57.22416321087851,0.0,RELATIVE_MOMENTUM_1X_weekly_252D,after_tax
2008-09-02,QQQ,SELL,2753.9558398402346,40.32740239515547,111059.88533172547,55.529942665862734,-3501.19519590828,RELATIVE_MOMENTUM_1X_weekly_252D,after_tax
2009-09-21,QQQ,BUY,3037.463895229272,36.5268147295001,110948.88094858533,55.47444047429266,0.0,RELATIVE_MOMENTUM_1X_weekly_252D,after_tax
2011-06-20,QQQ,SELL,3037.463895229272,47.109926789276976,143094.70172932307,71.54735086466154,32018.798989398798,RELATIVE_MOMENTUM_1X_weekly_252D,after_tax
2011-06-20,SPY,BUY,1418.8714671177806,97.25023222208834,137985.57967049934,68.99278983524967,0.0,RELATIVE_MOMENTUM_1X_weekly_252D,after_tax
2011-06-27,SPY,SELL,1418.8714671177806,97.45761581359105,138279.83033123094,69.13991516561548,156.11795573073323,RELATIVE_MOMENTUM_1X_weekly_252D,after_tax
2011-06-27,QQQ,BUY,2888.572174642434,47.81252180773642,138109.920093312,69.05496004665599,0.0,RELATIVE_MOMENTUM_1X_weekly_252D,after_tax
2012-10-08,QQQ,SELL,2888.572174642434,60.989504259947026,176172.58495051917,88.08629247525958,37905.523604685266,RELATIVE_MOMENTUM_1X_weekly_252D,after_tax
2012-10-08,SPY,BUY,1465.8571035649281,114.81326604594852,168299.84161694362,84.14992080847182,0.0,RELATIVE_MOMENTUM_1X_weekly_252D,after_tax
2012-11-26,SPY,SELL,1465.8571035649281,110.90993637445924,162578.11809043528,81.28905904521764,-5887.162506362045,RELATIVE_MOMENTUM_1X_weekly_252D,after_tax
2012-11-26,QQQ,BUY,2820.9645702154794,57.574498785134885,162415.62122077966,81.20781061038983,0.0,RELATIVE_MOMENTUM_1X_weekly_252D,after_tax
2012-12-10,QQQ,SELL,2820.9645702154794,57.58342120746645,162440.7910580575,81.22039552902876,-137.2583688615705,RELATIVE_MOMENTUM_1X_weekly_252D,after_tax
2012-12-10,SPY,BUY,1447.104540343346,112.14008865475762,162278.43144680507,81.13921572340254,0.0,RELATIVE_MOMENTUM_1X_weekly_252D,after_tax
2012-12-24,SPY,SELL,1447.104540343346,113.14985391084252,163739.6673335665,81.86983366678325,1298.2268373712432,RELATIVE_MOMENTUM_1X_weekly_252D,after_tax
2012-12-24,QQQ,BUY,2812.7819852441326,58.15452827601736,163576.00949515216,81.78800474757608,0.0,RELATIVE_MOMENTUM_1X_weekly_252D,after_tax
2013-01-22,QQQ,SELL,2812.7819852441326,60.04143395183028,168883.46378793364,84.44173189396682,5141.224556139932,RELATIVE_MOMENTUM_1X_weekly_252D,after_tax
2013-01-22,SPY,BUY,1431.5507193407964,117.79561222056881,168630.39340954478,84.31519670477239,0.0,RELATIVE_MOMENTUM_1X_weekly_252D,after_tax
2013-10-28,SPY,SELL,1431.5507193407964,141.73342901352822,202898.592258954,101.449296129477,34082.43435657499,RELATIVE_MOMENTUM_1X_weekly_252D,after_tax
2013-10-28,QQQ,BUY,2618.2049193272505,74.77466995563948,195775.40871892686,97.88770435946343,0.0,RELATIVE_MOMENTUM_1X_weekly_252D,after_tax
2016-02-08,QQQ,SELL,2618.2049193272505,89.34799489919516,233931.35977709884,116.96567988854942,37941.09767392397,RELATIVE_MOMENTUM_1X_weekly_252D,after_tax
2016-03-14,QQQ,BUY,2295.7161575135547,98.44146565483314,225993.66327311608,112.99683163655804,0.0,RELATIVE_MOMENTUM_1X_weekly_252D,after_tax
2016-04-25,QQQ,SELL,2295.7161575135547,101.11597690827926,232133.5819711042,116.0667909855521,5910.855075366009,RELATIVE_MOMENTUM_1X_weekly_252D,after_tax
2016-04-25,SPY,BUY,1307.231974438857,176.48082268141187,230701.37428441583,115.35068714220792,0.0,RELATIVE_MOMENTUM_1X_weekly_252D,after_tax
2016-05-16,SPY,SELL,1307.231974438857,173.6844873546991,227045.91533408395,113.52295766704198,-3884.3325951410807,RELATIVE_MOMENTUM_1X_weekly_252D,after_tax
2016-05-31,SPY,BUY,1271.1939330306088,178.42988153996555,226818.98288497445,113.40949144248722,0.0,RELATIVE_MOMENTUM_1X_weekly_252D,after_tax
2016-06-20,SPY,SELL,1271.1939330306088,177.8756526087873,226114.4504301506,113.0572252150753,-930.9991714814096,RELATIVE_MOMENTUM_1X_weekly_252D,after_tax
2016-07-05,SPY,BUY,1269.1335126603808,177.986355830234,225888.44898044533,112.94422449022267,0.0,RELATIVE_MOMENTUM_1X_weekly_252D,after_tax
2016-08-15,SPY,SELL,1269.1335126603808,186.45334300615156,236634.18615666797,118.31709307833398,10514.4758586541,RELATIVE_MOMENTUM_1X_weekly_252D,after_tax
2016-08-15,QQQ,BUY,2148.244222350808,109.50359612745416,235240.4677074397,117.62023385371985,0.0,RELATIVE_MOMENTUM_1X_weekly_252D,after_tax
2016-09-12,QQQ,SELL,2148.244222350808,106.04164100750357,227803.34262296805,113.90167131148402,-7668.64698963688,RELATIVE_MOMENTUM_1X_weekly_252D,after_tax
2016-09-12,SPY,BUY,1257.9035152342155,180.91662068590415,227575.65312509402,113.78782656254701,0.0,RELATIVE_MOMENTUM_1X_weekly_252D,after_tax
2016-09-19,SPY,SELL,1257.9035152342155,183.32010935228303,230599.00996735762,115.29950498367882,2794.269510717393,RELATIVE_MOMENTUM_1X_weekly_252D,after_tax
2016-09-19,QQQ,BUY,2094.213221045224,110.00242185668999,230368.52619927432,115.18426309963716,0.0,RELATIVE_MOMENTUM_1X_weekly_252D,after_tax
2016-11-07,QQQ,SELL,2094.213221045224,108.03796710790645,226254.53909222674,113.12726954611337,-4342.298639693327,RELATIVE_MOMENTUM_1X_weekly_252D,after_tax
2016-11-07,SPY,BUY,1265.9606804620703,178.54298408491587,226028.3976238687,113.01419881193435,0.0,RELATIVE_MOMENTUM_1X_weekly_252D,after_tax
2017-01-30,SPY,SELL,1265.9606804620703,196.49139014809327,248750.3739768183,124.37518698840914,22484.586967149255,RELATIVE_MOMENTUM_1X_weekly_252D,after_tax
2017-01-30,QQQ,BUY,2089.550360855003,117.63665688389978,245807.71884152896,122.90385942076448,0.0,RELATIVE_MOMENTUM_1X_weekly_252D,after_tax
2018-11-26,QQQ,SELL,2089.550360855003,153.70205262640192,321168.1795296528,160.58408976482642,75076.97273893829,RELATIVE_MOMENTUM_1X_weekly_252D,after_tax
2018-11-26,SPY,BUY,1292.8403668282494,236.38100636061282,305602.90697448544,152.80145348724272,0.0,RELATIVE_MOMENTUM_1X_weekly_252D,after_tax
2018-12-03,SPY,SELL,1292.8403668282494,249.27712569459774,322275.5306248954,161.1377653124477,16358.68443161028,RELATIVE_MOMENTUM_1X_weekly_252D,after_tax
2018-12-03,QQQ,BUY,1933.296686316982,164.81268108890382,318631.81021219527,159.31590510609763,0.0,RELATIVE_MOMENTUM_1X_weekly_252D,after_tax
2018-12-24,QQQ,SELL,1933.296686316982,139.4761543982672,269648.78711840574,134.82439355920286,-49277.16339245479,RELATIVE_MOMENTUM_1X_weekly_252D,after_tax
2019-01-22,QQQ,BUY,1719.698018384694,156.64335843180731,269379.2730883024,134.6896365441512,0.0,RELATIVE_MOMENTUM_1X_weekly_252D,after_tax
2019-01-28,QQQ,SELL,1719.698018384694,155.65032397691235,267671.5537040318,133.8357768520159,-1976.24479766679,RELATIVE_MOMENTUM_1X_weekly_252D,after_tax
2019-02-11,QQQ,BUY,1655.5233132334301,161.52234993112174,267404.01591922017,133.70200795961009,0.0,RELATIVE_MOMENTUM_1X_weekly_252D,after_tax
2019-03-04,QQQ,SELL,1655.5233132334301,167.60438258326627,277472.9627666924,138.7364813833462,9796.5083581293,RELATIVE_MOMENTUM_1X_weekly_252D,after_tax
2019-03-04,SPY,BUY,1100.3595973886677,251.913673610794,277195.6284710735,138.59781423553676,0.0,RELATIVE_MOMENTUM_1X_weekly_252D,after_tax
2019-03-18,SPY,SELL,1100.3595973886677,252.97832411741985,278367.12687390397,139.183563436952,893.7170251579373,RELATIVE_MOMENTUM_1X_weekly_252D,after_tax
2019-03-18,QQQ,BUY,1633.754183041787,170.2146514742382,278088.8988610365,139.04444943051826,0.0,RELATIVE_MOMENTUM_1X_weekly_252D,after_tax
2019-06-10,QQQ,SELL,1633.754183041787,174.32775717538019,284808.70250557025,142.40435125278512,6438.354843850422,RELATIVE_MOMENTUM_1X_weekly_252D,after_tax
2019-06-10,SPY,BUY,1094.3030624597618,260.0047883414486,284524.0361362494,142.2620180681247,0.0,RELATIVE_MOMENTUM_1X_weekly_252D,after_tax
2019-07-01,SPY,SELL,1094.3030624597618,267.8695161656501,293130.4318796856,146.5652159398428,8317.568509428296,RELATIVE_MOMENTUM_1X_weekly_252D,after_tax
2019-07-01,QQQ,BUY,1605.0333280109792,182.44945000778995,292837.4479397759,146.41872396988794,0.0,RELATIVE_MOMENTUM_1X_weekly_252D,after_tax
2019-07-15,QQQ,SELL,1605.0333280109792,185.9580647222689,298468.8914916643,149.23444574583215,5335.7903821726795,RELATIVE_MOMENTUM_1X_weekly_252D,after_tax
2019-07-15,SPY,BUY,1096.669638211305,271.8873226456437,298170.57176003844,149.08528588001923,0.0,RELATIVE_MOMENTUM_1X_weekly_252D,after_tax
2019-08-05,SPY,SELL,1096.669638211305,260.1136319797592,285258.72267707105,142.62936133853552,-13203.563730185968,RELATIVE_MOMENTUM_1X_weekly_252D,after_tax
2019-08-05,QQQ,BUY,1620.6017042354354,175.84432113559984,284973.6065124763,142.48680325623815,0.0,RELATIVE_MOMENTUM_1X_weekly_252D,after_tax
2019-08-12,QQQ,SELL,1620.6017042354354,177.67533743945452,287940.95465498604,143.97047732749303,2680.8908619260183,RELATIVE_MOMENTUM_1X_weekly_252D,after_tax
2019-08-12,SPY,BUY,1098.7432985687867,261.8019677330944,287653.15759885916,143.8265787994296,0.0,RELATIVE_MOMENTUM_1X_weekly_252D,after_tax
2019-09-09,SPY,SELL,1098.7432985687867,270.0906319733859,296760.2718869662,148.3801359434831,8814.907573364151,RELATIVE_MOMENTUM_1X_weekly_252D,after_tax
2019-09-09,QQQ,BUY,1609.098684966023,184.2420621500428,296463.6599210622,148.2318299605311,0.0,RELATIVE_MOMENTUM_1X_weekly_252D,after_tax
2019-09-30,QQQ,SELL,1609.098684966023,180.3870878363966,290260.62582239625,145.13031291119813,-6496.3962415376445,RELATIVE_MOMENTUM_1X_weekly_252D,after_tax
2019-09-30,SPY,BUY,1080.1156166633702,268.4624736286267,289970.5102543579,144.98525512717893,0.0,RELATIVE_MOMENTUM_1X_weekly_252D,after_tax
2019-10-14,SPY,SELL,1080.1156166633702,268.42629908909544,289931.4375692846,144.9657187846423,-329.02365898515563,RELATIVE_MOMENTUM_1X_weekly_252D,after_tax
2019-10-14,QQQ,BUY,1580.0058974276753,183.31681640969683,289641.65102498746,144.82082551249374,0.0,RELATIVE_MOMENTUM_1X_weekly_252D,after_tax
2020-03-23,QQQ,SELL,1580.0058974276753,164.88867532273736,260525.07942896223,130.2625397144811,-29391.654961252236,RELATIVE_MOMENTUM_1X_weekly_252D,after_tax
2020-03-30,QQQ,BUY,1442.235673620575,180.45919214687584,260264.68454697425,130.13234227348713,0.0,RELATIVE_MOMENTUM_1X_weekly_252D,after_tax
2021-05-17,QQQ,SELL,1442.235673620575,314.68494115486175,453849.848084733,226.9249240423665,193228.1062714429,RELATIVE_MOMENTUM_1X_weekly_252D,after_tax
2021-05-17,SPY,BUY,1100.908470970968,386.97025720812496,426018.8341742391,213.00941708711954,0.0,RELATIVE_MOMENTUM_1X_weekly_252D,after_tax
2021-05-24,SPY,SELL,1100.908470970968,388.7868254622032,428018.7095532507,214.00935477662534,1572.8566071478417,RELATIVE_MOMENTUM_1X_weekly_252D,after_tax
2021-05-24,QQQ,BUY,1338.2361093531783,319.27963654780194,427271.5386094273,213.63576930471365,0.0,RELATIVE_MOMENTUM_1X_weekly_252D,after_tax
2021-07-12,QQQ,SELL,1338.2361093531783,351.7538144183957,470729.6560574138,235.3648280287069,43009.11685065308,RELATIVE_MOMENTUM_1X_weekly_252D,after_tax
2021-07-12,SPY,BUY,1134.0652614083879,406.9661965088275,461526.22602816083,230.76311301408043,0.0,RELATIVE_MOMENTUM_1X_weekly_252D,after_tax
2021-07-19,SPY,SELL,1134.0652614083879,398.33031422579336,451732.57192935963,225.86628596467983,-10250.28349777998,RELATIVE_MOMENTUM_1X_weekly_252D,after_tax
2021-07-19,QQQ,BUY,1313.3842542730988,343.6017019715255,451281.06511083955,225.64053255541978,0.0,RELATIVE_MOMENTUM_1X_weekly_252D,after_tax
2021-08-23,QQQ,SELL,1313.3842542730988,357.9164688468706,470081.8545285079,235.04092726425395,18340.107957848697,RELATIVE_MOMENTUM_1X_weekly_252D,after_tax
2021-08-23,SPY,BUY,1124.7637434413589,416.06015823361497,467969.3810716449,233.98469053582244,0.0,RELATIVE_MOMENTUM_1X_weekly_252D,after_tax
2021-09-07,SPY,SELL,1124.7637434413589,423.1167138270563,475906.338956726,237.953169478363,7465.020025066973,RELATIVE_MOMENTUM_1X_weekly_252D,after_tax
2021-09-07,QQQ,BUY,1279.411228487355,370.4164063611562,473914.90951439814,236.9574547571991,0.0,RELATIVE_MOMENTUM_1X_weekly_252D,after_tax
2021-10-04,QQQ,SELL,1279.411228487355,348.3255826438038,445651.6616038827,222.82583080194135,-28723.03119607456,RELATIVE_MOMENTUM_1X_weekly_252D,after_tax
2021-10-04,SPY,BUY,1096.5896926756143,405.9916262485337,445206.2326567524,222.60311632837622,0.0,RELATIVE_MOMENTUM_1X_weekly_252D,after_tax
2021-11-08,SPY,SELL,1096.5896926756143,440.4024705143944,482940.809794961,241.4704048974805,37270.50361698278,RELATIVE_MOMENTUM_1X_weekly_252D,after_tax
2021-11-08,QQQ,BUY,1241.4177117410159,387.2367491954232,480722.559088212,240.361279544106,0.0,RELATIVE_MOMENTUM_1X_weekly_252D,after_tax
2021-12-20,QQQ,SELL,1241.4177117410159,369.2480777101217,458391.1036956681,229.19555184783405,-22801.012223935802,RELATIVE_MOMENTUM_1X_weekly_252D,after_tax
2021-12-20,SPY,BUY,1070.8651128979527,427.62896667138153,457932.9416729838,228.9664708364919,0.0,RELATIVE_MOMENTUM_1X_weekly_252D,after_tax
2022-05-09,SPY,SELL,1070.8651128979527,382.3504814055953,409445.7914369894,204.7228957184947,-48920.839602549386,RELATIVE_MOMENTUM_1X_weekly_252D,after_tax
2022-05-31,SPY,BUY,1047.9358865583558,390.3259307298854,409036.55026613787,204.51827513306893,0.0,RELATIVE_MOMENTUM_1X_weekly_252D,after_tax
2022-06-06,SPY,SELL,1047.9358865583558,391.48678171831267,410253.0476758575,205.12652383792874,806.8526107486687,RELATIVE_MOMENTUM_1X_weekly_252D,after_tax
2023-05-01,QQQ,BUY,1296.4427024081065,316.12889554696204,409842.9996521935,204.92149982609675,0.0,RELATIVE_MOMENTUM_1X_weekly_252D,after_tax
2023-05-08,QQQ,SELL,1296.4427024081065,316.45279521060826,410262.91700744006,205.13145850372004,9.864396916760597,RELATIVE_MOMENTUM_1X_weekly_252D,after_tax
2023-05-15,QQQ,BUY,1282.8522327919625,319.4856341539702,409852.8591193767,204.92642955968836,0.0,RELATIVE_MOMENTUM_1X_weekly_252D,after_tax
2024-09-09,QQQ,SELL,1282.8522327919625,448.35791362802206,575176.950587654,287.588475293827,164831.57656342385,RELATIVE_MOMENTUM_1X_weekly_252D,after_tax
2024-09-09,SPY,BUY,1044.1233175427687,532.0544335310877,555530.4402518179,277.76522012590897,0.0,RELATIVE_MOMENTUM_1X_weekly_252D,after_tax
2024-09-16,SPY,SELL,1044.1233175427687,548.7491334077678,572961.7656724378,286.48088283621894,16867.079317657743,RELATIVE_MOMENTUM_1X_weekly_252D,after_tax
2024-09-16,QQQ,BUY,1215.0112765756692,468.2789916995769,568964.2554984702,284.4821277492351,0.0,RELATIVE_MOMENTUM_1X_weekly_252D,after_tax
2024-10-07,QQQ,SELL,1215.0112765756692,481.0274062437878,584453.7229281476,292.2268614640738,14912.758440464153,RELATIVE_MOMENTUM_1X_weekly_252D,after_tax
2024-10-07,SPY,BUY,1037.5877892286824,559.7999074826037,580841.5484152957,290.4207742076478,0.0,RELATIVE_MOMENTUM_1X_weekly_252D,after_tax
2024-10-28,SPY,SELL,1037.5877892286824,570.8528957024953,592309.9940267437,296.1549970133718,10881.869840226951,RELATIVE_MOMENTUM_1X_weekly_252D,after_tax
2024-10-28,QQQ,BUY,1193.3854341768379,493.9799130042475,589508.4329552106,294.75421647760527,0.0,RELATIVE_MOMENTUM_1X_weekly_252D,after_tax
2024-11-18,QQQ,SELL,1193.3854341768379,493.6529120920853,589118.1948296735,294.55909741483674,-979.5514394295169,RELATIVE_MOMENTUM_1X_weekly_252D,after_tax
2024-11-18,SPY,BUY,1024.563546901722,574.4195885423085,588529.3710467353,294.2646855233677,0.0,RELATIVE_MOMENTUM_1X_weekly_252D,after_tax
2024-12-09,SPY,SELL,1024.563546901722,595.4574149257465,610083.9610652532,305.0419805326266,20955.283352461993,RELATIVE_MOMENTUM_1X_weekly_252D,after_tax
2024-12-09,QQQ,BUY,1162.418240273218,520.8264281316256,605418.1400765498,302.70907003827494,0.0,RELATIVE_MOMENTUM_1X_weekly_252D,after_tax
2025-01-27,QQQ,SELL,1162.418240273218,507.223825099109,589606.2261963568,294.8031130981784,-16409.426063329447,RELATIVE_MOMENTUM_1X_weekly_252D,after_tax
2025-01-27,SPY,BUY,1007.2136721895114,584.7983708814467,589016.9146259457,294.5084573129729,0.0,RELATIVE_MOMENTUM_1X_weekly_252D,after_tax
2025-02-18,SPY,SELL,1007.2136721895114,600.5978525430173,604930.3685689871,302.46518428449355,15316.480301443953,RELATIVE_MOMENTUM_1X_weekly_252D,after_tax
2025-02-18,QQQ,BUY,1128.0174536045215,535.7414804029439,604325.7405144455,302.1628702572227,0.0,RELATIVE_MOMENTUM_1X_weekly_252D,after_tax
2025-03-03,QQQ,SELL,1128.0174536045215,507.73993161461107,572739.5047532475,286.36975237662375,-32174.768383831833,RELATIVE_MOMENTUM_1X_weekly_252D,after_tax
2025-03-03,SPY,BUY,976.1523391019072,586.1452445030724,572167.0514751334,286.08352573756673,0.0,RELATIVE_MOMENTUM_1X_weekly_252D,after_tax
2025-04-07,SPY,SELL,976.1523391019072,482.40291724281104,470898.7360561537,235.44936802807686,-101789.84831274528,RELATIVE_MOMENTUM_1X_weekly_252D,after_tax
2025-04-14,SPY,BUY,876.8433326510365,536.5018528789103,470428.07265179977,235.21403632589988,0.0,RELATIVE_MOMENTUM_1X_weekly_252D,after_tax
2025-04-28,SPY,SELL,876.8433326510365,543.7400050325934,476774.79810847057,238.3873990542353,5873.124021290627,RELATIVE_MOMENTUM_1X_weekly_252D,after_tax
2025-04-28,QQQ,BUY,1012.8949994988052,470.23458681729716,476298.26157862705,238.14913078931352,0.0,RELATIVE_MOMENTUM_1X_weekly_252D,after_tax
2025-06-23,QQQ,SELL,1012.8949994988052,524.2849177292203,531045.5714805697,265.52278574028486,54243.63798541296,RELATIVE_MOMENTUM_1X_weekly_252D,after_tax
2025-06-23,SPY,BUY,901.4404532580204,588.5189525073708,530514.7912991798,265.2573956495899,0.0,RELATIVE_MOMENTUM_1X_weekly_252D,after_tax
2025-06-30,SPY,SELL,901.4404532580204,610.6142811588834,550432.4143736841,275.21620718684204,19377.149471667944,RELATIVE_MOMENTUM_1X_weekly_252D,after_tax
2025-06-30,QQQ,BUY,1002.3050494352209,548.6176661963601,549882.2570379783,274.94112851898916,0.0,RELATIVE_MOMENTUM_1X_weekly_252D,after_tax
2025-07-07,QQQ,SELL,1002.3050494352209,550.8668816007689,552136.6569950847,276.0683284975424,1703.3905000898521,RELATIVE_MOMENTUM_1X_weekly_252D,after_tax
2025-07-07,SPY,BUY,894.6620308597,616.5286747873084,551584.7962684529,275.79239813422646,0.0,RELATIVE_MOMENTUM_1X_weekly_252D,after_tax
2025-07-21,SPY,SELL,894.6620308597,621.87939453125,556371.8820611287,278.1859410305644,4233.10745351098,RELATIVE_MOMENTUM_1X_weekly_252D,after_tax
2025-07-21,QQQ,BUY,993.6001568154957,559.3958338406302,555815.7882259851,277.90789411299255,0.0,RELATIVE_MOMENTUM_1X_weekly_252D,after_tax
2026-02-23,QQQ,SELL,993.6001568154957,605.1809875790976,601307.9241603479,300.653962080174,44913.57407816965,RELATIVE_MOMENTUM_1X_weekly_252D,after_tax
2026-02-23,SPY,BUY,877.9774419097338,684.1940214696967,600706.9167398978,300.3534583699489,0.0,RELATIVE_MOMENTUM_1X_weekly_252D,after_tax
2026-03-02,SPY,SELL,877.9774419097338,675.1122534180175,592733.329257867,296.3666646289335,-8570.307605029782,RELATIVE_MOMENTUM_1X_weekly_252D,after_tax
2026-03-02,QQQ,BUY,991.1149914315429,597.449233707877,592140.8921471644,296.0704460735822,0.0,RELATIVE_MOMENTUM_1X_weekly_252D,after_tax
2006-06-21,SPY,BUY,1164.0594483182617,85.86333381160723,99950.02498750626,49.97501249375313,0.0,RELATIVE_MOMENTUM_1X_monthly_126D,pre_tax
2006-12-01,SPY,SELL,1164.0594483182617,97.73746661535976,113772.22146830021,56.88611073415011,13715.335357566044,RELATIVE_MOMENTUM_1X_monthly_126D,pre_tax
2006-12-01,QQQ,BUY,3019.299332571674,37.644000672071726,113658.50610451381,56.82925305225691,0.0,RELATIVE_MOMENTUM_1X_monthly_126D,pre_tax
2007-01-03,QQQ,SELL,3019.299332571674,37.2273189296467,112400.41919771512,56.20020959885756,-1371.11636944981,RELATIVE_MOMENTUM_1X_monthly_126D,pre_tax
2007-01-03,SPY,BUY,1128.6939650630363,99.48496087189567,112288.07495064095,56.144037475320474,0.0,RELATIVE_MOMENTUM_1X_monthly_126D,pre_tax
2007-02-01,SPY,SELL,1128.6939650630363,100.81370076131812,113787.81564497059,56.893907822485296,1386.7027490318433,RELATIVE_MOMENTUM_1X_monthly_126D,pre_tax
2007-02-01,QQQ,BUY,2997.6423312155885,37.92116341268245,113674.08469480071,56.837042347400356,0.0,RELATIVE_MOMENTUM_1X_monthly_126D,pre_tax
2007-04-02,QQQ,SELL,2997.6423312155885,37.4307855026221,112204.10711331076,56.102053556655385,-1582.9166773939942,RELATIVE_MOMENTUM_1X_monthly_126D,pre_tax
2007-04-02,SPY,BUY,1122.982601824275,99.81629180908203,112091.95908021402,56.04597954010701,0.0,RELATIVE_MOMENTUM_1X_monthly_126D,pre_tax
2007-05-01,SPY,SELL,1122.982601824275,104.2117328720966,117027.96292132337,58.51398146066169,4821.443880108578,RELATIVE_MOMENTUM_1X_monthly_126D,pre_tax
2007-05-01,QQQ,BUY,2967.1210308606283,39.402165340464904,116910.99344314114,58.45549672157057,0.0,RELATIVE_MOMENTUM_1X_monthly_126D,pre_tax
2007-06-01,QQQ,SELL,2967.1210308606283,40.782152003776154,121005.58089415914,60.50279044707957,3975.6291638493567,RELATIVE_MOMENTUM_1X_monthly_126D,pre_tax
2007-06-01,SPY,BUY,1118.8314320040085,108.04544127732913,120884.63578581916,60.442317892909585,0.0,RELATIVE_MOMENTUM_1X_monthly_126D,pre_tax
2007-07-02,SPY,SELL,1118.8314320040085,106.38853255891068,119030.83423169113,59.515417115845565,-1973.7592891368113,RELATIVE_MOMENTUM_1X_monthly_126D,pre_tax
2007-07-02,QQQ,BUY,2905.5653224624534,40.92555137681656,118911.86288313371,59.455931441566854,0.0,RELATIVE_MOMENTUM_1X_monthly_126D,pre_tax
2008-02-01,QQQ,SELL,2905.5653224624534,39.09081778356802,113580.92457863383,56.79046228931691,-5447.184698230747,RELATIVE_MOMENTUM_1X_monthly_126D,pre_tax
2008-08-01,QQQ,BUY,2897.7371185328316,39.15724435127046,113467.40041613646,56.73370020806823,0.0,RELATIVE_MOMENTUM_1X_monthly_126D,pre_tax
2008-10-01,QQQ,SELL,2897.7371185328316,33.4408538150465,96902.8033752905,48.45140168764525,-16669.782142741693,RELATIVE_MOMENTUM_1X_monthly_126D,pre_tax
2009-05-01,QQQ,BUY,3270.712577240233,29.59781598442575,96805.9489991033,48.402974499551654,0.0,RELATIVE_MOMENTUM_1X_monthly_126D,pre_tax
2010-02-01,QQQ,SELL,3270.712577240233,37.19470011044001,121653.17345789482,60.82658672894741,24737.994897563025,RELATIVE_MOMENTUM_1X_monthly_126D,pre_tax
2010-02-01,SPY,BUY,1505.7321863007608,80.71261422604032,121531.58108062558,60.76579054031279,0.0,RELATIVE_MOMENTUM_1X_monthly_126D,pre_tax
2010-03-01,SPY,SELL,1505.7321863007608,82.98883364554732,124958.9579236601,62.47947896183005,3304.1315735323733,RELATIVE_MOMENTUM_1X_monthly_126D,pre_tax
2010-03-01,QQQ,BUY,3202.455778795927,38.98072917682158,124834.06141399128,62.41703070699564,0.0,RELATIVE_MOMENTUM_1X_monthly_126D,pre_tax
2010-07-01,QQQ,SELL,3202.455778795927,37.32603000581639,119534.96049163687,59.76748024581843,-5421.285433307232,RELATIVE_MOMENTUM_1X_monthly_126D,pre_tax
2010-08-02,QQQ,BUY,2954.4310079134852,40.41911452624908,119415.48526875667,59.70774263437834,0.0,RELATIVE_MOMENTUM_1X_monthly_126D,pre_tax
2010-09-01,QQQ,SELL,2954.4310079134852,38.42386192946771,113520.64912820589,56.760324564102945,-6011.304207749257,RELATIVE_MOMENTUM_1X_monthly_126D,pre_tax
2010-10-01,QQQ,BUY,2624.4149065885485,43.21236894605707,113407.18521103627,56.70359260551813,0.0,RELATIVE_MOMENTUM_1X_monthly_126D,pre_tax
2011-05-02,QQQ,SELL,2624.4149065885485,51.850415923344535,136077.00446204163,68.03850223102081,22545.07715616883,RELATIVE_MOMENTUM_1X_monthly_126D,pre_tax
2011-05-02,SPY,BUY,1297.6796209218169,104.7569779708129,135940.9954620796,67.9704977310398,0.0,RELATIVE_MOMENTUM_1X_monthly_126D,pre_tax
2011-08-01,SPY,SELL,1297.6796209218169,100.49139479667795,130405.63510565768,65.20281755282885,-5668.533671705765,RELATIVE_MOMENTUM_1X_monthly_126D,pre_tax
2011-08-01,QQQ,BUY,2526.9719617060105,51.5539137809954,130275.29464078447,65.13764732039223,0.0,RELATIVE_MOMENTUM_1X_monthly_126D,pre_tax
2011-09-01,QQQ,SELL,2526.9719617060105,48.480021074774626,122507.65395887196,61.253826979435985,-7894.032156212343,RELATIVE_MOMENTUM_1X_monthly_126D,pre_tax
2012-02-01,QQQ,BUY,2275.9729255548104,53.77269920655793,122385.20752812848,61.19260376406424,0.0,RELATIVE_MOMENTUM_1X_monthly_126D,pre_tax
2012-10-01,QQQ,SELL,2275.9729255548104,61.2740699736289,139458.12429853034,69.72906214926518,16941.995104488524,RELATIVE_MOMENTUM_1X_monthly_126D,pre_tax
2012-10-01,SPY,BUY,1222.505581474637,113.9616358236948,139318.73586844685,69.65936793422343,0.0,RELATIVE_MOMENTUM_1X_monthly_126D,pre_tax
2013-08-01,SPY,SELL,1222.505581474637,136.31470406450202,166645.4865559171,83.32274327795855,27173.768576258066,RELATIVE_MOMENTUM_1X_monthly_126D,pre_tax
2013-08-01,QQQ,BUY,2426.86894457285,68.59823424860119,166478.9243504639,83.23946217523195,0.0,RELATIVE_MOMENTUM_1X_monthly_126D,pre_tax
2014-05-01,QQQ,SELL,2426.86894457285,79.70267149447511,193427.93824943338,96.7139691247167,26769.060467669537,RELATIVE_MOMENTUM_1X_monthly_126D,pre_tax
2014-05-01,SPY,BUY,1261.6068078834007,153.1654757800572,193234.60697682027,96.61730348841014,0.0,RELATIVE_MOMENTUM_1X_monthly_126D,pre_tax
2014-06-02,SPY,SELL,1261.6068078834007,157.0145520643685,198090.62782116997,99.04531391058498,4660.358226950717,RELATIVE_MOMENTUM_1X_monthly_126D,pre_tax
2014-06-02,QQQ,BUY,2377.2371242808117,83.24480303959308,197892.63618916483,98.94631809458241,0.0,RELATIVE_MOMENTUM_1X_monthly_126D,pre_tax
2015-09-01,QQQ,SELL,2377.2371242808117,93.86154699198785,223131.15405178146,111.56557702589073,25028.005967496138,RELATIVE_MOMENTUM_1X_monthly_126D,pre_tax
2015-11-02,QQQ,BUY,2120.5759722422135,105.11678776208028,222908.13440755178,111.45406720377589,0.0,RELATIVE_MOMENTUM_1X_monthly_126D,pre_tax
2016-02-01,QQQ,SELL,2120.5759722422135,96.15882677309172,203912.09757401957,101.95604878700979,-19209.446949523,RELATIVE_MOMENTUM_1X_monthly_126D,pre_tax
2016-04-01,SPY,BUY,1176.3656251209413,173.16749404386812,203708.2873815418,101.8541436907709,0.0,RELATIVE_MOMENTUM_1X_monthly_126D,pre_tax
2016-05-02,SPY,SELL,1176.3656251209413,175.34532812902663,206270.216536539,103.1351082682695,2356.9399030381464,RELATIVE_MOMENTUM_1X_monthly_126D,pre_tax
2016-06-01,SPY,BUY,1162.826653589938,177.209602796253,206064.04940356896,103.03202470178448,0.0,RELATIVE_MOMENTUM_1X_monthly_126D,pre_tax
2016-09-01,SPY,SELL,1162.826653589938,185.1586345348241,215307.3953794118,107.65369768970591,9032.660253451351,RELATIVE_MOMENTUM_1X_monthly_126D,pre_tax
2016-09-01,QQQ,BUY,1978.9194482224775,108.6917387047422,215092.19558393015,107.54609779196508,0.0,RELATIVE_MOMENTUM_1X_monthly_126D,pre_tax
2017-12-01,QQQ,SELL,1978.9194482224775,145.6908234034036,288310.4038605419,144.15520193027095,72966.5069768895,RELATIVE_MOMENTUM_1X_monthly_126D,pre_tax
2017-12-01,SPY,BUY,1245.4915770011476,231.25185497707815,288022.23753984174,144.01111876992087,0.0,RELATIVE_MOMENTUM_1X_monthly_126D,pre_tax
2018-01-02,SPY,SELL,1245.4915770011476,235.13784025255728,292862.1994688015,146.43109973440076,4549.519710455439,RELATIVE_MOMENTUM_1X_monthly_126D,pre_tax
2018-01-02,QQQ,BUY,1973.7540105027642,148.2299628375315,292569.4836272535,146.28474181362677,0.0,RELATIVE_MOMENTUM_1X_monthly_126D,pre_tax
2018-12-03,QQQ,SELL,1973.7540105027642,164.81268108890382,325299.690280937,162.6498451404685,32421.272066729434,RELATIVE_MOMENTUM_1X_monthly_126D,pre_tax
2018-12-03,SPY,BUY,1303.6677643554026,249.27712569459774,324974.55315921694,162.48727657960848,0.0,RELATIVE_MOMENTUM_1X_monthly_126D,pre_tax
2019-01-02,SPY,SELL,1303.6677643554026,220.04867677387213,286870.3664991585,143.43518324957924,-38410.10911988764,RELATIVE_MOMENTUM_1X_monthly_126D,pre_tax
2019-05-01,QQQ,BUY,1570.4336149913695,182.48694931159875,286583.63949616085,143.29181974808043,0.0,RELATIVE_MOMENTUM_1X_monthly_126D,pre_tax
2019-10-01,QQQ,SELL,1570.4336149913695,182.0296595913917,285865.4963477577,142.93274817387885,-1004.3677163250977,RELATIVE_MOMENTUM_1X_monthly_126D,pre_tax
2019-10-01,SPY,BUY,1057.436524257118,270.06800612770223,285579.7737127275,142.78988685636375,0.0,RELATIVE_MOMENTUM_1X_monthly_126D,pre_tax
2019-12-02,SPY,SELL,1057.436524257118,285.3518958206147,301741.51690673,150.870758453365,15868.082548692822,RELATIVE_MOMENTUM_1X_monthly_126D,pre_tax
2019-12-02,QQQ,BUY,1529.9631571019438,197.02430400753673,301439.92618518404,150.71996309259202,0.0,RELATIVE_MOMENTUM_1X_monthly_126D,pre_tax
2021-03-01,QQQ,SELL,1529.9631571019438,309.0986863548367,472909.60203150945,236.45480101575473,171082.5010822171,RELATIVE_MOMENTUM_1X_monthly_126D,pre_tax
2021-03-01,SPY,BUY,1319.5220635084481,358.03639956573255,472436.9287661107,236.21846438305533,0.0,RELATIVE_MOMENTUM_1X_monthly_126D,pre_tax
2021-09-01,SPY,SELL,1319.5220635084481,422.97650283531857,558126.8278368465,279.06341391842324,85174.61719243438,RELATIVE_MOMENTUM_1X_monthly_126D,pre_tax
2021-09-01,QQQ,BUY,1507.7776348015673,369.79523177921465,557568.9799329616,278.7844899664808,0.0,RELATIVE_MOMENTUM_1X_monthly_126D,pre_tax
2022-02-01,QQQ,SELL,1507.7776348015673,354.51975345573044,534536.9553559159,267.268477677958,-23578.07754469011,RELATIVE_MOMENTUM_1X_monthly_126D,pre_tax
2022-02-01,SPY,BUY,1259.281619895465,424.0534262540882,534002.6855354703,267.00134276773514,0.0,RELATIVE_MOMENTUM_1X_monthly_126D,pre_tax
2022-03-01,SPY,SELL,1259.281619895465,409.3374336179091,515471.1064902129,257.7355532451065,-19056.315941270208,RELATIVE_MOMENTUM_1X_monthly_126D,pre_tax
2022-04-01,SPY,BUY,1203.5809884701926,427.85312988784034,514955.89299047255,257.47794649523627,0.0,RELATIVE_MOMENTUM_1X_monthly_126D,pre_tax
2022-05-02,SPY,SELL,1203.5809884701926,388.929072135393,468107.6370855112,234.05381854275558,-47339.78766999935,RELATIVE_MOMENTUM_1X_monthly_126D,pre_tax
2022-12-01,SPY,BUY,1201.9343346280505,389.07263892248426,467639.76338527584,233.81988169263792,0.0,RELATIVE_MOMENTUM_1X_monthly_126D,pre_tax
2023-02-01,SPY,SELL,1201.9343346280505,387.45528923844535,465695.81526892964,232.84790763446483,-2410.6159056733013,RELATIVE_MOMENTUM_1X_monthly_126D,pre_tax
2023-04-03,QQQ,BUY,1486.974987176896,312.8703281475286,465230.3521852026,232.6151760926013,0.0,RELATIVE_MOMENTUM_1X_monthly_126D,pre_tax
2024-06-03,QQQ,SELL,1486.974987176896,449.13837209312464,667857.525083826,333.92876254191304,202060.62895998888,RELATIVE_MOMENTUM_1X_monthly_126D,pre_tax
2024-06-03,SPY,BUY,1295.2025074643025,515.1240809646227,667190.0013206238,333.5950006603119,0.0,RELATIVE_MOMENTUM_1X_monthly_126D,pre_tax
2024-07-01,SPY,SELL,1295.2025074643025,533.0117265646933,690358.1247544679,345.17906237723395,22489.349370806594,RELATIVE_MOMENTUM_1X_monthly_126D,pre_tax
2024-07-01,QQQ,BUY,1451.7558037906608,475.05793318372764,689668.1116362725,344.8340558181363,0.0,RELATIVE_MOMENTUM_1X_monthly_126D,pre_tax
2024-08-01,QQQ,SELL,1451.7558037906608,466.86386133368035,677772.3202712887,338.8861601356444,-12579.511580937542,RELATIVE_MOMENTUM_1X_monthly_126D,pre_tax
2024-08-01,SPY,BUY,1254.3643382112718,539.7912440920945,677094.8866678192,338.5474433339096,0.0,RELATIVE_MOMENTUM_1X_monthly_126D,pre_tax
2024-11-01,SPY,SELL,1254.3643382112718,559.8195584319851,702217.6899302634,351.1088449651317,24433.14697414532,RELATIVE_MOMENTUM_1X_monthly_126D,pre_tax
2024-11-01,QQQ,BUY,1458.039311333251,481.1364259666195,701515.8231737115,350.75791158685576,0.0,RELATIVE_MOMENTUM_1X_monthly_126D,pre_tax
2024-12-02,QQQ,SELL,1458.039311333251,506.417129810714,738376.0831965749,369.1880415982875,36140.31406967819,RELATIVE_MOMENTUM_1X_monthly_126D,pre_tax
2024-12-02,SPY,BUY,1248.472411561091,590.832500010613,737638.0761169182,368.8190380584591,0.0,RELATIVE_MOMENTUM_1X_monthly_126D,pre_tax
2025-02-03,SPY,SELL,1248.472411561091,582.6943625959686,727477.8360732417,363.7389180366208,-10892.797999771661,RELATIVE_MOMENTUM_1X_monthly_126D,pre_tax
2025-02-03,QQQ,BUY,1425.9084477368117,509.6755846757201,726750.7217943079,363.375360897154,0.0,RELATIVE_MOMENTUM_1X_monthly_126D,pre_tax
2025-04-01,QQQ,SELL,1425.9084477368117,464.538472789733,662389.3326496374,331.1946663248187,-65055.95917189249,RELATIVE_MOMENTUM_1X_monthly_126D,pre_tax
2025-06-02,QQQ,BUY,1286.947924359915,514.1834116366912,661727.2743461395,330.8636371730698,0.0,RELATIVE_MOMENTUM_1X_monthly_126D,pre_tax
2026-03-02,QQQ,SELL,1286.947924359915,597.449233707877,768886.0512307741,384.44302561538706,106443.47022184625,RELATIVE_MOMENTUM_1X_monthly_126D,pre_tax
2026-03-02,SPY,BUY,1137.7627135954808,675.1122534180175,768117.5494304436,384.0587747152218,0.0,RELATIVE_MOMENTUM_1X_monthly_126D,pre_tax
2026-04-01,SPY,SELL,1137.7627135954808,652.219751792706,742071.3146602402,371.0356573301201,-26801.3292022486,RELATIVE_MOMENTUM_1X_monthly_126D,pre_tax
2026-05-01,QQQ,BUY,1109.0685879068221,668.425399726581,741329.6141958123,370.66480709790613,0.0,RELATIVE_MOMENTUM_1X_monthly_126D,pre_tax
2006-06-21,SPY,BUY,1164.0594483182617,85.86333381160723,99950.02498750626,49.97501249375313,0.0,RELATIVE_MOMENTUM_1X_monthly_126D,after_tax
2006-12-01,SPY,SELL,1164.0594483182617,97.73746661535976,113772.22146830021,56.88611073415011,13715.335357566044,RELATIVE_MOMENTUM_1X_monthly_126D,after_tax
2006-12-01,QQQ,BUY,2945.320002819239,37.644000672071726,110873.62816559373,55.43681408279687,0.0,RELATIVE_MOMENTUM_1X_monthly_126D,after_tax
2007-01-03,QQQ,SELL,2945.320002819239,37.2273189296467,109646.36709481973,54.82318354740986,-1337.521068404225,RELATIVE_MOMENTUM_1X_monthly_126D,after_tax
2007-01-03,SPY,BUY,1101.0385345033042,99.48496087189567,109536.77552351056,54.76838776175528,0.0,RELATIVE_MOMENTUM_1X_monthly_126D,after_tax
2007-02-01,SPY,SELL,1101.0385345033042,100.81370076131812,110999.76934409633,55.49988467204817,1352.7255481519824,RELATIVE_MOMENTUM_1X_monthly_126D,after_tax
2007-02-01,QQQ,BUY,2924.1122323630607,37.92116341268245,110885.7378004633,55.44286890023165,0.0,RELATIVE_MOMENTUM_1X_monthly_126D,after_tax
2007-04-02,QQQ,SELL,2924.1122323630607,37.4307855026221,109451.8177551752,54.7259088775876,-1544.0888230659475,RELATIVE_MOMENTUM_1X_monthly_126D,after_tax
2007-04-02,SPY,BUY,1095.436613144457,99.81629180908203,109342.42063597962,54.67121031798981,0.0,RELATIVE_MOMENTUM_1X_monthly_126D,after_tax
2007-05-01,SPY,SELL,1095.436613144457,104.2117328720966,114157.34770732437,57.07867385366219,4703.177187173103,RELATIVE_MOMENTUM_1X_monthly_126D,after_tax
2007-05-01,QQQ,BUY,2878.060085093233,39.402165340464904,113401.79933263604,56.70089966631802,0.0,RELATIVE_MOMENTUM_1X_monthly_126D,after_tax
2007-06-01,QQQ,SELL,2878.060085093233,40.782152003776154,117373.48386627315,58.686741933136574,3856.2968920376443,RELATIVE_MOMENTUM_1X_monthly_126D,after_tax
2007-06-01,SPY,BUY,1078.001556167876,108.04544127732913,116473.15383380567,58.236576916902834,0.0,RELATIVE_MOMENTUM_1X_monthly_126D,after_tax
2007-07-02,SPY,SELL,1078.001556167876,106.38853255891068,114687.00365692246,57.34350182846123,-1901.7302556285722,RELATIVE_MOMENTUM_1X_monthly_126D,after_tax
2007-07-02,QQQ,BUY,2799.5315912350234,40.92555137681656,114572.37396810995,57.28618698405498,0.0,RELATIVE_MOMENTUM_1X_monthly_126D,after_tax
2008-02-01,QQQ,SELL,2799.5315912350234,39.09081778356802,109435.97931231053,54.71798965615527,-5248.398832439634,RELATIVE_MOMENTUM_1X_monthly_126D,after_tax
2008-08-01,QQQ,BUY,2791.9890644729567,39.15724435127046,109326.59802364257,54.66329901182129,0.0,RELATIVE_MOMENTUM_1X_monthly_126D,after_tax
2008-10-01,QQQ,SELL,2791.9890644729567,33.4408538150465,93366.49815824859,46.683249079124295,-16061.446413484926,RELATIVE_MOMENTUM_1X_monthly_126D,after_tax
2009-05-01,QQQ,BUY,3151.353409626218,29.59781598442575,93273.17832000947,46.63658916000473,0.0,RELATIVE_MOMENTUM_1X_monthly_126D,after_tax
2010-02-01,QQQ,SELL,3151.353409626218,37.19470011044001,117213.64501305978,58.606822506529895,23835.22328138379,RELATIVE_MOMENTUM_1X_monthly_126D,after_tax
2010-02-01,SPY,BUY,1449.2141078083855,80.71261422604032,116969.85921447343,58.484929607236715,0.0,RELATIVE_MOMENTUM_1X_monthly_126D,after_tax
2010-03-01,SPY,SELL,1449.2141078083855,82.98883364554732,120268.58850969038,60.134294254845194,3180.110071354866,RELATIVE_MOMENTUM_1X_monthly_126D,after_tax
2010-03-01,QQQ,BUY,3065.6856874225996,38.98072917682158,119502.66352267846,59.75133176133923,0.0,RELATIVE_MOMENTUM_1X_monthly_126D,after_tax
2010-07-01,QQQ,SELL,3065.6856874225996,37.32603000581639,114429.8759571378,57.214937978568905,-5189.753835280557,RELATIVE_MOMENTUM_1X_monthly_126D,after_tax
2010-08-02,QQQ,BUY,2828.2535282480376,40.41911452624908,114315.50326752548,57.15775163376274,0.0,RELATIVE_MOMENTUM_1X_monthly_126D,after_tax
2010-09-01,QQQ,SELL,2828.2535282480376,38.42386192946771,108672.4230709325,54.336211535466255,-5754.574159762196,RELATIVE_MOMENTUM_1X_monthly_126D,after_tax
2010-10-01,QQQ,BUY,2512.3317143857844,43.21236894605707,108563.80495691858,54.281902478459294,0.0,RELATIVE_MOMENTUM_1X_monthly_126D,after_tax
2011-05-02,QQQ,SELL,2512.3317143857844,51.850415923344535,130265.44432831215,65.13272216415608,21582.224746750973,RELATIVE_MOMENTUM_1X_monthly_126D,after_tax
2011-05-02,SPY,BUY,1221.639242963489,104.7569779708129,127975.23526340678,63.987617631703394,0.0,RELATIVE_MOMENTUM_1X_monthly_126D,after_tax
2011-08-01,SPY,SELL,1221.639242963489,100.49139479667795,122764.23146375876,61.38211573187938,-5336.373533011603,RELATIVE_MOMENTUM_1X_monthly_126D,after_tax
2011-08-01,QQQ,BUY,2378.898508166126,51.5539137809954,122641.52858373502,61.32076429186751,0.0,RELATIVE_MOMENTUM_1X_monthly_126D,after_tax
2011-09-01,QQQ,SELL,2378.898508166126,48.480021074774626,115329.0498106437,57.664524905321855,-7431.46406228852,RELATIVE_MOMENTUM_1X_monthly_126D,after_tax
2012-02-01,QQQ,BUY,2142.607309965371,53.77269920655793,115213.77839654012,57.60688919827006,0.0,RELATIVE_MOMENTUM_1X_monthly_126D,after_tax
2012-10-01,QQQ,SELL,2142.607309965371,61.2740699736289,131286.2702368269,65.64313511841345,15949.241815970105,RELATIVE_MOMENTUM_1X_monthly_126D,after_tax
2012-10-01,SPY,BUY,1145.201798445881,113.9616358236948,130509.07029912982,65.25453514956492,0.0,RELATIVE_MOMENTUM_1X_monthly_126D,after_tax
2013-08-01,SPY,SELL,1145.201798445881,136.31470406450202,156107.84424928576,78.05392212464288,25455.465492881733,RELATIVE_MOMENTUM_1X_monthly_126D,after_tax
2013-08-01,QQQ,BUY,2198.0612562907327,68.59823424860119,150783.12095180628,75.39156047590315,0.0,RELATIVE_MOMENTUM_1X_monthly_126D,after_tax
2014-05-01,QQQ,SELL,2198.0612562907327,79.70267149447511,175191.35423487352,87.59567711743676,24245.246045473905,RELATIVE_MOMENTUM_1X_monthly_126D,after_tax
2014-05-01,SPY,BUY,1110.5197781174895,153.1654757800572,170093.2901785288,85.0466450892644,0.0,RELATIVE_MOMENTUM_1X_monthly_126D,after_tax
2014-06-02,SPY,SELL,1110.5197781174895,157.0145520643685,174367.7655197395,87.18388275986976,4102.2448133615835,RELATIVE_MOMENTUM_1X_monthly_126D,after_tax
2014-06-02,QQQ,BUY,2082.5387772918643,83.24480303959308,173360.53033797623,86.68026516898811,0.0,RELATIVE_MOMENTUM_1X_monthly_126D,after_tax
2015-09-01,QQQ,SELL,2082.5387772918643,93.86154699198785,195470.31130741726,97.73515565370863,21925.36554861834,RELATIVE_MOMENTUM_1X_monthly_126D,after_tax
2015-11-02,QQQ,BUY,1815.3430169418232,105.11678776208028,190823.02662724812,95.41151331362407,0.0,RELATIVE_MOMENTUM_1X_monthly_126D,after_tax
2016-02-01,QQQ,SELL,1815.3430169418232,96.15882677309172,174561.25469985048,87.28062734992524,-16444.464068061177,RELATIVE_MOMENTUM_1X_monthly_126D,after_tax
2016-04-01,SPY,BUY,1007.0410826525127,173.16749404386812,174386.7806821595,87.19339034107975,0.0,RELATIVE_MOMENTUM_1X_monthly_126D,after_tax
2016-05-02,SPY,SELL,1007.0410826525127,175.34532812902663,176579.94907711507,88.28997453855754,2017.6850300759543,RELATIVE_MOMENTUM_1X_monthly_126D,after_tax
2016-06-01,SPY,BUY,995.4508931251866,177.209602796253,176403.4573738896,88.2017286869448,0.0,RELATIVE_MOMENTUM_1X_monthly_126D,after_tax
2016-09-01,SPY,SELL,995.4508931251866,185.1586345348241,184316.32811753068,92.15816405876534,7732.510850895371,RELATIVE_MOMENTUM_1X_monthly_126D,after_tax
2016-09-01,QQQ,BUY,1694.0763492772016,108.6917387047422,184132.1039015212,92.0660519507606,0.0,RELATIVE_MOMENTUM_1X_monthly_126D,after_tax
2017-12-01,QQQ,SELL,1694.0763492772016,145.6908234034036,246811.37823442748,123.40568911721374,62463.80259183832,RELATIVE_MOMENTUM_1X_monthly_126D,after_tax
2017-12-01,SPY,BUY,1017.2492292815563,231.25185497707815,235240.77124536296,117.62038562268148,0.0,RELATIVE_MOMENTUM_1X_monthly_126D,after_tax
2018-01-02,SPY,SELL,1017.2492292815563,235.13784025255728,239193.7867718436,119.5968933859218,3715.7982474720047,RELATIVE_MOMENTUM_1X_monthly_126D,after_tax
2018-01-02,QQQ,BUY,1606.964076573971,148.2299628375315,238200.22535180784,119.10011267590392,0.0,RELATIVE_MOMENTUM_1X_monthly_126D,after_tax
2018-12-03,QQQ,SELL,1606.964076573971,164.81268108890382,264848.0578737107,132.42402893685536,26396.308380290167,RELATIVE_MOMENTUM_1X_monthly_126D,after_tax
2018-12-03,SPY,BUY,1039.9013197420709,249.27712569459774,259223.61199132228,129.61180599566114,0.0,RELATIVE_MOMENTUM_1X_monthly_126D,after_tax
2019-01-02,SPY,SELL,1039.9013197420709,220.04867677387213,228828.90938464602,114.414454692323,-30638.72886736426,RELATIVE_MOMENTUM_1X_monthly_126D,after_tax
2019-05-01,QQQ,BUY,1252.6933881841585,182.48694931159875,228600.19483253744,114.30009741626873,0.0,RELATIVE_MOMENTUM_1X_monthly_126D,after_tax
2019-10-01,QQQ,SELL,1252.6933881841585,182.0296595913917,228027.35102354948,114.01367551177474,-801.1575819160207,RELATIVE_MOMENTUM_1X_monthly_126D,after_tax
2019-10-01,SPY,BUY,843.4891673969987,270.06800612770223,227799.4376292231,113.89971881461156,0.0,RELATIVE_MOMENTUM_1X_monthly_126D,after_tax
2019-12-02,SPY,SELL,843.4891673969987,285.3518958206147,240691.2330208854,120.34561651044271,12657.550056337233,RELATIVE_MOMENTUM_1X_monthly_126D,after_tax
2019-12-02,QQQ,BUY,1220.4111735582653,197.02430400753673,240450.66207333832,120.22533103666916,0.0,RELATIVE_MOMENTUM_1X_monthly_126D,after_tax
2021-03-01,QQQ,SELL,1220.4111735582653,309.0986863548367,377227.4905596244,188.6137452798122,136467.9894099696,RELATIVE_MOMENTUM_1X_monthly_126D,after_tax
2021-03-01,SPY,BUY,985.8063581034696,358.03639956573255,352954.5591243735,176.47727956218674,0.0,RELATIVE_MOMENTUM_1X_monthly_126D,after_tax
2021-09-01,SPY,SELL,985.8063581034696,422.97650283531857,416972.9258234273,208.48646291171363,63633.40295657987,RELATIVE_MOMENTUM_1X_monthly_126D,after_tax
2021-09-01,QQQ,BUY,1091.5108176488739,369.79523177921465,403635.4958019854,201.81774790099269,0.0,RELATIVE_MOMENTUM_1X_monthly_126D,after_tax
2022-02-01,QQQ,SELL,1091.5108176488739,354.51975345573044,386962.1459671415,193.48107298357075,-17068.648655728495,RELATIVE_MOMENTUM_1X_monthly_126D,after_tax
2022-02-01,SPY,BUY,911.6195112969642,424.0534262540882,386575.37720555515,193.2876886027776,0.0,RELATIVE_MOMENTUM_1X_monthly_126D,after_tax
2022-03-01,SPY,SELL,911.6195112969642,409.3374336179091,373159.9911903118,186.5799955951559,-13795.253699441266,RELATIVE_MOMENTUM_1X_monthly_126D,after_tax
2022-04-01,SPY,BUY,871.2966942268205,427.85312988784034,372787.0176858737,186.39350884293685,0.0,RELATIVE_MOMENTUM_1X_monthly_126D,after_tax
2022-05-02,SPY,SELL,871.2966942268205,388.929072135393,338872.6148402725,169.43630742013627,-34270.232661864255,RELATIVE_MOMENTUM_1X_monthly_126D,after_tax
2022-12-01,SPY,BUY,870.1046481053392,389.07263892248426,338533.91157706385,169.26695578853193,0.0,RELATIVE_MOMENTUM_1X_monthly_126D,after_tax
2023-02-01,SPY,SELL,870.1046481053392,387.45528923844535,337126.6480993699,168.56332404968495,-1745.0937575321877,RELATIVE_MOMENTUM_1X_monthly_126D,after_tax
2023-04-03,QQQ,BUY,1076.4513590165307,312.8703281475286,336789.68993035506,168.39484496517753,0.0,RELATIVE_MOMENTUM_1X_monthly_126D,after_tax
2024-06-03,QQQ,SELL,1076.4513590165307,449.13837209312464,483475.61102611624,241.73780551305813,146275.7884452829,RELATIVE_MOMENTUM_1X_monthly_126D,after_tax
2024-06-03,SPY,BUY,906.3273177521191,515.1240809646227,466871.02661019197,233.43551330509598,0.0,RELATIVE_MOMENTUM_1X_monthly_126D,after_tax
2024-07-01,SPY,SELL,906.3273177521191,533.0117265646933,483083.0884678044,241.54154423390221,15737.084800073411,RELATIVE_MOMENTUM_1X_monthly_126D,after_tax
2024-07-01,QQQ,BUY,1009.1502998502028,475.05793318372764,479404.85571857635,239.70242785928818,0.0,RELATIVE_MOMENTUM_1X_monthly_126D,after_tax
2024-08-01,QQQ,SELL,1009.1502998502028,466.86386133368035,471135.805654107,235.5679028270535,-8744.320395155693,RELATIVE_MOMENTUM_1X_monthly_126D,after_tax
2024-08-01,SPY,BUY,871.9387549352873,539.7912440920945,470664.90529863065,235.33245264931534,0.0,RELATIVE_MOMENTUM_1X_monthly_126D,after_tax
2024-11-01,SPY,SELL,871.9387549352873,559.8195584319851,488128.36876760743,244.06418438380373,16984.066831943754,RELATIVE_MOMENTUM_1X_monthly_126D,after_tax
2024-11-01,QQQ,BUY,1010.0407912580549,481.1364259666195,485967.416386397,242.98370819319848,0.0,RELATIVE_MOMENTUM_1X_monthly_126D,after_tax
2024-12-02,QQQ,SELL,1010.0407912580549,506.417129810714,511501.9585006467,255.75097925032335,25035.80742680625,RELATIVE_MOMENTUM_1X_monthly_126D,after_tax
2024-12-02,SPY,BUY,856.2616809649762,590.832500010613,505907.22962782683,252.95361481391342,0.0,RELATIVE_MOMENTUM_1X_monthly_126D,after_tax
2025-02-03,SPY,SELL,856.2616809649762,582.6943625959686,498938.85440523946,249.46942720261973,-7470.798264603887,RELATIVE_MOMENTUM_1X_monthly_126D,after_tax
2025-02-03,QQQ,BUY,977.9557425979518,509.6755846757201,498440.1648955891,249.22008244779457,0.0,RELATIVE_MOMENTUM_1X_monthly_126D,after_tax
2025-04-01,QQQ,SELL,977.9557425979518,464.538472789733,454298.0671224018,227.1490335612009,-44618.46688919631,RELATIVE_MOMENTUM_1X_monthly_126D,after_tax
2025-06-02,QQQ,BUY,882.6500151884903,514.1834116366912,453843.99609079526,226.92199804539763,0.0,RELATIVE_MOMENTUM_1X_monthly_126D,after_tax
2026-03-02,QQQ,SELL,882.6500151884903,597.449233707877,527338.5752066096,263.6692876033048,73003.98783016548,RELATIVE_MOMENTUM_1X_monthly_126D,after_tax
2026-03-02,SPY,BUY,774.0413464024856,675.1122534180175,522564.79760849837,261.28239880424917,0.0,RELATIVE_MOMENTUM_1X_monthly_126D,after_tax
2026-04-01,SPY,SELL,774.0413464024856,652.219751792706,504845.05482792115,252.42252741396058,-18233.447706795414,RELATIVE_MOMENTUM_1X_monthly_126D,after_tax
2026-05-01,QQQ,BUY,754.5201936906836,668.425399726581,504340.46206947253,252.17023103473628,0.0,RELATIVE_MOMENTUM_1X_monthly_126D,after_tax
2006-06-21,SPY,BUY,1164.0594483182617,85.86333381160723,99950.02498750626,49.97501249375313,0.0,RELATIVE_MOMENTUM_1X_monthly_189D,pre_tax
2007-05-01,SPY,SELL,1164.0594483182617,104.2117328720966,121308.65227538283,60.65432613769142,21247.997949245124,RELATIVE_MOMENTUM_1X_monthly_189D,pre_tax
2007-05-01,QQQ,BUY,3075.6534114297915,39.402165340464904,121187.40424712158,60.59370212356079,0.0,RELATIVE_MOMENTUM_1X_monthly_189D,pre_tax
2008-02-01,QQQ,SELL,3075.6534114297915,39.09081778356802,120229.80707161134,60.114903535805674,-1078.3057811696053,RELATIVE_MOMENTUM_1X_monthly_189D,pre_tax
2008-06-02,QQQ,BUY,2798.3417163617346,42.92171919073609,120109.63734940084,60.05481867470042,0.0,RELATIVE_MOMENTUM_1X_monthly_189D,pre_tax
2008-07-01,QQQ,SELL,2798.3417163617346,38.55497240482036,107889.98765358432,53.944993826792164,-12333.64950831802,RELATIVE_MOMENTUM_1X_monthly_189D,pre_tax
2009-08-03,QQQ,BUY,3126.2315519323893,34.47670135545243,107782.15158396555,53.89107579198277,0.0,RELATIVE_MOMENTUM_1X_monthly_189D,pre_tax
2011-07-01,QQQ,SELL,3126.2315519323893,50.13113354693546,156721.5314285659,78.36076571428296,48807.12800309411,RELATIVE_MOMENTUM_1X_monthly_189D,pre_tax
2011-07-01,SPY,BUY,1543.249271043903,101.45145774981432,156564.88821874227,78.28244410937114,0.0,RELATIVE_MOMENTUM_1X_monthly_189D,pre_tax
2011-08-01,SPY,SELL,1543.249271043903,100.49139479667795,155083.27176615832,77.54163588307915,-1637.4405325764092,RELATIVE_MOMENTUM_1X_monthly_189D,pre_tax
2011-08-01,QQQ,BUY,3005.1698238745294,51.5539137809954,154928.2659972766,77.4641329986383,0.0,RELATIVE_MOMENTUM_1X_monthly_189D,pre_tax
2011-10-03,QQQ,SELL,3005.1698238745294,45.77186634772402,137552.2315305983,68.77611576529915,-17522.27471544224,RELATIVE_MOMENTUM_1X_monthly_189D,pre_tax
2011-11-01,QQQ,BUY,2763.140464528501,49.73136538111569,137414.7480408126,68.7073740204063,0.0,RELATIVE_MOMENTUM_1X_monthly_189D,pre_tax
2011-12-01,QQQ,SELL,2763.140464528501,49.6081976965115,137074.4184275605,68.53720921378026,-477.5741964862682,RELATIVE_MOMENTUM_1X_monthly_189D,pre_tax
2012-02-01,QQQ,BUY,2546.59733531454,53.77269920655793,136937.4125120907,68.46870625604535,0.0,RELATIVE_MOMENTUM_1X_monthly_189D,pre_tax
2012-11-01,QQQ,SELL,2546.59733531454,58.12589408130151,148023.2469802176,74.0116234901088,10943.35413838076,RELATIVE_MOMENTUM_1X_monthly_189D,pre_tax
2012-11-01,SPY,BUY,1323.8793607666537,111.69846897699163,147875.29770787357,73.93764885393679,0.0,RELATIVE_MOMENTUM_1X_monthly_189D,pre_tax
2013-10-01,SPY,SELL,1323.8793607666537,135.48841715531478,179370.31909486384,89.68515954743192,31331.39857858891,RELATIVE_MOMENTUM_1X_monthly_189D,pre_tax
2013-10-01,QQQ,BUY,2518.5273358582513,71.14913380721536,179191.03841610835,89.59551920805417,0.0,RELATIVE_MOMENTUM_1X_monthly_189D,pre_tax
2015-09-01,QQQ,SELL,2518.5273358582513,93.86154699198785,236392.87188526522,118.19643594263262,56994.04151400618,RELATIVE_MOMENTUM_1X_monthly_189D,pre_tax
2015-11-02,QQQ,BUY,2246.611622924213,105.11678776208028,236156.59715074723,118.07829857537362,0.0,RELATIVE_MOMENTUM_1X_monthly_189D,pre_tax
2016-02-01,QQQ,SELL,2246.611622924213,96.15882677309172,216031.53787518386,108.01576893759193,-20351.153343076323,RELATIVE_MOMENTUM_1X_monthly_189D,pre_tax
2016-04-01,QQQ,BUY,2136.5008797083547,101.01358550741942,215815.61429909672,107.90780714954836,0.0,RELATIVE_MOMENTUM_1X_monthly_189D,pre_tax
2016-05-02,QQQ,SELL,2136.5008797083547,98.64040285951161,210745.30748413305,105.37265374206653,-5283.587275855272,RELATIVE_MOMENTUM_1X_monthly_189D,pre_tax
2016-06-01,SPY,BUY,1188.0545081899722,177.209602796253,210534.66749664268,105.26733374832135,0.0,RELATIVE_MOMENTUM_1X_monthly_189D,pre_tax
2016-11-01,SPY,SELL,1188.0545081899722,182.2927583487816,216573.7333666552,108.28686668332759,5825.511669580825,RELATIVE_MOMENTUM_1X_monthly_189D,pre_tax
2016-11-01,QQQ,BUY,1973.5541205377278,109.6282415640513,216357.26786603883,108.17863393301941,0.0,RELATIVE_MOMENTUM_1X_monthly_189D,pre_tax
2017-01-03,QQQ,SELL,1973.5541205377278,111.90398145131604,220848.56369782225,110.42428184891112,4272.692916001484,RELATIVE_MOMENTUM_1X_monthly_189D,pre_tax
2017-01-03,SPY,BUY,1138.4545763094416,193.7958967308444,220627.82550322174,110.31391275161087,0.0,RELATIVE_MOMENTUM_1X_monthly_189D,pre_tax
2017-02-01,SPY,SELL,1138.4545763094416,195.94021401779992,223069.0333316157,111.53451666580786,2219.3593989765504,RELATIVE_MOMENTUM_1X_monthly_189D,pre_tax
2017-02-01,QQQ,BUY,1893.3022432886412,117.70232490190298,222846.0757770614,111.4230378885307,0.0,RELATIVE_MOMENTUM_1X_monthly_189D,pre_tax
2018-12-03,QQQ,SELL,1893.3022432886412,164.81268108890382,312040.21882803703,156.02010941401852,88926.69990367308,RELATIVE_MOMENTUM_1X_monthly_189D,pre_tax
2018-12-03,SPY,BUY,1250.5292400284727,249.27712569459774,311728.33455134736,155.86416727567368,0.0,RELATIVE_MOMENTUM_1X_monthly_189D,pre_tax
2019-01-02,SPY,SELL,1250.5292400284727,220.04867677387213,275177.30453530134,137.58865226765067,-36844.482835589326,RELATIVE_MOMENTUM_1X_monthly_189D,pre_tax
2019-02-01,QQQ,BUY,1720.6603907742262,159.76555642509075,274902.26475065836,137.4511323753292,0.0,RELATIVE_MOMENTUM_1X_monthly_189D,pre_tax
2019-03-01,QQQ,SELL,1720.6603907742262,166.5541360086706,286583.1047497428,143.2915523748714,11400.097314334183,RELATIVE_MOMENTUM_1X_monthly_189D,pre_tax
2019-03-01,SPY,BUY,1141.188397581885,250.87589873116676,286296.66486493545,143.14833243246773,0.0,RELATIVE_MOMENTUM_1X_monthly_189D,pre_tax
2019-04-01,SPY,SELL,1141.188397581885,255.8087003800633,291925.920874229,145.9629604371145,5340.144716423936,RELATIVE_MOMENTUM_1X_monthly_189D,pre_tax
2019-04-01,QQQ,BUY,1679.7280446463758,173.61985576942988,291634.14084337023,145.81707042168512,0.0,RELATIVE_MOMENTUM_1X_monthly_189D,pre_tax
2019-06-03,QQQ,SELL,1679.7280446463758,165.938934438959,278732.28187585576,139.36614093792787,-13187.042178874137,RELATIVE_MOMENTUM_1X_monthly_189D,pre_tax
2019-07-01,SPY,BUY,1039.5124196150682,267.8695161656501,278453.6888904726,139.22684444523628,0.0,RELATIVE_MOMENTUM_1X_monthly_189D,pre_tax
2019-08-01,SPY,SELL,1039.5124196150682,268.700115526861,279317.1072421756,139.6585536210878,584.5329536367208,RELATIVE_MOMENTUM_1X_monthly_189D,pre_tax
2019-08-01,QQQ,BUY,1520.5302695587807,183.5135645176353,279037.9297236927,139.51896486184637,0.0,RELATIVE_MOMENTUM_1X_monthly_189D,pre_tax
2021-04-01,QQQ,SELL,1520.5302695587807,313.1726923053448,476188.55824949505,238.09427912474754,196773.01528181572,RELATIVE_MOMENTUM_1X_monthly_189D,pre_tax
2021-04-01,SPY,BUY,1281.751369334913,371.14265609357545,475712.60766653705,237.85630383326853,0.0,RELATIVE_MOMENTUM_1X_monthly_189D,pre_tax
2021-09-01,SPY,SELL,1281.751369334913,422.97650283531857,542150.7117056623,271.07535585283114,65929.17237943917,RELATIVE_MOMENTUM_1X_monthly_189D,pre_tax
2021-09-01,QQQ,BUY,1464.6182140531462,369.79523177921465,541608.8319338426,270.80441596692134,0.0,RELATIVE_MOMENTUM_1X_monthly_189D,pre_tax
2021-10-01,QQQ,SELL,1464.6182140531462,348.40329448757456,510277.8109426238,255.13890547131192,-31856.964312657074,RELATIVE_MOMENTUM_1X_monthly_189D,pre_tax
2021-10-01,SPY,BUY,1261.496609683786,404.0976283486504,509767.788143081,254.8838940715405,0.0,RELATIVE_MOMENTUM_1X_monthly_189D,pre_tax
2021-12-01,SPY,SELL,1261.496609683786,432.8452422514508,546032.8056179623,273.0164028089811,35737.11717800074,RELATIVE_MOMENTUM_1X_monthly_189D,pre_tax
2021-12-01,QQQ,BUY,1409.6911420595352,386.9550069636954,545487.0456923072,272.7435228461536,0.0,RELATIVE_MOMENTUM_1X_monthly_189D,pre_tax
2022-02-01,QQQ,SELL,1409.6911420595352,354.51975345573044,499763.3561316735,249.88167806583675,-46246.314761545626,RELATIVE_MOMENTUM_1X_monthly_189D,pre_tax
2022-02-01,SPY,BUY,1177.360708867821,424.0534262540882,499263.84253234154,249.63192126617076,0.0,RELATIVE_MOMENTUM_1X_monthly_189D,pre_tax
2022-05-02,SPY,SELL,1177.360708867821,388.929072135393,457909.80806863017,228.9549040343151,-41832.62128901185,RELATIVE_MOMENTUM_1X_monthly_189D,pre_tax
2023-04-03,QQQ,BUY,1462.1141282702324,312.8703281475286,457452.12710104533,228.72606355052267,0.0,RELATIVE_MOMENTUM_1X_monthly_189D,pre_tax
2024-09-03,QQQ,SELL,1462.1141282702324,468.2888929130331,684691.8064401717,342.34590322008586,226668.6073723557,RELATIVE_MOMENTUM_1X_monthly_189D,pre_tax
2024-09-03,SPY,BUY,1249.3091790919323,547.508549729637,684007.4568085473,342.00372840427366,0.0,RELATIVE_MOMENTUM_1X_monthly_189D,pre_tax
2025-01-02,SPY,SELL,1249.3091790919323,579.4695486945864,723936.6261884061,361.9683130942031,39225.197338360245,RELATIVE_MOMENTUM_1X_monthly_189D,pre_tax
2025-01-02,QQQ,BUY,1416.6775637153926,510.49940358547883,723213.0513496371,361.60652567481856,0.0,RELATIVE_MOMENTUM_1X_monthly_189D,pre_tax
2025-03-03,QQQ,SELL,1416.6775637153926,507.73993161461107,719303.7693208072,359.6518846604036,-4630.540439165081,RELATIVE_MOMENTUM_1X_monthly_189D,pre_tax
2025-03-03,SPY,BUY,1225.9501066716723,586.1452445030724,718584.825023635,359.29241251181753,0.0,RELATIVE_MOMENTUM_1X_monthly_189D,pre_tax
2025-05-01,SPY,SELL,1225.9501066716723,552.5954041380958,677454.3946493744,338.7271973246872,-41828.449984097155,RELATIVE_MOMENTUM_1X_monthly_189D,pre_tax
2025-05-01,QQQ,BUY,1408.3294990323968,480.5532222946606,676777.2788126434,338.3886394063217,0.0,RELATIVE_MOMENTUM_1X_monthly_189D,pre_tax
2026-03-02,QQQ,SELL,1408.3294990323968,597.449233707877,841405.3800051039,420.70269000255195,163869.0098630517,RELATIVE_MOMENTUM_1X_monthly_189D,pre_tax
2026-03-02,SPY,BUY,1245.073527938294,675.1122534180175,840564.3951175427,420.2821975587714,0.0,RELATIVE_MOMENTUM_1X_monthly_189D,pre_tax
2026-05-01,SPY,SELL,1245.073527938294,719.3966516418469,895701.7270467103,447.85086352335514,54269.198868085514,RELATIVE_MOMENTUM_1X_monthly_189D,pre_tax
2026-05-01,QQQ,BUY,1338.6781431596312,668.425399726581,894806.4729467137,447.40323647335686,0.0,RELATIVE_MOMENTUM_1X_monthly_189D,pre_tax
2026-08-03,QQQ,SELL,1338.6781431596312,688.2999877929688,921412.1495954882,460.7060747977441,25697.567337503424,RELATIVE_MOMENTUM_1X_monthly_189D,pre_tax
2026-08-03,SPY,BUY,1228.2386781104558,749.4400024414062,920491.1979217296,460.2455989608648,0.0,RELATIVE_MOMENTUM_1X_monthly_189D,pre_tax
2006-06-21,SPY,BUY,1164.0594483182617,85.86333381160723,99950.02498750626,49.97501249375313,0.0,RELATIVE_MOMENTUM_1X_monthly_189D,after_tax
2007-05-01,SPY,SELL,1164.0594483182617,104.2117328720966,121308.65227538283,60.65432613769142,21247.997949245124,RELATIVE_MOMENTUM_1X_monthly_189D,after_tax
2007-05-01,QQQ,BUY,2966.157561155794,39.402165340464904,116873.03065053074,58.43651532526537,0.0,RELATIVE_MOMENTUM_1X_monthly_189D,after_tax
2008-02-01,QQQ,SELL,2966.157561155794,39.09081778356802,115949.52474049367,57.974762370246836,-1039.9171877325862,RELATIVE_MOMENTUM_1X_monthly_189D,after_tax
2008-06-02,QQQ,BUY,2698.718395849888,42.92171919073609,115833.63316154266,57.91681658077133,0.0,RELATIVE_MOMENTUM_1X_monthly_189D,after_tax
2008-07-01,QQQ,SELL,2698.718395849888,38.55497240482036,104049.0132803735,52.02450664018675,-11894.561204390106,RELATIVE_MOMENTUM_1X_monthly_189D,after_tax
2009-08-03,QQQ,BUY,3014.935077284063,34.47670135545243,103945.01626560053,51.972508132800264,0.0,RELATIVE_MOMENTUM_1X_monthly_189D,after_tax
2011-07-01,QQQ,SELL,3014.935077284063,50.13113354693546,151142.11299466755,75.57105649733377,47069.553164436875,RELATIVE_MOMENTUM_1X_monthly_189D,after_tax
2011-07-01,SPY,BUY,1419.9891722372224,101.45145774981432,144059.9715124184,72.0299857562092,0.0,RELATIVE_MOMENTUM_1X_monthly_189D,after_tax
2011-08-01,SPY,SELL,1419.9891722372224,100.49139479667795,142696.69251429866,71.34834625714933,-1506.657330133079,RELATIVE_MOMENTUM_1X_monthly_189D,after_tax
2011-08-01,QQQ,BUY,2765.1453920657477,51.5539137809954,142554.0671344743,71.27703356723714,0.0,RELATIVE_MOMENTUM_1X_monthly_189D,after_tax
2011-10-03,QQQ,SELL,2765.1453920657477,45.77186634772402,126565.86531765835,63.282932658829175,-16122.761783041991,RELATIVE_MOMENTUM_1X_monthly_189D,after_tax
2011-11-01,QQQ,BUY,2542.4470399049223,49.73136538111569,126439.3627036477,63.21968135182385,0.0,RELATIVE_MOMENTUM_1X_monthly_189D,after_tax
2011-12-01,QQQ,SELL,2542.4470399049223,49.6081976965115,126126.21538851385,63.06310769425693,-439.430104179919,RELATIVE_MOMENTUM_1X_monthly_189D,after_tax
2012-02-01,QQQ,BUY,2343.1993198018727,53.77269920655793,126000.15220471725,63.000076102358626,0.0,RELATIVE_MOMENTUM_1X_monthly_189D,after_tax
2012-11-01,QQQ,SELL,2343.1993198018727,58.12589408130151,136200.5554741814,68.1002777370907,10069.302915624692,RELATIVE_MOMENTUM_1X_monthly_189D,after_tax
2012-11-01,SPY,BUY,1218.140447502277,111.69846897699163,136064.42298495182,68.03221149247591,0.0,RELATIVE_MOMENTUM_1X_monthly_189D,after_tax
2013-10-01,SPY,SELL,1218.140447502277,135.48841715531478,165043.92110495034,82.52196055247516,28828.94394795358,RELATIVE_MOMENTUM_1X_monthly_189D,after_tax
2013-10-01,QQQ,BUY,2257.927449359406,71.14913380721536,160649.5822214569,80.32479111072844,0.0,RELATIVE_MOMENTUM_1X_monthly_189D,after_tax
2015-09-01,QQQ,SELL,2257.927449359406,93.86154699198785,211932.56339254716,105.96628169627358,51096.69009828323,RELATIVE_MOMENTUM_1X_monthly_189D,after_tax
2015-11-02,QQQ,BUY,1915.4469613098956,105.11678776208028,201345.6317015339,100.67281585076695,0.0,RELATIVE_MOMENTUM_1X_monthly_189D,after_tax
2016-02-01,QQQ,SELL,1915.4469613098956,96.15882677309172,184187.13254564317,92.09356627282159,-17351.265538014297,RELATIVE_MOMENTUM_1X_monthly_189D,after_tax
2016-04-01,QQQ,BUY,1821.5672331235592,101.01358550741942,184003.03746064004,92.00151873032003,0.0,RELATIVE_MOMENTUM_1X_monthly_189D,after_tax
2016-05-02,QQQ,SELL,1821.5672331235592,98.64040285951161,179680.12571099377,89.84006285549688,-4504.753331232088,RELATIVE_MOMENTUM_1X_monthly_189D,after_tax
2016-06-01,SPY,BUY,1012.9278128726977,177.209602796253,179500.53538044804,89.75026769022402,0.0,RELATIVE_MOMENTUM_1X_monthly_189D,after_tax
2016-11-01,SPY,SELL,1012.9278128726977,182.2927583487816,184649.40501676255,92.32470250838128,4966.794666115922,RELATIVE_MOMENTUM_1X_monthly_189D,after_tax
2016-11-01,QQQ,BUY,1682.6398495367068,109.6282415640513,184464.84789030903,92.23242394515452,0.0,RELATIVE_MOMENTUM_1X_monthly_189D,after_tax
2017-01-03,QQQ,SELL,1682.6398495367068,111.90398145131604,188294.09851180087,94.14704925590044,3642.871148290782,RELATIVE_MOMENTUM_1X_monthly_189D,after_tax
2017-01-03,SPY,BUY,970.6392224317386,193.7958967308444,188105.89851328832,94.05294925664417,0.0,RELATIVE_MOMENTUM_1X_monthly_189D,after_tax
2017-02-01,SPY,SELL,970.6392224317386,195.94021401779992,190187.25697734577,95.09362848867289,1892.211886312114,RELATIVE_MOMENTUM_1X_monthly_189D,after_tax
2017-02-01,QQQ,BUY,1614.2176029642897,117.70232490190298,189997.16476647384,94.99858238323692,0.0,RELATIVE_MOMENTUM_1X_monthly_189D,after_tax
2018-12-03,QQQ,SELL,1614.2176029642897,164.81268108890382,266043.53100544825,133.02176550272412,75818.34589108842,RELATIVE_MOMENTUM_1X_monthly_189D,after_tax
2018-12-03,SPY,BUY,1013.6841124731952,249.27712569459774,252688.26191959745,126.34413095979873,0.0,RELATIVE_MOMENTUM_1X_monthly_189D,after_tax
2019-01-02,SPY,SELL,1013.6841124731952,220.04867677387213,223059.8476164236,111.52992380821179,-29866.28835794187,RELATIVE_MOMENTUM_1X_monthly_189D,after_tax
2019-02-01,QQQ,BUY,1394.7743445407484,159.76555642509075,222836.8992429939,111.41844962149696,0.0,RELATIVE_MOMENTUM_1X_monthly_189D,after_tax
2019-03-01,QQQ,SELL,1394.7743445407484,166.5541360086706,232305.43588204423,116.15271794102212,9240.965471487783,RELATIVE_MOMENTUM_1X_monthly_189D,after_tax
2019-03-01,SPY,BUY,925.0519787455451,250.87589873116676,232073.2465408328,116.0366232704164,0.0,RELATIVE_MOMENTUM_1X_monthly_189D,after_tax
2019-04-01,SPY,SELL,925.0519787455451,255.8087003800633,236636.34446690383,118.31817223345192,4328.7431305671635,RELATIVE_MOMENTUM_1X_monthly_189D,after_tax
2019-04-01,QQQ,BUY,1361.5944174923325,173.61985576942988,236399.82638147965,118.19991319073984,0.0,RELATIVE_MOMENTUM_1X_monthly_189D,after_tax
2019-06-03,QQQ,SELL,1361.5944174923325,165.938934438959,225941.5267767127,112.97076338835636,-10689.470281346003,RELATIVE_MOMENTUM_1X_monthly_189D,after_tax
2019-07-01,SPY,BUY,842.633015489004,267.8695161656501,225715.69816424226,112.85784908212113,0.0,RELATIVE_MOMENTUM_1X_monthly_189D,after_tax
2019-08-01,SPY,SELL,842.633015489004,268.700115526861,226415.58860864263,113.20779430432133,473.8248010139214,RELATIVE_MOMENTUM_1X_monthly_189D,after_tax
2019-08-01,QQQ,BUY,1232.54805041682,183.5135645176353,226189.2861712527,113.09464308562634,0.0,RELATIVE_MOMENTUM_1X_monthly_189D,after_tax
2021-04-01,QQQ,SELL,1232.54805041682,313.1726923053448,386000.39134473936,193.00019567236967,159505.01033472866,RELATIVE_MOMENTUM_1X_monthly_189D,after_tax
2021-04-01,SPY,BUY,966.2338609365107,371.14265609357545,358610.601555527,179.3053007777635,0.0,RELATIVE_MOMENTUM_1X_monthly_189D,after_tax
2021-09-01,SPY,SELL,966.2338609365107,422.97650283531857,408694.2194199928,204.3471097099964,49699.965453978046,RELATIVE_MOMENTUM_1X_monthly_189D,after_tax
2021-09-01,QQQ,BUY,1076.796543045857,369.79523177921465,398194.22721469984,199.09711360734994,0.0,RELATIVE_MOMENTUM_1X_monthly_189D,after_tax
2021-10-01,QQQ,SELL,1076.796543045857,348.40329448757456,375159.463090008,187.579731545004,-23421.440969844174,RELATIVE_MOMENTUM_1X_monthly_189D,after_tax
2021-10-01,SPY,BUY,927.460259156847,404.0976283486504,374784.49111290654,187.39224555645328,0.0,RELATIVE_MOMENTUM_1X_monthly_189D,after_tax
2021-12-01,SPY,SELL,927.460259156847,432.8452422514508,401446.7605533388,200.72338027666942,26274.15381459915,RELATIVE_MOMENTUM_1X_monthly_189D,after_tax
2021-12-01,QQQ,BUY,1034.9168978669193,386.9550069636954,400466.2754209398,200.2331377104699,0.0,RELATIVE_MOMENTUM_1X_monthly_189D,after_tax
2022-02-01,QQQ,SELL,1034.9168978669193,354.51975345573044,366898.4834789496,183.4492417394748,-33951.47432144015,RELATIVE_MOMENTUM_1X_monthly_189D,after_tax
2022-02-01,SPY,BUY,864.3528047652462,424.0534262540882,366531.76835303364,183.26588417651683,0.0,RELATIVE_MOMENTUM_1X_monthly_189D,after_tax
2022-05-02,SPY,SELL,864.3528047652462,388.929072135393,336171.93435497175,168.08596717748588,-30711.185849415895,RELATIVE_MOMENTUM_1X_monthly_189D,after_tax
2023-04-03,QQQ,BUY,1073.4029411195088,312.8703281475286,335835.930422583,167.91796521129152,0.0,RELATIVE_MOMENTUM_1X_monthly_189D,after_tax
2024-09-03,QQQ,SELL,1073.4029411195088,468.2888929130331,502662.6749464485,251.33133747322424,166407.49522118096,RELATIVE_MOMENTUM_1X_monthly_189D,after_tax
2024-09-03,SPY,BUY,879.4403850704579,547.508549729637,481501.1298035999,240.75056490179995,0.0,RELATIVE_MOMENTUM_1X_monthly_189D,after_tax
2025-01-02,SPY,SELL,879.4403850704579,579.4695486945864,509608.92304057145,254.80446152028574,27612.23821054946,RELATIVE_MOMENTUM_1X_monthly_189D,after_tax
2025-01-02,QQQ,BUY,986.2752872527414,510.49940358547883,503492.9459136213,251.74647295681063,0.0,RELATIVE_MOMENTUM_1X_monthly_189D,after_tax
2025-03-03,QQQ,SELL,986.2752872527414,507.73993161461107,500771.3469028878,250.3856734514439,-3223.7311571417376,RELATIVE_MOMENTUM_1X_monthly_189D,after_tax
2025-03-03,SPY,BUY,853.4929362783662,586.1452445030724,500270.8258165281,250.13541290826407,0.0,RELATIVE_MOMENTUM_1X_monthly_189D,after_tax
2025-05-01,SPY,SELL,853.4929362783662,552.5954041380958,471636.2740517538,235.8181370258769,-29120.505314708455,RELATIVE_MOMENTUM_1X_monthly_189D,after_tax
2025-05-01,QQQ,BUY,980.463456738794,480.5532222946606,471164.873477989,235.5824367389945,0.0,RELATIVE_MOMENTUM_1X_monthly_189D,after_tax
2026-03-02,QQQ,SELL,980.463456738794,597.449233707877,585777.1409071687,292.88857045358435,114083.79642198712,RELATIVE_MOMENTUM_1X_monthly_189D,after_tax
2026-03-02,SPY,BUY,842.2222535176762,675.1122534180175,568594.5634511192,284.2972817255596,0.0,RELATIVE_MOMENTUM_1X_monthly_189D,after_tax
2026-05-01,SPY,SELL,842.2222535176762,719.3966516418469,605891.869118867,302.9459345594335,36710.06245146273,RELATIVE_MOMENTUM_1X_monthly_189D,after_tax
2026-05-01,QQQ,BUY,894.3890493433174,668.425399726581,597832.3578183837,298.91617890919184,0.0,RELATIVE_MOMENTUM_1X_monthly_189D,after_tax
2026-08-03,QQQ,SELL,894.3890493433174,688.2999877929688,615607.9717451703,307.80398587258514,17168.893762004795,RELATIVE_MOMENTUM_1X_monthly_189D,after_tax
2026-08-03,SPY,BUY,815.9513126102431,749.4400024414062,611506.5537146892,305.7532768573446,0.0,RELATIVE_MOMENTUM_1X_monthly_189D,after_tax
2006-06-21,SPY,BUY,1164.0594483182617,85.86333381160723,99950.02498750626,49.97501249375313,0.0,RELATIVE_MOMENTUM_1X_monthly_252D,pre_tax
2007-07-02,SPY,SELL,1164.0594483182617,106.38853255891068,123842.57651791499,61.921288258957496,23780.65522965601,RELATIVE_MOMENTUM_1X_monthly_252D,pre_tax
2007-07-02,QQQ,BUY,3023.0208676387974,40.92555137681656,123718.79583174016,61.85939791587008,0.0,RELATIVE_MOMENTUM_1X_monthly_252D,pre_tax
2008-03-03,QQQ,SELL,3023.0208676387974,36.874231391076805,111471.57097336678,55.73578548668339,-12364.82004177595,RELATIVE_MOMENTUM_1X_monthly_252D,pre_tax
2008-04-01,QQQ,BUY,2915.7403069227084,38.19275497407215,111360.15511032494,55.68007755516247,0.0,RELATIVE_MOMENTUM_1X_monthly_252D,pre_tax
2008-07-01,QQQ,SELL,2915.7403069227084,38.55497240482036,112416.28707302747,56.20814353651374,944.2437416108587,RELATIVE_MOMENTUM_1X_monthly_252D,pre_tax
2009-10-01,QQQ,BUY,3081.862086436424,36.44028311982827,112303.92696600796,56.15196348300398,0.0,RELATIVE_MOMENTUM_1X_monthly_252D,pre_tax
2012-11-01,QQQ,SELL,3081.862086436424,58.12589408130151,179135.98920938245,89.56799460469122,66686.34228528678,RELATIVE_MOMENTUM_1X_monthly_252D,pre_tax
2012-11-01,SPY,BUY,1602.1432019830884,111.69846897699163,178956.94274340605,89.47847137170302,0.0,RELATIVE_MOMENTUM_1X_monthly_252D,pre_tax
2012-12-03,SPY,SELL,1602.1432019830884,112.60536860285514,180409.92581386425,90.20496290693212,1273.2996361795813,RELATIVE_MOMENTUM_1X_monthly_252D,pre_tax
2012-12-03,QQQ,BUY,3056.2547490066972,58.97074061202168,180229.60604793337,90.11480302396669,0.0,RELATIVE_MOMENTUM_1X_monthly_252D,pre_tax
2013-02-01,QQQ,SELL,3056.2547490066972,60.220288434950135,184048.54251586943,92.02427125793471,3636.797393654182,RELATIVE_MOMENTUM_1X_monthly_252D,pre_tax
2013-02-01,SPY,BUY,1536.8406662739085,119.63802753698465,183864.5859516357,91.93229297581786,0.0,RELATIVE_MOMENTUM_1X_monthly_252D,pre_tax
2013-11-01,SPY,SELL,1536.8406662739085,141.83818190141602,217982.68597645202,108.99134298822601,33917.1763888523,RELATIVE_MOMENTUM_1X_monthly_252D,pre_tax
2013-11-01,QQQ,BUY,2906.6715387042477,74.9189611993196,217764.81222735014,108.88240611367507,0.0,RELATIVE_MOMENTUM_1X_monthly_252D,pre_tax
2016-03-01,QQQ,SELL,2906.6715387042477,96.01965717355068,279097.6046624989,139.54880233124948,61084.361226703855,RELATIVE_MOMENTUM_1X_monthly_252D,pre_tax
2016-04-01,QQQ,BUY,2760.209383087585,101.01358550741942,278818.6465368992,139.4093232684496,0.0,RELATIVE_MOMENTUM_1X_monthly_252D,pre_tax
2016-05-02,QQQ,SELL,2760.209383087585,98.64040285951161,272268.1655243634,136.1340827621817,-6826.024418566434,RELATIVE_MOMENTUM_1X_monthly_252D,pre_tax
2016-05-02,SPY,BUY,1551.202055550305,175.34532812902663,271996.0334248888,135.9980167124444,0.0,RELATIVE_MOMENTUM_1X_monthly_252D,pre_tax
2016-09-01,SPY,SELL,1551.202055550305,185.1586345348241,287218.4544933068,143.6092272466534,14942.81382445892,RELATIVE_MOMENTUM_1X_monthly_252D,pre_tax
2016-09-01,QQQ,BUY,2639.8637375349417,108.6917387047422,286931.37957627204,143.46568978813602,0.0,RELATIVE_MOMENTUM_1X_monthly_252D,pre_tax
2016-11-01,QQQ,SELL,2639.8637375349417,109.6282415640513,289403.6195146599,144.70180975732995,2184.072438842384,RELATIVE_MOMENTUM_1X_monthly_252D,pre_tax
2016-11-01,SPY,BUY,1585.9892797906784,182.2927583487816,289114.3605246403,144.55718026232014,0.0,RELATIVE_MOMENTUM_1X_monthly_252D,pre_tax
2017-02-01,SPY,SELL,1585.9892797906784,195.94021401779992,310759.0789121219,155.37953945606094,21344.781667763193,RELATIVE_MOMENTUM_1X_monthly_252D,pre_tax
2017-02-01,QQQ,BUY,2637.5730079574587,117.70232490190298,310448.4751350983,155.22423756754915,0.0,RELATIVE_MOMENTUM_1X_monthly_252D,pre_tax
2019-01-02,QQQ,SELL,2637.5730079574587,144.1642273096665,380243.6746650199,190.12183733250995,69449.85345502151,RELATIVE_MOMENTUM_1X_monthly_252D,pre_tax
2019-02-01,QQQ,BUY,2377.631509049859,159.76555642509075,379863.62101717887,189.93181050858945,0.0,RELATIVE_MOMENTUM_1X_monthly_252D,pre_tax
2019-09-03,QQQ,SELL,2377.631509049859,178.51892322817625,424452.2168289646,212.2261084144823,44186.437892862654,RELATIVE_MOMENTUM_1X_monthly_252D,pre_tax
2019-09-03,SPY,BUY,1616.2513150212155,262.3527497186402,424027.97673218406,212.01398836609204,0.0,RELATIVE_MOMENTUM_1X_monthly_252D,pre_tax
2019-11-01,SPY,SELL,1616.2513150212155,276.5806723698209,447023.87542717496,223.51193771358749,22560.372768911242,RELATIVE_MOMENTUM_1X_monthly_252D,pre_tax
2019-11-01,QQQ,BUY,2348.8312295761425,190.127357525203,446577.0749519854,223.28853747599268,0.0,RELATIVE_MOMENTUM_1X_monthly_252D,pre_tax
2021-09-01,QQQ,SELL,2348.8312295761425,369.79523177921465,868586.5889513673,434.29329447568364,421351.9321674303,RELATIVE_MOMENTUM_1X_monthly_252D,pre_tax
2021-09-01,SPY,BUY,2051.4577774938703,422.97650283531857,867718.4364386724,433.8592182193362,0.0,RELATIVE_MOMENTUM_1X_monthly_252D,pre_tax
2021-12-01,SPY,SELL,2051.4577774938703,432.8452422514508,887963.7386679571,443.9818693339786,19367.461141731474,RELATIVE_MOMENTUM_1X_monthly_252D,pre_tax
2021-12-01,QQQ,BUY,2292.453134667683,386.9550069636954,887076.2186892786,443.5381093446393,0.0,RELATIVE_MOMENTUM_1X_monthly_252D,pre_tax
2022-01-03,QQQ,SELL,2292.453134667683,388.19825960966415,889926.3171147136,444.9631585573568,1961.5971575330477,RELATIVE_MOMENTUM_1X_monthly_252D,pre_tax
2022-01-03,SPY,BUY,1983.749708724591,448.15978126090016,889036.8355383872,444.5184177691936,0.0,RELATIVE_MOMENTUM_1X_monthly_252D,pre_tax
2022-06-01,SPY,SELL,1983.749708724591,391.8550043373775,777342.2507165461,388.67112535827306,-112527.77436496865,RELATIVE_MOMENTUM_1X_monthly_252D,pre_tax
2023-05-01,QQQ,BUY,2456.4831240722665,316.12889554696204,776565.2969427165,388.28264847135824,0.0,RELATIVE_MOMENTUM_1X_monthly_252D,pre_tax
2024-12-02,QQQ,SELL,2456.4831240722665,506.417129810714,1244005.1331211333,622.0025665605667,466429.5509633849,RELATIVE_MOMENTUM_1X_monthly_252D,pre_tax
2024-12-02,SPY,BUY,2103.407902675309,590.832500010613,1242761.7496797328,621.3808748398665,0.0,RELATIVE_MOMENTUM_1X_monthly_252D,pre_tax
2025-01-02,SPY,SELL,2103.407902675309,579.4695486945864,1218860.8280838877,609.4304140419439,-25131.732884726953,RELATIVE_MOMENTUM_1X_monthly_252D,pre_tax
2025-01-02,QQQ,BUY,2385.1988226226613,510.49940358547883,1217642.576381655,608.8212881908274,0.0,RELATIVE_MOMENTUM_1X_monthly_252D,pre_tax
2025-02-03,QQQ,SELL,2385.1988226226613,509.6755846757201,1215677.604488044,607.8388022440221,-3181.631984045729,RELATIVE_MOMENTUM_1X_monthly_252D,pre_tax
2025-02-03,SPY,BUY,2084.2187815375873,582.6943625959686,1214462.5344185908,607.2312672092954,0.0,RELATIVE_MOMENTUM_1X_monthly_252D,pre_tax
2025-05-01,SPY,SELL,2084.2187815375873,552.5954041380958,1151729.7198959726,575.8648599479864,-63915.91064977553,RELATIVE_MOMENTUM_1X_monthly_252D,pre_tax
2025-05-01,QQQ,BUY,2394.2791607120853,480.5532222946606,1150578.5657531482,575.2892828765741,0.0,RELATIVE_MOMENTUM_1X_monthly_252D,pre_tax
2006-06-21,SPY,BUY,1164.0594483182617,85.86333381160723,99950.02498750626,49.97501249375313,0.0,RELATIVE_MOMENTUM_1X_monthly_252D,after_tax
2007-07-02,SPY,SELL,1164.0594483182617,106.38853255891068,123842.57651791499,61.921288258957496,23780.65522965601,RELATIVE_MOMENTUM_1X_monthly_252D,after_tax
2007-07-02,QQQ,BUY,2905.035266112084,40.92555137681656,118890.17003473405,59.44508501736703,0.0,RELATIVE_MOMENTUM_1X_monthly_252D,after_tax
2008-03-03,QQQ,SELL,2905.035266112084,36.874231391076805,107120.94260185538,53.56047130092769,-11882.232989196957,RELATIVE_MOMENTUM_1X_monthly_252D,after_tax
2008-04-01,QQQ,BUY,2801.941762661696,38.19275497407215,107013.87519295799,53.506937596479,0.0,RELATIVE_MOMENTUM_1X_monthly_252D,after_tax
2008-07-01,QQQ,SELL,2801.941762661696,38.55497240482036,108028.78733933541,54.014393669667705,907.3908151112701,RELATIVE_MOMENTUM_1X_monthly_252D,after_tax
2009-10-01,QQQ,BUY,2961.5799686439054,36.44028311982827,107920.81253939605,53.96040626969803,0.0,RELATIVE_MOMENTUM_1X_monthly_252D,after_tax
2012-11-01,QQQ,SELL,2961.5799686439054,58.12589408130151,172144.4835706999,86.07224178534995,64083.63838324879,RELATIVE_MOMENTUM_1X_monthly_252D,after_tax
2012-11-01,SPY,BUY,1443.0704957086518,111.69846897699163,161188.76499652478,80.59438249826239,0.0,RELATIVE_MOMENTUM_1X_monthly_252D,after_tax
2012-12-03,SPY,SELL,1443.0704957086518,112.60536860285514,162497.48508917762,81.24874254458881,1146.8769676099764,RELATIVE_MOMENTUM_1X_monthly_252D,after_tax
2012-12-03,QQQ,BUY,2748.8580863951565,58.97074061202168,162102.19719206705,81.05109859603353,0.0,RELATIVE_MOMENTUM_1X_monthly_252D,after_tax
2013-02-01,QQQ,SELL,2748.8580863951565,60.220288434950135,165537.0268294614,82.76851341473069,3271.0100253835844,RELATIVE_MOMENTUM_1X_monthly_252D,after_tax
2013-02-01,SPY,BUY,1376.7144303595921,119.63802753698465,164707.39892992502,82.35369946496252,0.0,RELATIVE_MOMENTUM_1X_monthly_252D,after_tax
2013-11-01,SPY,SELL,1376.7144303595921,141.83818190141602,195270.67179964817,97.63533589982409,30383.283834358357,RELATIVE_MOMENTUM_1X_monthly_252D,after_tax
2013-11-01,QQQ,BUY,2521.474086387793,74.9189611993196,188906.2192431769,94.45310962158845,0.0,RELATIVE_MOMENTUM_1X_monthly_252D,after_tax
2016-03-01,QQQ,SELL,2521.474086387793,96.01965717355068,242111.07734694777,121.05553867347389,52989.34945547581,RELATIVE_MOMENTUM_1X_monthly_252D,after_tax
2016-04-01,QQQ,BUY,2287.906913363712,101.01358550741942,231109.68062608136,115.55484031304069,0.0,RELATIVE_MOMENTUM_1X_monthly_252D,after_tax
2016-05-02,QQQ,SELL,2287.906913363712,98.64040285951161,225680.0596392583,112.84002981962915,-5658.015856955695,RELATIVE_MOMENTUM_1X_monthly_252D,after_tax
2016-05-02,SPY,BUY,1285.7741621570776,175.34532812902663,225454.49236325707,112.72724618162854,0.0,RELATIVE_MOMENTUM_1X_monthly_252D,after_tax
2016-09-01,SPY,SELL,1285.7741621570776,185.1586345348241,238072.188185162,119.036094092581,12385.932481630705,RELATIVE_MOMENTUM_1X_monthly_252D,after_tax
2016-09-01,QQQ,BUY,2175.585233761383,108.6917387047422,236468.14175788773,118.23407087894387,0.0,RELATIVE_MOMENTUM_1X_monthly_252D,after_tax
2016-11-01,QQQ,SELL,2175.585233761383,109.6282415640513,238505.58354997588,119.25279177498794,1799.9549294342287,RELATIVE_MOMENTUM_1X_monthly_252D,after_tax
2016-11-01,SPY,BUY,1305.0530433007136,182.2927583487816,237901.71905475899,118.95085952737949,0.0,RELATIVE_MOMENTUM_1X_monthly_252D,after_tax
2017-02-01,SPY,SELL,1305.0530433007136,195.94021401779992,255712.37260892292,127.85618630446146,17563.84650833209,RELATIVE_MOMENTUM_1X_monthly_252D,after_tax
2017-02-01,QQQ,BUY,2140.063724115062,117.70232490190298,251890.47576656748,125.94523788328374,0.0,RELATIVE_MOMENTUM_1X_monthly_252D,after_tax
2019-01-02,QQQ,SELL,2140.063724115062,144.1642273096665,308520.63318049524,154.2603165902476,56349.95185945422,RELATIVE_MOMENTUM_1X_monthly_252D,after_tax
2019-02-01,QQQ,BUY,1857.5373912671564,159.76555642509075,296770.49489620875,148.38524744810437,0.0,RELATIVE_MOMENTUM_1X_monthly_252D,after_tax
2019-09-03,QQQ,SELL,1857.5373912671564,178.51892322817625,331605.5749450883,165.80278747254417,34520.89201395889,RELATIVE_MOMENTUM_1X_monthly_252D,after_tax
2019-09-03,SPY,BUY,1235.9875051145639,262.3527497186402,324264.7205846877,162.13236029234386,0.0,RELATIVE_MOMENTUM_1X_monthly_252D,after_tax
2019-11-01,SPY,SELL,1235.9875051145639,276.5806723698209,341850.2552052835,170.92512760264177,17252.47713270079,RELATIVE_MOMENTUM_1X_monthly_252D,after_tax
2019-11-01,QQQ,BUY,1777.7845913630015,190.127357525203,338005.4866048703,169.00274330243516,0.0,RELATIVE_MOMENTUM_1X_monthly_252D,after_tax
2021-09-01,QQQ,SELL,1777.7845913630015,369.79523177921465,657416.2650165976,328.7081325082988,318913.0675359165,RELATIVE_MOMENTUM_1X_monthly_252D,after_tax
2021-09-01,SPY,BUY,1399.6152530064837,422.97650283531857,592004.365031652,296.002182515826,0.0,RELATIVE_MOMENTUM_1X_monthly_252D,after_tax
2021-12-01,SPY,SELL,1399.6152530064837,432.8452422514508,605816.8032464171,302.90840162320853,13213.527630625991,RELATIVE_MOMENTUM_1X_monthly_252D,after_tax
2021-12-01,QQQ,BUY,1557.1017087572782,386.9550069636954,602528.3025553545,301.2641512776773,0.0,RELATIVE_MOMENTUM_1X_monthly_252D,after_tax
2022-01-03,QQQ,SELL,1557.1017087572782,388.19825960966415,604464.1733748096,302.2320866874048,1332.3745814899448,RELATIVE_MOMENTUM_1X_monthly_252D,after_tax
2022-01-03,SPY,BUY,1346.8175858091565,448.15978126090016,603589.4746545652,301.79473732728263,0.0,RELATIVE_MOMENTUM_1X_monthly_252D,after_tax
2022-06-01,SPY,SELL,1346.8175858091565,391.8550043373775,527757.2109289033,263.87860546445165,-76397.93706845364,RELATIVE_MOMENTUM_1X_monthly_252D,after_tax
2023-05-01,QQQ,BUY,1667.7681948450193,316.12889554696204,527229.7174647065,263.61485873235324,0.0,RELATIVE_MOMENTUM_1X_monthly_252D,after_tax
2024-12-02,QQQ,SELL,1667.7681948450193,506.417129810714,844586.3824230103,422.2931912115052,316670.75690835994,RELATIVE_MOMENTUM_1X_monthly_252D,after_tax
2024-12-02,SPY,BUY,1345.4831754734187,590.832500010613,794955.1882871782,397.4775941435891,0.0,RELATIVE_MOMENTUM_1X_monthly_252D,after_tax
2025-01-02,SPY,SELL,1345.4831754734187,579.4695486945864,779666.5284677409,389.83326423387047,-16075.970677814796,RELATIVE_MOMENTUM_1X_monthly_252D,after_tax
2025-01-02,QQQ,BUY,1525.7358698310409,510.49940358547883,778887.2515777182,389.4436257888591,0.0,RELATIVE_MOMENTUM_1X_monthly_252D,after_tax
2025-02-03,QQQ,SELL,1525.7358698310409,509.6755846757201,777630.3215168541,388.81516075842706,-2035.188847411424,RELATIVE_MOMENTUM_1X_monthly_252D,after_tax
2025-02-03,SPY,BUY,1333.208504635638,582.6943625959686,776853.0798161876,388.42653990809384,0.0,RELATIVE_MOMENTUM_1X_monthly_252D,after_tax
2025-05-01,SPY,SELL,1333.208504635638,552.5954041380958,736724.8924194768,368.3624462097384,-40884.97638282867,RELATIVE_MOMENTUM_1X_monthly_252D,after_tax
2025-05-01,QQQ,BUY,1531.544273475142,480.5532222946606,735988.5357054144,367.9942678527072,0.0,RELATIVE_MOMENTUM_1X_monthly_252D,after_tax
2006-06-21,SPY,BUY,1164.0594483182617,85.86333381160723,99950.02498750626,49.97501249375313,0.0,RELATIVE_MOMENTUM_1X_bimonthly_126D,pre_tax
2007-03-01,SPY,SELL,1164.0594483182617,97.44976279273479,113437.31711525633,56.71865855762817,13380.598456698688,RELATIVE_MOMENTUM_1X_bimonthly_126D,pre_tax
2007-03-01,QQQ,BUY,3109.208798255115,36.44783732506217,113323.93648845448,56.66196824422724,0.0,RELATIVE_MOMENTUM_1X_bimonthly_126D,pre_tax
2008-03-03,QQQ,SELL,3109.208798255115,36.874231391076805,114649.68467003095,57.324842335015475,1211.761370997221,RELATIVE_MOMENTUM_1X_bimonthly_126D,pre_tax
2008-09-02,QQQ,BUY,2840.1306674618413,40.32740239515547,114535.09228155516,57.26754614077758,0.0,RELATIVE_MOMENTUM_1X_bimonthly_126D,pre_tax
2008-11-03,QQQ,SELL,2840.1306674618413,28.249081975168036,80231.08404531826,40.115542022659135,-34401.391324400334,RELATIVE_MOMENTUM_1X_bimonthly_126D,pre_tax
2009-05-01,QQQ,BUY,2708.0002490366955,29.59781598442575,80150.89305676722,40.07544652838361,0.0,RELATIVE_MOMENTUM_1X_bimonthly_126D,pre_tax
2010-07-01,QQQ,SELL,2708.0002490366955,37.32603000581639,101078.89855130196,50.53944927565098,20837.390598730708,RELATIVE_MOMENTUM_1X_bimonthly_126D,pre_tax
2010-11-01,QQQ,BUY,2207.829256300527,45.736267819977584,100977.87016694284,50.488935083471425,0.0,RELATIVE_MOMENTUM_1X_bimonthly_126D,pre_tax
2011-05-02,QQQ,SELL,2207.829256300527,51.850415923344535,114476.86522691077,57.23843261345539,13391.267692271009,RELATIVE_MOMENTUM_1X_bimonthly_126D,pre_tax
2011-05-02,SPY,BUY,1091.6928665446508,104.7569779708129,114362.44557151158,57.18122278575579,0.0,RELATIVE_MOMENTUM_1X_bimonthly_126D,pre_tax
2011-09-01,SPY,SELL,1091.6928665446508,93.92455858689306,102536.77060266628,51.26838530133314,-11934.124576932387,RELATIVE_MOMENTUM_1X_bimonthly_126D,pre_tax
2012-03-01,QQQ,BUY,1793.8648607876898,57.10256514520744,102434.28507482754,51.21714253741377,0.0,RELATIVE_MOMENTUM_1X_bimonthly_126D,pre_tax
2012-11-01,QQQ,SELL,1793.8648607876898,58.12589408130151,104269.99889431393,52.134999447156964,1732.3616775018309,RELATIVE_MOMENTUM_1X_bimonthly_126D,pre_tax
2012-11-01,SPY,BUY,932.5622988245375,111.69846897699163,104165.7810043646,52.0828905021823,0.0,RELATIVE_MOMENTUM_1X_bimonthly_126D,pre_tax
2013-09-03,SPY,SELL,932.5622988245375,132.49764248684622,123562.30606636501,61.781153033182505,19282.66101846505,RELATIVE_MOMENTUM_1X_bimonthly_126D,pre_tax
2013-09-03,QQQ,BUY,1804.1748216047424,68.41842821017899,123438.80551057655,61.71940275528828,0.0,RELATIVE_MOMENTUM_1X_bimonthly_126D,pre_tax
2014-05-01,QQQ,SELL,1804.1748216047424,79.70267149447511,143797.553124966,71.89877656248301,20225.129435071693,RELATIVE_MOMENTUM_1X_bimonthly_126D,pre_tax
2014-05-01,SPY,BUY,937.8995279652344,153.1654757800572,143653.8274346862,71.82691371734309,0.0,RELATIVE_MOMENTUM_1X_bimonthly_126D,pre_tax
2014-07-01,SPY,SELL,937.8995279652344,160.42432465971527,150461.89837248845,75.23094918624423,6661.013074898656,RELATIVE_MOMENTUM_1X_bimonthly_126D,pre_tax
2014-07-01,QQQ,BUY,1746.9296709565745,86.04325300924204,150311.51166746847,75.15575583373423,0.0,RELATIVE_MOMENTUM_1X_bimonthly_126D,pre_tax
2015-09-01,QQQ,SELL,1746.9296709565745,93.86154699198785,163969.52140218837,81.98476070109419,13500.869218185078,RELATIVE_MOMENTUM_1X_bimonthly_126D,pre_tax
2015-11-02,QQQ,BUY,1558.3203911760522,105.11678776208028,163805.633824575,81.9028169122875,0.0,RELATIVE_MOMENTUM_1X_bimonthly_126D,pre_tax
2016-03-01,QQQ,SELL,1558.3203911760522,96.01965717355068,149629.38972727794,74.81469486363898,-14332.961609072954,RELATIVE_MOMENTUM_1X_bimonthly_126D,pre_tax
2016-07-01,SPY,BUY,837.713850575892,178.43782218963668,149479.8351148569,74.73991755742844,0.0,RELATIVE_MOMENTUM_1X_bimonthly_126D,pre_tax
2016-09-01,SPY,SELL,837.713850575892,185.1586345348241,155109.95270354184,77.55497635177092,5477.822694775765,RELATIVE_MOMENTUM_1X_bimonthly_126D,pre_tax
2016-09-01,QQQ,BUY,1425.6365949576616,108.6917387047422,154954.92026705656,77.47746013352828,0.0,RELATIVE_MOMENTUM_1X_bimonthly_126D,pre_tax
2019-01-02,QQQ,SELL,1425.6365949576616,144.1642273096665,205525.79813645527,102.76289906822764,50390.637510196975,RELATIVE_MOMENTUM_1X_bimonthly_126D,pre_tax
2019-05-01,QQQ,BUY,1125.1236092465715,182.48694931159875,205320.37504986214,102.66018752493108,0.0,RELATIVE_MOMENTUM_1X_bimonthly_126D,pre_tax
2019-11-01,QQQ,SELL,1125.1236092465715,190.127357525203,213916.7787152697,106.95838935763486,8386.785088525008,RELATIVE_MOMENTUM_1X_bimonthly_126D,pre_tax
2019-11-01,SPY,BUY,772.6605297847614,276.5806723698209,213702.96884149133,106.85148442074566,0.0,RELATIVE_MOMENTUM_1X_bimonthly_126D,pre_tax
2020-01-02,SPY,SELL,772.6605297847614,294.9129966046256,227867.63219694156,113.93381609847079,13943.878054931032,RELATIVE_MOMENTUM_1X_bimonthly_126D,pre_tax
2020-01-02,QQQ,BUY,1102.9351403870924,206.3946193261451,227639.8784416223,113.81993922081115,0.0,RELATIVE_MOMENTUM_1X_bimonthly_126D,pre_tax
2021-03-01,QQQ,SELL,1102.9351403870924,309.0986863548367,340915.8030282376,170.45790151411882,112991.64674588034,RELATIVE_MOMENTUM_1X_bimonthly_126D,pre_tax
2021-03-01,SPY,BUY,951.2302604176919,358.03639956573255,340575.05759792455,170.28752879896228,0.0,RELATIVE_MOMENTUM_1X_bimonthly_126D,pre_tax
2021-09-01,SPY,SELL,951.2302604176919,422.97650283531857,402348.0489426047,201.17402447130235,61401.52979140985,RELATIVE_MOMENTUM_1X_bimonthly_126D,pre_tax
2021-09-01,QQQ,BUY,1086.9418192150479,369.79523177921465,401945.9019671498,200.97295098357492,0.0,RELATIVE_MOMENTUM_1X_bimonthly_126D,pre_tax
2022-03-01,QQQ,SELL,1086.9418192150479,336.34780851003364,365590.49887089053,182.79524943544527,-36739.17129667831,RELATIVE_MOMENTUM_1X_bimonthly_126D,pre_tax
2023-01-03,SPY,BUY,993.7329406493856,367.52841345608357,365225.0910759171,182.61254553795857,0.0,RELATIVE_MOMENTUM_1X_bimonthly_126D,pre_tax
2023-03-01,SPY,SELL,993.7329406493856,378.0847173960627,375715.2380325813,187.85761901629064,10119.676792109909,RELATIVE_MOMENTUM_1X_bimonthly_126D,pre_tax
2023-05-01,QQQ,BUY,1187.2995978709191,316.12889554696204,375339.7105582858,187.66985527914292,0.0,RELATIVE_MOMENTUM_1X_bimonthly_126D,pre_tax
2024-09-03,QQQ,SELL,1187.2995978709191,468.2888929130331,555999.2142430622,277.9996071215311,180193.83422237565,RELATIVE_MOMENTUM_1X_bimonthly_126D,pre_tax
2024-09-03,SPY,BUY,1014.4928205482403,547.508549729637,555443.4928894959,277.72174644474796,0.0,RELATIVE_MOMENTUM_1X_bimonthly_126D,pre_tax
2024-11-01,SPY,SELL,1014.4928205482403,559.8195584319851,567932.922831735,283.9664614158675,11927.741734378505,RELATIVE_MOMENTUM_1X_bimonthly_126D,pre_tax
2024-11-01,QQQ,BUY,1179.2191218812757,481.1364259666195,567365.2737334524,283.6826368667262,0.0,RELATIVE_MOMENTUM_1X_bimonthly_126D,pre_tax
2025-01-02,QQQ,SELL,1179.2191218812757,510.49940358547883,601990.6584169833,300.9953292084917,34040.70671745576,RELATIVE_MOMENTUM_1X_bimonthly_126D,pre_tax
2025-01-02,SPY,BUY,1037.8266985008381,579.4695486945864,601388.9686034732,300.69448430173657,0.0,RELATIVE_MOMENTUM_1X_bimonthly_126D,pre_tax
2025-03-03,SPY,SELL,1037.8266985008381,586.1452445030724,608317.1839445902,304.1585919722951,6323.362264842959,RELATIVE_MOMENTUM_1X_bimonthly_126D,pre_tax
2025-03-03,QQQ,BUY,1196.8906381554852,507.73993161461107,607709.1707672343,303.8545853836172,0.0,RELATIVE_MOMENTUM_1X_bimonthly_126D,pre_tax
2025-05-01,QQQ,SELL,1196.8906381554852,480.5532222946606,575169.6528999311,287.58482644996553,-33130.95727913687,RELATIVE_MOMENTUM_1X_bimonthly_126D,pre_tax
2025-07-01,QQQ,BUY,1050.2650337240011,547.0950210069877,574594.770688137,287.2973853440685,0.0,RELATIVE_MOMENTUM_1X_bimonthly_126D,pre_tax
2026-03-02,QQQ,SELL,1050.2650337240011,597.449233707877,627480.0395885821,313.7400197942911,52284.23149530671,RELATIVE_MOMENTUM_1X_bimonthly_126D,pre_tax
2026-03-02,SPY,BUY,928.5165096004939,675.1122534180175,626852.8731322217,313.4264365661109,0.0,RELATIVE_MOMENTUM_1X_bimonthly_126D,pre_tax
2026-05-01,SPY,SELL,928.5165096004939,719.3966516418469,667971.6680007702,333.98583400038507,40471.382597981836,RELATIVE_MOMENTUM_1X_bimonthly_126D,pre_tax
2026-05-01,QQQ,BUY,998.3223713890201,668.425399726581,667304.030151694,333.652015075847,0.0,RELATIVE_MOMENTUM_1X_bimonthly_126D,pre_tax
2006-06-21,SPY,BUY,1164.0594483182617,85.86333381160723,99950.02498750626,49.97501249375313,0.0,RELATIVE_MOMENTUM_1X_bimonthly_126D,after_tax
2007-03-01,SPY,SELL,1164.0594483182617,97.44976279273479,113437.31711525633,56.71865855762817,13380.598456698688,RELATIVE_MOMENTUM_1X_bimonthly_126D,after_tax
2007-03-01,QQQ,BUY,3034.666374868326,36.44783732506217,110607.02636703686,55.30351318351843,0.0,RELATIVE_MOMENTUM_1X_bimonthly_126D,after_tax
2008-03-03,QQQ,SELL,3034.666374868326,36.874231391076805,111900.99010161487,55.95049505080743,1182.7097263436735,RELATIVE_MOMENTUM_1X_bimonthly_126D,after_tax
2008-09-02,QQQ,BUY,2766.084374436284,40.32740239515547,111548.99762684392,55.774498813421964,0.0,RELATIVE_MOMENTUM_1X_bimonthly_126D,after_tax
2008-11-03,QQQ,SELL,2766.084374436284,28.249081975168036,78139.34424368199,39.069672121840995,-33504.49755409721,RELATIVE_MOMENTUM_1X_bimonthly_126D,after_tax
2009-05-01,QQQ,BUY,2637.398786135466,29.59781598442575,78061.24394958536,39.03062197479268,0.0,RELATIVE_MOMENTUM_1X_bimonthly_126D,after_tax
2010-07-01,QQQ,SELL,2637.398786135466,37.32603000581639,98443.62622859613,49.221813114298065,20294.129843921677,RELATIVE_MOMENTUM_1X_bimonthly_126D,after_tax
2010-11-01,QQQ,BUY,2150.267970851458,45.736267819977584,98345.23179958203,49.17261589979102,0.0,RELATIVE_MOMENTUM_1X_bimonthly_126D,after_tax
2011-05-02,QQQ,SELL,2150.267970851458,51.850415923344535,111492.28863529417,55.74614431764709,13042.138075494702,RELATIVE_MOMENTUM_1X_bimonthly_126D,after_tax
2011-05-02,SPY,BUY,1063.2308627304683,104.7569779708129,111380.85206494406,55.69042603247203,0.0,RELATIVE_MOMENTUM_1X_bimonthly_126D,after_tax
2011-09-01,SPY,SELL,1063.2308627304683,93.92455858689306,99863.48945792072,49.93174472896036,-11622.98477778476,RELATIVE_MOMENTUM_1X_bimonthly_126D,after_tax
2012-03-01,QQQ,BUY,1747.096222762721,57.10256514520744,99763.67587525414,49.88183793762707,0.0,RELATIVE_MOMENTUM_1X_bimonthly_126D,after_tax
2012-11-01,QQQ,SELL,1747.096222762721,58.12589408130151,101551.52999414787,50.775764997073935,1687.1965159590327,RELATIVE_MOMENTUM_1X_bimonthly_126D,after_tax
2012-11-01,SPY,BUY,908.2490578759935,111.69846897699163,101450.02921454354,50.72501460727177,0.0,RELATIVE_MOMENTUM_1X_bimonthly_126D,after_tax
2013-09-03,SPY,SELL,908.2490578759935,132.49764248684622,120340.85895946829,60.170429479734146,18779.934300837733,RELATIVE_MOMENTUM_1X_bimonthly_126D,after_tax
2013-09-03,QQQ,BUY,1731.389477045971,68.41842821017899,118458.9466391291,59.229473319564555,0.0,RELATIVE_MOMENTUM_1X_bimonthly_126D,after_tax
2014-05-01,QQQ,SELL,1731.389477045971,79.70267149447511,137996.3667179861,68.99818335899305,19409.19242217843,RELATIVE_MOMENTUM_1X_bimonthly_126D,after_tax
2014-05-01,SPY,BUY,874.3317101706106,153.1654757800572,133917.43237787264,66.95871618893632,0.0,RELATIVE_MOMENTUM_1X_bimonthly_126D,after_tax
2014-07-01,SPY,SELL,874.3317101706106,160.42432465971527,140264.0741326941,70.13203706634705,6209.551001566171,RELATIVE_MOMENTUM_1X_bimonthly_126D,after_tax
2014-07-01,QQQ,BUY,1613.87482961156,86.04325300924204,138863.04028951484,69.43152014475743,0.0,RELATIVE_MOMENTUM_1X_bimonthly_126D,after_tax
2015-09-01,QQQ,SELL,1613.87482961156,93.86154699198785,151480.78815877181,75.74039407938591,12472.575955032837,RELATIVE_MOMENTUM_1X_bimonthly_126D,after_tax
2015-11-02,QQQ,BUY,1415.5383617072061,105.11678776208028,148796.8455366592,74.39842276832961,0.0,RELATIVE_MOMENTUM_1X_bimonthly_126D,after_tax
2016-03-01,QQQ,SELL,1415.5383617072061,96.01965717355068,135919.5082071355,67.95975410356776,-13019.695506395597,RELATIVE_MOMENTUM_1X_bimonthly_126D,after_tax
2016-07-01,SPY,BUY,760.9578224980469,178.43782218963668,135783.6566247196,67.89182831235979,0.0,RELATIVE_MOMENTUM_1X_bimonthly_126D,after_tax
2016-09-01,SPY,SELL,760.9578224980469,185.1586345348241,140897.9113523314,70.4489556761657,4975.91394362328,RELATIVE_MOMENTUM_1X_bimonthly_126D,after_tax
2016-09-01,QQQ,BUY,1295.0117969599346,108.6917387047422,140757.08385472788,70.37854192736394,0.0,RELATIVE_MOMENTUM_1X_bimonthly_126D,after_tax
2019-01-02,QQQ,SELL,1295.0117969599346,144.1642273096665,186694.3750656317,93.34718753281585,45773.56548144363,RELATIVE_MOMENTUM_1X_bimonthly_126D,after_tax
2019-05-01,QQQ,BUY,980.0525437586218,182.48694931159875,178846.79887558304,89.42339943779153,0.0,RELATIVE_MOMENTUM_1X_bimonthly_126D,after_tax
2019-11-01,QQQ,SELL,980.0525437586218,190.127357525203,186334.80038068016,93.16740019034008,7305.410705468967,RELATIVE_MOMENTUM_1X_bimonthly_126D,after_tax
2019-11-01,SPY,BUY,667.672128389573,276.5806723698209,184665.2061925775,92.33260309628875,0.0,RELATIVE_MOMENTUM_1X_bimonthly_126D,after_tax
2020-01-02,SPY,SELL,667.672128389573,294.9129966046256,196905.1881327573,98.45259406637865,12049.19674301712,RELATIVE_MOMENTUM_1X_bimonthly_126D,after_tax
2020-01-02,QQQ,BUY,941.215478142948,206.3946193261451,194261.8103151894,97.1309051575947,0.0,RELATIVE_MOMENTUM_1X_bimonthly_126D,after_tax
2021-03-01,QQQ,SELL,941.215478142948,309.0986863548367,290928.4678708247,145.46423393541235,96424.06241654229,RELATIVE_MOMENTUM_1X_bimonthly_126D,after_tax
2021-03-01,SPY,BUY,757.0708626910363,358.03639956573255,271058.9258940217,135.52946294701084,0.0,RELATIVE_MOMENTUM_1X_bimonthly_126D,after_tax
2021-09-01,SPY,SELL,757.0708626910363,422.97650283531857,320223.18589957216,160.1115929497861,48868.6189496537,RELATIVE_MOMENTUM_1X_bimonthly_126D,after_tax
2021-09-01,QQQ,BUY,838.2488402121849,369.79523177921465,309980.4241549228,154.9902120774614,0.0,RELATIVE_MOMENTUM_1X_bimonthly_126D,after_tax
2022-03-01,QQQ,SELL,838.2488402121849,336.34780851003364,281943.16039144574,140.97158019572288,-28333.225555750192,RELATIVE_MOMENTUM_1X_bimonthly_126D,after_tax
2023-01-03,SPY,BUY,766.3662122978691,367.52841345608357,281661.35813218396,140.830679066092,0.0,RELATIVE_MOMENTUM_1X_bimonthly_126D,after_tax
2023-03-01,SPY,SELL,766.3662122978691,378.0847173960627,289751.3527985308,144.8756763992654,7804.288310881471,RELATIVE_MOMENTUM_1X_bimonthly_126D,after_tax
2023-05-01,QQQ,BUY,915.6446953328456,316.12889554696204,289461.746249007,144.73087312450352,0.0,RELATIVE_MOMENTUM_1X_bimonthly_126D,after_tax
2024-09-03,QQQ,SELL,915.6446953328456,468.2888929130331,428786.24067910976,214.39312033955488,138965.3704366387,RELATIVE_MOMENTUM_1X_bimonthly_126D,after_tax
2024-09-03,SPY,BUY,738.4530007609333,547.508549729637,404309.3314901171,202.15466574505857,0.0,RELATIVE_MOMENTUM_1X_bimonthly_126D,after_tax
2024-11-01,SPY,SELL,738.4530007609333,559.8195584319851,413400.43280876003,206.70021640438003,8682.246436493471,RELATIVE_MOMENTUM_1X_bimonthly_126D,after_tax
2024-11-01,QQQ,BUY,854.6938038241116,481.1364259666195,411224.3220677481,205.61216103387406,0.0,RELATIVE_MOMENTUM_1X_bimonthly_126D,after_tax
2025-01-02,QQQ,SELL,854.6938038241116,510.49940358547883,436320.6771004132,218.1603385502066,24672.582533081004,RELATIVE_MOMENTUM_1X_bimonthly_126D,after_tax
2025-01-02,SPY,BUY,743.5677080337214,579.4695486945864,430874.8441981685,215.43742209908424,0.0,RELATIVE_MOMENTUM_1X_bimonthly_126D,after_tax
2025-03-03,SPY,SELL,743.5677080337214,586.1452445030724,435838.67603001476,217.91933801500738,4530.475071732188,RELATIVE_MOMENTUM_1X_bimonthly_126D,after_tax
2025-03-03,QQQ,BUY,855.7198716377678,507.73993161461107,434483.149106624,217.241574553312,0.0,RELATIVE_MOMENTUM_1X_bimonthly_126D,after_tax
2025-05-01,QQQ,SELL,855.7198716377678,480.5532222946606,411218.9416971027,205.60947084855135,-23687.058454923215,RELATIVE_MOMENTUM_1X_bimonthly_126D,after_tax
2025-07-01,QQQ,BUY,750.8895392723307,547.0950210069877,410807.9282621231,205.40396413106154,0.0,RELATIVE_MOMENTUM_1X_bimonthly_126D,after_tax
2026-03-02,QQQ,SELL,750.8895392723307,597.449233707877,448618.37983751483,224.30918991875743,37380.73842134193,RELATIVE_MOMENTUM_1X_bimonthly_126D,after_tax
2026-03-02,SPY,BUY,659.7265899930806,675.1122534180175,445389.50481001317,222.6947524050066,0.0,RELATIVE_MOMENTUM_1X_bimonthly_126D,after_tax
2026-05-01,SPY,SELL,659.7265899930806,719.3966516418469,474605.09984011576,237.30254992005788,28755.597727777553,RELATIVE_MOMENTUM_1X_bimonthly_126D,after_tax
2026-05-01,QQQ,BUY,700.5897020483277,668.425399726581,468291.9516359797,234.14597581798986,0.0,RELATIVE_MOMENTUM_1X_bimonthly_126D,after_tax
2006-06-21,SPY,BUY,1164.0594483182617,85.86333381160723,99950.02498750626,49.97501249375313,0.0,RELATIVE_MOMENTUM_1X_bimonthly_189D,pre_tax
2007-05-01,SPY,SELL,1164.0594483182617,104.2117328720966,121308.65227538283,60.65432613769142,21247.997949245124,RELATIVE_MOMENTUM_1X_bimonthly_189D,pre_tax
2007-05-01,QQQ,BUY,3075.6534114297915,39.402165340464904,121187.40424712158,60.59370212356079,0.0,RELATIVE_MOMENTUM_1X_bimonthly_189D,pre_tax
2008-03-03,QQQ,SELL,3075.6534114297915,36.874231391076805,113412.35557181688,56.70617778590844,-7892.348555214165,RELATIVE_MOMENTUM_1X_bimonthly_189D,pre_tax
2009-09-01,QQQ,BUY,3284.5995564139316,34.49400694000635,113298.99989408394,56.649499947041974,0.0,RELATIVE_MOMENTUM_1X_bimonthly_189D,pre_tax
2011-07-01,QQQ,SELL,3284.5995564139316,50.13113354693546,164660.69901079178,82.33034950539589,51222.71926725541,RELATIVE_MOMENTUM_1X_bimonthly_189D,pre_tax
2011-07-01,SPY,BUY,1621.4268799039212,101.45145774981432,164496.12060098592,82.24806030049297,0.0,RELATIVE_MOMENTUM_1X_bimonthly_189D,pre_tax
2011-09-01,SPY,SELL,1621.4268799039212,93.92455858689306,152291.80397589906,76.14590198794953,-12362.710587375273,RELATIVE_MOMENTUM_1X_bimonthly_189D,pre_tax
2011-09-01,QQQ,BUY,3138.1914633476363,48.480021074774626,152139.58827977124,76.06979413988562,0.0,RELATIVE_MOMENTUM_1X_bimonthly_189D,pre_tax
2012-01-03,QQQ,SELL,3138.1914633476363,50.26616675225979,157744.85539715047,78.87242769857524,5450.324895540776,RELATIVE_MOMENTUM_1X_bimonthly_189D,pre_tax
2012-03-01,QQQ,BUY,2759.721721327797,57.10256514520744,157587.18937476454,78.79359468738227,0.0,RELATIVE_MOMENTUM_1X_bimonthly_189D,pre_tax
2012-11-01,QQQ,SELL,2759.721721327797,58.12589408130151,160411.2924677666,80.2056462338833,2665.1038520807633,RELATIVE_MOMENTUM_1X_bimonthly_189D,pre_tax
2012-11-01,SPY,BUY,1434.674645127605,111.69846897699163,160250.96134086227,80.12548067043113,0.0,RELATIVE_MOMENTUM_1X_bimonthly_189D,pre_tax
2013-11-01,SPY,SELL,1434.674645127605,141.83818190141602,203491.6432849587,101.74582164247936,43058.81064178352,RELATIVE_MOMENTUM_1X_bimonthly_189D,pre_tax
2013-11-01,QQQ,BUY,2713.4419655900692,74.9189611993196,203288.2533366479,101.64412666832395,0.0,RELATIVE_MOMENTUM_1X_bimonthly_189D,pre_tax
2015-09-01,QQQ,SELL,2713.4419655900692,93.86154699198785,254687.86056326417,127.34393028163208,51170.619169666345,RELATIVE_MOMENTUM_1X_bimonthly_189D,pre_tax
2015-11-02,QQQ,BUY,2420.482069513687,105.11678776208028,254433.29998299104,127.21664999149553,0.0,RELATIVE_MOMENTUM_1X_bimonthly_189D,pre_tax
2016-03-01,QQQ,SELL,2420.482069513687,96.01965717355068,232413.8585094307,116.20692925471535,-22262.865052806563,RELATIVE_MOMENTUM_1X_bimonthly_189D,pre_tax
2016-07-01,SPY,BUY,1301.1902855047326,178.43782218963668,232181.56079977608,116.09078039988805,0.0,RELATIVE_MOMENTUM_1X_bimonthly_189D,pre_tax
2016-11-01,SPY,SELL,1301.1902855047326,182.2927583487816,237197.56628129637,118.5987831406482,4781.315917979751,RELATIVE_MOMENTUM_1X_bimonthly_189D,pre_tax
2016-11-01,QQQ,BUY,2161.4912715359224,109.6282415640513,236960.48725452847,118.48024362726424,0.0,RELATIVE_MOMENTUM_1X_bimonthly_189D,pre_tax
2017-01-03,QQQ,SELL,2161.4912715359224,111.90398145131604,241879.4791571374,120.9397395785687,4679.571919403068,RELATIVE_MOMENTUM_1X_bimonthly_189D,pre_tax
2017-01-03,SPY,BUY,1246.8670628918499,193.7958967308444,241637.72055728018,120.81886027864009,0.0,RELATIVE_MOMENTUM_1X_bimonthly_189D,pre_tax
2017-03-01,SPY,SELL,1246.8670628918499,205.29241099116604,255972.3455265417,127.98617276327086,14085.819936219603,RELATIVE_MOMENTUM_1X_bimonthly_189D,pre_tax
2017-03-01,QQQ,BUY,2082.910261013953,122.76885177892636,255716.50110322682,127.85825055161341,0.0,RELATIVE_MOMENTUM_1X_bimonthly_189D,pre_tax
2019-01-02,QQQ,SELL,2082.910261013953,144.1642273096665,300281.1483344523,150.14057416722616,44286.6484065066,RELATIVE_MOMENTUM_1X_bimonthly_189D,pre_tax
2019-03-01,SPY,BUY,1195.7346989840282,250.87589873116676,299981.01725165924,149.99050862582962,0.0,RELATIVE_MOMENTUM_1X_bimonthly_189D,pre_tax
2019-05-01,SPY,SELL,1195.7346989840282,264.81174782424677,316644.5955720601,158.32229778603005,16355.265513989027,RELATIVE_MOMENTUM_1X_bimonthly_189D,pre_tax
2019-05-01,QQQ,BUY,1733.4286666140165,182.48694931159875,316328.10921966424,158.16405460983214,0.0,RELATIVE_MOMENTUM_1X_bimonthly_189D,pre_tax
2019-07-01,QQQ,SELL,1733.4286666140165,182.44945000778995,316263.106851464,158.13155342573202,-381.2979762358009,RELATIVE_MOMENTUM_1X_bimonthly_189D,pre_tax
2019-07-01,SPY,BUY,1179.4809888026175,267.8695161656501,315947.0017971397,157.97350089856985,0.0,RELATIVE_MOMENTUM_1X_bimonthly_189D,pre_tax
2019-09-03,SPY,SELL,1179.4809888026175,262.3527497186402,309440.0806532274,154.7200403266137,-6819.614685137465,RELATIVE_MOMENTUM_1X_bimonthly_189D,pre_tax
2019-09-03,QQQ,BUY,1731.6416076528408,178.51892322817625,309130.7952152932,154.5653976076466,0.0,RELATIVE_MOMENTUM_1X_bimonthly_189D,pre_tax
2021-05-03,QQQ,SELL,1731.6416076528408,328.83768586553776,569429.0190090396,284.7145095045198,259858.9438866343,RELATIVE_MOMENTUM_1X_bimonthly_189D,pre_tax
2021-05-03,SPY,BUY,1455.8756218469582,390.7338415630485,568859.8745622541,284.429937281127,0.0,RELATIVE_MOMENTUM_1X_bimonthly_189D,pre_tax
2021-09-01,SPY,SELL,1455.8756218469582,422.97650283531857,615801.1790920211,307.90058954601056,46348.97400293988,RELATIVE_MOMENTUM_1X_bimonthly_189D,pre_tax
2021-09-01,QQQ,BUY,1663.584689017679,369.79523177921465,615185.6856596454,307.5928428298227,0.0,RELATIVE_MOMENTUM_1X_bimonthly_189D,pre_tax
2021-11-01,QQQ,SELL,1663.584689017679,375.5682866192368,624789.6513003656,312.3948256501828,8983.977972240187,RELATIVE_MOMENTUM_1X_bimonthly_189D,pre_tax
2021-11-01,SPY,BUY,1446.203482528186,431.5887642564896,624165.1738877716,312.08258694388576,0.0,RELATIVE_MOMENTUM_1X_bimonthly_189D,pre_tax
2022-01-03,SPY,SELL,1446.203482528186,448.15978126090016,648130.2363885839,324.065118194292,23328.91479567415,RELATIVE_MOMENTUM_1X_bimonthly_189D,pre_tax
2022-01-03,QQQ,BUY,1667.9168801694518,388.19825960966415,647482.4300553619,323.741215027681,0.0,RELATIVE_MOMENTUM_1X_bimonthly_189D,pre_tax
2022-03-01,QQQ,SELL,1667.9168801694518,336.34780851003364,561000.1874218875,280.50009371094376,-87086.483942213,RELATIVE_MOMENTUM_1X_bimonthly_189D,pre_tax
2022-03-01,SPY,BUY,1369.1380791660376,409.3374336179091,560439.4675943794,280.21973379718975,0.0,RELATIVE_MOMENTUM_1X_bimonthly_189D,pre_tax
2022-05-02,SPY,SELL,1369.1380791660376,388.929072135393,532497.6027552813,266.24880137764063,-28488.333374273032,RELATIVE_MOMENTUM_1X_bimonthly_189D,pre_tax
2023-05-01,QQQ,BUY,1682.7483307018492,316.12889554696204,531965.3712682696,265.9826856341348,0.0,RELATIVE_MOMENTUM_1X_bimonthly_189D,pre_tax
2024-09-03,QQQ,SELL,1682.7483307018492,468.2888929130331,788012.3528356235,394.0061764178118,255386.99270530196,RELATIVE_MOMENTUM_1X_bimonthly_189D,pre_tax
2024-09-03,SPY,BUY,1437.8309428789669,547.508549729637,787224.7342920598,393.6123671460299,0.0,RELATIVE_MOMENTUM_1X_bimonthly_189D,pre_tax
2025-01-02,SPY,SELL,1437.8309428789669,579.4695486945864,833179.2475691865,416.58962378459324,45144.31128619588,RELATIVE_MOMENTUM_1X_bimonthly_189D,pre_tax
2025-01-02,QQQ,BUY,1630.4553518712994,510.49940358547883,832346.4847030503,416.1732423515252,0.0,RELATIVE_MOMENTUM_1X_bimonthly_189D,pre_tax
2025-03-03,QQQ,SELL,1630.4553518712994,507.73993161461107,827847.2888598102,413.9236444299051,-5329.292730021523,RELATIVE_MOMENTUM_1X_bimonthly_189D,pre_tax
2025-03-03,SPY,BUY,1410.9469675709388,586.1452445030724,827019.8552877365,413.50992764386825,0.0,RELATIVE_MOMENTUM_1X_bimonthly_189D,pre_tax
2025-05-01,SPY,SELL,1410.9469675709388,552.5954041380958,779682.8097622836,389.8414048811418,-48140.396857977845,RELATIVE_MOMENTUM_1X_bimonthly_189D,pre_tax
2025-05-01,QQQ,BUY,1620.8475574876138,480.5532222946606,778903.516599103,389.4517582995515,0.0,RELATIVE_MOMENTUM_1X_bimonthly_189D,pre_tax
2026-03-02,QQQ,SELL,1620.8475574876138,597.449233707877,968374.131178259,484.18706558912953,188596.9757552673,RELATIVE_MOMENTUM_1X_bimonthly_189D,pre_tax
2026-03-02,SPY,BUY,1432.956128546482,675.1122534180175,967406.2409921739,483.70312049608697,0.0,RELATIVE_MOMENTUM_1X_bimonthly_189D,pre_tax
2026-05-01,SPY,SELL,1432.956128546482,719.3966516418469,1030863.8408260031,515.4319204130015,62458.464792920044,RELATIVE_MOMENTUM_1X_bimonthly_189D,pre_tax
2026-05-01,QQQ,BUY,1540.6857557788246,668.425399726581,1029833.4921595104,514.9167460797552,0.0,RELATIVE_MOMENTUM_1X_bimonthly_189D,pre_tax
2006-06-21,SPY,BUY,1164.0594483182617,85.86333381160723,99950.02498750626,49.97501249375313,0.0,RELATIVE_MOMENTUM_1X_bimonthly_189D,after_tax
2007-05-01,SPY,SELL,1164.0594483182617,104.2117328720966,121308.65227538283,60.65432613769142,21247.997949245124,RELATIVE_MOMENTUM_1X_bimonthly_189D,after_tax
2007-05-01,QQQ,BUY,2966.157561155794,39.402165340464904,116873.03065053074,58.43651532526537,0.0,RELATIVE_MOMENTUM_1X_bimonthly_189D,after_tax
2008-03-03,QQQ,SELL,2966.157561155794,36.874231391076805,109374.7802524508,54.6873901262254,-7611.37430353144,RELATIVE_MOMENTUM_1X_bimonthly_189D,after_tax
2009-09-01,QQQ,BUY,3167.6650475051574,34.49400694000635,109265.46013225845,54.63273006612923,0.0,RELATIVE_MOMENTUM_1X_bimonthly_189D,after_tax
2011-07-01,QQQ,SELL,3167.6650475051574,50.13113354693546,158798.6395284407,79.39931976422035,49399.14734635188,RELATIVE_MOMENTUM_1X_bimonthly_189D,after_tax
2011-07-01,SPY,BUY,1480.0672159586484,101.45145774981432,150154.97662671414,75.07748831335707,0.0,RELATIVE_MOMENTUM_1X_bimonthly_189D,after_tax
2011-09-01,SPY,SELL,1480.0672159586484,93.92455858689306,139014.65993784775,69.50732996892388,-11284.901507148665,RELATIVE_MOMENTUM_1X_bimonthly_189D,after_tax
2011-09-01,QQQ,BUY,2864.596831265903,48.480021074774626,138875.7147505036,69.4378573752518,0.0,RELATIVE_MOMENTUM_1X_bimonthly_189D,after_tax
2012-01-03,QQQ,SELL,2864.596831265903,50.26616675225979,143992.30199840688,71.99615099920344,4975.153239528823,RELATIVE_MOMENTUM_1X_bimonthly_189D,after_tax
2012-03-01,QQQ,BUY,2519.1229376611013,57.10256514520744,143848.38165657938,71.9241908282897,0.0,RELATIVE_MOMENTUM_1X_bimonthly_189D,after_tax
2012-11-01,QQQ,SELL,2519.1229376611013,58.12589408130151,146426.27305226628,73.21313652613314,2432.7540683324623,RELATIVE_MOMENTUM_1X_bimonthly_189D,after_tax
2012-11-01,SPY,BUY,1309.5964635459231,111.69846897699163,146279.91995576225,73.13995997788112,0.0,RELATIVE_MOMENTUM_1X_bimonthly_189D,after_tax
2013-11-01,SPY,SELL,1309.5964635459231,141.83818190141602,185750.7814138778,92.8753907069389,39304.84610743073,RELATIVE_MOMENTUM_1X_bimonthly_189D,after_tax
2013-11-01,QQQ,BUY,2380.8599221953104,74.9189611993196,178371.55213196555,89.18577606598278,0.0,RELATIVE_MOMENTUM_1X_bimonthly_189D,after_tax
2015-09-01,QQQ,SELL,2380.8599221953104,93.86154699198785,223471.19546847566,111.73559773423783,44898.72196270988,RELATIVE_MOMENTUM_1X_bimonthly_189D,after_tax
2015-11-02,QQQ,BUY,2037.0791712093687,105.11678776208028,214131.2188945696,107.06560944728481,0.0,RELATIVE_MOMENTUM_1X_bimonthly_189D,after_tax
2016-03-01,QQQ,SELL,2037.0791712093687,96.01965717355068,195599.64365490433,97.79982182745216,-18736.440670940006,RELATIVE_MOMENTUM_1X_bimonthly_189D,after_tax
2016-07-01,SPY,BUY,1095.0825299500011,178.43782218963668,195404.1417621958,97.7020708810979,0.0,RELATIVE_MOMENTUM_1X_bimonthly_189D,after_tax
2016-11-01,SPY,SELL,1095.0825299500011,182.2927583487816,199625.61500414796,99.81280750207398,4023.9583635689924,RELATIVE_MOMENTUM_1X_bimonthly_189D,after_tax
2016-11-01,QQQ,BUY,1819.1123592505435,109.6282415640513,199426.08915206985,99.71304457603493,0.0,RELATIVE_MOMENTUM_1X_bimonthly_189D,after_tax
2017-01-03,QQQ,SELL,1819.1123592505435,111.90398145131604,203565.91570743258,101.7829578537163,3938.330552932981,RELATIVE_MOMENTUM_1X_bimonthly_189D,after_tax
2017-01-03,SPY,BUY,1049.3640729981976,193.7958967308444,203362.45152381697,101.6812257619085,0.0,RELATIVE_MOMENTUM_1X_bimonthly_189D,after_tax
2017-03-01,SPY,SELL,1049.3640729981976,205.29241099116604,215426.48055330993,107.71324027665497,11854.634563454398,RELATIVE_MOMENTUM_1X_bimonthly_189D,after_tax
2017-03-01,QQQ,BUY,1751.191513396668,122.76885177892636,214991.77134470927,107.49588567235463,0.0,RELATIVE_MOMENTUM_1X_bimonthly_189D,after_tax
2019-01-02,QQQ,SELL,1751.191513396668,144.1642273096665,252459.17140007613,126.22958570003807,37233.67458399446,RELATIVE_MOMENTUM_1X_bimonthly_189D,after_tax
2019-03-01,SPY,BUY,975.1697901679817,250.87589873116676,244646.5975238757,122.32329876193786,0.0,RELATIVE_MOMENTUM_1X_bimonthly_189D,after_tax
2019-05-01,SPY,SELL,975.1697901679817,264.81174782424677,258236.4165597872,129.1182082798936,13338.377528869663,RELATIVE_MOMENTUM_1X_bimonthly_189D,after_tax
2019-05-01,QQQ,BUY,1398.8396043305843,182.48694931159875,255269.97197053218,127.63498598526608,0.0,RELATIVE_MOMENTUM_1X_bimonthly_189D,after_tax
2019-07-01,QQQ,SELL,1398.8396043305843,182.44945000778995,255217.5164592296,127.6087582296148,-307.6992555174511,RELATIVE_MOMENTUM_1X_bimonthly_189D,after_tax
2019-07-01,SPY,BUY,951.8157576769122,267.8695161656501,254962.42648775614,127.48121324387807,0.0,RELATIVE_MOMENTUM_1X_bimonthly_189D,after_tax
2019-09-03,SPY,SELL,951.8157576769122,262.3527497186402,249711.48125206886,124.85574062603443,-5503.282189557183,RELATIVE_MOMENTUM_1X_bimonthly_189D,after_tax
2019-09-03,QQQ,BUY,1397.397486233478,178.51892322817625,249461.89456416076,124.73094728208038,0.0,RELATIVE_MOMENTUM_1X_bimonthly_189D,after_tax
2021-05-03,QQQ,SELL,1397.397486233478,328.83768586553776,459516.9556073366,229.7584778036683,209700.5716180901,RELATIVE_MOMENTUM_1X_bimonthly_189D,after_tax
2021-05-03,SPY,BUY,1068.9071520302355,390.7338415630485,417658.19778699137,208.82909889349568,0.0,RELATIVE_MOMENTUM_1X_bimonthly_189D,after_tax
2021-09-01,SPY,SELL,1068.9071520302355,422.97650283531857,452122.6090214092,226.0613045107046,34029.52083101362,RELATIVE_MOMENTUM_1X_bimonthly_189D,after_tax
2021-09-01,QQQ,BUY,1202.7225659053634,369.79523177921465,444761.07002506556,222.3805350125328,0.0,RELATIVE_MOMENTUM_1X_bimonthly_189D,after_tax
2021-11-01,QQQ,SELL,1202.7225659053634,375.5682866192368,451704.45335536945,225.85222667768474,6495.150568613666,RELATIVE_MOMENTUM_1X_bimonthly_189D,after_tax
2021-11-01,SPY,BUY,1042.5066208423732,431.5887642564896,449934.1442185686,224.9670721092843,0.0,RELATIVE_MOMENTUM_1X_bimonthly_189D,after_tax
2022-01-03,SPY,SELL,1042.5066208423732,448.15978126090016,467209.53915975813,233.60476957987908,16816.823099500383,RELATIVE_MOMENTUM_1X_bimonthly_189D,after_tax
2022-01-03,QQQ,BUY,1193.5342865189257,388.19825960966415,463327.9328111092,231.6639664055546,0.0,RELATIVE_MOMENTUM_1X_bimonthly_189D,after_tax
2022-03-01,QQQ,SELL,1193.5342865189257,336.34780851003364,401442.64165222726,200.72132082611364,-62317.67644611356,RELATIVE_MOMENTUM_1X_bimonthly_189D,after_tax
2022-03-01,SPY,BUY,979.7330190083043,409.3374336179091,401041.3996315854,200.5206998157927,0.0,RELATIVE_MOMENTUM_1X_bimonthly_189D,after_tax
2022-05-02,SPY,SELL,979.7330190083043,388.929072135393,381046.65402330714,190.52332701165358,-20385.7896351057,RELATIVE_MOMENTUM_1X_bimonthly_189D,after_tax
2023-05-01,QQQ,BUY,1204.147432137685,316.12889554696204,380665.7977973968,190.3328988986984,0.0,RELATIVE_MOMENTUM_1X_bimonthly_189D,after_tax
2024-09-03,QQQ,SELL,1204.147432137685,468.2888929130331,563888.8678998281,281.94443394991407,182750.79276958277,RELATIVE_MOMENTUM_1X_bimonthly_189D,after_tax
2024-09-03,SPY,BUY,991.7850669463618,547.508549729637,543010.8036473135,271.50540182365677,0.0,RELATIVE_MOMENTUM_1X_bimonthly_189D,after_tax
2025-01-02,SPY,SELL,991.7850669463618,579.4695486945864,574709.2451454384,287.35462257271917,31139.58147372841,RELATIVE_MOMENTUM_1X_bimonthly_189D,after_tax
2025-01-02,QQQ,BUY,1112.267662937874,510.49940358547883,567811.9785571991,283.9059892785996,0.0,RELATIVE_MOMENTUM_1X_bimonthly_189D,after_tax
2025-03-03,QQQ,SELL,1112.267662937874,507.73993161461107,564742.7071172195,282.3713535586097,-3635.5487828168552,RELATIVE_MOMENTUM_1X_bimonthly_189D,after_tax
2025-03-03,SPY,BUY,962.5229444941499,586.1452445030724,564178.2466403407,282.08912332017036,0.0,RELATIVE_MOMENTUM_1X_bimonthly_189D,after_tax
2025-05-01,SPY,SELL,962.5229444941499,552.5954041380958,531885.7555049347,265.9428777524674,-32840.523136478616,RELATIVE_MOMENTUM_1X_bimonthly_189D,after_tax
2025-05-01,QQQ,BUY,1105.713396368805,480.5532222946606,531354.1355594025,265.67706777970125,0.0,RELATIVE_MOMENTUM_1X_bimonthly_189D,after_tax
2026-03-02,QQQ,SELL,1105.713396368805,597.449233707877,660607.6213610767,330.3038106805384,128657.50492321397,RELATIVE_MOMENTUM_1X_bimonthly_189D,after_tax
2026-03-02,SPY,BUY,949.8124810606943,675.1122534180175,641230.0444134434,320.61502220672173,0.0,RELATIVE_MOMENTUM_1X_bimonthly_189D,after_tax
2026-05-01,SPY,SELL,949.8124810606943,719.3966516418469,683291.9185626986,341.64595928134935,41399.61316776718,RELATIVE_MOMENTUM_1X_bimonthly_189D,after_tax
2026-05-01,QQQ,BUY,1008.643358023623,668.425399726581,674202.8397685011,337.10141988425056,0.0,RELATIVE_MOMENTUM_1X_bimonthly_189D,after_tax
2006-06-21,QQQ,BUY,3064.8485430407773,32.61173385368702,99950.02498750626,49.97501249375313,0.0,RELATIVE_MOMENTUM_1X_bimonthly_252D,pre_tax
2006-07-03,QQQ,SELL,3064.8485430407773,33.25304666513917,101915.55162331877,50.95777581165938,1864.5938475071016,RELATIVE_MOMENTUM_1X_bimonthly_252D,pre_tax
2006-07-03,SPY,BUY,1153.846953989357,88.23846754718237,101813.6870040051,50.90684350200255,0.0,RELATIVE_MOMENTUM_1X_bimonthly_252D,pre_tax
2007-07-02,SPY,SELL,1153.846953989357,106.38853255891068,122756.08423249662,61.37804211624831,20830.112342873268,RELATIVE_MOMENTUM_1X_bimonthly_252D,pre_tax
2007-07-02,QQQ,BUY,2996.499384125628,40.92555137681656,122633.38949563255,61.31669474781628,0.0,RELATIVE_MOMENTUM_1X_bimonthly_252D,pre_tax
2008-03-03,QQQ,SELL,2996.499384125628,36.874231391076805,110493.61165346754,55.24680582673377,-12256.341342739572,RELATIVE_MOMENTUM_1X_bimonthly_252D,pre_tax
2008-05-01,QQQ,BUY,2718.2058647498466,40.608834927655025,110383.17326101029,55.19158663050515,0.0,RELATIVE_MOMENTUM_1X_bimonthly_252D,pre_tax
2008-07-01,QQQ,SELL,2718.2058647498466,38.55497240482036,104800.3521060512,52.4001760530256,-5690.412917642621,RELATIVE_MOMENTUM_1X_bimonthly_252D,pre_tax
2009-11-02,QQQ,BUY,2950.1570879871297,35.48814554799428,104695.60412793422,52.34780206396711,0.0,RELATIVE_MOMENTUM_1X_bimonthly_252D,pre_tax
2012-11-01,QQQ,SELL,2950.1570879871297,58.12589408130151,171480.5184195408,85.7402592097704,66646.82623033284,RELATIVE_MOMENTUM_1X_bimonthly_252D,pre_tax
2012-11-01,SPY,BUY,1533.674768933665,111.69846897699163,171309.1235985318,85.65456179926589,0.0,RELATIVE_MOMENTUM_1X_bimonthly_252D,pre_tax
2013-01-02,SPY,SELL,1533.674768933665,115.23844602558113,176738.29708055776,88.36914854027889,5255.14977168644,RELATIVE_MOMENTUM_1X_bimonthly_252D,pre_tax
2013-01-02,QQQ,BUY,2958.7307184226283,59.67479433295389,176561.64710846325,88.28082355423163,0.0,RELATIVE_MOMENTUM_1X_bimonthly_252D,pre_tax
2013-03-01,QQQ,SELL,2958.7307184226283,59.799968691193655,176932.00432734608,88.46600216367304,193.61039316491224,RELATIVE_MOMENTUM_1X_bimonthly_252D,pre_tax
2013-03-01,SPY,BUY,1473.1132283116158,119.98749135352955,176755.16074481,88.377580372405,0.0,RELATIVE_MOMENTUM_1X_bimonthly_252D,pre_tax
2013-11-01,SPY,SELL,1473.1132283116158,141.83818190141602,208943.70203864516,104.47185101932259,31995.691862443404,RELATIVE_MOMENTUM_1X_bimonthly_252D,pre_tax
2013-11-01,QQQ,BUY,2786.141978142423,74.9189611993196,208734.86275624772,104.36743137812387,0.0,RELATIVE_MOMENTUM_1X_bimonthly_252D,pre_tax
2016-03-01,QQQ,SELL,2786.141978142423,96.01965717355068,267524.3975780738,133.7621987890369,58551.40519165888,RELATIVE_MOMENTUM_1X_bimonthly_252D,pre_tax
2016-05-02,SPY,BUY,1524.175235961734,175.34532812902663,267257.0068758468,133.62850343792343,0.0,RELATIVE_MOMENTUM_1X_bimonthly_252D,pre_tax
2016-09-01,SPY,SELL,1524.175235961734,185.1586345348241,282214.205482468,141.107102741234,14682.463000442018,RELATIVE_MOMENTUM_1X_bimonthly_252D,pre_tax
2016-09-01,QQQ,BUY,2593.8690067276416,108.6917387047422,281932.13231357,140.96606615678502,0.0,RELATIVE_MOMENTUM_1X_bimonthly_252D,pre_tax
2016-11-01,QQQ,SELL,2593.8690067276416,109.6282415640513,284361.2980550437,142.18064902752184,2146.0190262893448,RELATIVE_MOMENTUM_1X_bimonthly_252D,pre_tax
2016-11-01,SPY,BUY,1558.356357321978,182.2927583487816,284077.0788665829,142.03853943329145,0.0,RELATIVE_MOMENTUM_1X_bimonthly_252D,pre_tax
2017-03-01,SPY,SELL,1558.356357321978,205.29241099116604,319918.7337780399,159.95936688901998,35539.65700513474,RELATIVE_MOMENTUM_1X_bimonthly_252D,pre_tax
2017-03-01,QQQ,BUY,2603.257832037077,122.76885177892636,319598.9749236891,159.79948746184456,0.0,RELATIVE_MOMENTUM_1X_bimonthly_252D,pre_tax
2019-01-02,QQQ,SELL,2603.257832037077,144.1642273096665,375296.6538434628,187.6483269217314,55350.23110539012,RELATIVE_MOMENTUM_1X_bimonthly_252D,pre_tax
2019-03-01,QQQ,BUY,2251.049140710928,166.5541360086706,374921.544744169,187.4607723720845,0.0,RELATIVE_MOMENTUM_1X_bimonthly_252D,pre_tax
2019-09-03,QQQ,SELL,2251.049140710928,178.51892322817625,401854.86873342626,200.92743436671313,26544.93578251847,RELATIVE_MOMENTUM_1X_bimonthly_252D,pre_tax
2019-09-03,SPY,BUY,1530.2039529688618,262.3527497186402,401453.2146917137,200.72660734585685,0.0,RELATIVE_MOMENTUM_1X_bimonthly_252D,pre_tax
2019-11-01,SPY,SELL,1530.2039529688618,276.5806723698209,423224.8381750856,211.6124190875428,21359.284456938505,RELATIVE_MOMENTUM_1X_bimonthly_252D,pre_tax
2019-11-01,QQQ,BUY,2223.7821550090725,190.127357525203,422801.8248435763,211.40091242178815,0.0,RELATIVE_MOMENTUM_1X_bimonthly_252D,pre_tax
2021-09-01,QQQ,SELL,2223.7821550090725,369.79523177921465,822344.0374380614,411.17201871903075,398919.63966334425,RELATIVE_MOMENTUM_1X_bimonthly_252D,pre_tax
2021-09-01,SPY,BUY,1942.240523670436,422.97650283531857,821522.1043671588,410.7610521835794,0.0,RELATIVE_MOMENTUM_1X_bimonthly_252D,pre_tax
2022-07-01,SPY,SELL,1942.240523670436,356.9484798436387,693279.8024148749,346.63990120743745,-128999.70290567493,RELATIVE_MOMENTUM_1X_bimonthly_252D,pre_tax
2023-05-01,QQQ,BUY,2190.8369618690604,316.12889554696204,692586.8690791279,346.293434539564,0.0,RELATIVE_MOMENTUM_1X_bimonthly_252D,pre_tax
2025-03-03,QQQ,SELL,2190.8369618690604,507.73993161461107,1112375.409198159,556.1877045990794,418886.0589798924,RELATIVE_MOMENTUM_1X_bimonthly_252D,pre_tax
2025-03-03,SPY,BUY,1895.8843394538294,586.1452445030724,1111263.5896987107,555.6317948493554,0.0,RELATIVE_MOMENTUM_1X_bimonthly_252D,pre_tax
2025-05-01,SPY,SELL,1895.8843394538294,552.5954041380958,1047656.9727595756,523.8284863797878,-64686.07722036436,RELATIVE_MOMENTUM_1X_bimonthly_252D,pre_tax
2025-05-01,QQQ,BUY,2177.9270032899076,480.5532222946606,1046609.839353519,523.3049196767595,0.0,RELATIVE_MOMENTUM_1X_bimonthly_252D,pre_tax
2006-06-21,QQQ,BUY,3064.8485430407773,32.61173385368702,99950.02498750626,49.97501249375313,0.0,RELATIVE_MOMENTUM_1X_bimonthly_252D,after_tax
2006-07-03,QQQ,SELL,3064.8485430407773,33.25304666513917,101915.55162331877,50.95777581165938,1864.5938475071016,RELATIVE_MOMENTUM_1X_bimonthly_252D,after_tax
2006-07-03,SPY,BUY,1149.5562750012016,88.23846754718237,101435.08406535337,50.71754203267668,0.0,RELATIVE_MOMENTUM_1X_bimonthly_252D,after_tax
2007-07-02,SPY,SELL,1149.5562750012016,106.38853255891068,122299.60519126542,61.149802595632714,20752.653781283734,RELATIVE_MOMENTUM_1X_bimonthly_252D,after_tax
2007-07-02,QQQ,BUY,2882.394201629066,40.92555137681656,117963.57198700849,58.981785993504246,0.0,RELATIVE_MOMENTUM_1X_bimonthly_252D,after_tax
2008-03-03,QQQ,SELL,2882.394201629066,36.874231391076805,106286.07075116827,53.143035375584134,-11789.626057209302,RELATIVE_MOMENTUM_1X_bimonthly_252D,after_tax
2008-05-01,QQQ,BUY,2614.697958856847,40.608834927655025,106179.83779689424,53.08991889844712,0.0,RELATIVE_MOMENTUM_1X_bimonthly_252D,after_tax
2008-07-01,QQQ,SELL,2614.697958856847,38.55497240482036,100809.60765066586,50.40480382533293,-5473.724868952166,RELATIVE_MOMENTUM_1X_bimonthly_252D,after_tax
2009-11-02,QQQ,BUY,2837.816596711999,35.48814554799428,100708.8484226292,50.3544242113146,0.0,RELATIVE_MOMENTUM_1X_bimonthly_252D,after_tax
2012-11-01,QQQ,SELL,2837.816596711999,58.12589408130151,164950.62692264118,82.4753134613206,64108.948762339336,RELATIVE_MOMENTUM_1X_bimonthly_252D,after_tax
2012-11-01,SPY,BUY,1390.1160232106506,111.69846897699163,155273.83149301383,77.63691574650692,0.0,RELATIVE_MOMENTUM_1X_bimonthly_252D,after_tax
2013-01-02,SPY,SELL,1390.1160232106506,115.23844602558113,160194.81031005605,80.09740515502803,4763.244496140716,RELATIVE_MOMENTUM_1X_bimonthly_252D,after_tax
2013-01-02,QQQ,BUY,2665.5730916303773,59.67479433295389,159067.52602249882,79.5337630112494,0.0,RELATIVE_MOMENTUM_1X_bimonthly_252D,after_tax
2013-03-01,QQQ,SELL,2665.5730916303773,59.799968691193655,159401.18742358484,79.70059371179242,174.4270443629939,RELATIVE_MOMENTUM_1X_bimonthly_252D,after_tax
2013-03-01,SPY,BUY,1326.858716316947,119.98749135352955,159206.448751435,79.6032243757175,0.0,RELATIVE_MOMENTUM_1X_bimonthly_252D,after_tax
2013-11-01,SPY,SELL,1326.858716316947,141.83818190141602,188199.2279624425,94.09961398122125,28819.07637265054,RELATIVE_MOMENTUM_1X_bimonthly_252D,after_tax
2013-11-01,QQQ,BUY,2431.4199014599167,74.9189611993196,182159.45325672897,91.07972662836448,0.0,RELATIVE_MOMENTUM_1X_bimonthly_252D,after_tax
2016-03-01,QQQ,SELL,2431.4199014599167,96.01965717355068,233464.1053831296,116.73205269156479,51096.840347080666,RELATIVE_MOMENTUM_1X_bimonthly_252D,after_tax
2016-05-02,SPY,BUY,1270.9527238657906,175.34532812902663,222855.62240272723,111.42781120136361,0.0,RELATIVE_MOMENTUM_1X_bimonthly_252D,after_tax
2016-09-01,SPY,SELL,1270.9527238657906,185.1586345348241,235327.87090930514,117.66393545465257,12243.156759921898,RELATIVE_MOMENTUM_1X_bimonthly_252D,after_tax
2016-09-01,QQQ,BUY,2140.058748685389,108.6917387047422,232606.7063249099,116.30335316245495,0.0,RELATIVE_MOMENTUM_1X_bimonthly_252D,after_tax
2016-11-01,QQQ,SELL,2140.058748685389,109.6282415640513,234610.8774621432,117.3054387310716,1770.5623453397711,RELATIVE_MOMENTUM_1X_bimonthly_252D,after_tax
2016-11-01,SPY,BUY,1283.7420200658096,182.2927583487816,234016.87384603336,117.00843692301667,0.0,RELATIVE_MOMENTUM_1X_bimonthly_252D,after_tax
2017-03-01,SPY,SELL,1283.7420200658096,205.29241099116604,263542.4943899799,131.77124719498997,29276.840859828604,RELATIVE_MOMENTUM_1X_bimonthly_252D,after_tax
2017-03-01,QQQ,BUY,2096.089211232962,122.76885177892636,257334.46568926616,128.66723284463308,0.0,RELATIVE_MOMENTUM_1X_bimonthly_252D,after_tax
2019-01-02,QQQ,SELL,2096.089211232962,144.1642273096665,302181.0815095283,151.09054075476413,44566.8580466627,RELATIVE_MOMENTUM_1X_bimonthly_252D,after_tax
2019-03-01,QQQ,BUY,1758.1659985431165,166.5541360086706,292829.8188471704,146.4149094235852,0.0,RELATIVE_MOMENTUM_1X_bimonthly_252D,after_tax
2019-09-03,QQQ,SELL,1758.1659985431165,178.51892322817625,313865.90091630846,156.93295045815424,20732.734209256363,RELATIVE_MOMENTUM_1X_bimonthly_252D,after_tax
2019-09-03,SPY,BUY,1179.1088224617374,262.3527497186402,309342.4417903448,154.67122089517238,0.0,RELATIVE_MOMENTUM_1X_bimonthly_252D,after_tax
2019-11-01,SPY,SELL,1179.1088224617374,276.5806723698209,326118.7109136551,163.05935545682757,16458.538546958298,RELATIVE_MOMENTUM_1X_bimonthly_252D,after_tax
2019-11-01,QQQ,BUY,1695.9730478168162,190.127357525203,322450.87401537603,161.22543700768802,0.0,RELATIVE_MOMENTUM_1X_bimonthly_252D,after_tax
2021-09-01,QQQ,SELL,1695.9730478168162,369.79523177921465,627162.7463087207,313.58137315436034,304237.06548318255,RELATIVE_MOMENTUM_1X_bimonthly_252D,after_tax
2021-09-01,SPY,BUY,1335.2066149883892,422.97650283531857,564761.0245703725,282.3805122851863,0.0,RELATIVE_MOMENTUM_1X_bimonthly_252D,after_tax
2022-07-01,SPY,SELL,1335.2066149883892,356.9484798436387,476599.97149727616,238.29998574863808,-88681.7335711302,RELATIVE_MOMENTUM_1X_bimonthly_252D,after_tax
2023-05-01,QQQ,BUY,1506.1059473316775,316.12889554696204,476123.6097066742,238.0618048533371,0.0,RELATIVE_MOMENTUM_1X_bimonthly_252D,after_tax
2025-03-03,QQQ,SELL,1506.1059473316775,507.73993161461107,764710.1307025449,382.35506535127246,287966.10412566614,RELATIVE_MOMENTUM_1X_bimonthly_252D,after_tax
2025-03-03,SPY,BUY,1234.3039917774538,586.1452445030724,723481.4150515139,361.740707525757,0.0,RELATIVE_MOMENTUM_1X_bimonthly_252D,after_tax
2025-05-01,SPY,SELL,1234.3039917774538,552.5954041380958,682070.713165527,341.0353565827635,-42113.47795009543,RELATIVE_MOMENTUM_1X_bimonthly_252D,after_tax
2025-05-01,QQQ,BUY,1417.9261561573271,480.5532222946606,681388.9833172857,340.69449165864285,0.0,RELATIVE_MOMENTUM_1X_bimonthly_252D,after_tax
2006-06-21,QQQ,BUY,3064.8485430407773,32.61173385368702,99950.02498750626,49.97501249375313,0.0,RELATIVE_MOMENTUM_1X_quarterly_126D,pre_tax
2006-07-03,QQQ,SELL,3064.8485430407773,33.25304666513917,101915.55162331877,50.95777581165938,1864.5938475071016,RELATIVE_MOMENTUM_1X_quarterly_126D,pre_tax
2006-07-03,SPY,BUY,1153.846953989357,88.23846754718237,101813.6870040051,50.90684350200255,0.0,RELATIVE_MOMENTUM_1X_quarterly_126D,pre_tax
2007-07-02,SPY,SELL,1153.846953989357,106.38853255891068,122756.08423249662,61.37804211624831,20830.112342873268,RELATIVE_MOMENTUM_1X_quarterly_126D,pre_tax
2007-07-02,QQQ,BUY,2996.499384125628,40.92555137681656,122633.38949563255,61.31669474781628,0.0,RELATIVE_MOMENTUM_1X_quarterly_126D,pre_tax
2008-04-01,QQQ,SELL,2996.499384125628,38.19275497407215,114444.5667578682,57.2222833789341,-8307.361715891093,RELATIVE_MOMENTUM_1X_quarterly_126D,pre_tax
2009-07-01,QQQ,BUY,3616.3895606112355,31.614453439986427,114330.17938479688,57.16508969239844,0.0,RELATIVE_MOMENTUM_1X_quarterly_126D,pre_tax
2010-07-01,QQQ,SELL,3616.3895606112355,37.32603000581639,134985.46525209612,67.49273262604807,20530.62804498081,RELATIVE_MOMENTUM_1X_quarterly_126D,pre_tax
2010-10-01,QQQ,BUY,3120.6469475020917,43.21236894605707,134850.54724584718,67.42527362292358,0.0,RELATIVE_MOMENTUM_1X_quarterly_126D,pre_tax
2011-07-01,QQQ,SELL,3120.6469475020917,50.13113354693546,156441.56887806384,78.22078443903193,21445.37557415472,RELATIVE_MOMENTUM_1X_quarterly_126D,pre_tax
2011-07-01,SPY,BUY,1540.4924577455408,101.45145774981432,156285.20549087937,78.14260274543969,0.0,RELATIVE_MOMENTUM_1X_quarterly_126D,pre_tax
2011-10-03,SPY,SELL,1540.4924577455408,86.84469744775615,133783.60141346176,66.89180070673088,-22646.63848086979,RELATIVE_MOMENTUM_1X_quarterly_126D,pre_tax
2012-04-02,QQQ,BUY,2238.5646505416157,59.70338387952456,133649.88467041982,66.82494233520991,0.0,RELATIVE_MOMENTUM_1X_quarterly_126D,pre_tax
2012-10-01,QQQ,SELL,2238.5646505416157,61.2740699736289,137165.96703777908,68.58298351888953,3380.6744415051653,RELATIVE_MOMENTUM_1X_quarterly_126D,pre_tax
2012-10-01,SPY,BUY,1202.4122734728203,113.9616358236948,137028.86961945047,68.51443480972524,0.0,RELATIVE_MOMENTUM_1X_quarterly_126D,pre_tax
2013-10-01,SPY,SELL,1202.4122734728203,135.48841715531478,162912.93570095592,81.45646785047796,25734.095178845222,RELATIVE_MOMENTUM_1X_quarterly_126D,pre_tax
2013-10-01,QQQ,BUY,2287.450253744483,71.14913380721536,162750.10418101493,81.37505209050747,0.0,RELATIVE_MOMENTUM_1X_quarterly_126D,pre_tax
2015-10-01,QQQ,SELL,2287.450253744483,94.30266997903755,215712.66637233165,107.85633318616583,52773.33080604006,RELATIVE_MOMENTUM_1X_quarterly_126D,pre_tax
2016-01-04,QQQ,BUY,2121.885680318465,101.55922324526374,215497.0615083913,107.74853075419566,0.0,RELATIVE_MOMENTUM_1X_quarterly_126D,pre_tax
2016-04-01,QQQ,SELL,2121.885680318465,101.01358550741942,214339.2806058181,107.16964030290904,-1372.699073630356,RELATIVE_MOMENTUM_1X_quarterly_126D,pre_tax
2016-04-01,SPY,BUY,1236.5198770333348,173.16749404386812,214125.04844129452,107.06252422064726,0.0,RELATIVE_MOMENTUM_1X_quarterly_126D,pre_tax
2016-10-03,SPY,SELL,1236.5198770333348,184.76696374787355,228468.02329334323,114.23401164667162,14121.67831618138,RELATIVE_MOMENTUM_1X_quarterly_126D,pre_tax
2016-10-03,QQQ,BUY,2057.710750304448,110.91921904631346,228239.66944697307,114.11983472348653,0.0,RELATIVE_MOMENTUM_1X_quarterly_126D,pre_tax
2019-01-02,QQQ,SELL,2057.710750304448,144.1642273096665,296648.28034443484,148.32414017221743,68146.16692256607,RELATIVE_MOMENTUM_1X_quarterly_126D,pre_tax
2019-07-01,QQQ,BUY,1624.295279056486,182.44945000778995,296351.78031410556,148.17589015705278,0.0,RELATIVE_MOMENTUM_1X_quarterly_126D,pre_tax
2019-10-01,QQQ,SELL,1624.295279056486,182.0296595913917,295669.9167225567,147.83495836127835,-977.8744400672149,RELATIVE_MOMENTUM_1X_quarterly_126D,pre_tax
2019-10-01,SPY,BUY,1093.7037629968045,270.06800612770223,295374.394566912,147.687197283456,0.0,RELATIVE_MOMENTUM_1X_quarterly_126D,pre_tax
2020-01-02,SPY,SELL,1093.7037629968045,294.9129966046256,322547.45414314285,161.27372707157144,26864.09865187586,RELATIVE_MOMENTUM_1X_quarterly_126D,pre_tax
2020-01-02,QQQ,BUY,1561.2086639378408,206.3946193261451,322225.0678821302,161.11253394106512,0.0,RELATIVE_MOMENTUM_1X_quarterly_126D,pre_tax
2021-04-01,QQQ,SELL,1561.2086639378408,313.1726923053448,488927.9205358439,244.46396026792195,166297.27615950472,RELATIVE_MOMENTUM_1X_quarterly_126D,pre_tax
2021-04-01,SPY,BUY,1316.0417670609877,371.14265609357545,488439.2369570975,244.21961847854874,0.0,RELATIVE_MOMENTUM_1X_quarterly_126D,pre_tax
2021-10-01,SPY,SELL,1316.0417670609877,404.0976283486504,531809.3568771122,265.9046784385561,42859.99562309764,RELATIVE_MOMENTUM_1X_quarterly_126D,pre_tax
2021-10-01,QQQ,BUY,1524.8931961835256,348.40329448757456,531277.8132920277,265.6389066460138,0.0,RELATIVE_MOMENTUM_1X_quarterly_126D,pre_tax
2022-04-01,QQQ,SELL,1524.8931961835256,353.3801084265365,538866.923006222,269.433461503111,7054.037346045137,RELATIVE_MOMENTUM_1X_quarterly_126D,pre_tax
2022-04-01,SPY,BUY,1258.2082209452296,427.85312988784034,538328.3253820279,269.1641626910139,0.0,RELATIVE_MOMENTUM_1X_quarterly_126D,pre_tax
2022-07-01,SPY,SELL,1258.2082209452296,356.9484798436387,449115.51179316884,224.55775589658444,-89706.53550744662,RELATIVE_MOMENTUM_1X_quarterly_126D,pre_tax
2023-01-03,SPY,BUY,1220.7671687416912,367.52841345608357,448666.62072690885,224.33331036345442,0.0,RELATIVE_MOMENTUM_1X_quarterly_126D,pre_tax
2023-04-03,SPY,SELL,1220.7671687416912,392.4278257842298,479063.0058180719,239.53150290903596,29932.52027789055,RELATIVE_MOMENTUM_1X_quarterly_126D,pre_tax
2023-04-03,QQQ,BUY,1529.6566633777518,312.8703281475286,478584.18222405086,239.29209111202545,0.0,RELATIVE_MOMENTUM_1X_quarterly_126D,pre_tax
2024-10-01,QQQ,SELL,1529.6566633777518,483.31665887950265,739308.547776503,369.6542738882515,260115.41918745195,RELATIVE_MOMENTUM_1X_quarterly_126D,pre_tax
2024-10-01,SPY,BUY,1314.5136410363114,561.8576982708267,738569.6086982657,369.28480434913286,0.0,RELATIVE_MOMENTUM_1X_quarterly_126D,pre_tax
2025-04-01,SPY,SELL,1314.5136410363114,549.715889513425,722609.035459807,361.3045177299035,-16691.162560537807,RELATIVE_MOMENTUM_1X_quarterly_126D,pre_tax
2025-07-01,QQQ,BUY,1319.4906914334408,547.0950210069877,721886.787548303,360.9433937741515,0.0,RELATIVE_MOMENTUM_1X_quarterly_126D,pre_tax
2026-04-01,QQQ,SELL,1319.4906914334408,580.8416686249938,766415.1749473466,383.2075874736733,43784.23641779588,RELATIVE_MOMENTUM_1X_quarterly_126D,pre_tax
2026-07-01,QQQ,BUY,1049.9995066100787,729.1900024414062,765649.1427884786,382.82457139423934,0.0,RELATIVE_MOMENTUM_1X_quarterly_126D,pre_tax
2006-06-21,QQQ,BUY,3064.8485430407773,32.61173385368702,99950.02498750626,49.97501249375313,0.0,RELATIVE_MOMENTUM_1X_quarterly_126D,after_tax
2006-07-03,QQQ,SELL,3064.8485430407773,33.25304666513917,101915.55162331877,50.95777581165938,1864.5938475071016,RELATIVE_MOMENTUM_1X_quarterly_126D,after_tax
2006-07-03,SPY,BUY,1149.5562750012016,88.23846754718237,101435.08406535337,50.71754203267668,0.0,RELATIVE_MOMENTUM_1X_quarterly_126D,after_tax
2007-07-02,SPY,SELL,1149.5562750012016,106.38853255891068,122299.60519126542,61.149802595632714,20752.653781283734,RELATIVE_MOMENTUM_1X_quarterly_126D,after_tax
2007-07-02,QQQ,BUY,2882.394201629066,40.92555137681656,117963.57198700849,58.981785993504246,0.0,RELATIVE_MOMENTUM_1X_quarterly_126D,after_tax
2008-04-01,QQQ,SELL,2882.394201629066,38.19275497407215,110086.57548150525,55.043287740752625,-7991.021579237495,RELATIVE_MOMENTUM_1X_quarterly_126D,after_tax
2009-07-01,QQQ,BUY,3478.6792734080177,31.614453439986427,109976.54392180359,54.9882719609018,0.0,RELATIVE_MOMENTUM_1X_quarterly_126D,after_tax
2010-07-01,QQQ,SELL,3478.6792734080177,37.32603000581639,129845.28693983924,64.92264346991962,19748.83210260482,RELATIVE_MOMENTUM_1X_quarterly_126D,after_tax
2010-10-01,QQQ,BUY,2946.5660907638426,43.21236894605707,127328.10103802824,63.66405051901412,0.0,RELATIVE_MOMENTUM_1X_quarterly_126D,after_tax
2011-07-01,QQQ,SELL,2946.5660907638426,50.13113354693546,147714.69820095375,73.85734910047688,20249.075763306028,RELATIVE_MOMENTUM_1X_quarterly_126D,after_tax
2011-07-01,SPY,BUY,1414.0310699884772,101.45145774981432,143455.51335386073,71.72775667693037,0.0,RELATIVE_MOMENTUM_1X_quarterly_126D,after_tax
2011-10-03,SPY,SELL,1414.0310699884772,86.84469744775615,122801.1004548762,61.4005502274381,-20787.541205888905,RELATIVE_MOMENTUM_1X_quarterly_126D,after_tax
2012-04-02,QQQ,BUY,2054.7974461856174,59.70338387952456,122678.36072428663,61.33918036214332,0.0,RELATIVE_MOMENTUM_1X_quarterly_126D,after_tax
2012-10-01,QQQ,SELL,2054.7974461856174,61.2740699736289,125905.80249921148,62.952901249605745,3103.1496933130984,RELATIVE_MOMENTUM_1X_quarterly_126D,after_tax
2012-10-01,SPY,BUY,1103.7044063911264,113.9616358236948,125779.9596181528,62.8899798090764,0.0,RELATIVE_MOMENTUM_1X_quarterly_126D,after_tax
2013-10-01,SPY,SELL,1103.7044063911264,135.48841715531478,149539.16302928,74.76958151464,23621.54384980348,RELATIVE_MOMENTUM_1X_quarterly_126D,after_tax
2013-10-01,QQQ,BUY,2082.7262531057954,71.14913380721536,148184.16886602453,74.09208443301226,0.0,RELATIVE_MOMENTUM_1X_quarterly_126D,after_tax
2015-10-01,QQQ,SELL,2082.7262531057954,94.30266997903755,196406.64650331324,98.20332325165663,48050.18222960405,RELATIVE_MOMENTUM_1X_quarterly_126D,after_tax
2016-01-04,QQQ,BUY,1835.912246974952,101.55922324526374,186453.82174924292,93.22691087462147,0.0,RELATIVE_MOMENTUM_1X_quarterly_126D,after_tax
2016-04-01,QQQ,SELL,1835.912246974952,101.01358550741942,185452.07874392284,92.72603937196142,-1187.6959555666544,RELATIVE_MOMENTUM_1X_quarterly_126D,after_tax
2016-04-01,SPY,BUY,1069.8700721392045,173.16749404386812,185266.71934487845,92.63335967243923,0.0,RELATIVE_MOMENTUM_1X_quarterly_126D,after_tax
2016-10-03,SPY,SELL,1069.8700721392045,184.76696374787355,197676.64483387925,98.83832241693963,12218.45380691145,RELATIVE_MOMENTUM_1X_quarterly_126D,after_tax
2016-10-03,QQQ,BUY,1760.193500174538,110.91921904631346,195239.28840975676,97.61964420487838,0.0,RELATIVE_MOMENTUM_1X_quarterly_126D,after_tax
2019-01-02,QQQ,SELL,1760.193500174538,144.1642273096665,253756.9358681596,126.87846793407981,58293.149346263875,RELATIVE_MOMENTUM_1X_quarterly_126D,after_tax
2019-07-01,QQQ,BUY,1324.5694663091672,182.44945000778995,241666.97062521943,120.83348531260972,0.0,RELATIVE_MOMENTUM_1X_quarterly_126D,after_tax
2019-10-01,QQQ,SELL,1324.5694663091672,182.0296595913917,241110.92905740906,120.55546452870453,-797.4305176516937,RELATIVE_MOMENTUM_1X_quarterly_126D,after_tax
2019-10-01,SPY,BUY,891.886240348191,270.06800612770223,240869.93862356857,120.43496931178429,0.0,RELATIVE_MOMENTUM_1X_quarterly_126D,after_tax
2020-01-02,SPY,SELL,891.886240348191,294.9129966046256,263028.8437715184,131.5144218857592,21906.955756752257,RELATIVE_MOMENTUM_1X_quarterly_126D,after_tax
2020-01-02,QQQ,BUY,1252.356724688317,206.3946193261451,258479.68945258306,129.23984472629152,0.0,RELATIVE_MOMENTUM_1X_quarterly_126D,after_tax
2021-04-01,QQQ,SELL,1252.356724688317,313.1726923053448,392203.9271973437,196.10196359867186,133398.89593643573,RELATIVE_MOMENTUM_1X_quarterly_126D,after_tax
2021-04-01,SPY,BUY,982.7096691734288,371.14265609357545,364725.4767858652,182.3627383929326,0.0,RELATIVE_MOMENTUM_1X_quarterly_126D,after_tax
2021-10-01,SPY,SELL,982.7096691734288,404.0976283486504,397110.6466682694,198.5553233341347,32004.251820677135,RELATIVE_MOMENTUM_1X_quarterly_126D,after_tax
2021-10-01,QQQ,BUY,1120.0104192514104,348.40329448757456,390215.31992760097,195.1076599638005,0.0,RELATIVE_MOMENTUM_1X_quarterly_126D,after_tax
2022-04-01,QQQ,SELL,1120.0104192514104,353.3801084265365,395789.403393914,197.894701696957,5181.081104652316,RELATIVE_MOMENTUM_1X_quarterly_126D,after_tax
2022-04-01,SPY,BUY,921.6756256255486,427.85312988784034,394341.80116522434,197.17090058261218,0.0,RELATIVE_MOMENTUM_1X_quarterly_126D,after_tax
2022-07-01,SPY,SELL,921.6756256255486,356.9484798436387,328990.7134759742,164.49535673798712,-65712.75394657074,RELATIVE_MOMENTUM_1X_quarterly_126D,after_tax
2023-01-03,SPY,BUY,894.2489210155194,367.52841345608357,328661.8871756484,164.3309435878242,0.0,RELATIVE_MOMENTUM_1X_quarterly_126D,after_tax
2023-04-03,SPY,SELL,894.2489210155194,392.4278257842298,350928.1597840137,175.46407989200685,21926.477584885433,RELATIVE_MOMENTUM_1X_quarterly_126D,after_tax
2023-04-03,QQQ,BUY,1120.5198302963158,312.8703281475286,350577.4070006214,175.2887035003107,0.0,RELATIVE_MOMENTUM_1X_quarterly_126D,after_tax
2024-10-01,QQQ,SELL,1120.5198302963158,483.31665887950265,541565.9005870427,270.78295029352137,190542.4219326275,RELATIVE_MOMENTUM_1X_quarterly_126D,after_tax
2024-10-01,SPY,BUY,909.8851813199815,561.8576982708267,511225.99366717867,255.61299683358934,0.0,RELATIVE_MOMENTUM_1X_quarterly_126D,after_tax
2025-04-01,SPY,SELL,909.8851813199815,549.715889513425,500178.34180439764,250.08917090219882,-11553.354030516814,RELATIVE_MOMENTUM_1X_quarterly_126D,after_tax
2025-07-01,QQQ,BUY,913.3302154844505,547.0950210069877,499678.41342678206,249.83920671339104,0.0,RELATIVE_MOMENTUM_1X_quarterly_126D,after_tax
2026-04-01,QQQ,SELL,913.3302154844505,580.8416686249938,530500.2463676133,265.2501231838067,30306.743610934063,RELATIVE_MOMENTUM_1X_quarterly_126D,after_tax
2026-07-01,QQQ,BUY,721.570732329689,729.1900024414062,526162.1640691332,263.08108203456663,0.0,RELATIVE_MOMENTUM_1X_quarterly_126D,after_tax
2006-06-21,QQQ,BUY,3064.8485430407773,32.61173385368702,99950.02498750626,49.97501249375313,0.0,RELATIVE_MOMENTUM_1X_quarterly_189D,pre_tax
2006-07-03,QQQ,SELL,3064.8485430407773,33.25304666513917,101915.55162331877,50.95777581165938,1864.5938475071016,RELATIVE_MOMENTUM_1X_quarterly_189D,pre_tax
2006-07-03,SPY,BUY,1153.846953989357,88.23846754718237,101813.6870040051,50.90684350200255,0.0,RELATIVE_MOMENTUM_1X_quarterly_189D,pre_tax
2007-07-02,SPY,SELL,1153.846953989357,106.38853255891068,122756.08423249662,61.37804211624831,20830.112342873268,RELATIVE_MOMENTUM_1X_quarterly_189D,pre_tax
2007-07-02,QQQ,BUY,2996.499384125628,40.92555137681656,122633.38949563255,61.31669474781628,0.0,RELATIVE_MOMENTUM_1X_quarterly_189D,pre_tax
2008-04-01,QQQ,SELL,2996.499384125628,38.19275497407215,114444.5667578682,57.2222833789341,-8307.361715891093,RELATIVE_MOMENTUM_1X_quarterly_189D,pre_tax
2009-10-01,QQQ,BUY,3137.466825074867,36.44028311982827,114330.17938479688,57.16508969239844,0.0,RELATIVE_MOMENTUM_1X_quarterly_189D,pre_tax
2011-07-01,QQQ,SELL,3137.466825074867,50.13113354693546,157284.76840690774,78.64238420345387,42818.78154821502,RELATIVE_MOMENTUM_1X_quarterly_189D,pre_tax
2011-07-01,SPY,BUY,1548.7955099577766,101.45145774981432,157127.5622415835,78.56378112079176,0.0,RELATIVE_MOMENTUM_1X_quarterly_189D,pre_tax
2011-10-03,SPY,SELL,1548.7955099577766,86.84469744775615,134504.6774707263,67.25233873536315,-22768.700890713342,RELATIVE_MOMENTUM_1X_quarterly_189D,pre_tax
2012-04-02,QQQ,BUY,2250.6302202757997,59.70338387952456,134370.24001198498,67.18512000599249,0.0,RELATIVE_MOMENTUM_1X_quarterly_189D,pre_tax
2013-01-02,QQQ,SELL,2250.6302202757997,59.67479433295389,134305.89551448906,67.15294775724453,-198.68256525916513,RELATIVE_MOMENTUM_1X_quarterly_189D,pre_tax
2013-01-02,SPY,BUY,1164.2959564777423,115.23844602558113,134171.65673836265,67.08582836918133,0.0,RELATIVE_MOMENTUM_1X_quarterly_189D,pre_tax
2013-10-01,SPY,SELL,1164.2959564777423,135.48841715531478,157748.61624350256,78.87430812175128,23430.999368648976,RELATIVE_MOMENTUM_1X_quarterly_189D,pre_tax
2013-10-01,QQQ,BUY,2214.9383700039953,71.14913380721536,157590.94646214976,78.79547323107488,0.0,RELATIVE_MOMENTUM_1X_quarterly_189D,pre_tax
2015-10-01,QQQ,SELL,2214.9383700039953,94.30266997903755,208874.6021303941,104.43730106519706,51100.422893948096,RELATIVE_MOMENTUM_1X_quarterly_189D,pre_tax
2016-01-04,QQQ,BUY,2054.6221726159515,101.55922324526374,208665.83191337224,104.33291595668612,0.0,RELATIVE_MOMENTUM_1X_quarterly_189D,pre_tax
2016-07-01,QQQ,SELL,2054.6221726159515,100.3028544990235,206084.4688303653,103.04223441518266,-2788.7382333787973,RELATIVE_MOMENTUM_1X_quarterly_189D,pre_tax
2016-07-01,SPY,BUY,1153.782784534741,178.43782218963668,205878.487352274,102.93924367613701,0.0,RELATIVE_MOMENTUM_1X_quarterly_189D,pre_tax
2017-04-03,SPY,SELL,1153.782784534741,203.94541794497783,235308.71220965806,117.65435610482903,29209.63125760309,RELATIVE_MOMENTUM_1X_quarterly_189D,pre_tax
2017-04-03,QQQ,BUY,1887.139187741729,124.56607473363461,235073.52109300674,117.53676054650337,0.0,RELATIVE_MOMENTUM_1X_quarterly_189D,pre_tax
2019-01-02,QQQ,SELL,1887.139187741729,144.1642273096665,272057.96282657806,136.02898141328905,36730.87599161154,RELATIVE_MOMENTUM_1X_quarterly_189D,pre_tax
2019-04-01,QQQ,BUY,1565.4087467143672,173.61985576942988,271786.0408247524,135.89302041237622,0.0,RELATIVE_MOMENTUM_1X_quarterly_189D,pre_tax
2019-07-01,QQQ,SELL,1565.4087467143672,182.44945000778995,285607.9648754201,142.80398243771006,13543.227047817607,RELATIVE_MOMENTUM_1X_quarterly_189D,pre_tax
2019-07-01,SPY,BUY,1065.1547952426129,267.8695161656501,285322.49964316085,142.6612498215804,0.0,RELATIVE_MOMENTUM_1X_quarterly_189D,pre_tax
2019-10-01,SPY,SELL,1065.1547952426129,270.06800612770223,287664.2317685334,143.8321158842667,2055.2387596666813,RELATIVE_MOMENTUM_1X_quarterly_189D,pre_tax
2019-10-01,QQQ,BUY,1578.7356408954736,182.0296595913917,287376.71129700064,143.68835564850033,0.0,RELATIVE_MOMENTUM_1X_quarterly_189D,pre_tax
2021-04-01,QQQ,SELL,1578.7356408954736,313.1726923053448,494416.8910976395,247.20844554881975,206649.28299944155,RELATIVE_MOMENTUM_1X_quarterly_189D,pre_tax
2021-04-01,SPY,BUY,1330.816367189314,371.14265609357545,493922.72129144496,246.9613606457225,0.0,RELATIVE_MOMENTUM_1X_quarterly_189D,pre_tax
2022-01-03,SPY,SELL,1330.816367189314,448.15978126090016,596418.3720179887,298.2091860089944,101950.48017988901,RELATIVE_MOMENTUM_1X_quarterly_189D,pre_tax
2022-01-03,QQQ,BUY,1534.8400899716287,388.19825960966415,595822.2517061266,297.9111258530633,0.0,RELATIVE_MOMENTUM_1X_quarterly_189D,pre_tax
2022-04-01,QQQ,SELL,1534.8400899716287,353.3801084265365,542381.9574115692,271.19097870578463,-54009.39639911626,RELATIVE_MOMENTUM_1X_quarterly_189D,pre_tax
2022-04-01,SPY,BUY,1266.4155259344473,427.85312988784034,541839.8465096087,270.91992325480436,0.0,RELATIVE_MOMENTUM_1X_quarterly_189D,pre_tax
2022-07-01,SPY,SELL,1266.4155259344473,356.9484798436387,452045.0968326832,226.0225484163416,-90291.69214859657,RELATIVE_MOMENTUM_1X_quarterly_189D,pre_tax
2023-04-03,QQQ,BUY,1443.388001410294,312.8703281475286,451593.27764544415,225.7966388227221,0.0,RELATIVE_MOMENTUM_1X_quarterly_189D,pre_tax
2024-10-01,QQQ,SELL,1443.388001410294,483.31665887950265,697613.4663083862,348.8067331541931,245445.5852909651,RELATIVE_MOMENTUM_1X_quarterly_189D,pre_tax
2024-10-01,SPY,BUY,1240.378486615604,561.8576982708267,696916.2014744948,348.4581007372474,0.0,RELATIVE_MOMENTUM_1X_quarterly_189D,pre_tax
2025-01-02,SPY,SELL,1240.378486615604,579.4695486945864,718761.5618496181,359.3807809248091,21137.521493461216,RELATIVE_MOMENTUM_1X_quarterly_189D,pre_tax
2025-01-02,QQQ,BUY,1406.5504375632804,510.49940358547883,718043.1594889489,359.0215797444744,0.0,RELATIVE_MOMENTUM_1X_quarterly_189D,pre_tax
2025-04-01,QQQ,SELL,1406.5504375632804,464.538472789733,653396.792167377,326.69839608368846,-65332.08729740011,RELATIVE_MOMENTUM_1X_quarterly_189D,pre_tax
2025-04-01,SPY,BUY,1187.420146228822,549.715889513425,652743.7219103382,326.3718609551691,0.0,RELATIVE_MOMENTUM_1X_quarterly_189D,pre_tax
2025-07-01,SPY,SELL,1187.420146228822,609.6053849111585,723857.7152930851,361.92885764654255,70425.69266414526,RELATIVE_MOMENTUM_1X_quarterly_189D,pre_tax
2025-07-01,QQQ,BUY,1321.7707922012685,547.0950210069877,723134.2193257757,361.5671096628879,0.0,RELATIVE_MOMENTUM_1X_quarterly_189D,pre_tax
2026-04-01,QQQ,SELL,1321.7707922012685,580.8416686249938,767739.5524819647,383.86977624098233,43859.89627028501,RELATIVE_MOMENTUM_1X_quarterly_189D,pre_tax
2026-04-01,SPY,BUY,1175.9413824854319,652.219751792706,766972.19660742,383.48609830371,0.0,RELATIVE_MOMENTUM_1X_quarterly_189D,pre_tax
2026-07-01,SPY,SELL,1175.9413824854319,745.0,876076.3299516467,438.0381649758234,108282.60908094724,RELATIVE_MOMENTUM_1X_quarterly_189D,pre_tax
2026-07-01,QQQ,BUY,1200.2368223791946,729.1900024414062,875200.6914409505,437.6003457204753,0.0,RELATIVE_MOMENTUM_1X_quarterly_189D,pre_tax
2006-06-21,QQQ,BUY,3064.8485430407773,32.61173385368702,99950.02498750626,49.97501249375313,0.0,RELATIVE_MOMENTUM_1X_quarterly_189D,after_tax
2006-07-03,QQQ,SELL,3064.8485430407773,33.25304666513917,101915.55162331877,50.95777581165938,1864.5938475071016,RELATIVE_MOMENTUM_1X_quarterly_189D,after_tax
2006-07-03,SPY,BUY,1149.5562750012016,88.23846754718237,101435.08406535337,50.71754203267668,0.0,RELATIVE_MOMENTUM_1X_quarterly_189D,after_tax
2007-07-02,SPY,SELL,1149.5562750012016,106.38853255891068,122299.60519126542,61.149802595632714,20752.653781283734,RELATIVE_MOMENTUM_1X_quarterly_189D,after_tax
2007-07-02,QQQ,BUY,2882.394201629066,40.92555137681656,117963.57198700849,58.981785993504246,0.0,RELATIVE_MOMENTUM_1X_quarterly_189D,after_tax
2008-04-01,QQQ,SELL,2882.394201629066,38.19275497407215,110086.57548150525,55.043287740752625,-7991.021579237495,RELATIVE_MOMENTUM_1X_quarterly_189D,after_tax
2009-10-01,QQQ,BUY,3017.9936736540335,36.44028311982827,109976.54392180359,54.9882719609018,0.0,RELATIVE_MOMENTUM_1X_quarterly_189D,after_tax
2011-07-01,QQQ,SELL,3017.9936736540335,50.13113354693546,151295.4438977567,75.64772194887834,41188.263982043296,RELATIVE_MOMENTUM_1X_quarterly_189D,after_tax
2011-07-01,SPY,BUY,1423.3760440435358,101.45145774981432,144403.57459438063,72.20178729719031,0.0,RELATIVE_MOMENTUM_1X_quarterly_189D,after_tax
2011-10-03,SPY,SELL,1423.3760440435358,86.84469744775615,123612.6618993449,61.80633094967245,-20924.920813282588,RELATIVE_MOMENTUM_1X_quarterly_189D,after_tax
2012-04-02,QQQ,BUY,2068.3770833170433,59.70338387952456,123489.11101288878,61.74455550644439,0.0,RELATIVE_MOMENTUM_1X_quarterly_189D,after_tax
2013-01-02,QQQ,SELL,2068.3770833170433,59.67479433295389,123429.97704993958,61.71498852496979,-182.59350698061462,RELATIVE_MOMENTUM_1X_quarterly_189D,after_tax
2013-01-02,SPY,BUY,1070.0127692598699,115.23844602558113,123306.6087570361,61.65330437851805,0.0,RELATIVE_MOMENTUM_1X_quarterly_189D,after_tax
2013-10-01,SPY,SELL,1070.0127692598699,135.48841715531478,144974.33644299483,72.48716822149741,21533.58721335871,RELATIVE_MOMENTUM_1X_quarterly_189D,after_tax
2013-10-01,QQQ,BUY,2034.3595678646102,71.14913380721536,144742.92110598797,72.371460552994,0.0,RELATIVE_MOMENTUM_1X_quarterly_189D,after_tax
2015-10-01,QQQ,SELL,2034.3595678646102,94.30266997903755,191845.53894703378,95.9227694735169,46934.323611019296,RELATIVE_MOMENTUM_1X_quarterly_189D,after_tax
2016-01-04,QQQ,BUY,1793.2772681113306,101.55922324526374,182123.8464127753,91.06192320638766,0.0,RELATIVE_MOMENTUM_1X_quarterly_189D,after_tax
2016-07-01,QQQ,SELL,1793.2772681113306,100.3028544990235,179870.82889977715,89.93541444988857,-2434.0148506544356,RELATIVE_MOMENTUM_1X_quarterly_189D,after_tax
2016-07-01,SPY,BUY,1007.0233191390223,178.43782218963668,179691.0479613466,89.8455239806733,0.0,RELATIVE_MOMENTUM_1X_quarterly_189D,after_tax
2017-04-03,SPY,SELL,1007.0233191390223,203.94541794497783,205377.7917021467,102.68889585107335,25494.209320968337,RELATIVE_MOMENTUM_1X_quarterly_189D,after_tax
2017-04-03,QQQ,BUY,1609.508685561167,124.56607473363461,200490.17921004634,100.24508960502317,0.0,RELATIVE_MOMENTUM_1X_quarterly_189D,after_tax
2019-01-02,QQQ,SELL,1609.508685561167,144.1642273096665,232033.57600212263,116.01678800106131,31327.134914470225,RELATIVE_MOMENTUM_1X_quarterly_189D,after_tax
2019-04-01,QQQ,BUY,1298.4732097113408,173.61985576942988,225440.73139055166,112.72036569527583,0.0,RELATIVE_MOMENTUM_1X_quarterly_189D,after_tax
2019-07-01,QQQ,SELL,1298.4732097113408,182.44945000778995,236905.72296168382,118.4528614808419,11233.818343955994,RELATIVE_MOMENTUM_1X_quarterly_189D,after_tax
2019-07-01,SPY,BUY,875.0078370086459,267.8695161656501,234387.925940658,117.193962970329,0.0,RELATIVE_MOMENTUM_1X_quarterly_189D,after_tax
2019-10-01,SPY,SELL,875.0078370086459,270.06800612770223,236311.62188703846,118.15581094351923,1688.3461724666122,RELATIVE_MOMENTUM_1X_quarterly_189D,after_tax
2019-10-01,QQQ,BUY,1295.0230900513304,182.0296595913917,235732.61224503585,117.86630612251793,0.0,RELATIVE_MOMENTUM_1X_quarterly_189D,after_tax
2021-04-01,QQQ,SELL,1295.0230900513304,313.1726923053448,405565.8677089621,202.78293385448106,169512.60622394926,RELATIVE_MOMENTUM_1X_quarterly_189D,after_tax
2021-04-01,SPY,BUY,998.9184000265784,371.14265609357545,370741.228206609,185.37061410330452,0.0,RELATIVE_MOMENTUM_1X_quarterly_189D,after_tax
2022-01-03,SPY,SELL,998.9184000265784,448.15978126090016,447675.0516533998,223.8375258266999,76524.61530686071,RELATIVE_MOMENTUM_1X_quarterly_189D,after_tax
2022-01-03,QQQ,BUY,1112.033305520574,388.19825960966415,431689.39383106877,215.8446969155344,0.0,RELATIVE_MOMENTUM_1X_quarterly_189D,after_tax
2022-04-01,QQQ,SELL,1112.033305520574,353.3801084265365,392970.45007878024,196.48522503939012,-39131.27367424348,RELATIVE_MOMENTUM_1X_quarterly_189D,after_tax
2022-04-01,SPY,BUY,917.5524229976893,427.85312988784034,392577.676015733,196.2888380078665,0.0,RELATIVE_MOMENTUM_1X_quarterly_189D,after_tax
2022-07-01,SPY,SELL,917.5524229976893,356.9484798436387,327518.94256587257,163.7594712829363,-65418.78175915126,RELATIVE_MOMENTUM_1X_quarterly_189D,after_tax
2023-04-03,QQQ,BUY,1045.7737850636245,312.8703281475286,327191.5873009392,163.5957936504696,0.0,RELATIVE_MOMENTUM_1X_quarterly_189D,after_tax
2024-10-01,QQQ,SELL,1045.7737850636245,483.31665887950265,505439.8917407221,252.71994587036107,177831.9887002621,RELATIVE_MOMENTUM_1X_quarterly_189D,after_tax
2024-10-01,SPY,BUY,872.2046900844907,561.8576982708267,490054.91959189175,245.02745979594587,0.0,RELATIVE_MOMENTUM_1X_quarterly_189D,after_tax
2025-01-02,SPY,SELL,872.2046900844907,579.4695486945864,505416.0581325614,252.7080290662807,14863.403051807429,RELATIVE_MOMENTUM_1X_quarterly_189D,after_tax
2025-01-02,QQQ,BUY,983.1410179851891,510.49940358547883,501892.90332185954,250.94645166092977,0.0,RELATIVE_MOMENTUM_1X_quarterly_189D,after_tax
2025-04-01,QQQ,SELL,983.1410179851891,464.538472789733,456706.8270317832,228.3534135158916,-45665.37615525321,RELATIVE_MOMENTUM_1X_quarterly_189D,after_tax
2025-04-01,SPY,BUY,829.9748236273291,549.715889513425,456250.3484440453,228.12517422202265,0.0,RELATIVE_MOMENTUM_1X_quarterly_189D,after_tax
2025-07-01,SPY,SELL,829.9748236273291,609.6053849111585,505957.1218239088,252.97856091195442,49225.669644729525,RELATIVE_MOMENTUM_1X_quarterly_189D,after_tax
2025-07-01,QQQ,BUY,922.560955606776,547.0950210069877,504728.5053879158,252.36425269395792,0.0,RELATIVE_MOMENTUM_1X_quarterly_189D,after_tax
2026-04-01,QQQ,SELL,922.560955606776,580.8416686249938,535861.8448629086,267.9309224314543,30613.04429986741,RELATIVE_MOMENTUM_1X_quarterly_189D,after_tax
2026-04-01,SPY,BUY,811.2454696093131,652.219751792706,529110.3188315434,264.5551594157717,0.0,RELATIVE_MOMENTUM_1X_quarterly_189D,after_tax
2026-07-01,SPY,SELL,811.2454696093131,745.0,604377.8748589383,302.18893742946915,74700.81193054956,RELATIVE_MOMENTUM_1X_quarterly_189D,after_tax
2026-07-01,QQQ,BUY,807.2051331622642,729.1900024414062,588605.9130213071,294.30295651065353,0.0,RELATIVE_MOMENTUM_1X_quarterly_189D,after_tax
2006-06-21,QQQ,BUY,3064.8485430407773,32.61173385368702,99950.02498750626,49.97501249375313,0.0,RELATIVE_MOMENTUM_1X_quarterly_252D,pre_tax
2006-07-03,QQQ,SELL,3064.8485430407773,33.25304666513917,101915.55162331877,50.95777581165938,1864.5938475071016,RELATIVE_MOMENTUM_1X_quarterly_252D,pre_tax
2006-07-03,SPY,BUY,1153.846953989357,88.23846754718237,101813.6870040051,50.90684350200255,0.0,RELATIVE_MOMENTUM_1X_quarterly_252D,pre_tax
2007-07-02,SPY,SELL,1153.846953989357,106.38853255891068,122756.08423249662,61.37804211624831,20830.112342873268,RELATIVE_MOMENTUM_1X_quarterly_252D,pre_tax
2007-07-02,QQQ,BUY,2996.499384125628,40.92555137681656,122633.38949563255,61.31669474781628,0.0,RELATIVE_MOMENTUM_1X_quarterly_252D,pre_tax
2008-07-01,QQQ,SELL,2996.499384125628,38.55497240482036,115529.95106602479,57.7649755330124,-7222.520099888585,RELATIVE_MOMENTUM_1X_quarterly_252D,pre_tax
2009-10-01,QQQ,BUY,3167.2223421410717,36.44028311982827,115414.47885106626,57.70723942553313,0.0,RELATIVE_MOMENTUM_1X_quarterly_252D,pre_tax
2013-04-01,QQQ,SELL,3167.2223421410717,61.865501108017654,195941.79731706675,97.97089865853337,80371.64032791642,RELATIVE_MOMENTUM_1X_quarterly_252D,pre_tax
2013-04-01,SPY,BUY,1567.1162741983824,124.9083789534482,195745.9534416874,97.8729767208437,0.0,RELATIVE_MOMENTUM_1X_quarterly_252D,pre_tax
2014-01-02,SPY,SELL,1567.1162741983824,149.05726190190381,233590.06091392398,116.795030456962,37629.439465058764,RELATIVE_MOMENTUM_1X_quarterly_252D,pre_tax
2014-01-02,QQQ,BUY,2946.0431091403057,79.2101741029067,233356.58758967218,116.6782937948361,0.0,RELATIVE_MOMENTUM_1X_quarterly_252D,pre_tax
2016-07-01,QQQ,SELL,2946.0431091403057,100.3028544990235,295496.5333239509,147.74826666197544,61875.51917382196,RELATIVE_MOMENTUM_1X_quarterly_252D,pre_tax
2016-07-01,SPY,BUY,1654.3644214135738,178.43782218963668,295201.18446505646,147.60059223252824,0.0,RELATIVE_MOMENTUM_1X_quarterly_252D,pre_tax
2016-10-03,SPY,SELL,1654.3644214135738,184.76696374787355,305671.8910770936,152.8359455385468,10170.270074266067,RELATIVE_MOMENTUM_1X_quarterly_252D,pre_tax
2016-10-03,QQQ,BUY,2753.0519469135365,110.91921904631346,305366.3719455823,152.68318597279114,0.0,RELATIVE_MOMENTUM_1X_quarterly_252D,pre_tax
2017-01-03,QQQ,SELL,2753.0519469135365,111.90398145131604,308077.4740019219,154.03873700096094,2404.380133365863,RELATIVE_MOMENTUM_1X_quarterly_252D,pre_tax
2017-01-03,SPY,BUY,1588.111800515185,193.7958967308444,307769.5504896761,153.88477524483807,0.0,RELATIVE_MOMENTUM_1X_quarterly_252D,pre_tax
2017-04-03,SPY,SELL,1588.111800515185,203.94541794497783,323888.12489942065,161.94406244971034,15802.745572049927,RELATIVE_MOMENTUM_1X_quarterly_252D,pre_tax
2017-04-03,QQQ,BUY,2597.5322681520215,124.56607473363461,323564.3986376521,161.78219931882606,0.0,RELATIVE_MOMENTUM_1X_quarterly_252D,pre_tax
2019-01-02,QQQ,SELL,2597.5322681520215,144.1642273096665,374471.23235006165,187.23561617503083,50557.81589691568,RELATIVE_MOMENTUM_1X_quarterly_252D,pre_tax
2019-04-01,QQQ,BUY,2154.6898919013265,173.61985576942988,374096.9482597567,187.04847412987837,0.0,RELATIVE_MOMENTUM_1X_quarterly_252D,pre_tax
2019-10-01,QQQ,SELL,2154.6898919013265,182.0296595913917,392217.46754781104,196.10873377390553,17737.362080150517,RELATIVE_MOMENTUM_1X_quarterly_252D,pre_tax
2019-10-01,SPY,BUY,1450.839926243304,270.06800612770223,391825.44609099167,195.91272304549582,0.0,RELATIVE_MOMENTUM_1X_quarterly_252D,pre_tax
2020-01-02,SPY,SELL,1450.839926243304,294.9129966046256,427871.5502420468,213.93577512102343,35636.25565288862,RELATIVE_MOMENTUM_1X_quarterly_252D,pre_tax
2020-01-02,QQQ,BUY,2071.0030809728523,206.3946193261451,427443.8925206655,213.72194626033274,0.0,RELATIVE_MOMENTUM_1X_quarterly_252D,pre_tax
2021-10-01,QQQ,SELL,2071.0030809728523,348.40329448757456,721544.2963048589,360.77214815242945,293525.9096897806,RELATIVE_MOMENTUM_1X_quarterly_252D,pre_tax
2021-10-01,SPY,BUY,1783.784565987329,404.0976283486504,720823.1126004063,360.41155630020313,0.0,RELATIVE_MOMENTUM_1X_quarterly_252D,pre_tax
2022-07-01,SPY,SELL,1783.784565987329,356.9484798436387,636719.1891977219,318.35959459886095,-84782.69455358351,RELATIVE_MOMENTUM_1X_quarterly_252D,pre_tax
2023-07-03,QQQ,BUY,1748.8294354937286,363.7191685474118,636082.7882090185,318.04139410450927,0.0,RELATIVE_MOMENTUM_1X_quarterly_252D,pre_tax
2025-04-01,QQQ,SELL,1748.8294354937286,464.538472789733,812398.5551339876,406.19927756699377,175591.52625329758,RELATIVE_MOMENTUM_1X_quarterly_252D,pre_tax
2025-04-01,SPY,BUY,1476.3745746798404,549.715889513425,811586.562575133,405.7932812875665,0.0,RELATIVE_MOMENTUM_1X_quarterly_252D,pre_tax
2025-07-01,SPY,SELL,1476.3745746798404,609.6053849111585,900005.8908707519,450.002945435376,87563.53206889599,RELATIVE_MOMENTUM_1X_quarterly_252D,pre_tax
2025-07-01,QQQ,BUY,1643.41896788429,547.0950210069877,899106.3347579377,449.55316737896885,0.0,RELATIVE_MOMENTUM_1X_quarterly_252D,pre_tax
2006-06-21,QQQ,BUY,3064.8485430407773,32.61173385368702,99950.02498750626,49.97501249375313,0.0,RELATIVE_MOMENTUM_1X_quarterly_252D,after_tax
2006-07-03,QQQ,SELL,3064.8485430407773,33.25304666513917,101915.55162331877,50.95777581165938,1864.5938475071016,RELATIVE_MOMENTUM_1X_quarterly_252D,after_tax
2006-07-03,SPY,BUY,1149.5562750012016,88.23846754718237,101435.08406535337,50.71754203267668,0.0,RELATIVE_MOMENTUM_1X_quarterly_252D,after_tax
2007-07-02,SPY,SELL,1149.5562750012016,106.38853255891068,122299.60519126542,61.149802595632714,20752.653781283734,RELATIVE_MOMENTUM_1X_quarterly_252D,after_tax
2007-07-02,QQQ,BUY,2882.394201629066,40.92555137681656,117963.57198700849,58.981785993504246,0.0,RELATIVE_MOMENTUM_1X_quarterly_252D,after_tax
2008-07-01,QQQ,SELL,2882.394201629066,38.55497240482036,111130.62890362287,55.56531445181144,-6947.490183830931,RELATIVE_MOMENTUM_1X_quarterly_252D,after_tax
2009-10-01,QQQ,BUY,3046.6161156650232,36.44028311982827,111019.55381226493,55.509776906132466,0.0,RELATIVE_MOMENTUM_1X_quarterly_252D,after_tax
2013-04-01,QQQ,SELL,3046.6161156650232,61.865501108017654,188480.43267937892,94.24021633968947,77311.12887386819,RELATIVE_MOMENTUM_1X_quarterly_252D,after_tax
2013-04-01,SPY,BUY,1393.0596034680768,124.9083789534482,174004.81685473083,87.00240842736542,0.0,RELATIVE_MOMENTUM_1X_quarterly_252D,after_tax
2014-01-02,SPY,SELL,1393.0596034680768,149.05726190190381,207645.65015910342,103.8228250795517,33450.008070865675,RELATIVE_MOMENTUM_1X_quarterly_252D,after_tax
2014-01-02,QQQ,BUY,2533.085394638732,79.2101741029067,200646.1351268641,100.32306756343205,0.0,RELATIVE_MOMENTUM_1X_quarterly_252D,after_tax
2016-07-01,QQQ,SELL,2533.085394638732,100.3028544990235,254075.69577205024,127.03784788602512,53202.19972973666,RELATIVE_MOMENTUM_1X_quarterly_252D,after_tax
2016-07-01,SPY,BUY,1361.9260676139215,178.43782218963668,243019.12148832405,121.50956074416203,0.0,RELATIVE_MOMENTUM_1X_quarterly_252D,after_tax
2016-10-03,SPY,SELL,1361.9260676139215,184.76696374787355,251638.94436210542,125.81947218105272,8372.493840856157,RELATIVE_MOMENTUM_1X_quarterly_252D,after_tax
2016-10-03,QQQ,BUY,2251.0743513021725,110.91921904631346,249687.40906162365,124.84370453081183,0.0,RELATIVE_MOMENTUM_1X_quarterly_252D,after_tax
2017-01-03,QQQ,SELL,2251.0743513021725,111.90398145131604,251904.18245365162,125.95209122682581,1965.977596270328,RELATIVE_MOMENTUM_1X_quarterly_252D,after_tax
2017-01-03,SPY,BUY,1296.4836699045043,193.7958967308444,251253.21540603947,125.62660770301973,0.0,RELATIVE_MOMENTUM_1X_quarterly_252D,after_tax
2017-04-03,SPY,SELL,1296.4836699045043,203.94541794497783,264411.9039175128,132.2059519587564,12900.855951811536,RELATIVE_MOMENTUM_1X_quarterly_252D,after_tax
2017-04-03,QQQ,BUY,2099.5132549185078,124.56607473363461,261528.12501643528,130.76406250821765,0.0,RELATIVE_MOMENTUM_1X_quarterly_252D,after_tax
2019-01-02,QQQ,SELL,2099.5132549185078,144.1642273096665,302674.70612172957,151.33735306086479,40864.47968972524,RELATIVE_MOMENTUM_1X_quarterly_252D,after_tax
2019-04-01,QQQ,BUY,1693.7850285629515,173.61985576942988,294074.7123635193,147.03735618175966,0.0,RELATIVE_MOMENTUM_1X_quarterly_252D,after_tax
2019-10-01,QQQ,SELL,1693.7850285629515,182.0296595913917,308319.1121703097,154.15955608515486,13943.202894523507,RELATIVE_MOMENTUM_1X_quarterly_252D,after_tax
2019-10-01,SPY,BUY,1130.0109384351672,270.06800612770223,305179.80104567925,152.58990052283963,0.0,RELATIVE_MOMENTUM_1X_quarterly_252D,after_tax
2020-01-02,SPY,SELL,1130.0109384351672,294.9129966046256,333254.9120499203,166.62745602496014,27755.893647693214,RELATIVE_MOMENTUM_1X_quarterly_252D,after_tax
2020-01-02,QQQ,BUY,1585.729477115374,206.3946193261451,327286.0317834747,163.64301589173738,0.0,RELATIVE_MOMENTUM_1X_quarterly_252D,after_tax
2021-10-01,QQQ,SELL,1585.729477115374,348.40329448757456,552473.3739930553,276.2366869965277,224747.46250669233,RELATIVE_MOMENTUM_1X_quarterly_252D,after_tax
2021-10-01,SPY,BUY,1252.881758037675,404.0976283486504,506286.5470243121,253.14327351215604,0.0,RELATIVE_MOMENTUM_1X_quarterly_252D,after_tax
2022-07-01,SPY,SELL,1252.881758037675,356.9484798436387,447214.23895537364,223.60711947768684,-59549.058461928274,RELATIVE_MOMENTUM_1X_quarterly_252D,after_tax
2023-07-03,QQQ,BUY,1228.3302252010749,363.7191685474118,446767.24821179005,223.38362410589502,0.0,RELATIVE_MOMENTUM_1X_quarterly_252D,after_tax
2025-04-01,QQQ,SELL,1228.3302252010749,464.538472789733,570606.6468963762,285.3033234481881,123330.71173703205,RELATIVE_MOMENTUM_1X_quarterly_252D,after_tax
2025-04-01,SPY,BUY,1013.4063223535767,549.715889513425,557085.5579311252,278.5427789655626,0.0,RELATIVE_MOMENTUM_1X_quarterly_252D,after_tax
2025-07-01,SPY,SELL,1013.4063223535767,609.6053849111585,617777.9512097536,308.8889756048768,60104.96152405802,RELATIVE_MOMENTUM_1X_quarterly_252D,after_tax
2025-07-01,QQQ,BUY,1105.760860437852,547.0950210069877,604956.2611699514,302.4781305849757,0.0,RELATIVE_MOMENTUM_1X_quarterly_252D,after_tax
2006-07-03,SSO,BUY,26561.98909254052,3.7628968462898555,99950.02498750626,49.97501249375313,0.0,RELATIVE_MOMENTUM_2X_weekly_126D,pre_tax
2006-07-17,SSO,SELL,26561.98909254052,3.5376846540380225,93967.94119340593,46.98397059670297,-6079.042777190785,RELATIVE_MOMENTUM_2X_weekly_126D,pre_tax
2006-07-31,SSO,BUY,24896.691844201097,3.770541917783663,93874.02021270289,46.937010106351444,0.0,RELATIVE_MOMENTUM_2X_weekly_126D,pre_tax
2006-11-20,SSO,SELL,24896.691844201097,4.47930182122022,111519.79712008858,55.75989856004429,17543.079998719288,RELATIVE_MOMENTUM_2X_weekly_126D,pre_tax
2006-11-20,QLD,BUY,90157.5337010803,1.2357074165801643,111408.33305500104,55.704166527500526,0.0,RELATIVE_MOMENTUM_2X_weekly_126D,pre_tax
2006-12-26,QLD,SELL,90157.5337010803,1.1642468602768745,104965.62554178925,52.482812770894625,-6550.894492510182,RELATIVE_MOMENTUM_2X_weekly_126D,pre_tax
2006-12-26,SSO,BUY,23093.59488053059,4.540683809311837,104860.71237283196,52.43035618641598,0.0,RELATIVE_MOMENTUM_2X_weekly_126D,pre_tax
2007-01-08,SSO,SELL,23093.59488053059,4.524730186140225,104492.28586243012,52.24614293121506,-473.10300951947283,RELATIVE_MOMENTUM_2X_weekly_126D,pre_tax
2007-01-08,QLD,BUY,86126.22331985939,1.2120332434515373,104387.84579660061,52.19392289830031,0.0,RELATIVE_MOMENTUM_2X_weekly_126D,pre_tax
2007-04-02,QLD,SELL,86126.22331985939,1.1767243792640416,101346.82667441777,50.673413337208885,-3143.886458418361,RELATIVE_MOMENTUM_2X_weekly_126D,pre_tax
2007-04-02,SSO,BUY,22205.106792448925,4.559560620094033,101245.53049583265,50.62276524791633,0.0,RELATIVE_MOMENTUM_2X_weekly_126D,pre_tax
2007-04-09,SSO,SELL,22205.106792448925,4.7243236645868185,104904.11149424396,52.45205574712198,3555.506177416275,RELATIVE_MOMENTUM_2X_weekly_126D,pre_tax
2007-04-09,QLD,BUY,85131.01983156589,1.2310349390379771,104799.25980859254,52.39962990429627,0.0,RELATIVE_MOMENTUM_2X_weekly_126D,pre_tax
2007-04-16,QLD,SELL,85131.01983156589,1.2346556084326434,105107.49108663342,52.553745543316715,203.27790259326866,RELATIVE_MOMENTUM_2X_weekly_126D,pre_tax
2007-04-16,SSO,BUY,21914.266082390153,4.791510504082378,105002.4361230286,52.5012180615143,0.0,RELATIVE_MOMENTUM_2X_weekly_126D,pre_tax
2007-04-30,SSO,SELL,21914.266082390153,5.0122648360560085,109840.10529273903,54.92005264636951,4730.247899002541,RELATIVE_MOMENTUM_2X_weekly_126D,pre_tax
2007-04-30,QLD,BUY,82976.82674475313,1.3224212636812027,109730.32008005264,54.86516004002632,0.0,RELATIVE_MOMENTUM_2X_weekly_126D,pre_tax
2007-05-07,QLD,SELL,82976.82674475313,1.3318354051171817,110511.47566293647,55.25573783146824,671.0346850123315,RELATIVE_MOMENTUM_2X_weekly_126D,pre_tax
2007-05-07,SSO,BUY,21601.059093336607,5.1109077077361125,110401.01941539731,55.20050970769866,0.0,RELATIVE_MOMENTUM_2X_weekly_126D,pre_tax
2007-06-25,SSO,SELL,21601.059093336607,5.062917321308682,109364.37624226633,54.682188121133166,-1146.5258709598274,RELATIVE_MOMENTUM_2X_weekly_126D,pre_tax
2007-06-25,QLD,BUY,80398.57290443992,1.3589179829192126,109255.06652088475,54.62753326044238,0.0,RELATIVE_MOMENTUM_2X_weekly_126D,pre_tax
2008-01-07,QLD,SELL,80398.57290443992,1.347410977138844,108329.91967773998,54.16495983886999,-1033.9393362441042,RELATIVE_MOMENTUM_2X_weekly_126D,pre_tax
2008-05-19,QLD,BUY,78201.27654945744,1.3838858989406608,108221.64389595314,54.11082194797657,0.0,RELATIVE_MOMENTUM_2X_weekly_126D,pre_tax
2008-05-27,QLD,SELL,78201.27654945744,1.2874348786852983,100679.0509874862,50.3395254937431,-7647.043255908662,RELATIVE_MOMENTUM_2X_weekly_126D,pre_tax
2008-07-28,QLD,BUY,90230.45827081522,1.1146837129984835,100578.42225086702,50.28921112543351,0.0,RELATIVE_MOMENTUM_2X_weekly_126D,pre_tax
2008-08-04,QLD,SELL,90230.45827081522,1.0943780891771893,98746.23650799687,49.373118253998435,-1931.8480722495733,RELATIVE_MOMENTUM_2X_weekly_126D,pre_tax
2008-08-11,QLD,BUY,81437.511216057,1.2113280249714045,98647.53961993293,49.323769809966464,0.0,RELATIVE_MOMENTUM_2X_weekly_126D,pre_tax
2008-09-22,QLD,SELL,81437.511216057,0.9748330949963075,79387.98110754535,39.69399055377267,-19348.57627275132,RELATIVE_MOMENTUM_2X_weekly_126D,pre_tax
2009-04-13,QLD,BUY,165696.4916006294,0.4786379725633854,79308.63280059128,39.65431640029564,0.0,RELATIVE_MOMENTUM_2X_weekly_126D,pre_tax
2010-01-25,QLD,SELL,165696.4916006294,0.8513186935585352,141060.52075668063,70.53026037834032,61641.70337931071,RELATIVE_MOMENTUM_2X_weekly_126D,pre_tax
2010-01-25,SSO,BUY,65992.97200104839,2.135371789721762,140919.53073093682,70.45976536546841,0.0,RELATIVE_MOMENTUM_2X_weekly_126D,pre_tax
2010-02-08,SSO,SELL,65992.97200104839,1.9956848924447537,131701.1772300219,65.85058861501095,-9354.663854895422,RELATIVE_MOMENTUM_2X_weekly_126D,pre_tax
2010-02-08,QLD,BUY,165722.9329153407,0.7939127045119564,131569.54187047164,65.78477093523583,0.0,RELATIVE_MOMENTUM_2X_weekly_126D,pre_tax
2010-06-28,QLD,SELL,165722.9329153407,0.8696396540605911,144119.23405040344,72.05961702520172,12411.847791971348,RELATIVE_MOMENTUM_2X_weekly_126D,pre_tax
2010-07-26,QLD,BUY,160458.47015430217,0.8972738347904413,143975.18683995827,71.98759341997913,0.0,RELATIVE_MOMENTUM_2X_weekly_126D,pre_tax
2010-08-30,QLD,SELL,160458.47015430217,0.8081112534660793,129668.2954456426,64.8341477228213,-14443.71313545847,RELATIVE_MOMENTUM_2X_weekly_126D,pre_tax
2010-09-20,QLD,BUY,132675.10507659178,0.9763601986760263,129538.69195194381,64.7693459759719,0.0,RELATIVE_MOMENTUM_2X_weekly_126D,pre_tax
2011-03-21,QLD,SELL,132675.10507659178,1.2740769652553008,169038.2952409122,84.51914762045611,39350.314795371974,RELATIVE_MOMENTUM_2X_weekly_126D,pre_tax
2011-03-21,SSO,BUY,57442.00796788297,2.939823091090389,168869.34142258047,84.43467071129024,0.0,RELATIVE_MOMENTUM_2X_weekly_126D,pre_tax
2011-04-04,SSO,SELL,57442.00796788297,3.126055922118383,179566.9291863719,89.78346459318595,10523.36962848698,RELATIVE_MOMENTUM_2X_weekly_126D,pre_tax
2011-04-04,QLD,BUY,129786.71734056674,1.382171116363621,179387.45199578087,89.69372599789044,0.0,RELATIVE_MOMENTUM_2X_weekly_126D,pre_tax
2011-04-11,QLD,SELL,129786.71734056674,1.3606440820505818,176593.52887821378,88.2967644391069,-2971.913608004106,RELATIVE_MOMENTUM_2X_weekly_126D,pre_tax
2011-04-11,SSO,BUY,56813.335528527314,3.105204472872228,176417.0236019737,88.20851180098684,0.0,RELATIVE_MOMENTUM_2X_weekly_126D,pre_tax
2011-07-25,SSO,SELL,56813.335528527314,3.1216793727421295,177353.01761608128,88.67650880804064,759.1089934985503,RELATIVE_MOMENTUM_2X_weekly_126D,pre_tax
2011-07-25,QLD,BUY,122386.86790309209,1.4476696419010295,177175.75323065792,88.58787661532897,0.0,RELATIVE_MOMENTUM_2X_weekly_126D,pre_tax
2011-08-08,QLD,SELL,122386.86790309209,1.122318245115123,137357.0148101347,68.67850740506735,-39976.00480454363,RELATIVE_MOMENTUM_2X_weekly_126D,pre_tax
2011-09-19,QLD,BUY,108337.40216849682,1.2665960572517,137219.72643950986,68.60986321975493,0.0,RELATIVE_MOMENTUM_2X_weekly_126D,pre_tax
2011-09-26,QLD,SELL,108337.40216849682,1.1991140306329697,129908.89898257125,64.95444949128563,-7444.39176964965,RELATIVE_MOMENTUM_2X_weekly_126D,pre_tax
2011-10-17,QLD,BUY,96211.85748345875,1.348888363660264,129779.05500557719,64.8895275027886,0.0,RELATIVE_MOMENTUM_2X_weekly_126D,pre_tax
2011-10-24,QLD,SELL,96211.85748345875,1.3299567142249424,127957.60584817924,63.97880292408962,-1950.3174878248246,RELATIVE_MOMENTUM_2X_weekly_126D,pre_tax
2011-10-31,QLD,BUY,93402.93533409367,1.3685834575961184,127829.71218916058,63.91485609458029,0.0,RELATIVE_MOMENTUM_2X_weekly_126D,pre_tax
2011-11-07,QLD,SELL,93402.93533409367,1.3356054958353534,124749.47375936962,62.37473687968481,-3206.5280227652256,RELATIVE_MOMENTUM_2X_weekly_126D,pre_tax
2011-11-14,QLD,BUY,93641.43924571386,1.3308721825832002,124624.78662917535,62.31239331458767,0.0,RELATIVE_MOMENTUM_2X_weekly_126D,pre_tax
2011-11-21,QLD,SELL,93641.43924571386,1.1940750652414829,111814.90767663214,55.90745383831607,-12928.098799696105,RELATIVE_MOMENTUM_2X_weekly_126D,pre_tax
2011-12-05,QLD,BUY,85014.79505816019,1.313925988671165,111703.14864846959,55.8515743242348,0.0,RELATIVE_MOMENTUM_2X_weekly_126D,pre_tax
2012-01-03,QLD,SELL,85014.79505816019,1.290871759931478,109743.19811694117,54.871599058470586,-2070.67370491114,RELATIVE_MOMENTUM_2X_weekly_126D,pre_tax
2012-01-17,QLD,BUY,79831.20902501023,1.3733164147451937,109633.5097630012,54.8167548815006,0.0,RELATIVE_MOMENTUM_2X_weekly_126D,pre_tax
2012-09-24,QLD,SELL,79831.20902501023,1.9108869080313444,152548.41217820576,76.27420608910289,42783.811454233975,RELATIVE_MOMENTUM_2X_weekly_126D,pre_tax
2012-09-24,SSO,BUY,41910.02505781339,3.6362645880524007,152395.94000211562,76.19797000105781,0.0,RELATIVE_MOMENTUM_2X_weekly_126D,pre_tax
2013-08-05,SSO,SELL,41910.02505781339,5.078141427141748,212825.03445863092,106.41251722931547,60246.48396928492,RELATIVE_MOMENTUM_2X_weekly_126D,pre_tax
2013-08-05,QLD,BUY,91353.12370919227,2.327367769714437,212612.31578350984,106.30615789175492,0.0,RELATIVE_MOMENTUM_2X_weekly_126D,pre_tax
2014-04-07,QLD,SELL,91353.12370919227,2.918251266868102,266591.36899670877,133.29568449835438,53739.45137080885,RELATIVE_MOMENTUM_2X_weekly_126D,pre_tax
2014-04-07,SSO,BUY,43594.01448537046,6.109208202106666,266324.91085678205,133.16245542839104,0.0,RELATIVE_MOMENTUM_2X_weekly_126D,pre_tax
2014-05-27,SSO,SELL,43594.01448537046,6.428581836848956,280247.6897159828,140.1238448579914,13649.492558914411,RELATIVE_MOMENTUM_2X_weekly_126D,pre_tax
2014-05-27,QLD,BUY,87133.72032720459,3.2130796324172826,279967.58208008483,139.9837910400424,0.0,RELATIVE_MOMENTUM_2X_weekly_126D,pre_tax
2014-06-09,QLD,SELL,87133.72032720459,3.395432690204156,295856.6824180968,147.9283412090484,15601.188205762883,RELATIVE_MOMENTUM_2X_weekly_126D,pre_tax
2014-06-09,SSO,BUY,44006.82084293678,6.716253706328144,295560.97359009273,147.78048679504636,0.0,RELATIVE_MOMENTUM_2X_weekly_126D,pre_tax
2014-06-30,SSO,SELL,44006.82084293678,6.802670955657959,299363.92199908936,149.68196099954469,3505.485961202008,RELATIVE_MOMENTUM_2X_weekly_126D,pre_tax
2014-06-30,QLD,BUY,86078.74704849094,3.47431529777931,299064.7076842477,149.53235384212385,0.0,RELATIVE_MOMENTUM_2X_weekly_126D,pre_tax
2015-08-24,QLD,SELL,86078.74704849094,3.432666745387014,295479.6524779354,147.7398262389677,-3882.327386393328,RELATIVE_MOMENTUM_2X_weekly_126D,pre_tax
2015-09-14,QLD,BUY,68200.69883962389,4.328171492576434,295184.3204914508,147.59216024572538,0.0,RELATIVE_MOMENTUM_2X_weekly_126D,pre_tax
2015-09-21,QLD,SELL,68200.69883962389,4.345996181275089,296399.9767172978,148.1999883586489,919.8640772426152,RELATIVE_MOMENTUM_2X_weekly_126D,pre_tax
2015-10-19,QLD,BUY,65823.8981359882,4.498422810736208,296103.7248665059,148.05186243325295,0.0,RELATIVE_MOMENTUM_2X_weekly_126D,pre_tax
2015-12-21,QLD,SELL,65823.8981359882,4.735051696506294,311679.5605394684,155.8397802697342,15271.944030259561,RELATIVE_MOMENTUM_2X_weekly_126D,pre_tax
2015-12-28,QLD,BUY,64080.372398101834,4.859023521374722,311368.0367408283,155.68401837041415,0.0,RELATIVE_MOMENTUM_2X_weekly_126D,pre_tax
2016-01-11,QLD,SELL,64080.372398101834,4.215746027529573,270146.5753799135,135.07328768995674,-41512.21866697515,RELATIVE_MOMENTUM_2X_weekly_126D,pre_tax
2016-02-29,SSO,BUY,39854.40126825,6.7715623675750845,269876.5638103184,134.93828190515922,0.0,RELATIVE_MOMENTUM_2X_weekly_126D,pre_tax
2016-04-11,SSO,SELL,39854.40126825,7.534754647001313,300293.13515940175,150.14656757970087,30131.486499598483,RELATIVE_MOMENTUM_2X_weekly_126D,pre_tax
2016-04-11,QLD,BUY,65848.10177187508,4.555833562751335,299992.99209577416,149.9964960478871,0.0,RELATIVE_MOMENTUM_2X_weekly_126D,pre_tax
2016-04-18,QLD,SELL,65848.10177187508,4.6234829385361875,304447.5750772589,152.22378753862947,4152.362697898236,RELATIVE_MOMENTUM_2X_weekly_126D,pre_tax
2016-04-18,SSO,BUY,39709.58864569088,7.659189883924917,304143.2796498953,152.07163982494765,0.0,RELATIVE_MOMENTUM_2X_weekly_126D,pre_tax
2016-05-02,SSO,SELL,39709.58864569088,7.64733743653064,303672.6238394239,151.83631191971193,-774.5637622161303,RELATIVE_MOMENTUM_2X_weekly_126D,pre_tax
2016-05-31,SSO,BUY,38396.55859391452,7.900945138976524,303369.1029760162,151.68455148800808,0.0,RELATIVE_MOMENTUM_2X_weekly_126D,pre_tax
2016-06-27,SSO,SELL,38396.55859391452,7.301445187534337,280350.3679634173,140.17518398170867,-23310.5947480686,RELATIVE_MOMENTUM_2X_weekly_126D,pre_tax
2016-07-05,SSO,BUY,35760.29717784381,7.831874447455929,280070.1577005853,140.03507885029265,0.0,RELATIVE_MOMENTUM_2X_weekly_126D,pre_tax
2016-08-08,SSO,SELL,35760.29717784381,8.541492558788091,305446.31224460364,152.72315612230182,25083.396309045726,RELATIVE_MOMENTUM_2X_weekly_126D,pre_tax
2016-08-08,QLD,BUY,59176.07476867006,5.156493055209271,305141.01857919176,152.5705092895959,0.0,RELATIVE_MOMENTUM_2X_weekly_126D,pre_tax
2017-12-04,QLD,SELL,59176.07476867006,8.988295437782181,531892.0428690944,265.9460214345472,226332.50775917852,RELATIVE_MOMENTUM_2X_weekly_126D,pre_tax
2017-12-04,SSO,BUY,41189.6284479343,12.900344981528681,531360.4166393402,265.6802083196701,0.0,RELATIVE_MOMENTUM_2X_weekly_126D,pre_tax
2017-12-11,SSO,SELL,41189.6284479343,12.820442897560985,528069.2794884952,264.0346397442476,-3820.851998908911,RELATIVE_MOMENTUM_2X_weekly_126D,pre_tax
2017-12-11,QLD,BUY,59285.142272790355,8.898375779960249,527541.4741116952,263.7707370558476,0.0,RELATIVE_MOMENTUM_2X_weekly_126D,pre_tax
2018-11-05,QLD,SELL,59285.142272790355,10.184356188169865,603781.0055724233,301.8905027862117,75673.87022088608,RELATIVE_MOMENTUM_2X_weekly_126D,pre_tax
2018-11-05,SSO,BUY,45307.6711360173,13.312922760821145,603177.5263064839,301.5887631532419,0.0,RELATIVE_MOMENTUM_2X_weekly_126D,pre_tax
2018-11-26,SSO,SELL,45307.6711360173,12.619813119780225,571774.3426289989,285.8871713144995,-31990.659611952724,RELATIVE_MOMENTUM_2X_weekly_126D,pre_tax
2018-12-03,SSO,BUY,40744.25874828233,14.019223114587883,571202.8540306692,285.6014270153346,0.0,RELATIVE_MOMENTUM_2X_weekly_126D,pre_tax
2018-12-10,SSO,SELL,40744.25874828233,12.33801637864248,502703.33177195454,251.35166588597727,-69036.47535161604,RELATIVE_MOMENTUM_2X_weekly_126D,pre_tax
2019-04-15,QLD,BUY,42427.87387853049,11.836578969382698,502200.8796662355,251.10043983311775,0.0,RELATIVE_MOMENTUM_2X_weekly_126D,pre_tax
2019-09-23,QLD,SELL,42427.87387853049,12.151292333945477,515553.4986057931,257.7767493028966,12843.741750421526,RELATIVE_MOMENTUM_2X_weekly_126D,pre_tax
2019-09-23,SSO,BUY,33019.54016499469,15.59798229113817,515038.20275511267,257.51910137755635,0.0,RELATIVE_MOMENTUM_2X_weekly_126D,pre_tax
2019-10-14,SSO,SELL,33019.54016499469,15.380671508103843,507862.7006264242,253.9313503132121,-7686.952580379206,RELATIVE_MOMENTUM_2X_weekly_126D,pre_tax
2019-10-14,QLD,BUY,41715.052743924774,12.162398423531545,507355.091730246,253.677545865123,0.0,RELATIVE_MOMENTUM_2X_weekly_126D,pre_tax
2019-10-21,QLD,SELL,41715.052743924774,12.391926090028011,516929.850444336,258.464925222168,9062.616243002762,RELATIVE_MOMENTUM_2X_weekly_126D,pre_tax
2019-10-21,SSO,BUY,32813.09108971474,15.738022898169405,516413.17892964906,258.20658946482456,0.0,RELATIVE_MOMENTUM_2X_weekly_126D,pre_tax
2019-11-11,SSO,SELL,32813.09108971474,16.56017771171062,543390.6197162244,271.6953098581122,26447.53888725245,RELATIVE_MOMENTUM_2X_weekly_126D,pre_tax
2019-11-11,QLD,BUY,40630.40797034041,13.360621459974235,542847.5006560383,271.42375032801914,0.0,RELATIVE_MOMENTUM_2X_weekly_126D,pre_tax
2020-03-16,QLD,SELL,40630.40797034041,9.445307493430235,383766.69686338387,191.88334843169193,-159544.1108914141,RELATIVE_MOMENTUM_2X_weekly_126D,pre_tax
2020-04-13,QLD,BUY,31659.802256504987,12.109460408117469,383383.12195397523,191.69156097698763,0.0,RELATIVE_MOMENTUM_2X_weekly_126D,pre_tax
2021-03-01,QLD,SELL,31659.802256504987,29.194566747596696,924294.2101932473,462.14710509662365,540257.2495731985,RELATIVE_MOMENTUM_2X_weekly_126D,pre_tax
2021-03-01,SSO,BUY,39394.292124049774,23.439192027910405,923370.3778992011,461.68518894960056,0.0,RELATIVE_MOMENTUM_2X_weekly_126D,pre_tax
2021-08-30,SSO,SELL,39394.292124049774,32.04406346810093,1262353.1971039595,631.1765985519797,337889.9574172569,RELATIVE_MOMENTUM_2X_weekly_126D,pre_tax
2021-08-30,QLD,BUY,31591.456050355268,39.918751220516846,1261091.4747680237,630.5457373840119,0.0,RELATIVE_MOMENTUM_2X_weekly_126D,pre_tax
2022-01-10,QLD,SELL,31591.456050355268,39.000171022074035,1232072.188800191,616.0360944000955,-30265.867799616884,RELATIVE_MOMENTUM_2X_weekly_126D,pre_tax
2022-01-10,SSO,BUY,36447.38212164143,33.77034674895849,1230840.7323396213,615.4203661698107,0.0,RELATIVE_MOMENTUM_2X_weekly_126D,pre_tax
2022-02-14,SSO,SELL,36447.38212164143,30.35537291856893,1106373.8762080076,553.1869381040038,-125635.46343588782,RELATIVE_MOMENTUM_2X_weekly_126D,pre_tax
2022-03-21,SSO,BUY,35695.89104900088,30.96345329284668,1105268.0552422826,552.6340276211413,0.0,RELATIVE_MOMENTUM_2X_weekly_126D,pre_tax
2022-04-18,SSO,SELL,35695.89104900088,29.80452373661742,1063899.0320696558,531.949516034828,-42453.6067162829,RELATIVE_MOMENTUM_2X_weekly_126D,pre_tax
2022-11-14,SSO,BUY,45319.11420388919,23.452260340738302,1062835.6647212603,531.4178323606302,0.0,RELATIVE_MOMENTUM_2X_weekly_126D,pre_tax
2022-12-05,SSO,SELL,45319.11420388919,24.197008210101163,1096586.978466019,548.2934892330095,32671.602423164994,RELATIVE_MOMENTUM_2X_weekly_126D,pre_tax
2022-12-12,SSO,BUY,47651.09608873929,22.98983715856044,1095490.9395070325,547.7454697535163,0.0,RELATIVE_MOMENTUM_2X_weekly_126D,pre_tax
2022-12-27,SSO,SELL,47651.09608873929,21.80580661215059,1039070.5861680543,519.5352930840271,-57487.63410181587,RELATIVE_MOMENTUM_2X_weekly_126D,pre_tax
2023-01-03,SSO,BUY,47306.60528398545,21.942644766542635,1038032.0348575416,519.0160174287707,0.0,RELATIVE_MOMENTUM_2X_weekly_126D,pre_tax
2023-02-13,SSO,SELL,47306.60528398545,24.57673704648166,1162641.9986262103,581.3209993131052,123509.62675192684,RELATIVE_MOMENTUM_2X_weekly_126D,pre_tax
2023-03-06,SSO,BUY,48375.15455589115,24.009844481553653,1161479.9376580683,580.7399688290342,0.0,RELATIVE_MOMENTUM_2X_weekly_126D,pre_tax
2023-03-13,SSO,SELL,48375.15455589115,21.268237470504747,1028854.2747670626,514.4271373835313,-133720.8299972182,RELATIVE_MOMENTUM_2X_weekly_126D,pre_tax
2023-03-20,QLD,BUY,46402.29226807317,22.150326727921968,1027825.934662348,513.9129673311741,0.0,RELATIVE_MOMENTUM_2X_weekly_126D,pre_tax
2024-04-08,QLD,SELL,46402.29226807317,42.945823169584926,1992784.6384080683,996.3923192040342,963448.3984591851,RELATIVE_MOMENTUM_2X_weekly_126D,pre_tax
2024-04-08,SSO,BUY,53237.814621399186,37.394338287954895,1990792.8496640325,995.3964248320162,0.0,RELATIVE_MOMENTUM_2X_weekly_126D,pre_tax
2024-04-15,SSO,SELL,53237.814621399186,36.76619383639261,1957351.8117962992,978.6759058981496,-35415.110198463546,RELATIVE_MOMENTUM_2X_weekly_126D,pre_tax
2024-04-15,QLD,BUY,45489.51776262065,42.985626894864346,1955395.4381713155,977.6977190856578,0.0,RELATIVE_MOMENTUM_2X_weekly_126D,pre_tax
2024-04-22,QLD,SELL,45489.51776262065,38.224366155143876,1738807.983179333,869.4039915896665,-218434.55670265784,RELATIVE_MOMENTUM_2X_weekly_126D,pre_tax
2024-04-22,SSO,BUY,50682.98136481347,34.27324118252477,1737070.0441656606,868.5350220828303,0.0,RELATIVE_MOMENTUM_2X_weekly_126D,pre_tax
2024-04-29,SSO,SELL,50682.98136481347,35.91721725463867,1820391.6527928088,910.1958263964044,81542.87777866912,RELATIVE_MOMENTUM_2X_weekly_126D,pre_tax
2024-04-29,QLD,BUY,44252.82305560446,41.09505440129557,1818572.1708809722,909.2860854404861,0.0,RELATIVE_MOMENTUM_2X_weekly_126D,pre_tax
2024-05-13,QLD,SELL,44252.82305560446,43.02542248282419,1903996.4080250447,951.9982040125224,83562.9528546196,RELATIVE_MOMENTUM_2X_weekly_126D,pre_tax
2024-05-13,SSO,BUY,50593.58300110514,37.59554572558963,1902093.3631394624,951.0466815697313,0.0,RELATIVE_MOMENTUM_2X_weekly_126D,pre_tax
2024-05-28,SSO,SELL,50593.58300110514,38.59174398416476,1952494.6024202395,976.2473012101198,48473.94529799698,RELATIVE_MOMENTUM_2X_weekly_126D,pre_tax
2024-05-28,QLD,BUY,42522.14168486729,45.8712333455066,1950543.0835772408,975.2715417886204,0.0,RELATIVE_MOMENTUM_2X_weekly_126D,pre_tax
2024-06-03,QLD,SELL,42522.14168486729,44.896092455917376,1909078.0045074201,954.5390022537101,-43394.88961386331,RELATIVE_MOMENTUM_2X_weekly_126D,pre_tax
2024-06-03,SSO,BUY,49716.25425176468,38.36109355517645,1907169.880564884,953.5849402824421,0.0,RELATIVE_MOMENTUM_2X_weekly_126D,pre_tax
2024-06-10,SSO,SELL,49716.25425176468,38.90581955988953,1934251.6171127472,967.1258085563736,25161.025799024384,RELATIVE_MOMENTUM_2X_weekly_126D,pre_tax
2024-06-10,QLD,BUY,41762.4727617758,46.26925094116378,1932318.3321381218,966.1591660690609,0.0,RELATIVE_MOMENTUM_2X_weekly_126D,pre_tax
2024-07-22,QLD,SELL,41762.4727617758,49.84940205901204,2081834.295680301,1040.9171478401506,147508.88722827006,RELATIVE_MOMENTUM_2X_weekly_126D,pre_tax
2024-07-22,SSO,BUY,49791.09412991495,41.769588279282964,2079753.5017815703,1039.8767508907852,0.0,RELATIVE_MOMENTUM_2X_weekly_126D,pre_tax
2024-09-30,SSO,SELL,49791.09412991495,43.90151605771302,2185904.5184755614,1092.9522592377807,104018.18768386217,RELATIVE_MOMENTUM_2X_weekly_126D,pre_tax
2024-09-30,QLD,BUY,43924.37980271427,49.715436306017025,2183719.706363142,1091.859853181571,0.0,RELATIVE_MOMENTUM_2X_weekly_126D,pre_tax
2024-10-07,QLD,SELL,43924.37980271427,49.610794395000156,2179123.375320355,1089.5616876601775,-6777.752583628986,RELATIVE_MOMENTUM_2X_weekly_126D,pre_tax
2024-10-07,SSO,BUY,49503.65815282926,43.975443880156874,2176945.3409622135,1088.4726704811067,0.0,RELATIVE_MOMENTUM_2X_weekly_126D,pre_tax
2024-10-21,SSO,SELL,49503.65815282926,45.798920703653614,2267214.114282203,1133.6070571411014,88046.69359236723,RELATIVE_MOMENTUM_2X_weekly_126D,pre_tax
2024-10-21,QLD,BUY,44383.8073393299,51.03095405700844,2264948.0332084578,1132.4740166042288,0.0,RELATIVE_MOMENTUM_2X_weekly_126D,pre_tax
2024-11-04,QLD,SELL,44383.8073393299,49.53106365990128,2198377.186793143,1099.1885933965714,-68802.50902531529,RELATIVE_MOMENTUM_2X_weekly_126D,pre_tax
2024-11-04,SSO,BUY,50262.13439300672,43.6945214278682,2196179.9082456236,1098.0899541228118,0.0,RELATIVE_MOMENTUM_2X_weekly_126D,pre_tax
2024-11-11,SSO,SELL,50262.13439300672,48.10537724764821,2417878.936247582,1208.9394681237911,219391.99857971165,RELATIVE_MOMENTUM_2X_weekly_126D,pre_tax
2024-11-11,QLD,BUY,43634.90438955414,55.35619475826967,2415462.265646635,1207.7311328233175,0.0,RELATIVE_MOMENTUM_2X_weekly_126D,pre_tax
2024-11-18,QLD,SELL,43634.90438955414,51.63887771496979,2253257.4918765845,1126.6287459382922,-164539.1336488123,RELATIVE_MOMENTUM_2X_weekly_126D,pre_tax
2024-11-18,SSO,BUY,49059.99955070357,45.882702426933456,2251005.360450421,1125.5026802252105,0.0,RELATIVE_MOMENTUM_2X_weekly_126D,pre_tax
2025-01-21,SSO,SELL,49059.99955070357,47.82026662202009,2346062.2589908307,1173.0311294954154,92758.36473068921,RELATIVE_MOMENTUM_2X_weekly_126D,pre_tax
2025-01-21,QLD,BUY,41464.65382090998,56.52325904611428,2343717.3691767473,1171.8586845883738,0.0,RELATIVE_MOMENTUM_2X_weekly_126D,pre_tax
2025-03-31,QLD,SELL,41464.65382090998,43.00331409285583,1783117.5320121266,891.5587660060634,-562663.2546152149,RELATIVE_MOMENTUM_2X_weekly_126D,pre_tax
2025-05-19,QLD,BUY,34651.954028305736,51.406489346552455,1781335.3055933241,890.6676527966621,0.0,RELATIVE_MOMENTUM_2X_weekly_126D,pre_tax
2025-06-23,QLD,SELL,34651.954028305736,53.66063561368547,1859445.8784150945,929.7229392075473,76290.18222976616,RELATIVE_MOMENTUM_2X_weekly_126D,pre_tax
2025-06-30,QLD,BUY,31663.11932991113,58.66722550106384,1857587.3617949896,928.7936808974948,0.0,RELATIVE_MOMENTUM_2X_weekly_126D,pre_tax
2026-02-09,QLD,SELL,31663.11932991113,68.24016341386157,2160696.437265734,1080.3482186328672,301099.9335712143,RELATIVE_MOMENTUM_2X_weekly_126D,pre_tax
2026-02-09,SSO,BUY,36874.381083931854,58.537574250361416,2158536.8206367833,1079.2684103183917,0.0,RELATIVE_MOMENTUM_2X_weekly_126D,pre_tax
2026-03-09,SSO,SELL,36874.381083931854,54.39473218312985,2005772.0834791425,1002.8860417395713,-154846.89160969877,RELATIVE_MOMENTUM_2X_weekly_126D,pre_tax
2026-03-09,QLD,BUY,30882.727844512585,64.88310630683337,2003767.313780513,1001.8836568902565,0.0,RELATIVE_MOMENTUM_2X_weekly_126D,pre_tax
2026-03-23,QLD,SELL,30882.727844512585,64.02386157339181,1977231.4925258067,988.6157462629034,-28526.320657859556,RELATIVE_MOMENTUM_2X_weekly_126D,pre_tax
2026-04-13,SSO,BUY,35253.58007608898,56.0299193696557,1975255.2491549663,987.6276245774832,0.0,RELATIVE_MOMENTUM_2X_weekly_126D,pre_tax
2026-04-20,SSO,SELL,35253.58007608898,61.25964683062838,2159621.864976488,1079.8109324882441,182299.17726445617,RELATIVE_MOMENTUM_2X_weekly_126D,pre_tax
2026-04-20,QLD,BUY,28206.257892133704,76.48881785855373,2157463.3223828087,1078.7316611914043,0.0,RELATIVE_MOMENTUM_2X_weekly_126D,pre_tax
2006-07-03,SSO,BUY,26561.98909254052,3.7628968462898555,99950.02498750626,49.97501249375313,0.0,RELATIVE_MOMENTUM_2X_weekly_126D,after_tax
2006-07-17,SSO,SELL,26561.98909254052,3.5376846540380225,93967.94119340593,46.98397059670297,-6079.042777190785,RELATIVE_MOMENTUM_2X_weekly_126D,after_tax
2006-07-31,SSO,BUY,24896.691844201097,3.770541917783663,93874.02021270289,46.937010106351444,0.0,RELATIVE_MOMENTUM_2X_weekly_126D,after_tax
2006-11-20,SSO,SELL,24896.691844201097,4.47930182122022,111519.79712008858,55.75989856004429,17543.079998719288,RELATIVE_MOMENTUM_2X_weekly_126D,after_tax
2006-11-20,QLD,BUY,88273.79062996268,1.2357074165801643,109080.57777108949,54.54028888554475,0.0,RELATIVE_MOMENTUM_2X_weekly_126D,after_tax
2006-12-26,QLD,SELL,88273.79062996268,1.1642468602768745,102772.48358567223,51.38624179283612,-6414.020716095634,RELATIVE_MOMENTUM_2X_weekly_126D,after_tax
2006-12-26,SSO,BUY,22611.07947047478,4.540683809311837,102669.76246264808,51.33488123132404,0.0,RELATIVE_MOMENTUM_2X_weekly_126D,after_tax
2007-01-08,SSO,SELL,22611.07947047478,4.524730186140225,102309.03382127277,51.15451691063638,-463.21803951727634,RELATIVE_MOMENTUM_2X_weekly_126D,after_tax
2007-01-08,QLD,BUY,84326.71007054819,1.2120332434515373,102206.77591640393,51.103387958201964,0.0,RELATIVE_MOMENTUM_2X_weekly_126D,after_tax
2007-04-02,QLD,SELL,84326.71007054819,1.1767243792640416,99229.29556314462,49.614647781572316,-3078.1983889990806,RELATIVE_MOMENTUM_2X_weekly_126D,after_tax
2007-04-02,SSO,BUY,21741.15536935003,4.559560620094033,99130.11585743433,49.56505792871717,0.0,RELATIVE_MOMENTUM_2X_weekly_126D,after_tax
2007-04-09,SSO,SELL,21741.15536935003,4.7243236645868185,102712.25480687911,51.35612740343956,3481.217764112618,RELATIVE_MOMENTUM_2X_weekly_126D,after_tax
2007-04-09,QLD,BUY,83352.30027079591,1.2310349390379771,102609.5938825344,51.304796941267206,0.0,RELATIVE_MOMENTUM_2X_weekly_126D,after_tax
2007-04-16,QLD,SELL,83352.30027079591,1.2346556084326434,102911.38500509992,51.45569250254996,199.03063312168524,RELATIVE_MOMENTUM_2X_weekly_126D,after_tax
2007-04-16,SSO,BUY,21456.39145786683,4.791510504082378,102808.52505007233,51.40426252503617,0.0,RELATIVE_MOMENTUM_2X_weekly_126D,after_tax
2007-04-30,SSO,SELL,21456.39145786683,5.0122648360560085,107545.11641291843,53.772558206459216,4631.4145421146095,RELATIVE_MOMENTUM_2X_weekly_126D,after_tax
2007-04-30,QLD,BUY,81243.11669272353,1.3224212636812027,107437.62504219088,53.71881252109544,0.0,RELATIVE_MOMENTUM_2X_weekly_126D,after_tax
2007-05-07,QLD,SELL,81243.11669272353,1.3318354051171817,108202.4592334359,54.10122961671795,657.0141491072136,RELATIVE_MOMENTUM_2X_weekly_126D,after_tax
2007-05-07,SSO,BUY,21149.728586328863,5.1109077077361125,108094.31084839499,54.0471554241975,0.0,RELATIVE_MOMENTUM_2X_weekly_126D,after_tax
2007-06-25,SSO,SELL,21149.728586328863,5.062917321308682,107079.3272007018,53.5396636003509,-1122.5704667177488,RELATIVE_MOMENTUM_2X_weekly_126D,after_tax
2007-06-25,QLD,BUY,78718.73264684564,1.3589179829192126,106972.30138640825,53.486150693204124,0.0,RELATIVE_MOMENTUM_2X_weekly_126D,after_tax
2008-01-07,QLD,SELL,78718.73264684564,1.347410977138844,106066.48447481771,53.03324223740886,-1012.3363045211445,RELATIVE_MOMENTUM_2X_weekly_126D,after_tax
2008-05-19,QLD,BUY,76567.34639625461,1.3838858989406608,105960.47099708178,52.98023549854089,0.0,RELATIVE_MOMENTUM_2X_weekly_126D,after_tax
2008-05-27,QLD,SELL,76567.34639625461,1.2874348786852983,98575.47231891727,49.28773615945863,-7487.26664982253,RELATIVE_MOMENTUM_2X_weekly_126D,after_tax
2008-07-28,QLD,BUY,88345.19152056269,1.1146837129984835,98476.94610970296,49.23847305485148,0.0,RELATIVE_MOMENTUM_2X_weekly_126D,after_tax
2008-08-04,QLD,SELL,88345.19152056269,1.0943780891771893,96683.04188426622,48.34152094213311,-1891.4842194337252,RELATIVE_MOMENTUM_2X_weekly_126D,after_tax
2008-08-11,QLD,BUY,79735.9634786162,1.2113280249714045,96586.40715974421,48.293203579872106,0.0,RELATIVE_MOMENTUM_2X_weekly_126D,after_tax
2008-09-22,QLD,SELL,79735.9634786162,0.9748330949963075,77729.25606037198,38.86462803018599,-18944.30893098231,RELATIVE_MOMENTUM_2X_weekly_126D,after_tax
2009-04-13,QLD,BUY,162234.44461300806,0.4786379725633854,77651.56564951703,38.82578282475851,0.0,RELATIVE_MOMENTUM_2X_weekly_126D,after_tax
2010-01-25,QLD,SELL,162234.44461300806,0.8513186935585352,138113.21543814056,69.05660771907029,60353.7673980797,RELATIVE_MOMENTUM_2X_weekly_126D,after_tax
2010-01-25,SSO,BUY,61865.21486163694,2.135371789721762,132105.234580615,66.05261729030751,0.0,RELATIVE_MOMENTUM_2X_weekly_126D,after_tax
2010-02-08,SSO,SELL,61865.21486163694,1.9956848924447537,123463.4746672175,61.73173733360875,-8769.544268021447,RELATIVE_MOMENTUM_2X_weekly_126D,after_tax
2010-02-08,QLD,BUY,155357.22276828694,0.7939127045119564,123340.07289343717,61.67003644671859,0.0,RELATIVE_MOMENTUM_2X_weekly_126D,after_tax
2010-06-28,QLD,SELL,155357.22276828694,0.8696396540605911,135104.80146402723,67.55240073201362,11635.506133411327,RELATIVE_MOMENTUM_2X_weekly_126D,after_tax
2010-07-26,QLD,BUY,149773.49141606383,0.8972738347904413,134387.83499284484,67.19391749642243,0.0,RELATIVE_MOMENTUM_2X_weekly_126D,after_tax
2010-08-30,QLD,SELL,149773.49141606383,0.8081112534660793,121033.6438842264,60.516821942113204,-13481.90184805698,RELATIVE_MOMENTUM_2X_weekly_126D,after_tax
2010-09-20,QLD,BUY,123840.22913969868,0.9763601986760263,120912.67072692083,60.45633536346042,0.0,RELATIVE_MOMENTUM_2X_weekly_126D,after_tax
2011-03-21,QLD,SELL,123840.22913969868,1.2740769652553008,157781.98331882837,78.89099165941418,36729.96526488465,RELATIVE_MOMENTUM_2X_weekly_126D,after_tax
2011-03-21,SSO,BUY,52011.22367167848,2.939823091090389,152903.79634586745,76.45189817293372,0.0,RELATIVE_MOMENTUM_2X_weekly_126D,after_tax
2011-04-04,SSO,SELL,52011.22367167848,3.126055922118383,162589.99377547434,81.29499688773717,9528.450534546224,RELATIVE_MOMENTUM_2X_weekly_126D,after_tax
2011-04-04,QLD,BUY,116116.40974013224,1.382171116363621,160492.7476786542,80.2463738393271,0.0,RELATIVE_MOMENTUM_2X_weekly_126D,after_tax
2011-04-11,QLD,SELL,116116.40974013224,1.3606440820505818,157993.10574187146,78.99655287093573,-2658.8848634930036,RELATIVE_MOMENTUM_2X_weekly_126D,after_tax
2011-04-11,SSO,BUY,50829.24263831513,3.105204472872228,157835.19159320393,78.91759579660196,0.0,RELATIVE_MOMENTUM_2X_weekly_126D,after_tax
2011-07-25,SSO,SELL,50829.24263831513,3.1216793727421295,158672.5982761331,79.33629913806655,679.1527879945061,RELATIVE_MOMENTUM_2X_weekly_126D,after_tax
2011-07-25,QLD,BUY,109495.9791837264,1.4476696419010295,158514.00497450778,79.2570024872539,0.0,RELATIVE_MOMENTUM_2X_weekly_126D,after_tax
2011-08-08,QLD,SELL,109495.9791837264,1.122318245115123,122889.33520464186,61.44466760232093,-35765.3714399555,RELATIVE_MOMENTUM_2X_weekly_126D,after_tax
2011-09-19,QLD,BUY,96926.32989066812,1.2665960572517,122766.50728339785,61.38325364169893,0.0,RELATIVE_MOMENTUM_2X_weekly_126D,after_tax
2011-09-26,QLD,SELL,96926.32989066812,1.1991140306329697,116225.72210965994,58.11286105482997,-6660.281288434446,RELATIVE_MOMENTUM_2X_weekly_126D,after_tax
2011-10-17,QLD,BUY,86077.95693062499,1.348888363660264,116109.55447136943,58.05477723568471,0.0,RELATIVE_MOMENTUM_2X_weekly_126D,after_tax
2011-10-24,QLD,SELL,86077.95693062499,1.3299567142249424,114479.95676665012,57.23997838332507,-1744.8924603383057,RELATIVE_MOMENTUM_2X_weekly_126D,after_tax
2011-10-31,QLD,BUY,83564.8957953476,1.3685834575961184,114365.53402125617,57.18276701062808,0.0,RELATIVE_MOMENTUM_2X_weekly_126D,after_tax
2011-11-07,QLD,SELL,83564.8957953476,1.3356054958353534,111609.73408317487,55.804867041587435,-2868.787572133515,RELATIVE_MOMENTUM_2X_weekly_126D,after_tax
2011-11-14,QLD,BUY,83778.27832395911,1.3308721825832002,111498.18012607026,55.74909006303513,0.0,RELATIVE_MOMENTUM_2X_weekly_126D,after_tax
2011-11-21,QLD,SELL,83778.27832395911,1.1940750652414829,100037.55315550059,50.018776577750295,-11566.394837210479,RELATIVE_MOMENTUM_2X_weekly_126D,after_tax
2011-12-05,QLD,BUY,76060.27010486058,1.313925988671165,99937.56559612478,49.96878279806239,0.0,RELATIVE_MOMENTUM_2X_weekly_126D,after_tax
2012-01-03,QLD,SELL,76060.27010486058,1.290871759931478,98184.05473112497,49.09202736556249,-1852.5716751634463,RELATIVE_MOMENTUM_2X_weekly_126D,after_tax
2012-01-17,QLD,BUY,71422.6661028343,1.3733164147451937,98085.91974388747,49.04295987194374,0.0,RELATIVE_MOMENTUM_2X_weekly_126D,after_tax
2012-09-24,QLD,SELL,71422.6661028343,1.9108869080313444,136480.63759260013,68.24031879630007,38277.43457004441,RELATIVE_MOMENTUM_2X_weekly_126D,after_tax
2012-09-24,SSO,BUY,37495.6832374648,3.6362645880524007,136344.22516122324,68.17211258061162,0.0,RELATIVE_MOMENTUM_2X_weekly_126D,after_tax
2013-08-05,SSO,SELL,37495.6832374648,5.078141427141748,190408.38238715442,95.20419119357722,53900.78092215699,RELATIVE_MOMENTUM_2X_weekly_126D,after_tax
2013-08-05,QLD,BUY,79136.34127740921,2.327367769714437,184179.37010216442,92.08968505108221,0.0,RELATIVE_MOMENTUM_2X_weekly_126D,after_tax
2014-04-07,QLD,SELL,79136.34127740921,2.918251266868102,230939.72818810592,115.46986409405297,46552.798536796356,RELATIVE_MOMENTUM_2X_weekly_126D,after_tax
2014-04-07,SSO,BUY,36216.87488248011,6.109208202106666,221256.42908671836,110.62821454335918,0.0,RELATIVE_MOMENTUM_2X_weekly_126D,after_tax
2014-05-27,SSO,SELL,36216.87488248011,6.428581836848956,232823.14405694278,116.4115720284714,11339.67518365258,RELATIVE_MOMENTUM_2X_weekly_126D,after_tax
2014-05-27,QLD,BUY,71672.02803851814,3.2130796324172826,230287.93350460302,115.14396675230151,0.0,RELATIVE_MOMENTUM_2X_weekly_126D,after_tax
2014-06-09,QLD,SELL,71672.02803851814,3.395432690204156,243357.54697521334,121.67877348760668,12832.790730370412,RELATIVE_MOMENTUM_2X_weekly_126D,after_tax
2014-06-09,SSO,BUY,35809.93854088869,6.716253706328144,240508.63244862668,120.25431622431334,0.0,RELATIVE_MOMENTUM_2X_weekly_126D,after_tax
2014-06-30,SSO,SELL,35809.93854088869,6.802670955657959,243603.22883600002,121.80161441800001,2852.540456731047,RELATIVE_MOMENTUM_2X_weekly_126D,after_tax
2014-06-30,QLD,BUY,69878.6732198134,3.47431529777931,242780.54335611907,121.39027167805953,0.0,RELATIVE_MOMENTUM_2X_weekly_126D,after_tax
2015-08-24,QLD,SELL,69878.6732198134,3.432666745387014,239870.19777341955,119.93509888670978,-3151.6709532643144,RELATIVE_MOMENTUM_2X_weekly_126D,after_tax
2015-09-14,QLD,BUY,55365.28482335214,4.328171492576434,239630.44745080743,119.81522372540373,0.0,RELATIVE_MOMENTUM_2X_weekly_126D,after_tax
2015-09-21,QLD,SELL,55365.28482335214,4.345996181275089,240617.31641749604,120.30865820874803,746.7450847544533,RELATIVE_MOMENTUM_2X_weekly_126D,after_tax
2015-10-19,QLD,BUY,53435.79949308337,4.498422810736208,240376.8193496125,120.18840967480625,0.0,RELATIVE_MOMENTUM_2X_weekly_126D,after_tax
2015-12-21,QLD,SELL,53435.79949308337,4.735051696506294,253021.27304389456,126.51063652194728,12397.754648085334,RELATIVE_MOMENTUM_2X_weekly_126D,after_tax
2015-12-28,QLD,BUY,51602.826877256884,4.859023521374722,250739.34956601888,125.36967478300944,0.0,RELATIVE_MOMENTUM_2X_weekly_126D,after_tax
2016-01-11,QLD,SELL,51602.826877256884,4.215746027529573,217544.41241709198,108.772206208546,-33429.079029918474,RELATIVE_MOMENTUM_2X_weekly_126D,after_tax
2016-02-29,SSO,BUY,32094.067059497167,6.7715623675750845,217326.97672252217,108.66348836126109,0.0,RELATIVE_MOMENTUM_2X_weekly_126D,after_tax
2016-04-11,SSO,SELL,32094.067059497167,7.534754647001313,241820.92091771806,120.91046045885903,24264.370246375765,RELATIVE_MOMENTUM_2X_weekly_126D,after_tax
2016-04-11,QLD,BUY,53026.34907956175,4.555833562751335,241579.2208468358,120.7896104234179,0.0,RELATIVE_MOMENTUM_2X_weekly_126D,after_tax
2016-04-18,QLD,SELL,53026.34907956175,4.6234829385361875,245166.4202622178,122.58321013110891,3343.826594827522,RELATIVE_MOMENTUM_2X_weekly_126D,after_tax
2016-04-18,SSO,BUY,31977.451933649663,7.659189883924917,244921.37636390477,122.46068818195239,0.0,RELATIVE_MOMENTUM_2X_weekly_126D,after_tax
2016-05-02,SSO,SELL,31977.451933649663,7.64733743653064,244542.3652970582,122.27118264852909,-623.7429376770451,RELATIVE_MOMENTUM_2X_weekly_126D,after_tax
2016-05-31,SSO,BUY,30920.09131118771,7.900945138976524,244297.94514183878,122.1489725709194,0.0,RELATIVE_MOMENTUM_2X_weekly_126D,after_tax
2016-06-27,SSO,SELL,30920.09131118771,7.301445187534337,225761.35190219377,112.88067595109689,-18771.62288816704,RELATIVE_MOMENTUM_2X_weekly_126D,after_tax
2016-07-05,SSO,BUY,28797.155123932993,7.831874447455929,225535.7033745554,112.7678516872777,0.0,RELATIVE_MOMENTUM_2X_weekly_126D,after_tax
2016-08-08,SSO,SELL,28797.155123932993,8.541492558788091,245970.68620534003,122.98534310267002,20199.229635994707,RELATIVE_MOMENTUM_2X_weekly_126D,after_tax
2016-08-08,QLD,BUY,47653.47995470991,5.156493055209271,245724.83844301588,122.86241922150793,0.0,RELATIVE_MOMENTUM_2X_weekly_126D,after_tax
2017-12-04,QLD,SELL,47653.47995470991,8.988295437782181,428323.5564713637,214.16177823568185,182261.6938308906,RELATIVE_MOMENTUM_2X_weekly_126D,after_tax
2017-12-04,SSO,BUY,30379.512047410095,12.900344981528681,391906.18578209693,195.95309289104847,0.0,RELATIVE_MOMENTUM_2X_weekly_126D,after_tax
2017-12-11,SSO,SELL,30379.512047410095,12.820442897560985,389478.79945958714,194.73939972979358,-2818.0788151306333,RELATIVE_MOMENTUM_2X_weekly_126D,after_tax
2017-12-11,QLD,BUY,43725.90289774707,8.898375779960249,389089.5153022062,194.5447576511031,0.0,RELATIVE_MOMENTUM_2X_weekly_126D,after_tax
2018-11-05,QLD,SELL,43725.90289774707,10.184356188169865,445320.169759985,222.6600848799925,55813.449615247664,RELATIVE_MOMENTUM_2X_weekly_126D,after_tax
2018-11-05,SSO,BUY,32608.5000773224,13.312922760821145,434114.4428756234,217.0572214378117,0.0,RELATIVE_MOMENTUM_2X_weekly_126D,after_tax
2018-11-26,SSO,SELL,32608.5000773224,12.619813119780225,411513.1770921477,205.75658854607386,-23024.07959345961,RELATIVE_MOMENTUM_2X_weekly_126D,after_tax
2018-12-03,SSO,BUY,29324.154855702374,14.019223114587883,411101.8695688172,205.5509347844086,0.0,RELATIVE_MOMENTUM_2X_weekly_126D,after_tax
2018-12-10,SSO,SELL,29324.154855702374,12.33801637864248,361801.90289950435,180.90095144975217,-49686.41855554702,RELATIVE_MOMENTUM_2X_weekly_126D,after_tax
2019-04-15,QLD,BUY,30535.8738147295,11.836578969382698,361440.28180715104,180.72014090357553,0.0,RELATIVE_MOMENTUM_2X_weekly_126D,after_tax
2019-09-23,QLD,SELL,30535.8738147295,12.151292333945477,371050.329395249,185.52516469762452,9243.802282496821,RELATIVE_MOMENTUM_2X_weekly_126D,after_tax
2019-09-23,SSO,BUY,23764.577852412356,15.59798229113817,370679.46449830226,185.33973224915113,0.0,RELATIVE_MOMENTUM_2X_weekly_126D,after_tax
2019-10-14,SSO,SELL,23764.577852412356,15.380671508103843,365515.1654767143,182.75758273835717,-5532.396336575446,RELATIVE_MOMENTUM_2X_weekly_126D,after_tax
2019-10-14,QLD,BUY,30022.847489603962,12.162398423531545,365149.83297748724,182.5749164887436,0.0,RELATIVE_MOMENTUM_2X_weekly_126D,after_tax
2019-10-21,QLD,SELL,30022.847489603962,12.391926090028011,372040.90710335533,186.02045355167766,6522.478755827702,RELATIVE_MOMENTUM_2X_weekly_126D,after_tax
2019-10-21,SSO,BUY,23615.99385949382,15.738022898169405,371669.0521237418,185.83452606187092,0.0,RELATIVE_MOMENTUM_2X_weekly_126D,after_tax
2019-11-11,SSO,SELL,23615.99385949382,16.56017771171062,391085.0551518844,195.5425275759422,19034.625974504743,RELATIVE_MOMENTUM_2X_weekly_126D,after_tax
2019-11-11,QLD,BUY,29242.215020609616,13.360621459974235,390694.16554153775,195.34708277076888,0.0,RELATIVE_MOMENTUM_2X_weekly_126D,after_tax
2020-03-16,QLD,SELL,29242.215020609616,9.445307493430235,276201.7126586622,138.1008563293311,-114825.90082197567,RELATIVE_MOMENTUM_2X_weekly_126D,after_tax
2020-04-13,QLD,BUY,22785.957398471663,12.109460408117469,275925.6489778439,137.96282448892197,0.0,RELATIVE_MOMENTUM_2X_weekly_126D,after_tax
2021-03-01,QLD,SELL,22785.957398471663,29.194566747596696,665226.1541775757,332.61307708878786,388829.929298154,RELATIVE_MOMENTUM_2X_weekly_126D,after_tax
2021-03-01,SSO,BUY,26355.259547356287,23.439192027910405,617745.9894759031,308.87299473795156,0.0,RELATIVE_MOMENTUM_2X_weekly_126D,after_tax
2021-08-30,SSO,SELL,26355.259547356287,32.04406346810093,844529.6096537579,422.26480482687896,226052.48237828992,RELATIVE_MOMENTUM_2X_weekly_126D,after_tax
2021-08-30,QLD,BUY,19985.24166504219,39.918751220516846,797785.890108727,398.8929450543635,0.0,RELATIVE_MOMENTUM_2X_weekly_126D,after_tax
2022-01-10,QLD,SELL,19985.24166504219,39.000171022074035,779427.8428541251,389.71392142706253,-19146.654121083324,RELATIVE_MOMENTUM_2X_weekly_126D,after_tax
2022-01-10,SSO,BUY,23057.17528809346,33.77034674895849,778648.8045304329,389.32440226521646,0.0,RELATIVE_MOMENTUM_2X_weekly_126D,after_tax
2022-02-14,SSO,SELL,23057.17528809346,30.35537291856893,699909.1543188889,349.95457715944445,-79478.92919096875,RELATIVE_MOMENTUM_2X_weekly_126D,after_tax
2022-03-21,SSO,BUY,22581.770461171134,30.96345329284668,699209.5949442573,349.60479747212867,0.0,RELATIVE_MOMENTUM_2X_weekly_126D,after_tax
2022-04-18,SSO,SELL,22581.770461171134,29.80452373661742,673038.9137248212,336.5194568624106,-26856.805473770597,RELATIVE_MOMENTUM_2X_weekly_126D,after_tax
2022-11-14,SSO,BUY,28669.56964461238,23.452260340738302,672366.2111623776,336.18310558118884,0.0,RELATIVE_MOMENTUM_2X_weekly_126D,after_tax
2022-12-05,SSO,SELL,28669.56964461238,24.197008210101163,693717.8120707528,346.85890603537644,20668.558896758594,RELATIVE_MOMENTUM_2X_weekly_126D,after_tax
2022-12-12,SSO,BUY,30144.817301856896,22.98983715856044,693024.4409442453,346.5122204721227,0.0,RELATIVE_MOMENTUM_2X_weekly_126D,after_tax
2022-12-27,SSO,SELL,30144.817301856896,21.80580661215059,657332.0564429027,328.6660282214513,-36367.562750036246,RELATIVE_MOMENTUM_2X_weekly_126D,after_tax
2023-01-03,SSO,BUY,29926.887112966066,21.942644766542635,656675.052888237,328.3375264441185,0.0,RELATIVE_MOMENTUM_2X_weekly_126D,after_tax
2023-02-13,SSO,SELL,29926.887112966066,24.57673704648166,735505.2351951078,367.75261759755386,78134.09216282901,RELATIVE_MOMENTUM_2X_weekly_126D,after_tax
2023-03-06,SSO,BUY,30602.867840033574,24.009844481553653,734770.0975287459,367.3850487643729,0.0,RELATIVE_MOMENTUM_2X_weekly_126D,after_tax
2023-03-13,SSO,SELL,30602.867840033574,21.268237470504747,650869.0605003068,325.4345302501534,-84593.85660745366,RELATIVE_MOMENTUM_2X_weekly_126D,after_tax
2023-03-20,QLD,BUY,29354.804770985924,22.150326727921968,650218.5167117008,325.10925835585044,0.0,RELATIVE_MOMENTUM_2X_weekly_126D,after_tax
2024-04-08,QLD,SELL,29354.804770985924,42.945823169584926,1260666.2548724494,630.3331274362247,609492.2957749566,RELATIVE_MOMENTUM_2X_weekly_126D,after_tax
2024-04-08,SSO,BUY,31171.244157859655,37.394338287954895,1165628.0488954417,582.8140244477208,0.0,RELATIVE_MOMENTUM_2X_weekly_126D,after_tax
2024-04-15,SSO,SELL,31171.244157859655,36.76619383639261,1146048.0048293888,573.0240024146945,-20735.882092915243,RELATIVE_MOMENTUM_2X_weekly_126D,after_tax
2024-04-15,QLD,BUY,26634.543038361015,42.985626894864346,1144902.5295621932,572.4512647810966,0.0,RELATIVE_MOMENTUM_2X_weekly_126D,after_tax
2024-04-22,QLD,SELL,26634.543038361015,38.224366155143876,1018088.5254732497,509.0442627366249,-127895.49961646122,RELATIVE_MOMENTUM_2X_weekly_126D,after_tax
2024-04-22,SSO,BUY,29675.365114176253,34.27324118252477,1017070.9457376444,508.53547286882224,0.0,RELATIVE_MOMENTUM_2X_weekly_126D,after_tax
2024-04-29,SSO,SELL,29675.365114176253,35.91721725463867,1065856.5359165939,532.9282679582969,47744.12643812236,RELATIVE_MOMENTUM_2X_weekly_126D,after_tax
2024-04-29,QLD,BUY,25910.446586707658,41.09505440129557,1064791.2120426144,532.3956060213072,0.0,RELATIVE_MOMENTUM_2X_weekly_126D,after_tax
2024-05-13,QLD,SELL,25910.446586707658,43.02542248282419,1114807.911111747,557.4039555558735,48926.89950755518,RELATIVE_MOMENTUM_2X_weekly_126D,after_tax
2024-05-13,SSO,BUY,29623.02152640348,37.59554572558963,1113693.660326028,556.846830163014,0.0,RELATIVE_MOMENTUM_2X_weekly_126D,after_tax
2024-05-28,SSO,SELL,29623.02152640348,38.59174398416476,1143204.0627843647,571.6020313921823,28381.953596781474,RELATIVE_MOMENTUM_2X_weekly_126D,after_tax
2024-05-28,QLD,BUY,24897.11626970732,45.8712333455066,1142061.4300379534,571.0307150189767,0.0,RELATIVE_MOMENTUM_2X_weekly_126D,after_tax
2024-06-03,QLD,SELL,24897.11626970732,44.896092455917376,1117783.2339305046,558.8916169652523,-25408.118439432932,RELATIVE_MOMENTUM_2X_weekly_126D,after_tax
2024-06-03,SSO,BUY,29109.337243025544,38.36109355517645,1116666.009308885,558.3330046544426,0.0,RELATIVE_MOMENTUM_2X_weekly_126D,after_tax
2024-06-10,SSO,SELL,29109.337243025544,38.90581955988953,1132522.622285124,566.261311142562,14732.018660441972,RELATIVE_MOMENTUM_2X_weekly_126D,after_tax
2024-06-10,QLD,BUY,24452.322927808862,46.26925094116378,1131390.665641161,565.6953328205805,0.0,RELATIVE_MOMENTUM_2X_weekly_126D,after_tax
2024-07-22,QLD,SELL,24452.322927808862,49.84940205901204,1218933.6769051424,609.4668384525712,86367.84909270843,RELATIVE_MOMENTUM_2X_weekly_126D,after_tax
2024-07-22,SSO,BUY,28899.825600727632,41.769588279282964,1207133.8166854747,603.5669083427374,0.0,RELATIVE_MOMENTUM_2X_weekly_126D,after_tax
2024-09-30,SSO,SELL,28899.825600727632,43.90151605771302,1268746.15767545,634.373078837725,60374.40100279474,RELATIVE_MOMENTUM_2X_weekly_126D,after_tax
2024-09-30,QLD,BUY,25248.076025096423,49.715436306017025,1255219.1154751568,627.6095577375784,0.0,RELATIVE_MOMENTUM_2X_weekly_126D,after_tax
2024-10-07,QLD,SELL,25248.076025096423,49.610794395000156,1252577.1085503914,626.2885542751957,-3895.9050367781892,RELATIVE_MOMENTUM_2X_weekly_126D,after_tax
2024-10-07,SSO,BUY,28455.088726962127,43.975443880156874,1251325.1574174075,625.6625787087038,0.0,RELATIVE_MOMENTUM_2X_weekly_126D,after_tax
2024-10-21,SSO,SELL,28455.088726962127,45.798920703653614,1303212.3522215663,651.6061761107832,50609.92604933935,RELATIVE_MOMENTUM_2X_weekly_126D,after_tax
2024-10-21,QLD,BUY,25326.286844309212,51.03095405700844,1292424.5803865606,646.2122901932803,0.0,RELATIVE_MOMENTUM_2X_weekly_126D,after_tax
2024-11-04,QLD,SELL,25326.286844309212,49.53106365990128,1254437.9259543999,627.2189629771999,-39260.08568533114,RELATIVE_MOMENTUM_2X_weekly_126D,after_tax
2024-11-04,SSO,BUY,28680.577655547444,43.6945214278682,1253184.1149339557,626.5920574669778,0.0,RELATIVE_MOMENTUM_2X_weekly_126D,after_tax
2024-11-11,SSO,SELL,28680.577655547444,48.10537724764821,1379690.0078005795,689.8450039002898,125189.4558052565,RELATIVE_MOMENTUM_2X_weekly_126D,after_tax
2024-11-11,QLD,BUY,24583.755903194255,55.35619475826967,1360863.179666983,680.4315898334914,0.0,RELATIVE_MOMENTUM_2X_weekly_126D,after_tax
2024-11-18,QLD,SELL,24583.755903194255,51.63887771496979,1269477.5648597148,634.7387824298575,-92700.78517953143,RELATIVE_MOMENTUM_2X_weekly_126D,after_tax
2024-11-18,SSO,BUY,27640.235963345953,45.882702426933456,1268208.7217164268,634.1043608582135,0.0,RELATIVE_MOMENTUM_2X_weekly_126D,after_tax
2025-01-21,SSO,SELL,27640.235963345953,47.82026662202009,1321763.453262752,660.881726631376,52259.7454588355,RELATIVE_MOMENTUM_2X_weekly_126D,after_tax
2025-01-21,QLD,BUY,23361.04415500285,56.52325904611428,1320442.3503609402,660.2211751804701,0.0,RELATIVE_MOMENTUM_2X_weekly_126D,after_tax
2025-03-31,QLD,SELL,23361.04415500285,43.00331409285583,1004602.3193346615,502.30115966733075,-317002.5533611266,RELATIVE_MOMENTUM_2X_weekly_126D,after_tax
2025-05-19,QLD,BUY,19522.79239104989,51.406489346552455,1003598.2190654614,501.7991095327307,0.0,RELATIVE_MOMENTUM_2X_weekly_126D,after_tax
2025-06-23,QLD,SELL,19522.79239104989,53.66063561368547,1047605.4486577595,523.8027243288798,42981.62775843649,RELATIVE_MOMENTUM_2X_weekly_126D,after_tax
2025-06-30,QLD,BUY,17838.89314368681,58.66722550106384,1046558.3667500557,523.2791833750279,0.0,RELATIVE_MOMENTUM_2X_weekly_126D,after_tax
2026-02-09,QLD,SELL,17838.89314368681,68.24016341386157,1217328.9832476026,608.6644916238013,169638.67282254796,RELATIVE_MOMENTUM_2X_weekly_126D,after_tax
2026-02-09,SSO,BUY,20774.90019356513,58.537574250361416,1216112.2626246666,608.0561313123333,0.0,RELATIVE_MOMENTUM_2X_weekly_126D,after_tax
2026-03-09,SSO,SELL,20774.90019356513,54.39473218312985,1130045.1321602275,565.0225660801137,-87240.20916183153,RELATIVE_MOMENTUM_2X_weekly_126D,after_tax
2026-03-09,QLD,BUY,17399.223249725455,64.88310630683337,1128915.6517682634,564.4578258841317,0.0,RELATIVE_MOMENTUM_2X_weekly_126D,after_tax
2026-03-23,QLD,SELL,17399.223249725455,64.02386157339181,1113965.460824963,556.9827304124815,-16071.631499597104,RELATIVE_MOMENTUM_2X_weekly_126D,after_tax
2026-04-13,SSO,BUY,19861.746448830465,56.0299193696557,1112852.0520685164,556.4260260342583,0.0,RELATIVE_MOMENTUM_2X_weekly_126D,after_tax
2026-04-20,SSO,SELL,19861.746448830465,61.25964683062838,1216723.5728948417,608.3617864474209,102706.73301384365,RELATIVE_MOMENTUM_2X_weekly_126D,after_tax
2026-04-20,QLD,BUY,15891.309231990886,76.48881785855373,1215507.4573797043,607.7537286898522,0.0,RELATIVE_MOMENTUM_2X_weekly_126D,after_tax
2006-06-21,SSO,BUY,27674.981572808407,3.6115660899196587,99950.02498750626,49.97501249375313,0.0,RELATIVE_MOMENTUM_2X_weekly_189D,pre_tax
2007-04-09,SSO,SELL,27674.981572808407,4.7243236645868185,130745.57036142288,65.37278518071145,30680.197576242164,RELATIVE_MOMENTUM_2X_weekly_189D,pre_tax
2007-04-09,QLD,BUY,106101.69215282293,1.2310349390379771,130614.8901311766,65.3074450655883,0.0,RELATIVE_MOMENTUM_2X_weekly_189D,pre_tax
2008-01-28,QLD,SELL,106101.69215282293,1.1017062844859116,116892.90103935455,58.44645051967728,-13845.742987407313,RELATIVE_MOMENTUM_2X_weekly_189D,pre_tax
2008-05-05,QLD,BUY,88788.8696181216,1.3152106458591897,116776.06655555709,58.38803327777855,0.0,RELATIVE_MOMENTUM_2X_weekly_189D,pre_tax
2008-06-16,QLD,SELL,88788.8696181216,1.272631818338091,112995.54059029376,56.497770295146886,-3895.4117688362458,RELATIVE_MOMENTUM_2X_weekly_189D,pre_tax
2009-07-13,QLD,BUY,210165.45481725418,0.5371130170626479,112882.601519239,56.4413007596195,0.0,RELATIVE_MOMENTUM_2X_weekly_189D,pre_tax
2011-06-20,QLD,SELL,210165.45481725418,1.1971284527652901,251595.04575009298,125.7975228750465,138530.2054072193,RELATIVE_MOMENTUM_2X_weekly_189D,pre_tax
2011-06-20,SSO,BUY,88920.85876722922,2.8265986172822286,251343.57643899845,125.67178821949923,0.0,RELATIVE_MOMENTUM_2X_weekly_189D,pre_tax
2011-07-05,SSO,SELL,88920.85876722922,3.1483459506050733,279953.62562413176,139.97681281206587,28344.400584101706,RELATIVE_MOMENTUM_2X_weekly_189D,pre_tax
2011-07-05,QLD,BUY,200703.19241984663,1.393469672970241,279673.811905367,139.8369059526835,0.0,RELATIVE_MOMENTUM_2X_weekly_189D,pre_tax
2011-08-22,QLD,SELL,200703.19241984663,1.0658276163373566,213915.00516814293,106.95750258407146,-66005.6011457608,RELATIVE_MOMENTUM_2X_weekly_189D,pre_tax
2011-08-29,QLD,BUY,183088.07340864345,1.1672043573808053,213701.19706702538,106.8505985335127,0.0,RELATIVE_MOMENTUM_2X_weekly_189D,pre_tax
2011-09-06,QLD,SELL,183088.07340864345,1.095751969453499,200619.11702096785,100.30955851048392,-13289.240203101537,RELATIVE_MOMENTUM_2X_weekly_189D,pre_tax
2011-09-19,QLD,BUY,158234.029717612,1.2665960572517,200418.5981633757,100.20929908168785,0.0,RELATIVE_MOMENTUM_2X_weekly_189D,pre_tax
2011-09-26,QLD,SELL,158234.029717612,1.1991140306329697,189740.64515798283,94.87032257899142,-10873.03262705353,RELATIVE_MOMENTUM_2X_weekly_189D,pre_tax
2011-10-17,QLD,BUY,140523.85982586545,1.348888363660264,189550.99933573598,94.77549966786799,0.0,RELATIVE_MOMENTUM_2X_weekly_189D,pre_tax
2011-11-14,QLD,SELL,140523.85982586545,1.3308721825832002,187019.29603146523,93.50964801573262,-2719.9884519543266,RELATIVE_MOMENTUM_2X_weekly_189D,pre_tax
2011-12-12,QLD,BUY,147721.14930351972,1.2647638545951845,186832.37019835034,93.41618509917517,0.0,RELATIVE_MOMENTUM_2X_weekly_189D,pre_tax
2011-12-19,QLD,SELL,147721.14930351972,1.2114806317797169,178961.31128545396,89.48065564272699,-8053.955753638264,RELATIVE_MOMENTUM_2X_weekly_189D,pre_tax
2012-01-09,QLD,BUY,133568.59703716272,1.338506530545976,178782.4394101062,89.3912197050531,0.0,RELATIVE_MOMENTUM_2X_weekly_189D,pre_tax
2012-06-25,QLD,SELL,133568.59703716272,1.5621761972524115,208657.68299185458,104.32884149592729,29681.523520547402,RELATIVE_MOMENTUM_2X_weekly_189D,pre_tax
2012-06-25,SSO,BUY,69570.7796123439,2.99621666951366,208449.12958556588,104.22456479278294,0.0,RELATIVE_MOMENTUM_2X_weekly_189D,pre_tax
2012-07-02,SSO,SELL,69570.7796123439,3.1961574370178565,222359.16465712324,111.17958232856162,13694.630924436002,RELATIVE_MOMENTUM_2X_weekly_189D,pre_tax
2012-07-02,QLD,BUY,136232.28974887953,1.6305746385527038,222136.91661648644,111.06845830824322,0.0,RELATIVE_MOMENTUM_2X_weekly_189D,pre_tax
2012-07-16,QLD,SELL,136232.28974887953,1.5780539805073106,214981.90711184463,107.49095355592232,-7373.568916505959,RELATIVE_MOMENTUM_2X_weekly_189D,pre_tax
2012-07-16,SSO,BUY,68304.08146642376,3.144278175346532,214767.03264196776,107.38351632098389,0.0,RELATIVE_MOMENTUM_2X_weekly_189D,pre_tax
2012-07-30,SSO,SELL,68304.08146642376,3.2859285859723073,224442.3338291031,112.22116691455155,9455.696503899788,RELATIVE_MOMENTUM_2X_weekly_189D,pre_tax
2012-07-30,QLD,BUY,134535.67299560356,1.6666063258009312,224218.00366035837,112.10900183017918,0.0,RELATIVE_MOMENTUM_2X_weekly_189D,pre_tax
2012-10-31,QLD,SELL,134535.67299560356,1.678820005510627,225861.17927985507,112.93058963992753,1418.1360280265799,RELATIVE_MOMENTUM_2X_weekly_189D,pre_tax
2012-10-31,SSO,BUY,65129.653844499066,3.464403964336212,225635.4309747278,112.8177154873639,0.0,RELATIVE_MOMENTUM_2X_weekly_189D,pre_tax
2013-09-09,SSO,SELL,65129.653844499066,4.822739423116009,314103.3492097648,157.0516746048824,88198.04884494477,RELATIVE_MOMENTUM_2X_weekly_189D,pre_tax
2013-09-09,QLD,BUY,133856.36538917344,2.344224736129904,313789.4028337431,156.89470141687156,0.0,RELATIVE_MOMENTUM_2X_weekly_189D,pre_tax
2013-09-16,QLD,SELL,133856.36538917344,2.43126367080699,325440.11827696353,162.72005913848176,11331.10068266507,RELATIVE_MOMENTUM_2X_weekly_189D,pre_tax
2013-09-16,SSO,BUY,63794.299269481664,5.09629927000322,325114.84079742635,162.5574203987132,0.0,RELATIVE_MOMENTUM_2X_weekly_189D,pre_tax
2013-09-30,SSO,SELL,63794.299269481664,4.926068404162817,314255.0819971007,157.12754099855033,-11179.443761722941,RELATIVE_MOMENTUM_2X_weekly_189D,pre_tax
2013-09-30,QLD,BUY,129863.36642396013,2.417471474897767,313940.98396412004,156.97049198206003,0.0,RELATIVE_MOMENTUM_2X_weekly_189D,pre_tax
2015-09-08,QLD,SELL,129863.36642396013,4.186809861271527,543713.2231617541,271.85661158087703,229343.41209407116,RELATIVE_MOMENTUM_2X_weekly_189D,pre_tax
2015-09-14,QLD,BUY,125496.36320810628,4.328171492576434,543169.7816593436,271.5848908296718,0.0,RELATIVE_MOMENTUM_2X_weekly_189D,pre_tax
2015-09-28,QLD,SELL,125496.36320810628,4.062655391738128,509848.4766309394,254.9242383154697,-33847.81415754935,RELATIVE_MOMENTUM_2X_weekly_189D,pre_tax
2015-10-05,QLD,BUY,120223.68437607205,4.236593526429318,509338.8829511484,254.6694414755742,0.0,RELATIVE_MOMENTUM_2X_weekly_189D,pre_tax
2016-01-11,QLD,SELL,120223.68437607205,4.215746027529573,506832.5198233949,253.41625991169744,-3014.448829140747,RELATIVE_MOMENTUM_2X_weekly_189D,pre_tax
2016-04-04,QLD,BUY,109366.33332395929,4.629632586230848,506325.9405931866,253.1629702965933,0.0,RELATIVE_MOMENTUM_2X_weekly_189D,pre_tax
2016-04-18,QLD,SELL,109366.33332395929,4.6234829385361875,505653.37617358746,252.82668808679372,-1178.554077982495,RELATIVE_MOMENTUM_2X_weekly_189D,pre_tax
2016-04-25,SSO,BUY,65206.595092020616,7.746884725155159,505147.97549775185,252.57398774887594,0.0,RELATIVE_MOMENTUM_2X_weekly_189D,pre_tax
2016-05-02,SSO,SELL,65206.595092020616,7.64733743653064,498656.8357559044,249.3284178779522,-6993.042147474305,RELATIVE_MOMENTUM_2X_weekly_189D,pre_tax
2016-05-09,SSO,BUY,66062.80111231659,7.540679773432874,498158.42812396446,249.07921406198224,0.0,RELATIVE_MOMENTUM_2X_weekly_189D,pre_tax
2016-05-16,SSO,SELL,66062.80111231659,7.496831639950992,495261.69760260463,247.63084880130234,-3393.440584223077,RELATIVE_MOMENTUM_2X_weekly_189D,pre_tax
2016-05-23,SSO,BUY,65695.60204166507,7.531199472048516,494766.68341209734,247.38334170604867,0.0,RELATIVE_MOMENTUM_2X_weekly_189D,pre_tax
2016-10-10,SSO,SELL,65695.60204166507,8.408875465393066,552426.1361923841,276.21306809619205,57135.85637048446,RELATIVE_MOMENTUM_2X_weekly_189D,pre_tax
2016-10-10,QLD,BUY,103076.66709895502,5.35401465397999,551873.9861312223,275.93699306561115,0.0,RELATIVE_MOMENTUM_2X_weekly_189D,pre_tax
2016-12-05,QLD,SELL,103076.66709895502,5.086344070335957,524283.3944887633,262.14169724438165,-28128.67033276905,RELATIVE_MOMENTUM_2X_weekly_189D,pre_tax
2016-12-05,SSO,BUY,59998.40597284942,8.729554804205614,523759.3731049665,261.87968655248324,0.0,RELATIVE_MOMENTUM_2X_weekly_189D,pre_tax
2016-12-19,SSO,SELL,59998.40597284942,9.20107073841919,552049.5775485799,276.02478877428996,27752.299968286534,RELATIVE_MOMENTUM_2X_weekly_189D,pre_tax
2016-12-19,QLD,BUY,101812.88481517955,5.416778091093362,551497.8038578767,275.7489019289383,0.0,RELATIVE_MOMENTUM_2X_weekly_189D,pre_tax
2016-12-27,QLD,SELL,101812.88481517955,5.480086680153014,557943.4339436186,278.97171697180926,5890.909466841142,RELATIVE_MOMENTUM_2X_weekly_189D,pre_tax
2016-12-27,SSO,BUY,60210.20174474684,9.257331036772452,557385.7693419758,278.6928846709879,0.0,RELATIVE_MOMENTUM_2X_weekly_189D,pre_tax
2017-01-17,SSO,SELL,60210.20174474684,9.268037329009955,558030.397357534,279.01519867876704,86.91993220848963,RELATIVE_MOMENTUM_2X_weekly_189D,pre_tax
2017-01-17,QLD,BUY,98015.60452978768,5.687590751598305,557472.6458359374,278.73632291796866,0.0,RELATIVE_MOMENTUM_2X_weekly_189D,pre_tax
2018-10-29,QLD,SELL,98015.60452978768,10.144939535035777,994362.3814446748,497.1811907223374,436113.8180950971,RELATIVE_MOMENTUM_2X_weekly_189D,pre_tax
2018-11-05,QLD,BUY,97538.66593450945,10.184356188169865,993368.5159959545,496.6842579979773,0.0,RELATIVE_MOMENTUM_2X_weekly_189D,pre_tax
2018-11-19,QLD,SELL,97538.66593450945,9.803736210172024,956243.3511140229,478.1216755570115,-38099.970815486624,RELATIVE_MOMENTUM_2X_weekly_189D,pre_tax
2018-11-19,SSO,BUY,71601.61836199882,13.341703825966086,955287.5856456432,477.6437928228216,0.0,RELATIVE_MOMENTUM_2X_weekly_189D,pre_tax
2018-11-26,SSO,SELL,71601.61836199882,12.619813119780225,903599.0428022493,451.79952140112465,-52617.98615761788,RELATIVE_MOMENTUM_2X_weekly_189D,pre_tax
2018-12-03,SSO,BUY,64389.865826007845,14.019223114587883,902695.8953331816,451.3479476665908,0.0,RELATIVE_MOMENTUM_2X_weekly_189D,pre_tax
2018-12-10,SSO,SELL,64389.865826007845,12.33801637864248,794443.2191798765,397.2216095899383,-109101.24571056163,RELATIVE_MOMENTUM_2X_weekly_189D,pre_tax
2019-01-22,QLD,BUY,85292.17252091074,9.305064574234159,793649.1729837947,396.8245864918974,0.0,RELATIVE_MOMENTUM_2X_weekly_189D,pre_tax
2019-02-11,QLD,SELL,85292.17252091074,9.854813805370608,840538.4792491228,420.2692396245614,46072.21243921155,RELATIVE_MOMENTUM_2X_weekly_189D,pre_tax
2019-02-11,SSO,BUY,64418.37998559349,13.035074166982678,839698.3608290837,419.8491804145419,0.0,RELATIVE_MOMENTUM_2X_weekly_189D,pre_tax
2019-04-01,SSO,SELL,64418.37998559349,14.394261157030419,927254.9848254542,463.6274924127271,86673.1473235432,RELATIVE_MOMENTUM_2X_weekly_189D,pre_tax
2019-04-01,QLD,BUY,81975.86404717332,11.300011338744342,926328.1932364233,463.16409661821166,0.0,RELATIVE_MOMENTUM_2X_weekly_189D,pre_tax
2019-04-15,QLD,SELL,81975.86404717332,11.836578969382698,970313.7883777469,485.1568941888735,43037.27415051649,RELATIVE_MOMENTUM_2X_weekly_189D,pre_tax
2019-04-15,SSO,BUY,64892.88002834653,14.937601152551359,969343.9595038062,484.6719797519031,0.0,RELATIVE_MOMENTUM_2X_weekly_189D,pre_tax
2019-04-22,SSO,SELL,64892.88002834653,14.812305855847503,961213.1868466869,480.60659342334344,-9096.051230294514,RELATIVE_MOMENTUM_2X_weekly_189D,pre_tax
2019-04-22,QLD,BUY,80563.35211869937,11.919221690421303,960252.4540262505,480.1262270131253,0.0,RELATIVE_MOMENTUM_2X_weekly_189D,pre_tax
2019-05-13,QLD,SELL,80563.35211869937,11.092783645354453,893671.8347972404,446.8359173986202,-67507.58137342182,RELATIVE_MOMENTUM_2X_weekly_189D,pre_tax
2019-05-13,SSO,BUY,63402.92892682574,14.081031029424892,892778.6095750544,446.3893047875272,0.0,RELATIVE_MOMENTUM_2X_weekly_189D,pre_tax
2019-06-03,SSO,SELL,63402.92892682574,13.331679925472988,845267.5547899534,422.63377739497673,-48380.077867283486,RELATIVE_MOMENTUM_2X_weekly_189D,pre_tax
2019-06-10,SSO,BUY,57386.247618901165,14.714722510966272,844422.7096577296,422.2113548288648,0.0,RELATIVE_MOMENTUM_2X_weekly_189D,pre_tax
2019-06-24,SSO,SELL,57386.247618901165,15.333960457374381,879958.4517853252,439.9792258926626,34673.55154687399,RELATIVE_MOMENTUM_2X_weekly_189D,pre_tax
2019-06-24,QLD,BUY,72803.72468552245,12.07464229186199,879078.9330928861,439.53946654644307,0.0,RELATIVE_MOMENTUM_2X_weekly_189D,pre_tax
2019-07-01,QLD,SELL,72803.72468552245,12.289499635113815,894721.3479576549,447.36067397882744,14755.514724243432,RELATIVE_MOMENTUM_2X_weekly_189D,pre_tax
2019-07-01,SSO,BUY,57388.41473771657,15.575043810355778,893827.0737468028,446.91353687340137,0.0,RELATIVE_MOMENTUM_2X_weekly_189D,pre_tax
2019-07-15,SSO,SELL,57388.41473771657,16.02294476591759,919531.3995460036,459.7656997730018,24797.646562554408,RELATIVE_MOMENTUM_2X_weekly_189D,pre_tax
2019-07-15,QLD,BUY,72056.20606673075,12.748552523451886,918612.3276823894,459.3061638411947,0.0,RELATIVE_MOMENTUM_2X_weekly_189D,pre_tax
2020-03-23,QLD,SELL,72056.20606673075,9.026803936248369,650437.2445542887,325.21862227714433,-268959.607914219,RELATIVE_MOMENTUM_2X_weekly_189D,pre_tax
2020-04-13,QLD,BUY,53659.46214500603,12.109460408117469,649787.1323658286,324.8935661829143,0.0,RELATIVE_MOMENTUM_2X_weekly_189D,pre_tax
2021-03-29,QLD,SELL,53659.46214500603,28.315494028989644,1519394.179965714,759.697089982857,868522.4569437195,RELATIVE_MOMENTUM_2X_weekly_189D,pre_tax
2021-03-29,SSO,BUY,61697.35689401344,24.60195414384859,1517875.5451031795,758.9377725515898,0.0,RELATIVE_MOMENTUM_2X_weekly_189D,pre_tax
2021-04-19,SSO,SELL,61697.35689401344,27.37085759331898,1688709.569430219,844.3547847151095,169230.7317697727,RELATIVE_MOMENTUM_2X_weekly_189D,pre_tax
2021-04-19,QLD,BUY,51283.400105233304,32.89605799014586,1687021.7037936072,843.5108518968036,0.0,RELATIVE_MOMENTUM_2X_weekly_189D,pre_tax
2021-05-03,QLD,SELL,51283.400105233304,32.614547382065616,1672584.8826455604,836.2924413227802,-16116.624441266293,RELATIVE_MOMENTUM_2X_weekly_189D,pre_tax
2021-05-03,SSO,BUY,60192.5439629354,27.75947025376287,1670913.1336374192,835.4565668187096,0.0,RELATIVE_MOMENTUM_2X_weekly_189D,pre_tax
2021-06-21,SSO,SELL,60192.5439629354,27.497159717538544,1655123.9951537952,827.5619975768976,-17452.15704801958,RELATIVE_MOMENTUM_2X_weekly_189D,pre_tax
2021-06-21,QLD,BUY,49918.723095504494,33.12323704962659,1653469.6983070648,826.7348491535324,0.0,RELATIVE_MOMENTUM_2X_weekly_189D,pre_tax
2021-06-28,QLD,SELL,49918.723095504494,34.76778207001583,1735563.2857979664,867.7816428989833,80399.07099884911,RELATIVE_MOMENTUM_2X_weekly_189D,pre_tax
2021-06-28,SSO,BUY,60070.015479323345,28.863461679262215,1733828.5898601376,866.9142949300688,0.0,RELATIVE_MOMENTUM_2X_weekly_189D,pre_tax
2021-07-12,SSO,SELL,60070.015479323345,29.969019806021958,1800239.483647887,900.1197418239435,64643.85975099518,RELATIVE_MOMENTUM_2X_weekly_189D,pre_tax
2021-07-12,QLD,BUY,48535.179236535776,37.05436287912863,1798440.143834146,899.220071917073,0.0,RELATIVE_MOMENTUM_2X_weekly_189D,pre_tax
2021-07-19,QLD,SELL,48535.179236535776,35.325845904994864,1714546.2626811692,857.2731313405847,-85650.37435623445,RELATIVE_MOMENTUM_2X_weekly_189D,pre_tax
2021-07-19,SSO,BUY,59699.405506822906,28.69094857347351,1712832.5732631972,856.4162866315986,0.0,RELATIVE_MOMENTUM_2X_weekly_189D,pre_tax
2021-07-26,SSO,SELL,59699.405506822906,30.46956025806167,1819014.6334605992,909.5073167302996,104416.13659404032,RELATIVE_MOMENTUM_2X_weekly_189D,pre_tax
2021-07-26,QLD,BUY,47749.47242482514,38.05689226704757,1817196.5278799292,908.5982639399646,0.0,RELATIVE_MOMENTUM_2X_weekly_189D,pre_tax
2021-08-02,QLD,SELL,47749.47242482514,37.78527151144591,1804226.7801003174,902.1133900501587,-14780.459433601703,RELATIVE_MOMENTUM_2X_weekly_189D,pre_tax
2021-08-02,SSO,BUY,58919.97089921743,30.591044555432997,1802423.454982776,901.211727491388,0.0,RELATIVE_MOMENTUM_2X_weekly_189D,pre_tax
2021-08-16,SSO,SELL,58919.97089921743,31.16204784190323,1836066.9520049596,918.0334760024798,31824.25181868975,RELATIVE_MOMENTUM_2X_weekly_189D,pre_tax
2021-08-16,QLD,BUY,48215.86492877332,38.04208024344797,1834231.8026276433,917.1159013138217,0.0,RELATIVE_MOMENTUM_2X_weekly_189D,pre_tax
2021-09-27,QLD,SELL,48215.86492877332,38.521121749606785,1857329.2031838729,928.6646015919365,21251.620053323917,RELATIVE_MOMENTUM_2X_weekly_189D,pre_tax
2021-09-27,SSO,BUY,59789.985053838696,31.033170530322177,1855472.8021811906,927.7364010905953,0.0,RELATIVE_MOMENTUM_2X_weekly_189D,pre_tax
2021-11-22,SSO,SELL,59789.985053838696,34.926901599097135,2088278.9245869126,1044.1394622934563,230834.24654233805,RELATIVE_MOMENTUM_2X_weekly_189D,pre_tax
2021-11-22,QLD,BUY,45368.41118526767,45.98335350031876,2086191.6892799793,1043.0958446399898,0.0,RELATIVE_MOMENTUM_2X_weekly_189D,pre_tax
2022-01-10,QLD,SELL,45368.41118526767,39.000171022074035,1769375.7952252158,884.6878976126079,-318743.677797016,RELATIVE_MOMENTUM_2X_weekly_189D,pre_tax
2022-01-10,SSO,BUY,52341.994496407715,33.77034674895849,1767607.3036757654,883.8036518378827,0.0,RELATIVE_MOMENTUM_2X_weekly_189D,pre_tax
2022-02-07,SSO,SELL,52341.994496407715,31.74180069621029,1661429.1573471096,830.7145786735548,-107892.66455916734,RELATIVE_MOMENTUM_2X_weekly_189D,pre_tax
2022-02-07,QLD,BUY,46951.71829753047,35.35053920649568,1659768.5584891916,829.8842792445959,0.0,RELATIVE_MOMENTUM_2X_weekly_189D,pre_tax
2022-02-14,QLD,SELL,46951.71829753047,32.92568096903573,1545917.2976125258,772.9586488062629,-115454.10380471684,RELATIVE_MOMENTUM_2X_weekly_189D,pre_tax
2022-02-14,SSO,BUY,50876.401915080925,30.35537291856893,1544372.152887276,772.186076443638,0.0,RELATIVE_MOMENTUM_2X_weekly_189D,pre_tax
2022-03-14,SSO,SELL,50876.401915080925,27.621445727256866,1405279.7742955151,702.6398871477576,-140567.20455535222,RELATIVE_MOMENTUM_2X_weekly_189D,pre_tax
2022-03-21,SSO,BUY,45339.74888176611,30.96345329284668,1403875.1968099624,701.9375984049813,0.0,RELATIVE_MOMENTUM_2X_weekly_189D,pre_tax
2022-04-25,SSO,SELL,45339.74888176611,27.98402994832857,1268788.8905570395,634.3944452785198,-136422.63829660625,RELATIVE_MOMENTUM_2X_weekly_189D,pre_tax
2023-02-13,SSO,BUY,51574.004040757885,24.57673704648166,1267520.7357438891,633.7603678719446,0.0,RELATIVE_MOMENTUM_2X_weekly_189D,pre_tax
2023-02-27,SSO,SELL,51574.004040757885,23.428290087812076,1208290.727656868,604.145363828434,-60467.91381872143,RELATIVE_MOMENTUM_2X_weekly_189D,pre_tax
2023-02-27,QLD,BUY,57762.933267634966,20.897190853861844,1207083.0407726534,603.5415203863267,0.0,RELATIVE_MOMENTUM_2X_weekly_189D,pre_tax
2023-03-06,QLD,SELL,57762.933267634966,21.704548953296303,1253718.4127933707,626.8592063966853,45404.97129393439,RELATIVE_MOMENTUM_2X_weekly_189D,pre_tax
2023-03-20,QLD,BUY,56543.87568684008,22.150326727921968,1252465.320926511,626.2326604632555,0.0,RELATIVE_MOMENTUM_2X_weekly_189D,pre_tax
2023-04-24,QLD,SELL,56543.87568684008,23.750186660541715,1342927.6020729183,671.4638010364591,89164.58468490769,RELATIVE_MOMENTUM_2X_weekly_189D,pre_tax
2023-04-24,SSO,BUY,54231.75180551413,24.738004968201558,1341585.3455990825,670.7926727995413,0.0,RELATIVE_MOMENTUM_2X_weekly_189D,pre_tax
2023-05-01,SSO,SELL,54231.75180551413,25.10453556779278,1361462.94210524,680.73147105262,18526.072362305364,RELATIVE_MOMENTUM_2X_weekly_189D,pre_tax
2023-05-01,QLD,BUY,55361.97033788536,24.56744496724792,1360102.1595544103,680.0510797772051,0.0,RELATIVE_MOMENTUM_2X_weekly_189D,pre_tax
2023-05-08,QLD,SELL,55361.97033788536,24.557543280955663,1359553.9826916032,679.7769913458017,-1908.0049339300022,RELATIVE_MOMENTUM_2X_weekly_189D,pre_tax
2023-05-08,SSO,BUY,54848.99766708509,24.762441720265713,1358195.1081461846,679.0975540730923,0.0,RELATIVE_MOMENTUM_2X_weekly_189D,pre_tax
2023-05-15,SSO,SELL,54848.99766708509,24.65004375453003,1352030.1923857632,676.0150961928816,-7520.028410687577,RELATIVE_MOMENTUM_2X_weekly_189D,pre_tax
2023-05-15,QLD,BUY,54019.966529115845,25.00332607837959,1350678.8378706349,675.3394189353174,0.0,RELATIVE_MOMENTUM_2X_weekly_189D,pre_tax
2024-04-22,QLD,SELL,54019.966529115845,38.224366155143876,2064878.9802975408,1032.4394901487703,712492.3635178218,RELATIVE_MOMENTUM_2X_weekly_189D,pre_tax
2024-04-22,SSO,BUY,60187.33746992564,34.27324118252477,2062815.1332407717,1031.407566620386,0.0,RELATIVE_MOMENTUM_2X_weekly_189D,pre_tax
2024-04-29,SSO,SELL,60187.33746992564,35.91721725463867,2161761.675885574,1080.880837942787,96834.25424023927,RELATIVE_MOMENTUM_2X_weekly_189D,pre_tax
2024-04-29,QLD,BUY,52551.35991454661,41.09505440129557,2159600.994550356,1079.800497275178,0.0,RELATIVE_MOMENTUM_2X_weekly_189D,pre_tax
2024-07-29,QLD,SELL,52551.35991454661,46.55732216966703,2446650.593995672,1223.3252969978362,284746.4736510427,RELATIVE_MOMENTUM_2X_weekly_189D,pre_tax
2024-07-29,SSO,BUY,60152.65355403757,40.63337229038263,2444205.1661156164,1222.1025830578083,0.0,RELATIVE_MOMENTUM_2X_weekly_189D,pre_tax
2024-12-09,SSO,SELL,60152.65355403757,49.11075540820666,2954142.255846932,1477.071127923466,507237.91602033423,RELATIVE_MOMENTUM_2X_weekly_189D,pre_tax
2024-12-09,QLD,BUY,51571.83925201829,57.22482720661451,2951189.5899240463,1475.5947949620231,0.0,RELATIVE_MOMENTUM_2X_weekly_189D,pre_tax
2025-03-03,QLD,SELL,51571.83925201829,53.17784027962857,2742479.030670508,1371.2395153352538,-211557.39356383588,RELATIVE_MOMENTUM_2X_weekly_189D,pre_tax
2025-03-03,SSO,BUY,58662.28483973794,46.7035665194236,2739737.922194076,1369.868961097038,0.0,RELATIVE_MOMENTUM_2X_weekly_189D,pre_tax
2025-04-07,SSO,SELL,58662.28483973794,31.079078373838723,1823169.7481226667,911.5848740613334,-918849.6279065676,RELATIVE_MOMENTUM_2X_weekly_189D,pre_tax
2025-04-28,SSO,BUY,46820.2728786586,38.900830292555845,1821347.4895038535,910.6737447519267,0.0,RELATIVE_MOMENTUM_2X_weekly_189D,pre_tax
2025-05-05,SSO,SELL,46820.2728786586,40.43052108798316,1892968.0299657325,946.4840149828663,69763.3827021441,RELATIVE_MOMENTUM_2X_weekly_189D,pre_tax
2025-05-05,QLD,BUY,41248.504642539134,45.84592882420591,1891076.0079467765,945.5380039733883,0.0,RELATIVE_MOMENTUM_2X_weekly_189D,pre_tax
2026-02-17,QLD,SELL,41248.504642539134,66.09205011134442,2726198.2358527193,1363.0991179263597,832813.5907840431,RELATIVE_MOMENTUM_2X_weekly_189D,pre_tax
2026-02-17,SSO,BUY,47894.08527380855,56.86450392495834,2723473.400034776,1361.736700017388,0.0,RELATIVE_MOMENTUM_2X_weekly_189D,pre_tax
2026-02-23,SSO,SELL,47894.08527380855,58.10934576067396,2783093.961066944,1391.5469805334722,56867.27735161735,RELATIVE_MOMENTUM_2X_weekly_189D,pre_tax
2026-02-23,QLD,BUY,40977.02930495341,67.85050808017802,2780312.2579574324,1390.1561289787162,0.0,RELATIVE_MOMENTUM_2X_weekly_189D,pre_tax
2026-03-02,QLD,SELL,40977.02930495341,66.00212621228486,2704571.0599900302,1352.2855299950152,-78483.63962637587,RELATIVE_MOMENTUM_2X_weekly_189D,pre_tax
2026-03-02,SSO,BUY,47832.4628086767,56.486069959367704,2701867.8405397655,1350.9339202698827,0.0,RELATIVE_MOMENTUM_2X_weekly_189D,pre_tax
2026-03-09,SSO,SELL,47832.4628086767,54.39473218312985,2601834.0041374876,1300.9170020687438,-102685.68732461659,RELATIVE_MOMENTUM_2X_weekly_189D,pre_tax
2026-03-09,QLD,BUY,40060.25016910253,64.88310630683337,2599233.470400219,1299.6167352001094,0.0,RELATIVE_MOMENTUM_2X_weekly_189D,pre_tax
2026-03-30,QLD,SELL,40060.25016910253,58.98053339656102,2362774.9229733413,1181.3874614866706,-238939.5516235642,RELATIVE_MOMENTUM_2X_weekly_189D,pre_tax
2026-03-30,SSO,BUY,47018.90381133128,50.2013687583798,2360413.328847431,1180.2066644237157,0.0,RELATIVE_MOMENTUM_2X_weekly_189D,pre_tax
2026-04-06,SSO,SELL,47018.90381133128,52.61662677245129,2473976.1130906055,1236.9880565453027,111145.5895222053,RELATIVE_MOMENTUM_2X_weekly_189D,pre_tax
2026-04-06,QLD,BUY,39343.89360861161,62.8179660593232,2471503.3733473867,1235.7516866736935,0.0,RELATIVE_MOMENTUM_2X_weekly_189D,pre_tax
2026-08-03,QLD,SELL,39343.89360861161,83.77999877929688,3296231.3585022665,1648.1156792511333,821844.1177889551,RELATIVE_MOMENTUM_2X_weekly_189D,pre_tax
2026-08-03,SSO,BUY,48827.649098868176,67.44000244140625,3292936.7744357977,1646.468387217899,0.0,RELATIVE_MOMENTUM_2X_weekly_189D,pre_tax
2026-08-10,SSO,SELL,48827.649098868176,71.56999969482422,3494594.8311049794,1747.2974155524898,198264.2908664113,RELATIVE_MOMENTUM_2X_weekly_189D,pre_tax
2026-08-10,QLD,BUY,37934.39127463553,92.02999877929688,3491101.982698078,1745.550991349039,0.0,RELATIVE_MOMENTUM_2X_weekly_189D,pre_tax
2006-06-21,SSO,BUY,27674.981572808407,3.6115660899196587,99950.02498750626,49.97501249375313,0.0,RELATIVE_MOMENTUM_2X_weekly_189D,after_tax
2007-04-09,SSO,SELL,27674.981572808407,4.7243236645868185,130745.57036142288,65.37278518071145,30680.197576242164,RELATIVE_MOMENTUM_2X_weekly_189D,after_tax
2007-04-09,QLD,BUY,101041.26116391463,1.2310349390379771,124385.32277723997,62.19266138861999,0.0,RELATIVE_MOMENTUM_2X_weekly_189D,after_tax
2008-01-28,QLD,SELL,101041.26116391463,1.1017062844859116,111317.79241666703,55.658896208333516,-13185.381918169893,RELATIVE_MOMENTUM_2X_weekly_189D,after_tax
2008-05-05,QLD,BUY,84554.15914207642,1.3152106458591897,111206.53025533103,55.603265127665516,0.0,RELATIVE_MOMENTUM_2X_weekly_189D,after_tax
2008-06-16,QLD,SELL,84554.15914207642,1.272631818338091,107606.31329702902,53.80315664851451,-3709.6233800781774,RELATIVE_MOMENTUM_2X_weekly_189D,after_tax
2009-07-13,QLD,BUY,200141.79017274134,0.5371130170626479,107498.76076000051,53.74938038000026,0.0,RELATIVE_MOMENTUM_2X_weekly_189D,after_tax
2011-06-20,QLD,SELL,200141.79017274134,1.1971284527652901,239595.43160316919,119.7977158015846,131923.12374698708,RELATIVE_MOMENTUM_2X_weekly_189D,after_tax
2011-06-20,SSO,BUY,76416.81789128427,2.8265986172822286,215999.671788612,107.999835894306,0.0,RELATIVE_MOMENTUM_2X_weekly_189D,after_tax
2011-07-05,SSO,SELL,76416.81789128427,3.1483459506050733,240586.57916615016,120.29328958307508,24358.61425206077,RELATIVE_MOMENTUM_2X_weekly_189D,after_tax
2011-07-05,QLD,BUY,168930.93397779737,1.393469672970241,235400.13332459866,117.70006666229934,0.0,RELATIVE_MOMENTUM_2X_weekly_189D,after_tax
2011-08-22,QLD,SELL,168930.93397779737,1.0658276163373566,180051.25468719914,90.02562734359957,-55556.604331405426,RELATIVE_MOMENTUM_2X_weekly_189D,after_tax
2011-08-29,QLD,BUY,154104.3710775535,1.1672043573808053,179871.293413149,89.9356467065745,0.0,RELATIVE_MOMENTUM_2X_weekly_189D,after_tax
2011-09-06,QLD,SELL,154104.3710775535,1.095751969453499,168860.16810962206,84.43008405481103,-11185.491034288338,RELATIVE_MOMENTUM_2X_weekly_189D,after_tax
2011-09-19,QLD,BUY,133184.83928920038,1.2665960572517,168691.39232940253,84.34569616470127,0.0,RELATIVE_MOMENTUM_2X_weekly_189D,after_tax
2011-09-26,QLD,SELL,133184.83928920038,1.1991140306329697,159703.80945927737,79.85190472963869,-9151.780471019505,RELATIVE_MOMENTUM_2X_weekly_189D,after_tax
2011-10-17,QLD,BUY,118278.27250943668,1.348888363660264,159544.1854618168,79.77209273090841,0.0,RELATIVE_MOMENTUM_2X_weekly_189D,after_tax
2011-11-14,QLD,SELL,118278.27250943668,1.3308721825832002,157413.26268680452,78.70663134340226,-2289.4014990866126,RELATIVE_MOMENTUM_2X_weekly_189D,after_tax
2011-12-12,QLD,BUY,124336.19724351518,1.2647638545951845,157255.9280914154,78.6279640457077,0.0,RELATIVE_MOMENTUM_2X_weekly_189D,after_tax
2011-12-19,QLD,SELL,124336.19724351518,1.2114806317797169,150630.89478966128,75.31544739483064,-6778.976713194657,RELATIVE_MOMENTUM_2X_weekly_189D,after_tax
2012-01-09,QLD,BUY,112424.06050219217,1.338506530545976,150480.33917268013,75.24016958634007,0.0,RELATIVE_MOMENTUM_2X_weekly_189D,after_tax
2012-06-25,QLD,SELL,112424.06050219217,1.5621761972524115,175626.19131498958,87.8130956574948,24982.798877065594,RELATIVE_MOMENTUM_2X_weekly_189D,after_tax
2012-06-25,SSO,BUY,58557.39829435114,2.99621666951366,175450.65289288564,87.72532644644282,0.0,RELATIVE_MOMENTUM_2X_weekly_189D,after_tax
2012-07-02,SSO,SELL,58557.39829435114,3.1961574370178565,187158.66405090713,93.57933202545357,11526.70649954959,RELATIVE_MOMENTUM_2X_weekly_189D,after_tax
2012-07-02,QLD,BUY,114666.07814124825,1.6305746385527038,186971.59891942196,93.48579945971098,0.0,RELATIVE_MOMENTUM_2X_weekly_189D,after_tax
2012-07-16,QLD,SELL,114666.07814124825,1.5780539805073106,180949.26103995912,90.47463051997956,-6206.298309442529,RELATIVE_MOMENTUM_2X_weekly_189D,after_tax
2012-07-16,SSO,BUY,57491.22441700389,3.144278175346532,180768.40220833497,90.38420110416749,0.0,RELATIVE_MOMENTUM_2X_weekly_189D,after_tax
2012-07-30,SSO,SELL,57491.22441700389,3.2859285859723073,188912.05775438217,94.45602887719109,7958.815316065826,RELATIVE_MOMENTUM_2X_weekly_189D,after_tax
2012-07-30,QLD,BUY,113238.04379222932,1.6666063258009312,188723.24010545225,94.36162005272612,0.0,RELATIVE_MOMENTUM_2X_weekly_189D,after_tax
2012-10-31,QLD,SELL,113238.04379222932,1.678820005510627,190106.29330328305,95.05314665164153,1193.6384311264264,RELATIVE_MOMENTUM_2X_weekly_189D,after_tax
2012-10-31,SSO,BUY,54819.32360391234,3.464403964336212,189916.28201562358,94.95814100781179,0.0,RELATIVE_MOMENTUM_2X_weekly_189D,after_tax
2013-09-09,SSO,SELL,54819.32360391234,4.822739423116009,264379.313093142,132.189656546571,74235.88327996404,RELATIVE_MOMENTUM_2X_weekly_189D,after_tax
2013-09-09,QLD,BUY,110177.844030692,2.344224736129904,258281.62735021065,129.14081367510533,0.0,RELATIVE_MOMENTUM_2X_weekly_189D,after_tax
2013-09-16,QLD,SELL,110177.844030692,2.43126367080699,267871.3895196602,133.9356947598301,9326.685661014635,RELATIVE_MOMENTUM_2X_weekly_189D,after_tax
2013-09-16,SSO,BUY,52137.809931117255,5.09629927000322,265709.8826915195,132.85494134575976,0.0,RELATIVE_MOMENTUM_2X_weekly_189D,after_tax
2013-09-30,SSO,SELL,52137.809931117255,4.926068404162817,256834.41816392305,128.41720908196152,-9136.736678024172,RELATIVE_MOMENTUM_2X_weekly_189D,after_tax
2013-09-30,QLD,BUY,106134.74233843533,2.417471474897767,256577.7120987917,128.28885604939586,0.0,RELATIVE_MOMENTUM_2X_weekly_189D,after_tax
2015-09-08,QLD,SELL,106134.74233843533,4.186809861271527,444365.9858460737,222.18299292303686,187437.80189830958,RELATIVE_MOMENTUM_2X_weekly_189D,after_tax
2015-09-14,QLD,BUY,94200.99991688196,4.328171492576434,407718.08241244353,203.85904120622178,0.0,RELATIVE_MOMENTUM_2X_weekly_189D,after_tax
2015-09-28,QLD,SELL,94200.99991688196,4.062655391738128,382706.2002194434,191.3531001097217,-25407.094334316032,RELATIVE_MOMENTUM_2X_weekly_189D,after_tax
2015-10-05,QLD,BUY,90243.183088401,4.236593526429318,382323.68527669535,191.16184263834768,0.0,RELATIVE_MOMENTUM_2X_weekly_189D,after_tax
2016-01-11,QLD,SELL,90243.183088401,4.215746027529573,380442.3406165504,190.22117030827522,-2262.7276730915764,RELATIVE_MOMENTUM_2X_weekly_189D,after_tax
2016-04-04,QLD,BUY,82093.35866789885,4.629632586230848,380062.0884020411,190.03104420102056,0.0,RELATIVE_MOMENTUM_2X_weekly_189D,after_tax
2016-04-18,QLD,SELL,82093.35866789885,4.6234829385361875,379557.2431681622,189.7786215840811,-884.6548996639904,RELATIVE_MOMENTUM_2X_weekly_189D,after_tax
2016-04-25,SSO,BUY,48945.852308545785,7.746884725155159,379177.8756087737,189.58893780438686,0.0,RELATIVE_MOMENTUM_2X_weekly_189D,after_tax
2016-05-02,SSO,SELL,48945.852308545785,7.64733743653064,374305.44872204185,187.15272436102094,-5249.168548897316,RELATIVE_MOMENTUM_2X_weekly_189D,after_tax
2016-05-09,SSO,BUY,49588.54394665315,7.540679773432874,373931.3303325146,186.9656651662573,0.0,RELATIVE_MOMENTUM_2X_weekly_189D,after_tax
2016-05-16,SSO,SELL,49588.54394665315,7.496831639950992,371756.9652383696,185.8784826191848,-2547.2092419304536,RELATIVE_MOMENTUM_2X_weekly_189D,after_tax
2016-05-23,SSO,BUY,49312.91428903062,7.531199472048516,371385.3940587211,185.69269702936055,0.0,RELATIVE_MOMENTUM_2X_weekly_189D,after_tax
2016-10-10,SSO,SELL,49312.91428903062,8.408875465393066,414666.15509206074,207.33307754603038,42887.73525876424,RELATIVE_MOMENTUM_2X_weekly_189D,after_tax
2016-10-10,QLD,BUY,77124.25520265527,5.35401465397999,412924.3925323089,206.46219626615445,0.0,RELATIVE_MOMENTUM_2X_weekly_189D,after_tax
2016-12-05,QLD,SELL,77124.25520265527,5.086344070335957,392280.49812910275,196.14024906455137,-21046.49684853683,RELATIVE_MOMENTUM_2X_weekly_189D,after_tax
2016-12-05,SSO,BUY,44892.14197777905,8.729554804205614,391888.41367320163,195.9442068366008,0.0,RELATIVE_MOMENTUM_2X_weekly_189D,after_tax
2016-12-19,SSO,SELL,44892.14197777905,9.20107073841919,413055.77393670264,206.5278869683513,20764.88816969609,RELATIVE_MOMENTUM_2X_weekly_189D,after_tax
2016-12-19,QLD,BUY,76178.66518584847,5.416778091093362,412642.9245874406,206.32146229372032,0.0,RELATIVE_MOMENTUM_2X_weekly_189D,after_tax
2016-12-27,QLD,SELL,76178.66518584847,5.480086680153014,417465.6883968043,208.73284419840218,4407.709502871556,RELATIVE_MOMENTUM_2X_weekly_189D,after_tax
2016-12-27,SSO,BUY,44960.111202730426,9.257331036772452,416210.6328537772,208.1053164268886,0.0,RELATIVE_MOMENTUM_2X_weekly_189D,after_tax
2017-01-17,SSO,SELL,44960.111202730426,9.268037329009955,416691.9889433443,208.34599447167213,64.90477866854053,RELATIVE_MOMENTUM_2X_weekly_189D,after_tax
2017-01-17,QLD,BUY,73187.81265387629,5.687590751598305,416262.32637989614,208.13116318994807,0.0,RELATIVE_MOMENTUM_2X_weekly_189D,after_tax
2018-10-29,QLD,SELL,73187.81265387629,10.144939535035777,742485.9340751013,371.24296703755067,325644.2335649776,RELATIVE_MOMENTUM_2X_weekly_189D,after_tax
2018-11-05,QLD,BUY,66339.22080584477,10.184356188169865,675622.2539323723,337.8111269661862,0.0,RELATIVE_MOMENTUM_2X_weekly_189D,after_tax
2018-11-19,QLD,SELL,66339.22080584477,9.803736210172024,650372.2211688578,325.1861105844289,-25913.03000106511,RELATIVE_MOMENTUM_2X_weekly_189D,after_tax
2018-11-19,SSO,BUY,48698.59070824043,13.341703825966086,649722.1739712878,324.8610869856439,0.0,RELATIVE_MOMENTUM_2X_weekly_189D,after_tax
2018-11-26,SSO,SELL,48698.59070824043,12.619813119780225,614567.11393466,307.28355696733,-35787.20468058076,RELATIVE_MOMENTUM_2X_weekly_189D,after_tax
2018-12-03,SSO,BUY,43793.64312362365,14.019223114587883,613952.8539507174,306.97642697535866,0.0,RELATIVE_MOMENTUM_2X_weekly_189D,after_tax
2018-12-10,SSO,SELL,43793.64312362365,12.33801637864248,540326.6861396923,270.1633430698462,-74203.30758107023,RELATIVE_MOMENTUM_2X_weekly_189D,after_tax
2019-01-22,QLD,BUY,58009.982109802615,9.305064574234159,539786.6294818816,269.8933147409408,0.0,RELATIVE_MOMENTUM_2X_weekly_189D,after_tax
2019-02-11,QLD,SELL,58009.982109802615,9.854813805370608,571677.5725449848,285.83878627249237,31335.21096208971,RELATIVE_MOMENTUM_2X_weekly_189D,after_tax
2019-02-11,SSO,BUY,43813.0365314658,13.035074166982678,571106.1806683781,285.55309033418905,0.0,RELATIVE_MOMENTUM_2X_weekly_189D,after_tax
2019-04-01,SSO,SELL,43813.0365314658,14.394261157030419,630656.2899164329,315.32814495821646,58949.22801276238,RELATIVE_MOMENTUM_2X_weekly_189D,after_tax
2019-04-01,QLD,BUY,55754.452797485836,11.300011338744342,630025.9487970761,315.01297439853806,0.0,RELATIVE_MOMENTUM_2X_weekly_189D,after_tax
2019-04-15,QLD,SELL,55754.452797485836,11.836578969382698,659941.9834321612,329.97099171608056,29271.050668970332,RELATIVE_MOMENTUM_2X_weekly_189D,after_tax
2019-04-15,SSO,BUY,44135.759451725055,14.937601152551359,659282.3712548177,329.64118562740884,0.0,RELATIVE_MOMENTUM_2X_weekly_189D,after_tax
2019-04-22,SSO,SELL,44135.759451725055,14.812305855847503,653752.3681790638,326.8761840895319,-6186.520445470931,RELATIVE_MOMENTUM_2X_weekly_189D,after_tax
2019-04-22,QLD,BUY,54793.75746896001,11.919221690421303,653098.9425237124,326.5494712618562,0.0,RELATIVE_MOMENTUM_2X_weekly_189D,after_tax
2019-05-13,QLD,SELL,54793.75746896001,11.092783645354453,607815.296719198,303.907648359599,-45914.10292413586,RELATIVE_MOMENTUM_2X_weekly_189D,after_tax
2019-05-13,SSO,BUY,43122.3952215841,14.081031029424892,607207.7851782494,303.60389258912465,0.0,RELATIVE_MOMENTUM_2X_weekly_189D,after_tax
2019-06-03,SSO,SELL,43122.3952215841,13.331679925472988,574893.9707139051,287.44698535695255,-32904.86534229037,RELATIVE_MOMENTUM_2X_weekly_189D,after_tax
2019-06-10,SSO,BUY,39030.25446918951,14.714722510966272,574319.3640465249,287.15968202326246,0.0,RELATIVE_MOMENTUM_2X_weekly_189D,after_tax
2019-06-24,SSO,SELL,39030.25446918951,15.333960457374381,598488.3786718117,299.24418933590584,23582.61075392773,RELATIVE_MOMENTUM_2X_weekly_189D,after_tax
2019-06-24,QLD,BUY,49516.18233781925,12.07464229186199,597890.189387782,298.945094693891,0.0,RELATIVE_MOMENTUM_2X_weekly_189D,after_tax
2019-07-01,QLD,SELL,49516.18233781925,12.289499635113815,608529.1047728588,304.2645523864294,10035.70573799638,RELATIVE_MOMENTUM_2X_weekly_189D,after_tax
2019-07-01,SSO,BUY,39031.728397218256,15.575043810355778,607920.879780582,303.960439890291,0.0,RELATIVE_MOMENTUM_2X_weekly_189D,after_tax
2019-07-15,SSO,SELL,39031.728397218256,16.02294476591759,625403.2282269252,312.70161411346265,16865.68639233953,RELATIVE_MOMENTUM_2X_weekly_189D,after_tax
2019-07-15,QLD,BUY,49007.77059942415,12.748552523451886,624778.1375440399,312.3890687720199,0.0,RELATIVE_MOMENTUM_2X_weekly_189D,after_tax
2020-03-23,QLD,SELL,49007.77059942415,9.026803936248369,442383.536553639,221.1917682768195,-182928.18182744965,RELATIVE_MOMENTUM_2X_weekly_189D,after_tax
2020-04-13,QLD,BUY,36495.54639132076,12.109460408117469,441941.37409831304,220.97068704915654,0.0,RELATIVE_MOMENTUM_2X_weekly_189D,after_tax
2021-03-29,QLD,SELL,36495.54639132076,28.315494028989644,1033389.4259281574,516.6947129640787,590710.3864298312,RELATIVE_MOMENTUM_2X_weekly_189D,after_tax
2021-03-29,SSO,BUY,39016.655932414666,24.60195414384859,959885.9800955837,479.94299004779185,0.0,RELATIVE_MOMENTUM_2X_weekly_189D,after_tax
2021-04-19,SSO,SELL,39016.655932414666,27.37085759331898,1067919.333293646,533.959666646823,107019.45054136787,RELATIVE_MOMENTUM_2X_weekly_189D,after_tax
2021-04-19,QLD,BUY,31770.427072353734,32.89605799014586,1045121.8113438485,522.5609056719243,0.0,RELATIVE_MOMENTUM_2X_weekly_189D,after_tax
2021-05-03,QLD,SELL,31770.427072353734,32.614547382065616,1036178.0990997411,518.0890495498705,-9984.362199329189,RELATIVE_MOMENTUM_2X_weekly_189D,after_tax
2021-05-03,SSO,BUY,37289.70435559589,27.75947025376287,1035142.4388307759,517.571219415388,0.0,RELATIVE_MOMENTUM_2X_weekly_189D,after_tax
2021-06-21,SSO,SELL,37289.70435559589,27.497159717538544,1025360.9564856129,512.6804782428064,-10811.73404282122,RELATIVE_MOMENTUM_2X_weekly_189D,after_tax
2021-06-21,QLD,BUY,30925.000066228167,33.12323704962659,1024336.1079533935,512.1680539766968,0.0,RELATIVE_MOMENTUM_2X_weekly_189D,after_tax
2021-06-28,QLD,SELL,30925.000066228167,34.76778207001583,1075193.662817846,537.596831408923,49807.789979066816,RELATIVE_MOMENTUM_2X_weekly_189D,after_tax
2021-06-28,SSO,BUY,37009.705840590024,28.863461679262215,1068228.2262906372,534.1141131453186,0.0,RELATIVE_MOMENTUM_2X_weekly_189D,after_tax
2021-07-12,SSO,SELL,37009.705840590024,29.969019806021958,1109144.607351689,554.5723036758444,39827.69464423065,RELATIVE_MOMENTUM_2X_weekly_189D,after_tax
2021-07-12,QLD,BUY,29684.738284042236,37.05436287912863,1099949.0643488632,549.9745321744316,0.0,RELATIVE_MOMENTUM_2X_weekly_189D,after_tax
2021-07-19,QLD,SELL,29684.738284042236,35.325845904994864,1048638.4903521778,524.3192451760889,-52384.8677740359,RELATIVE_MOMENTUM_2X_weekly_189D,after_tax
2021-07-19,SSO,BUY,36512.92229799617,28.69094857347351,1047590.3759190423,523.7951879595212,0.0,RELATIVE_MOMENTUM_2X_weekly_189D,after_tax
2021-07-26,SSO,SELL,36512.92229799617,30.46956025806167,1112532.6861567178,556.2663430783589,63862.24870663753,RELATIVE_MOMENTUM_2X_weekly_189D,after_tax
2021-07-26,QLD,BUY,29142.953580451314,38.05689226704757,1109090.244754804,554.5451223774021,0.0,RELATIVE_MOMENTUM_2X_weekly_189D,after_tax
2021-08-02,QLD,SELL,29142.953580451314,37.78527151144591,1101174.4136828177,550.5872068414088,-9020.96340120514,RELATIVE_MOMENTUM_2X_weekly_189D,after_tax
2021-08-02,SSO,BUY,35960.648142883096,30.591044555432997,1100073.7895811857,550.0368947905929,0.0,RELATIVE_MOMENTUM_2X_weekly_189D,after_tax
2021-08-16,SSO,SELL,35960.648142883096,31.16204784190323,1120607.4378543715,560.3037189271857,19423.307659468148,RELATIVE_MOMENTUM_2X_weekly_189D,after_tax
2021-08-16,QLD,BUY,29372.084889776186,38.04208024344797,1117375.2102942313,558.6876051471156,0.0,RELATIVE_MOMENTUM_2X_weekly_189D,after_tax
2021-09-27,QLD,SELL,29372.084889776186,38.521121749606785,1131445.6580788542,565.7228290394271,12946.03735043644,RELATIVE_MOMENTUM_2X_weekly_189D,after_tax
2021-09-27,SSO,BUY,36338.08874307151,31.033170530322177,1127686.1047097188,563.8430523548594,0.0,RELATIVE_MOMENTUM_2X_weekly_189D,after_tax
2021-11-22,SSO,SELL,36338.08874307151,34.926901599097135,1269176.849828518,634.588424914259,140292.31364153,RELATIVE_MOMENTUM_2X_weekly_189D,after_tax
2021-11-22,QLD,BUY,26953.71416952731,45.98335350031876,1239422.166803925,619.7110834019626,0.0,RELATIVE_MOMENTUM_2X_weekly_189D,after_tax
2022-01-10,QLD,SELL,26953.71416952731,39.000171022074035,1051199.4622916654,525.5997311458327,-189368.0153268075,RELATIVE_MOMENTUM_2X_weekly_189D,after_tax
2022-01-10,SSO,BUY,31096.77244278885,33.77034674895849,1050148.7881664364,525.0743940832182,0.0,RELATIVE_MOMENTUM_2X_weekly_189D,after_tax
2022-02-07,SSO,SELL,31096.77244278885,31.74180069621029,987067.5531744082,493.5337765872041,-64099.843162698555,RELATIVE_MOMENTUM_2X_weekly_189D,after_tax
2022-02-07,QLD,BUY,27894.368828387596,35.35053920649568,986080.9789083668,493.0404894541834,0.0,RELATIVE_MOMENTUM_2X_weekly_189D,after_tax
2022-02-14,QLD,SELL,27894.368828387596,32.92568096903573,918441.088876105,459.2205444380525,-68592.15106615389,RELATIVE_MOMENTUM_2X_weekly_189D,after_tax
2022-02-14,SSO,BUY,30226.05287174754,30.35537291856893,917523.1067782778,458.7615533891389,0.0,RELATIVE_MOMENTUM_2X_weekly_189D,after_tax
2022-03-14,SSO,SELL,30226.05287174754,27.621445727256866,834887.2789461712,417.44363947308557,-83512.03302496881,RELATIVE_MOMENTUM_2X_weekly_189D,after_tax
2022-03-21,SSO,BUY,26936.6856795309,30.96345329284668,834052.808902247,417.0264044511235,0.0,RELATIVE_MOMENTUM_2X_weekly_189D,after_tax
2022-04-25,SSO,SELL,26936.6856795309,27.98402994832857,753797.018764706,376.898509382353,-81049.71505137451,RELATIVE_MOMENTUM_2X_weekly_189D,after_tax
2023-02-13,SSO,BUY,30640.503539256413,24.57673704648166,753043.5984560956,376.52179922804777,0.0,RELATIVE_MOMENTUM_2X_weekly_189D,after_tax
2023-02-27,SSO,SELL,30640.503539256413,23.428290087812076,717854.6053543319,358.927302677166,-35924.44220366888,RELATIVE_MOMENTUM_2X_weekly_189D,after_tax
2023-02-27,QLD,BUY,34317.39292194759,20.897190853861844,717137.1094969063,358.56855474845315,0.0,RELATIVE_MOMENTUM_2X_weekly_189D,after_tax
2023-03-06,QLD,SELL,34317.39292194759,21.704548953296303,744843.5346239156,372.4217673119578,26975.43480494886,RELATIVE_MOMENTUM_2X_weekly_189D,after_tax
2023-03-20,QLD,BUY,33593.141648197656,22.150326727921968,744099.0633249411,372.04953166247054,0.0,RELATIVE_MOMENTUM_2X_weekly_189D,after_tax
2023-04-24,QLD,SELL,33593.141648197656,23.750186660541715,797843.3846587123,398.9216923293562,52973.35010977939,RELATIVE_MOMENTUM_2X_weekly_189D,after_tax
2023-04-24,SSO,BUY,32219.49146751787,24.738004968201558,797045.9399963848,398.5229699981924,0.0,RELATIVE_MOMENTUM_2X_weekly_189D,after_tax
2023-05-01,SSO,SELL,32219.49146751787,25.10453556779278,808855.3695224983,404.42768476124917,11006.478871354135,RELATIVE_MOMENTUM_2X_weekly_189D,after_tax
2023-05-01,QLD,BUY,32890.962794698244,24.56744496724792,808046.9183785479,404.0234591892739,0.0,RELATIVE_MOMENTUM_2X_weekly_189D,after_tax
2023-05-08,QLD,SELL,32890.962794698244,24.557543280955663,807721.2423831045,403.86062119155224,-1133.560075824149,RELATIVE_MOMENTUM_2X_weekly_189D,after_tax
2023-05-08,SSO,BUY,32586.201874394745,24.762441720265713,806913.9247995132,403.4569623997566,0.0,RELATIVE_MOMENTUM_2X_weekly_189D,after_tax
2023-05-15,SSO,SELL,32586.201874394745,24.65004375453003,803251.3019977789,401.62565099888945,-4467.705415132921,RELATIVE_MOMENTUM_2X_weekly_189D,after_tax
2023-05-15,QLD,BUY,32093.668242586253,25.00332607837959,802448.4521207197,401.22422606035985,0.0,RELATIVE_MOMENTUM_2X_weekly_189D,after_tax
2024-04-22,QLD,SELL,32093.668242586253,38.224366155143876,1226760.1261663297,613.3800630831648,423297.06975646643,RELATIVE_MOMENTUM_2X_weekly_189D,after_tax
2024-04-22,SSO,BUY,35757.749685447445,34.27324118252477,1225533.9791136896,612.7669895568448,0.0,RELATIVE_MOMENTUM_2X_weekly_189D,after_tax
2024-04-29,SSO,SELL,35757.749685447445,35.91721725463867,1284318.8639892035,642.1594319946017,57529.95845396235,RELATIVE_MOMENTUM_2X_weekly_189D,after_tax
2024-04-29,QLD,BUY,31005.560656420334,41.09505440129557,1274175.2019182632,637.0876009591316,0.0,RELATIVE_MOMENTUM_2X_weekly_189D,after_tax
2024-07-29,QLD,SELL,31005.560656420334,46.55732216966703,1443535.8765321143,721.7679382660572,168001.81907462585,RELATIVE_MOMENTUM_2X_weekly_189D,after_tax
2024-07-29,SSO,BUY,34650.84164593695,40.63337229038263,1407980.5487744508,703.9902743872254,0.0,RELATIVE_MOMENTUM_2X_weekly_189D,after_tax
2024-12-09,SSO,SELL,34650.84164593695,49.11075540820666,1701729.0087621105,850.8645043810552,292193.60520889144,RELATIVE_MOMENTUM_2X_weekly_189D,after_tax
2024-12-09,QLD,BUY,28671.098614307117,57.22482720661451,1640698.6640275295,820.3493320137648,0.0,RELATIVE_MOMENTUM_2X_weekly_189D,after_tax
2025-03-03,QLD,SELL,28671.098614307117,53.17784027962857,1524667.102753104,762.333551376552,-117614.24415781605,RELATIVE_MOMENTUM_2X_weekly_189D,after_tax
2025-03-03,SSO,BUY,32612.9953473567,46.7035665194236,1523143.197602926,761.5715988014631,0.0,RELATIVE_MOMENTUM_2X_weekly_189D,after_tax
2025-04-07,SSO,SELL,32612.9953473567,31.079078373838723,1013581.8384061365,506.79091920306826,-510829.72171479417,RELATIVE_MOMENTUM_2X_weekly_189D,after_tax
2025-04-28,SSO,BUY,26029.48974328572,38.900830292555845,1012568.7631053808,506.28438155269043,0.0,RELATIVE_MOMENTUM_2X_weekly_189D,after_tax
2025-05-05,SSO,SELL,26029.48974328572,40.43052108798316,1052385.8339753547,526.1929169876773,38784.593571433565,RELATIVE_MOMENTUM_2X_weekly_189D,after_tax
2025-05-05,QLD,BUY,22931.89386788569,45.84592882420591,1051333.9740713313,525.6669870356657,0.0,RELATIVE_MOMENTUM_2X_weekly_189D,after_tax
2026-02-17,QLD,SELL,22931.89386788569,66.09205011134442,1515615.878664333,757.8079393321665,462998.4296666337,RELATIVE_MOMENTUM_2X_weekly_189D,after_tax
2026-02-17,SSO,BUY,26626.470217923434,56.86450392495834,1514101.0202148934,757.0505101074467,0.0,RELATIVE_MOMENTUM_2X_weekly_189D,after_tax
2026-02-23,SSO,SELL,26626.470217923434,58.10934576067396,1547246.7642796005,773.6233821398002,31615.07017245982,RELATIVE_MOMENTUM_2X_weekly_189D,after_tax
2026-02-23,QLD,BUY,22780.968551120528,67.85050808017802,1545700.2907520847,772.8501453760424,0.0,RELATIVE_MOMENTUM_2X_weekly_189D,after_tax
2026-03-02,QLD,SELL,22780.968551120528,66.00212621228486,1503592.3615491493,751.7961807745746,-43632.57552908594,RELATIVE_MOMENTUM_2X_weekly_189D,after_tax
2026-03-02,SSO,BUY,26592.211525577422,56.486069959367704,1502089.5206080705,751.0447603040353,0.0,RELATIVE_MOMENTUM_2X_weekly_189D,after_tax
2026-03-09,SSO,SELL,26592.211525577422,54.39473218312985,1446476.2240909226,723.2381120454613,-57087.579389497405,RELATIVE_MOMENTUM_2X_weekly_189D,after_tax
2026-03-09,QLD,BUY,22271.289908808165,64.88310630683337,1445030.4707435055,722.5152353717527,0.0,RELATIVE_MOMENTUM_2X_weekly_189D,after_tax
2026-03-30,QLD,SELL,22271.289908808165,58.98053339656102,1313572.5582509525,656.7862791254763,-132837.21400705003,RELATIVE_MOMENTUM_2X_weekly_189D,after_tax
2026-03-30,SSO,BUY,26139.917588037966,50.2013687583798,1312259.6421507518,656.129821075376,0.0,RELATIVE_MOMENTUM_2X_weekly_189D,after_tax
2026-04-06,SSO,SELL,26139.917588037966,52.61662677245129,1375394.2875924287,687.6971437962144,61790.81847680546,RELATIVE_MOMENTUM_2X_weekly_189D,after_tax
2026-04-06,QLD,BUY,21873.03516577925,62.8179660593232,1374019.5806583036,687.0097903291518,0.0,RELATIVE_MOMENTUM_2X_weekly_189D,after_tax
2026-08-03,QLD,SELL,21873.03516577925,83.77999877929688,1832522.859488503,916.2614297442516,456900.00761012593,RELATIVE_MOMENTUM_2X_weekly_189D,after_tax
2026-08-03,SSO,BUY,26573.16419368587,67.44000244140625,1792094.2580980642,896.0471290490322,0.0,RELATIVE_MOMENTUM_2X_weekly_189D,after_tax
2026-08-10,SSO,SELL,26573.16419368587,71.56999969482422,1901841.3532326114,950.9206766163057,107900.127328882,RELATIVE_MOMENTUM_2X_weekly_189D,after_tax
2026-08-10,QLD,BUY,20406.731835778835,92.02999877929688,1878031.5059361649,939.0157529680824,0.0,RELATIVE_MOMENTUM_2X_weekly_189D,after_tax
2006-06-21,SSO,BUY,27674.981572808407,3.6115660899196587,99950.02498750626,49.97501249375313,0.0,RELATIVE_MOMENTUM_2X_weekly_252D,pre_tax
2007-06-11,SSO,SELL,27674.981572808407,5.068251907785149,140263.77815430507,70.13188907715254,40193.646265227886,RELATIVE_MOMENTUM_2X_weekly_252D,pre_tax
2007-06-11,QLD,BUY,104948.4012447564,1.3351664514278867,140123.5844729914,70.0617922364957,0.0,RELATIVE_MOMENTUM_2X_weekly_252D,pre_tax
2008-02-11,QLD,SELL,104948.4012447564,1.0899552225088076,114389.05803067208,57.194529015336045,-25861.78276357116,RELATIVE_MOMENTUM_2X_weekly_252D,pre_tax
2008-03-31,QLD,BUY,107399.93904445099,1.0640110893479289,114274.72613858746,57.137363069293734,0.0,RELATIVE_MOMENTUM_2X_weekly_252D,pre_tax
2008-04-14,QLD,SELL,107399.93904445099,1.0894975525272756,117011.97073050795,58.50598536525398,2621.601243485944,RELATIVE_MOMENTUM_2X_weekly_252D,pre_tax
2008-04-21,QLD,BUY,96895.92195928347,1.2063976984051483,116895.01723652445,58.447508618262226,0.0,RELATIVE_MOMENTUM_2X_weekly_252D,pre_tax
2008-06-23,QLD,SELL,96895.92195928347,1.2447033745882312,120606.68104655803,60.30334052327902,3592.912960892034,RELATIVE_MOMENTUM_2X_weekly_252D,pre_tax
2008-08-18,QLD,BUY,95528.97386248631,1.2612522648066424,120486.1346387154,60.243067319357706,0.0,RELATIVE_MOMENTUM_2X_weekly_252D,pre_tax
2008-09-02,QLD,SELL,95528.97386248631,1.184303849414458,113135.33147595568,56.56766573797784,-7467.613895817063,RELATIVE_MOMENTUM_2X_weekly_252D,pre_tax
2009-09-21,QLD,BUY,145209.28145045423,0.7783404170513663,113022.25268387576,56.51112634193788,0.0,RELATIVE_MOMENTUM_2X_weekly_252D,pre_tax
2011-06-20,QLD,SELL,145209.28145045423,1.1971284527652901,173834.16242994182,86.9170812149709,60668.48153850912,RELATIVE_MOMENTUM_2X_weekly_252D,pre_tax
2011-06-20,SSO,BUY,61437.946682408896,2.8265986172822286,173660.41514115626,86.83020757057814,0.0,RELATIVE_MOMENTUM_2X_weekly_252D,pre_tax
2011-06-27,SSO,SELL,61437.946682408896,2.8370465060367924,174302.3119734029,87.15115598670144,467.9154686893453,RELATIVE_MOMENTUM_2X_weekly_252D,pre_tax
2011-06-27,QLD,BUY,141520.09557506168,1.2304125153496297,174128.09676903166,87.06404838451583,0.0,RELATIVE_MOMENTUM_2X_weekly_252D,pre_tax
2012-10-08,QLD,SELL,141520.09557506168,1.855618372022232,262607.28935942665,131.30364467971333,88260.82489733075,RELATIVE_MOMENTUM_2X_weekly_252D,pre_tax
2012-10-08,SSO,BUY,71769.53463336005,3.6553784923965393,262344.8133080929,131.17240665404645,0.0,RELATIVE_MOMENTUM_2X_weekly_252D,pre_tax
2012-11-26,SSO,SELL,71769.53463336005,3.396658274671566,243776.58368172994,121.88829184086498,-18821.290324857866,RELATIVE_MOMENTUM_2X_weekly_252D,pre_tax
2012-11-26,QLD,BUY,147913.69528688226,1.6464528754628722,243532.92892542636,121.76646446271319,0.0,RELATIVE_MOMENTUM_2X_weekly_252D,pre_tax
2012-12-10,QLD,SELL,147913.69528688226,1.6458421197495952,243442.58979095798,121.72129489547899,-333.82689382656827,RELATIVE_MOMENTUM_2X_weekly_252D,pre_tax
2012-12-10,SSO,BUY,70069.52621801202,3.4708279331723966,243199.2688616317,121.59963443081584,0.0,RELATIVE_MOMENTUM_2X_weekly_252D,pre_tax
2012-12-24,SSO,SELL,70069.52621801202,3.5321508966987087,247496.13986220484,123.74806993110242,4051.523296211235,RELATIVE_MOMENTUM_2X_weekly_252D,pre_tax
2012-12-24,QLD,BUY,147624.35409309724,1.674850799026328,247248.76740856946,123.62438370428474,0.0,RELATIVE_MOMENTUM_2X_weekly_252D,pre_tax
2013-01-22,QLD,SELL,147624.35409309724,1.7816377383767974,263013.12035576126,131.50656017788063,15509.222003309638,RELATIVE_MOMENTUM_2X_weekly_252D,pre_tax
2013-01-22,SSO,BUY,68790.54260033324,3.8195692132100207,262750.23867624527,131.37511933812263,0.0,RELATIVE_MOMENTUM_2X_weekly_252D,pre_tax
2013-10-28,SSO,SELL,68790.54260033324,5.4197887285884025,372830.20741876645,186.41510370938323,109762.1785194737,RELATIVE_MOMENTUM_2X_weekly_252D,pre_tax
2013-10-28,QLD,BUY,137632.70016799486,2.7061705763141153,372457.56353329046,186.22878176664523,0.0,RELATIVE_MOMENTUM_2X_weekly_252D,pre_tax
2016-02-08,QLD,SELL,137632.70016799486,3.5318783972098697,486101.96047300426,243.05098023650214,113215.11717771064,RELATIVE_MOMENTUM_2X_weekly_252D,pre_tax
2016-03-14,QLD,BUY,113829.38771382322,4.266175116947189,485616.10144204675,242.8080507210234,0.0,RELATIVE_MOMENTUM_2X_weekly_252D,pre_tax
2016-04-25,QLD,SELL,113829.38771382322,4.480188765663077,509977.1440377775,254.98857201888876,23863.245972990815,RELATIVE_MOMENTUM_2X_weekly_252D,pre_tax
2016-04-25,SSO,BUY,65764.16712392443,7.746884725155159,509467.4217548812,254.73371087744061,0.0,RELATIVE_MOMENTUM_2X_weekly_252D,pre_tax
2016-05-16,SSO,SELL,65764.16712392443,7.496831639950992,493022.8888696615,246.51144443483074,-16945.778040531965,RELATIVE_MOMENTUM_2X_weekly_252D,pre_tax
2016-05-31,SSO,BUY,62338.12584513702,7.900945138976524,492530.1123690422,246.2650561845211,0.0,RELATIVE_MOMENTUM_2X_weekly_252D,pre_tax
2016-06-20,SSO,SELL,62338.12584513702,7.84524588673771,489057.925373499,244.5289626867495,-3962.9810144144576,RELATIVE_MOMENTUM_2X_weekly_252D,pre_tax
2016-07-05,SSO,BUY,62382.14301476569,7.831874447455929,488569.1118548848,244.2845559274424,0.0,RELATIVE_MOMENTUM_2X_weekly_252D,pre_tax
2016-08-15,SSO,SELL,62382.14301476569,8.574717108523748,534909.2289750866,267.4546144875433,45828.37794978678,RELATIVE_MOMENTUM_2X_weekly_252D,pre_tax
2016-08-15,QLD,BUY,102748.63642297097,5.200794927022488,534374.5870670655,267.1872935335328,0.0,RELATIVE_MOMENTUM_2X_weekly_252D,pre_tax
2016-09-12,QLD,SELL,102748.63642297097,4.86851615922151,500233.39676321,250.116698381605,-34658.49429577071,RELATIVE_MOMENTUM_2X_weekly_252D,pre_tax
2016-09-12,SSO,BUY,62013.004320958,8.058526091909705,499733.41335814935,249.86670667907467,0.0,RELATIVE_MOMENTUM_2X_weekly_252D,pre_tax
2016-09-19,SSO,SELL,62013.004320958,8.267373463259865,512684.66630010755,256.3423331500538,12445.04390212911,RELATIVE_MOMENTUM_2X_weekly_252D,pre_tax
2016-09-19,QLD,BUY,97888.92775260696,5.232177424013039,512172.23784803355,256.0861189240168,0.0,RELATIVE_MOMENTUM_2X_weekly_252D,pre_tax
2016-11-07,QLD,SELL,97888.92775260696,5.02542720063857,491933.6801692949,245.96684008464746,-20740.610637747333,RELATIVE_MOMENTUM_2X_weekly_252D,pre_tax
2016-11-07,SSO,BUY,61191.672472355946,8.031190723787757,491441.9923330437,245.72099616652187,0.0,RELATIVE_MOMENTUM_2X_weekly_252D,pre_tax
2017-01-30,SSO,SELL,61191.672472355946,9.415487308935514,576149.415576006,288.074707788003,84173.62753900787,RELATIVE_MOMENTUM_2X_weekly_252D,pre_tax
2017-01-30,QLD,BUY,97179.21515048535,5.922805130704926,575573.5540911725,287.7867770455863,0.0,RELATIVE_MOMENTUM_2X_weekly_252D,pre_tax
2018-11-26,QLD,SELL,97179.21515048535,9.159515855911023,890114.5620358593,445.05728101792965,313808.16388662334,RELATIVE_MOMENTUM_2X_weekly_252D,pre_tax
2018-11-26,SSO,BUY,70462.60383324702,12.619813119780225,889224.8923086871,444.61244615434356,0.0,RELATIVE_MOMENTUM_2X_weekly_252D,pre_tax
2018-12-03,SSO,SELL,70462.60383324702,14.019223114587883,987830.9643731053,493.91548218655265,97667.54413607728,RELATIVE_MOMENTUM_2X_weekly_252D,pre_tax
2018-12-03,QLD,BUY,93855.75094221186,10.514471592529176,986843.6270773801,493.42181353869006,0.0,RELATIVE_MOMENTUM_2X_weekly_252D,pre_tax
2018-12-24,QLD,SELL,93855.75094221186,7.463353341535606,700478.6324168905,350.23931620844525,-287208.65579023666,RELATIVE_MOMENTUM_2X_weekly_252D,pre_tax
2019-01-22,QLD,BUY,75204.04595433472,9.305064574234159,699778.5038487577,349.88925192437887,0.0,RELATIVE_MOMENTUM_2X_weekly_252D,pre_tax
2019-01-28,QLD,SELL,75204.04595433472,9.18426904758025,690694.1915111991,345.3470957555996,-9779.54868523858,RELATIVE_MOMENTUM_2X_weekly_252D,pre_tax
2019-02-11,QLD,BUY,70016.93346232102,9.854813805370608,690003.8424941964,345.0019212470982,0.0,RELATIVE_MOMENTUM_2X_weekly_252D,pre_tax
2019-03-04,QLD,SELL,70016.93346232102,10.568502567026812,739974.1410318852,369.9870705159426,49255.3095459257,RELATIVE_MOMENTUM_2X_weekly_252D,pre_tax
2019-03-04,SSO,BUY,52736.494805039256,14.01751366725998,739234.5366930227,369.61726834651137,0.0,RELATIVE_MOMENTUM_2X_weekly_252D,pre_tax
2019-03-18,SSO,SELL,52736.494805039256,14.106499798621837,743927.3533473078,371.9636766736539,3951.2357092648745,RELATIVE_MOMENTUM_2X_weekly_252D,pre_tax
2019-03-18,QLD,BUY,68189.20864447652,10.898847670260327,743183.7977717483,371.5918988858741,0.0,RELATIVE_MOMENTUM_2X_weekly_252D,pre_tax
2019-06-10,QLD,SELL,68189.20864447652,11.251903654309574,767258.4059312633,383.6292029656317,23319.387057663524,RELATIVE_MOMENTUM_2X_weekly_252D,pre_tax
2019-06-10,SSO,BUY,52090.111138119115,14.714722510966272,766491.5309628163,383.24576548140817,0.0,RELATIVE_MOMENTUM_2X_weekly_252D,pre_tax
2019-07-01,SSO,SELL,52090.111138119115,15.575043810355778,811305.7630625067,405.65288153125334,44025.3334526777,RELATIVE_MOMENTUM_2X_weekly_252D,pre_tax
2019-07-01,QLD,BUY,65950.19218144877,12.289499635113815,810494.8627496007,405.2474313748003,0.0,RELATIVE_MOMENTUM_2X_weekly_252D,pre_tax
2019-07-15,QLD,SELL,65950.19218144877,12.748552523451886,840769.4889569456,420.3847444784728,29448.994031491573,RELATIVE_MOMENTUM_2X_weekly_252D,pre_tax
2019-07-15,SSO,BUY,52420.39786776644,16.02294476591759,839929.1396426458,419.9645698213229,0.0,RELATIVE_MOMENTUM_2X_weekly_252D,pre_tax
2019-08-05,SSO,SELL,52420.39786776644,14.624919881833657,766644.118989928,383.32205949496404,-74088.30728203396,RELATIVE_MOMENTUM_2X_weekly_252D,pre_tax
2019-08-05,QLD,BUY,67387.8134715498,11.365227903184238,765877.8580014325,382.93892900071626,0.0,RELATIVE_MOMENTUM_2X_weekly_252D,pre_tax
2019-08-12,QLD,SELL,67387.8134715498,11.568838153185672,779598.7075494247,389.79935377471236,12948.111265216721,RELATIVE_MOMENTUM_2X_weekly_252D,pre_tax
2019-08-12,SSO,BUY,52713.33506289339,14.774620075113837,778819.4984464268,389.4097492232134,0.0,RELATIVE_MOMENTUM_2X_weekly_252D,pre_tax
2019-09-09,SSO,SELL,52713.33506289339,15.64868648740842,824894.4541049324,412.4472270524662,45273.09868222987,RELATIVE_MOMENTUM_2X_weekly_252D,pre_tax
2019-09-09,QLD,BUY,66686.50688555175,12.357371983903935,824069.971891934,412.03498594596704,0.0,RELATIVE_MOMENTUM_2X_weekly_252D,pre_tax
2019-09-30,QLD,SELL,66686.50688555175,11.80453783637358,787203.3937060828,393.6016968530414,-37672.21486865019,RELATIVE_MOMENTUM_2X_weekly_252D,pre_tax
2019-09-30,SSO,BUY,50998.07923123335,15.4205137835022,786416.5837173711,393.2082918586856,0.0,RELATIVE_MOMENTUM_2X_weekly_252D,pre_tax
2019-10-14,SSO,SELL,50998.07923123335,15.380671508103843,784384.7041998531,392.19235209992655,-2817.2801614765776,RELATIVE_MOMENTUM_2X_weekly_252D,pre_tax
2019-10-14,QLD,BUY,64428.14025693432,12.162398423531545,783600.7114920072,391.8003557460036,0.0,RELATIVE_MOMENTUM_2X_weekly_252D,pre_tax
2020-03-23,QLD,SELL,64428.14025693432,9.026803936248369,581580.1900764568,290.7900950382284,-202703.1118663348,RELATIVE_MOMENTUM_2X_weekly_252D,pre_tax
2020-03-30,QLD,BUY,54289.033596702306,10.701956952249832,580998.900531153,290.4994502655765,0.0,RELATIVE_MOMENTUM_2X_weekly_252D,pre_tax
2021-05-17,QLD,SELL,54289.033596702306,29.76991455726007,1616179.8915700489,808.0899457850245,1034082.4016428454,RELATIVE_MOMENTUM_2X_weekly_252D,pre_tax
2021-05-17,SSO,BUY,59399.60273148057,27.18140265454832,1614564.5193645817,807.2822596822908,0.0,RELATIVE_MOMENTUM_2X_weekly_252D,pre_tax
2021-05-24,SSO,SELL,59399.60273148057,27.426714090182763,1629135.9211867566,814.5679605933783,12949.551601899322,RELATIVE_MOMENTUM_2X_weekly_252D,pre_tax
2021-05-24,QLD,BUY,53114.35202353418,30.64157873384816,1627507.59942645,813.753799713225,0.0,RELATIVE_MOMENTUM_2X_weekly_252D,pre_tax
2021-07-12,QLD,SELL,53114.35202353418,37.05436287912863,1968118.4739698155,984.0592369849078,338813.0615066674,RELATIVE_MOMENTUM_2X_weekly_252D,pre_tax
2021-07-12,SSO,BUY,65606.12765413908,29.969019806021958,1966151.3390632991,983.0756695316496,0.0,RELATIVE_MOMENTUM_2X_weekly_252D,pre_tax
2021-07-19,SSO,SELL,65606.12765413908,28.69094857347351,1882302.0346296427,941.1510173148214,-85773.53112050286,RELATIVE_MOMENTUM_2X_weekly_252D,pre_tax
2021-07-19,QLD,BUY,53230.7330540048,35.325845904994864,1880420.6732756903,940.2103366378452,0.0,RELATIVE_MOMENTUM_2X_weekly_252D,pre_tax
2021-08-23,QLD,SELL,53230.7330540048,38.25937067668189,2036574.3473046727,1018.2871736523364,154195.17651869194,RELATIVE_MOMENTUM_2X_weekly_252D,pre_tax
2021-08-23,SSO,BUY,65131.56226997731,31.237371250243797,2034538.7907356527,1017.2693953678264,0.0,RELATIVE_MOMENTUM_2X_weekly_252D,pre_tax
2021-09-07,SSO,SELL,65131.56226997731,32.279747092140454,2102430.357790865,1051.2151788954325,65823.08248094912,RELATIVE_MOMENTUM_2X_weekly_252D,pre_tax
2021-09-07,QLD,BUY,51313.69878011747,40.931155384509594,2100328.9781229086,1050.1644890614543,0.0,RELATIVE_MOMENTUM_2X_weekly_252D,pre_tax
2021-10-04,QLD,SELL,51313.69878011747,36.08638590969491,1851725.93663316,925.8629683165801,-250579.06894712662,RELATIVE_MOMENTUM_2X_weekly_252D,pre_tax
2021-10-04,SSO,BUY,62395.115388371654,29.647755670975965,1849875.1360967953,924.9375680483977,0.0,RELATIVE_MOMENTUM_2X_weekly_252D,pre_tax
2021-11-08,SSO,SELL,62395.115388371654,34.79808074332895,2171230.2632738836,1085.615131636942,319344.5744774027,RELATIVE_MOMENTUM_2X_weekly_252D,pre_tax
2021-11-08,QLD,BUY,48789.72565915448,44.457313271984376,2169060.118083205,1084.5300590416025,0.0,RELATIVE_MOMENTUM_2X_weekly_252D,pre_tax
2021-12-20,QLD,SELL,48789.72565915448,40.10642090878051,1956781.273309978,978.390636654989,-214341.7654689236,RELATIVE_MOMENTUM_2X_weekly_252D,pre_tax
2021-12-20,SSO,BUY,59877.54793428644,32.64705281658674,1954825.4699383539,977.412734969177,0.0,RELATIVE_MOMENTUM_2X_weekly_252D,pre_tax
2022-05-09,SSO,SELL,59877.54793428644,25.423651812370593,1522305.9300598286,761.1529650299143,-434258.1055785245,RELATIVE_MOMENTUM_2X_weekly_252D,pre_tax
2022-05-31,SSO,BUY,57750.06692001734,26.33389822748782,1520784.3849023476,760.3921924511739,0.0,RELATIVE_MOMENTUM_2X_weekly_252D,pre_tax
2022-06-06,SSO,SELL,57750.06692001734,26.4604552189642,1528093.0596293046,764.0465298146523,5784.236004691105,RELATIVE_MOMENTUM_2X_weekly_252D,pre_tax
2023-05-01,QLD,BUY,62137.74905243559,24.56744496724792,1526565.730234373,763.2828651171865,0.0,RELATIVE_MOMENTUM_2X_weekly_252D,pre_tax
2023-05-08,QLD,SELL,62137.74905243559,24.557543280955663,1525950.4617363487,762.9752308681743,-2141.5265940094832,RELATIVE_MOMENTUM_2X_weekly_252D,pre_tax
2023-05-15,QLD,BUY,60968.89946120884,25.00332607837959,1524425.2738685464,762.2126369342732,0.0,RELATIVE_MOMENTUM_2X_weekly_252D,pre_tax
2024-09-09,QLD,SELL,60968.89946120884,43.34990931964432,2642996.2629619148,1321.4981314809575,1116487.278324953,RELATIVE_MOMENTUM_2X_weekly_252D,pre_tax
2024-09-09,SSO,BUY,66124.58495985655,39.92999864028778,2640354.5875366656,1320.177293768333,0.0,RELATIVE_MOMENTUM_2X_weekly_252D,pre_tax
2024-09-16,SSO,SELL,66124.58495985655,42.42377829472457,2805254.7321676333,1402.6273660838167,162177.3399711158,RELATIVE_MOMENTUM_2X_weekly_252D,pre_tax
2024-09-16,QLD,BUY,59380.480355419924,47.19481658935547,2802450.879361869,1401.2254396809344,0.0,RELATIVE_MOMENTUM_2X_weekly_252D,pre_tax
2024-10-07,QLD,SELL,59380.480355419924,49.610794395000156,2945912.8019890836,1472.9564009945418,140587.7407865394,RELATIVE_MOMENTUM_2X_weekly_252D,pre_tax
2024-10-07,SSO,BUY,66922.99387420957,43.975443880156874,2942968.361407385,1471.4841807036926,0.0,RELATIVE_MOMENTUM_2X_weekly_252D,pre_tax
2024-10-28,SSO,SELL,66922.99387420957,45.53771976995677,3047520.541210289,1523.7602706051446,101556.93535159482,RELATIVE_MOMENTUM_2X_weekly_252D,pre_tax
2024-10-28,QLD,BUY,58505.375066172084,52.037518607895755,3044474.54366785,1522.237271833925,0.0,RELATIVE_MOMENTUM_2X_weekly_252D,pre_tax
2024-11-18,QLD,SELL,58505.375066172084,51.63887771496979,3021151.9087105026,1510.5759543552513,-26355.44818353653,RELATIVE_MOMENTUM_2X_weekly_252D,pre_tax
2024-11-18,SSO,BUY,65779.30477022582,45.882702426933456,3018132.266622836,1509.0661333114178,0.0,RELATIVE_MOMENTUM_2X_weekly_252D,pre_tax
2024-12-09,SSO,SELL,65779.30477022582,49.11075540820666,3230471.3474924415,1615.2356737462208,209214.7790625482,RELATIVE_MOMENTUM_2X_weekly_252D,pre_tax
2024-12-09,QLD,BUY,56395.8450922221,57.22482720661451,3227242.490573409,1613.6212452867046,0.0,RELATIVE_MOMENTUM_2X_weekly_252D,pre_tax
2025-01-27,QLD,SELL,56395.8450922221,53.51187671808786,3017847.5099873696,1508.923754993685,-212517.5255863201,RELATIVE_MOMENTUM_2X_weekly_252D,pre_tax
2025-01-27,SSO,BUY,64402.573401166606,46.81227801050014,3014831.1706470526,1507.4155853235263,0.0,RELATIVE_MOMENTUM_2X_weekly_252D,pre_tax
2025-02-18,SSO,SELL,64402.573401166606,49.188958529450495,3167895.5122198756,1583.947756109938,149972.97823138954,RELATIVE_MOMENTUM_2X_weekly_252D,pre_tax
2025-02-18,QLD,BUY,53224.633706172775,59.459858706304296,3164729.1998638343,1582.3645999319172,0.0,RELATIVE_MOMENTUM_2X_weekly_252D,pre_tax
2025-03-03,QLD,SELL,53224.633706172775,53.17784027962857,2830371.070168591,1415.1855350842957,-337355.67983025964,RELATIVE_MOMENTUM_2X_weekly_252D,pre_tax
2025-03-03,SSO,BUY,60542.31666441938,46.7035665194236,2827542.1135767186,1413.7710567883594,0.0,RELATIVE_MOMENTUM_2X_weekly_252D,pre_tax
2025-04-07,SSO,SELL,60542.31666441938,31.079078373838723,1881599.404547252,940.799702273626,-948297.2797885288,RELATIVE_MOMENTUM_2X_weekly_252D,pre_tax
2025-04-14,SSO,BUY,49414.99314124249,38.03944159416266,1879718.7454722424,939.8593727361211,0.0,RELATIVE_MOMENTUM_2X_weekly_252D,pre_tax
2025-04-28,SSO,SELL,49414.99314124249,38.900830292555845,1922284.2620952853,961.1421310476427,40664.51511925948,RELATIVE_MOMENTUM_2X_weekly_252D,pre_tax
2025-04-28,QLD,BUY,43897.64204511004,43.7463801933049,1920362.9384949903,960.1814692474952,0.0,RELATIVE_MOMENTUM_2X_weekly_252D,pre_tax
2025-06-23,QLD,SELL,43897.64204511004,53.66063561368547,2355575.3740826487,1177.7876870413243,433074.46643136954,RELATIVE_MOMENTUM_2X_weekly_252D,pre_tax
2025-06-23,SSO,BUY,52259.52225426476,45.02951566335097,2353220.9759076536,1176.6104879538268,0.0,RELATIVE_MOMENTUM_2X_weekly_252D,pre_tax
2025-06-30,SSO,SELL,52259.52225426476,48.40178529906778,2529454.1759827775,1264.7270879913888,173791.86249917885,RELATIVE_MOMENTUM_2X_weekly_252D,pre_tax
2025-06-30,QLD,BUY,43072.19174453739,58.66722550106384,2526925.9859018354,1263.4629929509176,0.0,RELATIVE_MOMENTUM_2X_weekly_252D,pre_tax
2025-07-07,QLD,SELL,43072.19174453739,59.06662963911166,2544129.1975193927,1272.0645987596963,14667.684025846887,RELATIVE_MOMENTUM_2X_weekly_252D,pre_tax
2025-07-07,SSO,BUY,51574.48062151209,49.27992117657204,2541586.339750758,1270.793169875379,0.0,RELATIVE_MOMENTUM_2X_weekly_252D,pre_tax
2025-07-21,SSO,SELL,51574.48062151209,50.01914978027344,2579711.6710472233,1289.8558355236116,35564.68229106674,RELATIVE_MOMENTUM_2X_weekly_252D,pre_tax
2025-07-21,QLD,BUY,42401.65973152837,60.77906536925349,2577133.2485874062,1288.5666242937032,0.0,RELATIVE_MOMENTUM_2X_weekly_252D,pre_tax
2026-02-23,QLD,SELL,42401.65973152837,67.85050808017802,2876974.1562270247,1438.4870781135123,297113.85393721145,RELATIVE_MOMENTUM_2X_weekly_252D,pre_tax
2026-02-23,SSO,BUY,49460.17860321644,58.10934576067396,2874098.619838992,1437.0493099194962,0.0,RELATIVE_MOMENTUM_2X_weekly_252D,pre_tax
2026-03-02,SSO,SELL,49460.17860321644,56.486069959367704,2793811.108784105,1396.9055543920526,-83121.46591919847,RELATIVE_MOMENTUM_2X_weekly_252D,pre_tax
2026-03-02,QLD,BUY,42286.799744994954,66.00212621228486,2791018.6938827722,1395.5093469413862,0.0,RELATIVE_MOMENTUM_2X_weekly_252D,pre_tax
2006-06-21,SSO,BUY,27674.981572808407,3.6115660899196587,99950.02498750626,49.97501249375313,0.0,RELATIVE_MOMENTUM_2X_weekly_252D,after_tax
2007-06-11,SSO,SELL,27674.981572808407,5.068251907785149,140263.77815430507,70.13188907715254,40193.646265227886,RELATIVE_MOMENTUM_2X_weekly_252D,after_tax
2007-06-11,QLD,BUY,98835.86104368388,1.3351664514278867,131962.3258635151,65.98116293175755,0.0,RELATIVE_MOMENTUM_2X_weekly_252D,after_tax
2008-02-11,QLD,SELL,98835.86104368388,1.0899552225088076,107726.66291571806,53.86333145785903,-24355.50744218669,RELATIVE_MOMENTUM_2X_weekly_252D,after_tax
2008-03-31,QLD,BUY,101144.61321560951,1.0640110893479289,107618.9900892156,53.8094950446078,0.0,RELATIVE_MOMENTUM_2X_weekly_252D,after_tax
2008-04-14,QLD,SELL,101144.61321560951,1.0894975525272756,110196.8085497245,55.098404274862254,2468.910561189434,RELATIVE_MOMENTUM_2X_weekly_252D,after_tax
2008-04-21,QLD,BUY,91252.38464693495,1.2063976984051483,110086.66681204362,55.043333406021816,0.0,RELATIVE_MOMENTUM_2X_weekly_252D,after_tax
2008-06-23,QLD,SELL,91252.38464693495,1.2447033745882312,113582.15110926323,56.79107555463162,3383.6498882589513,RELATIVE_MOMENTUM_2X_weekly_252D,after_tax
2008-08-18,QLD,BUY,89965.0521049757,1.2612522648066424,113468.62572084818,56.73431286042409,0.0,RELATIVE_MOMENTUM_2X_weekly_252D,after_tax
2008-09-02,QLD,SELL,89965.0521049757,1.184303849414458,106545.957520695,53.2729787603475,-7032.6754917739745,RELATIVE_MOMENTUM_2X_weekly_252D,after_tax
2009-09-21,QLD,BUY,136751.81511550036,0.7783404170513663,106439.46480952989,53.21973240476495,0.0,RELATIVE_MOMENTUM_2X_weekly_252D,after_tax
2011-06-20,QLD,SELL,136751.81511550036,1.1971284527652901,163709.48884206396,81.85474442103198,57134.949555708285,RELATIVE_MOMENTUM_2X_weekly_252D,after_tax
2011-06-20,SSO,BUY,55589.663494997534,2.8265986172822286,157129.66597014442,78.56483298507221,0.0,RELATIVE_MOMENTUM_2X_weekly_252D,after_tax
2011-06-27,SSO,SELL,55589.663494997534,2.8370465060367924,157710.46059024378,78.85523029512188,423.3745568191516,RELATIVE_MOMENTUM_2X_weekly_252D,after_tax
2011-06-27,QLD,BUY,127978.91879561392,1.2304125153496297,157466.86338703733,78.73343169351867,0.0,RELATIVE_MOMENTUM_2X_weekly_252D,after_tax
2012-10-08,QLD,SELL,127978.91879561392,1.855618372022232,237480.03294868252,118.74001647434126,79815.69611347734,RELATIVE_MOMENTUM_2X_weekly_252D,after_tax
2012-10-08,SSO,BUY,60468.76311671905,3.6553784923965393,221036.21615867593,110.51810807933796,0.0,RELATIVE_MOMENTUM_2X_weekly_252D,after_tax
2012-11-26,SSO,SELL,60468.76311671905,3.396658274671566,205391.72459955854,102.69586229977928,-15857.70552949651,RELATIVE_MOMENTUM_2X_weekly_252D,after_tax
2012-11-26,QLD,BUY,124623.32726153145,1.6464528754628722,205186.435519499,102.5932177597495,0.0,RELATIVE_MOMENTUM_2X_weekly_252D,after_tax
2012-12-10,QLD,SELL,124623.32726153145,1.6458421197495952,205110.32111036644,102.55516055518322,-281.2627874474856,RELATIVE_MOMENTUM_2X_weekly_252D,after_tax
2012-12-10,SSO,BUY,59036.436619281696,3.4708279331723966,204905.31329316468,102.45265664658234,0.0,RELATIVE_MOMENTUM_2X_weekly_252D,after_tax
2012-12-24,SSO,SELL,59036.436619281696,3.5321508966987087,208525.60254269233,104.26280127134616,3413.573791609728,RELATIVE_MOMENTUM_2X_weekly_252D,after_tax
2012-12-24,QLD,BUY,124379.54549261968,1.674850799026328,208317.18115084557,104.15859057542279,0.0,RELATIVE_MOMENTUM_2X_weekly_252D,after_tax
2013-01-22,QLD,SELL,124379.54549261968,1.7816377383767974,221599.29213180492,110.79964606590246,13067.152744318038,RELATIVE_MOMENTUM_2X_weekly_252D,after_tax
2013-01-22,SSO,BUY,57940.672820669344,3.8195692132100207,221308.41009850323,110.65420504925162,0.0,RELATIVE_MOMENTUM_2X_weekly_252D,after_tax
2013-10-28,SSO,SELL,57940.672820669344,5.4197887285884025,314026.2054802921,157.01310274014605,92450.12807399945,RELATIVE_MOMENTUM_2X_weekly_252D,after_tax
2013-10-28,QLD,BUY,108988.13297339393,2.7061705763141153,294940.4786200089,147.47023931000447,0.0,RELATIVE_MOMENTUM_2X_weekly_252D,after_tax
2016-02-08,QLD,SELL,108988.13297339393,3.5318783972098697,384932.8324009667,192.46641620048337,89652.4171254473,RELATIVE_MOMENTUM_2X_weekly_252D,after_tax
2016-03-14,QLD,BUY,85871.83958712776,4.266175116947189,366344.30529308505,183.17215264654254,0.0,RELATIVE_MOMENTUM_2X_weekly_252D,after_tax
2016-04-25,QLD,SELL,85871.83958712776,4.480188765663077,384722.05100507167,192.36102550253585,18002.212533837534,RELATIVE_MOMENTUM_2X_weekly_252D,after_tax
2016-04-25,SSO,BUY,49140.03666112299,7.746884725155159,380682.19940361823,190.34109970180913,0.0,RELATIVE_MOMENTUM_2X_weekly_252D,after_tax
2016-05-16,SSO,SELL,49140.03666112299,7.496831639950992,368394.5816294585,184.19729081472926,-12662.156164676242,RELATIVE_MOMENTUM_2X_weekly_252D,after_tax
2016-05-31,SSO,BUY,46580.043865579966,7.900945138976524,368026.3711530673,184.01318557653363,0.0,RELATIVE_MOMENTUM_2X_weekly_252D,after_tax
2016-06-20,SSO,SELL,46580.043865579966,7.84524588673771,365431.89754050336,182.71594877025169,-2961.2027469106833,RELATIVE_MOMENTUM_2X_weekly_252D,after_tax
2016-07-05,SSO,BUY,46612.93419817091,7.831874447455929,365066.64826759935,182.53332413379968,0.0,RELATIVE_MOMENTUM_2X_weekly_252D,after_tax
2016-08-15,SSO,SELL,46612.93419817091,8.574717108523748,399692.72434754774,199.84636217377388,34243.69639364083,RELATIVE_MOMENTUM_2X_weekly_252D,after_tax
2016-08-15,QLD,BUY,76048.45139552868,5.200794927022488,395512.40022578184,197.75620011289092,0.0,RELATIVE_MOMENTUM_2X_weekly_252D,after_tax
2016-09-12,QLD,SELL,76048.45139552868,4.86851615922151,370243.114502903,185.12155725145152,-25652.16348024312,RELATIVE_MOMENTUM_2X_weekly_252D,after_tax
2016-09-12,SSO,BUY,45898.35066598271,8.058526091909705,369873.05641744286,184.93652820872143,0.0,RELATIVE_MOMENTUM_2X_weekly_252D,after_tax
2016-09-19,SSO,SELL,45898.35066598271,8.267373463259865,379458.80630334123,189.72940315167062,9211.083954538044,RELATIVE_MOMENTUM_2X_weekly_252D,after_tax
2016-09-19,QLD,BUY,72451.58304300635,5.232177424013039,379079.5371316238,189.5397685658119,0.0,RELATIVE_MOMENTUM_2X_weekly_252D,after_tax
2016-11-07,QLD,SELL,72451.58304300635,5.02542720063857,364100.15615364834,182.05007807682418,-15350.970824618067,RELATIVE_MOMENTUM_2X_weekly_252D,after_tax
2016-11-07,SSO,BUY,45290.44950697473,8.031190723787757,363736.2379565932,181.86811897829662,0.0,RELATIVE_MOMENTUM_2X_weekly_252D,after_tax
2017-01-30,SSO,SELL,45290.44950697473,9.415487308935514,426431.6525489053,213.21582627445264,62300.33064705937,RELATIVE_MOMENTUM_2X_weekly_252D,after_tax
2017-01-30,QLD,BUY,70880.39618539446,5.922805130704926,419810.7741932522,209.9053870966261,0.0,RELATIVE_MOMENTUM_2X_weekly_252D,after_tax
2018-11-26,QLD,SELL,70880.39618539446,9.159515855911023,649230.1127333757,324.6150563666879,228884.81809666025,RELATIVE_MOMENTUM_2X_weekly_252D,after_tax
2018-11-26,SSO,BUY,47711.20522300899,12.619813119780225,602106.4936338557,301.05324681692787,0.0,RELATIVE_MOMENTUM_2X_weekly_252D,after_tax
2018-12-03,SSO,SELL,47711.20522300899,14.019223114587883,668874.0310872537,334.43701554362684,66132.04719103745,RELATIVE_MOMENTUM_2X_weekly_252D,after_tax
2018-12-03,QLD,BUY,62273.93114173384,10.514471592529176,654777.4799448785,327.3887399724392,0.0,RELATIVE_MOMENTUM_2X_weekly_252D,after_tax
2018-12-24,QLD,SELL,62273.93114173384,7.463353341535606,464772.3520772175,232.38617603860874,-190564.9027836721,RELATIVE_MOMENTUM_2X_weekly_252D,after_tax
2019-01-22,QLD,BUY,49898.39761895425,9.305064574234159,464307.8119951813,232.15390599759067,0.0,RELATIVE_MOMENTUM_2X_weekly_252D,after_tax
2019-01-28,QLD,SELL,49898.39761895425,9.18426904758025,458280.30877561355,229.14015438780677,-6488.797279953142,RELATIVE_MOMENTUM_2X_weekly_252D,after_tax
2019-02-11,QLD,BUY,46456.713088072625,9.854813805370608,457822.2574924795,228.91112874623977,0.0,RELATIVE_MOMENTUM_2X_weekly_252D,after_tax
2019-03-04,QLD,SELL,46456.713088072625,10.568502567026812,490977.89152692363,245.48894576346183,32681.23395993444,RELATIVE_MOMENTUM_2X_weekly_252D,after_tax
2019-03-04,SSO,BUY,34991.024131994694,14.01751366725998,490487.15900165937,245.2435795008297,0.0,RELATIVE_MOMENTUM_2X_weekly_252D,after_tax
2019-03-18,SSO,SELL,34991.024131994694,14.106499798621837,493600.87487155496,246.8004374357775,2621.6718529589707,RELATIVE_MOMENTUM_2X_weekly_252D,after_tax
2019-03-18,QLD,BUY,45244.00520059787,10.898847670260327,493107.5206737823,246.55376033689114,0.0,RELATIVE_MOMENTUM_2X_weekly_252D,after_tax
2019-06-10,QLD,SELL,45244.00520059787,11.251903654309574,509081.1874522086,254.5405937261043,15472.572424363345,RELATIVE_MOMENTUM_2X_weekly_252D,after_tax
2019-06-10,SSO,BUY,34562.14415862247,14.714722510966272,508572.36067814345,254.28618033907173,0.0,RELATIVE_MOMENTUM_2X_weekly_252D,after_tax
2019-07-01,SSO,SELL,34562.14415862247,15.575043810355778,538306.909450377,269.1534547251885,29211.10913716932,RELATIVE_MOMENTUM_2X_weekly_252D,after_tax
2019-07-01,QLD,BUY,43758.402500240736,12.289499635113815,537768.871559872,268.884435779936,0.0,RELATIVE_MOMENTUM_2X_weekly_252D,after_tax
2019-07-15,QLD,SELL,43758.402500240736,12.748552523451886,557856.2926166673,278.9281463083337,19539.60847470723,RELATIVE_MOMENTUM_2X_weekly_252D,after_tax
2019-07-15,SSO,BUY,34781.291657338355,16.02294476591759,557298.7151128027,278.64935755640136,0.0,RELATIVE_MOMENTUM_2X_weekly_252D,after_tax
2019-08-05,SSO,SELL,34781.291657338355,14.624919881833657,508673.60387526284,254.33680193763144,-49158.097397033824,RELATIVE_MOMENTUM_2X_weekly_252D,after_tax
2019-08-05,QLD,BUY,44712.27403532402,11.365227903184238,508165.1844810847,254.08259224054234,0.0,RELATIVE_MOMENTUM_2X_weekly_252D,after_tax
2019-08-12,QLD,SELL,44712.27403532402,11.568838153185672,517269.0617755496,258.6345308877748,8591.16017133661,RELATIVE_MOMENTUM_2X_weekly_252D,after_tax
2019-08-12,SSO,BUY,34975.6574850586,14.774620075113837,516752.05121905234,258.37602560952615,0.0,RELATIVE_MOMENTUM_2X_weekly_252D,after_tax
2019-09-09,SSO,SELL,34975.6574850586,15.64868648740842,547323.0986746616,273.6615493373308,30039.00988066243,RELATIVE_MOMENTUM_2X_weekly_252D,after_tax
2019-09-09,QLD,BUY,44246.95233039644,12.357371983903935,546776.0491007739,273.38802455038694,0.0,RELATIVE_MOMENTUM_2X_weekly_252D,after_tax
2019-09-30,QLD,SELL,44246.95233039644,11.80453783637358,522314.8229283829,261.15741146419145,-24995.771608405572,RELATIVE_MOMENTUM_2X_weekly_252D,after_tax
2019-09-30,SSO,BUY,33837.57353730964,15.4205137835022,521792.76913235255,260.89638456617627,0.0,RELATIVE_MOMENTUM_2X_weekly_252D,after_tax
2019-10-14,SSO,SELL,33837.57353730964,15.380671508103843,520444.60320866696,260.2223016043335,-1869.284609856084,RELATIVE_MOMENTUM_2X_weekly_252D,after_tax
2019-10-14,QLD,BUY,42748.51066314151,12.162398423531545,519924.4186977138,259.9622093488569,0.0,RELATIVE_MOMENTUM_2X_weekly_252D,after_tax
2020-03-23,QLD,SELL,42748.51066314151,9.026803936248369,385882.4243228012,192.94121216140059,-134494.89779642288,RELATIVE_MOMENTUM_2X_weekly_252D,after_tax
2020-03-30,QLD,BUY,36021.144213463376,10.701956952249832,385496.73474326817,192.7483673716341,0.0,RELATIVE_MOMENTUM_2X_weekly_252D,after_tax
2021-05-17,QLD,SELL,36021.144213463376,29.76991455726007,1072346.3854895476,536.1731927447738,686120.729186163,RELATIVE_MOMENTUM_2X_weekly_252D,after_tax
2021-05-17,SSO,BUY,36299.200695658765,27.18140265454832,986663.1901469614,493.3315950734807,0.0,RELATIVE_MOMENTUM_2X_weekly_252D,after_tax
2021-05-24,SSO,SELL,36299.200695658765,27.426714090182763,995567.7991819961,497.7838995909981,7913.493540370371,RELATIVE_MOMENTUM_2X_weekly_252D,after_tax
2021-05-24,QLD,BUY,32405.83374445204,30.64157873384816,992965.9061166208,496.4829530583104,0.0,RELATIVE_MOMENTUM_2X_weekly_252D,after_tax
2021-07-12,QLD,SELL,32405.83374445204,37.05436287912863,1200777.5229676377,600.3887614838189,206714.74513647484,RELATIVE_MOMENTUM_2X_weekly_252D,after_tax
2021-07-12,SSO,BUY,38626.696472177005,29.969019806021958,1157604.2316158712,578.8021158079356,0.0,RELATIVE_MOMENTUM_2X_weekly_252D,after_tax
2021-07-19,SSO,SELL,38626.696472177005,28.69094857347351,1108236.5620464012,554.1182810232007,-50500.58996630111,RELATIVE_MOMENTUM_2X_weekly_252D,after_tax
2021-07-19,QLD,BUY,31340.477516185223,35.325845904994864,1107128.8793257154,553.5644396628577,0.0,RELATIVE_MOMENTUM_2X_weekly_252D,after_tax
2021-08-23,QLD,SELL,31340.477516185223,38.25937067668189,1199066.946475945,599.5334732379724,90784.96923732874,RELATIVE_MOMENTUM_2X_weekly_252D,after_tax
2021-08-23,SSO,BUY,38085.4325872903,31.237371250243797,1189688.7969553203,594.8443984776602,0.0,RELATIVE_MOMENTUM_2X_weekly_252D,after_tax
2021-09-07,SSO,SELL,38085.4325872903,32.279747092140454,1229388.1318124954,614.6940659062477,38489.796392791206,RELATIVE_MOMENTUM_2X_weekly_252D,after_tax
2021-09-07,QLD,BUY,29814.552071976068,40.931155384509594,1220344.063577605,610.1720317888025,0.0,RELATIVE_MOMENTUM_2X_weekly_252D,after_tax
2021-10-04,QLD,SELL,29814.552071976068,36.08638590969491,1075899.4317940224,537.9497158970113,-145592.75353126833,RELATIVE_MOMENTUM_2X_weekly_252D,after_tax
2021-10-04,SSO,BUY,36253.1343677834,29.647755670975965,1074824.070043104,537.412035021552,0.0,RELATIVE_MOMENTUM_2X_weekly_252D,after_tax
2021-11-08,SSO,SELL,36253.1343677834,34.79808074332895,1261539.4969288807,630.7697484644403,185547.24510229076,RELATIVE_MOMENTUM_2X_weekly_252D,after_tax
2021-11-08,QLD,BUY,28165.57720464414,44.457313271984376,1252165.8892731266,626.0829446365633,0.0,RELATIVE_MOMENTUM_2X_weekly_252D,after_tax
2021-12-20,QLD,SELL,28165.57720464414,40.10642090878051,1129620.4945082115,564.8102472541058,-123736.28795680567,RELATIVE_MOMENTUM_2X_weekly_252D,after_tax
2021-12-20,SSO,BUY,34566.41078389601,32.64705281658674,1128491.4385416866,564.2457192708433,0.0,RELATIVE_MOMENTUM_2X_weekly_252D,after_tax
2022-05-09,SSO,SELL,34566.41078389601,25.423651812370593,878804.3921731443,439.40219608657213,-250690.69428389973,RELATIVE_MOMENTUM_2X_weekly_252D,after_tax
2022-05-31,SSO,BUY,33338.24788793253,26.33389822748782,877926.026963576,438.963013481788,0.0,RELATIVE_MOMENTUM_2X_weekly_252D,after_tax
2022-06-06,SSO,SELL,33338.24788793253,26.4604552189642,882145.2153173664,441.07260765868324,3339.1527326499345,RELATIVE_MOMENTUM_2X_weekly_252D,after_tax
2023-05-01,QLD,BUY,35871.191006190784,24.56744496724792,881263.5109542307,440.63175547711535,0.0,RELATIVE_MOMENTUM_2X_weekly_252D,after_tax
2023-05-08,QLD,SELL,35871.191006190784,24.557543280955663,880908.3256739577,440.45416283697887,-1236.2711985871429,RELATIVE_MOMENTUM_2X_weekly_252D,after_tax
2023-05-15,QLD,BUY,35196.4316596779,25.00332607837959,880027.8575823295,440.0139287911648,0.0,RELATIVE_MOMENTUM_2X_weekly_252D,after_tax
2024-09-09,QLD,SELL,35196.4316596779,43.34990931964432,1525762.1208220955,762.8810604110478,644531.3682505639,RELATIVE_MOMENTUM_2X_weekly_252D,after_tax
2024-09-09,SSO,BUY,36788.5274344285,39.92999864028778,1468965.8504349196,734.4829252174599,0.0,RELATIVE_MOMENTUM_2X_weekly_252D,after_tax
2024-09-16,SSO,SELL,36788.5274344285,42.42377829472457,1560708.3316675872,780.3541658337936,90227.6441416163,RELATIVE_MOMENTUM_2X_weekly_252D,after_tax
2024-09-16,QLD,BUY,32648.242519774227,47.19481658935547,1540827.8176855412,770.4139088427706,0.0,RELATIVE_MOMENTUM_2X_weekly_252D,after_tax
2024-10-07,QLD,SELL,32648.242519774227,49.610794395000156,1619705.247006621,809.8526235033105,77297.1627887336,RELATIVE_MOMENTUM_2X_weekly_252D,after_tax
2024-10-07,SSO,BUY,36438.319633325526,43.975443880156874,1602391.280122525,801.1956400612626,0.0,RELATIVE_MOMENTUM_2X_weekly_252D,after_tax
2024-10-28,SSO,SELL,36438.319633325526,45.53771976995677,1659317.9883504917,829.6589941752459,55295.853593730135,RELATIVE_MOMENTUM_2X_weekly_252D,after_tax
2024-10-28,QLD,BUY,31639.321106455,52.037518607895755,1646431.760818341,823.2158804091705,0.0,RELATIVE_MOMENTUM_2X_weekly_252D,after_tax
2024-11-18,QLD,SELL,31639.321106455,51.63887771496979,1633819.0336008924,816.9095168004462,-14252.852614658186,RELATIVE_MOMENTUM_2X_weekly_252D,after_tax
2024-11-18,SSO,BUY,35573.01433296688,45.882702426933456,1632186.0310685579,816.093015534279,0.0,RELATIVE_MOMENTUM_2X_weekly_252D,after_tax
2024-12-09,SSO,SELL,35573.01433296688,49.11075540820666,1747017.606038966,873.508803019483,113141.97315185424,RELATIVE_MOMENTUM_2X_weekly_252D,after_tax
2024-12-09,QLD,BUY,30147.617048833097,57.22482720661451,1725192.1763106599,862.59608815533,0.0,RELATIVE_MOMENTUM_2X_weekly_252D,after_tax
2025-01-27,QLD,SELL,30147.617048833097,53.51187671808786,1613255.5668612805,806.6277834306403,-113605.83332096552,RELATIVE_MOMENTUM_2X_weekly_252D,after_tax
2025-01-27,SSO,BUY,34427.78659815687,46.81227801050014,1611643.1175190902,805.8215587595452,0.0,RELATIVE_MOMENTUM_2X_weekly_252D,after_tax
2025-02-18,SSO,SELL,34427.78659815687,49.188958529450495,1693466.9672375098,846.7334836187549,80171.29467604123,RELATIVE_MOMENTUM_2X_weekly_252D,after_tax
2025-02-18,QLD,BUY,28452.377509622784,59.459858706304296,1691774.3465806008,845.8871732903004,0.0,RELATIVE_MOMENTUM_2X_weekly_252D,after_tax
2025-03-03,QLD,SELL,28452.377509622784,53.17784027962857,1513035.9867824165,756.5179933912083,-180340.764964866,RELATIVE_MOMENTUM_2X_weekly_252D,after_tax
2025-03-03,SSO,BUY,32364.202984517855,46.7035665194236,1511523.7069355575,755.7618534677788,0.0,RELATIVE_MOMENTUM_2X_weekly_252D,after_tax
2025-04-07,SSO,SELL,32364.202984517855,31.079078373838723,1005849.6010626556,502.9248005313278,-506932.792526901,RELATIVE_MOMENTUM_2X_weekly_252D,after_tax
2025-04-14,SSO,BUY,26415.85186385215,38.03944159416266,1004844.2541350567,502.4221270675284,0.0,RELATIVE_MOMENTUM_2X_weekly_252D,after_tax
2025-04-28,SSO,SELL,26415.85186385215,38.900830292555845,1027598.5703890075,513.7992851945037,21738.094841688755,RELATIVE_MOMENTUM_2X_weekly_252D,after_tax
2025-04-28,QLD,BUY,23466.43266997077,43.7463801933049,1026571.4853611324,513.2857426805663,0.0,RELATIVE_MOMENTUM_2X_weekly_252D,after_tax
2025-06-23,QLD,SELL,23466.43266997077,53.66063561368547,1259223.6926563857,629.6118463281929,231509.30970624438,RELATIVE_MOMENTUM_2X_weekly_252D,after_tax
2025-06-23,SSO,BUY,27936.45633823175,45.02951566335097,1257965.098260927,628.9825491304636,0.0,RELATIVE_MOMENTUM_2X_weekly_252D,after_tax
2025-06-30,SSO,SELL,27936.45633823175,48.40178529906778,1352174.3616998745,676.0871808499372,92904.19370896718,RELATIVE_MOMENTUM_2X_weekly_252D,after_tax
2025-06-30,QLD,BUY,23025.170383470508,58.66722550106384,1350822.863087481,675.4114315437405,0.0,RELATIVE_MOMENTUM_2X_weekly_252D,after_tax
2025-07-07,QLD,SELL,23025.170383470508,59.06662963911166,1360019.211417895,680.0096057089476,7840.927293161396,RELATIVE_MOMENTUM_2X_weekly_252D,after_tax
2025-07-07,SSO,BUY,27570.252537704193,49.27992117657204,1358659.871876248,679.329935938124,0.0,RELATIVE_MOMENTUM_2X_weekly_252D,after_tax
2025-07-21,SSO,SELL,27570.252537704193,50.01914978027344,1379040.5911633899,689.520295581695,19011.869055622024,RELATIVE_MOMENTUM_2X_weekly_252D,after_tax
2025-07-21,QLD,BUY,22666.723013560142,60.77906536925349,1377662.2397479343,688.8311198739672,0.0,RELATIVE_MOMENTUM_2X_weekly_252D,after_tax
2026-02-23,QLD,SELL,22666.723013560142,67.85050808017802,1537948.6729827195,768.9743364913597,158828.62777841976,RELATIVE_MOMENTUM_2X_weekly_252D,after_tax
2026-02-23,SSO,BUY,26440.006728479795,58.10934576067396,1536411.4928997783,768.2057464498891,0.0,RELATIVE_MOMENTUM_2X_weekly_252D,after_tax
2026-03-02,SSO,SELL,26440.006728479795,56.486069959367704,1493492.0697910625,746.7460348955312,-44434.37489006133,RELATIVE_MOMENTUM_2X_weekly_252D,after_tax
2026-03-02,QLD,BUY,22605.32212697743,66.00212621228486,1491999.32409412,745.99966204706,0.0,RELATIVE_MOMENTUM_2X_weekly_252D,after_tax
2006-06-21,SSO,BUY,27674.981572808407,3.6115660899196587,99950.02498750626,49.97501249375313,0.0,RELATIVE_MOMENTUM_2X_monthly_126D,pre_tax
2006-12-01,SSO,SELL,27674.981572808407,4.478789805673523,123950.4253404969,61.97521267024845,23888.45012782664,RELATIVE_MOMENTUM_2X_monthly_126D,pre_tax
2006-12-01,QLD,BUY,100895.53995169567,1.2272746339300988,123826.53685939696,61.91326842969848,0.0,RELATIVE_MOMENTUM_2X_monthly_126D,pre_tax
2007-01-03,QLD,SELL,100895.53995169567,1.19842056193125,120915.28968526801,60.45764484263401,-3033.618087401279,RELATIVE_MOMENTUM_2X_monthly_126D,pre_tax
2007-01-03,SSO,BUY,26098.455916886436,4.628413083429065,120794.43482301387,60.39721741150694,0.0,RELATIVE_MOMENTUM_2X_monthly_126D,pre_tax
2007-02-01,SSO,SELL,26098.455916886436,4.717736223620029,123125.63085964561,61.562815429822805,2209.2360037904145,RELATIVE_MOMENTUM_2X_monthly_126D,pre_tax
2007-02-01,QLD,BUY,100559.40515018474,1.2231831182486803,123002.56676083538,61.501283380417696,0.0,RELATIVE_MOMENTUM_2X_monthly_126D,pre_tax
2007-04-02,QLD,SELL,100559.40515018474,1.1767243792640416,118330.70360451241,59.165351802256204,-4792.5297915056435,RELATIVE_MOMENTUM_2X_monthly_126D,pre_tax
2007-04-02,SSO,BUY,25926.27708813177,4.559560620094033,118212.43203669183,59.10621601834591,0.0,RELATIVE_MOMENTUM_2X_monthly_126D,pre_tax
2007-05-01,SSO,SELL,25926.27708813177,4.953608869576255,128428.63613886117,64.21431806943059,10092.883568081568,RELATIVE_MOMENTUM_2X_monthly_126D,pre_tax
2007-05-01,QLD,BUY,98981.23927594788,1.2962079745967154,128300.27168494927,64.15013584247464,0.0,RELATIVE_MOMENTUM_2X_monthly_126D,pre_tax
2007-06-01,QLD,SELL,98981.23927594788,1.376876472619413,136284.9395897652,68.14246979488262,7852.375299178588,RELATIVE_MOMENTUM_2X_monthly_126D,pre_tax
2007-06-01,SSO,BUY,25726.277108848866,5.292204627297629,136148.72275859103,68.07436137929551,0.0,RELATIVE_MOMENTUM_2X_monthly_126D,pre_tax
2007-07-02,SSO,SELL,25726.277108848866,5.086722152317653,130862.42366624407,65.43121183312203,-5419.804665559379,RELATIVE_MOMENTUM_2X_monthly_126D,pre_tax
2007-07-02,QLD,BUY,94868.12995141673,1.378035244375955,130731.6266410904,65.3658133205452,0.0,RELATIVE_MOMENTUM_2X_monthly_126D,pre_tax
2008-02-01,QLD,SELL,94868.12995141673,1.1752651317284033,111495.20524417907,55.74760262208954,-19357.534812853977,RELATIVE_MOMENTUM_2X_monthly_126D,pre_tax
2008-08-01,QLD,BUY,98988.50644470322,1.125219177045556,111383.76575867766,55.691882879338834,0.0,RELATIVE_MOMENTUM_2X_monthly_126D,pre_tax
2008-10-01,QLD,SELL,98988.50644470322,0.7878055975470611,77983.69946996053,38.99184973498026,-33494.75002133146,RELATIVE_MOMENTUM_2X_monthly_126D,pre_tax
2009-05-01,QLD,BUY,149376.48544998898,0.5215396152089603,77905.75474285411,38.95287737142706,0.0,RELATIVE_MOMENTUM_2X_monthly_126D,pre_tax
2010-02-01,QLD,SELL,149376.48544998898,0.794218456724139,118637.56174496605,59.318780872483025,40633.53534386803,RELATIVE_MOMENTUM_2X_monthly_126D,pre_tax
2010-02-01,SSO,BUY,57651.14856729361,2.0557957025611637,118518.9834723574,59.2594917361787,0.0,RELATIVE_MOMENTUM_2X_monthly_126D,pre_tax
2010-03-01,SSO,SELL,57651.14856729361,2.1651406280699947,124822.84401794667,62.41142200897334,6182.1896318440995,RELATIVE_MOMENTUM_2X_monthly_126D,pre_tax
2010-03-01,QLD,BUY,143541.5980437907,0.8687243645993031,124698.08355416064,62.349041777080316,0.0,RELATIVE_MOMENTUM_2X_monthly_126D,pre_tax
2010-07-01,QLD,SELL,143541.5980437907,0.7762022502958725,111417.31141265595,55.708655706327974,-13398.829838988095,RELATIVE_MOMENTUM_2X_monthly_126D,pre_tax
2010-08-02,QLD,BUY,122816.04418720973,0.9062818340932217,111305.9497820586,55.6529748910293,0.0,RELATIVE_MOMENTUM_2X_monthly_126D,pre_tax
2010-09-01,QLD,SELL,122816.04418720973,0.8158979594631174,100205.35984167647,50.102679920838234,-11206.345595193983,RELATIVE_MOMENTUM_2X_monthly_126D,pre_tax
2010-10-01,QLD,BUY,97309.68209060772,1.0287281019607608,100105.20455947591,50.052602279737954,0.0,RELATIVE_MOMENTUM_2X_monthly_126D,pre_tax
2011-05-02,QLD,SELL,97309.68209060772,1.4563720188199842,141719.09815702922,70.85954907851462,41492.98144619506,RELATIVE_MOMENTUM_2X_monthly_126D,pre_tax
2011-05-02,SSO,BUY,42979.99946922693,3.294030982582414,141577.44988300922,70.78872494150461,0.0,RELATIVE_MOMENTUM_2X_monthly_126D,pre_tax
2011-08-01,SSO,SELL,42979.99946922693,3.0057389664693024,129186.65918348532,64.59332959174266,-12526.172754057145,RELATIVE_MOMENTUM_2X_monthly_126D,pre_tax
2011-08-01,QLD,BUY,90659.16035252923,1.423546573600606,129057.5370853509,64.52876854267545,0.0,RELATIVE_MOMENTUM_2X_monthly_126D,pre_tax
2011-09-01,QLD,SELL,90659.16035252923,1.2346873260889206,111935.716281131,55.9678581405655,-17242.317430903146,RELATIVE_MOMENTUM_2X_monthly_126D,pre_tax
2012-02-01,QLD,BUY,75875.70876398231,1.4737765000993321,111823.83650473808,55.91191825236904,0.0,RELATIVE_MOMENTUM_2X_monthly_126D,pre_tax
2012-10-01,QLD,SELL,75875.70876398231,1.8748555972564214,142255.99727195036,71.12799863597517,30305.120850323918,RELATIVE_MOMENTUM_2X_monthly_126D,pre_tax
2012-10-01,SSO,BUY,39432.41453778838,3.6039845399510613,142113.8123671308,71.0569061835654,0.0,RELATIVE_MOMENTUM_2X_monthly_126D,pre_tax
2013-08-01,SSO,SELL,39432.41453778838,5.043580206386865,198880.54545283117,99.44027272641559,56596.23590679039,RELATIVE_MOMENTUM_2X_monthly_126D,pre_tax
2013-08-01,QLD,BUY,86680.2047675224,2.2921238457018327,198681.7642979558,99.3408821489779,0.0,RELATIVE_MOMENTUM_2X_monthly_126D,pre_tax
2014-05-01,QLD,SELL,86680.2047675224,3.0221468392757944,261960.30686594648,130.98015343297325,63048.22153240879,RELATIVE_MOMENTUM_2X_monthly_126D,pre_tax
2014-05-01,SSO,BUY,41878.894072745476,6.248934774141717,261698.47747377664,130.8492387368883,0.0,RELATIVE_MOMENTUM_2X_monthly_126D,pre_tax
2014-06-02,SSO,SELL,41878.894072745476,6.555978970025813,274557.148828858,137.278574414429,12590.543541930063,RELATIVE_MOMENTUM_2X_monthly_126D,pre_tax
2014-06-02,QLD,BUY,83290.90499568319,3.293069380194802,274282.7288899986,137.14136444499928,0.0,RELATIVE_MOMENTUM_2X_monthly_126D,pre_tax
2015-09-01,QLD,SELL,83290.90499568319,4.004880768822511,333570.14363503444,166.78507181751723,58983.488308773376,RELATIVE_MOMENTUM_2X_monthly_126D,pre_tax
2015-11-02,QLD,BUY,66960.73115011507,4.976599485541127,333236.7401931204,166.6183700965602,0.0,RELATIVE_MOMENTUM_2X_monthly_126D,pre_tax
2016-02-01,QLD,SELL,66960.73115011507,4.097667973657485,274382.84352651564,137.19142176325784,-59157.706458464556,RELATIVE_MOMENTUM_2X_monthly_126D,pre_tax
2016-04-01,SSO,BUY,36685.03689240231,7.4719455403524195,274108.59780584945,137.05429890292473,0.0,RELATIVE_MOMENTUM_2X_monthly_126D,pre_tax
2016-05-02,SSO,SELL,36685.03689240231,7.64733743653064,280542.8559877759,140.27142799388795,6156.93245502963,RELATIVE_MOMENTUM_2X_monthly_126D,pre_tax
2016-06-01,SSO,BUY,35968.349505357866,7.7919186503502855,280262.45333311544,140.13122666655772,0.0,RELATIVE_MOMENTUM_2X_monthly_126D,pre_tax
2016-09-01,SSO,SELL,35968.349505357866,8.451306873678416,303979.5594094986,151.9897797047493,23424.98507001181,RELATIVE_MOMENTUM_2X_monthly_126D,pre_tax
2016-09-01,QLD,BUY,59302.385014293286,5.120801325119029,303675.7317639119,151.83786588195596,0.0,RELATIVE_MOMENTUM_2X_monthly_126D,pre_tax
2017-12-01,QLD,SELL,59302.385014293286,8.836787576639393,524042.57915939303,262.02128957969654,219952.98824001948,RELATIVE_MOMENTUM_2X_monthly_126D,pre_tax
2017-12-01,SSO,BUY,41040.84797625461,12.75604243785302,523518.7984705781,261.75939923528904,0.0,RELATIVE_MOMENTUM_2X_monthly_126D,pre_tax
2018-01-02,SSO,SELL,41040.84797625461,13.15691737996219,539971.0460271704,269.9855230135852,15920.502634343342,RELATIVE_MOMENTUM_2X_monthly_126D,pre_tax
2018-01-02,QLD,BUY,59131.571750192976,9.122560569007376,539431.344831741,269.7156724158705,0.0,RELATIVE_MOMENTUM_2X_monthly_126D,pre_tax
2018-12-03,QLD,SELL,59131.571750192976,10.514471592529176,621737.2313890047,310.86861569450235,81725.30226915341,RELATIVE_MOMENTUM_2X_monthly_126D,pre_tax
2018-12-03,SSO,BUY,44304.58091679594,14.019223114587883,621115.8048708749,310.5579024354374,0.0,RELATIVE_MOMENTUM_2X_monthly_126D,pre_tax
2019-01-02,SSO,SELL,44304.58091679594,10.809249178341002,478899.25487161893,239.44962743580948,-142766.55752912717,RELATIVE_MOMENTUM_2X_monthly_126D,pre_tax
2019-05-01,QLD,BUY,38428.525869829915,12.449621319518682,478420.59494670975,239.21029747335487,0.0,RELATIVE_MOMENTUM_2X_monthly_126D,pre_tax
2019-10-01,QLD,SELL,38428.525869829915,12.024189512502812,462071.87774495187,231.03593887247595,-16818.96343810379,RELATIVE_MOMENTUM_2X_monthly_126D,pre_tax
2019-10-01,SSO,BUY,29578.188307874887,15.606433767438917,461610.0367876856,230.8050183938428,0.0,RELATIVE_MOMENTUM_2X_monthly_126D,pre_tax
2019-12-02,SSO,SELL,29578.188307874887,17.302658151204337,511781.2810231082,255.89064051155412,49684.54857651726,RELATIVE_MOMENTUM_2X_monthly_126D,pre_tax
2019-12-02,QLD,BUY,36551.906057462504,13.987499166283902,511269.7555048443,255.63487775242217,0.0,RELATIVE_MOMENTUM_2X_monthly_126D,pre_tax
2021-03-01,QLD,SELL,36551.906057462504,29.194566747596696,1067117.061146473,533.5585305732366,555058.112233303,RELATIVE_MOMENTUM_2X_monthly_126D,pre_tax
2021-03-01,SSO,BUY,45481.536910820265,23.439192027910405,1066050.4773772112,533.0252386886057,0.0,RELATIVE_MOMENTUM_2X_monthly_126D,pre_tax
2021-09-01,SSO,SELL,45481.536910820265,32.27002938665525,1467690.5326624154,733.8452663312078,400373.1847801844,RELATIVE_MOMENTUM_2X_monthly_126D,pre_tax
2021-09-01,QLD,BUY,35925.72406687781,40.812638121887815,1466223.57560828,733.11178780414,0.0,RELATIVE_MOMENTUM_2X_monthly_126D,pre_tax
2022-02-01,QLD,SELL,35925.72406687781,36.61481947444583,1315413.901197485,657.7069505987424,-152200.4931491979,RELATIVE_MOMENTUM_2X_monthly_126D,pre_tax
2022-02-01,SSO,BUY,41134.8727833203,31.946109365564894,1314099.144674549,657.0495723372745,0.0,RELATIVE_MOMENTUM_2X_monthly_126D,pre_tax
2022-03-01,SSO,SELL,41134.8727833203,29.635400614170223,1219048.4341466245,609.5242170733122,-96317.28431733511,RELATIVE_MOMENTUM_2X_monthly_126D,pre_tax
2022-04-01,SSO,BUY,37873.04046636284,32.15559088829184,1217829.9949320853,608.9149974660427,0.0,RELATIVE_MOMENTUM_2X_monthly_126D,pre_tax
2022-05-02,SSO,SELL,37873.04046636284,26.382579479570605,999188.5002368115,499.59425011840574,-219750.00394285854,RELATIVE_MOMENTUM_2X_monthly_126D,pre_tax
2022-12-01,SSO,BUY,40240.71521595679,24.805468931758373,998189.8110811526,499.09490554057635,0.0,RELATIVE_MOMENTUM_2X_monthly_126D,pre_tax
2023-02-01,SSO,SELL,40240.71521595679,24.215098911127928,974432.8992089244,487.2164496044622,-24743.223227373324,RELATIVE_MOMENTUM_2X_monthly_126D,pre_tax
2023-04-03,QLD,BUY,40199.3666863353,24.215778344925518,973458.9532826786,486.7294766413393,0.0,RELATIVE_MOMENTUM_2X_monthly_126D,pre_tax
2024-06-03,QLD,SELL,40199.3666863353,44.896092455917376,1804794.4834190346,902.3972417095173,829946.4034180052,RELATIVE_MOMENTUM_2X_monthly_126D,pre_tax
2024-06-03,SSO,BUY,47000.50034518864,38.36109355517645,1802990.5908818843,901.4952954409422,0.0,RELATIVE_MOMENTUM_2X_monthly_126D,pre_tax
2024-07-01,SSO,SELL,47000.50034518864,40.84979697609006,1919960.8968756066,959.9804484378034,115108.83024984365,RELATIVE_MOMENTUM_2X_monthly_126D,pre_tax
2024-07-01,QLD,BUY,38422.982039657756,49.91913156297313,1918041.895479429,959.0209477397145,0.0,RELATIVE_MOMENTUM_2X_monthly_126D,pre_tax
2024-08-01,QLD,SELL,38422.982039657756,47.69286804923603,1832502.2124755634,916.2511062377818,-87414.95505784312,RELATIVE_MOMENTUM_2X_monthly_126D,pre_tax
2024-08-01,SSO,BUY,44035.2534452955,41.572841821621836,1830670.6260562977,915.3353130281489,0.0,RELATIVE_MOMENTUM_2X_monthly_126D,pre_tax
2024-11-01,SSO,SELL,44035.2534452955,43.729019523269365,1925618.4576214415,962.8092288107207,93069.68702330487,RELATIVE_MOMENTUM_2X_monthly_126D,pre_tax
2024-11-01,QLD,BUY,39058.17262966623,49.25201749020801,1923693.801491885,961.8469007459425,0.0,RELATIVE_MOMENTUM_2X_monthly_126D,pre_tax
2024-12-02,QLD,SELL,39058.17262966623,54.20014165870111,2116958.489457912,1058.479244728956,191244.3618205518,RELATIVE_MOMENTUM_2X_monthly_126D,pre_tax
2024-12-02,SSO,BUY,43685.22355018132,48.41093662916475,2114842.5889187236,1057.421294459362,0.0,RELATIVE_MOMENTUM_2X_monthly_126D,pre_tax
2025-02-03,SSO,SELL,43685.22355018132,46.412040282588194,2027520.3551648858,1013.7601775824429,-89393.41522587952,RELATIVE_MOMENTUM_2X_monthly_126D,pre_tax
2025-02-03,QLD,BUY,37529.60060296362,53.9705676458311,2025493.8480632717,1012.7469240316359,0.0,RELATIVE_MOMENTUM_2X_monthly_126D,pre_tax
2025-04-01,QLD,SELL,37529.60060296362,44.0057077774389,1651516.6371380119,825.758318569006,-375815.71616786043,RELATIVE_MOMENTUM_2X_monthly_126D,pre_tax
2025-06-02,QLD,BUY,31825.896410539255,51.840360584475505,1649865.9458465197,824.9329729232599,0.0,RELATIVE_MOMENTUM_2X_monthly_126D,pre_tax
2026-03-02,QLD,SELL,31825.896410539255,66.00212621228486,2100576.8317075158,1050.288415853758,448835.66447221907,RELATIVE_MOMENTUM_2X_monthly_126D,pre_tax
2026-03-02,SSO,BUY,37150.35062890455,56.486069959367704,2098477.3046393422,1049.2386523196712,0.0,RELATIVE_MOMENTUM_2X_monthly_126D,pre_tax
2026-04-01,SSO,SELL,37150.35062890455,52.347155776245074,1944715.1915133905,972.3575957566953,-155783.70937402803,RELATIVE_MOMENTUM_2X_monthly_126D,pre_tax
2026-05-01,QLD,BUY,23877.07620050047,81.36555045013495,1942771.4481935373,971.3857240967686,0.0,RELATIVE_MOMENTUM_2X_monthly_126D,pre_tax
2006-06-21,SSO,BUY,27674.981572808407,3.6115660899196587,99950.02498750626,49.97501249375313,0.0,RELATIVE_MOMENTUM_2X_monthly_126D,after_tax
2006-12-01,SSO,SELL,27674.981572808407,4.478789805673523,123950.4253404969,61.97521267024845,23888.45012782664,RELATIVE_MOMENTUM_2X_monthly_126D,after_tax
2006-12-01,QLD,BUY,96943.27592482354,1.2272746339300988,118976.02347262237,59.488011736311186,0.0,RELATIVE_MOMENTUM_2X_monthly_126D,after_tax
2007-01-03,QLD,SELL,96943.27592482354,1.19842056193125,116178.81520928325,58.08940760464162,-2914.7856826800707,RELATIVE_MOMENTUM_2X_monthly_126D,after_tax
2007-01-03,SSO,BUY,25076.131356984177,4.628413083429065,116062.69445445138,58.031347227225694,0.0,RELATIVE_MOMENTUM_2X_monthly_126D,after_tax
2007-02-01,SSO,SELL,25076.131356984177,4.717736223620029,118302.57325109832,59.15128662554916,2122.696162794149,RELATIVE_MOMENTUM_2X_monthly_126D,after_tax
2007-02-01,QLD,BUY,96620.3081422396,1.2231831182486803,118184.329799573,59.092164899786496,0.0,RELATIVE_MOMENTUM_2X_monthly_126D,after_tax
2007-04-02,QLD,SELL,96620.3081422396,1.1767243792640416,113695.47212297733,56.84773606148867,-4604.797577556936,RELATIVE_MOMENTUM_2X_monthly_126D,after_tax
2007-04-02,SSO,BUY,24910.69708989598,4.559560620094033,113581.83347018075,56.79091673509038,0.0,RELATIVE_MOMENTUM_2X_monthly_126D,after_tax
2007-05-01,SSO,SELL,24910.69708989598,4.953608869576255,123397.85005183613,61.698925025918065,9697.526739894383,RELATIVE_MOMENTUM_2X_monthly_126D,after_tax
2007-05-01,QLD,BUY,94430.27503650071,1.2962079745967154,122401.27554567336,61.20063777283668,0.0,RELATIVE_MOMENTUM_2X_monthly_126D,after_tax
2007-06-01,QLD,SELL,94430.27503650071,1.376876472619413,130018.8240007381,65.00941200036905,7491.338405291535,RELATIVE_MOMENTUM_2X_monthly_126D,after_tax
2007-06-01,SSO,BUY,24256.009423164913,5.292204627297629,128367.76530904825,64.18388265452413,0.0,RELATIVE_MOMENTUM_2X_monthly_126D,after_tax
2007-07-02,SSO,SELL,24256.009423164913,5.086722152317653,123383.58045963869,61.69179022981935,-5110.060522293905,RELATIVE_MOMENTUM_2X_monthly_126D,after_tax
2007-07-02,QLD,BUY,89446.3759495189,1.378035244375955,123260.2585401388,61.6301292700694,0.0,RELATIVE_MOMENTUM_2X_monthly_126D,after_tax
2008-02-01,QLD,SELL,89446.3759495189,1.1752651317284033,105123.20681293962,52.561603406469814,-18251.243459875725,RELATIVE_MOMENTUM_2X_monthly_126D,after_tax
2008-08-01,QLD,BUY,93331.2711726123,1.125219177045556,105018.13614146243,52.50906807073122,0.0,RELATIVE_MOMENTUM_2X_monthly_126D,after_tax
2008-10-01,QLD,SELL,93331.2711726123,0.7878055975470611,73526.89785596663,36.76344892798331,-31580.510802494508,RELATIVE_MOMENTUM_2X_monthly_126D,after_tax
2009-05-01,QLD,BUY,140839.55573299486,0.5215396152089603,73453.40770318705,36.72670385159353,0.0,RELATIVE_MOMENTUM_2X_monthly_126D,after_tax
2010-02-01,QLD,SELL,140839.55573299486,0.794218456724139,111857.37459997255,55.92868729998628,38311.311505633916,RELATIVE_MOMENTUM_2X_monthly_126D,after_tax
2010-02-01,SSO,BUY,54356.36089077041,2.0557957025611637,111745.57312610952,55.87278656305476,0.0,RELATIVE_MOMENTUM_2X_monthly_126D,after_tax
2010-03-01,SSO,SELL,54356.36089077041,2.1651406280699947,117689.16535864194,58.84458267932097,5828.874863290053,RELATIVE_MOMENTUM_2X_monthly_126D,after_tax
2010-03-01,QLD,BUY,135338.13462534573,0.8687243645993031,117571.5350084584,58.785767504229206,0.0,RELATIVE_MOMENTUM_2X_monthly_126D,after_tax
2010-07-01,QLD,SELL,135338.13462534573,0.7762022502958725,105049.7646470391,52.524882323519556,-12633.08101124705,RELATIVE_MOMENTUM_2X_monthly_126D,after_tax
2010-08-02,QLD,BUY,115797.05499231079,0.9062818340932217,104944.76738102509,52.472383690512544,0.0,RELATIVE_MOMENTUM_2X_monthly_126D,after_tax
2010-09-01,QLD,SELL,115797.05499231079,0.8158979594631174,94478.58088006476,47.239290440032384,-10565.898175090872,RELATIVE_MOMENTUM_2X_monthly_126D,after_tax
2010-10-01,QLD,BUY,91748.3923448486,1.0287281019607608,94384.1495148673,47.19207475743365,0.0,RELATIVE_MOMENTUM_2X_monthly_126D,after_tax
2011-05-02,QLD,SELL,91748.3923448486,1.4563720188199842,133619.79138275515,66.80989569137758,39121.63989743905,RELATIVE_MOMENTUM_2X_monthly_126D,after_tax
2011-05-02,SSO,BUY,40208.006927167546,3.294030982582414,132446.42056597822,66.22321028298911,0.0,RELATIVE_MOMENTUM_2X_monthly_126D,after_tax
2011-08-01,SSO,SELL,40208.006927167546,3.0057389664693024,120854.77318505514,60.42738659252757,-11718.297977798604,RELATIVE_MOMENTUM_2X_monthly_126D,after_tax
2011-08-01,QLD,BUY,84812.10312893601,1.423546573600606,120733.9788090581,60.36698940452905,0.0,RELATIVE_MOMENTUM_2X_monthly_126D,after_tax
2011-09-01,QLD,SELL,84812.10312893601,1.2346873260889206,104716.42883224378,52.35821441612189,-16130.27518063497,RELATIVE_MOMENTUM_2X_monthly_126D,after_tax
2012-02-01,QLD,BUY,70982.10938253469,1.4737765000993321,104611.76473545993,52.305882367729964,0.0,RELATIVE_MOMENTUM_2X_monthly_126D,after_tax
2012-10-01,QLD,SELL,70982.10938253469,1.8748555972564214,133081.2050809127,66.54060254045636,28350.5938605446,RELATIVE_MOMENTUM_2X_monthly_126D,after_tax
2012-10-01,SSO,BUY,36860.93943305871,3.6039845399510613,132846.255844816,66.42312792240801,0.0,RELATIVE_MOMENTUM_2X_monthly_126D,after_tax
2013-08-01,SSO,SELL,36860.93943305871,5.043580206386865,185911.1045134,92.9555522567,52905.46998840489,RELATIVE_MOMENTUM_2X_monthly_126D,after_tax
2013-08-01,QLD,BUY,76340.94972899757,2.2921238457018327,174982.9112773602,87.4914556386801,0.0,RELATIVE_MOMENTUM_2X_monthly_126D,after_tax
2014-05-01,QLD,SELL,76340.94972899757,3.0221468392757944,230713.55993080232,115.35677996540116,55527.800417838036,RELATIVE_MOMENTUM_2X_monthly_126D,after_tax
2014-05-01,SSO,BUY,35079.279006051824,6.248934774141717,219208.12643273675,109.60406321636837,0.0,RELATIVE_MOMENTUM_2X_monthly_126D,after_tax
2014-06-02,SSO,SELL,35079.279006051824,6.555978970025813,229979.01544734376,114.98950772367188,10546.295443666982,RELATIVE_MOMENTUM_2X_monthly_126D,after_tax
2014-06-02,QLD,BUY,69117.20218166203,3.293069380194802,227607.74214916458,113.80387107458229,0.0,RELATIVE_MOMENTUM_2X_monthly_126D,after_tax
2015-09-01,QLD,SELL,69117.20218166203,4.004880768822511,276806.1538121556,138.40307690607779,48946.20471501033,RELATIVE_MOMENTUM_2X_monthly_126D,after_tax
2015-11-02,QLD,BUY,53568.914779072744,4.976599485541127,266591.0337305299,133.29551686526494,0.0,RELATIVE_MOMENTUM_2X_monthly_126D,after_tax
2016-02-01,QLD,SELL,53568.914779072744,4.097667973657485,219507.6264737935,109.75381323689675,-47326.456586838554,RELATIVE_MOMENTUM_2X_monthly_126D,after_tax
2016-04-01,SSO,BUY,29348.21023012175,7.4719455403524195,219288.22854628347,109.64411427314174,0.0,RELATIVE_MOMENTUM_2X_monthly_126D,after_tax
2016-05-02,SSO,SELL,29348.21023012175,7.64733743653064,224435.66678798158,112.21783339399079,4925.576294030994,RELATIVE_MOMENTUM_2X_monthly_126D,after_tax
2016-06-01,SSO,BUY,28774.856789972608,7.7919186503502855,224211.34328294612,112.10567164147307,0.0,RELATIVE_MOMENTUM_2X_monthly_126D,after_tax
2016-09-01,SSO,SELL,28774.856789972608,8.451306873678416,243185.14497820754,121.59257248910377,18740.103451130824,RELATIVE_MOMENTUM_2X_monthly_126D,after_tax
2016-09-01,QLD,BUY,47442.20014421062,5.120801325119029,242942.0813650359,121.47104068251795,0.0,RELATIVE_MOMENTUM_2X_monthly_126D,after_tax
2017-12-01,QLD,SELL,47442.20014421062,8.836787576639393,419236.64484280004,209.61832242140002,175963.47411466023,RELATIVE_MOMENTUM_2X_monthly_126D,after_tax
2017-12-01,SSO,BUY,30408.552579342995,12.75604243785302,387892.7871757842,193.9463935878921,0.0,RELATIVE_MOMENTUM_2X_monthly_126D,after_tax
2018-01-02,SSO,SELL,30408.552579342995,13.15691737996219,400082.81393065193,200.04140696532596,11796.038954314485,RELATIVE_MOMENTUM_2X_monthly_126D,after_tax
2018-01-02,QLD,BUY,43550.027464677296,9.122560569007376,397287.7633284534,198.6438816642267,0.0,RELATIVE_MOMENTUM_2X_monthly_126D,after_tax
2018-12-03,QLD,SELL,43550.027464677296,10.514471592529176,457905.52663121483,228.95276331560743,60190.166657781636,RELATIVE_MOMENTUM_2X_monthly_126D,after_tax
2018-12-03,SSO,BUY,31758.273957699654,14.019223114587883,445226.3283471974,222.6131641735987,0.0,RELATIVE_MOMENTUM_2X_monthly_126D,after_tax
2019-01-02,SSO,SELL,31758.273957699654,10.809249178341002,343283.0966827934,171.6415483413967,-102337.48637691897,RELATIVE_MOMENTUM_2X_monthly_126D,after_tax
2019-05-01,QLD,BUY,27546.21818128839,12.449621319518682,342939.9851418811,171.46999257094055,0.0,RELATIVE_MOMENTUM_2X_monthly_126D,after_tax
2019-10-01,QLD,SELL,27546.21818128839,12.024189512502812,331220.94776456215,165.61047388228107,-12056.117843772168,RELATIVE_MOMENTUM_2X_monthly_126D,after_tax
2019-10-01,SSO,BUY,21202.146324733872,15.606433767438917,330889.8923445076,165.44494617225382,0.0,RELATIVE_MOMENTUM_2X_monthly_126D,after_tax
2019-12-02,SSO,SELL,21202.146324733872,17.302658151204337,366853.4899286836,183.42674496434182,35614.72589303943,RELATIVE_MOMENTUM_2X_monthly_126D,after_tax
2019-12-02,QLD,BUY,26201.025316750598,13.987499166283902,366486.8197738324,183.2434098869162,0.0,RELATIVE_MOMENTUM_2X_monthly_126D,after_tax
2021-03-01,QLD,SELL,26201.025316750598,29.194566747596696,764927.5824653462,382.4637912326731,397875.05549039424,RELATIVE_MOMENTUM_2X_monthly_126D,after_tax
2021-03-01,SSO,BUY,29837.677166019213,23.439192027910405,699371.0447611219,349.68552238056094,0.0,RELATIVE_MOMENTUM_2X_monthly_126D,after_tax
2021-09-01,SSO,SELL,29837.677166019213,32.27002938665525,962862.7189769724,481.4313594884862,262660.5573339815,RELATIVE_MOMENTUM_2X_monthly_126D,after_tax
2021-09-01,QLD,BUY,22261.91575574727,40.812638121887815,908567.511639266,454.28375581963303,0.0,RELATIVE_MOMENTUM_2X_monthly_126D,after_tax
2022-02-01,QLD,SELL,22261.91575574727,36.61481947444583,815116.0265520077,407.5580132760038,-94313.32685635414,RELATIVE_MOMENTUM_2X_monthly_126D,after_tax
2022-02-01,SSO,BUY,25489.84317813478,31.946109365564894,814301.3178797918,407.15065893989595,0.0,RELATIVE_MOMENTUM_2X_monthly_126D,after_tax
2022-03-01,SSO,SELL,25489.84317813478,29.635400614170223,755401.7141763981,377.7008570881991,-59684.45521942177,RELATIVE_MOMENTUM_2X_monthly_126D,after_tax
2022-04-01,SSO,BUY,23468.59967823191,32.15559088829184,754646.6899743228,377.3233449871614,0.0,RELATIVE_MOMENTUM_2X_monthly_126D,after_tax
2022-05-02,SSO,SELL,23468.59967823191,26.382579479570605,619162.1962851784,309.5810981425892,-136171.39813227404,RELATIVE_MOMENTUM_2X_monthly_126D,after_tax
2022-12-01,SSO,BUY,24935.764980574866,24.805468931758373,618543.3435152783,309.2716717576392,0.0,RELATIVE_MOMENTUM_2X_monthly_126D,after_tax
2023-02-01,SSO,SELL,24935.764980574866,24.215098911127928,603822.0154292603,301.91100771463016,-15332.510765490239,RELATIVE_MOMENTUM_2X_monthly_126D,after_tax
2023-04-03,QLD,BUY,24910.142741720498,24.215778344925518,603218.4951739588,301.6092475869794,0.0,RELATIVE_MOMENTUM_2X_monthly_126D,after_tax
2024-06-03,QLD,SELL,24910.142741720498,44.896092455917376,1118368.0716223826,559.1840358111913,514288.78316502576,RELATIVE_MOMENTUM_2X_monthly_126D,after_tax
2024-06-03,SSO,BUY,28019.440063173493,38.36109355517645,1074856.3616270577,537.4281808135288,0.0,RELATIVE_MOMENTUM_2X_monthly_126D,after_tax
2024-07-01,SSO,SELL,28019.440063173493,40.84979697609006,1144588.4379643614,572.2942189821807,68622.35393750807,RELATIVE_MOMENTUM_2X_monthly_126D,after_tax
2024-07-01,QLD,BUY,22626.811040162254,49.91913156297313,1129510.7571643924,564.7553785821962,0.0,RELATIVE_MOMENTUM_2X_monthly_126D,after_tax
2024-08-01,QLD,SELL,22626.811040162254,47.69286804923603,1079137.5133134555,539.5687566567277,-51477.56798617588,RELATIVE_MOMENTUM_2X_monthly_126D,after_tax
2024-08-01,SSO,BUY,25931.80710919204,41.572841821621836,1078058.9150992492,539.0294575496246,0.0,RELATIVE_MOMENTUM_2X_monthly_126D,after_tax
2024-11-01,SSO,SELL,25931.80710919204,43.729019523269365,1133972.499351514,566.986249675757,54807.56854503951,RELATIVE_MOMENTUM_2X_monthly_126D,after_tax
2024-11-01,QLD,BUY,22987.138389658583,49.25201749020801,1132162.9420172966,566.0814710086482,0.0,RELATIVE_MOMENTUM_2X_monthly_126D,after_tax
2024-12-02,QLD,SELL,22987.138389658583,54.20014165870111,1245906.1570476617,622.9530785238309,112554.1804808327,RELATIVE_MOMENTUM_2X_monthly_126D,after_tax
2024-12-02,SSO,BUY,25238.241682955115,48.41093662916475,1221806.9187450844,610.9034593725422,0.0,RELATIVE_MOMENTUM_2X_monthly_126D,after_tax
2025-02-03,SSO,SELL,25238.241682955115,46.412040282588194,1171358.2896510093,585.6791448255046,-51645.2116982732,RELATIVE_MOMENTUM_2X_monthly_126D,after_tax
2025-02-03,QLD,BUY,21681.956810735894,53.9705676458311,1170187.51674781,585.093758373905,0.0,RELATIVE_MOMENTUM_2X_monthly_126D,after_tax
2025-04-01,QLD,SELL,21681.956810735894,44.0057077774389,954129.8554562948,477.06492772814744,-217119.81997761724,RELATIVE_MOMENTUM_2X_monthly_126D,after_tax
2025-06-02,QLD,BUY,18386.75872777008,51.840360584475505,953176.202427353,476.5881012136765,0.0,RELATIVE_MOMENTUM_2X_monthly_126D,after_tax
2026-03-02,QLD,SELL,18386.75872777008,66.00212621228486,1213565.1701851112,606.7825850925557,259305.59707145207,RELATIVE_MOMENTUM_2X_monthly_126D,after_tax
2026-03-02,SSO,BUY,21462.852918717068,56.486069959367704,1212352.2114942716,606.1761057471358,0.0,RELATIVE_MOMENTUM_2X_monthly_126D,after_tax
2026-04-01,SSO,SELL,21462.852918717068,52.347155776245074,1123519.3051387186,561.7596525693593,-90000.84211386973,RELATIVE_MOMENTUM_2X_monthly_126D,after_tax
2026-05-01,QLD,BUY,13794.490925251665,81.36555045013495,1122396.347312493,561.1981736562465,0.0,RELATIVE_MOMENTUM_2X_monthly_126D,after_tax
2006-06-21,SSO,BUY,27674.981572808407,3.6115660899196587,99950.02498750626,49.97501249375313,0.0,RELATIVE_MOMENTUM_2X_monthly_189D,pre_tax
2007-05-01,SSO,SELL,27674.981572808407,4.953608869576255,137091.03418442313,68.54551709221157,37022.488667330894,RELATIVE_MOMENTUM_2X_monthly_189D,pre_tax
2007-05-01,QLD,BUY,105657.43641880478,1.2962079745967154,136954.01166150018,68.47700583075009,0.0,RELATIVE_MOMENTUM_2X_monthly_189D,pre_tax
2008-02-01,QLD,SELL,105657.43641880478,1.1752651317284033,124175.50093083199,62.08775046541599,-12909.075486964372,RELATIVE_MOMENTUM_2X_monthly_189D,pre_tax
2008-06-02,QLD,BUY,90347.30209775343,1.3730502694192561,124051.38748662327,62.025693743311635,0.0,RELATIVE_MOMENTUM_2X_monthly_189D,pre_tax
2008-07-01,QLD,SELL,90347.30209775343,1.0997216982783382,99356.88849780748,49.67844424890374,-24806.203126808017,RELATIVE_MOMENTUM_2X_monthly_189D,pre_tax
2009-08-03,QLD,BUY,142476.64552448943,0.6966586060300413,99257.58126292712,49.628790631463566,0.0,RELATIVE_MOMENTUM_2X_monthly_189D,pre_tax
2011-07-01,QLD,SELL,142476.64552448943,1.3528575096202304,192750.59984330513,96.37529992165257,93347.01448982487,RELATIVE_MOMENTUM_2X_monthly_189D,pre_tax
2011-07-01,SSO,BUY,62803.69747109404,3.066028806014561,192557.94557059818,96.27897278529909,0.0,RELATIVE_MOMENTUM_2X_monthly_189D,pre_tax
2011-08-01,SSO,SELL,62803.69747109404,3.0057389664693024,188771.52072721694,94.38576036360847,-3977.089576530154,RELATIVE_MOMENTUM_2X_monthly_189D,pre_tax
2011-08-01,QLD,BUY,132473.95416652528,1.423546573600606,188582.8435450808,94.2914217725404,0.0,RELATIVE_MOMENTUM_2X_monthly_189D,pre_tax
2011-10-03,QLD,SELL,132473.95416652528,1.0937673872989817,144895.6907338854,72.4478453669427,-43853.89207833487,RELATIVE_MOMENTUM_2X_monthly_189D,pre_tax
2011-11-01,QLD,BUY,112774.43120854696,1.2835433165440844,144750.86745479106,72.37543372739553,0.0,RELATIVE_MOMENTUM_2X_monthly_189D,pre_tax
2011-12-01,QLD,SELL,112774.43120854696,1.2641532652039054,142564.16544379786,71.28208272189893,-2330.359527442517,RELATIVE_MOMENTUM_2X_monthly_189D,pre_tax
2012-02-01,QLD,BUY,96637.22587191094,1.4737765000993321,142421.67252481353,71.21083626240677,0.0,RELATIVE_MOMENTUM_2X_monthly_189D,pre_tax
2012-11-01,QLD,SELL,96637.22587191094,1.6803473550440442,162384.10689265942,81.19205344632971,19810.031478137127,RELATIVE_MOMENTUM_2X_monthly_189D,pre_tax
2012-11-01,SSO,BUY,46951.94091269703,3.455060659555726,162221.80393724446,81.11090196862223,0.0,RELATIVE_MOMENTUM_2X_monthly_189D,pre_tax
2013-10-01,SSO,SELL,46951.94091269703,4.964766729147741,233105.43411226885,116.55271705613443,70685.96655599965,RELATIVE_MOMENTUM_2X_monthly_189D,pre_tax
2013-10-01,QLD,BUY,94790.75829179812,2.456699886878909,232872.44517262644,116.43622258631322,0.0,RELATIVE_MOMENTUM_2X_monthly_189D,pre_tax
2015-09-01,QLD,SELL,94790.75829179812,4.004880768822511,379625.6849449253,189.81284247246265,146446.9907072401,RELATIVE_MOMENTUM_2X_monthly_189D,pre_tax
2015-11-02,QLD,BUY,76205.9012544239,4.976599485541127,379246.24897796387,189.62312448898194,0.0,RELATIVE_MOMENTUM_2X_monthly_189D,pre_tax
2016-02-01,QLD,SELL,76205.9012544239,4.097667973657485,312266.4809739575,156.13324048697876,-67325.5243689823,RELATIVE_MOMENTUM_2X_monthly_189D,pre_tax
2016-04-01,QLD,BUY,69601.03951693336,4.482036083272873,311954.3705481965,155.97718527409825,0.0,RELATIVE_MOMENTUM_2X_monthly_189D,pre_tax
2016-05-02,QLD,SELL,69601.03951693336,4.257564817205552,296330.93708822876,148.1654685441144,-15927.576113785966,RELATIVE_MOMENTUM_2X_monthly_189D,pre_tax
2016-06-01,SSO,BUY,37992.53656597854,7.7919186503502855,296034.7542425634,148.0173771212817,0.0,RELATIVE_MOMENTUM_2X_monthly_189D,pre_tax
2016-11-01,SSO,SELL,37992.53656597854,8.151147689762553,309682.7766579953,154.84138832899765,13345.163649981667,RELATIVE_MOMENTUM_2X_monthly_189D,pre_tax
2016-11-01,QLD,BUY,59711.81587125388,5.18110601949187,309373.24864534364,154.68662432267183,0.0,RELATIVE_MOMENTUM_2X_monthly_189D,pre_tax
2017-01-03,QLD,SELL,59711.81587125388,5.3735643682520084,320865.2861293946,160.43264306469732,11176.918216663587,RELATIVE_MOMENTUM_2X_monthly_189D,pre_tax
2017-01-03,SSO,BUY,34949.242717555135,9.171717504331541,320544.58119573205,160.27229059786603,0.0,RELATIVE_MOMENTUM_2X_monthly_189D,pre_tax
2017-02-01,SSO,SELL,34949.242717555135,9.41786549996442,329147.26723954524,164.57363361977264,8277.840119595581,RELATIVE_MOMENTUM_2X_monthly_189D,pre_tax
2017-02-01,QLD,BUY,55494.23952564979,5.925268771576044,328818.2844636937,164.40914223184683,0.0,RELATIVE_MOMENTUM_2X_monthly_189D,pre_tax
2018-12-03,QLD,SELL,55494.23952564979,10.514471592529176,583492.6050414545,291.7463025207273,254218.16513300827,RELATIVE_MOMENTUM_2X_monthly_189D,pre_tax
2018-12-03,SSO,BUY,41579.294321263886,14.019223114587883,582909.4040369154,291.4547020184577,0.0,RELATIVE_MOMENTUM_2X_monthly_189D,pre_tax
2019-01-02,SSO,SELL,41579.294321263886,10.809249178341002,449440.95297812036,224.7204764890602,-133984.6262373025,RELATIVE_MOMENTUM_2X_monthly_189D,pre_tax
2019-02-01,QLD,BUY,46473.25364858441,9.661293354419378,448991.7366333147,224.49586831665735,0.0,RELATIVE_MOMENTUM_2X_monthly_189D,pre_tax
2019-03-01,QLD,SELL,46473.25364858441,10.456337176880792,485940.0098563041,242.97000492815206,36480.80734974466,RELATIVE_MOMENTUM_2X_monthly_189D,pre_tax
2019-03-01,SSO,BUY,34910.497076498985,13.905683199848397,485454.3126950285,242.72715634751424,0.0,RELATIVE_MOMENTUM_2X_monthly_189D,pre_tax
2019-04-01,SSO,SELL,34910.497076498985,14.394261157030419,502510.81204087334,251.25540602043668,16562.516783476865,RELATIVE_MOMENTUM_2X_monthly_189D,pre_tax
2019-04-01,QLD,BUY,44425.49102914943,11.300011338744342,502008.5523586736,251.0042761793368,0.0,RELATIVE_MOMENTUM_2X_monthly_189D,pre_tax
2019-06-03,QLD,SELL,44425.49102914943,10.22687271903491,454333.84223573847,227.16692111786924,-48152.88132023235,RELATIVE_MOMENTUM_2X_monthly_189D,pre_tax
2019-07-01,SSO,BUY,29141.474076953447,15.575043810355778,453879.73544689716,226.93986772344857,0.0,RELATIVE_MOMENTUM_2X_monthly_189D,pre_tax
2019-08-01,SSO,SELL,29141.474076953447,15.611261635279332,454935.17625303054,227.46758812651527,601.0333502833964,RELATIVE_MOMENTUM_2X_monthly_189D,pre_tax
2019-08-01,QLD,BUY,36671.88878275446,12.393156816193644,454480.46843068866,227.24023421534434,0.0,RELATIVE_MOMENTUM_2X_monthly_189D,pre_tax
2021-04-01,QLD,SELL,36671.88878275446,29.68842901833932,1088730.7670952398,544.3653835476199,633478.693046788,RELATIVE_MOMENTUM_2X_monthly_189D,pre_tax
2021-04-01,SSO,BUY,43340.9937675179,25.095007886889295,1087642.5804214815,543.8212902107408,0.0,RELATIVE_MOMENTUM_2X_monthly_189D,pre_tax
2021-09-01,SSO,SELL,43340.9937675179,32.27002938665525,1398615.142524645,699.3075712623225,309729.4332416903,RELATIVE_MOMENTUM_2X_monthly_189D,pre_tax
2021-09-01,QLD,BUY,34234.91571819968,40.812638121887815,1397217.2263402126,698.6086131701063,0.0,RELATIVE_MOMENTUM_2X_monthly_189D,pre_tax
2021-10-01,QLD,SELL,34234.91571819968,36.096264745921715,1235752.5813184523,617.8762906592261,-162781.12992558954,RELATIVE_MOMENTUM_2X_monthly_189D,pre_tax
2021-10-01,SSO,BUY,42032.31493075473,29.370674642555876,1234517.4463046407,617.2587231523204,0.0,RELATIVE_MOMENTUM_2X_monthly_189D,pre_tax
2021-12-01,SSO,SELL,42032.31493075473,33.534209528932,1409520.455873986,704.760227936993,173680.99061825592,RELATIVE_MOMENTUM_2X_monthly_189D,pre_tax
2021-12-01,QLD,BUY,31804.050863042197,44.2746002982415,1408111.639826136,704.055819913068,0.0,RELATIVE_MOMENTUM_2X_monthly_189D,pre_tax
2022-02-01,QLD,SELL,31804.050863042197,36.61481947444583,1164499.5809063832,582.2497904531916,-244898.36453011888,RELATIVE_MOMENTUM_2X_monthly_189D,pre_tax
2022-02-01,SSO,BUY,36415.566289216484,31.946109365564894,1163335.663284288,581.667831642144,0.0,RELATIVE_MOMENTUM_2X_monthly_189D,pre_tax
2022-05-02,SSO,SELL,36415.566289216484,26.382579479570605,960736.5719188259,480.36828595941296,-203661.12748306373,RELATIVE_MOMENTUM_2X_monthly_189D,pre_tax
2023-04-03,QLD,BUY,39634.33682800671,24.215778344925518,959776.3154751288,479.8881577375644,0.0,RELATIVE_MOMENTUM_2X_monthly_189D,pre_tax
2024-09-03,QLD,SELL,39634.33682800671,47.42392159801931,1879615.6823208795,939.8078411604398,918419.6708468529,RELATIVE_MOMENTUM_2X_monthly_189D,pre_tax
2024-09-03,SSO,BUY,44312.80724638719,42.37458925895115,1877737.005976731,938.8685029883655,0.0,RELATIVE_MOMENTUM_2X_monthly_189D,pre_tax
2025-01-02,SSO,SELL,44312.80724638719,46.22921921328594,2048546.480149319,1024.2732400746595,168846.33242952474,RELATIVE_MOMENTUM_2X_monthly_189D,pre_tax
2025-01-02,QLD,BUY,37472.243758536875,54.61372878063376,2046498.957430529,1023.2494787152644,0.0,RELATIVE_MOMENTUM_2X_monthly_189D,pre_tax
2025-03-03,QLD,SELL,37472.243758536875,53.17784027962857,1992692.9935107825,996.3464967553913,-55825.559895217186,RELATIVE_MOMENTUM_2X_monthly_189D,pre_tax
2025-03-03,SSO,BUY,42624.18150737865,46.7035665194236,1990701.296365844,995.3506481829221,0.0,RELATIVE_MOMENTUM_2X_monthly_189D,pre_tax
2025-05-01,SSO,SELL,42624.18150737865,40.148345804981716,1711290.3788125447,855.6451894062724,-281261.91339088883,RELATIVE_MOMENTUM_2X_monthly_189D,pre_tax
2025-05-01,QLD,BUY,37452.643216722114,45.64644299625848,1709579.9436513127,854.7899718256564,0.0,RELATIVE_MOMENTUM_2X_monthly_189D,pre_tax
2026-03-02,QLD,SELL,37452.643216722114,66.00212621228486,2471954.0845737676,1235.977042286884,760283.3739083426,RELATIVE_MOMENTUM_2X_monthly_189D,pre_tax
2026-03-02,SSO,BUY,43718.44894900526,56.486069959367704,2469483.3658485566,1234.7416829242784,0.0,RELATIVE_MOMENTUM_2X_monthly_189D,pre_tax
2026-05-01,SSO,SELL,43718.44894900526,63.30562713355779,2767623.8280232083,1383.8119140116041,295521.9085777155,RELATIVE_MOMENTUM_2X_monthly_189D,pre_tax
2026-05-01,QLD,BUY,33980.69050131957,81.36555045013495,2764857.587315539,1382.4287936577696,0.0,RELATIVE_MOMENTUM_2X_monthly_189D,pre_tax
2026-08-03,QLD,SELL,33980.69050131957,83.77999877929688,2846902.208720219,1423.4511043601094,79238.74150666222,RELATIVE_MOMENTUM_2X_monthly_189D,pre_tax
2026-08-03,SSO,BUY,42171.65815974323,67.44000244140625,2844056.7292512334,1422.0283646256166,0.0,RELATIVE_MOMENTUM_2X_monthly_189D,pre_tax
2006-06-21,SSO,BUY,27674.981572808407,3.6115660899196587,99950.02498750626,49.97501249375313,0.0,RELATIVE_MOMENTUM_2X_monthly_189D,after_tax
2007-05-01,SSO,SELL,27674.981572808407,4.953608869576255,137091.03418442313,68.54551709221157,37022.488667330894,RELATIVE_MOMENTUM_2X_monthly_189D,after_tax
2007-05-01,QLD,BUY,99857.93507322733,1.2962079745967154,129436.6517686783,64.71832588433915,0.0,RELATIVE_MOMENTUM_2X_monthly_189D,after_tax
2008-02-01,QLD,SELL,99857.93507322733,1.1752651317284033,117359.54921796286,58.67977460898143,-12200.500651208771,RELATIVE_MOMENTUM_2X_monthly_189D,after_tax
2008-06-02,QLD,BUY,85388.16890424772,1.3730502694192561,117242.24831919429,58.621124159597144,0.0,RELATIVE_MOMENTUM_2X_monthly_189D,after_tax
2008-07-01,QLD,SELL,85388.16890424772,1.0997216982783382,93903.22212025689,46.95161106012845,-23444.598934157126,RELATIVE_MOMENTUM_2X_monthly_189D,after_tax
2009-08-03,QLD,BUY,134656.15010609425,0.6966586060300413,93809.36582628363,46.90468291314181,0.0,RELATIVE_MOMENTUM_2X_monthly_189D,after_tax
2011-07-01,QLD,SELL,134656.15010609425,1.3528575096202304,182170.5838875786,91.0852919437893,88223.22808643806,RELATIVE_MOMENTUM_2X_monthly_189D,after_tax
2011-07-01,SSO,BUY,55874.42464886026,3.066028806014561,171312.59549289558,85.65629774644779,0.0,RELATIVE_MOMENTUM_2X_monthly_189D,after_tax
2011-08-01,SSO,SELL,55874.42464886026,3.0057389664693024,167943.93539613215,83.97196769806608,-3538.288362207939,RELATIVE_MOMENTUM_2X_monthly_189D,after_tax
2011-08-01,QLD,BUY,117857.80563988096,1.423546573600606,167776.07539073873,83.88803769536936,0.0,RELATIVE_MOMENTUM_2X_monthly_189D,after_tax
2011-10-03,QLD,SELL,117857.80563988096,1.0937673872989817,128909.02414752379,64.45451207376189,-39015.393792984076,RELATIVE_MOMENTUM_2X_monthly_189D,after_tax
2011-11-01,QLD,BUY,100331.7752395107,1.2835433165440844,128780.1795456772,64.39008977283859,0.0,RELATIVE_MOMENTUM_2X_monthly_189D,after_tax
2011-12-01,QLD,SELL,100331.7752395107,1.2641532652039054,126834.74127273179,63.417370636365895,-2073.245733354619,RELATIVE_MOMENTUM_2X_monthly_189D,after_tax
2012-02-01,QLD,BUY,85975.0239663862,1.4737765000993321,126707.96991713686,63.35398495856843,0.0,RELATIVE_MOMENTUM_2X_monthly_189D,after_tax
2012-11-01,QLD,SELL,85975.0239663862,1.6803473550440442,144467.90412176537,72.23395206088269,17624.346267609057,RELATIVE_MOMENTUM_2X_monthly_189D,after_tax
2012-11-01,SSO,BUY,41771.62794995755,3.455060659555726,144323.50841549673,72.16175420774837,0.0,RELATIVE_MOMENTUM_2X_monthly_189D,after_tax
2013-10-01,SSO,SELL,41771.62794995755,4.964766729147741,207386.3886682871,103.69319433414356,62887.0253042485,RELATIVE_MOMENTUM_2X_monthly_189D,after_tax
2013-10-01,QLD,BUY,81366.39945120711,2.456699886878909,199892.8243275246,99.9464121637623,0.0,RELATIVE_MOMENTUM_2X_monthly_189D,after_tax
2015-09-01,QLD,SELL,81366.39945120711,4.004880768822511,325862.7283904699,162.93136419523495,125707.0262865863,RELATIVE_MOMENTUM_2X_monthly_189D,after_tax
2015-11-02,QLD,BUY,60284.61991035976,4.976599485541127,300012.40843193873,150.00620421596938,0.0,RELATIVE_MOMENTUM_2X_monthly_189D,after_tax
2016-02-01,QLD,SELL,60284.61991035976,4.097667973657485,247026.35631079556,123.51317815539778,-53259.57150351457,RELATIVE_MOMENTUM_2X_monthly_189D,after_tax
2016-04-01,QLD,BUY,55059.675741328225,4.482036083272873,246779.45340593718,123.38972670296859,0.0,RELATIVE_MOMENTUM_2X_monthly_189D,after_tax
2016-05-02,QLD,SELL,55059.675741328225,4.257564817205552,234420.13828302504,117.21006914151252,-12599.914918756636,RELATIVE_MOMENTUM_2X_monthly_189D,after_tax
2016-06-01,SSO,BUY,30054.964098695713,7.7919186503502855,234185.8352962354,117.0929176481177,0.0,RELATIVE_MOMENTUM_2X_monthly_189D,after_tax
2016-11-01,SSO,SELL,30054.964098695713,8.151147689762553,244982.45117898003,122.49122558949001,10557.031739507016,RELATIVE_MOMENTUM_2X_monthly_189D,after_tax
2016-11-01,QLD,BUY,47236.55339942531,5.18110601949187,244737.59115781164,122.36879557890582,0.0,RELATIVE_MOMENTUM_2X_monthly_189D,after_tax
2017-01-03,QLD,SELL,47236.55339942531,5.3735643682520084,253828.66022618514,126.91433011309257,8841.785942681512,RELATIVE_MOMENTUM_2X_monthly_189D,after_tax
2017-01-03,SSO,BUY,27647.488956905552,9.171717504331541,253574.95841686364,126.78747920843182,0.0,RELATIVE_MOMENTUM_2X_monthly_189D,after_tax
2017-02-01,SSO,SELL,27647.488956905552,9.41786549996442,260380.33240788805,130.19016620394402,6548.396345612011,RELATIVE_MOMENTUM_2X_monthly_189D,after_tax
2017-02-01,QLD,BUY,43900.132167573436,5.925268771576044,260120.08220058383,130.06004110029193,0.0,RELATIVE_MOMENTUM_2X_monthly_189D,after_tax
2018-12-03,QLD,SELL,43900.132167573436,10.514471592529176,461586.6925842272,230.7933462921136,201105.75699625097,RELATIVE_MOMENTUM_2X_monthly_189D,after_tax
2018-12-03,SSO,BUY,30557.702214804045,14.019223114587883,428395.2452184742,214.1976226092371,0.0,RELATIVE_MOMENTUM_2X_monthly_189D,after_tax
2019-01-02,SSO,SELL,30557.702214804045,10.809249178341002,330305.81755735964,165.15290877867983,-98468.77819250245,RELATIVE_MOMENTUM_2X_monthly_189D,after_tax
2019-02-01,QLD,BUY,34154.39990332502,9.661293354419378,329975.6768101759,164.98783840508796,0.0,RELATIVE_MOMENTUM_2X_monthly_189D,after_tax
2019-03-01,QLD,SELL,34154.39990332502,10.456337176880792,357129.92146319116,178.5649607315956,26810.691853878612,RELATIVE_MOMENTUM_2X_monthly_189D,after_tax
2019-03-01,SSO,BUY,25656.63009073445,13.905683199848397,356772.97001745086,178.38648500872543,0.0,RELATIVE_MOMENTUM_2X_monthly_189D,after_tax
2019-04-01,SSO,SELL,25656.63009073445,14.394261157030419,369308.2339353567,184.65411696767836,12172.22331592947,RELATIVE_MOMENTUM_2X_monthly_189D,after_tax
2019-04-01,QLD,BUY,32649.44602296779,11.300011338744342,368939.1102632574,184.4695551316287,0.0,RELATIVE_MOMENTUM_2X_monthly_189D,after_tax
2019-06-03,QLD,SELL,32649.44602296779,10.22687271903491,333901.72882389213,166.95086441194607,-35388.801858908846,RELATIVE_MOMENTUM_2X_monthly_189D,after_tax
2019-07-01,SSO,BUY,21416.825405056716,15.575043810355778,333567.99396249896,166.7839969812495,0.0,RELATIVE_MOMENTUM_2X_monthly_189D,after_tax
2019-08-01,SSO,SELL,21416.825405056716,15.611261635279332,334343.66479543765,167.17183239771882,441.7150035597151,RELATIVE_MOMENTUM_2X_monthly_189D,after_tax
2019-08-01,QLD,BUY,26951.12255680438,12.393156816193644,334009.4882189305,167.00474410946524,0.0,RELATIVE_MOMENTUM_2X_monthly_189D,after_tax
2021-04-01,QLD,SELL,26951.12255680438,29.68842901833932,800136.4889922506,400.0682444961253,465559.92778471456,RELATIVE_MOMENTUM_2X_monthly_189D,after_tax
2021-04-01,SSO,BUY,28849.56197091517,25.095007886889295,723979.9851934176,361.9899925967088,0.0,RELATIVE_MOMENTUM_2X_monthly_189D,after_tax
2021-09-01,SSO,SELL,28849.56197091517,32.27002938665525,930976.2125935643,465.4881062967822,206168.74930125324,RELATIVE_MOMENTUM_2X_monthly_189D,after_tax
2021-09-01,QLD,BUY,21762.46114471867,40.812638121887815,888183.4513410474,444.0917256705237,0.0,RELATIVE_MOMENTUM_2X_monthly_189D,after_tax
2021-10-01,QLD,SELL,21762.46114471867,36.096264745921715,785543.5590025997,392.7717795012999,-103476.75584361958,RELATIVE_MOMENTUM_2X_monthly_189D,after_tax
2021-10-01,SSO,BUY,26719.11413577247,29.370674642555876,784758.4080190888,392.3792040095444,0.0,RELATIVE_MOMENTUM_2X_monthly_189D,after_tax
2021-12-01,SSO,SELL,26719.11413577247,33.534209528932,896004.3718564429,448.0021859282215,110405.58244741638,RELATIVE_MOMENTUM_2X_monthly_189D,after_tax
2021-12-01,QLD,BUY,20185.431863010144,44.2746002982415,893701.9275821624,446.8509637910812,0.0,RELATIVE_MOMENTUM_2X_monthly_189D,after_tax
2022-02-01,QLD,SELL,20185.431863010144,36.61481947444583,739085.9436778432,369.54297183892163,-155432.37783994921,RELATIVE_MOMENTUM_2X_monthly_189D,after_tax
2022-02-01,SSO,BUY,23112.273818492955,31.946109365564894,738347.227092458,369.17361354622903,0.0,RELATIVE_MOMENTUM_2X_monthly_189D,after_tax
2022-05-02,SSO,SELL,23112.273818492955,26.382579479570605,609761.4009699891,304.8807004849946,-129259.88043650007,RELATIVE_MOMENTUM_2X_monthly_189D,after_tax
2023-04-03,QLD,BUY,25155.166834643784,24.215778344925518,609151.9442973555,304.57597214867775,0.0,RELATIVE_MOMENTUM_2X_monthly_189D,after_tax
2024-09-03,QLD,SELL,25155.166834643784,47.42392159801931,1192956.6597512425,596.4783298756213,582903.6611518628,RELATIVE_MOMENTUM_2X_monthly_189D,after_tax
2024-09-03,SSO,BUY,26695.549107276354,42.37458925895115,1131212.9284629954,565.6064642314977,0.0,RELATIVE_MOMENTUM_2X_monthly_189D,after_tax
2025-01-02,SSO,SELL,26695.549107276354,46.22921921328594,1234114.3916993183,617.0571958496591,101718.79957624176,RELATIVE_MOMENTUM_2X_monthly_189D,after_tax
2025-01-02,QLD,BUY,22196.3794436243,54.61372878063376,1212227.046846132,606.113523423066,0.0,RELATIVE_MOMENTUM_2X_monthly_189D,after_tax
2025-03-03,QLD,SELL,22196.3794436243,53.17784027962857,1180355.520839084,590.177760419542,-33067.817290890496,RELATIVE_MOMENTUM_2X_monthly_189D,after_tax
2025-03-03,SSO,BUY,25248.087952997234,46.7035665194236,1179175.755201064,589.587877600532,0.0,RELATIVE_MOMENTUM_2X_monthly_189D,after_tax
2025-05-01,SSO,SELL,25248.087952997234,40.148345804981716,1013668.9660515259,506.83448302576295,-166603.2115101643,RELATIVE_MOMENTUM_2X_monthly_189D,after_tax
2025-05-01,QLD,BUY,22184.76922176985,45.64644299625848,1012655.803666667,506.3279018333335,0.0,RELATIVE_MOMENTUM_2X_monthly_189D,after_tax
2026-03-02,QLD,SELL,22184.76922176985,66.00212621228486,1464241.9381656663,732.1209690828332,450347.68562808307,RELATIVE_MOMENTUM_2X_monthly_189D,after_tax
2026-03-02,SSO,BUY,24995.169887378095,56.486069959367704,1411878.9149047201,705.9394574523601,0.0,RELATIVE_MOMENTUM_2X_monthly_189D,after_tax
2026-05-01,SSO,SELL,24995.169887378095,63.30562713355779,1582334.9050302894,791.1674525151448,168958.8832156018,RELATIVE_MOMENTUM_2X_monthly_189D,after_tax
2026-05-01,QLD,BUY,19006.158117761042,81.36555045013495,1546446.517193928,773.223258596964,0.0,RELATIVE_MOMENTUM_2X_monthly_189D,after_tax
2026-08-03,QLD,SELL,19006.158117761042,83.77999877929688,1592335.9039051435,796.1679519525718,44319.99550066586,RELATIVE_MOMENTUM_2X_monthly_189D,after_tax
2026-08-03,SSO,BUY,23454.110305131962,67.44000244140625,1581745.256239111,790.8726281195555,0.0,RELATIVE_MOMENTUM_2X_monthly_189D,after_tax
2006-06-21,SSO,BUY,27674.981572808407,3.6115660899196587,99950.02498750626,49.97501249375313,0.0,RELATIVE_MOMENTUM_2X_monthly_252D,pre_tax
2007-07-02,SSO,SELL,27674.981572808407,5.086722152317653,140774.94183138735,70.38747091569367,40704.55436047165,RELATIVE_MOMENTUM_2X_monthly_252D,pre_tax
2007-07-02,QLD,BUY,102054.16575215184,1.378035244375955,140634.23724185076,70.31711862092538,0.0,RELATIVE_MOMENTUM_2X_monthly_252D,pre_tax
2008-03-03,QLD,SELL,102054.16575215184,1.0403559681792183,106172.66041780234,53.086330208901174,-34584.98027287825,RELATIVE_MOMENTUM_2X_monthly_252D,pre_tax
2008-04-01,QLD,BUY,95929.32484721998,1.105673796684275,106066.54081718485,53.03327040859243,0.0,RELATIVE_MOMENTUM_2X_monthly_252D,pre_tax
2008-07-01,QLD,SELL,95929.32484721998,1.0997216982783382,105495.56003567914,52.747780017839574,-676.7618319321482,RELATIVE_MOMENTUM_2X_monthly_252D,pre_tax
2009-10-01,QLD,BUY,136339.73394822513,0.7729963536314699,105390.11719706276,52.69505859853138,0.0,RELATIVE_MOMENTUM_2X_monthly_252D,pre_tax
2012-11-01,QLD,SELL,136339.73394822513,1.6803473550440442,229098.11132730878,114.5490556636544,123540.75001598382,RELATIVE_MOMENTUM_2X_monthly_252D,pre_tax
2012-11-01,SSO,BUY,66241.71042404237,3.455060659555726,228869.12770779122,114.43456385389561,0.0,RELATIVE_MOMENTUM_2X_monthly_252D,pre_tax
2012-12-03,SSO,SELL,66241.71042404237,3.502366531695442,232002.74959142707,116.00137479571353,2903.1859449862386,RELATIVE_MOMENTUM_2X_monthly_252D,pre_tax
2012-12-03,QLD,BUY,134294.2192001989,1.725843928097357,231770.86278523874,115.88543139261938,0.0,RELATIVE_MOMENTUM_2X_monthly_252D,pre_tax
2013-02-01,QLD,SELL,134294.2192001989,1.790812017572473,240495.7016342281,120.24785081711406,8488.705566779652,RELATIVE_MOMENTUM_2X_monthly_252D,pre_tax
2013-02-01,SSO,BUY,61031.31115977667,3.9365912603675746,240255.32612035086,120.12766306017544,0.0,RELATIVE_MOMENTUM_2X_monthly_252D,pre_tax
2013-11-01,SSO,SELL,61031.31115977667,5.42858180494507,331313.46529390465,165.65673264695232,90772.35477784663,RELATIVE_MOMENTUM_2X_monthly_252D,pre_tax
2013-11-01,QLD,BUY,121947.46006920534,2.714138672627733,330982.3174025564,165.4911587012782,0.0,RELATIVE_MOMENTUM_2X_monthly_252D,pre_tax
2016-03-01,QLD,SELL,121947.46006920534,4.061998270463953,495350.371888584,247.675185944292,163954.88814138196,RELATIVE_MOMENTUM_2X_monthly_252D,pre_tax
2016-04-01,QLD,BUY,110408.58660529845,4.482036083272873,494855.26906810567,247.42763453405283,0.0,RELATIVE_MOMENTUM_2X_monthly_252D,pre_tax
2016-05-02,QLD,SELL,110408.58660529845,4.257564817205552,470071.7138481108,235.03585692405542,-25266.01871145307,RELATIVE_MOMENTUM_2X_monthly_252D,pre_tax
2016-05-02,SSO,BUY,61407.23891813832,7.64733743653064,469601.87705266045,234.80093852633024,0.0,RELATIVE_MOMENTUM_2X_monthly_252D,pre_tax
2016-09-01,SSO,SELL,61407.23891813832,8.451306873678416,518971.4203624751,259.48571018123755,48875.256661107065,RELATIVE_MOMENTUM_2X_monthly_252D,pre_tax
2016-09-01,QLD,BUY,101244.44894102463,5.120801325119029,518452.7082981448,259.2263541490724,0.0,RELATIVE_MOMENTUM_2X_monthly_252D,pre_tax
2016-11-01,QLD,SELL,101244.44894102463,5.18110601949187,524558.22384848,262.27911192424,5584.010084261885,RELATIVE_MOMENTUM_2X_monthly_252D,pre_tax
2016-11-01,SSO,BUY,64289.58813135367,8.151147689762553,524033.92777266947,262.01696388633474,0.0,RELATIVE_MOMENTUM_2X_monthly_252D,pre_tax
2017-02-01,SSO,SELL,64289.58813135367,9.41786549996442,605470.6940691976,302.7353470345988,80872.01398560719,RELATIVE_MOMENTUM_2X_monthly_252D,pre_tax
2017-02-01,QLD,BUY,102082.37791014113,5.925268771576044,604865.5259591835,302.43276297959176,0.0,RELATIVE_MOMENTUM_2X_monthly_252D,pre_tax
2019-01-02,QLD,SELL,102082.37791014113,7.930691094749013,809583.8054227596,404.7919027113798,204011.05479788512,RELATIVE_MOMENTUM_2X_monthly_252D,pre_tax
2019-02-01,QLD,BUY,83712.87327042874,9.661293354419378,808774.6262069448,404.3873131034724,0.0,RELATIVE_MOMENTUM_2X_monthly_252D,pre_tax
2019-09-03,QLD,SELL,83712.87327042874,11.619432848287158,972696.1095029197,486.34805475145987,163030.74792812008,RELATIVE_MOMENTUM_2X_monthly_252D,pre_tax
2019-09-03,SSO,BUY,65775.1719266174,14.773414816498398,971723.8994984191,485.8619497492096,0.0,RELATIVE_MOMENTUM_2X_monthly_252D,pre_tax
2019-11-01,SSO,SELL,65775.1719266174,16.29337512983631,1071699.5504298555,535.8497752149277,98953.93920647225,RELATIVE_MOMENTUM_2X_monthly_252D,pre_tax
2019-11-01,QLD,BUY,81988.41513516782,13.05828859719205,1070628.38646141,535.314193230705,0.0,RELATIVE_MOMENTUM_2X_monthly_252D,pre_tax
2021-09-01,QLD,SELL,81988.41513516782,40.812638121887815,3346163.517098714,1673.0817585493571,2273326.734685524,RELATIVE_MOMENTUM_2X_monthly_252D,pre_tax
2021-09-01,SSO,BUY,103588.96751453285,32.27002938665525,3342819.0258272514,1671.4095129136258,0.0,RELATIVE_MOMENTUM_2X_monthly_252D,pre_tax
2021-12-01,SSO,SELL,103588.96751453285,33.534209528932,3473774.141518075,1736.8870707590374,127546.81910715112,RELATIVE_MOMENTUM_2X_monthly_252D,pre_tax
2021-12-01,QLD,BUY,78381.33105706325,44.2746002982415,3470302.103395618,1735.151051697809,0.0,RELATIVE_MOMENTUM_2X_monthly_252D,pre_tax
2022-01-03,QLD,SELL,78381.33105706325,44.27459529034737,3470301.7108702105,1735.1508554351053,-3470.694432540331,RELATIVE_MOMENTUM_2X_monthly_252D,pre_tax
2022-01-03,SSO,BUY,96769.55130242874,35.82566103472305,3466833.143443054,1733.4165717215271,0.0,RELATIVE_MOMENTUM_2X_monthly_252D,pre_tax
2022-06-01,SSO,SELL,96769.55130242874,26.523741020825792,2566690.517447135,1283.3452587235674,-903159.387826364,RELATIVE_MOMENTUM_2X_monthly_252D,pre_tax
2023-05-01,QLD,BUY,104370.8498401831,24.56744496724792,2564125.1096335948,1282.0625548167975,0.0,RELATIVE_MOMENTUM_2X_monthly_252D,pre_tax
2024-12-02,QLD,SELL,104370.8498401831,54.20014165870111,5656914.846376946,2828.457423188473,3088679.216765346,RELATIVE_MOMENTUM_2X_monthly_252D,pre_tax
2024-12-02,SSO,BUY,116735.20803499426,48.41093662916475,5651260.758574471,2825.6303792872354,0.0,RELATIVE_MOMENTUM_2X_monthly_252D,pre_tax
2025-01-02,SSO,SELL,116735.20803499426,46.22921921328594,5396577.522158287,2698.2887610791436,-260207.15555655025,RELATIVE_MOMENTUM_2X_monthly_252D,pre_tax
2025-01-02,QLD,BUY,98714.80600109026,54.61372878063376,5391183.6415764205,2695.5918207882105,0.0,RELATIVE_MOMENTUM_2X_monthly_252D,pre_tax
2025-02-03,QLD,SELL,98714.80600109026,53.9705676458311,5327694.114926936,2663.847057463468,-68848.96552773658,RELATIVE_MOMENTUM_2X_monthly_252D,pre_tax
2025-02-03,SSO,BUY,114676.4729781667,46.412040282588194,5322369.083327809,2661.184541663905,0.0,RELATIVE_MOMENTUM_2X_monthly_252D,pre_tax
2025-05-01,SSO,SELL,114676.4729781667,40.148345804981716,4604070.6928230785,2302.035346411539,-723261.6103928061,RELATIVE_MOMENTUM_2X_monthly_252D,pre_tax
2025-05-01,QLD,BUY,100762.92085655319,45.64644299625848,4599468.92301516,2299.73446150758,0.0,RELATIVE_MOMENTUM_2X_monthly_252D,pre_tax
2006-06-21,SSO,BUY,27674.981572808407,3.6115660899196587,99950.02498750626,49.97501249375313,0.0,RELATIVE_MOMENTUM_2X_monthly_252D,after_tax
2007-07-02,SSO,SELL,27674.981572808407,5.086722152317653,140774.94183138735,70.38747091569367,40704.55436047165,RELATIVE_MOMENTUM_2X_monthly_252D,after_tax
2007-07-02,QLD,BUY,96056.49787449685,1.378035244375955,132369.23952238067,66.18461976119033,0.0,RELATIVE_MOMENTUM_2X_monthly_252D,after_tax
2008-03-03,QLD,SELL,96056.49787449685,1.0403559681792183,99932.95084612719,49.9664754230636,-32552.439771437726,RELATIVE_MOMENTUM_2X_monthly_252D,after_tax
2008-04-01,QLD,BUY,90291.61054206757,1.105673796684275,99833.06783678575,49.91653391839287,0.0,RELATIVE_MOMENTUM_2X_monthly_252D,after_tax
2008-07-01,QLD,SELL,90291.61054206757,1.0997216982783382,99295.64328560886,49.64782164280443,-636.9889067380864,RELATIVE_MOMENTUM_2X_monthly_252D,after_tax
2009-10-01,QLD,BUY,128327.12185422002,0.7729963536314699,99196.39726533339,49.598198632666694,0.0,RELATIVE_MOMENTUM_2X_monthly_252D,after_tax
2012-11-01,QLD,SELL,128327.12185422002,1.6803473550440442,215634.13978815338,107.8170698940767,116280.32725429324,RELATIVE_MOMENTUM_2X_monthly_252D,after_tax
2012-11-01,SSO,BUY,57465.59978819548,3.455060659555726,198547.13310596807,99.27356655298404,0.0,RELATIVE_MOMENTUM_2X_monthly_252D,after_tax
2012-12-03,SSO,SELL,57465.59978819548,3.502366531695442,201265.59342198056,100.63279671099028,2518.553952748509,RELATIVE_MOMENTUM_2X_monthly_252D,after_tax
2012-12-03,QLD,BUY,116205.78002724262,1.725843928097357,200553.0398698338,100.2765199349169,0.0,RELATIVE_MOMENTUM_2X_monthly_252D,after_tax
2013-02-01,QLD,SELL,116205.78002724262,1.790812017572473,208102.70738416936,104.05135369208469,7345.339640708582,RELATIVE_MOMENTUM_2X_monthly_252D,after_tax
2013-02-01,SSO,BUY,52431.97350361074,3.9365912603675746,206403.24865813827,103.20162432906913,0.0,RELATIVE_MOMENTUM_2X_monthly_252D,after_tax
2013-11-01,SSO,SELL,52431.97350361074,5.42858180494507,284631.25735906325,142.31562867953164,77982.4914479164,RELATIVE_MOMENTUM_2X_monthly_252D,after_tax
2013-11-01,QLD,BUY,98931.03290172509,2.714138672627733,268512.5423215787,134.25627116078937,0.0,RELATIVE_MOMENTUM_2X_monthly_252D,after_tax
2016-03-01,QLD,SELL,98931.03290172509,4.061998270463953,401857.68454201974,200.92884227100987,133009.9571070092,RELATIVE_MOMENTUM_2X_monthly_252D,after_tax
2016-04-01,QLD,BUY,83544.29809960673,4.482036083272873,374448.5586341427,187.22427931707134,0.0,RELATIVE_MOMENTUM_2X_monthly_252D,after_tax
2016-05-02,QLD,SELL,83544.29809960673,4.257564817205552,355695.26426701824,177.84763213350914,-19118.366278575035,RELATIVE_MOMENTUM_2X_monthly_252D,after_tax
2016-05-02,SSO,BUY,46465.8124099609,7.64733743653064,355339.746761504,177.669873380752,0.0,RELATIVE_MOMENTUM_2X_monthly_252D,after_tax
2016-09-01,SSO,SELL,46465.8124099609,8.451306873678416,392696.83981135435,196.3484199056772,36983.07475656393,RELATIVE_MOMENTUM_2X_monthly_252D,after_tax
2016-09-01,QLD,BUY,75901.58506811687,5.120801325119029,388676.9373954475,194.33846869772375,0.0,RELATIVE_MOMENTUM_2X_monthly_252D,after_tax
2016-11-01,QLD,SELL,75901.58506811687,5.18110601949187,393254.15928539453,196.62707964269728,4186.25634160667,RELATIVE_MOMENTUM_2X_monthly_252D,after_tax
2016-11-01,SSO,BUY,48092.7476234983,8.151147689762553,392011.08868561167,196.00554434280585,0.0,RELATIVE_MOMENTUM_2X_monthly_252D,after_tax
2017-02-01,SSO,SELL,48092.7476234983,9.41786549996442,452931.02864184044,226.46551432092022,60497.468897565035,RELATIVE_MOMENTUM_2X_monthly_252D,after_tax
2017-02-01,QLD,BUY,74291.04435398194,5.925268771576044,440194.40511841996,220.09720255921,0.0,RELATIVE_MOMENTUM_2X_monthly_252D,after_tax
2019-01-02,QLD,SELL,74291.04435398194,7.930691094749013,589179.3238777284,294.5896619388642,148470.2318948104,RELATIVE_MOMENTUM_2X_monthly_252D,after_tax
2019-02-01,QLD,BUY,57802.17660594605,9.661293354419378,558443.7847140018,279.2218923570009,0.0,RELATIVE_MOMENTUM_2X_monthly_252D,after_tax
2019-09-03,QLD,SELL,57802.17660594605,11.619432848287158,671628.509557625,335.81425477881254,112569.68869648746,RELATIVE_MOMENTUM_2X_monthly_252D,after_tax
2019-09-03,SSO,BUY,43869.35052171465,14.773414816498398,648100.112987661,324.05005649383054,0.0,RELATIVE_MOMENTUM_2X_monthly_252D,after_tax
2019-11-01,SSO,SELL,43869.35052171465,16.29337512983631,714779.7847525771,357.38989237628857,65998.23181604594,RELATIVE_MOMENTUM_2X_monthly_252D,after_tax
2019-11-01,QLD,BUY,53656.68836240406,13.05828859719205,700664.5218058683,350.33226090293414,0.0,RELATIVE_MOMENTUM_2X_monthly_252D,after_tax
2021-09-01,QLD,SELL,53656.68836240406,40.812638121887815,2189871.004953706,1094.9355024768531,1487761.215384458,RELATIVE_MOMENTUM_2X_monthly_252D,after_tax
2021-09-01,SSO,BUY,58431.75903753611,32.27002938665525,1885594.581255249,942.7972906276245,0.0,RELATIVE_MOMENTUM_2X_monthly_252D,after_tax
2021-12-01,SSO,SELL,58431.75903753611,33.534209528932,1959462.850708802,979.731425354401,71945.74073757115,RELATIVE_MOMENTUM_2X_monthly_252D,after_tax
2021-12-01,QLD,BUY,43882.85565579064,44.2746002982415,1942895.8941055571,971.4479470527785,0.0,RELATIVE_MOMENTUM_2X_monthly_252D,after_tax
2022-01-03,QLD,SELL,43882.85565579064,44.27459529034737,1942895.6743448619,971.4478371724309,-1943.1155449205544,RELATIVE_MOMENTUM_2X_monthly_252D,after_tax
2022-01-03,SSO,BUY,54177.75118654912,35.82566103472305,1940953.749632873,970.4768748164365,0.0,RELATIVE_MOMENTUM_2X_monthly_252D,after_tax
2022-06-01,SSO,SELL,54177.75118654912,26.523741020825792,1436996.6415627662,718.4983207813831,-505646.0832657048,RELATIVE_MOMENTUM_2X_monthly_252D,after_tax
2023-05-01,QLD,BUY,58433.44169384612,24.56744496724792,1435560.3630604546,717.7801815302273,0.0,RELATIVE_MOMENTUM_2X_monthly_252D,after_tax
2024-12-02,QLD,SELL,58433.44169384612,54.20014165870111,3167100.817411911,1583.5504087059555,1729239.1237612204,RELATIVE_MOMENTUM_2X_monthly_252D,after_tax
2024-12-02,SSO,BUY,60231.86798705225,48.41093662916475,2915881.1441774033,1457.9405720887016,0.0,RELATIVE_MOMENTUM_2X_monthly_252D,after_tax
2025-01-02,SSO,SELL,60231.86798705225,46.22921921328594,2784472.2287991378,1392.2361143995688,-134259.09206475364,RELATIVE_MOMENTUM_2X_monthly_252D,after_tax
2025-01-02,QLD,BUY,50933.88073324671,54.61372878063376,2781689.148110683,1390.8445740553416,0.0,RELATIVE_MOMENTUM_2X_monthly_252D,after_tax
2025-02-03,QLD,SELL,50933.88073324671,53.9705676458311,2748930.455578385,1374.4652277891926,-35524.00233414257,RELATIVE_MOMENTUM_2X_monthly_252D,after_tax
2025-02-03,SSO,BUY,59169.62241221262,46.412040282588194,2746182.8989011454,1373.0914494505728,0.0,RELATIVE_MOMENTUM_2X_monthly_252D,after_tax
2025-05-01,SSO,SELL,59169.62241221262,40.148345804981716,2375562.461755709,1187.7812308778543,-373181.30982576543,RELATIVE_MOMENTUM_2X_monthly_252D,after_tax
2025-05-01,QLD,BUY,51990.64660254281,45.64644299625848,2373188.08648159,1186.594043240795,0.0,RELATIVE_MOMENTUM_2X_monthly_252D,after_tax
2006-06-21,SSO,BUY,27674.981572808407,3.6115660899196587,99950.02498750626,49.97501249375313,0.0,RELATIVE_MOMENTUM_2X_bimonthly_126D,pre_tax
2007-03-01,SSO,SELL,27674.981572808407,4.326407863226976,119733.25789125994,59.86662894562997,19673.391262314297,RELATIVE_MOMENTUM_2X_bimonthly_126D,pre_tax
2007-03-01,QLD,BUY,105832.4235221765,1.1302168134231096,119613.58447007928,59.806792235039644,0.0,RELATIVE_MOMENTUM_2X_bimonthly_126D,pre_tax
2008-03-03,QLD,SELL,105832.4235221765,1.0403559681792183,110103.393438167,55.0516967190835,-9625.049520866422,RELATIVE_MOMENTUM_2X_bimonthly_126D,pre_tax
2008-09-02,QLD,BUY,92875.9499711972,1.184303849414458,109993.34506891346,54.996672534456735,0.0,RELATIVE_MOMENTUM_2X_bimonthly_126D,pre_tax
2008-11-03,QLD,SELL,92875.9499711972,0.5303951745115353,49260.95569289776,24.63047784644888,-60812.016526396605,RELATIVE_MOMENTUM_2X_bimonthly_126D,pre_tax
2009-05-01,QLD,BUY,94358.54520016938,0.5215396152089603,49211.71935537363,24.605859677686816,0.0,RELATIVE_MOMENTUM_2X_bimonthly_126D,pre_tax
2010-07-01,QLD,SELL,94358.54520016938,0.7762022502958725,73241.31511901628,36.62065755950814,23968.369246405447,RELATIVE_MOMENTUM_2X_bimonthly_126D,pre_tax
2010-11-01,QLD,BUY,63593.32608979395,1.1505627226187236,73168.11040625363,36.584055203126816,0.0,RELATIVE_MOMENTUM_2X_bimonthly_126D,pre_tax
2011-05-02,QLD,SELL,63593.32608979395,1.4563720188199842,92615.54070087078,46.30777035043539,19364.538469063584,RELATIVE_MOMENTUM_2X_bimonthly_126D,pre_tax
2011-05-02,SSO,BUY,28088.069582230502,3.294030982582414,92522.97144479795,46.26148572239897,0.0,RELATIVE_MOMENTUM_2X_bimonthly_126D,pre_tax
2011-09-01,SSO,SELL,28088.069582230502,2.569805461092331,72180.87460395733,36.09043730197867,-20424.448763864988,RELATIVE_MOMENTUM_2X_bimonthly_126D,pre_tax
2012-03-01,QLD,BUY,43401.983543752394,1.6614155371277806,72108.72980175448,36.05436490087724,0.0,RELATIVE_MOMENTUM_2X_bimonthly_126D,pre_tax
2012-11-01,QLD,SELL,43401.983543752394,1.6803473550440442,72930.40825140946,36.46520412570473,749.158880628398,RELATIVE_MOMENTUM_2X_bimonthly_126D,pre_tax
2012-11-01,SSO,BUY,21087.188176750326,3.455060659555726,72857.51429013869,36.42875714506934,0.0,RELATIVE_MOMENTUM_2X_bimonthly_126D,pre_tax
2013-09-03,SSO,SELL,21087.188176750326,4.752445223792212,100215.70673380469,50.10785336690235,27271.65583315403,RELATIVE_MOMENTUM_2X_bimonthly_126D,pre_tax
2013-09-03,QLD,BUY,43995.727098289615,2.2755741912440164,100115.54110988285,50.05777055494143,0.0,RELATIVE_MOMENTUM_2X_bimonthly_126D,pre_tax
2014-05-01,QLD,SELL,43995.727098289615,3.0221468392757944,132961.54759173637,66.48077379586819,32729.46793750272,RELATIVE_MOMENTUM_2X_bimonthly_126D,pre_tax
2014-05-01,SSO,BUY,21256.207224524678,6.248934774141717,132828.65249169467,66.41432624584733,0.0,RELATIVE_MOMENTUM_2X_bimonthly_126D,pre_tax
2014-07-01,SSO,SELL,21256.207224524678,6.836158951634752,145310.81129573766,72.65540564786883,12343.089072149276,RELATIVE_MOMENTUM_2X_bimonthly_126D,pre_tax
2014-07-01,QLD,BUY,41333.29546774351,3.5120735344421106,145165.57310353802,72.582786551769,0.0,RELATIVE_MOMENTUM_2X_bimonthly_126D,pre_tax
2015-09-01,QLD,SELL,41333.29546774351,4.004880768822511,165534.92013082467,82.76746006541234,20213.99678066949,RELATIVE_MOMENTUM_2X_bimonthly_126D,pre_tax
2015-11-02,QLD,BUY,33229.410648224904,4.976599485541127,165369.4679367909,82.68473396839545,0.0,RELATIVE_MOMENTUM_2X_bimonthly_126D,pre_tax
2016-03-01,QLD,SELL,33229.410648224904,4.061998270463953,134977.808581626,67.48890429081301,-30541.83299342409,RELATIVE_MOMENTUM_2X_bimonthly_126D,pre_tax
2016-07-01,SSO,BUY,17154.813146805725,7.860353655517912,134842.8982282211,67.42144911411056,0.0,RELATIVE_MOMENTUM_2X_bimonthly_126D,pre_tax
2016-09-01,SSO,SELL,17154.813146805725,8.451306873678416,144980.59026426807,72.49029513213404,9997.780291800736,RELATIVE_MOMENTUM_2X_bimonthly_126D,pre_tax
2016-09-01,QLD,BUY,28283.792502866796,5.120801325119029,144835.68212807193,72.41784106403597,0.0,RELATIVE_MOMENTUM_2X_bimonthly_126D,pre_tax
2019-01-02,QLD,SELL,28283.792502866796,7.930691094749013,224310.02132821459,112.1550106641073,79289.7663484145,RELATIVE_MOMENTUM_2X_bimonthly_126D,pre_tax
2019-05-01,QLD,BUY,17999.40878960895,12.449621319518682,224085.82340584756,112.04291170292379,0.0,RELATIVE_MOMENTUM_2X_bimonthly_126D,pre_tax
2019-11-01,QLD,SELL,17999.40878960895,13.05828859719205,235041.47455354893,117.52073727677447,10726.087498721696,RELATIVE_MOMENTUM_2X_bimonthly_126D,pre_tax
2019-11-01,SSO,BUY,14411.167033834852,16.29337512983631,234806.5505410017,117.40327527050084,0.0,RELATIVE_MOMENTUM_2X_bimonthly_126D,pre_tax
2020-01-02,SSO,SELL,14411.167033834852,18.431777674395086,265623.4267962157,132.81171339810786,30566.661266545387,RELATIVE_MOMENTUM_2X_bimonthly_126D,pre_tax
2020-01-02,QLD,BUY,17347.138446089204,15.296928478401773,265357.93611476023,132.67896805738013,0.0,RELATIVE_MOMENTUM_2X_bimonthly_126D,pre_tax
2021-03-01,QLD,SELL,17347.138446089204,29.194566747596696,506442.1912441521,253.22109562207604,240698.3550657124,RELATIVE_MOMENTUM_2X_bimonthly_126D,pre_tax
2021-03-01,SSO,BUY,21585.044465057028,23.439192027910405,505936.00214745634,252.96800107372817,0.0,RELATIVE_MOMENTUM_2X_bimonthly_126D,pre_tax
2021-09-01,SSO,SELL,21585.044465057028,32.27002938665525,696550.0191996506,348.2750095998253,190012.77404152066,RELATIVE_MOMENTUM_2X_bimonthly_126D,pre_tax
2021-09-01,QLD,BUY,17049.95926024747,40.812638121887815,695853.8172814101,347.92690864070505,0.0,RELATIVE_MOMENTUM_2X_bimonthly_126D,pre_tax
2022-03-01,QLD,SELL,17049.95926024747,32.654064465527455,556750.4688187377,278.37523440936883,-139729.65060572245,RELATIVE_MOMENTUM_2X_bimonthly_126D,pre_tax
2023-01-03,SSO,BUY,25347.627986672793,21.942644766542635,556193.9965860354,278.0969982930177,0.0,RELATIVE_MOMENTUM_2X_bimonthly_126D,pre_tax
2023-03-01,SSO,SELL,25347.627986672793,22.90537948080204,580597.0379729385,290.2985189864693,23834.645869623637,RELATIVE_MOMENTUM_2X_bimonthly_126D,pre_tax
2023-05-01,QLD,BUY,23609.15967703019,24.56744496724792,580016.7310884079,290.00836554420397,0.0,RELATIVE_MOMENTUM_2X_bimonthly_126D,pre_tax
2024-09-03,QLD,SELL,23609.15967703019,47.42392159801931,1119638.9375185987,559.8194687592994,538772.3785958873,RELATIVE_MOMENTUM_2X_bimonthly_126D,pre_tax
2024-09-03,SSO,BUY,26396.004720789235,42.37458925895115,1118519.8581207793,559.2599290603896,0.0,RELATIVE_MOMENTUM_2X_bimonthly_126D,pre_tax
2024-11-01,SSO,SELL,26396.004720789235,43.729019523269365,1154271.4057717028,577.1357028858514,34615.152018977096,RELATIVE_MOMENTUM_2X_bimonthly_126D,pre_tax
2024-11-01,QLD,BUY,23412.598508121344,49.25201749020801,1153117.7112132104,576.5588556066052,0.0,RELATIVE_MOMENTUM_2X_bimonthly_126D,pre_tax
2025-01-02,QLD,SELL,23412.598508121344,54.61372878063376,1278649.3049724095,639.3246524862047,124315.71025110618,RELATIVE_MOMENTUM_2X_bimonthly_126D,pre_tax
2025-01-02,SSO,BUY,27631.253921448013,46.22921921328594,1277371.294672587,638.6856473362935,0.0,RELATIVE_MOMENTUM_2X_bimonthly_126D,pre_tax
2025-03-03,SSO,SELL,27631.253921448013,46.7035665194236,1290478.1055354315,645.2390527677157,11822.886162740644,RELATIVE_MOMENTUM_2X_bimonthly_126D,pre_tax
2025-03-03,QLD,BUY,24242.96033023279,53.17784027962857,1289188.2723464908,644.5941361732454,0.0,RELATIVE_MOMENTUM_2X_bimonthly_126D,pre_tax
2025-05-01,QLD,SELL,24242.96033023279,45.64644299625848,1106604.9067745267,553.3024533872633,-183781.2621615245,RELATIVE_MOMENTUM_2X_bimonthly_126D,pre_tax
2025-07-01,QLD,BUY,18949.98299806036,58.337722783542695,1105498.8548936925,552.7494274468463,0.0,RELATIVE_MOMENTUM_2X_bimonthly_126D,pre_tax
2026-03-02,QLD,SELL,18949.98299806036,66.00212621228486,1250739.1695586322,625.3695847793161,144062.19565271353,RELATIVE_MOMENTUM_2X_bimonthly_126D,pre_tax
2026-03-02,SSO,BUY,22120.304286436083,56.486069959367704,1249489.05544613,624.7445277230651,0.0,RELATIVE_MOMENTUM_2X_bimonthly_126D,pre_tax
2026-05-01,SSO,SELL,22120.304286436083,63.30562713355779,1400339.7352379628,700.1698676189815,149525.7653964907,RELATIVE_MOMENTUM_2X_bimonthly_126D,pre_tax
2026-05-01,QLD,BUY,17193.27267600833,81.36555045013495,1398940.0953226825,699.4700476613413,0.0,RELATIVE_MOMENTUM_2X_bimonthly_126D,pre_tax
2006-06-21,SSO,BUY,27674.981572808407,3.6115660899196587,99950.02498750626,49.97501249375313,0.0,RELATIVE_MOMENTUM_2X_bimonthly_126D,after_tax
2007-03-01,SSO,SELL,27674.981572808407,4.326407863226976,119733.25789125994,59.86662894562997,19673.391262314297,RELATIVE_MOMENTUM_2X_bimonthly_126D,after_tax
2007-03-01,QLD,BUY,102298.01130901359,1.1302168134231096,115618.93236119457,57.80946618059729,0.0,RELATIVE_MOMENTUM_2X_bimonthly_126D,after_tax
2008-03-03,QLD,SELL,102298.01130901359,1.0403559681792183,106426.34659819744,53.21317329909872,-9303.60840247682,RELATIVE_MOMENTUM_2X_bimonthly_126D,after_tax
2008-09-02,QLD,BUY,89774.23613943825,1.184303849414458,106319.97343817927,53.15998671908964,0.0,RELATIVE_MOMENTUM_2X_bimonthly_126D,after_tax
2008-11-03,QLD,SELL,89774.23613943825,0.5303951745115353,47615.82164381713,23.807910821908564,-58781.11969190316,RELATIVE_MOMENTUM_2X_bimonthly_126D,after_tax
2009-05-01,QLD,BUY,91207.31816149272,0.5215396152089603,47568.22961818613,23.784114809093065,0.0,RELATIVE_MOMENTUM_2X_bimonthly_126D,after_tax
2010-07-01,QLD,SELL,91207.31816149272,0.7762022502958725,70795.32560040226,35.397662800201125,23167.914204606823,RELATIVE_MOMENTUM_2X_bimonthly_126D,after_tax
2010-11-01,QLD,BUY,61469.543784456124,1.1505627226187236,70724.56565477468,35.36228282738734,0.0,RELATIVE_MOMENTUM_2X_bimonthly_126D,after_tax
2011-05-02,QLD,SELL,61469.543784456124,1.4563720188199842,89522.52357731177,44.76126178865589,18717.834377921055,RELATIVE_MOMENTUM_2X_bimonthly_126D,after_tax
2011-05-02,SSO,BUY,27150.03175911666,3.294030982582414,89433.0457926268,44.7165228963134,0.0,RELATIVE_MOMENTUM_2X_bimonthly_126D,after_tax
2011-09-01,SSO,SELL,27150.03175911666,2.569805461092331,69770.29988340822,34.885149941704114,-19742.347582056595,RELATIVE_MOMENTUM_2X_bimonthly_126D,after_tax
2012-03-01,QLD,BUY,41952.517533173996,1.6614155371277806,69700.5644512409,34.850282225620454,0.0,RELATIVE_MOMENTUM_2X_bimonthly_126D,after_tax
2012-11-01,QLD,SELL,41952.517533173996,1.6803473550440442,70494.80187430781,35.247400937153905,724.1397399041307,RELATIVE_MOMENTUM_2X_bimonthly_126D,after_tax
2012-11-01,SSO,BUY,20382.953945380275,3.455060659555726,70424.34230221956,35.212171151109786,0.0,RELATIVE_MOMENTUM_2X_bimonthly_126D,after_tax
2013-09-03,SSO,SELL,20382.953945380275,4.752445223792212,96868.87212449912,48.43443606224956,26360.88321506619,RELATIVE_MOMENTUM_2X_bimonthly_126D,after_tax
2013-09-03,QLD,BUY,42526.43224508624,2.2755741912440164,96772.05166260558,48.38602583130279,0.0,RELATIVE_MOMENTUM_2X_bimonthly_126D,after_tax
2014-05-01,QLD,SELL,42526.43224508624,3.0221468392757944,128521.1227951636,64.2605613975818,31636.424545329137,RELATIVE_MOMENTUM_2X_bimonthly_126D,after_tax
2014-05-01,SSO,BUY,20131.06016929418,6.248934774141717,125797.68193224163,62.898840966120815,0.0,RELATIVE_MOMENTUM_2X_bimonthly_126D,after_tax
2014-07-01,SSO,SELL,20131.06016929418,6.836158951634752,137619.1271822182,68.8095635911091,11689.73684541932,RELATIVE_MOMENTUM_2X_bimonthly_126D,after_tax
2014-07-01,QLD,BUY,38469.57993809519,3.5120735344421106,135107.99358168928,67.55399679084465,0.0,RELATIVE_MOMENTUM_2X_bimonthly_126D,after_tax
2015-09-01,QLD,SELL,38469.57993809519,4.004880768822511,154066.08087875773,77.03304043937887,18813.500259838213,RELATIVE_MOMENTUM_2X_bimonthly_126D,after_tax
2015-11-02,QLD,BUY,30159.55768130126,4.976599485541127,150092.03924091178,75.0460196204559,0.0,RELATIVE_MOMENTUM_2X_bimonthly_126D,after_tax
2016-03-01,QLD,SELL,30159.55768130126,4.061998270463953,122508.07113940353,61.25403556970177,-27720.26815669841,RELATIVE_MOMENTUM_2X_bimonthly_126D,after_tax
2016-07-01,SSO,BUY,15569.989552031691,7.860353655517912,122385.624291688,61.192812145844,0.0,RELATIVE_MOMENTUM_2X_bimonthly_126D,after_tax
2016-09-01,SSO,SELL,15569.989552031691,8.451306873678416,131586.75972418656,65.79337986209327,9074.149240490617,RELATIVE_MOMENTUM_2X_bimonthly_126D,after_tax
2016-09-01,QLD,BUY,25670.833601791106,5.120801325119029,131455.238724962,65.727619362481,0.0,RELATIVE_MOMENTUM_2X_bimonthly_126D,after_tax
2019-01-02,QLD,SELL,25670.833601791106,7.930691094749013,203587.45144050845,101.79372572025423,71964.69137046373,RELATIVE_MOMENTUM_2X_bimonthly_126D,after_tax
2019-05-01,QLD,BUY,15466.95324486528,12.449621319518682,192557.71086527346,96.27885543263673,0.0,RELATIVE_MOMENTUM_2X_bimonthly_126D,after_tax
2019-11-01,QLD,SELL,15466.95324486528,13.05828859719205,201971.93919072687,100.98596959536344,9216.963500425423,RELATIVE_MOMENTUM_2X_bimonthly_126D,after_tax
2019-11-01,SSO,BUY,12268.702844204987,16.29337512983631,199898.57779712154,99.94928889856078,0.0,RELATIVE_MOMENTUM_2X_bimonthly_126D,after_tax
2020-01-02,SSO,SELL,12268.702844204987,18.431777674395086,226134.00317760496,113.06700158880248,26022.4090899961,RELATIVE_MOMENTUM_2X_bimonthly_126D,after_tax
2020-01-02,QLD,BUY,14422.775918384406,15.296928478401773,220624.1716835417,110.31208584177085,0.0,RELATIVE_MOMENTUM_2X_bimonthly_126D,after_tax
2021-03-01,QLD,SELL,14422.775918384406,29.194566747596696,421066.6942349038,210.5333471174519,200121.67711840288,RELATIVE_MOMENTUM_2X_bimonthly_126D,after_tax
2021-03-01,SSO,BUY,16212.650846089307,23.439192027910405,380011.43646295136,190.0057182314757,0.0,RELATIVE_MOMENTUM_2X_bimonthly_126D,after_tax
2021-09-01,SSO,SELL,16212.650846089307,32.27002938665525,523182.7192388831,261.59135961944156,142719.6856980808,RELATIVE_MOMENTUM_2X_bimonthly_126D,after_tax
2021-09-01,QLD,BUY,12096.272283689217,40.812638121887815,493680.7833380295,246.84039166901476,0.0,RELATIVE_MOMENTUM_2X_bimonthly_126D,after_tax
2022-03-01,QLD,SELL,12096.272283689217,32.654064465527455,394992.4549441607,197.49622747208036,-99132.66501300997,RELATIVE_MOMENTUM_2X_bimonthly_126D,after_tax
2023-01-03,SSO,BUY,17983.140322647603,21.942644766542635,394597.65988674527,197.29882994337265,0.0,RELATIVE_MOMENTUM_2X_bimonthly_126D,after_tax
2023-03-01,SSO,SELL,17983.140322647603,22.90537948080204,411910.6533467562,205.9553266733781,16909.739303394163,RELATIVE_MOMENTUM_2X_bimonthly_126D,after_tax
2023-05-01,QLD,BUY,16749.765760924653,24.56744496724792,411498.9485458099,205.74947427290496,0.0,RELATIVE_MOMENTUM_2X_bimonthly_126D,after_tax
2024-09-03,QLD,SELL,16749.765760924653,47.42392159801931,794339.578231279,397.1697891156395,382237.7104220806,RELATIVE_MOMENTUM_2X_bimonthly_126D,after_tax
2024-09-03,SSO,BUY,17289.326072408494,42.37458925895115,732628.090882385,366.31404544119255,0.0,RELATIVE_MOMENTUM_2X_bimonthly_126D,after_tax
2024-11-01,SSO,SELL,17289.326072408494,43.729019523269365,756045.277364521,378.02263868226055,22672.849798012525,RELATIVE_MOMENTUM_2X_bimonthly_126D,after_tax
2024-11-01,QLD,BUY,15241.729386566862,49.25201749020801,750685.9223282085,375.3429611641042,0.0,RELATIVE_MOMENTUM_2X_bimonthly_126D,after_tax
2025-01-02,QLD,SELL,15241.729386566862,54.61372878063376,832407.674865778,416.203837432889,80930.20573897252,RELATIVE_MOMENTUM_2X_bimonthly_126D,after_tax
2025-01-02,SSO,BUY,17632.634557541318,46.22921921328594,815142.9282683387,407.57146413416933,0.0,RELATIVE_MOMENTUM_2X_bimonthly_126D,after_tax
2025-03-03,SSO,SELL,17632.634557541318,46.7035665194236,823506.9209708183,411.75346048540916,7544.6677778600715,RELATIVE_MOMENTUM_2X_bimonthly_126D,after_tax
2025-03-03,QLD,BUY,15441.617936854722,53.17784027962857,821151.892305108,410.575946152554,0.0,RELATIVE_MOMENTUM_2X_bimonthly_126D,after_tax
2025-05-01,QLD,SELL,15441.617936854722,45.64644299625848,704854.9329246415,352.42746646232075,-117059.96279308142,RELATIVE_MOMENTUM_2X_bimonthly_126D,after_tax
2025-07-01,QLD,BUY,12070.241974575349,58.337722783542695,704150.4302430577,352.07521512152886,0.0,RELATIVE_MOMENTUM_2X_bimonthly_126D,after_tax
2026-03-02,QLD,SELL,12070.241974575349,66.00212621228486,796661.6342187406,398.33081710937034,91760.79794345214,RELATIVE_MOMENTUM_2X_bimonthly_126D,after_tax
2026-03-02,SSO,BUY,14089.586535030061,56.486069959367704,795865.3707162732,397.9326853581366,0.0,RELATIVE_MOMENTUM_2X_bimonthly_126D,after_tax
2026-05-01,SSO,SELL,14089.586535030061,63.30562713355779,891950.1116526095,445.97505582630475,95240.83319515188,RELATIVE_MOMENTUM_2X_bimonthly_126D,after_tax
2026-05-01,QLD,BUY,10776.760598217821,81.36555045013495,876857.0581433186,438.42852907165934,0.0,RELATIVE_MOMENTUM_2X_bimonthly_126D,after_tax
2006-06-21,SSO,BUY,27674.981572808407,3.6115660899196587,99950.02498750626,49.97501249375313,0.0,RELATIVE_MOMENTUM_2X_bimonthly_189D,pre_tax
2007-05-01,SSO,SELL,27674.981572808407,4.953608869576255,137091.03418442313,68.54551709221157,37022.488667330894,RELATIVE_MOMENTUM_2X_bimonthly_189D,pre_tax
2007-05-01,QLD,BUY,105657.43641880478,1.2962079745967154,136954.01166150018,68.47700583075009,0.0,RELATIVE_MOMENTUM_2X_bimonthly_189D,pre_tax
2008-03-03,QLD,SELL,105657.43641880478,1.0403559681792183,109921.34456081984,54.96067228040992,-27156.104778791516,RELATIVE_MOMENTUM_2X_bimonthly_189D,pre_tax
2009-09-01,QLD,BUY,158250.34072180567,0.6939099002794976,109811.47814946469,54.905739074732345,0.0,RELATIVE_MOMENTUM_2X_bimonthly_189D,pre_tax
2011-07-01,QLD,SELL,158250.34072180567,1.3528575096202304,214090.16184545495,107.04508092272748,104116.7328759928,RELATIVE_MOMENTUM_2X_bimonthly_189D,pre_tax
2011-07-01,SSO,BUY,69756.74144210207,3.066028806014561,213876.17867519465,106.93808933759733,0.0,RELATIVE_MOMENTUM_2X_bimonthly_189D,pre_tax
2011-09-01,SSO,SELL,69756.74144210207,2.569805461092331,179261.2551059196,89.63062755295981,-34811.492286165594,RELATIVE_MOMENTUM_2X_bimonthly_189D,pre_tax
2011-09-01,QLD,BUY,145042.45702749773,1.2346873260889206,179082.08343664836,89.54104171832418,0.0,RELATIVE_MOMENTUM_2X_bimonthly_189D,pre_tax
2012-01-03,QLD,SELL,145042.45702749773,1.290871759931478,187231.21176787178,93.61560588393588,7965.971683621145,RELATIVE_MOMENTUM_2X_bimonthly_189D,pre_tax
2012-03-01,QLD,BUY,112581.15140074058,1.6614155371277806,187044.0741249254,93.5220370624627,0.0,RELATIVE_MOMENTUM_2X_bimonthly_189D,pre_tax
2012-11-01,QLD,SELL,112581.15140074058,1.6803473550440442,189175.43998404752,94.58771999202376,1943.2561020676221,RELATIVE_MOMENTUM_2X_bimonthly_189D,pre_tax
2012-11-01,SSO,BUY,54698.42000076905,3.455060659555726,188986.35908451324,94.49317954225663,0.0,RELATIVE_MOMENTUM_2X_bimonthly_189D,pre_tax
2013-11-01,SSO,SELL,54698.42000076905,5.42858180494507,296934.84757541836,148.46742378770918,107705.52788757518,RELATIVE_MOMENTUM_2X_bimonthly_189D,pre_tax
2013-11-01,QLD,BUY,109293.62751899325,2.714138672627733,296638.0611210702,148.31903056053508,0.0,RELATIVE_MOMENTUM_2X_bimonthly_189D,pre_tax
2015-09-01,QLD,SELL,109293.62751899325,4.004880768822511,437707.94700566685,218.85397350283344,140702.7128805333,RELATIVE_MOMENTUM_2X_bimonthly_189D,pre_tax
2015-11-02,QLD,BUY,87865.31025325542,4.976599485541127,437270.4578032624,218.6352289016312,0.0,RELATIVE_MOMENTUM_2X_bimonthly_189D,pre_tax
2016-03-01,QLD,SELL,87865.31025325542,4.061998270463953,356908.7382825021,178.45436914125105,-80758.80911880318,RELATIVE_MOMENTUM_2X_bimonthly_189D,pre_tax
2016-07-01,SSO,BUY,45360.80989932421,7.860353655517912,356552.00790940615,178.27600395470307,0.0,RELATIVE_MOMENTUM_2X_bimonthly_189D,pre_tax
2016-11-01,SSO,SELL,45360.80989932421,8.151147689762553,369742.6608166349,184.87133040831745,12827.505572865717,RELATIVE_MOMENTUM_2X_bimonthly_189D,pre_tax
2016-11-01,QLD,BUY,71292.32668568032,5.18110601949187,369373.1029347592,184.68655146737962,0.0,RELATIVE_MOMENTUM_2X_bimonthly_189D,pre_tax
2017-01-03,QLD,SELL,71292.32668568032,5.3735643682520084,383093.9064079536,191.5469532039768,13344.569968522992,RELATIVE_MOMENTUM_2X_bimonthly_189D,pre_tax
2017-01-03,SSO,BUY,41727.2995785173,9.171717504331541,382711.00395277323,191.35550197638662,0.0,RELATIVE_MOMENTUM_2X_bimonthly_189D,pre_tax
2017-03-01,SSO,SELL,41727.2995785173,10.101612404331487,421513.0070216064,210.75650351080319,38399.891063346004,RELATIVE_MOMENTUM_2X_bimonthly_189D,pre_tax
2017-03-01,QLD,BUY,65405.41596147082,6.438177916547774,421091.7046657627,210.54585233288137,0.0,RELATIVE_MOMENTUM_2X_bimonthly_189D,pre_tax
2019-01-02,QLD,SELL,65405.41596147082,7.930691094749013,518710.14991399157,259.3550749569958,97148.54432093893,RELATIVE_MOMENTUM_2X_bimonthly_189D,pre_tax
2019-03-01,SSO,BUY,37264.742159176276,13.905683199848397,518191.6989895398,259.09584949476994,0.0,RELATIVE_MOMENTUM_2X_bimonthly_189D,pre_tax
2019-05-01,SSO,SELL,37264.742159176276,15.370104534001245,572762.9824191426,286.3814912095713,54025.806088898506,RELATIVE_MOMENTUM_2X_bimonthly_189D,pre_tax
2019-05-01,QLD,BUY,45960.47469958042,12.449621319518682,572190.5056750955,286.0952528375478,0.0,RELATIVE_MOMENTUM_2X_bimonthly_189D,pre_tax
2019-07-01,QLD,SELL,45960.47469958042,12.289499635113815,564831.2370501513,282.4156185250757,-7927.779496306786,RELATIVE_MOMENTUM_2X_bimonthly_189D,pre_tax
2019-07-01,SSO,BUY,36228.89893333103,15.575043810355778,564266.6880875825,282.1333440437912,0.0,RELATIVE_MOMENTUM_2X_bimonthly_189D,pre_tax
2019-09-03,SSO,SELL,36228.89893333103,14.773414816498398,535224.5522870957,267.61227614354783,-29591.881420674035,RELATIVE_MOMENTUM_2X_bimonthly_189D,pre_tax
2019-09-03,QLD,BUY,46016.8411139073,11.619432848287158,534689.5952133455,267.3447976066727,0.0,RELATIVE_MOMENTUM_2X_bimonthly_189D,pre_tax
2021-05-03,QLD,SELL,46016.8411139073,32.614547382065616,1500818.4448825147,750.4092224412574,965111.0956491212,RELATIVE_MOMENTUM_2X_bimonthly_189D,pre_tax
2021-05-03,SSO,BUY,54011.05866811709,27.75947025376287,1499318.3764718375,749.6591882359188,0.0,RELATIVE_MOMENTUM_2X_bimonthly_189D,pre_tax
2021-09-01,SSO,SELL,54011.05866811709,32.27002938665525,1742938.4504244993,871.4692252122497,241998.94553921372,RELATIVE_MOMENTUM_2X_bimonthly_189D,pre_tax
2021-09-01,QLD,BUY,42663.16668399781,40.812638121887815,1741196.3830077832,870.5981915038916,0.0,RELATIVE_MOMENTUM_2X_bimonthly_189D,pre_tax
2021-11-01,QLD,SELL,42663.16668399781,41.84974474569556,1785442.6357683714,892.7213178841857,42482.93325120001,RELATIVE_MOMENTUM_2X_bimonthly_189D,pre_tax
2021-11-01,SSO,BUY,53343.886195140854,33.43697305597241,1783658.0854077833,891.8290427038917,0.0,RELATIVE_MOMENTUM_2X_bimonthly_189D,pre_tax
2022-01-03,SSO,SELL,53343.886195140854,35.82566103472305,1911079.9851019585,955.5399925509793,125574.5306589203,RELATIVE_MOMENTUM_2X_bimonthly_189D,pre_tax
2022-01-03,QLD,BUY,43121.11375969031,44.27459529034737,1909169.8601793179,954.584930089659,0.0,RELATIVE_MOMENTUM_2X_bimonthly_189D,pre_tax
2022-03-01,QLD,SELL,43121.11375969031,32.654064465527455,1408079.6285342705,704.0398142671353,-502748.8563894043,RELATIVE_MOMENTUM_2X_bimonthly_189D,pre_tax
2022-03-01,SSO,BUY,47465.94354864579,29.635400614170223,1406672.2525937066,703.3361262968533,0.0,RELATIVE_MOMENTUM_2X_bimonthly_189D,pre_tax
2022-05-02,SSO,SELL,47465.94354864579,26.382579479570605,1252274.0282449592,626.1370141224796,-155727.69748916663,RELATIVE_MOMENTUM_2X_bimonthly_189D,pre_tax
2023-05-01,QLD,BUY,50921.95715543951,24.56744496724792,1251022.3800408165,625.5111900204082,0.0,RELATIVE_MOMENTUM_2X_bimonthly_189D,pre_tax
2024-09-03,QLD,SELL,50921.95715543951,47.42392159801931,2414918.9037572616,1207.4594518786307,1162063.5530745462,RELATIVE_MOMENTUM_2X_bimonthly_189D,pre_tax
2024-09-03,SSO,BUY,56932.82776068241,42.37458925895115,2412505.1917095287,1206.2525958547644,0.0,RELATIVE_MOMENTUM_2X_bimonthly_189D,pre_tax
2025-01-02,SSO,SELL,56932.82776068241,46.22921921328594,2631960.1749808383,1315.9800874904192,216932.75058796443,RELATIVE_MOMENTUM_2X_bimonthly_189D,pre_tax
2025-01-02,QLD,BUY,48144.1130066302,54.61372878063376,2629329.530128284,1314.6647650641419,0.0,RELATIVE_MOMENTUM_2X_bimonthly_189D,pre_tax
2025-03-03,QLD,SELL,48144.1130066302,53.17784027962857,2560199.951870969,1280.0999759354845,-71724.34299831465,RELATIVE_MOMENTUM_2X_bimonthly_189D,pre_tax
2025-03-03,SSO,BUY,54763.29158535769,46.7035665194236,2557641.031379344,1278.820515689672,0.0,RELATIVE_MOMENTUM_2X_bimonthly_189D,pre_tax
2025-05-01,SSO,SELL,54763.29158535769,40.148345804981716,2198655.567987986,1099.327783993993,-361363.6116910414,RELATIVE_MOMENTUM_2X_bimonthly_189D,pre_tax
2025-05-01,QLD,BUY,48118.93034860199,45.64644299625848,2196458.011198393,1098.2290055991966,0.0,RELATIVE_MOMENTUM_2X_bimonthly_189D,pre_tax
2026-03-02,QLD,SELL,48118.93034860199,66.00212621228486,3175951.7140685734,1587.9758570342867,976807.4980075466,RELATIVE_MOMENTUM_2X_bimonthly_189D,pre_tax
2026-03-02,SSO,BUY,56169.19980127941,56.486069959367704,3172777.349536771,1586.3886747683855,0.0,RELATIVE_MOMENTUM_2X_bimonthly_189D,pre_tax
2026-05-01,SSO,SELL,56169.19980127941,63.30562713355779,3555826.4190101027,1777.9132095050513,379684.7675890587,RELATIVE_MOMENTUM_2X_bimonthly_189D,pre_tax
2026-05-01,QLD,BUY,43658.18641874497,81.36555045013495,3552272.36961579,1776.136184807895,0.0,RELATIVE_MOMENTUM_2X_bimonthly_189D,pre_tax
2006-06-21,SSO,BUY,27674.981572808407,3.6115660899196587,99950.02498750626,49.97501249375313,0.0,RELATIVE_MOMENTUM_2X_bimonthly_189D,after_tax
2007-05-01,SSO,SELL,27674.981572808407,4.953608869576255,137091.03418442313,68.54551709221157,37022.488667330894,RELATIVE_MOMENTUM_2X_bimonthly_189D,after_tax
2007-05-01,QLD,BUY,99857.93507322733,1.2962079745967154,129436.6517686783,64.71832588433915,0.0,RELATIVE_MOMENTUM_2X_bimonthly_189D,after_tax
2008-03-03,QLD,SELL,99857.93507322733,1.0403559681792183,103887.79872348494,51.943899361742474,-25665.515270439442,RELATIVE_MOMENTUM_2X_bimonthly_189D,after_tax
2009-09-01,QLD,BUY,149564.03244988876,0.6939099002794976,103783.96284270186,51.891981421350934,0.0,RELATIVE_MOMENTUM_2X_bimonthly_189D,after_tax
2011-07-01,QLD,SELL,149564.03244988876,1.3528575096202304,202338.82446891585,101.16941223445792,98401.80023255819,RELATIVE_MOMENTUM_2X_bimonthly_189D,after_tax
2011-07-01,SSO,BUY,61110.83972909437,3.066028806014561,187367.5949691424,93.6837974845712,0.0,RELATIVE_MOMENTUM_2X_bimonthly_189D,after_tax
2011-09-01,SSO,SELL,61110.83972909437,2.569805461092331,157042.9696677649,78.52148483388245,-30496.830583695963,RELATIVE_MOMENTUM_2X_bimonthly_189D,after_tax
2011-09-01,QLD,BUY,127065.37263754349,1.2346873260889206,156886.00518034087,78.44300259017044,0.0,RELATIVE_MOMENTUM_2X_bimonthly_189D,after_tax
2012-01-03,QLD,SELL,127065.37263754349,1.290871759931478,164025.10120297485,82.01255060148743,6978.640469442325,RELATIVE_MOMENTUM_2X_bimonthly_189D,after_tax
2012-03-01,QLD,BUY,98627.43811618397,1.6614155371277806,163861.15807333673,81.93057903666836,0.0,RELATIVE_MOMENTUM_2X_bimonthly_189D,after_tax
2012-11-01,QLD,SELL,98627.43811618397,1.6803473550440442,165728.35477329988,82.86417738664994,1702.4019435398222,RELATIVE_MOMENTUM_2X_bimonthly_189D,after_tax
2012-11-01,SSO,BUY,47918.90086890159,3.455060659555726,165562.70924129258,82.7813546206463,0.0,RELATIVE_MOMENTUM_2X_bimonthly_189D,after_tax
2013-11-01,SSO,SELL,47918.90086890159,5.42858180494507,260131.67336988568,130.06583668494284,94356.1169372875,RELATIVE_MOMENTUM_2X_bimonthly_189D,after_tax
2013-11-01,QLD,BUY,90320.53924963166,2.714138672627733,245142.4685100163,122.57123425500815,0.0,RELATIVE_MOMENTUM_2X_bimonthly_189D,after_tax
2015-09-01,QLD,SELL,90320.53924963166,4.004880768822511,361722.99067052867,180.86149533526435,116277.08943092212,RELATIVE_MOMENTUM_2X_bimonthly_189D,after_tax
2015-11-02,QLD,BUY,67867.94148439262,4.976599485541127,337751.5626759636,168.8757813379818,0.0,RELATIVE_MOMENTUM_2X_bimonthly_189D,after_tax
2016-03-01,QLD,SELL,67867.94148439262,4.061998270463953,275679.46092955157,137.83973046477578,-62378.81725821481,RELATIVE_MOMENTUM_2X_bimonthly_189D,after_tax
2016-07-01,SSO,BUY,35037.09009913765,7.860353655517912,275403.91923946707,137.70195961973354,0.0,RELATIVE_MOMENTUM_2X_bimonthly_189D,after_tax
2016-11-01,SSO,SELL,35037.09009913765,8.151147689762553,285592.49601758824,142.79624800879412,9908.078570492682,RELATIVE_MOMENTUM_2X_bimonthly_189D,after_tax
2016-11-01,QLD,BUY,55066.822638467704,5.18110601949187,285307.0462464562,142.6535231232281,0.0,RELATIVE_MOMENTUM_2X_bimonthly_189D,after_tax
2017-01-03,QLD,SELL,55066.822638467704,5.3735643682520084,295905.1160029231,147.95255800146157,10307.46367534221,RELATIVE_MOMENTUM_2X_bimonthly_189D,after_tax
2017-01-03,SSO,BUY,32230.534643694707,9.171717504331541,295609.3587655389,147.80467938276945,0.0,RELATIVE_MOMENTUM_2X_bimonthly_189D,after_tax
2017-03-01,SSO,SELL,32230.534643694707,10.101612404331487,325580.3685549822,162.7901842774911,29660.414925783,RELATIVE_MOMENTUM_2X_bimonthly_189D,after_tax
2017-03-01,QLD,BUY,50519.720814062646,6.438177916547774,325254.95089525706,162.62747544762854,0.0,RELATIVE_MOMENTUM_2X_bimonthly_189D,after_tax
2019-01-02,QLD,SELL,50519.720814062646,7.930691094749013,400656.29996929294,200.32814998464647,75038.39344860363,RELATIVE_MOMENTUM_2X_bimonthly_189D,after_tax
2019-03-01,SSO,BUY,27870.48242055869,13.905683199848397,387558.09916723304,193.7790495836165,0.0,RELATIVE_MOMENTUM_2X_bimonthly_189D,after_tax
2019-05-01,SSO,SELL,27870.48242055869,15.370104534001245,428372.22821703105,214.18611410851554,40406.163886105875,RELATIVE_MOMENTUM_2X_bimonthly_189D,after_tax
2019-05-01,QLD,BUY,33715.054402606365,12.449621319518682,419739.6600794204,209.86983003971022,0.0,RELATIVE_MOMENTUM_2X_bimonthly_189D,after_tax
2019-07-01,QLD,SELL,33715.054402606365,12.289499635113815,414341.1487786734,207.1705743893367,-5815.551705176127,RELATIVE_MOMENTUM_2X_bimonthly_189D,after_tax
2019-07-01,SSO,BUY,26576.298579764978,15.575043810355778,413927.0146969356,206.9635073484678,0.0,RELATIVE_MOMENTUM_2X_bimonthly_189D,after_tax
2019-09-03,SSO,SELL,26576.298579764978,14.773414816498398,392622.6832059853,196.31134160299266,-21707.606339901744,RELATIVE_MOMENTUM_2X_bimonthly_189D,after_tax
2019-09-03,QLD,BUY,33756.40290342,11.619432848287158,392230.25673601433,196.11512836800716,0.0,RELATIVE_MOMENTUM_2X_bimonthly_189D,after_tax
2021-05-03,QLD,SELL,33756.40290342,32.614547382065616,1100949.8019416889,550.4749009708445,707972.9551763355,RELATIVE_MOMENTUM_2X_bimonthly_189D,after_tax
2021-05-03,SSO,BUY,34643.496414310874,27.75947025376287,961685.1081994034,480.8425540997017,0.0,RELATIVE_MOMENTUM_2X_bimonthly_189D,after_tax
2021-09-01,SSO,SELL,34643.496414310874,32.27002938665525,1117946.6473462977,558.9733236731489,155221.72326912137,RELATIVE_MOMENTUM_2X_bimonthly_189D,after_tax
2021-09-01,QLD,BUY,26592.540326274844,40.812638121887815,1085311.7250779637,542.6558625389819,0.0,RELATIVE_MOMENTUM_2X_bimonthly_189D,after_tax
2021-11-01,QLD,SELL,26592.540326274844,41.84974474569556,1112891.024794218,556.4455123971089,26480.19834131794,RELATIVE_MOMENTUM_2X_bimonthly_189D,after_tax
2021-11-01,SSO,BUY,33089.177186394474,33.43697305597241,1106401.926025769,553.2009630128845,0.0,RELATIVE_MOMENTUM_2X_bimonthly_189D,after_tax
2022-01-03,SSO,SELL,33089.177186394474,35.82566103472305,1185441.6457976594,592.7208228988297,77893.79798597866,RELATIVE_MOMENTUM_2X_bimonthly_189D,after_tax
2022-01-03,QLD,BUY,26390.768158615723,44.27459529034737,1168440.579624097,584.2202898120486,0.0,RELATIVE_MOMENTUM_2X_bimonthly_189D,after_tax
2022-03-01,QLD,SELL,26390.768158615723,32.654064465527455,861765.8447462271,430.88292237311356,-307689.83809005504,RELATIVE_MOMENTUM_2X_bimonthly_189D,after_tax
2022-03-01,SSO,BUY,29049.869133789485,29.635400614170223,860904.5095690695,430.4522547845348,0.0,RELATIVE_MOMENTUM_2X_bimonthly_189D,after_tax
2022-05-02,SSO,SELL,29049.869133789485,26.382579479570605,766410.481293326,383.205240646663,-95307.68577117461,RELATIVE_MOMENTUM_2X_bimonthly_189D,after_tax
2023-05-01,QLD,BUY,31165.001278988726,24.56744496724792,765644.4538257666,382.8222269128833,0.0,RELATIVE_MOMENTUM_2X_bimonthly_189D,after_tax
2024-09-03,QLD,SELL,31165.001278988726,47.42392159801931,1477966.5772569329,738.9832886284664,711200.3179156249,RELATIVE_MOMENTUM_2X_bimonthly_189D,after_tax
2024-09-03,SSO,BUY,33366.913201090545,42.37458925895115,1413909.2417352865,706.9546208676433,0.0,RELATIVE_MOMENTUM_2X_bimonthly_189D,after_tax
2025-01-02,SSO,SELL,33366.913201090545,46.22921921328594,1542526.3448438991,771.2631724219495,127138.88531532302,RELATIVE_MOMENTUM_2X_bimonthly_189D,after_tax
2025-01-02,QLD,BUY,27743.376369509177,54.61372878063376,1515169.2325034179,757.584616251709,0.0,RELATIVE_MOMENTUM_2X_bimonthly_189D,after_tax
2025-03-03,QLD,SELL,27743.376369509177,53.17784027962857,1475332.8373953805,737.6664186976902,-41331.646142986836,RELATIVE_MOMENTUM_2X_bimonthly_189D,after_tax
2025-03-03,SSO,BUY,31557.723567916175,46.7035665194236,1473858.241855755,736.9291209278775,0.0,RELATIVE_MOMENTUM_2X_bimonthly_189D,after_tax
2025-05-01,SSO,SELL,31557.723567916175,40.148345804981716,1266990.39862272,633.49519931136,-208238.26755327405,RELATIVE_MOMENTUM_2X_bimonthly_189D,after_tax
2025-05-01,QLD,BUY,27728.864689554357,45.64644299625848,1265724.0414027076,632.8620207013538,0.0,RELATIVE_MOMENTUM_2X_bimonthly_189D,after_tax
2026-03-02,QLD,SELL,27728.864689554357,66.00212621228486,1830164.026963336,915.082013481668,562892.0415264452,RELATIVE_MOMENTUM_2X_bimonthly_189D,after_tax
2026-03-02,SSO,BUY,31241.599890947076,56.486069959367704,1764715.197082611,882.3575985413055,0.0,RELATIVE_MOMENTUM_2X_bimonthly_189D,after_tax
2026-05-01,SSO,SELL,31241.599890947076,63.30562713355779,1977769.0737520955,988.8845368760477,211182.634534067,RELATIVE_MOMENTUM_2X_bimonthly_189D,after_tax
2026-05-01,QLD,BUY,23755.90124230406,81.36555045013495,1932911.9810191144,966.4559905095572,0.0,RELATIVE_MOMENTUM_2X_bimonthly_189D,after_tax
2006-06-21,QLD,BUY,100704.2593271069,0.9925104027909014,99950.02498750626,49.97501249375313,0.0,RELATIVE_MOMENTUM_2X_bimonthly_252D,pre_tax
2006-07-03,QLD,SELL,100704.2593271069,0.9901980630484073,99717.16252642576,49.85858126321288,-332.6960548374627,RELATIVE_MOMENTUM_2X_bimonthly_252D,pre_tax
2006-07-03,SSO,BUY,26473.618402743283,3.7628968462898555,99617.49519756378,49.80874759878189,0.0,RELATIVE_MOMENTUM_2X_bimonthly_252D,pre_tax
2007-07-02,SSO,SELL,26473.618402743283,5.086722152317653,134663.94118123854,67.33197059061926,34929.30526548534,RELATIVE_MOMENTUM_2X_bimonthly_252D,pre_tax
2007-07-02,QLD,BUY,97624.02310639052,1.378035244375955,134529.34453837873,67.26467226918936,0.0,RELATIVE_MOMENTUM_2X_bimonthly_252D,pre_tax
2008-03-03,QLD,SELL,97624.02310639052,1.0403559681792183,101563.73507639929,50.78186753819964,-33083.65600178685,RELATIVE_MOMENTUM_2X_bimonthly_252D,pre_tax
2008-05-01,QLD,BUY,82139.52485857578,1.2352423790191795,101462.22209781219,50.731111048906094,0.0,RELATIVE_MOMENTUM_2X_bimonthly_252D,pre_tax
2008-07-01,QLD,SELL,82139.52485857578,1.0997216982783382,90330.61777324874,45.16530888662437,-11227.50074449899,RELATIVE_MOMENTUM_2X_bimonthly_252D,pre_tax
2009-11-02,QLD,BUY,123626.7998439219,0.7299415046910612,90240.332298213,45.1201661491065,0.0,RELATIVE_MOMENTUM_2X_bimonthly_252D,pre_tax
2012-11-01,QLD,SELL,123626.7998439219,1.6803473550440442,207735.96613029361,103.86798306514682,117346.64568286636,RELATIVE_MOMENTUM_2X_bimonthly_252D,pre_tax
2012-11-01,SSO,BUY,60065.0334188123,3.455060659555726,207528.33398023836,103.76416699011918,0.0,RELATIVE_MOMENTUM_2X_bimonthly_252D,pre_tax
2013-01-02,SSO,SELL,60065.0334188123,3.6580804228085277,219722.72284469724,109.86136142234862,11980.763336046424,RELATIVE_MOMENTUM_2X_bimonthly_252D,pre_tax
2013-01-02,QLD,BUY,124722.95713097295,1.7599254778557578,219503.10992831076,109.75155496415539,0.0,RELATIVE_MOMENTUM_2X_bimonthly_252D,pre_tax
2013-03-01,QLD,SELL,124722.95713097295,1.761760677093267,219732.0014041374,109.8660007020687,9.27392016039812,RELATIVE_MOMENTUM_2X_bimonthly_252D,pre_tax
2013-03-01,SSO,BUY,55539.144043696135,3.9523903904807076,219512.37921382842,109.7561896069142,0.0,RELATIVE_MOMENTUM_2X_bimonthly_252D,pre_tax
2013-11-01,SSO,SELL,55539.144043696135,5.42858180494507,301498.7868178322,150.74939340891612,81725.90202098794,RELATIVE_MOMENTUM_2X_bimonthly_252D,pre_tax
2013-11-01,QLD,BUY,110973.48921139025,2.714138672627733,301197.43870507076,150.59871935253537,0.0,RELATIVE_MOMENTUM_2X_bimonthly_252D,pre_tax
2016-03-01,QLD,SELL,110973.48921139025,4.061998270463953,450774.12124401727,225.38706062200865,149200.69675897202,RELATIVE_MOMENTUM_2X_bimonthly_252D,pre_tax
2016-05-02,SSO,BUY,58886.32169492635,7.64733743653064,450323.5723971967,225.16178619859838,0.0,RELATIVE_MOMENTUM_2X_bimonthly_252D,pre_tax
2016-09-01,SSO,SELL,58886.32169492635,8.451306873678416,497666.3753059695,248.83318765298475,46868.80793492118,RELATIVE_MOMENTUM_2X_bimonthly_252D,pre_tax
2016-09-01,QLD,BUY,97088.11689309982,5.120801325119029,497168.9576394968,248.5844788197484,0.0,RELATIVE_MOMENTUM_2X_bimonthly_252D,pre_tax
2016-11-01,QLD,SELL,97088.11689309982,5.18110601949187,503023.82685596985,251.51191342798492,5354.772824225365,RELATIVE_MOMENTUM_2X_bimonthly_252D,pre_tax
2016-11-01,SSO,BUY,61650.34342911936,8.151147689762553,502521.05441533425,251.26052720766714,0.0,RELATIVE_MOMENTUM_2X_bimonthly_252D,pre_tax
2017-03-01,SSO,SELL,61650.34342911936,10.101612404331487,622767.8739148884,311.3839369574442,119684.17503538897,RELATIVE_MOMENTUM_2X_bimonthly_252D,pre_tax
2017-03-01,QLD,BUY,96633.77205998337,6.438177916547774,622145.4172692962,311.0727086346481,0.0,RELATIVE_MOMENTUM_2X_bimonthly_252D,pre_tax
2019-01-02,QLD,SELL,96633.77205998337,7.930691094749013,766372.5955281161,383.18629776405805,143532.91925242112,RELATIVE_MOMENTUM_2X_bimonthly_252D,pre_tax
2019-03-01,QLD,BUY,73219.38772404572,10.456337176880792,765606.6059273884,382.8033029636942,0.0,RELATIVE_MOMENTUM_2X_bimonthly_252D,pre_tax
2019-09-03,QLD,SELL,73219.38772404572,11.619432848287158,850767.7588522503,425.38387942612513,84352.96574247198,RELATIVE_MOMENTUM_2X_bimonthly_252D,pre_tax
2019-09-03,SSO,BUY,57530.1937176729,14.773414816498398,849917.4162646919,424.9587081323459,0.0,RELATIVE_MOMENTUM_2X_bimonthly_252D,pre_tax
2019-11-01,SSO,SELL,57530.1937176729,16.29337512983631,937361.0275341967,468.6805137670984,86549.97204760544,RELATIVE_MOMENTUM_2X_bimonthly_252D,pre_tax
2019-11-01,QLD,BUY,71711.09199978276,13.05828859719205,936424.1349529532,468.2120674764766,0.0,RELATIVE_MOMENTUM_2X_bimonthly_252D,pre_tax
2021-09-01,QLD,SELL,71711.09199978276,40.812638121887815,2926718.8471125383,1463.3594235562691,1988363.1406685521,RELATIVE_MOMENTUM_2X_bimonthly_252D,pre_tax
2021-09-01,SSO,BUY,90603.99530043882,32.27002938665525,2923793.5908935354,1461.8967954467678,0.0,RELATIVE_MOMENTUM_2X_bimonthly_252D,pre_tax
2022-07-01,SSO,SELL,90603.99530043882,21.777797193569835,1973155.4345801112,986.5777172900556,-953086.6308261612,RELATIVE_MOMENTUM_2X_bimonthly_252D,pre_tax
2023-05-01,QLD,BUY,80235.5828153106,24.56744496724792,1971183.265230206,985.5916326151031,0.0,RELATIVE_MOMENTUM_2X_bimonthly_252D,pre_tax
2025-03-03,QLD,SELL,80235.5828153106,53.17784027962857,4266755.007695498,2133.377503847749,2292452.7733288296,RELATIVE_MOMENTUM_2X_bimonthly_252D,pre_tax
2025-03-03,SSO,BUY,91266.91391387462,46.7035665194236,4262490.384999151,2131.2451924995758,0.0,RELATIVE_MOMENTUM_2X_bimonthly_252D,pre_tax
2025-05-01,SSO,SELL,91266.91391387462,40.148345804981716,3664215.6203677356,1832.1078101838677,-602238.1176340994,RELATIVE_MOMENTUM_2X_bimonthly_252D,pre_tax
2025-05-01,QLD,BUY,80193.61412760307,45.64644299625848,3660553.2359395823,1830.2766179697912,0.0,RELATIVE_MOMENTUM_2X_bimonthly_252D,pre_tax
2006-06-21,QLD,BUY,100704.2593271069,0.9925104027909014,99950.02498750626,49.97501249375313,0.0,RELATIVE_MOMENTUM_2X_bimonthly_252D,after_tax
2006-07-03,QLD,SELL,100704.2593271069,0.9901980630484073,99717.16252642576,49.85858126321288,-332.6960548374627,RELATIVE_MOMENTUM_2X_bimonthly_252D,after_tax
2006-07-03,SSO,BUY,26473.618402743283,3.7628968462898555,99617.49519756378,49.80874759878189,0.0,RELATIVE_MOMENTUM_2X_bimonthly_252D,after_tax
2007-07-02,SSO,SELL,26473.618402743283,5.086722152317653,134663.94118123854,67.33197059061926,34929.30526548534,RELATIVE_MOMENTUM_2X_bimonthly_252D,after_tax
2007-07-02,QLD,BUY,92526.33870722196,1.378035244375955,127504.555771619,63.7522778858095,0.0,RELATIVE_MOMENTUM_2X_bimonthly_252D,after_tax
2008-03-03,QLD,SELL,92526.33870722196,1.0403559681792183,96260.32868783019,48.1301643439151,-31356.109526018554,RELATIVE_MOMENTUM_2X_bimonthly_252D,after_tax
2008-05-01,QLD,BUY,77850.40255954536,1.2352423790191795,96164.11646525364,48.08205823262682,0.0,RELATIVE_MOMENTUM_2X_bimonthly_252D,after_tax
2008-07-01,QLD,SELL,77850.40255954536,1.0997216982783382,85613.77691443551,42.80688845721776,-10641.228497507967,RELATIVE_MOMENTUM_2X_bimonthly_252D,after_tax
2009-11-02,QLD,BUY,117171.31492504397,0.7299415046910612,85528.2059230168,42.7641029615084,0.0,RELATIVE_MOMENTUM_2X_bimonthly_252D,after_tax
2012-11-01,QLD,SELL,117171.31492504397,1.6803473550440442,196888.5091213304,98.4442545606652,111219.09484079144,RELATIVE_MOMENTUM_2X_bimonthly_252D,after_tax
2012-11-01,SSO,BUY,52860.53264819639,3.455060659555726,182636.3467959444,91.3181733979722,0.0,RELATIVE_MOMENTUM_2X_bimonthly_252D,after_tax
2013-01-02,SSO,SELL,52860.53264819639,3.6580804228085277,193368.07961959825,96.68403980979913,10543.730610446073,RELATIVE_MOMENTUM_2X_bimonthly_252D,after_tax
2013-01-02,QLD,BUY,108546.59594970653,1.7599254778557578,191033.91974640315,95.51695987320157,0.0,RELATIVE_MOMENTUM_2X_bimonthly_252D,after_tax
2013-03-01,QLD,SELL,108546.59594970653,1.761760677093267,191233.12437652427,95.61656218826214,8.071108059666585,RELATIVE_MOMENTUM_2X_bimonthly_252D,after_tax
2013-03-01,SSO,BUY,48335.394310960546,3.9523903904807076,191040.34799473634,95.52017399736818,0.0,RELATIVE_MOMENTUM_2X_bimonthly_252D,after_tax
2013-11-01,SSO,SELL,48335.394310960546,5.42858180494507,262392.6420913259,131.19632104566296,71125.57760154651,RELATIVE_MOMENTUM_2X_bimonthly_252D,after_tax
2013-11-01,QLD,BUY,91258.5797322186,2.714138672627733,247688.4404602959,123.84422023014795,0.0,RELATIVE_MOMENTUM_2X_bimonthly_252D,after_tax
2016-03-01,QLD,SELL,91258.5797322186,4.061998270463953,370692.19303726865,185.34609651863434,122694.56226022396,RELATIVE_MOMENTUM_2X_bimonthly_252D,after_tax
2016-05-02,SSO,BUY,45167.189902785765,7.64733743653064,345408.7422464623,172.70437112323117,0.0,RELATIVE_MOMENTUM_2X_bimonthly_252D,after_tax
2016-09-01,SSO,SELL,45167.189902785765,8.451306873678416,381721.78249015164,190.86089124507583,35949.47498132102,RELATIVE_MOMENTUM_2X_bimonthly_252D,after_tax
2016-09-01,QLD,BUY,73043.4050504918,5.120801325119029,374040.7653737643,187.02038268688216,0.0,RELATIVE_MOMENTUM_2X_bimonthly_252D,after_tax
2016-11-01,QLD,SELL,73043.4050504918,5.18110601949187,378445.62559128593,189.22281279564297,4028.6170220390777,RELATIVE_MOMENTUM_2X_bimonthly_252D,after_tax
2016-11-01,SSO,BUY,46281.748154556924,8.151147689762553,377249.364548189,188.62468227409448,0.0,RELATIVE_MOMENTUM_2X_bimonthly_252D,after_tax
2017-03-01,SSO,SELL,46281.748154556924,10.101612404331487,467520.2812522181,233.76014062610906,89848.53188112885,RELATIVE_MOMENTUM_2X_bimonthly_252D,after_tax
2017-03-01,QLD,BUY,69710.62200887644,6.438177916547774,448809.38716635754,224.40469358317878,0.0,RELATIVE_MOMENTUM_2X_bimonthly_252D,after_tax
2019-01-02,QLD,SELL,69710.62200887644,7.930691094749013,552853.4091752109,276.42670458760546,103543.19061068248,RELATIVE_MOMENTUM_2X_bimonthly_252D,after_tax
2019-03-01,QLD,BUY,50809.04871738599,10.456337176880792,531276.5450255504,265.6382725127752,0.0,RELATIVE_MOMENTUM_2X_bimonthly_252D,after_tax
2019-09-03,QLD,SELL,50809.04871738599,11.619432848287158,590372.3296570173,295.18616482850865,58534.96019412554,RELATIVE_MOMENTUM_2X_bimonthly_252D,after_tax
2019-09-03,SSO,BUY,39117.34863590364,14.773414816498398,577896.8179197923,288.94840895989614,0.0,RELATIVE_MOMENTUM_2X_bimonthly_252D,after_tax
2019-11-01,SSO,SELL,39117.34863590364,16.29337512983631,637353.6354093687,318.67681770468437,58849.19226291182,RELATIVE_MOMENTUM_2X_bimonthly_252D,after_tax
2019-11-01,QLD,BUY,47844.50556844387,13.05828859719205,624767.3615027021,312.38368075135105,0.0,RELATIVE_MOMENTUM_2X_bimonthly_252D,after_tax
2021-09-01,QLD,SELL,47844.50556844387,40.812638121887815,1952660.4918855461,976.3302459427731,1326604.41645615,RELATIVE_MOMENTUM_2X_bimonthly_252D,after_tax
2021-09-01,SSO,BUY,52102.33255103763,32.27002938665525,1681343.802535269,840.6719012676344,0.0,RELATIVE_MOMENTUM_2X_bimonthly_252D,after_tax
2022-07-01,SSO,SELL,52102.33255103763,21.777797193569835,1134674.0316084295,567.3370158042147,-548077.7798439115,RELATIVE_MOMENTUM_2X_bimonthly_252D,after_tax
2023-05-01,QLD,BUY,46139.919154860785,24.56744496724792,1133539.9246303104,566.7699623151552,0.0,RELATIVE_MOMENTUM_2X_bimonthly_252D,after_tax
2025-03-03,QLD,SELL,46139.919154860785,53.17784027962857,2453621.2513321615,1226.8106256660808,1318287.7461138696,RELATIVE_MOMENTUM_2X_bimonthly_252D,after_tax
2025-03-03,SSO,BUY,49134.98192169263,46.7035665194236,2294778.896610448,1147.389448305224,0.0,RELATIVE_MOMENTUM_2X_bimonthly_252D,after_tax
2025-05-01,SSO,SELL,49134.98192169263,40.148345804981716,1972688.245313641,986.3441226568204,-324224.3848677692,RELATIVE_MOMENTUM_2X_bimonthly_252D,after_tax
2025-05-01,QLD,BUY,43173.49641199992,45.64644299625848,1970716.5429195245,985.3582714597622,0.0,RELATIVE_MOMENTUM_2X_bimonthly_252D,after_tax
2006-06-21,QLD,BUY,100704.2593271069,0.9925104027909014,99950.02498750626,49.97501249375313,0.0,RELATIVE_MOMENTUM_2X_quarterly_126D,pre_tax
2006-07-03,QLD,SELL,100704.2593271069,0.9901980630484073,99717.16252642576,49.85858126321288,-332.6960548374627,RELATIVE_MOMENTUM_2X_quarterly_126D,pre_tax
2006-07-03,SSO,BUY,26473.618402743283,3.7628968462898555,99617.49519756378,49.80874759878189,0.0,RELATIVE_MOMENTUM_2X_quarterly_126D,pre_tax
2007-07-02,SSO,SELL,26473.618402743283,5.086722152317653,134663.94118123854,67.33197059061926,34929.30526548534,RELATIVE_MOMENTUM_2X_quarterly_126D,pre_tax
2007-07-02,QLD,BUY,97624.02310639052,1.378035244375955,134529.34453837873,67.26467226918936,0.0,RELATIVE_MOMENTUM_2X_quarterly_126D,pre_tax
2008-04-01,QLD,SELL,97624.02310639052,1.105673796684275,107940.32427563619,53.97016213781809,-26710.255097149566,RELATIVE_MOMENTUM_2X_quarterly_126D,pre_tax
2009-07-01,QLD,BUY,183641.30308361616,0.5871905507305863,107832.4378945511,53.91621894727555,0.0,RELATIVE_MOMENTUM_2X_quarterly_126D,pre_tax
2010-07-01,QLD,SELL,183641.30308361616,0.7762022502958725,142542.79270076923,71.27139635038462,34585.1671909205,RELATIVE_MOMENTUM_2X_quarterly_126D,pre_tax
2010-10-01,QLD,BUY,138423.671786968,1.0287281019607608,142400.32114384693,71.20016057192346,0.0,RELATIVE_MOMENTUM_2X_quarterly_126D,pre_tax
2011-07-01,QLD,SELL,138423.671786968,1.3528575096202304,187267.5038862057,93.63375194310285,44702.348829843744,RELATIVE_MOMENTUM_2X_quarterly_126D,pre_tax
2011-07-01,SSO,BUY,61017.14687164277,3.066028806014561,187080.32996927798,93.54016498463899,0.0,RELATIVE_MOMENTUM_2X_quarterly_126D,pre_tax
2011-10-03,SSO,SELL,61017.14687164277,2.1786472784216535,132934.84096895883,66.46742048447942,-54305.49658578829,RELATIVE_MOMENTUM_2X_quarterly_126D,pre_tax
2012-04-02,QLD,BUY,73292.16057357853,1.8119533047313074,132801.97256219326,66.40098628109664,0.0,RELATIVE_MOMENTUM_2X_quarterly_126D,pre_tax
2012-10-01,QLD,SELL,73292.16057357853,1.8748555972564214,137412.21748639012,68.70610874319506,4475.137829172541,RELATIVE_MOMENTUM_2X_quarterly_126D,pre_tax
2012-10-01,SSO,BUY,38089.751057184236,3.6039845399510613,137274.87394067657,68.63743697033829,0.0,RELATIVE_MOMENTUM_2X_quarterly_126D,pre_tax
2013-10-01,SSO,SELL,38089.751057184236,4.964766729147741,189106.7287702283,94.55336438511415,51668.664028196275,RELATIVE_MOMENTUM_2X_quarterly_126D,pre_tax
2013-10-01,QLD,BUY,76898.9804398038,2.456699886878909,188917.7165475694,94.4588582737847,0.0,RELATIVE_MOMENTUM_2X_quarterly_126D,pre_tax
2015-10-01,QLD,SELL,76898.9804398038,4.0128714863326636,308585.7259349419,154.29286296747097,119419.25766613125,RELATIVE_MOMENTUM_2X_quarterly_126D,pre_tax
2016-01-04,QLD,BUY,66961.44191558607,4.603803108263218,308277.2944247621,154.13864721238104,0.0,RELATIVE_MOMENTUM_2X_quarterly_126D,pre_tax
2016-04-01,QLD,SELL,66961.44191558607,4.482036083272873,300123.59885363735,150.06179942681868,-8457.89601776388,RELATIVE_MOMENTUM_2X_quarterly_126D,pre_tax
2016-04-01,SSO,BUY,40126.5806371828,7.4719455403524195,299823.6252415898,149.9118126207949,0.0,RELATIVE_MOMENTUM_2X_quarterly_126D,pre_tax
2016-10-03,SSO,SELL,40126.5806371828,8.386309927991064,336513.9415739401,168.25697078697004,36372.147548942536,RELATIVE_MOMENTUM_2X_quarterly_126D,pre_tax
2016-10-03,QLD,BUY,63306.4006347718,5.310325534770665,336177.5958052505,168.08879790262526,0.0,RELATIVE_MOMENTUM_2X_quarterly_126D,pre_tax
2019-01-02,QLD,SELL,63306.4006347718,7.930691094749013,502063.507754798,251.031753877399,165466.79139776743,RELATIVE_MOMENTUM_2X_quarterly_126D,pre_tax
2019-07-01,QLD,BUY,40812.21449572051,12.289499635113815,501561.69515334396,250.780847576672,0.0,RELATIVE_MOMENTUM_2X_quarterly_126D,pre_tax
2019-10-01,QLD,SELL,40812.21449572051,12.024189512502812,490733.8015214578,245.3669007607289,-11324.041380223527,RELATIVE_MOMENTUM_2X_quarterly_126D,pre_tax
2019-10-01,SSO,BUY,31412.898056636932,15.606433767438917,490243.31296421494,245.12165648210748,0.0,RELATIVE_MOMENTUM_2X_quarterly_126D,pre_tax
2020-01-02,SSO,SELL,31412.898056636932,18.431777674395086,578995.5530883694,289.4977765441847,88217.62069112819,RELATIVE_MOMENTUM_2X_quarterly_126D,pre_tax
2020-01-02,QLD,BUY,37812.61366980087,15.296928478401773,578416.846888381,289.20842344419054,0.0,RELATIVE_MOMENTUM_2X_quarterly_126D,pre_tax
2021-04-01,QLD,SELL,37812.61366980087,29.68842901833932,1122597.0969337702,561.2985484668851,543329.743073478,RELATIVE_MOMENTUM_2X_quarterly_126D,pre_tax
2021-04-01,SSO,BUY,44689.16949178495,25.095007886889295,1121475.060854876,560.737530427438,0.0,RELATIVE_MOMENTUM_2X_quarterly_126D,pre_tax
2021-10-01,SSO,SELL,44689.16949178495,29.370674642555876,1312551.05718925,656.2755285946249,189858.9832753518,RELATIVE_MOMENTUM_2X_quarterly_126D,pre_tax
2021-10-01,QLD,BUY,36326.17311816908,36.096264745921715,1311239.1620796155,655.6195810398078,0.0,RELATIVE_MOMENTUM_2X_quarterly_126D,pre_tax
2022-04-01,QLD,SELL,36326.17311816908,35.6666172610934,1295631.7131659563,647.8158565829782,-16910.884351281915,RELATIVE_MOMENTUM_2X_quarterly_126D,pre_tax
2022-04-01,SSO,BUY,40252.307396291115,32.15559088829184,1294336.728944901,647.1683644724504,0.0,RELATIVE_MOMENTUM_2X_quarterly_126D,pre_tax
2022-07-01,SSO,SELL,40252.307396291115,21.777797193569835,876606.587049659,438.3032935248295,-418815.61355323915,RELATIVE_MOMENTUM_2X_quarterly_126D,pre_tax
2023-01-03,SSO,BUY,39909.97565991423,21.942644766542635,875730.4185468608,437.8652092734304,0.0,RELATIVE_MOMENTUM_2X_quarterly_126D,pre_tax
2023-04-03,SSO,SELL,39909.97565991423,24.46433524067336,976371.0239912557,488.18551199562785,99714.55472312588,RELATIVE_MOMENTUM_2X_quarterly_126D,pre_tax
2023-04-03,QLD,BUY,40279.3223085973,24.215778344925518,975395.1409088058,487.6975704544029,0.0,RELATIVE_MOMENTUM_2X_quarterly_126D,pre_tax
2024-10-01,QLD,SELL,40279.3223085973,50.10411098476725,2018159.6353411707,1009.0798176705854,1041267.7170442399,RELATIVE_MOMENTUM_2X_quarterly_126D,pre_tax
2024-10-01,SSO,BUY,45464.868387815935,44.34506368925644,2016142.4842813595,1008.0712421406797,0.0,RELATIVE_MOMENTUM_2X_quarterly_126D,pre_tax
2025-04-01,SSO,SELL,45464.868387815935,40.71270051197146,1850997.570489349,925.4987852446745,-167078.48381939577,RELATIVE_MOMENTUM_2X_quarterly_126D,pre_tax
2025-07-01,QLD,BUY,31697.286245063697,58.337722783542695,1849147.497955127,924.5737489775635,0.0,RELATIVE_MOMENTUM_2X_quarterly_126D,pre_tax
2026-04-01,QLD,SELL,31697.286245063697,61.85860985691658,1960750.0633564035,980.3750316782018,109697.61662062071,RELATIVE_MOMENTUM_2X_quarterly_126D,pre_tax
2026-07-01,QLD,BUY,20634.04916128857,94.93000030517578,1958790.2931781362,979.3951465890682,0.0,RELATIVE_MOMENTUM_2X_quarterly_126D,pre_tax
2006-06-21,QLD,BUY,100704.2593271069,0.9925104027909014,99950.02498750626,49.97501249375313,0.0,RELATIVE_MOMENTUM_2X_quarterly_126D,after_tax
2006-07-03,QLD,SELL,100704.2593271069,0.9901980630484073,99717.16252642576,49.85858126321288,-332.6960548374627,RELATIVE_MOMENTUM_2X_quarterly_126D,after_tax
2006-07-03,SSO,BUY,26473.618402743283,3.7628968462898555,99617.49519756378,49.80874759878189,0.0,RELATIVE_MOMENTUM_2X_quarterly_126D,after_tax
2007-07-02,SSO,SELL,26473.618402743283,5.086722152317653,134663.94118123854,67.33197059061926,34929.30526548534,RELATIVE_MOMENTUM_2X_quarterly_126D,after_tax
2007-07-02,QLD,BUY,92526.33870722196,1.378035244375955,127504.555771619,63.7522778858095,0.0,RELATIVE_MOMENTUM_2X_quarterly_126D,after_tax
2008-04-01,QLD,SELL,92526.33870722196,1.105673796684275,102303.94821170928,51.15197410585464,-25315.511811901393,RELATIVE_MOMENTUM_2X_quarterly_126D,after_tax
2009-07-01,QLD,BUY,174052.00962915437,0.5871905507305863,102201.69538990848,51.10084769495424,0.0,RELATIVE_MOMENTUM_2X_quarterly_126D,after_tax
2010-07-01,QLD,SELL,174052.00962915437,0.7762022502958725,135099.5615426685,67.54978077133426,32779.215524293715,RELATIVE_MOMENTUM_2X_quarterly_126D,after_tax
2010-10-01,QLD,BUY,129722.35868783282,1.0287281019607608,133449.03583480726,66.72451791740363,0.0,RELATIVE_MOMENTUM_2X_quarterly_126D,after_tax
2011-07-01,QLD,SELL,129722.35868783282,1.3528575096202304,175495.86711648377,87.74793355824188,41892.35883020086,RELATIVE_MOMENTUM_2X_quarterly_126D,after_tax
2011-07-01,SSO,BUY,54407.27726356024,3.066028806014561,166814.27934689677,83.40713967344838,0.0,RELATIVE_MOMENTUM_2X_quarterly_126D,after_tax
2011-10-03,SSO,SELL,54407.27726356024,2.1786472784216535,118534.26653658782,59.26713326829391,-48422.6870832507,RELATIVE_MOMENTUM_2X_quarterly_126D,after_tax
2012-04-02,QLD,BUY,65352.562452002865,1.8119533047313074,118415.79150756575,59.20789575378288,0.0,RELATIVE_MOMENTUM_2X_quarterly_126D,after_tax
2012-10-01,QLD,SELL,65352.562452002865,1.8748555972564214,122526.61750818741,61.26330875409371,3990.354796113781,RELATIVE_MOMENTUM_2X_quarterly_126D,after_tax
2012-10-01,SSO,BUY,33963.56193165961,3.6039845399510613,122404.15212337165,61.20207606168582,0.0,RELATIVE_MOMENTUM_2X_quarterly_126D,after_tax
2013-10-01,SSO,SELL,33963.56193165961,4.964766729147741,168621.16228165245,84.31058114082623,46071.49750107828,RELATIVE_MOMENTUM_2X_quarterly_126D,after_tax
2013-10-01,QLD,BUY,68433.18399920262,2.456699886878909,168119.79538960464,84.05989769480232,0.0,RELATIVE_MOMENTUM_2X_quarterly_126D,after_tax
2015-10-01,QLD,SELL,68433.18399920262,4.0128714863326636,274613.57278935687,137.30678639467843,106272.41071566276,RELATIVE_MOMENTUM_2X_quarterly_126D,after_tax
2016-01-04,QLD,BUY,54902.57500145514,4.603803108263218,252760.64544335363,126.38032272167682,0.0,RELATIVE_MOMENTUM_2X_quarterly_126D,after_tax
2016-04-01,QLD,SELL,54902.57500145514,4.482036083272873,246075.32222111712,123.03766111055856,-6934.74120606872,RELATIVE_MOMENTUM_2X_quarterly_126D,after_tax
2016-04-01,SSO,BUY,32900.31606192279,7.4719455403524195,245829.36987506907,122.91468493753453,0.0,RELATIVE_MOMENTUM_2X_quarterly_126D,after_tax
2016-10-03,SSO,SELL,32900.31606192279,8.386309927991064,275912.24722414697,137.9561236120735,29822.006540528295,RELATIVE_MOMENTUM_2X_quarterly_126D,after_tax
2016-10-03,QLD,BUY,51030.62830126115,5.310325534770665,270989.24852357764,135.49462426178883,0.0,RELATIVE_MOMENTUM_2X_quarterly_126D,after_tax
2019-01-02,QLD,SELL,51030.62830126115,7.930691094749013,404708.14942825877,202.35407471412938,133381.0522057052,RELATIVE_MOMENTUM_2X_quarterly_126D,after_tax
2019-07-01,QLD,BUY,30694.563276446133,12.289499635113815,377220.8241858627,188.61041209293134,0.0,RELATIVE_MOMENTUM_2X_quarterly_126D,after_tax
2019-10-01,QLD,SELL,30694.563276446133,12.024189512502812,369077.24583949754,184.53862291974878,-8516.72738137783,RELATIVE_MOMENTUM_2X_quarterly_126D,after_tax
2019-10-01,SSO,BUY,23625.407222073158,15.606433767438917,368708.35304005776,184.3541765200289,0.0,RELATIVE_MOMENTUM_2X_quarterly_126D,after_tax
2020-01-02,SSO,SELL,23625.407222073158,18.431777674395086,435458.25338430045,217.72912669215023,66347.8170410305,RELATIVE_MOMENTUM_2X_quarterly_126D,after_tax
2020-01-02,QLD,BUY,27670.94706246559,15.296928478401773,423280.4981441778,211.6402490720889,0.0,RELATIVE_MOMENTUM_2X_quarterly_126D,after_tax
2021-04-01,QLD,SELL,27670.94706246559,29.68842901833932,821506.9477342346,410.7534738671173,397604.05586711765,RELATIVE_MOMENTUM_2X_quarterly_126D,after_tax
2021-04-01,SSO,BUY,29486.061816327572,25.095007886889295,739952.9538340457,369.97647691702286,0.0,RELATIVE_MOMENTUM_2X_quarterly_126D,after_tax
2021-10-01,SSO,SELL,29486.061816327572,29.370674642555876,866025.5280976472,433.0127640488236,125269.58502263564,RELATIVE_MOMENTUM_2X_quarterly_126D,after_tax
2021-10-01,QLD,BUY,23263.463490708997,36.096264745921715,839724.1370677161,419.86206853385806,0.0,RELATIVE_MOMENTUM_2X_quarterly_126D,after_tax
2022-04-01,QLD,SELL,23263.463490708997,35.6666172610934,829729.0484905376,414.8645242452688,-10829.815169957583,RELATIVE_MOMENTUM_2X_quarterly_126D,after_tax
2022-04-01,SSO,BUY,25777.7795773939,32.15559088829184,828899.7340992427,414.4498670496214,0.0,RELATIVE_MOMENTUM_2X_quarterly_126D,after_tax
2022-07-01,SSO,SELL,25777.7795773939,21.777797193569835,561383.2557370306,280.69162786851535,-268211.6198571301,RELATIVE_MOMENTUM_2X_quarterly_126D,after_tax
2023-01-03,SSO,BUY,25558.548616152577,21.942644766542635,560822.1530326458,280.4110765163229,0.0,RELATIVE_MOMENTUM_2X_quarterly_126D,after_tax
2023-04-03,SSO,SELL,25558.548616152577,24.46433524067336,625272.9016106048,312.63645080530245,63857.70105063729,RELATIVE_MOMENTUM_2X_quarterly_126D,after_tax
2023-04-03,QLD,BUY,25795.080062751797,24.215778344925518,624647.9411892049,312.3239705946025,0.0,RELATIVE_MOMENTUM_2X_quarterly_126D,after_tax
2024-10-01,QLD,SELL,25795.080062751797,50.10411098476725,1292439.554325073,646.2197771625365,666833.0693881109,RELATIVE_MOMENTUM_2X_quarterly_126D,after_tax
2024-10-01,SSO,BUY,27047.904586138993,44.34506368925644,1199441.051533265,599.7205257666325,0.0,RELATIVE_MOMENTUM_2X_quarterly_126D,after_tax
2025-04-01,SSO,SELL,27047.904586138993,40.71270051197146,1101193.2388918563,550.5966194459281,-99398.12978662131,RELATIVE_MOMENTUM_2X_quarterly_126D,after_tax
2025-07-01,QLD,BUY,18857.311247067802,58.337722783542695,1100092.5959744232,550.0462979872116,0.0,RELATIVE_MOMENTUM_2X_quarterly_126D,after_tax
2026-04-01,QLD,SELL,18857.311247067802,61.85860985691658,1166487.0593828124,583.2435296914061,65261.17358071054,RELATIVE_MOMENTUM_2X_quarterly_126D,after_tax
2026-07-01,QLD,BUY,12275.583604016354,94.93000030517578,1165321.1552754834,582.6605776377417,0.0,RELATIVE_MOMENTUM_2X_quarterly_126D,after_tax
2006-06-21,QLD,BUY,100704.2593271069,0.9925104027909014,99950.02498750626,49.97501249375313,0.0,RELATIVE_MOMENTUM_2X_quarterly_189D,pre_tax
2006-07-03,QLD,SELL,100704.2593271069,0.9901980630484073,99717.16252642576,49.85858126321288,-332.6960548374627,RELATIVE_MOMENTUM_2X_quarterly_189D,pre_tax
2006-07-03,SSO,BUY,26473.618402743283,3.7628968462898555,99617.49519756378,49.80874759878189,0.0,RELATIVE_MOMENTUM_2X_quarterly_189D,pre_tax
2007-07-02,SSO,SELL,26473.618402743283,5.086722152317653,134663.94118123854,67.33197059061926,34929.30526548534,RELATIVE_MOMENTUM_2X_quarterly_189D,pre_tax
2007-07-02,QLD,BUY,97624.02310639052,1.378035244375955,134529.34453837873,67.26467226918936,0.0,RELATIVE_MOMENTUM_2X_quarterly_189D,pre_tax
2008-04-01,QLD,SELL,97624.02310639052,1.105673796684275,107940.32427563619,53.97016213781809,-26710.255097149566,RELATIVE_MOMENTUM_2X_quarterly_189D,pre_tax
2009-10-01,QLD,BUY,139499.2840366758,0.7729963536314699,107832.4378945511,53.91621894727555,0.0,RELATIVE_MOMENTUM_2X_quarterly_189D,pre_tax
2011-07-01,QLD,SELL,139499.2840366758,1.3528575096202304,188722.65399566237,94.36132699783118,80741.93855516617,RELATIVE_MOMENTUM_2X_quarterly_189D,pre_tax
2011-07-01,SSO,BUY,61491.27669185416,3.066028806014561,188534.02565583662,94.26701282791831,0.0,RELATIVE_MOMENTUM_2X_quarterly_189D,pre_tax
2011-10-03,SSO,SELL,61491.27669185416,2.1786472784216535,133967.80261138093,66.98390130569047,-54727.47395858928,RELATIVE_MOMENTUM_2X_quarterly_189D,pre_tax
2012-04-02,QLD,BUY,73861.67259925153,1.8119533047313074,133833.90175919567,66.91695087959783,0.0,RELATIVE_MOMENTUM_2X_quarterly_189D,pre_tax
2013-01-02,QLD,SELL,73861.67259925153,1.7599254778557578,129991.03944446328,64.99551972223165,-3974.7747853342007,RELATIVE_MOMENTUM_2X_quarterly_189D,pre_tax
2013-01-02,SSO,BUY,35499.79725933824,3.6580804228085277,129861.11336805703,64.93055668402852,0.0,RELATIVE_MOMENTUM_2X_quarterly_189D,pre_tax
2013-10-01,SSO,SELL,35499.79725933824,4.964766729147741,176248.21232465265,88.12410616232633,46234.04429374926,RELATIVE_MOMENTUM_2X_quarterly_189D,pre_tax
2013-10-01,QLD,BUY,71670.15113762359,2.456699886878909,176072.05219239416,88.03602609619708,0.0,RELATIVE_MOMENTUM_2X_quarterly_189D,pre_tax
2015-10-01,QLD,SELL,71670.15113762359,4.0128714863326636,287603.1059213222,143.8015529606611,111299.21614987118,RELATIVE_MOMENTUM_2X_quarterly_189D,pre_tax
2016-01-04,QLD,BUY,62408.32628775879,4.603803108263218,287315.646545089,143.6578232725445,0.0,RELATIVE_MOMENTUM_2X_quarterly_189D,pre_tax
2016-07-01,QLD,SELL,62408.32628775879,4.377479994332151,273191.1998044174,136.5955999022087,-14404.700163846428,RELATIVE_MOMENTUM_2X_quarterly_189D,pre_tax
2016-07-01,SSO,BUY,34720.84808046297,7.860353655517912,272918.1451319492,136.45907256597462,0.0,RELATIVE_MOMENTUM_2X_quarterly_189D,pre_tax
2017-04-03,SSO,SELL,34720.84808046297,10.1040529367474,350821.2870137622,175.41064350688112,77591.2721657402,RELATIVE_MOMENTUM_2X_quarterly_189D,pre_tax
2017-04-03,QLD,BUY,52972.28235579462,6.616113662910593,350470.64104973053,175.23532052486527,0.0,RELATIVE_MOMENTUM_2X_quarterly_189D,pre_tax
2019-01-02,QLD,SELL,52972.28235579462,7.930691094749013,420106.80794763064,210.05340397381534,69250.87817340146,RELATIVE_MOMENTUM_2X_quarterly_189D,pre_tax
2019-04-01,QLD,BUY,37140.39734182678,11.300011338744342,419686.9110881128,209.8434555440564,0.0,RELATIVE_MOMENTUM_2X_quarterly_189D,pre_tax
2019-07-01,QLD,SELL,37140.39734182678,12.289499635113815,456436.8995803623,228.21844979018115,36311.926586915215,RELATIVE_MOMENTUM_2X_quarterly_189D,pre_tax
2019-07-01,SSO,BUY,29276.36649612504,15.575043810355778,455980.69078517955,227.99034539258977,0.0,RELATIVE_MOMENTUM_2X_quarterly_189D,pre_tax
2019-10-01,SSO,SELL,29276.36649612504,15.606433767438917,456899.6746730432,228.4498373365216,462.54370513447793,RELATIVE_MOMENTUM_2X_quarterly_189D,pre_tax
2019-10-01,QLD,BUY,37960.39665371441,12.024189512502812,456443.00333403965,228.22150166701982,0.0,RELATIVE_MOMENTUM_2X_quarterly_189D,pre_tax
2021-04-01,QLD,SELL,37960.39665371441,29.68842901833932,1126984.5415618056,563.4922707809028,669749.824455318,RELATIVE_MOMENTUM_2X_quarterly_189D,pre_tax
2021-04-01,SSO,BUY,44863.828108980415,25.095007886889295,1125858.1202309092,562.9290601154546,0.0,RELATIVE_MOMENTUM_2X_quarterly_189D,pre_tax
2022-01-03,SSO,SELL,44863.828108980415,35.82566103472305,1607276.2985524123,803.6381492762061,480051.6111121115,RELATIVE_MOMENTUM_2X_quarterly_189D,pre_tax
2022-01-03,QLD,BUY,36266.166070194544,44.27459529034737,1605669.825490391,802.8349127451955,0.0,RELATIVE_MOMENTUM_2X_quarterly_189D,pre_tax
2022-04-01,QLD,SELL,36266.166070194544,35.6666172610934,1293491.4647528806,646.7457323764403,-313627.9413826321,RELATIVE_MOMENTUM_2X_quarterly_189D,pre_tax
2022-04-01,SSO,BUY,40185.81478411429,32.15559088829184,1292198.6197106491,646.0993098553246,0.0,RELATIVE_MOMENTUM_2X_quarterly_189D,pre_tax
2022-07-01,SSO,SELL,40185.81478411429,21.777797193569835,875158.5244268015,437.57926221340074,-418123.77385591646,RELATIVE_MOMENTUM_2X_quarterly_189D,pre_tax
2023-04-03,QLD,BUY,36103.89023263277,24.215778344925518,874283.8032629567,437.14190163147833,0.0,RELATIVE_MOMENTUM_2X_quarterly_189D,pre_tax
2024-10-01,QLD,SELL,36103.89023263277,50.10411098476725,1808953.3231976868,904.4766615988434,933327.9013714999,RELATIVE_MOMENTUM_2X_quarterly_189D,pre_tax
2024-10-01,SSO,BUY,40751.892624679196,44.34506368925644,1807145.2738991387,903.5726369495693,0.0,RELATIVE_MOMENTUM_2X_quarterly_189D,pre_tax
2025-01-02,SSO,SELL,40751.892624679196,46.22921921328594,1883928.1775025849,941.9640887512925,74937.36687774537,RELATIVE_MOMENTUM_2X_quarterly_189D,pre_tax
2025-01-02,QLD,BUY,34461.0271600024,54.61372878063376,1882045.1908184246,941.0225954092123,0.0,RELATIVE_MOMENTUM_2X_quarterly_189D,pre_tax
2025-04-01,QLD,SELL,34461.0271600024,44.0057077774389,1516481.8909134506,758.2409454567253,-367262.56344584003,RELATIVE_MOMENTUM_2X_quarterly_189D,pre_tax
2025-04-01,SSO,BUY,37211.14413520862,40.71270051197146,1514966.1668845518,757.4830834422759,0.0,RELATIVE_MOMENTUM_2X_quarterly_189D,pre_tax
2025-07-01,SSO,SELL,37211.14413520862,48.23310095119738,1794808.8715830736,897.4044357915368,278187.817179288,RELATIVE_MOMENTUM_2X_quarterly_189D,pre_tax
2025-07-01,QLD,BUY,30735.086563462246,58.337722783542695,1793014.9596674484,896.5074798337242,0.0,RELATIVE_MOMENTUM_2X_quarterly_189D,pre_tax
2026-04-01,QLD,SELL,30735.086563462246,61.85860985691658,1901229.7286477701,950.6148643238851,106367.64663616405,RELATIVE_MOMENTUM_2X_quarterly_189D,pre_tax
2026-04-01,SSO,BUY,36283.33614107884,52.347155776245074,1899329.449058917,949.6647245294585,0.0,RELATIVE_MOMENTUM_2X_quarterly_189D,pre_tax
2026-07-01,SSO,SELL,36283.33614107884,67.08999633789062,2434248.8888314343,1217.124444415717,532752.6506035721,RELATIVE_MOMENTUM_2X_quarterly_189D,pre_tax
2026-07-01,QLD,BUY,25616.937202582118,94.93000030517578,2431815.856458789,1215.9079282293947,0.0,RELATIVE_MOMENTUM_2X_quarterly_189D,pre_tax
2006-06-21,QLD,BUY,100704.2593271069,0.9925104027909014,99950.02498750626,49.97501249375313,0.0,RELATIVE_MOMENTUM_2X_quarterly_189D,after_tax
2006-07-03,QLD,SELL,100704.2593271069,0.9901980630484073,99717.16252642576,49.85858126321288,-332.6960548374627,RELATIVE_MOMENTUM_2X_quarterly_189D,after_tax
2006-07-03,SSO,BUY,26473.618402743283,3.7628968462898555,99617.49519756378,49.80874759878189,0.0,RELATIVE_MOMENTUM_2X_quarterly_189D,after_tax
2007-07-02,SSO,SELL,26473.618402743283,5.086722152317653,134663.94118123854,67.33197059061926,34929.30526548534,RELATIVE_MOMENTUM_2X_quarterly_189D,after_tax
2007-07-02,QLD,BUY,92526.33870722196,1.378035244375955,127504.555771619,63.7522778858095,0.0,RELATIVE_MOMENTUM_2X_quarterly_189D,after_tax
2008-04-01,QLD,SELL,92526.33870722196,1.105673796684275,102303.94821170928,51.15197410585464,-25315.511811901393,RELATIVE_MOMENTUM_2X_quarterly_189D,after_tax
2009-10-01,QLD,BUY,132214.9773537401,0.7729963536314699,102201.69538990848,51.10084769495424,0.0,RELATIVE_MOMENTUM_2X_quarterly_189D,after_tax
2011-07-01,QLD,SELL,132214.9773537401,1.3528575096202304,178868.024997276,89.434012498638,76525.79474717392,RELATIVE_MOMENTUM_2X_quarterly_189D,after_tax
2011-07-01,SSO,BUY,54888.941727523794,3.066028806014561,168291.0764682426,84.1455382341213,0.0,RELATIVE_MOMENTUM_2X_quarterly_189D,after_tax
2011-10-03,SSO,SELL,54888.941727523794,2.1786472784216535,119583.64351011445,59.79182175505722,-48851.37031811733,RELATIVE_MOMENTUM_2X_quarterly_189D,after_tax
2012-04-02,QLD,BUY,65931.12488970035,1.8119533047313074,119464.11962854512,59.73205981427256,0.0,RELATIVE_MOMENTUM_2X_quarterly_189D,after_tax
2013-01-02,QLD,SELL,65931.12488970035,1.7599254778557578,116033.86647707355,58.01693323853677,-3548.0021445243765,RELATIVE_MOMENTUM_2X_quarterly_189D,after_tax
2013-01-02,SSO,BUY,31688.174452309777,3.6580804228085277,115917.89059853574,57.958945299267874,0.0,RELATIVE_MOMENTUM_2X_quarterly_189D,after_tax
2013-10-01,SSO,SELL,31688.174452309777,4.964766729147741,157324.39422825704,78.66219711412852,41269.882487307885,RELATIVE_MOMENTUM_2X_quarterly_189D,after_tax
2013-10-01,QLD,BUY,63974.90767852232,2.456699886878909,157167.14845691444,78.58357422845722,0.0,RELATIVE_MOMENTUM_2X_quarterly_189D,after_tax
2015-10-01,QLD,SELL,63974.90767852232,4.0128714863326636,256723.0828639068,128.3615414319534,99348.98929133196,RELATIVE_MOMENTUM_2X_quarterly_189D,after_tax
2016-01-04,QLD,BUY,51816.64975673105,4.603803108263218,238553.65320982493,119.27682660491247,0.0,RELATIVE_MOMENTUM_2X_quarterly_189D,after_tax
2016-07-01,QLD,SELL,51816.64975673105,4.377479994332151,226826.3476834061,113.41317384170304,-11959.995526865474,RELATIVE_MOMENTUM_2X_quarterly_189D,after_tax
2016-07-01,SSO,BUY,28828.172957987328,7.860353655517912,226599.6346922183,113.29981734610915,0.0,RELATIVE_MOMENTUM_2X_quarterly_189D,after_tax
2017-04-03,SSO,SELL,28828.172957987328,10.1040529367474,291281.3856372139,145.64069281860694,64422.81043483087,RELATIVE_MOMENTUM_2X_quarterly_189D,after_tax
2017-04-03,QLD,BUY,42371.96781998837,6.616113662910593,280337.75521823304,140.16887760911652,0.0,RELATIVE_MOMENTUM_2X_quarterly_189D,after_tax
2019-01-02,QLD,SELL,42371.96781998837,7.930691094749013,336038.9878569735,168.01949392848675,55393.044267202844,RELATIVE_MOMENTUM_2X_quarterly_189D,after_tax
2019-04-01,QLD,BUY,28712.860002706606,11.300011338744342,324455.64359836356,162.22782179918178,0.0,RELATIVE_MOMENTUM_2X_quarterly_189D,after_tax
2019-07-01,QLD,SELL,28712.860002706606,12.289499635113815,352866.68252633687,176.43334126316844,28072.377764910983,RELATIVE_MOMENTUM_2X_quarterly_189D,after_tax
2019-07-01,SSO,BUY,22267.284952495647,15.575043810355778,346813.93867279566,173.40696933639782,0.0,RELATIVE_MOMENTUM_2X_quarterly_189D,after_tax
2019-10-01,SSO,SELL,22267.284952495647,15.606433767438917,347512.90779181255,173.75645389590628,351.80569578462746,RELATIVE_MOMENTUM_2X_quarterly_189D,after_tax
2019-10-01,QLD,BUY,28866.322722411867,12.024189512502812,347094.1349433464,173.5470674716732,0.0,RELATIVE_MOMENTUM_2X_quarterly_189D,after_tax
2021-04-01,QLD,SELL,28866.322722411867,29.68842901833932,856995.7731648001,428.4978865824001,509299.5932673997,RELATIVE_MOMENTUM_2X_quarterly_189D,after_tax
2021-04-01,SSO,BUY,29995.07722607348,25.095007886889295,752726.6995561675,376.3633497780837,0.0,RELATIVE_MOMENTUM_2X_quarterly_189D,after_tax
2022-01-03,SSO,SELL,29995.07722607348,35.82566103472305,1074593.4694116495,537.2967347058247,320953.1097709981,RELATIVE_MOMENTUM_2X_quarterly_189D,after_tax
2022-01-03,QLD,BUY,22774.92016872672,44.27459529034737,1008350.3732403454,504.1751866201727,0.0,RELATIVE_MOMENTUM_2X_quarterly_189D,after_tax
2022-04-01,QLD,SELL,22774.92016872672,35.6666172610934,812304.3608099326,406.1521804049663,-196956.3397974379,RELATIVE_MOMENTUM_2X_quarterly_189D,after_tax
2022-04-01,SSO,BUY,25236.43447316655,32.15559088829184,811492.4623983285,405.74623119916424,0.0,RELATIVE_MOMENTUM_2X_quarterly_189D,after_tax
2022-07-01,SSO,SELL,25236.43447316655,21.777797193569835,549593.9518454355,274.79697592271776,-262579.0537600148,RELATIVE_MOMENTUM_2X_quarterly_189D,after_tax
2023-04-03,QLD,BUY,22673.01198139229,24.215778344925518,549044.6325532362,274.5223162766181,0.0,RELATIVE_MOMENTUM_2X_quarterly_189D,after_tax
2024-10-01,QLD,SELL,22673.01198139229,50.10411098476725,1136011.108674637,568.0055543373186,586123.948250787,RELATIVE_MOMENTUM_2X_quarterly_189D,after_tax
2024-10-01,SSO,BUY,25012.30035389409,44.34506368925644,1109172.0522082448,554.5860261041224,0.0,RELATIVE_MOMENTUM_2X_quarterly_189D,after_tax
2025-01-02,SSO,SELL,25012.30035389409,46.22921921328594,1156299.1160887193,578.1495580443597,45994.3282963261,RELATIVE_MOMENTUM_2X_quarterly_189D,after_tax
2025-01-02,QLD,BUY,20980.151734032373,54.61372878063376,1145804.316578987,572.9021582894935,0.0,RELATIVE_MOMENTUM_2X_quarterly_189D,after_tax
2025-04-01,QLD,SELL,20980.151734032373,44.0057077774389,923246.4263341567,461.62321316707835,-223592.41561628692,RELATIVE_MOMENTUM_2X_quarterly_189D,after_tax
2025-04-01,SSO,BUY,22654.445165806002,40.71270051197146,922323.6413003395,461.1618206501698,0.0,RELATIVE_MOMENTUM_2X_quarterly_189D,after_tax
2025-07-01,SSO,SELL,22654.445165806002,48.23310095119738,1092694.1406756863,546.3470703378432,169362.99048435886,RELATIVE_MOMENTUM_2X_quarterly_189D,after_tax
2025-07-01,QLD,BUY,18711.768998240525,58.337722783542695,1091601.992609044,545.8009963045221,0.0,RELATIVE_MOMENTUM_2X_quarterly_189D,after_tax
2026-04-01,QLD,SELL,18711.768998240525,61.85860985691658,1157484.0181949073,578.7420090974537,64757.48258046131,RELATIVE_MOMENTUM_2X_quarterly_189D,after_tax
2026-04-01,SSO,BUY,22048.751063865846,52.347155776245074,1154189.4066118347,577.0947033059174,0.0,RELATIVE_MOMENTUM_2X_quarterly_189D,after_tax
2026-07-01,SSO,SELL,22048.751063865846,67.08999633789062,1479250.6281298217,739.6253140649109,323744.5015006161,RELATIVE_MOMENTUM_2X_quarterly_189D,after_tax
2026-07-01,QLD,BUY,14874.499996333865,94.93000030517578,1412036.289191311,706.0181445956555,0.0,RELATIVE_MOMENTUM_2X_quarterly_189D,after_tax
2006-06-21,QLD,BUY,100704.2593271069,0.9925104027909014,99950.02498750626,49.97501249375313,0.0,RELATIVE_MOMENTUM_2X_quarterly_252D,pre_tax
2006-07-03,QLD,SELL,100704.2593271069,0.9901980630484073,99717.16252642576,49.85858126321288,-332.6960548374627,RELATIVE_MOMENTUM_2X_quarterly_252D,pre_tax
2006-07-03,SSO,BUY,26473.618402743283,3.7628968462898555,99617.49519756378,49.80874759878189,0.0,RELATIVE_MOMENTUM_2X_quarterly_252D,pre_tax
2007-07-02,SSO,SELL,26473.618402743283,5.086722152317653,134663.94118123854,67.33197059061926,34929.30526548534,RELATIVE_MOMENTUM_2X_quarterly_252D,pre_tax
2007-07-02,QLD,BUY,97624.02310639052,1.378035244375955,134529.34453837873,67.26467226918936,0.0,RELATIVE_MOMENTUM_2X_quarterly_252D,pre_tax
2008-07-01,QLD,SELL,97624.02310639052,1.0997216982783382,107359.25648332352,53.67962824166176,-27291.032355566073,RELATIVE_MOMENTUM_2X_quarterly_252D,pre_tax
2009-10-01,QLD,BUY,138748.3270467987,0.7729963536314699,107251.95087964204,53.62597543982102,0.0,RELATIVE_MOMENTUM_2X_quarterly_252D,pre_tax
2013-04-01,QLD,SELL,138748.3270467987,1.8829799221519419,261260.31406129317,130.6301570306466,153824.10704918066,RELATIVE_MOMENTUM_2X_quarterly_252D,pre_tax
2013-04-01,SSO,BUY,61036.5081559207,4.276115921398575,260999.1843121065,130.49959215605324,0.0,RELATIVE_MOMENTUM_2X_quarterly_252D,pre_tax
2014-01-02,SSO,SELL,61036.5081559207,5.9724653232335285,364538.42841249687,182.26921420624845,103226.47529402809,RELATIVE_MOMENTUM_2X_quarterly_252D,pre_tax
2014-01-02,QLD,BUY,120367.5294628868,3.0255175443681113,364174.07216220954,182.08703608110477,0.0,RELATIVE_MOMENTUM_2X_quarterly_252D,pre_tax
2016-07-01,QLD,SELL,120367.5294628868,4.377479994332151,526906.4521909727,263.4532260954864,162286.83976658655,RELATIVE_MOMENTUM_2X_quarterly_252D,pre_tax
2016-07-01,SSO,BUY,66966.4282459902,7.860353655517912,526379.809060347,263.1899045301735,0.0,RELATIVE_MOMENTUM_2X_quarterly_252D,pre_tax
2016-10-03,SSO,SELL,66966.4282459902,8.386309927991064,561601.2220414488,280.80061102072443,34677.42246555083,RELATIVE_MOMENTUM_2X_quarterly_252D,pre_tax
2016-10-03,QLD,BUY,105650.75489367671,5.310325534770665,561039.9014796882,280.51995073984415,0.0,RELATIVE_MOMENTUM_2X_quarterly_252D,pre_tax
2017-01-03,QLD,SELL,105650.75489367671,5.3735643682520084,567721.1319755877,283.86056598779385,6116.849979171879,RELATIVE_MOMENTUM_2X_quarterly_252D,pre_tax
2017-01-03,SSO,BUY,61837.23978572915,9.171717504331541,567153.6945623189,283.5768472811594,0.0,RELATIVE_MOMENTUM_2X_quarterly_252D,pre_tax
2017-04-03,SSO,SELL,61837.23978572915,10.1040529367474,624806.7442573499,312.40337212867496,57057.0694756211,RELATIVE_MOMENTUM_2X_quarterly_252D,pre_tax
2017-04-03,QLD,BUY,94342.73375009517,6.616113662910593,624182.249760341,312.0911248801705,0.0,RELATIVE_MOMENTUM_2X_quarterly_252D,pre_tax
2019-01-02,QLD,SELL,94342.73375009517,7.930691094749013,748203.0784061569,374.10153920307846,123334.63598173263,RELATIVE_MOMENTUM_2X_quarterly_252D,pre_tax
2019-04-01,QLD,BUY,66146.41586062248,11.300011338744342,747455.2492423326,373.72762462116634,0.0,RELATIVE_MOMENTUM_2X_quarterly_252D,pre_tax
2019-10-01,QLD,SELL,66146.41586062248,12.024189512502812,795357.0398809465,397.6785199404733,47130.38449405227,RELATIVE_MOMENTUM_2X_quarterly_252D,pre_tax
2019-10-01,SSO,BUY,50912.46931625153,15.606433767438917,794562.0803208457,397.2810401604229,0.0,RELATIVE_MOMENTUM_2X_quarterly_252D,pre_tax
2020-01-02,SSO,SELL,50912.46931625153,18.431777674395086,938407.3152916098,469.2036576458049,142978.75027295784,RELATIVE_MOMENTUM_2X_quarterly_252D,pre_tax
2020-01-02,QLD,BUY,61284.81140963263,15.296928478401773,937469.3769454913,468.73468847274563,0.0,RELATIVE_MOMENTUM_2X_quarterly_252D,pre_tax
2021-10-01,QLD,SELL,61284.81140963263,36.096264745921715,2212152.7775459834,1106.0763887729918,1273108.5895232465,RELATIVE_MOMENTUM_2X_quarterly_252D,pre_tax
2021-10-01,SSO,BUY,75243.13817054876,29.370674642555876,2209941.7302920646,1104.9708651460323,0.0,RELATIVE_MOMENTUM_2X_quarterly_252D,pre_tax
2022-07-01,SSO,SELL,75243.13817054876,21.777797193569835,1638629.803285964,819.314901642982,-573236.2127728898,RELATIVE_MOMENTUM_2X_quarterly_252D,pre_tax
2023-07-03,QLD,BUY,51176.44811997413,31.98721389476833,1636991.9923881271,818.4959961940635,0.0,RELATIVE_MOMENTUM_2X_quarterly_252D,pre_tax
2025-04-01,QLD,SELL,51176.44811997413,44.0057077774389,2252055.8210548437,1126.027910527422,613119.3047599953,RELATIVE_MOMENTUM_2X_quarterly_252D,pre_tax
2025-04-01,SSO,BUY,55260.51729330551,40.71270051197146,2249804.890698967,1124.9024453494835,0.0,RELATIVE_MOMENTUM_2X_quarterly_252D,pre_tax
2025-07-01,SSO,SELL,55260.51729330551,48.23310095119738,2665386.1092233933,1332.6930546116967,413123.62302446505,RELATIVE_MOMENTUM_2X_quarterly_252D,pre_tax
2025-07-01,QLD,BUY,45643.22925358299,58.337722783542695,2662722.055141211,1331.3610275706055,0.0,RELATIVE_MOMENTUM_2X_quarterly_252D,pre_tax
2006-06-21,QLD,BUY,100704.2593271069,0.9925104027909014,99950.02498750626,49.97501249375313,0.0,RELATIVE_MOMENTUM_2X_quarterly_252D,after_tax
2006-07-03,QLD,SELL,100704.2593271069,0.9901980630484073,99717.16252642576,49.85858126321288,-332.6960548374627,RELATIVE_MOMENTUM_2X_quarterly_252D,after_tax
2006-07-03,SSO,BUY,26473.618402743283,3.7628968462898555,99617.49519756378,49.80874759878189,0.0,RELATIVE_MOMENTUM_2X_quarterly_252D,after_tax
2007-07-02,SSO,SELL,26473.618402743283,5.086722152317653,134663.94118123854,67.33197059061926,34929.30526548534,RELATIVE_MOMENTUM_2X_quarterly_252D,after_tax
2007-07-02,QLD,BUY,92526.33870722196,1.378035244375955,127504.555771619,63.7522778858095,0.0,RELATIVE_MOMENTUM_2X_quarterly_252D,after_tax
2008-07-01,QLD,SELL,92526.33870722196,1.0997216982783382,101753.22233858288,50.876611169291444,-25865.962322091233,RELATIVE_MOMENTUM_2X_quarterly_252D,after_tax
2009-10-01,QLD,BUY,131503.23347565593,0.7729963536314699,101651.51996742988,50.82575998371494,0.0,RELATIVE_MOMENTUM_2X_quarterly_252D,after_tax
2013-04-01,QLD,SELL,131503.23347565593,1.8829799221519419,247617.94833271924,123.80897416635962,145791.79363113927,RELATIVE_MOMENTUM_2X_quarterly_252D,after_tax
2013-04-01,SSO,BUY,52154.73597515046,4.276115921398575,223019.69687967992,111.50984843983996,0.0,RELATIVE_MOMENTUM_2X_quarterly_252D,after_tax
2014-01-02,SSO,SELL,52154.73597515046,5.9724653232335285,311492.35205398634,155.74617602699317,88205.39914983959,RELATIVE_MOMENTUM_2X_quarterly_252D,after_tax
2014-01-02,QLD,BUY,96932.52120280152,3.0255175443681113,293271.04351890995,146.63552175945497,0.0,RELATIVE_MOMENTUM_2X_quarterly_252D,after_tax
2016-07-01,QLD,SELL,96932.52120280152,4.377479994332151,424320.1723654407,212.16008618272036,130690.33323858859,RELATIVE_MOMENTUM_2X_quarterly_252D,after_tax
2016-07-01,SSO,BUY,50552.38080887773,7.860353655517912,397359.5912861956,198.6797956430978,0.0,RELATIVE_MOMENTUM_2X_quarterly_252D,after_tax
2016-10-03,SSO,SELL,50552.38080887773,8.386309927991064,423947.93306107627,211.97396653053815,26177.688012707047,RELATIVE_MOMENTUM_2X_quarterly_252D,after_tax
2016-10-03,QLD,BUY,78753.9021116061,5.310325534770665,418208.85734609124,209.10442867304562,0.0,RELATIVE_MOMENTUM_2X_quarterly_252D,after_tax
2017-01-03,QLD,SELL,78753.9021116061,5.3735643682520084,423189.16224773315,211.5945811238666,4559.605891845014,RELATIVE_MOMENTUM_2X_quarterly_252D,after_tax
2017-01-03,SSO,BUY,45993.60625190253,9.171717504331541,421840.36354790704,210.92018177395352,0.0,RELATIVE_MOMENTUM_2X_quarterly_252D,after_tax
2017-04-03,SSO,SELL,45993.60625190253,10.1040529367474,464721.83232113934,232.36091616056967,42438.187675297726,RELATIVE_MOMENTUM_2X_quarterly_252D,after_tax
2017-04-03,QLD,BUY,68868.27473450456,6.616113662910593,455640.33341203607,227.82016670601803,0.0,RELATIVE_MOMENTUM_2X_quarterly_252D,after_tax
2019-01-02,QLD,SELL,68868.27473450456,7.930691094749013,546173.0131476638,273.0865065738319,90031.7730623479,RELATIVE_MOMENTUM_2X_quarterly_252D,after_tax
2019-04-01,QLD,BUY,46667.76722479606,11.300011338744342,527346.298794077,263.6731493970385,0.0,RELATIVE_MOMENTUM_2X_quarterly_252D,after_tax
2019-10-01,QLD,SELL,46667.76722479606,12.024189512502812,561142.0772363152,280.5710386181576,33251.53425422311,RELATIVE_MOMENTUM_2X_quarterly_252D,after_tax
2019-10-01,SSO,BUY,35487.25804343168,15.606433767438917,553829.5422428304,276.9147711214152,0.0,RELATIVE_MOMENTUM_2X_quarterly_252D,after_tax
2020-01-02,SSO,SELL,35487.25804343168,18.431777674395086,654093.2505304214,327.0466252652107,99659.74689120438,RELATIVE_MOMENTUM_2X_quarterly_252D,after_tax
2020-01-02,QLD,BUY,41394.17435049251,15.296928478401773,633203.7244619771,316.60186223098856,0.0,RELATIVE_MOMENTUM_2X_quarterly_252D,after_tax
2021-10-01,QLD,SELL,41394.17435049251,36.096264745921715,1494175.0762942198,747.08753814711,859907.6624318645,RELATIVE_MOMENTUM_2X_quarterly_252D,after_tax
2021-10-01,SSO,BUY,44877.37254320178,29.370674642555876,1318078.70777915,659.039353889575,0.0,RELATIVE_MOMENTUM_2X_quarterly_252D,after_tax
2022-07-01,SSO,SELL,44877.37254320178,21.777797193569835,977330.3178261277,488.66515891306386,-341896.094465825,RELATIVE_MOMENTUM_2X_quarterly_252D,after_tax
2023-07-03,QLD,BUY,30523.242166112424,31.98721389476833,976353.47592925,488.17673796462503,0.0,RELATIVE_MOMENTUM_2X_quarterly_252D,after_tax
2025-04-01,QLD,SELL,30523.242166112424,44.0057077774389,1343196.8751819446,671.5984375909723,365683.6240771391,RELATIVE_MOMENTUM_2X_quarterly_252D,after_tax
2025-04-01,SSO,BUY,32840.47265660249,40.71270051197146,1337024.3279398452,668.5121639699225,0.0,RELATIVE_MOMENTUM_2X_quarterly_252D,after_tax
2025-07-01,SSO,SELL,32840.47265660249,48.23310095119738,1583997.832930945,791.9989164654726,245512.99391066446,RELATIVE_MOMENTUM_2X_quarterly_252D,after_tax
2025-07-01,QLD,BUY,26270.541844669267,58.337722783542695,1532563.5875077741,766.2817937538871,0.0,RELATIVE_MOMENTUM_2X_quarterly_252D,after_tax
