scenario_id,scenario_family,strategy_id,frequency,tax_mode,start_label,start_date,end_date,slippage_bps,execution_case,context_only,source_run_id,selection_performed,ending_value,total_return,cagr,max_drawdown,calmar,sharpe,sortino,ulcer_index,annual_turnover,number_of_trades,transaction_costs,tax_paid,gross_traded_notional,mean_holding_period_days,median_holding_period_days,max_holding_period_days,terminal_liquidation_wealth,terminal_liquidation_cagr,terminal_liquidation_tax,terminal_liquidation_cost,terminal_unrealized_gain_after_cost,after_tax_wealth_tax_paid_to_date,after_tax_cagr_tax_paid_to_date,after_tax_terminal_liquidation,after_tax_cagr_terminal_liquidation,path_hash,initial_deployment_excluded_from_turnover,terminal_liquidation_excluded_from_turnover,holding_periods_completed_only,terminal_liquidation_non_mutating
baseline,context_baseline,PHASE7B_MODEL_A_SELECTED,weekly,pre_tax,2013,2013-01-02,2026-08-31,5.0,next_open,True,20260914_phase8a_oos_evidence_consolidation_final,False,176420.1070078797,,0.0424375513845263,-0.491544201307427,0.0863351683768202,0.2986707890254941,0.1696952958521414,0.1636487284721779,1.0979098544534107,16.0,724.3310169642754,0.0,,110.625,116.5,208.0,,,,,,176420.1070078797,0.0424375513845263,160895.36226922896,0.035431257699483,,,,,
baseline,context_baseline,PHASE7B_MODEL_A_SELECTED,weekly,after_tax,2013,2013-01-02,2026-08-31,5.0,next_open,True,20260914_phase8a_oos_evidence_consolidation_final,False,160895.36226922896,,0.035431257699483,-0.491544201307427,0.072081529199697,0.2692436485633181,0.1527924335751291,0.1714805331468564,1.0979098544534107,16.0,724.3310169642754,15524.744738650745,,110.625,116.5,208.0,160895.36226922896,0.035431257699483,0.0,0.0,0.0,160895.36226922896,0.035431257699483,160895.36226922896,0.035431257699483,,,,,
baseline,context_baseline,PHASE7B_MODEL_A_SELECTED,monthly,pre_tax,2013,2013-01-02,2026-08-31,5.0,next_open,True,20260914_phase8a_oos_evidence_consolidation_final,False,100000.0,,0.0,0.0,,,,0.0,0.0,0.0,0.0,0.0,,,,,,,,,,100000.0,0.0,100000.0,0.0,,,,,
baseline,context_baseline,PHASE7B_MODEL_A_SELECTED,monthly,after_tax,2013,2013-01-02,2026-08-31,5.0,next_open,True,20260914_phase8a_oos_evidence_consolidation_final,False,100000.0,,0.0,0.0,,,,0.0,0.0,0.0,0.0,0.0,,,,,100000.0,0.0,0.0,0.0,0.0,100000.0,0.0,100000.0,0.0,,,,,
baseline,context_baseline,PHASE7B_MODEL_A_SELECTED,bimonthly,pre_tax,2013,2013-01-02,2026-08-31,5.0,next_open,True,20260914_phase8a_oos_evidence_consolidation_final,False,100000.0,,0.0,0.0,,,,0.0,0.0,0.0,0.0,0.0,,,,,,,,,,100000.0,0.0,100000.0,0.0,,,,,
baseline,context_baseline,PHASE7B_MODEL_A_SELECTED,bimonthly,after_tax,2013,2013-01-02,2026-08-31,5.0,next_open,True,20260914_phase8a_oos_evidence_consolidation_final,False,100000.0,,0.0,0.0,,,,0.0,0.0,0.0,0.0,0.0,,,,,100000.0,0.0,0.0,0.0,0.0,100000.0,0.0,100000.0,0.0,,,,,
baseline,context_baseline,PHASE7B_MODEL_A_SELECTED,quarterly,pre_tax,2013,2013-01-02,2026-08-31,5.0,next_open,True,20260914_phase8a_oos_evidence_consolidation_final,False,100000.0,,0.0,0.0,,,,0.0,0.0,0.0,0.0,0.0,,,,,,,,,,100000.0,0.0,100000.0,0.0,,,,,
baseline,context_baseline,PHASE7B_MODEL_A_SELECTED,quarterly,after_tax,2013,2013-01-02,2026-08-31,5.0,next_open,True,20260914_phase8a_oos_evidence_consolidation_final,False,100000.0,,0.0,0.0,,,,0.0,0.0,0.0,0.0,0.0,,,,,100000.0,0.0,0.0,0.0,0.0,100000.0,0.0,100000.0,0.0,,,,,
baseline,context_baseline,PHASE7B_MODEL_B_SELECTED,weekly,pre_tax,2013,2013-01-02,2026-08-31,5.0,next_open,True,20260914_phase8a_oos_evidence_consolidation_final,False,241155.92858642736,,0.0665677293821049,-0.491544201307427,0.1354257240855364,0.3845153740230598,0.2706277112293145,0.1879199650359933,3.642803200870556,294.0,3065.911659971397,0.0,,45.21951219512195,20.0,411.0,,,,,,241155.92858642736,0.0665677293821049,208493.33847567852,0.0552638926100588,,,,,
baseline,context_baseline,PHASE7B_MODEL_B_SELECTED,weekly,after_tax,2013,2013-01-02,2026-08-31,5.0,next_open,True,20260914_phase8a_oos_evidence_consolidation_final,False,208493.33847567852,,0.0552638926100588,-0.4915442013074271,0.1124291415971664,0.3419925496336853,0.2405417798061803,0.1956693941793015,3.643812624465536,294.0,2915.88045778155,27659.436169082863,,45.21951219512195,20.0,411.0,208493.33847567852,0.0552638926100588,0.0,0.0,-4.4156984602380287e-11,208493.33847567852,0.0552638926100588,208493.33847567852,0.0552638926100588,,,,,
baseline,context_baseline,PHASE7B_MODEL_B_SELECTED,monthly,pre_tax,2013,2013-01-02,2026-08-31,5.0,next_open,True,20260914_phase8a_oos_evidence_consolidation_final,False,205653.7497078549,,0.0542049865105511,-0.517154219036865,0.1048139694412648,0.337035332697107,0.2210884643070134,0.1646419997835231,1.370358923334479,84.0,1278.3890995614229,0.0,,93.72222222222224,42.0,419.0,,,,,,205653.7497078549,0.0542049865105511,180884.92359253223,0.0443467066481286,,,,,
baseline,context_baseline,PHASE7B_MODEL_B_SELECTED,monthly,after_tax,2013,2013-01-02,2026-08-31,5.0,next_open,True,20260914_phase8a_oos_evidence_consolidation_final,False,180884.92359253223,,0.0443467066481286,-0.517154219036865,0.0857514161456883,0.300114057909899,0.1970651018758758,0.1746420057872408,1.36956895473911,84.0,1218.8369719709794,20620.91011836961,,93.72222222222224,42.0,419.0,180884.92359253223,0.0443467066481286,0.0,0.0,-1.3961605602305647e-11,180884.92359253223,0.0443467066481286,180884.92359253223,0.0443467066481286,,,,,
baseline,context_baseline,PHASE7B_MODEL_B_SELECTED,bimonthly,pre_tax,2013,2013-01-02,2026-08-31,5.0,next_open,True,20260914_phase8a_oos_evidence_consolidation_final,False,368808.2710305418,,0.1002619116384073,-0.5306679735877728,0.1889352978295457,0.4943673668406599,0.3360694873350098,0.1462744744373689,0.7799493190308153,45.0,892.9329143910902,0.0,,143.41666666666666,83.0,465.0,,,,,,368808.2710305418,0.1002619116384073,301590.2482893787,0.0841731570480686,,,,,
baseline,context_baseline,PHASE7B_MODEL_B_SELECTED,bimonthly,after_tax,2013,2013-01-02,2026-08-31,5.0,next_open,True,20260914_phase8a_oos_evidence_consolidation_final,False,301590.2482893787,,0.0841731570480686,-0.5306679735877728,0.1586173676149806,0.4378990070401982,0.2953336598514427,0.1718154668149017,0.7800689549898169,45.0,852.1632918858472,51393.68631484874,,143.41666666666666,83.0,465.0,301590.2482893787,0.0841731570480686,0.0,0.0,-1.6379512160867412e-11,301590.2482893787,0.0841731570480686,301590.2482893787,0.0841731570480686,,,,,
baseline,context_baseline,PHASE7B_MODEL_B_SELECTED,quarterly,pre_tax,2013,2013-01-02,2026-08-31,5.0,next_open,True,20260914_phase8a_oos_evidence_consolidation_final,False,100000.0,,0.0,0.0,,,,0.0,0.0,0.0,0.0,0.0,,,,,,,,,,100000.0,0.0,100000.0,0.0,,,,,
baseline,context_baseline,PHASE7B_MODEL_B_SELECTED,quarterly,after_tax,2013,2013-01-02,2026-08-31,5.0,next_open,True,20260914_phase8a_oos_evidence_consolidation_final,False,100000.0,,0.0,0.0,,,,0.0,0.0,0.0,0.0,0.0,,,,,100000.0,0.0,0.0,0.0,0.0,100000.0,0.0,100000.0,0.0,,,,,
baseline,baseline,FIXED_MA200_QQQ_TO_QLD,weekly,pre_tax,2013,2013-01-02,2026-08-31,5.0,next_open,False,phase8c_recomputed,False,3195983.088569843,30.95983088569843,0.2887055380603327,-0.49154420130742715,0.5873440013989042,0.9334520392252198,1.0409826980715282,0.1656303941824654,1.6102409558900648,23.0,8150.938509827835,0.0,16301877.019655671,254.63636363636363,211.0,662.0,,,,,,,,,,9efe41b46e693752c0e4195ab7105a36b9f71a0e70efcfc4b11e9e345250f97b,True,True,True,True
baseline,baseline,FIXED_MA200_QQQ_TO_QLD,weekly,after_tax,2013,2013-01-02,2026-08-31,5.0,next_open,False,phase8c_recomputed,False,1959465.6599048597,18.594656599048598,0.2433653866709211,-0.49154420130742715,0.49510376894612734,0.8147642512203888,0.8704369459031285,0.20649548265364465,1.6102409558900646,23.0,5861.177501005109,350266.4642793222,11722355.002010215,254.63636363636363,211.0,662.0,1860044.343050618,0.23863444148778679,98441.5840242894,979.7328299524299,484575.85047644307,1959465.6599048597,0.2433653866709211,1860044.343050618,0.23863444148778679,1fede1f95a7f5e77197231aaf27ec6bd8a474ef13d00d11aacb136ce1747a025,True,True,True,True
baseline,baseline,FIXED_MA200_QQQ_TO_QLD,monthly,pre_tax,2013,2013-01-02,2026-08-31,5.0,next_open,False,phase8c_recomputed,False,2894225.921302085,27.942259213020847,0.2793823195597005,-0.517154219036865,0.5402301852627541,0.8901940311565006,1.0107627452187384,0.1548537299186674,1.1710843315564108,17.0,7281.567258123298,0.0,14563134.516246598,353.875,358.0,671.0,,,,,,,,,,d6dcae2a03878d90a67a1b00ce64e6f07ca23849c4826897de217937d94719d9,True,True,True,True
baseline,baseline,FIXED_MA200_QQQ_TO_QLD,monthly,after_tax,2013,2013-01-02,2026-08-31,5.0,next_open,False,phase8c_recomputed,False,1769857.633320696,16.698576333206958,0.23413563812300442,-0.5277782114525625,0.4436250550749552,0.7785336829239019,0.861672992899224,0.19708695763191247,1.1710843315564108,17.0,5127.799112943163,381545.9388345738,10255598.225886326,353.875,358.0,671.0,1733955.780944371,0.232285368855226,35016.92355966473,884.928816660348,172369.79354991252,1769857.633320696,0.23413563812300442,1733955.780944371,0.232285368855226,acbeb9b3c45dcab86924ff4a914c0d3f75f9a1e9d29bae45f6bf7f7159c14c58,True,True,True,True
baseline,baseline,FIXED_MA200_QQQ_TO_QLD,bimonthly,pre_tax,2013,2013-01-02,2026-08-31,5.0,next_open,False,phase8c_recomputed,False,4624614.666887557,45.24614666887557,0.3240425847073214,-0.517154219036865,0.6265879166775631,0.9571542490899978,1.0969903844182736,0.15548140637627103,0.7319277072227567,11.0,5240.387007301004,0.0,10480774.01460201,528.2,589.0,756.0,,,,,,,,,,8fa970c187aa9a0f2b23b84633d4faa2b3d01ef36874c153df8ff8eda152826d,True,True,True,True
baseline,baseline,FIXED_MA200_QQQ_TO_QLD,bimonthly,after_tax,2013,2013-01-02,2026-08-31,5.0,next_open,False,phase8c_recomputed,False,2836157.035227638,27.36157035227638,0.2774853532920951,-0.517154219036865,0.5365620990366797,0.8511128880871827,0.9509531373357164,0.20034057942807765,0.7319277072227567,11.0,3752.050575793168,442174.2521968832,7504101.151586335,528.2,589.0,756.0,2631523.2905174694,0.27050062206002323,203215.666192555,1418.078517613819,1000323.2399338174,2836157.035227638,0.2774853532920951,2631523.2905174694,0.27050062206002323,2926bac60da099c8cc349beacc11517373bee2382ee56f3c79641ca6f0b90f6d,True,True,True,True
baseline,baseline,FIXED_MA200_QQQ_TO_QLD,quarterly,pre_tax,2013,2013-01-02,2026-08-31,5.0,next_open,False,phase8c_recomputed,False,1286585.6849092103,11.865856849092102,0.20565538195025668,-0.517154219036865,0.3976674159852434,0.713081924083211,0.8075560339442042,0.18176438370688766,0.8783132486673081,13.0,4367.591201681437,0.0,8735182.403362874,471.6666666666667,471.0,754.0,,,,,,,,,,8bc6cee6d86e51cef35e68c59fe6a06ef1691d870ed5aa882ff23804df6f92a0,True,True,True,True
baseline,baseline,FIXED_MA200_QQQ_TO_QLD,quarterly,after_tax,2013,2013-01-02,2026-08-31,5.0,next_open,False,phase8c_recomputed,False,852619.0391875535,7.526190391875534,0.1698806725755826,-0.540984034685682,0.31402160079323826,0.6234478883509681,0.693784783914769,0.22044071488501288,0.8783132486673081,13.0,3237.7509040037735,203285.19216208084,6475501.808007548,471.6666666666667,471.0,754.0,852192.7296679597,0.16983783854557255,0.0,426.3095195937767,-45187.55767811055,852619.0391875535,0.1698806725755826,852192.7296679597,0.16983783854557255,533a8c7d3d494804b3a3351ab77e134dcd4bb401ba1835eb8a011e555e89202d,True,True,True,True
baseline,baseline,PHASE7A_FIXED_FOUR_STATE,weekly,pre_tax,2013,2013-01-02,2026-08-31,5.0,next_open,False,phase8c_recomputed,False,3369913.069968776,32.69913069968776,0.2937149320071264,-0.49154420130742704,0.5975351376862809,0.9330037812350777,1.0392548838347484,0.17385592937852046,4.23282511433443,715.0,24679.176395236445,0.0,49358352.79047289,80.79245283018868,29.0,662.0,,,,,,,,,,6eb0934dc86fb67441d683a6cb4f1d1fb715c218ea4eb9cf803cfd1f1493dcb2,True,True,True,True
baseline,baseline,PHASE7A_FIXED_FOUR_STATE,weekly,after_tax,2013,2013-01-02,2026-08-31,5.0,next_open,False,phase8c_recomputed,False,2024678.608711297,19.24678608711297,0.24634914496060945,-0.49154420130742715,0.5011739418456388,0.821616870833453,0.9146321246441657,0.18545682654696946,4.238145732662698,715.0,17335.97913272432,362772.1473872192,34671958.26544864,80.79245283018868,29.0,662.0,1921948.4524224314,0.24160684672143873,101717.81698450976,1012.3393043556484,500703.012476051,2024678.608711297,0.24634914496060945,1921948.4524224314,0.24160684672143873,027ab1d1a1c31001ec332a8f6913a55f6187cff81ab75f95b034a5481669a296,True,True,True,True
baseline,baseline,PHASE7A_FIXED_FOUR_STATE,monthly,pre_tax,2013,2013-01-02,2026-08-31,5.0,next_open,False,phase8c_recomputed,False,2932064.4400988813,28.32064440098881,0.28059951882373535,-0.517154219036865,0.5425838337862096,0.8795691845862122,0.9965800259780676,0.16326769586568768,2.6882107735684126,211.0,16684.81289451728,0.0,33369625.78903456,121.44444444444444,43.0,671.0,,,,,,,,,,cbc33a31ca7fad519d139487eebfa5420e4476b70f6913f3090508e197873c95,True,True,True,True
baseline,baseline,PHASE7A_FIXED_FOUR_STATE,monthly,after_tax,2013,2013-01-02,2026-08-31,5.0,next_open,False,phase8c_recomputed,False,1744023.8158846553,16.440238158846554,0.23280779986772338,-0.5171542190368649,0.45017093798692936,0.7694509569865967,0.8703144858849509,0.18387476591432572,2.68827503817139,211.0,11510.838727089049,375604.55761225655,23021677.4541781,121.44444444444444,43.0,671.0,1708646.0067321716,0.23095952135220932,34505.79724454136,872.0119079423276,169853.78904524422,1744023.8158846553,0.23280779986772338,1708646.0067321716,0.23095952135220932,9575e90f6c82e36ee6377e69c94d9626b53d19265b4525bb41106acc37f33f54,True,True,True,True
baseline,baseline,PHASE7A_FIXED_FOUR_STATE,bimonthly,pre_tax,2013,2013-01-02,2026-08-31,5.0,next_open,False,phase8c_recomputed,False,4804128.440633415,47.04128440633415,0.32773925474938426,-0.5306679735877728,0.617597577132052,0.9498271662767692,1.0878161691742836,0.1632189577404268,1.6592188537094275,107.0,14186.742264064547,0.0,28373484.528129097,184.77272727272728,84.5,756.0,,,,,,,,,,7119ad1d2457f39314c15398fc1959f461425e4723c9d5af69176d8edca78c3e,True,True,True,True
baseline,baseline,PHASE7A_FIXED_FOUR_STATE,bimonthly,after_tax,2013,2013-01-02,2026-08-31,5.0,next_open,False,phase8c_recomputed,False,2802842.30092145,27.0284230092145,0.2763807300483929,-0.532755752914756,0.5187756838594204,0.8412572480370397,0.959146302767386,0.1864369754443821,1.6591224022625333,107.0,9590.352130968244,486083.3809603089,19180704.261936493,184.77272727272728,84.5,756.0,2639978.7071637353,0.27079904596435544,161462.17260725357,1401.421150460725,850900.7179941162,2802842.30092145,0.2763807300483929,2639978.7071637353,0.27079904596435544,81a8c870b6ea0b88d6cff14a0d6538a1f3205ff699af8723dea467ff90d4be4c,True,True,True,True
baseline,baseline,PHASE7A_FIXED_FOUR_STATE,quarterly,pre_tax,2013,2013-01-02,2026-08-31,5.0,next_open,False,phase8c_recomputed,False,1198685.4204534946,10.986854204534946,0.19942516779381925,-0.556323987243875,0.35846947528149187,0.6824833525704452,0.7643967757280549,0.19655202239563593,1.5752772776706632,87.0,7389.522915566721,0.0,14779045.831133444,238.31578947368422,126.0,754.0,,,,,,,,,,779553276b41732a789c3a86326e1f809a2971c82cd08ca0b67cec177c3f5810,True,True,True,True
baseline,baseline,PHASE7A_FIXED_FOUR_STATE,quarterly,after_tax,2013,2013-01-02,2026-08-31,5.0,next_open,False,phase8c_recomputed,False,804698.860108072,7.04698860108072,0.16493685200707842,-0.556323987243875,0.2964762544649639,0.6017785127848664,0.6744839462377773,0.21451921617994435,1.5716818591352535,87.0,5560.313880515897,190426.9920343307,11120627.761031792,238.31578947368422,126.0,754.0,804296.510678018,0.1648941989901953,0.0,402.349430054036,-42647.858519899426,804698.860108072,0.16493685200707842,804296.510678018,0.1648941989901953,ba8de16abf3395e46aa25fe5c9d6a6e2db11f64b39eb83b041ce487b33568c57,True,True,True,True
baseline,baseline,QQQ_BUY_HOLD,none,benchmark,2013,2013-01-02,2026-08-31,5.0,next_open,False,phase8c_recomputed_benchmark,False,1200509.8917711389,11.005098917711388,0.19955872753614345,-0.351187300463749,0.5682401592330436,0.9789796926732859,1.2521140678226426,0.09107412108132662,0.0,1.0,49.97501249375313,0.0,99950.02498750626,,,,,,,,,,,,,6a4c62557176f2780606ebeeb8a690a6f793edcb6b9ed5ea6012f23f2ece60bd,True,True,,
slippage_00bps,slippage,FIXED_MA200_QQQ_TO_QLD,weekly,pre_tax,2013,2013-01-02,2026-08-31,0.0,next_open,False,phase8c_recomputed,False,3232948.639899292,31.32948639899292,0.2897909795163687,-0.4912898462305424,0.5898574573437887,0.9360220059307184,1.0441257964117168,0.16502537453732866,1.6106434155141311,23.0,0.0,0.0,16443187.337277047,254.63636363636363,211.0,662.0,,,,,,,,,,cf0cee1fa20a1f6ef967ee22a116b3bba0641a5168552edf88aafd26dad4e4f3,True,True,True,True
slippage_00bps,slippage,FIXED_MA200_QQQ_TO_QLD,weekly,after_tax,2013,2013-01-02,2026-08-31,0.0,next_open,False,phase8c_recomputed,False,1979462.6536330017,18.794626536330018,0.2442899938939711,-0.4912898462305424,0.4972420980573975,0.8169912792570205,0.8730611402896535,0.20590611234189313,1.6106434155141311,23.0,0.0,353911.52235798206,11809383.003733147,254.63636363636363,211.0,662.0,1879664.2121384153,0.2395863145166186,99798.44149458631,0.0,491254.9421343161,1979462.6536330017,0.2442899938939711,1879664.2121384153,0.2395863145166186,dad759bbefd429e5d76096d3457ceb4d166d5a08d1d395e49e579f33d61a4060,True,True,True,True
slippage_00bps,slippage,FIXED_MA200_QQQ_TO_QLD,monthly,pre_tax,2013,2013-01-02,2026-08-31,0.0,next_open,False,phase8c_recomputed,False,2918931.329612307,28.189313296123068,0.2801787076835742,-0.517154219036865,0.5417701284645265,0.8919972875226451,1.0127907502363906,0.15436891454373938,1.1713770294648227,17.0,0.0,0.0,14657903.085114326,353.875,358.0,671.0,,,,,,,,,,b1ff94f718b7579fe45501b9c13059786bccc3471d08d2694bb6b96587a9637c,True,True,True,True
slippage_00bps,slippage,FIXED_MA200_QQQ_TO_QLD,monthly,after_tax,2013,2013-01-02,2026-08-31,0.0,next_open,False,phase8c_recomputed,False,1783282.3054846402,16.8328230548464,0.23481857912814075,-0.5264071552477485,0.4460778634698186,0.7801369829937442,0.8635317226553219,0.19658160093769464,1.1713770294648227,17.0,0.0,384428.44594988046,10313258.781215433,353.875,358.0,671.0,1747655.3122805979,0.23299555274696604,35626.993204042396,0.0,175372.84373144177,1783282.3054846402,0.23481857912814075,1747655.3122805979,0.23299555274696604,87ea9f59b94c05cdbe27f72fe6f6e62de2586e7d29e01a5bbf7f5e2b3334d50f,True,True,True,True
slippage_00bps,slippage,FIXED_MA200_QQQ_TO_QLD,bimonthly,pre_tax,2013,2013-01-02,2026-08-31,0.0,next_open,False,phase8c_recomputed,False,4650119.544131755,45.50119544131755,0.3245758200995308,-0.517154219036865,0.6276190121855965,0.9582646211787651,1.0981719782612371,0.15514207291770762,0.7321106434155141,11.0,0.0,0.0,10525455.748690153,528.2,589.0,756.0,,,,,,,,,,023867e8c0e155ec97591c650d510c91b3ea03de498ad2b33523e687a8bb5c7d,True,True,True,True
slippage_00bps,slippage,FIXED_MA200_QQQ_TO_QLD,bimonthly,after_tax,2013,2013-01-02,2026-08-31,0.0,next_open,False,phase8c_recomputed,False,2850329.6000038055,27.503296000038056,0.27795163375543464,-0.517154219036865,0.537463726532261,0.8521370959083346,0.9521439770594465,0.20001381918847694,0.7321106434155141,11.0,0.0,444276.35337671224,7532071.588384314,528.2,589.0,756.0,2645621.7539512655,0.2709977181303662,204707.8460525399,0.0,1007668.4521414714,2850329.6000038055,0.27795163375543464,2645621.7539512655,0.2709977181303662,25a563a89b89da4a4f624f7acd66e3e03f0912742d96d80aca07296ecf8aab9b,True,True,True,True
slippage_00bps,slippage,FIXED_MA200_QQQ_TO_QLD,quarterly,pre_tax,2013,2013-01-02,2026-08-31,0.0,next_open,False,phase8c_recomputed,False,1294975.5687970996,11.949755687970997,0.20622924503319306,-0.517154219036865,0.3987770716001684,0.714453719863194,0.8091278422049235,0.1814088043976873,0.878532772098617,13.0,0.0,0.0,8774184.374491824,471.6666666666667,471.0,754.0,,,,,,,,,,b3365efc776bafe3a6c3fc54e5eaff22e37f0fc51bcb725b06db9d4620749d55,True,True,True,True
slippage_00bps,slippage,FIXED_MA200_QQQ_TO_QLD,quarterly,after_tax,2013,2013-01-02,2026-08-31,0.0,next_open,False,phase8c_recomputed,False,857497.0872711096,7.574970872711095,0.17036939316155042,-0.5405840446943373,0.3151580125859661,0.6246508066999933,0.6952323358534943,0.22006305462526793,0.878532772098617,13.0,0.0,204479.10963278677,6500343.419469606,471.6666666666667,471.0,754.0,857497.0872711096,0.17036939316155042,0.0,0.0,-44566.306826287066,857497.0872711096,0.17036939316155042,857497.0872711096,0.17036939316155042,d0d282612c5f7ccd1d628bfc1891ea2d3e3b065bf0c04a136adba92dd3dbe8eb,True,True,True,True
slippage_00bps,slippage,PHASE7A_FIXED_FOUR_STATE,weekly,pre_tax,2013,2013-01-02,2026-08-31,0.0,next_open,False,phase8c_recomputed,False,3470507.6292702747,33.70507629270275,0.2965038515877705,-0.49128984623054217,0.6035212285837338,0.9393752783927938,1.0464509804281439,0.1729358099204592,4.233636805626107,715.0,0.0,0.0,50435005.179688014,80.79245283018868,29.0,662.0,,,,,,,,,,9df7a466116d0f5bbea8a599acfed00d8cf6ac0a48bfd2908b515fdb18cd5381,True,True,True,True
slippage_00bps,slippage,PHASE7A_FIXED_FOUR_STATE,weekly,after_tax,2013,2013-01-02,2026-08-31,0.0,next_open,False,phase8c_recomputed,False,2075430.437948276,19.75430437948276,0.24861023864322096,-0.4912898462305423,0.5060357761323614,0.827003878624955,0.9207057209817145,0.18452390976927846,4.238950170707302,715.0,0.0,372305.7669015089,35287837.31350212,80.79245283018868,29.0,662.0,1970793.5948345559,0.24389022782686953,104636.84311372021,0.0,515071.83418026194,2075430.437948276,0.24861023864322096,1970793.5948345559,0.24389022782686953,56cbf996dfd50edd327ad03679881540826dec6648fe308081f840ff37412752,True,True,True,True
slippage_00bps,slippage,PHASE7A_FIXED_FOUR_STATE,monthly,pre_tax,2013,2013-01-02,2026-08-31,0.0,next_open,False,phase8c_recomputed,False,2987895.728396237,28.878957283962368,0.282369186408981,-0.517154219036865,0.5460057677473042,0.883486785953276,1.0010114923643014,0.16261591407787565,2.6887382068398415,211.0,0.0,0.0,33845479.38601207,121.44444444444444,43.0,671.0,,,,,,,,,,ee45e23c3326bfb7e91c098819d82a40473ad1384e28f205a0fd2e5b4123c148,True,True,True,True
slippage_00bps,slippage,PHASE7A_FIXED_FOUR_STATE,monthly,after_tax,2013,2013-01-02,2026-08-31,0.0,next_open,False,phase8c_recomputed,False,1772292.7602258276,16.722927602258277,0.2342598737451851,-0.517154219036865,0.4529787539613711,0.7727994461277723,0.8741570085925092,0.18326426134304408,2.68877095795685,211.0,0.0,381902.28241325705,23291518.944136415,121.44444444444444,43.0,671.0,1736885.3197269554,0.23243767220959488,35407.44049887215,0.0,174292.10188959958,1772292.7602258276,0.2342598737451851,1736885.3197269554,0.23243767220959488,b859d7f1086d114935834d0579d1b878831896bb7bad54532c6e45d400ef7054,True,True,True,True
slippage_00bps,slippage,PHASE7A_FIXED_FOUR_STATE,bimonthly,pre_tax,2013,2013-01-02,2026-08-31,0.0,next_open,False,phase8c_recomputed,False,4861317.720233321,47.61317720233321,0.32889006956324063,-0.530577562749595,0.6198718013231548,0.9521490655961827,1.0904634653210754,0.1628323573113167,1.6595803278934829,107.0,0.0,0.0,28629807.372454975,184.77272727272728,84.5,756.0,,,,,,,,,,17d45d8fb85322f2f922c2e922245dc3d2d46c77d273b60f5507a3e67de36c10,True,True,True,True
slippage_00bps,slippage,PHASE7A_FIXED_FOUR_STATE,bimonthly,after_tax,2013,2013-01-02,2026-08-31,0.0,next_open,False,phase8c_recomputed,False,2831861.6308519235,27.318616308519236,0.2773436070946076,-0.5326837090383538,0.5206534429132289,0.8433014839164074,0.9615169172521377,0.18606347568931686,1.6594562538437947,107.0,0.0,491038.51236620534,19326241.671212353,184.77272727272728,84.5,756.0,2668167.9791233665,0.27178759333631475,163693.65172855716,0.0,862029.1429933631,2831861.6308519235,0.2773436070946076,2668167.9791233665,0.27178759333631475,230f5b05705038c84aa4e4394d023f84ad6dbfbf60c4c25200f9b3b15fa8190c,True,True,True,True
slippage_00bps,slippage,PHASE7A_FIXED_FOUR_STATE,quarterly,pre_tax,2013,2013-01-02,2026-08-31,0.0,next_open,False,phase8c_recomputed,False,1212259.7454986866,11.122597454986865,0.20041439124759086,-0.5563239872438749,0.3602476180120839,0.6847418544194718,0.7669523744116513,0.1961357836410029,1.5756066012342054,87.0,0.0,0.0,14889271.857927678,238.31578947368422,126.0,754.0,,,,,,,,,,742ac8b050b7d4c847613896f6b51f961db7bc0c1913c2db3e9abe74c97e98f9,True,True,True,True
slippage_00bps,slippage,PHASE7A_FIXED_FOUR_STATE,quarterly,after_tax,2013,2013-01-02,2026-08-31,0.0,next_open,False,phase8c_recomputed,False,812468.1840575987,7.124681840575986,0.16575662489809817,-0.5563239872438749,0.2979498074840977,0.6037085043287503,0.6766962210264027,0.21414803676637187,1.5719957750118525,87.0,0.0,192402.75037203848,11189686.318610638,238.31578947368422,126.0,754.0,812468.1840575987,0.16575662489809817,0.0,0.0,-42226.04008199915,812468.1840575987,0.16575662489809817,812468.1840575987,0.16575662489809817,bf5ddf911ff395352bcb3b3a3c4a0499114772062423c702ba4c31e2f442954a,True,True,True,True
slippage_00bps,slippage,QQQ_BUY_HOLD,none,benchmark,2013,2013-01-02,2026-08-31,0.0,next_open,False,phase8c_recomputed_benchmark,False,1201110.1467170245,11.011101467170246,0.19960262785106275,-0.3511873004637489,0.568365164649986,0.9791517506274672,1.252340492094005,0.09107412108132659,0.0,1.0,0.0,0.0,100000.0,,,,,,,,,,,,,65c51331514bb8b4498a557edc60a09561abfa31bd2a1cc40cc928d4e3bbd49c,True,True,,
slippage_05bps,slippage,FIXED_MA200_QQQ_TO_QLD,weekly,pre_tax,2013,2013-01-02,2026-08-31,5.0,next_open,False,phase8c_recomputed,False,3195983.088569843,30.95983088569843,0.2887055380603327,-0.49154420130742715,0.5873440013989042,0.9334520392252198,1.0409826980715282,0.1656303941824654,1.6102409558900648,23.0,8150.938509827835,0.0,16301877.019655671,254.63636363636363,211.0,662.0,,,,,,,,,,9efe41b46e693752c0e4195ab7105a36b9f71a0e70efcfc4b11e9e345250f97b,True,True,True,True
slippage_05bps,slippage,FIXED_MA200_QQQ_TO_QLD,weekly,after_tax,2013,2013-01-02,2026-08-31,5.0,next_open,False,phase8c_recomputed,False,1959465.6599048597,18.594656599048598,0.2433653866709211,-0.49154420130742715,0.49510376894612734,0.8147642512203888,0.8704369459031285,0.20649548265364465,1.6102409558900646,23.0,5861.177501005109,350266.4642793222,11722355.002010215,254.63636363636363,211.0,662.0,1860044.343050618,0.23863444148778679,98441.5840242894,979.7328299524299,484575.85047644307,1959465.6599048597,0.2433653866709211,1860044.343050618,0.23863444148778679,1fede1f95a7f5e77197231aaf27ec6bd8a474ef13d00d11aacb136ce1747a025,True,True,True,True
slippage_05bps,slippage,FIXED_MA200_QQQ_TO_QLD,monthly,pre_tax,2013,2013-01-02,2026-08-31,5.0,next_open,False,phase8c_recomputed,False,2894225.921302085,27.942259213020847,0.2793823195597005,-0.517154219036865,0.5402301852627541,0.8901940311565006,1.0107627452187384,0.1548537299186674,1.1710843315564108,17.0,7281.567258123298,0.0,14563134.516246598,353.875,358.0,671.0,,,,,,,,,,d6dcae2a03878d90a67a1b00ce64e6f07ca23849c4826897de217937d94719d9,True,True,True,True
slippage_05bps,slippage,FIXED_MA200_QQQ_TO_QLD,monthly,after_tax,2013,2013-01-02,2026-08-31,5.0,next_open,False,phase8c_recomputed,False,1769857.633320696,16.698576333206958,0.23413563812300442,-0.5277782114525625,0.4436250550749552,0.7785336829239019,0.861672992899224,0.19708695763191247,1.1710843315564108,17.0,5127.799112943163,381545.9388345738,10255598.225886326,353.875,358.0,671.0,1733955.780944371,0.232285368855226,35016.92355966473,884.928816660348,172369.79354991252,1769857.633320696,0.23413563812300442,1733955.780944371,0.232285368855226,acbeb9b3c45dcab86924ff4a914c0d3f75f9a1e9d29bae45f6bf7f7159c14c58,True,True,True,True
slippage_05bps,slippage,FIXED_MA200_QQQ_TO_QLD,bimonthly,pre_tax,2013,2013-01-02,2026-08-31,5.0,next_open,False,phase8c_recomputed,False,4624614.666887557,45.24614666887557,0.3240425847073214,-0.517154219036865,0.6265879166775631,0.9571542490899978,1.0969903844182736,0.15548140637627103,0.7319277072227567,11.0,5240.387007301004,0.0,10480774.01460201,528.2,589.0,756.0,,,,,,,,,,8fa970c187aa9a0f2b23b84633d4faa2b3d01ef36874c153df8ff8eda152826d,True,True,True,True
slippage_05bps,slippage,FIXED_MA200_QQQ_TO_QLD,bimonthly,after_tax,2013,2013-01-02,2026-08-31,5.0,next_open,False,phase8c_recomputed,False,2836157.035227638,27.36157035227638,0.2774853532920951,-0.517154219036865,0.5365620990366797,0.8511128880871827,0.9509531373357164,0.20034057942807765,0.7319277072227567,11.0,3752.050575793168,442174.2521968832,7504101.151586335,528.2,589.0,756.0,2631523.2905174694,0.27050062206002323,203215.666192555,1418.078517613819,1000323.2399338174,2836157.035227638,0.2774853532920951,2631523.2905174694,0.27050062206002323,2926bac60da099c8cc349beacc11517373bee2382ee56f3c79641ca6f0b90f6d,True,True,True,True
slippage_05bps,slippage,FIXED_MA200_QQQ_TO_QLD,quarterly,pre_tax,2013,2013-01-02,2026-08-31,5.0,next_open,False,phase8c_recomputed,False,1286585.6849092103,11.865856849092102,0.20565538195025668,-0.517154219036865,0.3976674159852434,0.713081924083211,0.8075560339442042,0.18176438370688766,0.8783132486673081,13.0,4367.591201681437,0.0,8735182.403362874,471.6666666666667,471.0,754.0,,,,,,,,,,8bc6cee6d86e51cef35e68c59fe6a06ef1691d870ed5aa882ff23804df6f92a0,True,True,True,True
slippage_05bps,slippage,FIXED_MA200_QQQ_TO_QLD,quarterly,after_tax,2013,2013-01-02,2026-08-31,5.0,next_open,False,phase8c_recomputed,False,852619.0391875535,7.526190391875534,0.1698806725755826,-0.540984034685682,0.31402160079323826,0.6234478883509681,0.693784783914769,0.22044071488501288,0.8783132486673081,13.0,3237.7509040037735,203285.19216208084,6475501.808007548,471.6666666666667,471.0,754.0,852192.7296679597,0.16983783854557255,0.0,426.3095195937767,-45187.55767811055,852619.0391875535,0.1698806725755826,852192.7296679597,0.16983783854557255,533a8c7d3d494804b3a3351ab77e134dcd4bb401ba1835eb8a011e555e89202d,True,True,True,True
slippage_05bps,slippage,PHASE7A_FIXED_FOUR_STATE,weekly,pre_tax,2013,2013-01-02,2026-08-31,5.0,next_open,False,phase8c_recomputed,False,3369913.069968776,32.69913069968776,0.2937149320071264,-0.49154420130742704,0.5975351376862809,0.9330037812350777,1.0392548838347484,0.17385592937852046,4.23282511433443,715.0,24679.176395236445,0.0,49358352.79047289,80.79245283018868,29.0,662.0,,,,,,,,,,6eb0934dc86fb67441d683a6cb4f1d1fb715c218ea4eb9cf803cfd1f1493dcb2,True,True,True,True
slippage_05bps,slippage,PHASE7A_FIXED_FOUR_STATE,weekly,after_tax,2013,2013-01-02,2026-08-31,5.0,next_open,False,phase8c_recomputed,False,2024678.608711297,19.24678608711297,0.24634914496060945,-0.49154420130742715,0.5011739418456388,0.821616870833453,0.9146321246441657,0.18545682654696946,4.238145732662698,715.0,17335.97913272432,362772.1473872192,34671958.26544864,80.79245283018868,29.0,662.0,1921948.4524224314,0.24160684672143873,101717.81698450976,1012.3393043556484,500703.012476051,2024678.608711297,0.24634914496060945,1921948.4524224314,0.24160684672143873,027ab1d1a1c31001ec332a8f6913a55f6187cff81ab75f95b034a5481669a296,True,True,True,True
slippage_05bps,slippage,PHASE7A_FIXED_FOUR_STATE,monthly,pre_tax,2013,2013-01-02,2026-08-31,5.0,next_open,False,phase8c_recomputed,False,2932064.4400988813,28.32064440098881,0.28059951882373535,-0.517154219036865,0.5425838337862096,0.8795691845862122,0.9965800259780676,0.16326769586568768,2.6882107735684126,211.0,16684.81289451728,0.0,33369625.78903456,121.44444444444444,43.0,671.0,,,,,,,,,,cbc33a31ca7fad519d139487eebfa5420e4476b70f6913f3090508e197873c95,True,True,True,True
slippage_05bps,slippage,PHASE7A_FIXED_FOUR_STATE,monthly,after_tax,2013,2013-01-02,2026-08-31,5.0,next_open,False,phase8c_recomputed,False,1744023.8158846553,16.440238158846554,0.23280779986772338,-0.5171542190368649,0.45017093798692936,0.7694509569865967,0.8703144858849509,0.18387476591432572,2.68827503817139,211.0,11510.838727089049,375604.55761225655,23021677.4541781,121.44444444444444,43.0,671.0,1708646.0067321716,0.23095952135220932,34505.79724454136,872.0119079423276,169853.78904524422,1744023.8158846553,0.23280779986772338,1708646.0067321716,0.23095952135220932,9575e90f6c82e36ee6377e69c94d9626b53d19265b4525bb41106acc37f33f54,True,True,True,True
slippage_05bps,slippage,PHASE7A_FIXED_FOUR_STATE,bimonthly,pre_tax,2013,2013-01-02,2026-08-31,5.0,next_open,False,phase8c_recomputed,False,4804128.440633415,47.04128440633415,0.32773925474938426,-0.5306679735877728,0.617597577132052,0.9498271662767692,1.0878161691742836,0.1632189577404268,1.6592188537094275,107.0,14186.742264064547,0.0,28373484.528129097,184.77272727272728,84.5,756.0,,,,,,,,,,7119ad1d2457f39314c15398fc1959f461425e4723c9d5af69176d8edca78c3e,True,True,True,True
slippage_05bps,slippage,PHASE7A_FIXED_FOUR_STATE,bimonthly,after_tax,2013,2013-01-02,2026-08-31,5.0,next_open,False,phase8c_recomputed,False,2802842.30092145,27.0284230092145,0.2763807300483929,-0.532755752914756,0.5187756838594204,0.8412572480370397,0.959146302767386,0.1864369754443821,1.6591224022625333,107.0,9590.352130968244,486083.3809603089,19180704.261936493,184.77272727272728,84.5,756.0,2639978.7071637353,0.27079904596435544,161462.17260725357,1401.421150460725,850900.7179941162,2802842.30092145,0.2763807300483929,2639978.7071637353,0.27079904596435544,81a8c870b6ea0b88d6cff14a0d6538a1f3205ff699af8723dea467ff90d4be4c,True,True,True,True
slippage_05bps,slippage,PHASE7A_FIXED_FOUR_STATE,quarterly,pre_tax,2013,2013-01-02,2026-08-31,5.0,next_open,False,phase8c_recomputed,False,1198685.4204534946,10.986854204534946,0.19942516779381925,-0.556323987243875,0.35846947528149187,0.6824833525704452,0.7643967757280549,0.19655202239563593,1.5752772776706632,87.0,7389.522915566721,0.0,14779045.831133444,238.31578947368422,126.0,754.0,,,,,,,,,,779553276b41732a789c3a86326e1f809a2971c82cd08ca0b67cec177c3f5810,True,True,True,True
slippage_05bps,slippage,PHASE7A_FIXED_FOUR_STATE,quarterly,after_tax,2013,2013-01-02,2026-08-31,5.0,next_open,False,phase8c_recomputed,False,804698.860108072,7.04698860108072,0.16493685200707842,-0.556323987243875,0.2964762544649639,0.6017785127848664,0.6744839462377773,0.21451921617994435,1.5716818591352535,87.0,5560.313880515897,190426.9920343307,11120627.761031792,238.31578947368422,126.0,754.0,804296.510678018,0.1648941989901953,0.0,402.349430054036,-42647.858519899426,804698.860108072,0.16493685200707842,804296.510678018,0.1648941989901953,ba8de16abf3395e46aa25fe5c9d6a6e2db11f64b39eb83b041ce487b33568c57,True,True,True,True
slippage_05bps,slippage,QQQ_BUY_HOLD,none,benchmark,2013,2013-01-02,2026-08-31,5.0,next_open,False,phase8c_recomputed_benchmark,False,1200509.8917711389,11.005098917711388,0.19955872753614345,-0.351187300463749,0.5682401592330436,0.9789796926732859,1.2521140678226426,0.09107412108132662,0.0,1.0,49.97501249375313,0.0,99950.02498750626,,,,,,,,,,,,,6a4c62557176f2780606ebeeb8a690a6f793edcb6b9ed5ea6012f23f2ece60bd,True,True,,
slippage_10bps,slippage,FIXED_MA200_QQQ_TO_QLD,weekly,pre_tax,2013,2013-01-02,2026-08-31,10.0,next_open,False,phase8c_recomputed,False,3159440.9732379243,30.594409732379244,0.28762103309758724,-0.4917985563843118,0.584835049562098,0.9308802274856827,1.0380135536508346,0.16623759820736098,1.6098388983235645,23.0,16161.906552092041,0.0,16161906.552092042,254.63636363636363,211.0,662.0,,,,,,,,,,f6f13d123135d78913501edeb6fe798d071325873750ad6b1bdb08342da0af31,True,True,True,True
slippage_10bps,slippage,FIXED_MA200_QQQ_TO_QLD,weekly,after_tax,2013,2013-01-02,2026-08-31,10.0,next_open,False,phase8c_recomputed,False,1939676.4376500223,18.396764376500222,0.24244173648636513,-0.4917985563843118,0.49296959769217197,0.8125370416869271,0.8680131798447938,0.20708703231550588,1.6098388983235645,23.0,11636.068352199989,346657.4369532773,11636068.35219999,254.63636363636363,211.0,662.0,1840634.516808298,0.2376835579154315,97102.24440407434,1939.6764376500223,477982.98992899014,1939676.4376500223,0.24244173648636513,1840634.516808298,0.2376835579154315,044e5f1addf643530f5b1a91369a2ec143b2ef90c824aa0025261053be2c827a,True,True,True,True
slippage_10bps,slippage,FIXED_MA200_QQQ_TO_QLD,monthly,pre_tax,2013,2013-01-02,2026-08-31,10.0,next_open,False,phase8c_recomputed,False,2869730.3211950352,27.697303211950352,0.278586449865865,-0.517154219036865,0.5386912445279812,0.8883893549957393,1.0086659453526676,0.15534857661705453,1.1707919260535016,17.0,14469.034881649433,0.0,14469034.88164943,353.875,358.0,671.0,,,,,,,,,,f7104d8407b68186ffb89007b17a0df7ec09ac7263845027ba12d725dbf9387e,True,True,True,True
slippage_10bps,slippage,FIXED_MA200_QQQ_TO_QLD,monthly,after_tax,2013,2013-01-02,2026-08-31,10.0,next_open,False,phase8c_recomputed,False,1756537.3620908188,16.56537362090819,0.2334532464918484,-0.5291452564262327,0.4411893400850958,0.776930144570438,0.859743073908956,0.19759329443167908,1.1707919260535016,17.0,10198.3077523821,378684.3684044465,10198307.752382098,353.875,358.0,671.0,1720366.7391481702,0.2315757565713339,34414.08558055777,1756.5373620908188,169402.34103154205,1756537.3620908188,0.2334532464918484,1720366.7391481702,0.2315757565713339,8dd5169b3dde8fcdae1bd70f697f4b75cbdc9b25b364ef036ff49b1344fa0838,True,True,True,True
slippage_10bps,slippage,FIXED_MA200_QQQ_TO_QLD,bimonthly,pre_tax,2013,2013-01-02,2026-08-31,10.0,next_open,False,phase8c_recomputed,False,4599250.815419809,44.99250815419809,0.32350958793749207,-0.517154219036865,0.6255572825838842,0.9560430200380853,1.0957236871520535,0.15582151512678055,0.7317449537834385,11.0,10436.300049270587,0.0,10436300.049270587,528.2,589.0,756.0,,,,,,,,,,f5d5d9572c9348a6f7e0df636647ff960eb0d752404510d5e7cc1893b3d0b09b,True,True,True,True
slippage_10bps,slippage,FIXED_MA200_QQQ_TO_QLD,bimonthly,after_tax,2013,2013-01-02,2026-08-31,10.0,next_open,False,phase8c_recomputed,False,2822057.5269978195,27.220575269978195,0.2770193286613285,-0.517154219036865,0.5356609662341,0.8500884902911361,0.9496749855512917,0.2006675892631485,0.7317449537834385,11.0,7476.250252132118,440081.8678850547,7476250.252132117,528.2,589.0,756.0,2617502.02027203,0.2700037936806805,201733.44919879164,2822.0575269978194,993027.0696470176,2822057.5269978195,0.2770193286613285,2617502.02027203,0.2700037936806805,64463dcda43eab70b5806bec47113939f8330283d045aef5240dada4ec90ae67,True,True,True,True
slippage_10bps,slippage,FIXED_MA200_QQQ_TO_QLD,quarterly,pre_tax,2013,2013-01-02,2026-08-31,10.0,next_open,False,phase8c_recomputed,False,1278250.4727848007,11.782504727848007,0.20508181365207045,-0.517154219036865,0.396558330383555,0.7117095343662777,0.805983167418193,0.1821202858935914,0.8780939445401262,13.0,8696.378782465612,0.0,8696378.782465613,471.6666666666667,471.0,754.0,,,,,,,,,,1da93286185a9544fd6fe90f3ac9d9152e3368597271f7f7bcba342730b4c500,True,True,True,True
slippage_10bps,slippage,FIXED_MA200_QQQ_TO_QLD,quarterly,after_tax,2013,2013-01-02,2026-08-31,10.0,next_open,False,phase8c_recomputed,False,847769.7155941026,7.477697155941026,0.16939225450053907,-0.5413836250866257,0.31288765794021745,0.6222450576016958,0.6923373332152,0.22081861825209184,0.8780939445401262,13.0,6450.773930990452,202097.67780287954,6450773.930990452,471.6666666666667,471.0,754.0,846921.9458785085,0.16930660235111916,0.0,847.7697155941026,-45800.35073593736,847769.7155941026,0.16939225450053907,846921.9458785085,0.16930660235111916,6e6dc027b4a9bf95fc727a907f21b8e542bbce96e8b692ae678274c42a24bb01,True,True,True,True
slippage_10bps,slippage,PHASE7A_FIXED_FOUR_STATE,weekly,pre_tax,2013,2013-01-02,2026-08-31,10.0,next_open,False,phase8c_recomputed,False,3272234.176087247,31.722341760872474,0.29093200814561926,-0.4917985563843118,0.5915674301375398,0.9266283535909412,1.0322526915022647,0.17478266390073452,4.232014762466872,715.0,48306.96975070019,0.0,48306969.75070019,80.79245283018868,29.0,662.0,,,,,,,,,,e0401d68601e32331d96c1a1ab6a652662dd291fe5415c7dce3ee1afacc4a060,True,True,True,True
slippage_10bps,slippage,PHASE7A_FIXED_FOUR_STATE,weekly,after_tax,2013,2013-01-02,2026-08-31,10.0,next_open,False,phase8c_recomputed,False,1975181.1419294553,18.751811419294555,0.2440927589614359,-0.4917985563843119,0.4963267089598604,0.8162297275760432,0.9086557961703906,0.18639594326972034,4.2373484435293065,715.0,34068.271623697525,353469.46559224714,34068271.62369752,80.79245283018868,29.0,662.0,1874326.3135107267,0.23932825747045694,98879.64727679921,1975.1811419294554,486732.2041683446,1975181.1419294553,0.2440927589614359,1874326.3135107267,0.23932825747045694,0d061f0561a834254b5bc608f87351854cb9220a0aae35ba5c55be51affd6aaf,True,True,True,True
slippage_10bps,slippage,PHASE7A_FIXED_FOUR_STATE,monthly,pre_tax,2013,2013-01-02,2026-08-31,10.0,next_open,False,phase8c_recomputed,False,2877278.1894493494,27.772781894493495,0.2788323514312865,-0.517154219036865,0.539166734345853,0.8756496676444429,0.9922133945247553,0.16392148838652862,2.6876841751827687,211.0,32901.092209067756,0.0,32901092.209067754,121.44444444444444,43.0,671.0,,,,,,,,,,f7ee75c49d61e96c01f931c7a0d14436f24c6ae1b1c0ae94bc67712326bf7f56,True,True,True,True
slippage_10bps,slippage,PHASE7A_FIXED_FOUR_STATE,monthly,after_tax,2013,2013-01-02,2026-08-31,10.0,next_open,False,phase8c_recomputed,False,1716184.952188347,16.16184952188347,0.23135634051974385,-0.517154219036865,0.4473643103030583,0.7660998153805079,0.8664546687498573,0.1844905431580774,2.6878266725657727,211.0,22755.169051219582,369399.2960111946,22755169.051219586,121.44444444444444,43.0,671.0,1680845.2661986547,0.22948204238605885,33623.50103750404,1716.184952188347,165510.71148168365,1716184.952188347,0.23135634051974385,1680845.2661986547,0.22948204238605885,08e8eb425c9a2dd0251c3748ed5eb6ac69fb8ab83ad767ce23ca6c709d29704b,True,True,True,True
slippage_10bps,slippage,PHASE7A_FIXED_FOUR_STATE,bimonthly,pre_tax,2013,2013-01-02,2026-08-31,10.0,next_open,False,phase8c_recomputed,False,4747614.966142368,46.476149661423676,0.3265894983529154,-0.5307582941054331,0.6153262266082264,0.9475038893357571,1.0851646966029131,0.16360642519454893,1.65885790737711,107.0,28119.648192634162,0.0,28119648.19263416,184.77272727272728,84.5,756.0,,,,,,,,,,27e54b3087a82f41e9c528f5a2d128e44e8bb8a8691e4404e947b9129e5f864a,True,True,True,True
slippage_10bps,slippage,PHASE7A_FIXED_FOUR_STATE,bimonthly,after_tax,2013,2013-01-02,2026-08-31,10.0,next_open,False,phase8c_recomputed,False,2774126.51211984,26.7412651211984,0.27541878641719264,-0.5328277248192534,0.5169002542249853,0.839212861603452,0.9567733894962343,0.18681108410590916,1.6587889928346244,107.0,19036.39744785164,481176.7154524762,19036397.44785163,184.77272727272728,84.5,756.0,2612092.814179818,0.269811464807034,159259.57142790165,2774.12651211984,839911.7668437806,2774126.51211984,0.27541878641719264,2612092.814179818,0.269811464807034,c3c89f786be9b2e6b26d6c93d160082d8e63f4da40f6dd7e6272dde9271f922b,True,True,True,True
slippage_10bps,slippage,PHASE7A_FIXED_FOUR_STATE,quarterly,pre_tax,2013,2013-01-02,2026-08-31,10.0,next_open,False,phase8c_recomputed,False,1185263.1143900128,10.852631143900128,0.19843676100496888,-0.556323987243875,0.35669280051730073,0.6802241149923063,0.7618405185445107,0.196969264267085,1.5749484210554332,87.0,14669.760954900572,0.0,14669760.95490057,238.31578947368422,126.0,754.0,,,,,,,,,,0a5d6a2731018d46dc7906eddfc67fc370a34ea9e1c176c7f41b91ac55d657aa,True,True,True,True
slippage_10bps,slippage,PHASE7A_FIXED_FOUR_STATE,quarterly,after_tax,2013,2013-01-02,2026-08-31,10.0,next_open,False,phase8c_recomputed,False,797005.3174358672,6.9700531743586716,0.1641178145125295,-0.556323987243875,0.2950040233310763,0.5998487633939614,0.6722710363874824,0.21489080327692914,1.571368337407473,87.0,11052.079597230277,188469.49423343822,11052079.597230278,238.31578947368422,126.0,754.0,796208.3121184313,0.16403254868952866,0.0,797.0053174358671,-43057.82856537809,797005.3174358672,0.1641178145125295,796208.3121184313,0.16403254868952866,3629eb9a00a9f1df5a4f2d9c7275ec269c9df1ee6d0bb462d7519ef2e824c9ce,True,True,True,True
slippage_10bps,slippage,QQQ_BUY_HOLD,none,benchmark,2013,2013-01-02,2026-08-31,10.0,next_open,False,phase8c_recomputed_benchmark,False,1199910.236480544,10.999102364805442,0.19951485076029152,-0.35118730046374913,0.5681152208432041,0.9788073872384715,1.2518878697493527,0.09107412108132663,0.0,1.0,99.90009990009992,0.0,99900.09990009991,,,,,,,,,,,,,c342ef4a7960ee7629fa5eb50cfe92154bc2c1d255523a0a7845aec77154373b,True,True,,
slippage_20bps,slippage,FIXED_MA200_QQQ_TO_QLD,weekly,pre_tax,2013,2013-01-02,2026-08-31,20.0,next_open,False,phase8c_recomputed,False,3087607.5985592445,29.876075985592447,0.2854548271809425,-0.4923072665380813,0.5798306191746243,0.9257312034912267,1.0318025989250157,0.1674602052985254,1.6090359869557334,23.0,31771.864015372383,0.0,15885932.007686192,254.63636363636363,211.0,662.0,,,,,,,,,,d7492d7956ccdd137d34dd718aaedf963c4f48ead74c71acf97ae64ed5d7848b,True,True,True,True
slippage_20bps,slippage,FIXED_MA200_QQQ_TO_QLD,weekly,after_tax,2013,2013-01-02,2026-08-31,20.0,next_open,False,phase8c_recomputed,False,1900472.3647582077,18.004723647582075,0.24058582865636513,-0.4923072665380813,0.48869038709944607,0.8080591330059721,0.8628190869969261,0.20827149170107115,1.6090359869557334,23.0,22928.722308682343,339499.9029469048,11464361.15434117,254.63636363636363,211.0,662.0,1802208.1187131037,0.23577332486840752,94463.30131558751,3800.9447295164155,464992.8688928748,1900472.3647582077,0.24058582865636513,1802208.1187131037,0.23577332486840752,48d39644ec1e9c636f12d0d072d73f8404d0f1ba30b490a6dd24dcb8c5386af7,True,True,True,True
slippage_20bps,slippage,FIXED_MA200_QQQ_TO_QLD,monthly,pre_tax,2013,2013-01-02,2026-08-31,20.0,next_open,False,phase8c_recomputed,False,2821361.3620235226,27.213613620235225,0.27699626277493405,-0.517154219036865,0.5356163646712676,0.8847758100159803,1.0044668333403368,0.15634281228064661,1.170207990513261,17.0,28565.645240277096,0.0,14282822.620138548,353.875,358.0,671.0,,,,,,,,,,e0a2cbb83e1ebd426dd8679e8196ee02af38c44b8f375a53f83f6fbd51be5ca9,True,True,True,True
slippage_20bps,slippage,FIXED_MA200_QQQ_TO_QLD,monthly,after_tax,2013,2013-01-02,2026-08-31,20.0,next_open,False,phase8c_recomputed,False,1730206.6792803535,16.302066792803537,0.23209010910287375,-0.5318673626461595,0.43636839821900963,0.7737224034859893,0.8558833044376926,0.19860878666738327,1.170207990513261,17.0,20169.653661320073,373023.41156484734,10084826.830660036,353.875,358.0,671.0,1693516.4675052292,0.23015824446567956,33229.798416563586,3460.413358560707,163572.72171579418,1730206.6792803535,0.23209010910287375,1693516.4675052292,0.23015824446567956,8579e965beb3cdca511232ac8b734f57c1a21e23ebb577fd06ae796270ec47df,True,True,True,True
slippage_20bps,slippage,FIXED_MA200_QQQ_TO_QLD,bimonthly,pre_tax,2013,2013-01-02,2026-08-31,20.0,next_open,False,phase8c_recomputed,False,4548943.000327056,44.48943000327056,0.3224443087388884,-0.517154219036865,0.6234973956886605,0.9538180173513654,1.0931843920193371,0.15650396078891107,0.7313799940707882,11.0,20695.942592256757,0.0,10347971.296128377,528.2,589.0,756.0,,,,,,,,,,766a54b64c6fc938911d740f1a4093a5100d8f56653abe275f403d9cbb269936,True,True,True,True
slippage_20bps,slippage,FIXED_MA200_QQQ_TO_QLD,bimonthly,after_tax,2013,2013-01-02,2026-08-31,20.0,next_open,False,phase8c_recomputed,False,2794076.1079930793,26.940761079930795,0.27608804565829637,-0.517154219036865,0.5338601823117208,0.8480391454451504,0.9471166171214727,0.20132390696715674,0.7313799940707882,11.0,14841.809648621853,435926.06247514515,7420904.824310926,528.2,589.0,756.0,2589689.3104442963,0.2690109387003585,198798.64533279714,5588.152215986159,978580.5824897718,2794076.1079930793,0.27608804565829637,2589689.3104442963,0.2690109387003585,14e8d7a2ca4980e33dfa3e20c5d0fa18a1414fa860da8ab301de2632d276c2ba,True,True,True,True
slippage_20bps,slippage,FIXED_MA200_QQQ_TO_QLD,quarterly,pre_tax,2013,2013-01-02,2026-08-31,20.0,next_open,False,phase8c_recomputed,False,1261742.61661239,11.617426166123899,0.2039355596206034,-0.5171542190368651,0.3943418657599039,0.7089630101033076,0.802834313393913,0.18283303652702093,0.8776559928849459,13.0,17238.72443665984,0.0,8619362.218329918,471.6666666666667,471.0,754.0,,,,,,,,,,f652a569e09ac466526c9219ab85451755289438dc6218de291a7465e9fd1c5a,True,True,True,True
slippage_20bps,slippage,FIXED_MA200_QQQ_TO_QLD,quarterly,after_tax,2013,2013-01-02,2026-08-31,20.0,next_open,False,phase8c_recomputed,False,838156.5387614671,7.381565387614671,0.16841632441247967,-0.5421816095100676,0.3106271431166136,0.6198396843514594,0.6894427806580803,0.22157513042193458,0.8776559928849458,13.0,12803.314123732096,199741.71569420423,6401657.061866048,471.6666666666667,471.0,754.0,836480.2256839442,0.1682450836461924,0.0,1676.3130775229342,-47000.87769250991,838156.5387614671,0.16841632441247967,836480.2256839442,0.1682450836461924,327f7bafe420010a1b0e6331c33030f88140ed77675821d6d13ff9837b7fe987,True,True,True,True
slippage_20bps,slippage,PHASE7A_FIXED_FOUR_STATE,weekly,pre_tax,2013,2013-01-02,2026-08-31,20.0,next_open,False,phase8c_recomputed,False,3085287.54652433,29.8528754652433,0.28538408793406345,-0.4923072665380813,0.5796869299551324,0.9138662854776098,1.017800102548188,0.17665240549478334,4.230398070931601,715.0,92555.09356590638,0.0,46277546.782953195,80.79245283018868,29.0,662.0,,,,,,,,,,8c4b43b444b8ecefdb629ba7c21377dc0beb08e3db0fd154d7e4a709b5f11cfc,True,True,True,True
slippage_20bps,slippage,PHASE7A_FIXED_FOUR_STATE,weekly,after_tax,2013,2013-01-02,2026-08-31,20.0,next_open,False,phase8c_recomputed,False,1879838.2324832317,17.798382324832318,0.23959471597372617,-0.4923072665380812,0.48667718772173135,0.8054598722995153,0.8964672723877896,0.18829773526187737,4.235744315229479,715.0,65792.72702383858,335537.02752705954,32896363.511919294,80.79245283018868,29.0,662.0,1782640.8777480961,0.23478605692865484,93437.67827016911,3759.6764649664633,459944.26911232644,1879838.2324832317,0.23959471597372617,1782640.8777480961,0.23478605692865484,1c46d7d54392be6726ed941bfeafd548abbf4be25a4130b890bf7dbd40181f78,True,True,True,True
slippage_20bps,slippage,PHASE7A_FIXED_FOUR_STATE,monthly,pre_tax,2013,2013-01-02,2026-08-31,20.0,next_open,False,phase8c_recomputed,False,2770762.639370426,26.70762639370426,0.27530549761613154,-0.517154219036865,0.5323470011109135,0.8678050891931128,0.9833403235836098,0.16523490424286905,2.6866334792007236,211.0,63971.03334637576,0.0,31985516.67318788,121.44444444444444,43.0,671.0,,,,,,,,,,c92f66950b90c1ae686fa22b2eeb1577f0b46c55d0d573c145dd463fd5df50ff,True,True,True,True
slippage_20bps,slippage,PHASE7A_FIXED_FOUR_STATE,monthly,after_tax,2013,2013-01-02,2026-08-31,20.0,next_open,False,phase8c_recomputed,False,1661863.242876982,15.618632428769821,0.22846016914288558,-0.519302989494647,0.439936171685067,0.7593995828999772,0.8587337988969013,0.18573350876433312,2.686909951096485,211.0,44465.22673010889,357281.90576732723,22232613.365054447,121.44444444444444,43.0,671.0,1626622.300247046,0.22653399609642166,31917.216144182265,3323.7264857539644,157111.57343924325,1661863.242876982,0.22846016914288558,1626622.300247046,0.22653399609642166,ee8a2f6acc9a006a949855d07b0b28d92bbb3ab9f060482cddbe44992b2fbc0e,True,True,True,True
slippage_20bps,slippage,PHASE7A_FIXED_FOUR_STATE,bimonthly,pre_tax,2013,2013-01-02,2026-08-31,20.0,next_open,False,phase8c_recomputed,False,4636583.286626457,45.365832866264576,0.3242931534560325,-0.530938664720042,0.6107921215853221,0.942853280020964,1.0798494101253886,0.16438390585135068,1.6581375957225866,107.0,55238.66778785691,0.0,27619333.893928453,184.77272727272728,84.5,756.0,,,,,,,,,,cae0611609115b81de6f59327615eebdb20d737c822ef71181c2811c0b38afb3,True,True,True,True
slippage_20bps,slippage,PHASE7A_FIXED_FOUR_STATE,bimonthly,after_tax,2013,2013-01-02,2026-08-31,20.0,next_open,False,phase8c_recomputed,False,2717592.676338532,26.17592676338532,0.27349769639149657,-0.5329714531435046,0.5131563703428902,0.8351236946584719,0.952020832180447,0.18756108898660287,1.6581234645339855,107.0,37502.8631874203,471506.86232113914,18751431.593710154,184.77272727272728,84.5,756.0,2557217.9399326793,0.2678391979305661,154939.55105317562,5435.185352677064,818345.418207983,2717592.676338532,0.27349769639149657,2557217.9399326793,0.2678391979305661,6daebac8f43ec246980f4b0ce07eb2c7b85397f4bd452bff0f3b8c508fbf51ee,True,True,True,True
slippage_20bps,slippage,PHASE7A_FIXED_FOUR_STATE,quarterly,pre_tax,2013,2013-01-02,2026-08-31,20.0,next_open,False,phase8c_recomputed,False,1158867.7334178167,10.588677334178167,0.19646239214171035,-0.5563239872438749,0.3531438453966707,0.6757035102078368,0.7567999179920339,0.1978063972594594,1.5742921063892314,87.0,28907.960342510203,0.0,14453980.171255099,238.31578947368422,126.0,754.0,,,,,,,,,,a7d8c7863a07f98f66592c283a1c4943387730b5b46b5cd044605971b68ac3a1,True,True,True,True
slippage_20bps,slippage,PHASE7A_FIXED_FOUR_STATE,quarterly,after_tax,2013,2013-01-02,2026-08-31,20.0,next_open,False,phase8c_recomputed,False,781842.5589000466,6.818425589000467,0.1624819414115013,-0.5563239872438749,0.2920635189873169,0.5959900403581575,0.6678434277481695,0.21563627679495037,1.570742473989537,87.0,21832.99576460053,184608.5914277217,10916497.882300263,238.31578947368422,126.0,754.0,780278.8737822465,0.16231157037655164,0.0,1563.6851178000934,-43842.98730158573,781842.5589000466,0.1624819414115013,780278.8737822465,0.16231157037655164,f03cb2bdc1fb9b1f7ad9c9931460e299e55d4ca0fd39b352550e3128e4199929,True,True,True,True
slippage_20bps,slippage,QQQ_BUY_HOLD,none,benchmark,2013,2013-01-02,2026-08-31,20.0,next_open,False,phase8c_recomputed_benchmark,False,1198712.7212744756,10.987127212744756,0.199427167728349,-0.351187300463749,0.567865544867374,0.9784620387517314,1.2514361508425111,0.09107412108132662,0.0,1.0,199.60079840319364,0.0,99800.39920159681,,,,,,,,,,,,,2a707f8110ae921427b4eb063050529ba44033a888b06aa5e2f882520376c725,True,True,,
execution_next_open,execution,FIXED_MA200_QQQ_TO_QLD,weekly,pre_tax,2013,2013-01-02,2026-08-31,5.0,next_open,False,phase8c_recomputed,False,3195983.088569843,30.95983088569843,0.2887055380603327,-0.49154420130742715,0.5873440013989042,0.9334520392252198,1.0409826980715282,0.1656303941824654,1.6102409558900648,23.0,8150.938509827835,0.0,16301877.019655671,254.63636363636363,211.0,662.0,,,,,,,,,,9efe41b46e693752c0e4195ab7105a36b9f71a0e70efcfc4b11e9e345250f97b,True,True,True,True
execution_next_open,execution,FIXED_MA200_QQQ_TO_QLD,weekly,after_tax,2013,2013-01-02,2026-08-31,5.0,next_open,False,phase8c_recomputed,False,1959465.6599048597,18.594656599048598,0.2433653866709211,-0.49154420130742715,0.49510376894612734,0.8147642512203888,0.8704369459031285,0.20649548265364465,1.6102409558900646,23.0,5861.177501005109,350266.4642793222,11722355.002010215,254.63636363636363,211.0,662.0,1860044.343050618,0.23863444148778679,98441.5840242894,979.7328299524299,484575.85047644307,1959465.6599048597,0.2433653866709211,1860044.343050618,0.23863444148778679,1fede1f95a7f5e77197231aaf27ec6bd8a474ef13d00d11aacb136ce1747a025,True,True,True,True
execution_next_open,execution,FIXED_MA200_QQQ_TO_QLD,monthly,pre_tax,2013,2013-01-02,2026-08-31,5.0,next_open,False,phase8c_recomputed,False,2894225.921302085,27.942259213020847,0.2793823195597005,-0.517154219036865,0.5402301852627541,0.8901940311565006,1.0107627452187384,0.1548537299186674,1.1710843315564108,17.0,7281.567258123298,0.0,14563134.516246598,353.875,358.0,671.0,,,,,,,,,,d6dcae2a03878d90a67a1b00ce64e6f07ca23849c4826897de217937d94719d9,True,True,True,True
execution_next_open,execution,FIXED_MA200_QQQ_TO_QLD,monthly,after_tax,2013,2013-01-02,2026-08-31,5.0,next_open,False,phase8c_recomputed,False,1769857.633320696,16.698576333206958,0.23413563812300442,-0.5277782114525625,0.4436250550749552,0.7785336829239019,0.861672992899224,0.19708695763191247,1.1710843315564108,17.0,5127.799112943163,381545.9388345738,10255598.225886326,353.875,358.0,671.0,1733955.780944371,0.232285368855226,35016.92355966473,884.928816660348,172369.79354991252,1769857.633320696,0.23413563812300442,1733955.780944371,0.232285368855226,acbeb9b3c45dcab86924ff4a914c0d3f75f9a1e9d29bae45f6bf7f7159c14c58,True,True,True,True
execution_next_open,execution,FIXED_MA200_QQQ_TO_QLD,bimonthly,pre_tax,2013,2013-01-02,2026-08-31,5.0,next_open,False,phase8c_recomputed,False,4624614.666887557,45.24614666887557,0.3240425847073214,-0.517154219036865,0.6265879166775631,0.9571542490899978,1.0969903844182736,0.15548140637627103,0.7319277072227567,11.0,5240.387007301004,0.0,10480774.01460201,528.2,589.0,756.0,,,,,,,,,,8fa970c187aa9a0f2b23b84633d4faa2b3d01ef36874c153df8ff8eda152826d,True,True,True,True
execution_next_open,execution,FIXED_MA200_QQQ_TO_QLD,bimonthly,after_tax,2013,2013-01-02,2026-08-31,5.0,next_open,False,phase8c_recomputed,False,2836157.035227638,27.36157035227638,0.2774853532920951,-0.517154219036865,0.5365620990366797,0.8511128880871827,0.9509531373357164,0.20034057942807765,0.7319277072227567,11.0,3752.050575793168,442174.2521968832,7504101.151586335,528.2,589.0,756.0,2631523.2905174694,0.27050062206002323,203215.666192555,1418.078517613819,1000323.2399338174,2836157.035227638,0.2774853532920951,2631523.2905174694,0.27050062206002323,2926bac60da099c8cc349beacc11517373bee2382ee56f3c79641ca6f0b90f6d,True,True,True,True
execution_next_open,execution,FIXED_MA200_QQQ_TO_QLD,quarterly,pre_tax,2013,2013-01-02,2026-08-31,5.0,next_open,False,phase8c_recomputed,False,1286585.6849092103,11.865856849092102,0.20565538195025668,-0.517154219036865,0.3976674159852434,0.713081924083211,0.8075560339442042,0.18176438370688766,0.8783132486673081,13.0,4367.591201681437,0.0,8735182.403362874,471.6666666666667,471.0,754.0,,,,,,,,,,8bc6cee6d86e51cef35e68c59fe6a06ef1691d870ed5aa882ff23804df6f92a0,True,True,True,True
execution_next_open,execution,FIXED_MA200_QQQ_TO_QLD,quarterly,after_tax,2013,2013-01-02,2026-08-31,5.0,next_open,False,phase8c_recomputed,False,852619.0391875535,7.526190391875534,0.1698806725755826,-0.540984034685682,0.31402160079323826,0.6234478883509681,0.693784783914769,0.22044071488501288,0.8783132486673081,13.0,3237.7509040037735,203285.19216208084,6475501.808007548,471.6666666666667,471.0,754.0,852192.7296679597,0.16983783854557255,0.0,426.3095195937767,-45187.55767811055,852619.0391875535,0.1698806725755826,852192.7296679597,0.16983783854557255,533a8c7d3d494804b3a3351ab77e134dcd4bb401ba1835eb8a011e555e89202d,True,True,True,True
execution_next_open,execution,PHASE7A_FIXED_FOUR_STATE,weekly,pre_tax,2013,2013-01-02,2026-08-31,5.0,next_open,False,phase8c_recomputed,False,3369913.069968776,32.69913069968776,0.2937149320071264,-0.49154420130742704,0.5975351376862809,0.9330037812350777,1.0392548838347484,0.17385592937852046,4.23282511433443,715.0,24679.176395236445,0.0,49358352.79047289,80.79245283018868,29.0,662.0,,,,,,,,,,6eb0934dc86fb67441d683a6cb4f1d1fb715c218ea4eb9cf803cfd1f1493dcb2,True,True,True,True
execution_next_open,execution,PHASE7A_FIXED_FOUR_STATE,weekly,after_tax,2013,2013-01-02,2026-08-31,5.0,next_open,False,phase8c_recomputed,False,2024678.608711297,19.24678608711297,0.24634914496060945,-0.49154420130742715,0.5011739418456388,0.821616870833453,0.9146321246441657,0.18545682654696946,4.238145732662698,715.0,17335.97913272432,362772.1473872192,34671958.26544864,80.79245283018868,29.0,662.0,1921948.4524224314,0.24160684672143873,101717.81698450976,1012.3393043556484,500703.012476051,2024678.608711297,0.24634914496060945,1921948.4524224314,0.24160684672143873,027ab1d1a1c31001ec332a8f6913a55f6187cff81ab75f95b034a5481669a296,True,True,True,True
execution_next_open,execution,PHASE7A_FIXED_FOUR_STATE,monthly,pre_tax,2013,2013-01-02,2026-08-31,5.0,next_open,False,phase8c_recomputed,False,2932064.4400988813,28.32064440098881,0.28059951882373535,-0.517154219036865,0.5425838337862096,0.8795691845862122,0.9965800259780676,0.16326769586568768,2.6882107735684126,211.0,16684.81289451728,0.0,33369625.78903456,121.44444444444444,43.0,671.0,,,,,,,,,,cbc33a31ca7fad519d139487eebfa5420e4476b70f6913f3090508e197873c95,True,True,True,True
execution_next_open,execution,PHASE7A_FIXED_FOUR_STATE,monthly,after_tax,2013,2013-01-02,2026-08-31,5.0,next_open,False,phase8c_recomputed,False,1744023.8158846553,16.440238158846554,0.23280779986772338,-0.5171542190368649,0.45017093798692936,0.7694509569865967,0.8703144858849509,0.18387476591432572,2.68827503817139,211.0,11510.838727089049,375604.55761225655,23021677.4541781,121.44444444444444,43.0,671.0,1708646.0067321716,0.23095952135220932,34505.79724454136,872.0119079423276,169853.78904524422,1744023.8158846553,0.23280779986772338,1708646.0067321716,0.23095952135220932,9575e90f6c82e36ee6377e69c94d9626b53d19265b4525bb41106acc37f33f54,True,True,True,True
execution_next_open,execution,PHASE7A_FIXED_FOUR_STATE,bimonthly,pre_tax,2013,2013-01-02,2026-08-31,5.0,next_open,False,phase8c_recomputed,False,4804128.440633415,47.04128440633415,0.32773925474938426,-0.5306679735877728,0.617597577132052,0.9498271662767692,1.0878161691742836,0.1632189577404268,1.6592188537094275,107.0,14186.742264064547,0.0,28373484.528129097,184.77272727272728,84.5,756.0,,,,,,,,,,7119ad1d2457f39314c15398fc1959f461425e4723c9d5af69176d8edca78c3e,True,True,True,True
execution_next_open,execution,PHASE7A_FIXED_FOUR_STATE,bimonthly,after_tax,2013,2013-01-02,2026-08-31,5.0,next_open,False,phase8c_recomputed,False,2802842.30092145,27.0284230092145,0.2763807300483929,-0.532755752914756,0.5187756838594204,0.8412572480370397,0.959146302767386,0.1864369754443821,1.6591224022625333,107.0,9590.352130968244,486083.3809603089,19180704.261936493,184.77272727272728,84.5,756.0,2639978.7071637353,0.27079904596435544,161462.17260725357,1401.421150460725,850900.7179941162,2802842.30092145,0.2763807300483929,2639978.7071637353,0.27079904596435544,81a8c870b6ea0b88d6cff14a0d6538a1f3205ff699af8723dea467ff90d4be4c,True,True,True,True
execution_next_open,execution,PHASE7A_FIXED_FOUR_STATE,quarterly,pre_tax,2013,2013-01-02,2026-08-31,5.0,next_open,False,phase8c_recomputed,False,1198685.4204534946,10.986854204534946,0.19942516779381925,-0.556323987243875,0.35846947528149187,0.6824833525704452,0.7643967757280549,0.19655202239563593,1.5752772776706632,87.0,7389.522915566721,0.0,14779045.831133444,238.31578947368422,126.0,754.0,,,,,,,,,,779553276b41732a789c3a86326e1f809a2971c82cd08ca0b67cec177c3f5810,True,True,True,True
execution_next_open,execution,PHASE7A_FIXED_FOUR_STATE,quarterly,after_tax,2013,2013-01-02,2026-08-31,5.0,next_open,False,phase8c_recomputed,False,804698.860108072,7.04698860108072,0.16493685200707842,-0.556323987243875,0.2964762544649639,0.6017785127848664,0.6744839462377773,0.21451921617994435,1.5716818591352535,87.0,5560.313880515897,190426.9920343307,11120627.761031792,238.31578947368422,126.0,754.0,804296.510678018,0.1648941989901953,0.0,402.349430054036,-42647.858519899426,804698.860108072,0.16493685200707842,804296.510678018,0.1648941989901953,ba8de16abf3395e46aa25fe5c9d6a6e2db11f64b39eb83b041ce487b33568c57,True,True,True,True
execution_next_open,execution,QQQ_BUY_HOLD,none,benchmark,2013,2013-01-02,2026-08-31,5.0,next_open,False,phase8c_recomputed_benchmark,False,1200509.8917711389,11.005098917711388,0.19955872753614345,-0.351187300463749,0.5682401592330436,0.9789796926732859,1.2521140678226426,0.09107412108132662,0.0,1.0,49.97501249375313,0.0,99950.02498750626,,,,,,,,,,,,,6a4c62557176f2780606ebeeb8a690a6f793edcb6b9ed5ea6012f23f2ece60bd,True,True,,
execution_next_close,execution,FIXED_MA200_QQQ_TO_QLD,weekly,pre_tax,2013,2013-01-02,2026-08-31,5.0,next_close,False,phase8c_recomputed,False,2967924.0407933947,28.679240407933946,0.28173969759018336,-0.5138507062164855,0.5482909611327581,0.9177027826672189,1.0222897205137824,0.15599305004362532,1.6102409558900648,23.0,8125.553123326343,0.0,16251106.246652683,254.63636363636363,211.0,662.0,,,,,,,,,,477e80f716689250484bfc67230f25750ef61d90b34ac023a4cb8b6fc1943479,True,True,True,True
execution_next_close,execution,FIXED_MA200_QQQ_TO_QLD,weekly,after_tax,2013,2013-01-02,2026-08-31,5.0,next_close,False,phase8c_recomputed,False,1829911.6513324443,17.299116513324442,0.23715425430191495,-0.5138507062164857,0.4615236515837378,0.8004155073265558,0.8564340543020786,0.19740479678941686,1.6102409558900646,23.0,5854.749868680436,334209.4070344217,11709499.73736087,254.63636363636363,211.0,662.0,1744065.782809955,0.23280997167854145,84930.91269682298,914.9558256662222,418069.9615890868,1829911.6513324443,0.23715425430191495,1744065.782809955,0.23280997167854145,2a4e63abe79f4c86e167eae3ed7f9fe07c7caf46ecdb7bfe5dcb26a2ce251e2e,True,True,True,True
execution_next_close,execution,FIXED_MA200_QQQ_TO_QLD,monthly,pre_tax,2013,2013-01-02,2026-08-31,5.0,next_close,False,phase8c_recomputed,False,2664305.913067743,25.643059130677432,0.27165273142560675,-0.517154219036865,0.5252837962562231,0.8722713019216698,0.9868794323500222,0.15957946396541534,1.1710843315564108,17.0,6903.148671955253,0.0,13806297.343910504,353.875,358.0,671.0,,,,,,,,,,f253646d1f73cf3cf5d5d59f894902991cae6537e4100da552635cca2bee4c1f,True,True,True,True
execution_next_close,execution,FIXED_MA200_QQQ_TO_QLD,monthly,after_tax,2013,2013-01-02,2026-08-31,5.0,next_close,False,phase8c_recomputed,False,1642658.7324478275,15.426587324478273,0.22741525041667576,-0.545043385201265,0.4172424738861833,0.763838465515123,0.8454467524970581,0.20092665099364934,1.1710843315564108,17.0,4892.419037836606,357767.31030821864,9784838.075673211,353.875,358.0,671.0,1613700.01586468,0.2258179962997553,28137.38721692359,821.3293662239138,138505.4748556416,1642658.7324478275,0.22741525041667576,1613700.01586468,0.2258179962997553,156995c57d0e167999553036a69a015bfa447b1b7413e22deb64c15edf56b98f,True,True,True,True
execution_next_close,execution,FIXED_MA200_QQQ_TO_QLD,bimonthly,pre_tax,2013,2013-01-02,2026-08-31,5.0,next_close,False,phase8c_recomputed,False,4644762.582546365,45.44762582546365,0.3244640463272854,-0.517154219036865,0.6274028798054846,0.9571438643064768,1.0972436513152606,0.15764282177189604,0.7319277072227567,11.0,5207.87579856795,0.0,10415751.597135901,528.2,589.0,756.0,,,,,,,,,,a366042210d79dbbe95f148fae1a4823d786da66bd602e1d4f47f6009945859e,True,True,True,True
execution_next_close,execution,FIXED_MA200_QQQ_TO_QLD,bimonthly,after_tax,2013,2013-01-02,2026-08-31,5.0,next_close,False,phase8c_recomputed,False,2846798.862912674,27.46798862912674,0.2778356730489857,-0.5179509801418881,0.536413065523836,0.8507027648923547,0.9472572516270444,0.2014845570771479,0.7319277072227567,11.0,3728.130482506183,439148.45420744363,7456260.965012365,528.2,589.0,756.0,2637587.8838102096,0.2707147546181319,207787.5796710079,1423.399431456337,1022828.3518139694,2846798.862912674,0.2778356730489857,2637587.8838102096,0.2707147546181319,40d5bd36867c2d284f9f29dcd152e529aa3f3b81c780fce7109a271853b63d4d,True,True,True,True
execution_next_close,execution,FIXED_MA200_QQQ_TO_QLD,quarterly,pre_tax,2013,2013-01-02,2026-08-31,5.0,next_close,False,phase8c_recomputed,False,1313322.675183485,12.13322675183485,0.2074722639484614,-0.517154219036865,0.40118064652910024,0.7172766848491035,0.8103020801602354,0.17860798919649393,0.8783132486673081,13.0,4366.357285005425,0.0,8732714.570010852,471.6666666666667,471.0,754.0,,,,,,,,,,615133dae54f2d349e84ff4335f59d7092d6240f45d216b352b0d0649d00d11b,True,True,True,True
execution_next_close,execution,FIXED_MA200_QQQ_TO_QLD,quarterly,after_tax,2013,2013-01-02,2026-08-31,5.0,next_close,False,phase8c_recomputed,False,868087.4136512323,7.6808741365123225,0.17142160549955765,-0.5237808695665056,0.3272773319144522,0.6279224121510043,0.7023245313600516,0.21404730576289233,0.8783132486673081,13.0,3235.5950433319563,204908.44004060602,6471190.086663914,471.6666666666667,471.0,754.0,867653.3699444067,0.1713787150498045,0.0,434.04370682561614,-36094.06026163278,868087.4136512323,0.17142160549955765,867653.3699444067,0.1713787150498045,8dbdd694410fc65a8807a3008a514adc254e6ff1f56ddf3bedebbb0c46b0b9d7,True,True,True,True
execution_next_close,execution,PHASE7A_FIXED_FOUR_STATE,weekly,pre_tax,2013,2013-01-02,2026-08-31,5.0,next_close,False,phase8c_recomputed,False,3044340.075913033,29.44340075913033,0.284127402160558,-0.5138507062164854,0.5529376504171915,0.911306423762971,1.0143809009087528,0.1646223224723161,4.237426032937522,715.0,24427.779535340902,0.0,48855559.070681795,80.79245283018868,29.0,662.0,,,,,,,,,,aa282e5285c8482ab9e9e88e359bec729ec392e833b58f350875e64d2fd912fa,True,True,True,True
execution_next_close,execution,PHASE7A_FIXED_FOUR_STATE,weekly,after_tax,2013,2013-01-02,2026-08-31,5.0,next_close,False,phase8c_recomputed,False,1845977.8441999555,17.459778441999553,0.23794625002982062,-0.5138507062164857,0.46306494698009365,0.802149472728808,0.8934105083971903,0.1768240050465634,4.242280611787519,715.0,17183.44645024879,337367.5193113175,34366892.900497586,80.79245283018868,29.0,662.0,1759378.2691913869,0.2335991863035518,85676.58608646848,922.9889220999778,421740.51728510205,1845977.8441999555,0.23794625002982062,1759378.2691913869,0.2335991863035518,98c74fc0d85576354156441aaa37a2a221d90d9722ac8c8ac1c3413e8d0a42e5,True,True,True,True
execution_next_close,execution,PHASE7A_FIXED_FOUR_STATE,monthly,pre_tax,2013,2013-01-02,2026-08-31,5.0,next_close,False,phase8c_recomputed,False,2751320.423139353,26.513204231393527,0.27464821274483975,-0.5177672599651815,0.5304472375547831,0.8656473799263853,0.9775190228523701,0.1679219646638522,2.6888692326043597,211.0,15820.11450925888,0.0,31640229.01851776,121.44444444444444,43.0,671.0,,,,,,,,,,73e3ea8bd0dfab14defdf8c7d5d2e8c78917a0a37e2d174e2dae16e97fde84a1,True,True,True,True
execution_next_close,execution,PHASE7A_FIXED_FOUR_STATE,monthly,after_tax,2013,2013-01-02,2026-08-31,5.0,next_close,False,phase8c_recomputed,False,1648875.016146655,15.488750161466548,0.22775471253006696,-0.5343378449644315,0.4262372854111196,0.7580114961150591,0.8547983754778615,0.1880981969819912,2.68885179545997,211.0,11005.007546669807,359217.6796492693,22010015.09333961,121.44444444444444,43.0,671.0,1619806.7116166754,0.22615701666594012,28243.86702190625,824.4375080733275,139029.61861632415,1648875.016146655,0.22775471253006696,1619806.7116166754,0.22615701666594012,a62ca07c49c9fa9946a7efa160fd4444f8401221900c83452233bdd21098ddd6,True,True,True,True
execution_next_close,execution,PHASE7A_FIXED_FOUR_STATE,bimonthly,pre_tax,2013,2013-01-02,2026-08-31,5.0,next_close,False,phase8c_recomputed,False,4798608.935129916,46.986089351299164,0.3276275153317709,-0.5278710068695702,0.6206582878546373,0.9484137628794171,1.0864764255691177,0.1654663182758404,1.659800886439257,107.0,14078.620178057376,0.0,28157240.35611475,184.77272727272728,84.5,756.0,,,,,,,,,,86e2f7d328e5150ca8c8f1098255004dc722478d8f1e47408312c78b24454f93,True,True,True,True
execution_next_close,execution,PHASE7A_FIXED_FOUR_STATE,bimonthly,after_tax,2013,2013-01-02,2026-08-31,5.0,next_close,False,phase8c_recomputed,False,2806627.525055423,27.06627525055423,0.2765068483926836,-0.5313708357536777,0.5203651194000815,0.8407488936204878,0.9575140937144945,0.18714776223057455,1.6592435841799753,107.0,9517.139039662401,477422.57396526897,19034278.079324793,184.77272727272728,84.5,756.0,2636092.0908329687,0.2706619826245893,169132.12045992626,1403.3137625277116,855135.4034395076,2806627.525055423,0.2765068483926836,2636092.0908329687,0.2706619826245893,510d1e97a9c3354e91c37f8378fe95ba16d8ae2319f5600a00bea831a43687a4,True,True,True,True
execution_next_close,execution,PHASE7A_FIXED_FOUR_STATE,quarterly,pre_tax,2013,2013-01-02,2026-08-31,5.0,next_close,False,phase8c_recomputed,False,1218118.6580575472,11.181186580575472,0.2008381888750126,-0.556082458912987,0.36116620054443893,0.685559870148624,0.7658908616443686,0.19471406444468684,1.5742932231167435,87.0,7269.1975250576015,0.0,14538395.0501152,238.31578947368422,126.0,754.0,,,,,,,,,,370f9bd107eb2f45969e0657efbe6e9c3d2c6101f4607f6879f60b232559c7f3,True,True,True,True
execution_next_close,execution,PHASE7A_FIXED_FOUR_STATE,quarterly,after_tax,2013,2013-01-02,2026-08-31,5.0,next_close,False,phase8c_recomputed,False,813237.0901307291,7.132370901307292,0.16583735976907032,-0.5560824589129871,0.29822440379299875,0.604025242255125,0.6763244615567382,0.21280624542835952,1.5708750568959013,87.0,5463.499035073161,190350.3949858263,10926998.070146322,238.31578947368422,126.0,754.0,812830.4715856637,0.16579467378098145,0.0,406.6185450653646,-33813.44790464465,813237.0901307291,0.16583735976907032,812830.4715856637,0.16579467378098145,eabb240446127b8fd8d1340c25169d0d27a75bf7eeecc8315dae907d3a5daa4d,True,True,True,True
execution_next_close,execution,QQQ_BUY_HOLD,none,benchmark,2013,2013-01-02,2026-08-31,5.0,next_close,False,phase8c_recomputed_benchmark,False,1192113.5825291967,10.921135825291968,0.19894251219330772,-0.351187300463749,0.5664854962881648,0.9765290336301224,1.2490442491744176,0.09107418537683483,0.0,1.0,49.97501249375313,0.0,99950.02498750626,,,,,,,,,,,,,b3554960063b3be05e7d209e541b3536c682e533b3cdb241a55fa856f4700671,True,True,,
execution_t2_open,execution,FIXED_MA200_QQQ_TO_QLD,weekly,pre_tax,2013,2013-01-02,2026-08-31,5.0,t2_open,False,phase8c_recomputed,False,3183556.0844818996,30.835560844818996,0.28833802213801496,-0.5133643137264571,0.561663548533399,0.9323857169664954,1.0399481342387218,0.14963422054122108,1.6102409558900648,23.0,8877.598465503972,0.0,17755196.931007944,254.63636363636363,211.0,662.0,,,,,,,,,,3d59a694451d7c5fbe9a59ca7027b96ad28ff77bc0870a17bd4658a15bb7cfb9,True,True,True,True
execution_t2_open,execution,FIXED_MA200_QQQ_TO_QLD,weekly,after_tax,2013,2013-01-02,2026-08-31,5.0,t2_open,False,phase8c_recomputed,False,1943321.173461217,18.43321173461217,0.24261250651487676,-0.5133643137264571,0.4725932442669774,0.8168936275755742,0.8903647834245353,0.19087523159793326,1.6102409558900648,23.0,6339.616618861434,360015.3333756405,12679233.23772287,254.63636363636363,211.0,662.0,1854954.4277344136,0.23838598035524328,87395.08514007267,971.6605867306085,430199.77917830506,1943321.173461217,0.24261250651487676,1854954.4277344136,0.23838598035524328,7e5b66b595884a3ef24384610a726d74fcc0ff6cf89e22e07b82a0584bea30c6,True,True,True,True
execution_t2_open,execution,FIXED_MA200_QQQ_TO_QLD,monthly,pre_tax,2013,2013-01-02,2026-08-31,5.0,t2_open,False,phase8c_recomputed,False,2448583.455523986,23.485834555239858,0.2638162608386265,-0.517154219036865,0.5101307330141313,0.8542100274380097,0.9678803597599106,0.15679037549223546,1.1710843315564108,17.0,6658.84189916915,0.0,13317683.7983383,353.875,358.0,671.0,,,,,,,,,,0bbc77edf56ed8c1e188d8078f35482de4df04753eccd5cfc1cc3e6809824d4d,True,True,True,True
execution_t2_open,execution,FIXED_MA200_QQQ_TO_QLD,monthly,after_tax,2013,2013-01-02,2026-08-31,5.0,t2_open,False,phase8c_recomputed,False,1529420.2038154232,14.294202038154232,0.22101351054506435,-0.5377864250965879,0.41096892787014794,0.749285477772089,0.8341984472652559,0.19933801164060064,1.1710843315564108,17.0,4756.2885685166,331865.1744971606,9512577.137033202,353.875,358.0,671.0,1502870.8944636774,0.2194491305277,25784.59924983822,764.7101019077116,126923.94412915688,1529420.2038154232,0.22101351054506435,1502870.8944636774,0.2194491305277,9df11611208f2131454f56ec075989ea336d97473191eae5aace1eb61561c811,True,True,True,True
execution_t2_open,execution,FIXED_MA200_QQQ_TO_QLD,bimonthly,pre_tax,2013,2013-01-02,2026-08-31,5.0,t2_open,False,phase8c_recomputed,False,5024739.9115961585,49.247399115961585,0.3321107599240092,-0.517154219036865,0.6421890177025412,0.972576109702811,1.1157392053879045,0.1508063562271777,0.7319277072227567,11.0,5520.767329735247,0.0,11041534.659470493,528.2,589.0,756.0,,,,,,,,,,6231d93b80f2aa37a0da1c9994d27120e6b0c86284008931e366792106241d7c,True,True,True,True
execution_t2_open,execution,FIXED_MA200_QQQ_TO_QLD,bimonthly,after_tax,2013,2013-01-02,2026-08-31,5.0,t2_open,False,phase8c_recomputed,False,3055897.024393236,29.558970243932357,0.2844836662503192,-0.517154219036865,0.5500944510906909,0.8665501114403008,0.9778194745401143,0.19487619045267524,0.7319277072227567,11.0,3925.486908684129,471767.1910229786,7850973.817368258,528.2,589.0,756.0,2830116.684282467,0.2772859678073816,224252.3915985726,1527.948512196618,1103875.9123729884,3055897.024393236,0.2844836662503192,2830116.684282467,0.2772859678073816,b1ae1571b68e0509093f034870d2482eaa87e3685b9625db4cb12b06db536a11,True,True,True,True
execution_t2_open,execution,FIXED_MA200_QQQ_TO_QLD,quarterly,pre_tax,2013,2013-01-02,2026-08-31,5.0,t2_open,False,phase8c_recomputed,False,1123762.7214042125,10.237627214042126,0.19377095277902456,-0.517154219036865,0.3746869804908461,0.6841017561135243,0.7746615932780488,0.18882339317326846,0.8783132486673081,13.0,3906.886479235604,0.0,7813772.958471207,471.6666666666667,471.0,754.0,,,,,,,,,,693fd38b06b61118a7791929d7d9119b634740ca17d120ac4ec24ce6578c52ee,True,True,True,True
execution_t2_open,execution,FIXED_MA200_QQQ_TO_QLD,quarterly,after_tax,2013,2013-01-02,2026-08-31,5.0,t2_open,False,phase8c_recomputed,False,758735.9186813438,6.587359186813438,0.1599315805030792,-0.5356906851682656,0.2985521027920117,0.5985654506755149,0.6635280879014415,0.2250777334980747,0.8783132486673081,13.0,2940.1925863516767,176035.14203433844,5880385.172703352,471.6666666666667,471.0,754.0,758356.5507220031,0.15988911074928858,0.0,379.3679593406719,-32136.20305630169,758735.9186813438,0.1599315805030792,758356.5507220031,0.15988911074928858,0495b1274b43ce13fdf1e0f075625f9f795d6ee0edc24a53964b8fa6788005c5,True,True,True,True
execution_t2_open,execution,PHASE7A_FIXED_FOUR_STATE,weekly,pre_tax,2013,2013-01-02,2026-08-31,5.0,t2_open,False,phase8c_recomputed,False,3300041.3422573246,32.000413422573246,0.29173200481731154,-0.513364313726457,0.5682748041048274,0.9275532326455502,1.0345431420236473,0.1564968629103409,4.238304242473879,715.0,27021.323386066055,0.0,54042646.772132106,80.79245283018868,29.0,662.0,,,,,,,,,,5703ee1fbde6773650dda00f696b982e8906257754649dded6e365ca4b6dc418,True,True,True,True
execution_t2_open,execution,PHASE7A_FIXED_FOUR_STATE,weekly,after_tax,2013,2013-01-02,2026-08-31,5.0,t2_open,False,phase8c_recomputed,False,1971639.5642343133,18.716395642343134,0.24392931064905654,-0.5133643137264571,0.4751582923214891,0.8154331544664063,0.9097041756856148,0.16985668786326696,4.242941309752167,715.0,18696.070036736324,365633.0397377466,37392140.07347265,80.79245283018868,29.0,662.0,1881985.123981761,0.23969830561359395,88668.62047043511,985.8197821171567,436468.7200119868,1971639.5642343133,0.24392931064905654,1881985.123981761,0.23969830561359395,a92e54f869cb9e5740bcd8ec7ca9bc2f924bff562b176f63868edbfbb18d8b4e,True,True,True,True
execution_t2_open,execution,PHASE7A_FIXED_FOUR_STATE,monthly,pre_tax,2013,2013-01-02,2026-08-31,5.0,t2_open,False,phase8c_recomputed,False,2585018.768471075,24.850187684710754,0.2688432418417426,-0.517154219036865,0.5198512009481997,0.8519519419469458,0.9644865800897537,0.16463143081547696,2.6885173587863105,211.0,15659.449102191233,0.0,31318898.204382457,121.44444444444444,43.0,671.0,,,,,,,,,,9e639b509339abbcf5e7aaaea7a858e1c0c0aecb88234e389fa7eef592c28abf,True,True,True,True
execution_t2_open,execution,PHASE7A_FIXED_FOUR_STATE,monthly,after_tax,2013,2013-01-02,2026-08-31,5.0,t2_open,False,phase8c_recomputed,False,1565028.1925946043,14.650281925946043,0.22307260605432222,-0.5269977871450762,0.4232894549003353,0.7467190839086679,0.8428670632433123,0.18593306906784066,2.688592351061361,211.0,10923.611765022577,343298.3701510926,21847223.53004515,121.44444444444444,43.0,671.0,1540341.4751662754,0.2216497354688498,23904.20333203156,782.5140962973022,129878.98968634591,1565028.1925946043,0.22307260605432222,1540341.4751662754,0.2216497354688498,73c60708f00a7e552dc24fa51b62b3acb151bd73114848b2de7fed9ff91fc194,True,True,True,True
execution_t2_open,execution,PHASE7A_FIXED_FOUR_STATE,bimonthly,pre_tax,2013,2013-01-02,2026-08-31,5.0,t2_open,False,phase8c_recomputed,False,5086168.288074338,49.86168288074338,0.3332963224213279,-0.5276753988161207,0.6316313460303496,0.9594779375894271,1.0998471029572325,0.15844183263864667,1.6585206914604989,107.0,14659.129211115282,0.0,29318258.42223056,184.77272727272728,84.5,756.0,,,,,,,,,,672b085deb941a344692b453fbeb42dbb8e506043247b76899fad75a0d7e90c0,True,True,True,True
execution_t2_open,execution,PHASE7A_FIXED_FOUR_STATE,bimonthly,after_tax,2013,2013-01-02,2026-08-31,5.0,t2_open,False,phase8c_recomputed,False,2943358.001126324,28.43358001126324,0.2809599924604369,-0.5310635812464045,0.5290515154532432,0.8500373582080701,0.973862070852532,0.18099341656004345,1.6581484631742682,107.0,9833.48919184691,503367.7882150253,19666978.38369382,184.77272727272728,84.5,756.0,2765665.737825056,0.27513360059178704,176220.58430070474,1471.679000563162,930229.6077705524,2943358.001126324,0.2809599924604369,2765665.737825056,0.27513360059178704,78046b53fa19e99358976339a0dda2098655a729283401d5ff1e56838e30b031,True,True,True,True
execution_t2_open,execution,PHASE7A_FIXED_FOUR_STATE,quarterly,pre_tax,2013,2013-01-02,2026-08-31,5.0,t2_open,False,phase8c_recomputed,False,1039718.5710994065,9.397185710994064,0.18699663602511185,-0.5564885612527184,0.3360296132667334,0.6534528929909649,0.7315982924271116,0.20452643370774765,1.5741670235362093,87.0,6572.1391208863315,0.0,13144278.241772663,238.31578947368422,126.0,754.0,,,,,,,,,,b9fe315828cec3a94b82fc0f1498e79f5627da9270e05c5d2029654399991dfa,True,True,True,True
execution_t2_open,execution,PHASE7A_FIXED_FOUR_STATE,quarterly,after_tax,2013,2013-01-02,2026-08-31,5.0,t2_open,False,phase8c_recomputed,False,713012.433753914,6.13012433753914,0.15466538594455215,-0.5564885612527184,0.27793093463841007,0.5770533977762479,0.6435494573105442,0.22158033186754922,1.5708197360973641,87.0,5028.368422938405,163890.44115829584,10056736.845876811,238.31578947368422,126.0,754.0,712655.9275370371,0.1546231090072947,0.0,356.506216876957,-30199.58827388403,713012.433753914,0.15466538594455215,712655.9275370371,0.1546231090072947,72179509156eaabc6b5d9d001e6680441889ee6e25671244fa06f11e4e6d1ed7,True,True,True,True
execution_t2_open,execution,QQQ_BUY_HOLD,none,benchmark,2013,2013-01-02,2026-08-31,5.0,t2_open,False,phase8c_recomputed_benchmark,False,1192114.0781511485,10.921140781511484,0.19894254868616734,-0.35118730046374913,0.5664856002009757,0.9765258369724207,1.2489641276064416,0.09107418492269127,0.0,1.0,49.97501249375313,0.0,99950.02498750626,,,,,,,,,,,,,6ed529de34e0e7445f846bf68ded534e2442d762f3fb617e06c807392996f015,True,True,,
start_2013,start_date,FIXED_MA200_QQQ_TO_QLD,weekly,pre_tax,2013,2013-01-02,2026-08-31,5.0,next_open,False,phase8c_recomputed,False,3195983.088569843,30.95983088569843,0.2887055380603327,-0.49154420130742715,0.5873440013989042,0.9334520392252198,1.0409826980715282,0.1656303941824654,1.6102409558900648,23.0,8150.938509827835,0.0,16301877.019655671,254.63636363636363,211.0,662.0,,,,,,,,,,9efe41b46e693752c0e4195ab7105a36b9f71a0e70efcfc4b11e9e345250f97b,True,True,True,True
start_2013,start_date,FIXED_MA200_QQQ_TO_QLD,weekly,after_tax,2013,2013-01-02,2026-08-31,5.0,next_open,False,phase8c_recomputed,False,1959465.6599048597,18.594656599048598,0.2433653866709211,-0.49154420130742715,0.49510376894612734,0.8147642512203888,0.8704369459031285,0.20649548265364465,1.6102409558900646,23.0,5861.177501005109,350266.4642793222,11722355.002010215,254.63636363636363,211.0,662.0,1860044.343050618,0.23863444148778679,98441.5840242894,979.7328299524299,484575.85047644307,1959465.6599048597,0.2433653866709211,1860044.343050618,0.23863444148778679,1fede1f95a7f5e77197231aaf27ec6bd8a474ef13d00d11aacb136ce1747a025,True,True,True,True
start_2013,start_date,FIXED_MA200_QQQ_TO_QLD,monthly,pre_tax,2013,2013-01-02,2026-08-31,5.0,next_open,False,phase8c_recomputed,False,2894225.921302085,27.942259213020847,0.2793823195597005,-0.517154219036865,0.5402301852627541,0.8901940311565006,1.0107627452187384,0.1548537299186674,1.1710843315564108,17.0,7281.567258123298,0.0,14563134.516246598,353.875,358.0,671.0,,,,,,,,,,d6dcae2a03878d90a67a1b00ce64e6f07ca23849c4826897de217937d94719d9,True,True,True,True
start_2013,start_date,FIXED_MA200_QQQ_TO_QLD,monthly,after_tax,2013,2013-01-02,2026-08-31,5.0,next_open,False,phase8c_recomputed,False,1769857.633320696,16.698576333206958,0.23413563812300442,-0.5277782114525625,0.4436250550749552,0.7785336829239019,0.861672992899224,0.19708695763191247,1.1710843315564108,17.0,5127.799112943163,381545.9388345738,10255598.225886326,353.875,358.0,671.0,1733955.780944371,0.232285368855226,35016.92355966473,884.928816660348,172369.79354991252,1769857.633320696,0.23413563812300442,1733955.780944371,0.232285368855226,acbeb9b3c45dcab86924ff4a914c0d3f75f9a1e9d29bae45f6bf7f7159c14c58,True,True,True,True
start_2013,start_date,FIXED_MA200_QQQ_TO_QLD,bimonthly,pre_tax,2013,2013-01-02,2026-08-31,5.0,next_open,False,phase8c_recomputed,False,4624614.666887557,45.24614666887557,0.3240425847073214,-0.517154219036865,0.6265879166775631,0.9571542490899978,1.0969903844182736,0.15548140637627103,0.7319277072227567,11.0,5240.387007301004,0.0,10480774.01460201,528.2,589.0,756.0,,,,,,,,,,8fa970c187aa9a0f2b23b84633d4faa2b3d01ef36874c153df8ff8eda152826d,True,True,True,True
start_2013,start_date,FIXED_MA200_QQQ_TO_QLD,bimonthly,after_tax,2013,2013-01-02,2026-08-31,5.0,next_open,False,phase8c_recomputed,False,2836157.035227638,27.36157035227638,0.2774853532920951,-0.517154219036865,0.5365620990366797,0.8511128880871827,0.9509531373357164,0.20034057942807765,0.7319277072227567,11.0,3752.050575793168,442174.2521968832,7504101.151586335,528.2,589.0,756.0,2631523.2905174694,0.27050062206002323,203215.666192555,1418.078517613819,1000323.2399338174,2836157.035227638,0.2774853532920951,2631523.2905174694,0.27050062206002323,2926bac60da099c8cc349beacc11517373bee2382ee56f3c79641ca6f0b90f6d,True,True,True,True
start_2013,start_date,FIXED_MA200_QQQ_TO_QLD,quarterly,pre_tax,2013,2013-01-02,2026-08-31,5.0,next_open,False,phase8c_recomputed,False,1286585.6849092103,11.865856849092102,0.20565538195025668,-0.517154219036865,0.3976674159852434,0.713081924083211,0.8075560339442042,0.18176438370688766,0.8783132486673081,13.0,4367.591201681437,0.0,8735182.403362874,471.6666666666667,471.0,754.0,,,,,,,,,,8bc6cee6d86e51cef35e68c59fe6a06ef1691d870ed5aa882ff23804df6f92a0,True,True,True,True
start_2013,start_date,FIXED_MA200_QQQ_TO_QLD,quarterly,after_tax,2013,2013-01-02,2026-08-31,5.0,next_open,False,phase8c_recomputed,False,852619.0391875535,7.526190391875534,0.1698806725755826,-0.540984034685682,0.31402160079323826,0.6234478883509681,0.693784783914769,0.22044071488501288,0.8783132486673081,13.0,3237.7509040037735,203285.19216208084,6475501.808007548,471.6666666666667,471.0,754.0,852192.7296679597,0.16983783854557255,0.0,426.3095195937767,-45187.55767811055,852619.0391875535,0.1698806725755826,852192.7296679597,0.16983783854557255,533a8c7d3d494804b3a3351ab77e134dcd4bb401ba1835eb8a011e555e89202d,True,True,True,True
start_2013,start_date,PHASE7A_FIXED_FOUR_STATE,weekly,pre_tax,2013,2013-01-02,2026-08-31,5.0,next_open,False,phase8c_recomputed,False,3369913.069968776,32.69913069968776,0.2937149320071264,-0.49154420130742704,0.5975351376862809,0.9330037812350777,1.0392548838347484,0.17385592937852046,4.23282511433443,715.0,24679.176395236445,0.0,49358352.79047289,80.79245283018868,29.0,662.0,,,,,,,,,,6eb0934dc86fb67441d683a6cb4f1d1fb715c218ea4eb9cf803cfd1f1493dcb2,True,True,True,True
start_2013,start_date,PHASE7A_FIXED_FOUR_STATE,weekly,after_tax,2013,2013-01-02,2026-08-31,5.0,next_open,False,phase8c_recomputed,False,2024678.608711297,19.24678608711297,0.24634914496060945,-0.49154420130742715,0.5011739418456388,0.821616870833453,0.9146321246441657,0.18545682654696946,4.238145732662698,715.0,17335.97913272432,362772.1473872192,34671958.26544864,80.79245283018868,29.0,662.0,1921948.4524224314,0.24160684672143873,101717.81698450976,1012.3393043556484,500703.012476051,2024678.608711297,0.24634914496060945,1921948.4524224314,0.24160684672143873,027ab1d1a1c31001ec332a8f6913a55f6187cff81ab75f95b034a5481669a296,True,True,True,True
start_2013,start_date,PHASE7A_FIXED_FOUR_STATE,monthly,pre_tax,2013,2013-01-02,2026-08-31,5.0,next_open,False,phase8c_recomputed,False,2932064.4400988813,28.32064440098881,0.28059951882373535,-0.517154219036865,0.5425838337862096,0.8795691845862122,0.9965800259780676,0.16326769586568768,2.6882107735684126,211.0,16684.81289451728,0.0,33369625.78903456,121.44444444444444,43.0,671.0,,,,,,,,,,cbc33a31ca7fad519d139487eebfa5420e4476b70f6913f3090508e197873c95,True,True,True,True
start_2013,start_date,PHASE7A_FIXED_FOUR_STATE,monthly,after_tax,2013,2013-01-02,2026-08-31,5.0,next_open,False,phase8c_recomputed,False,1744023.8158846553,16.440238158846554,0.23280779986772338,-0.5171542190368649,0.45017093798692936,0.7694509569865967,0.8703144858849509,0.18387476591432572,2.68827503817139,211.0,11510.838727089049,375604.55761225655,23021677.4541781,121.44444444444444,43.0,671.0,1708646.0067321716,0.23095952135220932,34505.79724454136,872.0119079423276,169853.78904524422,1744023.8158846553,0.23280779986772338,1708646.0067321716,0.23095952135220932,9575e90f6c82e36ee6377e69c94d9626b53d19265b4525bb41106acc37f33f54,True,True,True,True
start_2013,start_date,PHASE7A_FIXED_FOUR_STATE,bimonthly,pre_tax,2013,2013-01-02,2026-08-31,5.0,next_open,False,phase8c_recomputed,False,4804128.440633415,47.04128440633415,0.32773925474938426,-0.5306679735877728,0.617597577132052,0.9498271662767692,1.0878161691742836,0.1632189577404268,1.6592188537094275,107.0,14186.742264064547,0.0,28373484.528129097,184.77272727272728,84.5,756.0,,,,,,,,,,7119ad1d2457f39314c15398fc1959f461425e4723c9d5af69176d8edca78c3e,True,True,True,True
start_2013,start_date,PHASE7A_FIXED_FOUR_STATE,bimonthly,after_tax,2013,2013-01-02,2026-08-31,5.0,next_open,False,phase8c_recomputed,False,2802842.30092145,27.0284230092145,0.2763807300483929,-0.532755752914756,0.5187756838594204,0.8412572480370397,0.959146302767386,0.1864369754443821,1.6591224022625333,107.0,9590.352130968244,486083.3809603089,19180704.261936493,184.77272727272728,84.5,756.0,2639978.7071637353,0.27079904596435544,161462.17260725357,1401.421150460725,850900.7179941162,2802842.30092145,0.2763807300483929,2639978.7071637353,0.27079904596435544,81a8c870b6ea0b88d6cff14a0d6538a1f3205ff699af8723dea467ff90d4be4c,True,True,True,True
start_2013,start_date,PHASE7A_FIXED_FOUR_STATE,quarterly,pre_tax,2013,2013-01-02,2026-08-31,5.0,next_open,False,phase8c_recomputed,False,1198685.4204534946,10.986854204534946,0.19942516779381925,-0.556323987243875,0.35846947528149187,0.6824833525704452,0.7643967757280549,0.19655202239563593,1.5752772776706632,87.0,7389.522915566721,0.0,14779045.831133444,238.31578947368422,126.0,754.0,,,,,,,,,,779553276b41732a789c3a86326e1f809a2971c82cd08ca0b67cec177c3f5810,True,True,True,True
start_2013,start_date,PHASE7A_FIXED_FOUR_STATE,quarterly,after_tax,2013,2013-01-02,2026-08-31,5.0,next_open,False,phase8c_recomputed,False,804698.860108072,7.04698860108072,0.16493685200707842,-0.556323987243875,0.2964762544649639,0.6017785127848664,0.6744839462377773,0.21451921617994435,1.5716818591352535,87.0,5560.313880515897,190426.9920343307,11120627.761031792,238.31578947368422,126.0,754.0,804296.510678018,0.1648941989901953,0.0,402.349430054036,-42647.858519899426,804698.860108072,0.16493685200707842,804296.510678018,0.1648941989901953,ba8de16abf3395e46aa25fe5c9d6a6e2db11f64b39eb83b041ce487b33568c57,True,True,True,True
start_2013,start_date,QQQ_BUY_HOLD,none,benchmark,2013,2013-01-02,2026-08-31,5.0,next_open,False,phase8c_recomputed_benchmark,False,1200509.8917711389,11.005098917711388,0.19955872753614345,-0.351187300463749,0.5682401592330436,0.9789796926732859,1.2521140678226426,0.09107412108132662,0.0,1.0,49.97501249375313,0.0,99950.02498750626,,,,,,,,,,,,,6a4c62557176f2780606ebeeb8a690a6f793edcb6b9ed5ea6012f23f2ece60bd,True,True,,
start_2014,start_date,FIXED_MA200_QQQ_TO_QLD,weekly,pre_tax,2014,2014-01-02,2026-08-31,5.0,next_open,False,phase8c_recomputed,False,1843901.7320032993,17.439017320032992,0.25886944428413794,-0.49154420130742704,0.5266453018784224,0.8529826556026372,0.9466555640465141,0.17188546413798372,1.7373469136971307,23.0,4723.773405561623,0.0,9447546.811123246,232.0,211.0,585.0,,,,,,,,,,4b3e3c514a498af17e646055f52e39ba1763c5782a198435a82f4f9759c6cd66,True,True,True,True
start_2014,start_date,FIXED_MA200_QQQ_TO_QLD,weekly,after_tax,2014,2014-01-02,2026-08-31,5.0,next_open,False,phase8c_recomputed,False,1225719.5871073666,11.257195871073666,0.2189112111122835,-0.49154420130742704,0.4453540709665897,0.7512180446030875,0.8115657914797555,0.20297904412525225,1.7373469136971307,23.0,3680.3254041548844,209558.27616610972,7360650.808309769,232.0,211.0,585.0,1163527.8080229764,0.21390796816306445,61578.91929083659,612.8597935536833,303120.449376503,1225719.5871073666,0.2189112111122835,1163527.8080229764,0.21390796816306445,b3a096d93b67e61ac0816b8e3b1ddecf9e0cf41680eaaacb098bba0dfc0e973e,True,True,True,True
start_2014,start_date,FIXED_MA200_QQQ_TO_QLD,monthly,pre_tax,2014,2014-01-02,2026-08-31,5.0,next_open,False,phase8c_recomputed,False,1683553.9251959324,15.835539251959325,0.24985530203210105,-0.517154219036865,0.48313499694042,0.8129487805974002,0.9193231708618268,0.16067728890031402,1.2635250281433679,17.0,4256.549012449075,0.0,8513098.02489815,322.375,346.5,611.0,,,,,,,,,,792deb9a867e4652e3b067ef53ef4d115b4cf2cf0c33bbbfd72e8b8443711cdb,True,True,True,True
start_2014,start_date,FIXED_MA200_QQQ_TO_QLD,monthly,after_tax,2014,2014-01-02,2026-08-31,5.0,next_open,False,phase8c_recomputed,False,1104169.12996219,10.0416912996219,0.20889737976474332,-0.517154219036865,0.4039363348012292,0.713641582806485,0.7934235070135762,0.19379396362060403,1.2635250281433679,17.0,3213.1033303403724,228447.80753602696,6426206.660680745,322.375,346.5,611.0,1081770.8780598491,0.20694199851727002,21846.16733735981,552.084564981095,107537.12693753291,1104169.12996219,0.20889737976474332,1081770.8780598491,0.20694199851727002,1fccced44e8c156c6e4d49d44647fed46101a864674c18c8502e3c44f710c4e1,True,True,True,True
start_2014,start_date,FIXED_MA200_QQQ_TO_QLD,bimonthly,pre_tax,2014,2014-01-02,2026-08-31,5.0,next_open,False,phase8c_recomputed,False,2690110.719295359,25.901107192953592,0.2969929599648975,-0.517154219036865,0.5742831616418207,0.8886374711261381,1.0153496239736113,0.16133009027620387,0.789703142589605,11.0,3069.206656756859,0.0,6138413.313513719,477.8,544.0,756.0,,,,,,,,,,96338800b4446d05f128c639aa0c80b7f5944ce009876f21117c48a07d810470,True,True,True,True
start_2014,start_date,FIXED_MA200_QQQ_TO_QLD,bimonthly,after_tax,2014,2014-01-02,2026-08-31,5.0,next_open,False,phase8c_recomputed,False,1769406.1867268854,16.694061867268854,0.2547753033371125,-0.517154219036865,0.4926486025998195,0.7945448848003878,0.8920150923106679,0.1987429133109959,0.789703142589605,11.0,2354.8088343805293,266272.26909496746,4709617.668761058,477.8,544.0,756.0,1641740.4018616967,0.2473747954680532,126781.08177182518,884.7030933634427,624076.2085740841,1769406.1867268854,0.2547753033371125,1641740.4018616967,0.2473747954680532,27fbeee3e300ee3ecb6888660a8e540799ade0b5e85700374457b7181612d680,True,True,True,True
start_2014,start_date,FIXED_MA200_QQQ_TO_QLD,quarterly,pre_tax,2014,2014-01-02,2026-08-31,5.0,next_open,False,phase8c_recomputed,False,748399.2054619286,6.483992054619287,0.1723244862076858,-0.517154219036865,0.3332168236558499,0.6270311353691639,0.7074089190863416,0.18866042311541667,0.9476437711075258,13.0,2561.506551650932,0.0,5123013.103301864,429.6666666666667,441.0,754.0,,,,,,,,,,07e95b16dc8a65f2ff2def0f74e3400f180436ef3ba76bfaa1489ed64b2e87d7,True,True,True,True
start_2014,start_date,FIXED_MA200_QQQ_TO_QLD,quarterly,after_tax,2014,2014-01-02,2026-08-31,5.0,next_open,False,phase8c_recomputed,False,531862.9116213719,4.318629116213718,0.14111905237511468,-0.540984034685682,0.2608562237092754,0.5495065494722369,0.6120505282746048,0.22285382504450518,0.9476437711075258,13.0,2033.7085962309397,117218.18323861237,4067417.1924618795,429.6666666666667,441.0,754.0,531596.9801655612,0.14107397346806327,0.0,265.9314558106859,-28187.953694582917,531862.9116213719,0.14111905237511468,531596.9801655612,0.14107397346806327,d1ad7686d3a09a879ce71e533fe2d50c38074fd44c3876175f569742b0f29616,True,True,True,True
start_2014,start_date,PHASE7A_FIXED_FOUR_STATE,weekly,pre_tax,2014,2014-01-02,2026-08-31,5.0,next_open,False,phase8c_recomputed,False,1874840.7854820746,17.748407854820744,0.2605251740967196,-0.49154420130742704,0.5300137269522565,0.8480794355853912,0.9386625634013047,0.1804023421309241,4.458308754075018,620.0,13709.372121325108,0.0,27418744.24265022,73.25,28.0,585.0,,,,,,,,,,c25544e51f16943299e9ea5ed5778bfc117351e71bef9dd262ef94080bbeaba6,True,True,True,True
start_2014,start_date,PHASE7A_FIXED_FOUR_STATE,weekly,after_tax,2014,2014-01-02,2026-08-31,5.0,next_open,False,phase8c_recomputed,False,1224039.584528032,11.24039584528032,0.2187791613678034,-0.49154420130742715,0.44508542830102893,0.7492089955109942,0.8286061391996047,0.19187807374278573,4.4630298477867125,620.0,10435.068375055303,209236.10732905555,20870136.750110608,73.25,28.0,585.0,1161933.0470848572,0.21377646044079812,61494.517650910544,612.019792264016,302704.9847448218,1224039.584528032,0.2187791613678034,1161933.0470848572,0.21377646044079812,e7d4927cbb8e1f4c43c972766c4f6154ecfed576875c8f6e52839c015d2e8ad4,True,True,True,True
start_2014,start_date,PHASE7A_FIXED_FOUR_STATE,monthly,pre_tax,2014,2014-01-02,2026-08-31,5.0,next_open,False,phase8c_recomputed,False,1633193.2916979662,15.33193291697966,0.24686060075443028,-0.517154219036865,0.47734426534154023,0.7961664655153433,0.897125773400574,0.16939754867668613,2.829774329634504,187.0,9286.050444762317,0.0,18572100.889524635,111.14285714285714,42.0,611.0,,,,,,,,,,e5b68da6f97aa09fed3dc7dc378a6c3a6fe3572eab1dd89fda45de7f9544354c,True,True,True,True
start_2014,start_date,PHASE7A_FIXED_FOUR_STATE,monthly,after_tax,2014,2014-01-02,2026-08-31,5.0,next_open,False,phase8c_recomputed,False,1057244.1631512349,9.572441631512348,0.20475755880619384,-0.517154219036865,0.39593133202612013,0.6990766530960745,0.7874224422826771,0.1868555990250262,2.830040141721957,187.0,6956.559863147218,217655.7859016454,13913119.726294436,111.14285714285714,42.0,611.0,1035797.7918970848,0.2028088736839715,20917.74917257441,528.6220815756175,102967.01537078223,1057244.1631512349,0.20475755880619384,1035797.7918970848,0.2028088736839715,42f9c57880558d418f017a39fe69e1b9d62fdf96a1e497fd8d73cd8c3dd79a6c,True,True,True,True
start_2014,start_date,PHASE7A_FIXED_FOUR_STATE,bimonthly,pre_tax,2014,2014-01-02,2026-08-31,5.0,next_open,False,phase8c_recomputed,False,2662953.871281288,25.62953871281288,0.29595388568756076,-0.5306679735877728,0.5577006723934317,0.8745585220226136,0.9973429670397191,0.16936003397451768,1.7207258493386346,95.0,7857.368418293497,0.0,15714736.836586993,171.57142857142858,84.0,756.0,,,,,,,,,,b5d08129dfd1d7b17eb9a4e20af1414d80ec02068d556b787366651a538242ec,True,True,True,True
start_2014,start_date,PHASE7A_FIXED_FOUR_STATE,bimonthly,after_tax,2014,2014-01-02,2026-08-31,5.0,next_open,False,phase8c_recomputed,False,1691175.2237269927,15.911752237269926,0.2503012974488181,-0.5327557529147559,0.46982373457141785,0.7784465685006708,0.8855944914797146,0.18895769303807258,1.7213954961241695,95.0,5768.191612318006,283180.82034116774,11536383.224636013,171.57142857142858,84.0,756.0,1592906.8072272008,0.24440308638929276,97422.82888792855,845.5876118634964,513415.332589376,1691175.2237269927,0.2503012974488181,1592906.8072272008,0.24440308638929276,f8677295362d3d0b2898408dfa67f0d3533387ac349fa40e4653df2722c15f36,True,True,True,True
start_2014,start_date,PHASE7A_FIXED_FOUR_STATE,quarterly,pre_tax,2014,2014-01-02,2026-08-31,5.0,next_open,False,phase8c_recomputed,False,662330.7168764025,5.623307168764025,0.16106557518791376,-0.5563239872438749,0.2895175812674561,0.5896414990608743,0.6567289184628893,0.20400103092032107,1.6931766672532356,79.0,4102.015942990622,0.0,8204031.885981243,211.78947368421052,126.0,754.0,,,,,,,,,,f5a2eea64c1ebda96e92afa5178d8a226df058535594a22e7ee55df3d803aa66,True,True,True,True
start_2014,start_date,PHASE7A_FIXED_FOUR_STATE,quarterly,after_tax,2014,2014-01-02,2026-08-31,5.0,next_open,False,phase8c_recomputed,False,478343.19427553646,3.7834319427553647,0.13159928983398728,-0.556323987243875,0.23655152905765012,0.5202955277315223,0.5805426368162637,0.21892108325011694,1.6901459824515899,79.0,3315.9191621556347,102857.48489330876,6631838.32431127,211.78947368421052,126.0,754.0,478104.0226783987,0.13155458699680334,0.0,239.17159713776823,-25351.48722676211,478343.19427553646,0.13159928983398728,478104.0226783987,0.13155458699680334,037ecd7f954a77798966de44e4fcbdaf6d95972029474e0d88eb70501c7af78a,True,True,True,True
start_2014,start_date,QQQ_BUY_HOLD,none,benchmark,2014,2014-01-02,2026-08-31,5.0,next_open,False,phase8c_recomputed_benchmark,False,904431.5543739038,8.044315543739037,0.1899923422059122,-0.351187300463749,0.5410000360349705,0.9218845913623014,1.185557353188765,0.094531733032353,0.0,1.0,49.97501249375313,0.0,99950.02498750626,,,,,,,,,,,,,c092a252f199c68b4c4ac0acd5575c7b5fb25e39c79348a8faf10906160e86d5,True,True,,
start_2015,start_date,FIXED_MA200_QQQ_TO_QLD,weekly,pre_tax,2015,2015-01-02,2026-08-31,5.0,next_open,False,phase8c_recomputed,False,1315210.6995547328,12.152106995547328,0.24728171690391387,-0.49154420130742704,0.5030711709062685,0.8189828068832444,0.8992026495042228,0.17841518868110323,1.8862390535185565,23.0,3383.682849215704,0.0,6767365.698431408,209.0909090909091,161.0,585.0,,,,,,,,,,5b0487fa03c86c0dd476191b0f706078ca4b67020758b136ab2b33ec64c5d725,True,True,True,True
start_2015,start_date,FIXED_MA200_QQQ_TO_QLD,weekly,after_tax,2015,2015-01-02,2026-08-31,5.0,next_open,False,phase8c_recomputed,False,919081.9239926906,8.190819239926906,0.2095305499634208,-0.49154420130742715,0.4262700066567845,0.724420302254745,0.778378816364288,0.20562205434726968,1.8862390535185565,23.0,2760.9607155878966,150755.33113686417,5521921.431175793,209.0909090909091,161.0,585.0,872448.631534419,0.20414127851882302,46173.7514962753,459.54096199634535,227288.9564177962,919081.9239926906,0.2095305499634208,872448.631534419,0.20414127851882302,459e94eb0a588aa57149e7af403e877a0ec74a623bed909fd4549a49ed3e96fe,True,True,True,True
start_2015,start_date,FIXED_MA200_QQQ_TO_QLD,monthly,pre_tax,2015,2015-01-02,2026-08-31,5.0,next_open,False,phase8c_recomputed,False,1200838.4705455096,11.008384705455097,0.23758812148841324,-0.517154219036865,0.45941445074332254,0.7781185036856696,0.8721308916075577,0.16668591096975333,1.3718102207407683,17.0,3050.4229415703167,0.0,6100845.883140634,290.875,241.5,611.0,,,,,,,,,,507ce0e68962d60e3bd26d40709d1787f41d5217ef3c84a948d8dc22e3e9fc15,True,True,True,True
start_2015,start_date,FIXED_MA200_QQQ_TO_QLD,monthly,after_tax,2015,2015-01-02,2026-08-31,5.0,next_open,False,phase8c_recomputed,False,834968.7792718647,7.3496877927186475,0.19961542478285899,-0.517154219036865,0.38598819739809476,0.6874107585192818,0.760244436330108,0.19329665933434823,1.3718102207407685,17.0,2436.929221158925,166535.86159183452,4873858.44231785,290.875,241.5,611.0,818031.3006363573,0.19750891190070163,16519.994245871396,417.48438963593236,81319.19392503763,834968.7792718647,0.19961542478285899,818031.3006363573,0.19750891190070163,fc1183c257b725f2fd45d646fe51f826729fbd2838b476703beddc278ff02ae0,True,True,True,True
start_2015,start_date,FIXED_MA200_QQQ_TO_QLD,bimonthly,pre_tax,2015,2015-01-02,2026-08-31,5.0,next_open,False,phase8c_recomputed,False,1918791.1913072618,18.187911913072618,0.28834418806781836,-0.517154219036865,0.557559384519425,0.8614589949524325,0.9767757713406865,0.16736925245837073,0.8573813879629802,11.0,2203.520233504457,0.0,4407040.467008914,427.4,544.0,756.0,,,,,,,,,,8f43e6c7038e867005244883257a4cb961a3ba56459e4e65e734df0eee9597a3,True,True,True,True
start_2015,start_date,FIXED_MA200_QQQ_TO_QLD,bimonthly,after_tax,2015,2015-01-02,2026-08-31,5.0,next_open,False,phase8c_recomputed,False,1337259.6930663465,12.372596930663464,0.2490613685953076,-0.517154219036865,0.4815998002668396,0.7756674191159648,0.8670369623528009,0.19950166340930442,0.8573813879629802,11.0,1787.5634935594417,195013.43172702636,3575126.987118883,427.4,544.0,756.0,1240774.0417983893,0.24106524395896667,95817.02142142413,668.6298465331732,471656.5169649231,1337259.6930663465,0.2490613685953076,1240774.0417983893,0.24106524395896667,943866e5de7d047f553adfdda94bc46a7af305213a2b00a186aa750bd414b8ff,True,True,True,True
start_2015,start_date,FIXED_MA200_QQQ_TO_QLD,quarterly,pre_tax,2015,2015-01-02,2026-08-31,5.0,next_open,False,phase8c_recomputed,False,533815.1298835201,4.338151298835201,0.1544648846291472,-0.517154219036865,0.29868244121998794,0.5802991232423494,0.6490336521027952,0.19595904859502178,1.0288576655555763,13.0,1841.3899752531543,0.0,3682779.9505063086,387.6666666666667,347.5,754.0,,,,,,,,,,3f8a950ff51fe68ea086a3f0c73d0ca40b09f2e3d071029931f8708c2a63a913,True,True,True,True
start_2015,start_date,FIXED_MA200_QQQ_TO_QLD,quarterly,after_tax,2015,2015-01-02,2026-08-31,5.0,next_open,False,phase8c_recomputed,False,402252.99674981966,3.0225299674981967,0.12678640329151003,-0.5375438077036498,0.23586245711420772,0.5120839126549961,0.5656509391784583,0.22632322606120545,1.0288576655555763,13.0,1546.4754301576693,82440.55393979799,3092950.8603153387,387.6666666666667,347.5,754.0,402051.87025144475,0.1267380758872212,0.0,201.12649837490983,-21318.818436362548,402252.99674981966,0.12678640329151003,402051.87025144475,0.1267380758872212,b6e9bdda5faff9311f0d16a5f6d00fc2df118e85e8c8c9d27a4a64a8dc765c31,True,True,True,True
start_2015,start_date,PHASE7A_FIXED_FOUR_STATE,weekly,pre_tax,2015,2015-01-02,2026-08-31,5.0,next_open,False,phase8c_recomputed,False,1331469.608489209,12.314696084892091,0.2485966429731914,-0.49154420130742715,0.505746263127436,0.8153576208418629,0.8917397376430073,0.18717793018949305,4.590930429129931,537.0,9633.360407200194,0.0,19266720.814400386,70.3125,28.5,585.0,,,,,,,,,,e4e35ae9dcb61b40cc816aaad159c429983e8fa0e880ccc485db46ee8dce53dc,True,True,True,True
start_2015,start_date,PHASE7A_FIXED_FOUR_STATE,weekly,after_tax,2015,2015-01-02,2026-08-31,5.0,next_open,False,phase8c_recomputed,False,918408.0292695541,8.18408029269554,0.20945446779799148,-0.49154420130742704,0.426115224716062,0.7229349691143895,0.7898265193985966,0.19820926242144418,4.594308177806737,537.0,7702.413193290673,150626.10045476753,15404826.386581343,70.3125,28.5,585.0,871808.9295517659,0.20406553535057026,46139.89570315336,459.204014634777,227122.30225524667,918408.0292695541,0.20945446779799148,871808.9295517659,0.20406553535057026,eb9c00aa9742d5001a3d2aa5809bbe12dec4dac0215c9b36f4ece2d02ba7374b,True,True,True,True
start_2015,start_date,PHASE7A_FIXED_FOUR_STATE,monthly,pre_tax,2015,2015-01-02,2026-08-31,5.0,next_open,False,phase8c_recomputed,False,1150880.0579544255,10.508800579544255,0.23308632084925685,-0.517154219036865,0.4507095026380157,0.7603623305132046,0.8480139161091963,0.17566155074521264,2.8961372728729424,162.0,6466.950108632525,0.0,12933900.217265053,107.0625,42.0,611.0,,,,,,,,,,384bc6e1aa8c0732d3388a3c17b7582b0f22ef9b1f4004138fac812f8684eaa5,True,True,True,True
start_2015,start_date,PHASE7A_FIXED_FOUR_STATE,monthly,after_tax,2015,2015-01-02,2026-08-31,5.0,next_open,False,phase8c_recomputed,False,790230.154570259,6.90230154570259,0.19396325337581155,-0.517154219036865,0.3750588243039839,0.6705642500384211,0.7476772975559739,0.19190519169101633,2.89604758161737,162.0,5107.575371881427,156246.66506203593,10215150.743762854,107.0625,42.0,611.0,774200.2062746601,0.19186666565102972,15634.833218313901,395.11507728512953,76962.01436531579,790230.154570259,0.19396325337581155,774200.2062746601,0.19186666565102972,c2b6994ae3d505c18bd21de5d63584dbfd621f811caec2244f4e29a9db1a5c3f,True,True,True,True
start_2015,start_date,PHASE7A_FIXED_FOUR_STATE,bimonthly,pre_tax,2015,2015-01-02,2026-08-31,5.0,next_open,False,phase8c_recomputed,False,1880586.0245902324,17.805860245902323,0.28612397667690925,-0.5306679735877728,0.5391770201289228,0.8470013599868743,0.9578304149268495,0.17564719584497815,1.7638675573431186,84.0,5513.251108868687,0.0,11026502.217737373,167.47368421052633,84.0,756.0,,,,,,,,,,60e421c6740960a6cb1ba807fcc89156ee5dfa67d2266dbc2995cfe1772588b7,True,True,True,True
start_2015,start_date,PHASE7A_FIXED_FOUR_STATE,bimonthly,after_tax,2015,2015-01-02,2026-08-31,5.0,next_open,False,phase8c_recomputed,False,1264897.524205041,11.648975242050408,0.24311638302833272,-0.532755752914756,0.4563374148438952,0.7575081847962922,0.8553489507839778,0.1932011794660808,1.7639512135612694,84.0,4267.632166206038,205376.19830799123,8535264.332412077,167.47368421052633,84.0,756.0,1191398.6489884285,0.2367507781591076,72866.42645450986,632.4487621025205,384003.84180772817,1264897.524205041,0.24311638302833272,1191398.6489884285,0.2367507781591076,bcf9128dfd04ae8ce305752ab39b588e91f8f8b5f59ca4420e3ce542a79cac71,True,True,True,True
start_2015,start_date,PHASE7A_FIXED_FOUR_STATE,quarterly,pre_tax,2015,2015-01-02,2026-08-31,5.0,next_open,False,phase8c_recomputed,False,459068.6046165752,3.590686046165752,0.13962596721746734,-0.556323987243875,0.25097959178283585,0.53754682004995,0.5924002985827553,0.21186491565277427,1.8000513036045518,70.0,2836.460622077795,0.0,5672921.2441555895,195.55555555555554,126.0,754.0,,,,,,,,,,704f5d00f81f6246c1dbe236689437db3b934814d3462f0e46cd3501b966e3ef,True,True,True,True
start_2015,start_date,PHASE7A_FIXED_FOUR_STATE,quarterly,after_tax,2015,2015-01-02,2026-08-31,5.0,next_open,False,phase8c_recomputed,False,352803.9953390905,2.5280399533909055,0.11418225129849446,-0.5563239872438748,0.20524416332319784,0.47763119564283896,0.5269427805354199,0.22535943968215394,1.7981119465120583,70.0,2432.144842107102,69172.13198332026,4864289.684214203,195.55555555555554,126.0,754.0,352627.593341421,0.11413446448108822,0.0,176.40199766954527,-18698.093938465463,352803.9953390905,0.11418225129849446,352627.593341421,0.11413446448108822,15a0c2d28e46d564bac3ea69e0e4325a58082c76efb527a900ff866d5f477c51,True,True,True,True
start_2015,start_date,QQQ_BUY_HOLD,none,benchmark,2015,2015-01-02,2026-08-31,5.0,next_open,False,phase8c_recomputed_benchmark,False,751619.6014669283,6.5161960146692826,0.18884495293394132,-0.35118730046374913,0.537732864157013,0.9005150336413164,1.16186489597821,0.09820637340611181,0.0,1.0,49.97501249375313,0.0,99950.02498750626,,,,,,,,,,,,,d4ce6c6b86e4806a6bf3a1b7a05b7e8420af0bd2c00305cffb7d286b3adb8aa8,True,True,,
start_2016,start_date,FIXED_MA200_QQQ_TO_QLD,weekly,pre_tax,2016,2016-01-04,2026-08-31,5.0,next_open,False,phase8c_recomputed,False,1554617.6342820702,14.546176342820702,0.29368793001096005,-0.49154420130742715,0.5974802046892186,0.9238090218715403,1.0192842510472053,0.14726912086267907,1.8764580325459057,21.0,3894.9538433561324,0.0,7789907.686712264,208.2,120.0,585.0,,,,,,,,,,2a75e304d025ed25c5e445d1b87fa103442a9e4f5a3ad7cc19ec7114cfe06cf6,True,True,True,True
start_2016,start_date,FIXED_MA200_QQQ_TO_QLD,weekly,after_tax,2016,2016-01-04,2026-08-31,5.0,next_open,False,phase8c_recomputed,False,1064159.9158119422,9.641599158119423,0.24847787438470004,-0.49154420130742704,0.5055046397125418,0.8131340021381283,0.8744015231460772,0.18390799684181425,1.8764580325459062,21.0,3102.726426294162,178576.48360472117,6205452.852588325,208.2,120.0,585.0,1010165.5119607109,0.24239179647514697,53462.32389332536,532.0799579059711,263166.74326027744,1064159.9158119422,0.24847787438470004,1010165.5119607109,0.24239179647514697,299f64bc9abec84de5f6ba01e78a2b69384a27bd4f8668c8262bffb2f1cb0474,True,True,True,True
start_2016,start_date,FIXED_MA200_QQQ_TO_QLD,monthly,pre_tax,2016,2016-01-04,2026-08-31,5.0,next_open,False,phase8c_recomputed,False,1376218.3977026048,12.762183977026048,0.27897381822635414,-0.517154219036865,0.5394402829119483,0.8651695743073092,0.9606304678660594,0.1345968003820015,1.313520622782134,15.0,3380.534435097854,0.0,6761068.870195708,302.57142857142856,274.0,611.0,,,,,,,,,,a32f561173fc4ee0db7da94bc0c84b15197bcdb2f1e6ee551a0e7f69bba50678,True,True,True,True
start_2016,start_date,FIXED_MA200_QQQ_TO_QLD,monthly,after_tax,2016,2016-01-04,2026-08-31,5.0,next_open,False,phase8c_recomputed,False,940570.0296230225,8.405700296230226,0.2340967446329929,-0.517154219036865,0.45266331785703845,0.761259752500505,0.8323227354510256,0.1705639982886392,1.313520622782134,15.0,2637.136788335013,190822.52721695098,5274273.576670025,302.57142857142856,274.0,611.0,921490.4123038803,0.23172553409270757,18609.33230433062,470.2850148115113,91603.90009515441,940570.0296230225,0.2340967446329929,921490.4123038803,0.23172553409270757,7c2c23af044d223ae84f169afbd84e26a01be1740e7995ab1601b7b0c69b6f14,True,True,True,True
start_2016,start_date,FIXED_MA200_QQQ_TO_QLD,bimonthly,pre_tax,2016,2016-01-04,2026-08-31,5.0,next_open,False,phase8c_recomputed,False,2199026.5998283355,20.990265998283355,0.3364829838056673,-0.517154219036865,0.6506434085219778,0.9506071129732764,1.0691078753715824,0.143139580628991,0.7505832130183625,9.0,2409.943371859408,0.0,4819886.743718816,482.0,566.5,756.0,,,,,,,,,,0c261895fa4468ca28a24682c3d5fab129598a07b6640f73d0baeb7d1ea0e73f,True,True,True,True
start_2016,start_date,FIXED_MA200_QQQ_TO_QLD,bimonthly,after_tax,2016,2016-01-04,2026-08-31,5.0,next_open,False,phase8c_recomputed,False,1508324.7346469357,14.083247346469356,0.2900229665486025,-0.5171542190368651,0.5608055699298633,0.8529965750536906,0.9438063049167149,0.18402343896812381,0.7505832130183625,9.0,1906.4770026098918,223221.21810538054,3812954.005219784,482.0,566.5,756.0,1399496.4381682817,0.28098862151228077,108074.13411133071,754.1623673234678,531991.7997112022,1508324.7346469357,0.2900229665486025,1399496.4381682817,0.28098862151228077,4ee1e4ceb54a50f8811620d2275512eac8d714d3719edaa13ec5fb0ce6b8fa5a,True,True,True,True
start_2016,start_date,FIXED_MA200_QQQ_TO_QLD,quarterly,pre_tax,2016,2016-01-04,2026-08-31,5.0,next_open,False,phase8c_recomputed,False,564822.5620172428,4.648225620172428,0.1764248813843794,-0.5171542190368651,0.34114559040618214,0.6291966922032659,0.7007145555363776,0.19184261696953442,0.9382290162729531,11.0,1845.4469069999873,0.0,3690893.813999974,427.6,442.0,754.0,,,,,,,,,,efe79921f50cd085e3a09db44f4a339bf5417a2fa4ec0aa38387c59cfe34918d,True,True,True,True
start_2016,start_date,FIXED_MA200_QQQ_TO_QLD,quarterly,after_tax,2016,2016-01-04,2026-08-31,5.0,next_open,False,phase8c_recomputed,False,422452.2602735557,3.224522602735557,0.1447929551207574,-0.5409840346856819,0.2676473718949651,0.5531205896975063,0.607431264221453,0.22696430923373956,0.9382290162729531,11.0,1523.0069763983536,87860.52894428543,3046013.952796707,427.6,442.0,754.0,422241.03414341895,0.1447392256268285,0.0,211.22613013677787,-22389.34975642769,422452.2602735557,0.1447929551207574,422241.03414341895,0.1447392256268285,e3f530e0f8bac971f53ac65cedfc256592b3b8957fb89705dee5aabb61a36302,True,True,True,True
start_2016,start_date,PHASE7A_FIXED_FOUR_STATE,weekly,pre_tax,2016,2016-01-04,2026-08-31,5.0,next_open,False,phase8c_recomputed,False,1609703.704041551,15.097037040415511,0.2979223290502713,-0.49154420130742715,0.6060946874316625,0.926809952198219,1.0184946471422645,0.15250239970740986,4.562980523506046,472.0,11362.806824104879,0.0,22725613.648209754,70.25581395348837,28.0,585.0,,,,,,,,,,e11e0455da50d6a5cb80e1ad37ac2bcc11655d39727f21ba04d33bbcb9c438ea,True,True,True,True
start_2016,start_date,PHASE7A_FIXED_FOUR_STATE,weekly,after_tax,2016,2016-01-04,2026-08-31,5.0,next_open,False,phase8c_recomputed,False,1078968.681371383,9.789686813713828,0.2500981445603174,-0.49154420130742704,0.5088009255222569,0.8177358295846309,0.897193349297343,0.1664051311203319,4.567897102007435,472.0,8798.84210540471,181416.3142318425,17597684.210809417,70.25581395348837,28.0,585.0,1024222.895649557,0.24400416816034998,54206.30138114025,539.4843406856914,266828.9509285762,1078968.681371383,0.2500981445603174,1024222.895649557,0.24400416816034998,78d48d84622973f6510ca39aef73933d5cd1161316cf733f332e64c7df5828d4,True,True,True,True
start_2016,start_date,PHASE7A_FIXED_FOUR_STATE,monthly,pre_tax,2016,2016-01-04,2026-08-31,5.0,next_open,False,phase8c_recomputed,False,1355875.028268672,12.55875028268672,0.27718757350058576,-0.517154219036865,0.5359862944110036,0.854274262834702,0.9433874060886905,0.13876448996680063,2.903990203283269,142.0,7453.255071329168,0.0,14906510.142658336,105.06896551724138,41.0,611.0,,,,,,,,,,a605e2f009a808f163a7d31491bc03052706a867dd1ae219a7cbcd77fd5af2af,True,True,True,True
start_2016,start_date,PHASE7A_FIXED_FOUR_STATE,monthly,after_tax,2016,2016-01-04,2026-08-31,5.0,next_open,False,phase8c_recomputed,False,908059.1411265814,8.080591411265814,0.23002946751466258,-0.517154219036865,0.44479859014408446,0.7497400785435996,0.8288074034128883,0.16061176353471698,2.9047564844898073,142.0,5720.551178139798,183345.52220552383,11441102.356279597,105.06896551724138,41.0,611.0,889639.0125128852,0.22766607189684196,17966.099043132814,454.0295705632907,88437.60296890384,908059.1411265814,0.23002946751466258,889639.0125128852,0.22766607189684196,c7101aa6e09978c2d4539fb701b43c2b78e0eb449dff14e125e1be434527258d,True,True,True,True
start_2016,start_date,PHASE7A_FIXED_FOUR_STATE,bimonthly,pre_tax,2016,2016-01-04,2026-08-31,5.0,next_open,False,phase8c_recomputed,False,2217315.73614565,21.1731573614565,0.3375222159408371,-0.5306679735877728,0.636032760105902,0.9430197971418167,1.0574980742025275,0.14750910187023827,1.6683607543681496,72.0,6337.124249538447,0.0,12674248.499076892,175.1875,82.5,756.0,,,,,,,,,,e9eff47df801acb5ab8a9b20c5386e45d1d3ebb261c8b2a8a24c272939892728,True,True,True,True
start_2016,start_date,PHASE7A_FIXED_FOUR_STATE,bimonthly,after_tax,2016,2016-01-04,2026-08-31,5.0,next_open,False,phase8c_recomputed,False,1459466.3617386024,13.594663617386024,0.2860426383949721,-0.532755752914756,0.5369114023265003,0.8403960388625448,0.9416510716613502,0.16985790500308307,1.6687589248094952,72.0,4770.497043542266,240889.09255676414,9540994.087084532,175.1875,82.5,756.0,1374661.7558700875,0.2788379859266792,84074.87268764559,729.7331808693012,443072.0111093543,1459466.3617386024,0.2860426383949721,1374661.7558700875,0.2788379859266792,58944724ae40333de09e673ad9a94a818440597e6802afad8cf3c1c45e828303,True,True,True,True
start_2016,start_date,PHASE7A_FIXED_FOUR_STATE,quarterly,pre_tax,2016,2016-01-04,2026-08-31,5.0,next_open,False,phase8c_recomputed,False,492536.051648345,3.92536051648345,0.16140256871189518,-0.5563239872438749,0.29012333175046323,0.5855685688270386,0.642014373050918,0.20671580508531243,1.7441462838791686,63.0,2917.1777834690097,0.0,5834355.566938018,200.3125,125.5,754.0,,,,,,,,,,3da2400b92cdf419a213cd36f194e282d70bfcc146af02b2414a15124465a938,True,True,True,True
start_2016,start_date,PHASE7A_FIXED_FOUR_STATE,quarterly,after_tax,2016,2016-01-04,2026-08-31,5.0,next_open,False,phase8c_recomputed,False,374557.2139980137,2.745572139980137,0.13193786353314985,-0.5563239872438749,0.23716011992722588,0.517969034355549,0.5686258820222528,0.22182220634797808,1.7414838120829086,63.0,2458.5637193248594,75009.07258563316,4917127.4386497205,200.3125,125.5,754.0,374369.9353910147,0.1318847373776344,0.0,187.27860699900685,-19850.982599937648,374557.2139980137,0.13193786353314985,374369.9353910147,0.1318847373776344,899f3c65e1375a5fb4c6a4f864e173d3d7cdb7c7088e169af8c904d8b391eadc,True,True,True,True
start_2016,start_date,QQQ_BUY_HOLD,none,benchmark,2016,2016-01-04,2026-08-31,5.0,next_open,False,phase8c_recomputed_benchmark,False,705403.0012922576,6.054030012922576,0.20122052798631596,-0.351187300463749,0.5729721083894569,0.9367695502590326,1.2019663955069657,0.10099363937225657,0.0,1.0,49.97501249375313,0.0,99950.02498750626,,,,,,,,,,,,,cd1b6bc2d6cc9f6a5b5a96ca78aff13b4dc8e7814f7174cb23e9531cf8c279a6,True,True,,
start_2018,start_date,FIXED_MA200_QQQ_TO_QLD,weekly,pre_tax,2018,2018-01-02,2026-08-31,5.0,next_open,False,phase8c_recomputed,False,877875.2992980178,7.778752992980177,0.2851199750775999,-0.49154420130742715,0.5800495139994072,0.8680902181448696,0.9711832585397164,0.16106657725495005,1.6162574340398566,15.0,2071.351593899998,0.0,4142703.187799996,236.71428571428572,211.0,494.0,,,,,,,,,,50cdcf1781c2288414ac123a8d7af7e128f1dfd6edc37ed0388cf76203000ebc,True,True,True,True
start_2018,start_date,FIXED_MA200_QQQ_TO_QLD,weekly,after_tax,2018,2018-01-02,2026-08-31,5.0,next_open,False,phase8c_recomputed,False,654061.440384002,5.540614403840021,0.24217909369831836,-0.49154420130742715,0.49269036854500897,0.7703964105994096,0.8397847696419665,0.19416919905007102,1.6162574340398566,15.0,1758.272374587664,99933.18238001797,3516544.749175328,236.71428571428572,211.0,494.0,620875.0207201244,0.23473228552611403,32859.388943685684,327.030720192001,161749.39179761597,654061.440384002,0.24217909369831836,620875.0207201244,0.23473228552611403,1409efc41768af34c51244c1754cd80569d2cc9b77c145b86205da34cb730120,True,True,True,True
start_2018,start_date,FIXED_MA200_QQQ_TO_QLD,monthly,pre_tax,2018,2018-01-02,2026-08-31,5.0,next_open,False,phase8c_recomputed,False,818367.1529568924,7.183671529568924,0.2747453470730379,-0.517154219036865,0.5312638608744539,0.8280529080092367,0.931286566958722,0.14447397485423263,1.1544695957427547,11.0,1927.4386605990046,0.0,3854877.321198009,335.6,274.0,542.0,,,,,,,,,,cb7b2f72ad78c59dcd0f055d8f490faba7751059bc5d5f64e117313e45e08235,True,True,True,True
start_2018,start_date,FIXED_MA200_QQQ_TO_QLD,monthly,after_tax,2018,2018-01-02,2026-08-31,5.0,next_open,False,phase8c_recomputed,False,604671.90313829,5.0467190313829,0.23096763330681447,-0.517154219036865,0.4466126830347875,0.7333148374016651,0.8142787574217873,0.17874855038906642,1.1544695957427547,11.0,1597.2414763246634,113571.11726763373,3194482.9526493265,335.6,274.0,542.0,592406.0344074526,0.2280579550847195,11963.532779268393,302.33595156914504,58890.14412635192,604671.90313829,0.23096763330681447,592406.0344074526,0.2280579550847195,05115c89a6db53bf8d73cbf136baef5bf2846a6d9576a435b307b93a1e15694b,True,True,True,True
start_2018,start_date,FIXED_MA200_QQQ_TO_QLD,bimonthly,pre_tax,2018,2018-01-02,2026-08-31,5.0,next_open,False,phase8c_recomputed,False,1197151.7350802599,10.971517350802598,0.33198752233643725,-0.517154219036865,0.6419507182107543,0.906744230588655,1.0420078650089415,0.15527656704265425,0.6926817574456527,7.0,1286.7583389106721,0.0,2573516.677821344,503.6666666666667,544.0,756.0,,,,,,,,,,6c847b323f8cc00b199162848e9ee3d565457cf1bb9d8402690f166d99416f29,True,True,True,True
start_2018,start_date,FIXED_MA200_QQQ_TO_QLD,bimonthly,after_tax,2018,2018-01-02,2026-08-31,5.0,next_open,False,phase8c_recomputed,False,896746.8962104763,7.967468962104762,0.28828019461616816,-0.517154219036865,0.5574356429945674,0.8217358731420337,0.9320749540101164,0.19433347200012807,0.6926817574456527,7.0,1096.1492866086967,122375.03199420976,2192298.573217394,503.6666666666667,544.0,756.0,832045.0221077814,0.2771876309000756,64253.500654589596,448.37344810523814,316285.9987919744,896746.8962104763,0.28828019461616816,832045.0221077814,0.2771876309000756,76dfb8364a383193508f2b382a1d77225c856143f5115e0887eb922effe0bd7e,True,True,True,True
start_2018,start_date,FIXED_MA200_QQQ_TO_QLD,quarterly,pre_tax,2018,2018-01-02,2026-08-31,5.0,next_open,False,phase8c_recomputed,False,285044.0780263429,1.8504407802634288,0.12857736616890203,-0.517154219036865,0.24862480365791328,0.5093689425358454,0.5649404283015901,0.2112377028510933,1.1544695957427547,11.0,956.0801598588064,0.0,1912160.3197176124,327.0,253.0,500.0,,,,,,,,,,66cb37de18274b2b6d780ef68a1f3463e2215d857e89862a442b42f8a85b3fa7,True,True,True,True
start_2018,start_date,FIXED_MA200_QQQ_TO_QLD,quarterly,after_tax,2018,2018-01-02,2026-08-31,5.0,next_open,False,phase8c_recomputed,False,237412.31781718813,1.3741231781718812,0.1049981305034764,-0.517154219036865,0.20303059829816775,0.4543432617391282,0.5013726005858742,0.23278201758638362,1.1544695957427547,11.0,869.0715580346599,38209.61658469436,1738143.11606932,327.0,253.0,500.0,237293.61165827952,0.1049343161114713,0.0,118.70615890859406,-12582.504391504976,237412.31781718813,0.1049981305034764,237293.61165827952,0.1049343161114713,70e4fc869612ec90ab1eb30bd72233108ee924d2da660ca2c01cc2b0db13eca2,True,True,True,True
start_2018,start_date,PHASE7A_FIXED_FOUR_STATE,weekly,pre_tax,2018,2018-01-02,2026-08-31,5.0,next_open,False,phase8c_recomputed,False,878992.2835484237,7.789922835484237,0.2853086893149026,-0.49154420130742704,0.580433435194695,0.8653929232513592,0.9599146472260439,0.16676489098714536,4.341761898992296,308.0,5912.079020415633,0.0,11824158.040831268,67.9090909090909,28.0,455.0,,,,,,,,,,d96d3596527940bbb455a67db66ced7ae6933b0a031fb4de9045e4172d8f8d02,True,True,True,True
start_2018,start_date,PHASE7A_FIXED_FOUR_STATE,weekly,after_tax,2018,2018-01-02,2026-08-31,5.0,next_open,False,phase8c_recomputed,False,649284.2324892633,5.492842324892633,0.24112800852684546,-0.49154420130742704,0.49055203557581284,0.769894098473982,0.8531447661275141,0.17919251563074393,4.345924002925185,308.0,4961.393452761375,99017.0721723721,9922786.905522747,67.9090909090909,28.0,455.0,616340.2035492958,0.23368750156328666,32619.38682372291,324.64211624463167,160567.98830284475,649284.2324892633,0.24112800852684546,616340.2035492958,0.23368750156328666,dc81200902bccf654e849866bc82c6f01be97e8bba405cce76571affd17f1651,True,True,True,True
start_2018,start_date,PHASE7A_FIXED_FOUR_STATE,monthly,pre_tax,2018,2018-01-02,2026-08-31,5.0,next_open,False,phase8c_recomputed,False,778362.1826837587,6.783621826837587,0.26738900588008563,-0.517154219036865,0.5170392042398189,0.8088490827003867,0.9020560172667316,0.14884797219588447,2.6418008398525186,98.0,4067.4568423815035,0.0,8134913.684763006,108.95238095238095,42.0,481.0,,,,,,,,,,e9039753a736be297bbf66817c3225693166a6e52d9c6809e5064cfc3e1b340e,True,True,True,True
start_2018,start_date,PHASE7A_FIXED_FOUR_STATE,monthly,after_tax,2018,2018-01-02,2026-08-31,5.0,next_open,False,phase8c_recomputed,False,567862.701577754,4.67862701577754,0.22207219840372372,-0.517154219036865,0.4294119437279375,0.7132948276941049,0.795680973930489,0.17014278192088214,2.6412309965441763,98.0,3335.569825559898,105105.56627031538,6671139.651119797,108.95238095238095,42.0,481.0,556343.5135378584,0.2191835466103611,11235.256689106704,283.931350788877,55305.22613392421,567862.701577754,0.22207219840372372,556343.5135378584,0.2191835466103611,8a1cabcec034b26d0e9194b39f3b751d7dff57918f10f971e3647870383a68b2,True,True,True,True
start_2018,start_date,PHASE7A_FIXED_FOUR_STATE,bimonthly,pre_tax,2018,2018-01-02,2026-08-31,5.0,next_open,False,phase8c_recomputed,False,1165474.8577597882,10.654748577597882,0.3278691820737034,-0.5306679735877728,0.6178424144517808,0.8918936269272661,1.019595255205138,0.16016281783319,1.6768522125137486,55.0,3260.7390647080256,0.0,6521478.129416051,152.57142857142858,82.5,756.0,,,,,,,,,,a3662f22c60ce50ef1f47b105c084dbf096ab839f3a0c56da56f7e5d0772e364,True,True,True,True
start_2018,start_date,PHASE7A_FIXED_FOUR_STATE,bimonthly,after_tax,2018,2018-01-02,2026-08-31,5.0,next_open,False,phase8c_recomputed,False,843765.5859560092,7.437655859560092,0.27925233199181454,-0.532755752914756,0.5241657747738983,0.801012795052062,0.9152148499642491,0.18081034139926844,1.6759299705360982,55.0,2668.5284637700615,128510.78564786293,5337056.927540123,152.57142857142858,82.5,756.0,794737.2494089613,0.27043967928782653,48606.45375406999,421.8827929780046,256154.526664829,843765.5859560092,0.27925233199181454,794737.2494089613,0.27043967928782653,69682a757417461c5ae5c598a53ec09a6b388074fe5932f25fd109581949616c,True,True,True,True
start_2018,start_date,PHASE7A_FIXED_FOUR_STATE,quarterly,pre_tax,2018,2018-01-02,2026-08-31,5.0,next_open,False,phase8c_recomputed,False,239715.6354625616,1.3971563546256158,0.10623080111787386,-0.5563239872438748,0.19095132252729138,0.4555496941351252,0.4957796277769624,0.2277636745158726,1.9083662288736452,50.0,1380.2347201107102,0.0,2760469.44022142,175.0,126.0,442.0,,,,,,,,,,ab7c87849665aadf7aeb9d309c4f34a5e6d4e927a074aaa9e9589368c3cce4de,True,True,True,True
start_2018,start_date,PHASE7A_FIXED_FOUR_STATE,quarterly,after_tax,2018,2018-01-02,2026-08-31,5.0,next_open,False,phase8c_recomputed,False,203093.06634315135,1.0309306634315134,0.08525386646814725,-0.556323987243875,0.15324499468467936,0.4079859092925935,0.4450297181640178,0.24057595120921701,1.9043591197754486,50.0,1270.8209917408612,29000.89048716017,2541641.9834817224,175.0,126.0,442.0,202991.51980997977,0.08519119232079087,0.0,101.54653317157567,-10763.634434143518,203093.06634315135,0.08525386646814725,202991.51980997977,0.08519119232079087,1a0d8187113d76e2d7da64beb941f740ec6a7f2262e6c759ea2062394d403245,True,True,True,True
start_2018,start_date,QQQ_BUY_HOLD,none,benchmark,2018,2018-01-02,2026-08-31,5.0,next_open,False,phase8c_recomputed_benchmark,False,483304.3165816696,3.8330431658166964,0.19952951747539371,-0.351187300463749,0.5681569840706412,0.8846355981632992,1.1627007374276042,0.1113221253186099,0.0,1.0,49.97501249375313,0.0,99950.02498750626,,,,,,,,,,,,,1b14e9ba80f933d43932c9f5375471427b0d5cec5963808f59125b0f19a7fafd,True,True,,
start_2020,start_date,FIXED_MA200_QQQ_TO_QLD,weekly,pre_tax,2020,2020-01-02,2026-08-31,5.0,next_open,False,phase8c_recomputed,False,561990.3168634395,4.619903168634395,0.2958411585120577,-0.49154420130742704,0.6018607436018342,0.8747468635383006,0.9798023445621258,0.1711182442869448,1.500857924921633,11.0,1201.6326254760422,0.0,2403265.2509520845,246.8,211.0,494.0,,,,,,,,,,2fe40032f5e1e07ec3cda37bb8da5356273c6ea83c0b32485813cd26ae5136b3,True,True,True,True
start_2020,start_date,FIXED_MA200_QQQ_TO_QLD,weekly,after_tax,2020,2020-01-02,2026-08-31,5.0,next_open,False,phase8c_recomputed,False,444333.6656070349,3.4433366560703496,0.25093933376043975,-0.49154420130742704,0.510512245069685,0.7769048026809757,0.8504741264758249,0.19900825708446349,1.500857924921633,11.0,1055.997865107543,59714.34335663343,2111995.7302150857,246.8,211.0,494.0,421788.62230197963,0.24119868308857262,22322.876472251755,222.16683280351748,109883.7138678403,444333.6656070349,0.25093933376043975,421788.62230197963,0.24119868308857262,7667864f9b6d1dbfd8e71102f3dfc48f7b5e27ce5bacd53e4704519ac651c5f6,True,True,True,True
start_2020,start_date,FIXED_MA200_QQQ_TO_QLD,monthly,pre_tax,2020,2020-01-02,2026-08-31,5.0,next_open,False,phase8c_recomputed,False,498326.23718515655,3.9832623718515654,0.27266197898579625,-0.517154219036865,0.5272353370597944,0.8081064066850818,0.9097220977933401,0.15354579862908926,1.2006863399373064,9.0,1124.8583825623857,0.0,2249716.7651247717,313.75,325.5,542.0,,,,,,,,,,58ce9dc12d17e91668814d7f4c2b5ef50d0d7bda8d469cc871729faa57fdb407,True,True,True,True
start_2020,start_date,FIXED_MA200_QQQ_TO_QLD,monthly,after_tax,2020,2020-01-02,2026-08-31,5.0,next_open,False,phase8c_recomputed,False,391928.24017066875,2.9192824017066874,0.22759222371139431,-0.517154219036865,0.44008579130468345,0.7146976958082291,0.7968778907057625,0.18506822188740185,1.2006863399373064,9.0,974.4484659951681,64643.342367471865,1948896.9319903364,313.75,325.5,542.0,383977.91153642733,0.22382123333162696,7754.364514156056,195.96412008533437,38170.63506845216,391928.24017066875,0.22759222371139431,383977.91153642733,0.22382123333162696,7deb8d275405f021a9ded6d5812b3f76aaf48f1b96726e65502d1ac73c79233d,True,True,True,True
start_2020,start_date,FIXED_MA200_QQQ_TO_QLD,bimonthly,pre_tax,2020,2020-01-02,2026-08-31,5.0,next_open,False,phase8c_recomputed,False,728978.5731584125,6.289785731584125,0.3474528929619729,-0.517154219036865,0.6718554739997296,0.9097896224607963,1.0524438633040691,0.16669543325666833,0.6003431699686531,5.0,734.7305373868359,0.0,1469461.0747736716,544.0,544.0,544.0,,,,,,,,,,9fb44cd7d5903ca0755817cec7b26e7792eff5439249ea211a3fc24e4d41b568,True,True,True,True
start_2020,start_date,FIXED_MA200_QQQ_TO_QLD,bimonthly,after_tax,2020,2020-01-02,2026-08-31,5.0,next_open,False,phase8c_recomputed,False,577969.7221420495,4.779697221420495,0.30130683098337396,-0.517154219036865,0.5826247179120384,0.826021273915977,0.9464181731888699,0.20467473214368653,0.6003431699686531,5.0,648.9734279770253,69810.23941394748,1297946.8559540506,544.0,544.0,544.0,536268.1847793518,0.28675907837507575,41412.55250162672,288.98486107102474,203852.0920582167,577969.7221420495,0.30130683098337396,536268.1847793518,0.28675907837507575,49e67b40385d52cca83983bc0d16d3012b9c85044e1f0a34f18ee1e98257787a,True,True,True,True
start_2020,start_date,FIXED_MA200_QQQ_TO_QLD,quarterly,pre_tax,2020,2020-01-02,2026-08-31,5.0,next_open,False,phase8c_recomputed,False,242452.50842624935,1.4245250842624935,0.14219808706734338,-0.517154219036865,0.27496263557932393,0.5394322271120152,0.5861827344682136,0.19763261037338653,1.2006863399373064,9.0,746.8178960869456,0.0,1493635.792173891,298.25,315.5,500.0,,,,,,,,,,439fb2d2094d69a7c8613aec21cec547e20a22ca7186151b804cecac01fb3ddf,True,True,True,True
start_2020,start_date,FIXED_MA200_QQQ_TO_QLD,quarterly,after_tax,2020,2020-01-02,2026-08-31,5.0,next_open,False,phase8c_recomputed,False,206920.79176841714,1.0692079176841713,0.11534586061882202,-0.517154219036865,0.22303958156551298,0.47791482394685303,0.5169856476294551,0.22315918830405262,1.2006863399373064,9.0,684.8612041692126,30027.966355773122,1369722.408338425,298.25,315.5,500.0,206817.33137253294,0.11526212312231676,0.0,103.46039588420857,-10966.498263685702,206920.79176841714,0.11534586061882202,206817.33137253294,0.11526212312231676,de3809f62e5d3b79cdc3f9e818a6fc1b16d56a9c5fb8df200eea2c73ed846c43,True,True,True,True
start_2020,start_date,PHASE7A_FIXED_FOUR_STATE,weekly,pre_tax,2020,2020-01-02,2026-08-31,5.0,next_open,False,phase8c_recomputed,False,567795.548062216,4.677955480622161,0.2978419053615724,-0.49154420130742704,0.6059310730741239,0.8796719933469905,0.9750083069949828,0.17523263729912003,4.175960318611882,202.0,3473.442602372801,0.0,6946885.204745601,69.73913043478261,28.0,455.0,,,,,,,,,,df8f24865fba30ea31fdf9f2f83bd73e2a3d56511b78c626b006a1eb2c97ce67,True,True,True,True
start_2020,start_date,PHASE7A_FIXED_FOUR_STATE,weekly,after_tax,2020,2020-01-02,2026-08-31,5.0,next_open,False,phase8c_recomputed,False,446462.1451917044,3.4646214519170435,0.25183709800197374,-0.49154420130742715,0.5123386611664389,0.7831297149128164,0.8667853426661232,0.19016254315623085,4.179427446687493,202.0,3040.9345781641864,60122.51522548208,6081869.156328373,69.73913043478261,28.0,455.0,423809.1049732378,0.24208945673701687,22429.80914587074,223.2310725958522,110410.08686128841,446462.1451917044,0.25183709800197374,423809.1049732378,0.24208945673701687,fe85b33edf8614da28dd3df70fda21f23cde21af98caf1bf8977bda99cadbd3f,True,True,True,True
start_2020,start_date,PHASE7A_FIXED_FOUR_STATE,monthly,pre_tax,2020,2020-01-02,2026-08-31,5.0,next_open,False,phase8c_recomputed,False,477413.67880873755,3.7741367880873753,0.2644973966791977,-0.517154219036865,0.5114478175809742,0.7926400111399705,0.8832943599511642,0.1558957057400841,2.529059240899728,62.0,2292.9144079527937,0.0,4585828.815905587,115.14285714285714,51.0,481.0,,,,,,,,,,821a6ee9049938e562ceb8fa8baaf0d21995dd9d7397459dea113a3cb33fbe44,True,True,True,True
start_2020,start_date,PHASE7A_FIXED_FOUR_STATE,monthly,after_tax,2020,2020-01-02,2026-08-31,5.0,next_open,False,phase8c_recomputed,False,373536.0871111996,2.7353608711119963,0.21876635305877112,-0.517154219036865,0.4230195655489306,0.698422389196392,0.7779870965026874,0.1807673712317166,2.5266370498883552,62.0,1972.2445831873783,60413.42965340887,3944489.166374756,115.14285714285714,51.0,481.0,365958.8463183712,0.2150224745103444,7390.4727492728425,186.7680435555998,36379.38837938884,373536.0871111996,0.21876635305877112,365958.8463183712,0.2150224745103444,32a1a3f7c6975a09be5f47b08409ea29f8dec897f6ce2ba78218607e1af222cc,True,True,True,True
start_2020,start_date,PHASE7A_FIXED_FOUR_STATE,bimonthly,pre_tax,2020,2020-01-02,2026-08-31,5.0,next_open,False,phase8c_recomputed,False,686997.6177085184,5.869976177085184,0.3355079728443977,-0.5306679735877728,0.6322370852268975,0.8855230818660127,1.017400810581066,0.17075580143582428,1.6264696252295443,37.0,1812.7757133129585,0.0,3625551.4266259163,146.2,43.0,544.0,,,,,,,,,,2705fdfb12fc7549031dcd24c7f70df758d462ca8e6cdc2e0e25273175cf9d90,True,True,True,True
start_2020,start_date,PHASE7A_FIXED_FOUR_STATE,bimonthly,after_tax,2020,2020-01-02,2026-08-31,5.0,next_open,False,phase8c_recomputed,False,534333.9251355174,4.343339251355173,0.2860612562853071,-0.5306679735877728,0.5390588287272858,0.7975541821579999,0.9179482765858027,0.1909896144955463,1.6261158016642703,37.0,1565.224235456384,72033.01671405393,3130448.470912767,146.2,43.0,544.0,503285.60561870894,0.2745553883230636,30781.15255424071,267.1669625677587,162215.7337917129,534333.9251355174,0.2860612562853071,503285.60561870894,0.2745553883230636,d329a0f1c1b4462487620284bc755dacf8fb3cdaa8f9c7e6ea4d4aec19f838de,True,True,True,True
start_2020,start_date,PHASE7A_FIXED_FOUR_STATE,quarterly,pre_tax,2020,2020-01-02,2026-08-31,5.0,next_open,False,phase8c_recomputed,False,206411.73026072152,1.0641173026072153,0.11493349896103999,-0.5563239872438748,0.20659454130396285,0.4752127557387551,0.5044931924865403,0.21147630461694925,1.9916780004692534,37.0,1067.5346242568337,0.0,2135069.2485136674,159.72727272727272,64.0,442.0,,,,,,,,,,fde24a24b014c9c0eb7f959387dc3d6e026fad8a41a7131199370e8f1d258607,True,True,True,True
start_2020,start_date,PHASE7A_FIXED_FOUR_STATE,quarterly,after_tax,2020,2020-01-02,2026-08-31,5.0,next_open,False,phase8c_recomputed,False,179256.50816682685,0.7925650816682686,0.09157227005476032,-0.5563239872438748,0.16460241182197657,0.4227772397831441,0.4505680743168358,0.225368820345347,1.9860711390816654,37.0,992.6649144269081,22604.937022971993,1985329.8288538158,159.72727272727272,64.0,442.0,179166.87991274343,0.09149031742250835,0.0,89.62825408341342,-9500.331835990539,179256.50816682685,0.09157227005476032,179166.87991274343,0.09149031742250835,1e0d07dd69517fef8ce315d539ed79966f2fffa3dace6feeee69bd3449a74e72,True,True,True,True
start_2020,start_date,QQQ_BUY_HOLD,none,benchmark,2020,2020-01-02,2026-08-31,5.0,next_open,False,phase8c_recomputed_benchmark,False,347102.94832305453,2.4710294832305455,0.20541165518717852,-0.351187300463749,0.5849062734214159,0.8766940767875095,1.164673137206317,0.122570756720588,0.0,1.0,49.97501249375313,0.0,99950.02498750626,,,,,,,,,,,,,59c702739296f821f5d42db80f092b9e538627a4883325088d7ab64515ca210b,True,True,,
