start,end,ending_value,total_return,cagr,annualized_volatility,max_drawdown,worst_day,worst_week,worst_month,worst_calendar_year,sharpe,sortino,calmar,ulcer_index,max_drawdown_start,max_drawdown_trough,recovery_date,recovery_trading_days,time_under_water_days,number_of_trades,annual_turnover,gross_traded_notional,average_holding_period_days,mean_holding_period_days,median_holding_period_days,max_holding_period_days,mean_holding_trading_days,median_holding_trading_days,max_holding_trading_days,mean_holding_calendar_days,median_holding_calendar_days,max_holding_calendar_days,mean_holding_days,median_holding_days,max_holding_days,win_rate,tax_paid,transaction_costs,terminal_liquidation_wealth,terminal_liquidation_tax,terminal_liquidation_cost,terminal_unrealized_gain_after_cost,terminal_loss_pool_before_liquidation,terminal_liquidation_cagr,after_tax_wealth_tax_paid_to_date,after_tax_tax_paid_to_date,after_tax_terminal_liquidation,after_tax_cagr_tax_paid_to_date,after_tax_cagr_terminal_liquidation,included_normalized_turnover,years,nonzero_trade_dates,nonzero_trade_rebalances,completed_holding_episodes,strategy,tax_mode,test_year,result_type,cumulative_realized_tax_paid,tax_semantics
2013-01-02,2013-12-31,133832.94252459687,0.33832942524596876,0.3407490819891472,0.11820478947594473,-0.05853890196320122,-0.023777314420104667,-0.026451565086886508,-0.023952915475609404,0.33832942524596876,2.525777806462065,3.384430703203406,5.820899787347382,0.013492405989172734,2013-05-17,2013-06-24,2013-07-11,12.0,182,1,0.0,99950.02498750626,,,,,,,,,,,,,,,0.0,49.97501249375313,,,,,,,,,,,,0.0,0.9938398357289527,0,0,0,QQQ_MA200_QQQ_weekly_OOS,pre_tax,2013,diagnostic_fold,0.0,pre-tax; no realized tax is charged
2014-01-02,2014-12-31,159503.94915714592,0.19181381017480814,0.1931108076196859,0.13827753981949736,-0.08248551310896879,-0.030972574088848015,-0.03799520673919943,-0.027335561719281753,0.19181381017480814,1.3384510441180595,1.7962655707940316,2.341148164582232,0.02486647045948376,2014-09-18,2014-10-16,2014-10-28,8.0,190,0,0.0,0.0,,,,,,,,,,,,,,,0.0,0.0,,,,,,,,,,,,0.0,0.9938398357289527,0,0,0,QQQ_MA200_QQQ_weekly_OOS,pre_tax,2014,diagnostic_fold,0.0,pre-tax; no realized tax is charged
2015-01-02,2015-12-31,153583.4589749697,-0.037118141672738525,-0.037343862598142374,0.16695890395479496,-0.18029253938962975,-0.0802448649898937,-0.0802448649898937,-0.1587057685148321,-0.037118141672738525,-0.1420956168098934,-0.14710909056501095,-0.2071292729281418,0.09106635893802625,2015-07-20,2015-10-14,,,230,2,2.011893846465197,292333.76244316495,662.0,662.0,662.0,662.0,662.0,662.0,662.0,959.0,959.0,959.0,662.0,662.0,662.0,1.0,0.0,146.16688122158249,,,,,,,,,,,,1.9995002498750625,0.9938398357289527,2,2,1,QQQ_MA200_QQQ_weekly_OOS,pre_tax,2015,diagnostic_fold,0.0,pre-tax; no realized tax is charged
2016-01-04,2016-12-30,153897.7072049717,0.0020461072572484085,0.0020702206947780244,0.10270733812692188,-0.10519393676433042,-0.03131350706570346,-0.07017701700047074,-0.06402985300603026,0.0020461072572484085,0.07116540429397916,0.0808233579185171,0.019680038208057662,0.05228399743069046,2016-01-03,2016-06-17,2016-09-22,67.0,246,6,6.069120218284209,849438.3058956644,35.0,35.0,29.0,62.0,35.0,29.0,62.0,51.0,42.0,91.0,35.0,29.0,62.0,0.0,0.0,424.7191529478322,,,,,,,,,,,,5.998500749625187,0.9883641341546886,6,6,3,QQQ_MA200_QQQ_weekly_OOS,pre_tax,2016,diagnostic_fold,0.0,pre-tax; no realized tax is charged
2017-01-03,2017-12-29,204166.14381091882,0.3266353834563378,0.33211495393269375,0.10315901949696198,-0.04881942386139071,-0.025425944270329737,-0.025488473789064603,-0.023179297078977257,0.3266353834563378,2.803830903814483,3.3460946565662786,6.802926533415113,0.012067205644003981,2017-06-08,2017-07-03,2017-07-19,11.0,172,0,0.0,0.0,,,,,,,,,,,,,,,0.0,0.0,,,,,,,,,,,,0.0,0.9856262833675564,0,0,0,QQQ_MA200_QQQ_weekly_OOS,pre_tax,2017,diagnostic_fold,0.0,pre-tax; no realized tax is charged
2018-01-02,2018-12-31,222920.46615235452,0.09185814058771835,0.09245305596682107,0.18532421150077166,-0.1130046192503874,-0.04576692502960822,-0.07164567161014446,-0.08969606565270871,0.09185814058771835,0.5689710642591719,0.6360444125429461,0.8181351928806585,0.05379924212381967,2018-08-29,2018-10-24,,,221,1,1.006198347107438,223031.98214342623,585.0,585.0,585.0,585.0,585.0,585.0,585.0,846.0,846.0,846.0,585.0,585.0,585.0,1.0,0.0,111.51599107171312,,,,,,,,,,,,1.0,0.9938398357289527,1,1,1,QQQ_MA200_QQQ_weekly_OOS,pre_tax,2018,diagnostic_fold,0.0,pre-tax; no realized tax is charged
2019-01-02,2019-12-31,268378.69382589526,0.20392128393663245,0.2053069680831452,0.14034101564212956,-0.10983202295731043,-0.035335123754790865,-0.04065749740204172,-0.08225156755358287,0.20392128393663245,1.3930388262798505,1.613093516134561,1.8692814950967809,0.028082274283104596,2019-05-03,2019-06-03,2019-07-03,22.0,165,3,3.017589345822957,669425.8122785571,14.0,14.0,14.0,14.0,14.0,14.0,14.0,20.0,20.0,20.0,14.0,14.0,14.0,1.0,0.0,334.7129061392785,,,,,,,,,,,,2.9990004997501254,0.9938398357289527,3,3,1,QQQ_MA200_QQQ_weekly_OOS,pre_tax,2019,diagnostic_fold,0.0,pre-tax; no realized tax is charged
2020-01-02,2020-12-31,345727.9436043429,0.28820935326790975,0.2893301808437143,0.3075468181453595,-0.2654952729591783,-0.0950248899466487,-0.10626674281650261,-0.15421321964733548,0.28820935326790975,0.975782100141563,1.0231911043619994,1.0897752627339652,0.11967181429839159,2020-02-19,2020-03-16,2020-08-06,100.0,212,2,2.0063666655683146,439441.13742118573,251.0,251.0,251.0,251.0,251.0,251.0,251.0,364.0,364.0,364.0,251.0,251.0,251.0,0.0,0.0,219.7205687105929,,,,,,,,,,,,1.9995002498750625,0.9965776865160849,2,2,1,QQQ_MA200_QQQ_weekly_OOS,pre_tax,2020,diagnostic_fold,0.0,pre-tax; no realized tax is charged
2021-01-04,2021-12-31,440525.7013027934,0.27419755750764185,0.2778377244688921,0.1821809749469984,-0.10851538356678381,-0.03486274309582327,-0.05099366707220365,-0.0568315074990563,0.27419755750764185,1.42156432971737,2.0202686950967217,2.560353337348727,0.031541617105885135,2021-02-12,2021-03-08,2021-04-09,23.0,201,0,0.0,0.0,,,,,,,,,,,,,,,0.0,0.0,,,,,,,,,,,,0.0,0.9883641341546886,0,0,0,QQQ_MA200_QQQ_weekly_OOS,pre_tax,2021,diagnostic_fold,0.0,pre-tax; no realized tax is charged
2022-01-03,2022-12-30,382822.77797088143,-0.1309865080771987,-0.13242168703457646,0.06442120062525952,-0.13927233708118902,-0.030720975503072512,-0.07452433829037353,-0.1309865080771987,-0.1309865080771987,-2.154890977718201,-0.9271356461041971,-0.9508111216470866,0.13618648202447667,2022-01-03,2022-01-24,,,250,1,1.0117728531855956,383014.28511343815,450.0,450.0,450.0,450.0,450.0,450.0,450.0,651.0,651.0,651.0,450.0,450.0,450.0,1.0,0.0,191.5071425567191,,,,,,,,,,,,1.0,0.9883641341546886,1,1,1,QQQ_MA200_QQQ_weekly_OOS,pre_tax,2022,diagnostic_fold,0.0,pre-tax; no realized tax is charged
2023-01-03,2023-12-29,506295.89977431076,0.32253337290400474,0.3279360265687965,0.16489758520726908,-0.10779945251606837,-0.024475766274420052,-0.03713944309799799,-0.050798551401093794,0.32253337290400474,1.7917866749519955,2.898797904302301,3.042093618424593,0.03991495398723592,2023-07-18,2023-10-26,2023-11-14,13.0,197,3,3.0427359237048144,1131322.9096492054,29.0,29.0,29.0,29.0,29.0,29.0,29.0,42.0,42.0,42.0,29.0,29.0,29.0,0.0,0.0,565.6614548246027,,,,,,,,,,,,2.999000499750125,0.9856262833675564,3,3,1,QQQ_MA200_QQQ_weekly_OOS,pre_tax,2023,diagnostic_fold,0.0,pre-tax; no realized tax is charged
2024-01-02,2024-12-31,635797.5573062472,0.25578255243556947,0.2567651333650154,0.18007120031949006,-0.1355774485349338,-0.03607675530705512,-0.05790820685472442,-0.04373790300589786,0.25578255243556947,1.3552870902105583,1.8363205051958265,1.893863147150579,0.037858120234700254,2024-07-10,2024-08-07,2024-11-06,64.0,206,0,0.0,0.0,,,,,,,,,,,,,,,0.0,0.0,,,,,,,,,,,,0.0,0.9965776865160849,0,0,0,QQQ_MA200_QQQ_weekly_OOS,pre_tax,2024,diagnostic_fold,0.0,pre-tax; no realized tax is charged
2025-01-02,2025-12-31,720097.5291041944,0.1325893294637841,0.13346372475803459,0.14561720114158858,-0.1135253559780579,-0.034714293710266686,-0.034044251718172935,-0.04912086465732213,0.1325893294637841,0.934837615529815,1.0993556059515495,1.1756292117139924,0.05886824298968467,2025-02-19,2025-05-23,2025-08-08,52.0,221,2,2.0118938464651976,1201896.2264079256,494.0,494.0,494.0,494.0,494.0,494.0,494.0,721.0,721.0,721.0,494.0,494.0,494.0,1.0,0.0,600.9481132039629,,,,,,,,,,,,1.9995002498750627,0.9938398357289527,2,2,1,QQQ_MA200_QQQ_weekly_OOS,pre_tax,2025,diagnostic_fold,0.0,pre-tax; no realized tax is charged
2026-01-02,2026-08-31,815159.6845312995,0.13201288934481292,0.20674357182002634,0.20040829298711665,-0.11217806908394545,-0.0480009873908015,-0.045035285378234424,-0.06573877318676924,0.13201288934481292,1.03926444710621,1.5841473409748767,1.842994566659151,0.041427136094338526,2026-06-02,2026-07-29,,,143,2,3.030362930567911,1385474.584146559,211.0,211.0,211.0,211.0,211.0,211.0,211.0,308.0,308.0,308.0,211.0,211.0,211.0,1.0,0.0,692.7372920732795,,,,,,,,,,,,1.9995002498750625,0.6598220396988365,2,2,1,QQQ_MA200_QQQ_weekly_OOS,pre_tax,2026,diagnostic_fold,0.0,pre-tax; no realized tax is charged
2013-01-02,2013-12-31,133832.94252459687,0.33832942524596876,0.3407490819891472,0.11820478947594473,-0.05853890196320122,-0.023777314420104667,-0.026451565086886508,-0.023952915475609404,0.33832942524596876,2.525777806462065,3.384430703203406,5.820899787347382,0.013492405989172734,2013-05-17,2013-06-24,2013-07-11,12.0,182,1,0.0,99950.02498750626,,,,,,,,,,,,,,,0.0,49.97501249375313,,,,,,,,,,,,0.0,0.9938398357289527,0,0,0,QQQ_MA200_QQQ_weekly_OOS,after_tax,2013,diagnostic_fold,0.0,realized tax paid to date; terminal liquidation is diagnostic
2014-01-02,2014-12-31,159503.94915714592,0.19181381017480814,0.1931108076196859,0.13827753981949736,-0.08248551310896879,-0.030972574088848015,-0.03799520673919943,-0.027335561719281753,0.19181381017480814,1.3384510441180595,1.7962655707940316,2.341148164582232,0.02486647045948376,2014-09-18,2014-10-16,2014-10-28,8.0,190,0,0.0,0.0,,,,,,,,,,,,,,,0.0,0.0,,,,,,,,,,,,0.0,0.9938398357289527,0,0,0,QQQ_MA200_QQQ_weekly_OOS,after_tax,2014,diagnostic_fold,0.0,realized tax paid to date; terminal liquidation is diagnostic
2015-01-02,2015-12-31,143728.77747742765,-0.09890144891758335,-0.09948292023626759,0.20212923384915213,-0.2328890624747798,-0.13926094635533948,-0.13926094635533948,-0.2126874065918658,-0.09890144891758335,-0.40934311296383113,-0.35288518759502524,-0.42716870933791007,0.12304360967582963,2015-07-20,2015-10-14,,,230,2,2.0118938464651976,282959.65500017244,662.0,662.0,662.0,662.0,662.0,662.0,662.0,959.0,959.0,959.0,662.0,662.0,662.0,1.0,9378.794496713997,141.47982750008623,,,,,,,,,,,,1.9995002498750627,0.9938398357289527,2,2,1,QQQ_MA200_QQQ_weekly_OOS,after_tax,2015,diagnostic_fold,9378.794496713997,realized tax paid to date; terminal liquidation is diagnostic
2016-01-04,2016-12-30,144022.86197209964,0.0020461072572481864,0.0020702206947778024,0.10270733812692183,-0.10519393676433053,-0.03131350706570346,-0.07017701700047096,-0.06402985300603015,0.0020461072572481864,0.07116540429397056,0.08082335791850725,0.01968003820805553,0.05228399743069052,2016-01-03,2016-06-17,2016-09-22,67.0,246,6,6.069120218284209,794934.1033449344,35.0,35.0,29.0,62.0,35.0,29.0,62.0,51.0,42.0,91.0,35.0,29.0,62.0,0.0,0.0,397.46705167246716,,,,,,,,,,,,5.998500749625187,0.9883641341546886,6,6,3,QQQ_MA200_QQQ_weekly_OOS,after_tax,2016,diagnostic_fold,0.0,realized tax paid to date; terminal liquidation is diagnostic
2017-01-03,2017-12-29,191065.82471883562,0.3266353834563378,0.33211495393269375,0.10315901949696206,-0.0488194238613906,-0.025425944270329737,-0.025488473789064492,-0.023179297078977146,0.3266353834563378,2.8038309038144695,3.346094656566252,6.802926533415128,0.01206720564400398,2017-06-08,2017-07-03,2017-07-19,11.0,172,0,0.0,0.0,,,,,,,,,,,,,,,0.0,0.0,,,,,,,,,,,,0.0,0.9856262833675564,0,0,0,QQQ_MA200_QQQ_weekly_OOS,after_tax,2017,diagnostic_fold,0.0,realized tax paid to date; terminal liquidation is diagnostic
2018-01-02,2018-12-31,194024.77043586178,0.015486525240086424,0.015583260181103675,0.19325249133373987,-0.15615985287012135,-0.05618841637788419,-0.07164567161014457,-0.153368606378545,0.015486525240086424,0.1768678711013604,0.18832457884747952,0.09979043841738454,0.07483283478797707,2018-08-29,2018-10-29,,,221,1,1.006198347107438,208721.13667570462,585.0,585.0,585.0,585.0,585.0,585.0,585.0,846.0,846.0,846.0,585.0,585.0,585.0,1.0,14592.005671505009,104.36056833785231,,,,,,,,,,,,1.0,0.9938398357289527,1,1,1,QQQ_MA200_QQQ_weekly_OOS,after_tax,2018,diagnostic_fold,14592.005671505009,realized tax paid to date; terminal liquidation is diagnostic
2019-01-02,2019-12-31,233508.13033448983,0.203496490731218,0.20487905037278953,0.1403341904608514,-0.10983202295731043,-0.035335123754790865,-0.04065749740204172,-0.08225156755358276,0.203496490731218,1.390583115916815,1.6101715726312442,1.8653853844831942,0.02808769519380995,2019-05-03,2019-06-03,2019-07-03,22.0,165,3,3.0175893458229566,582584.0567891153,14.0,14.0,14.0,14.0,14.0,14.0,14.0,20.0,20.0,20.0,14.0,14.0,14.0,1.0,68.5790726675928,291.29202839455775,,,,,,,,,,,,2.999000499750125,0.9938398357289527,3,3,1,QQQ_MA200_QQQ_weekly_OOS,after_tax,2019,diagnostic_fold,68.5790726675928,realized tax paid to date; terminal liquidation is diagnostic
2020-01-02,2020-12-31,300807.3575609919,0.28820935326790953,0.2893301808437141,0.3075468181453594,-0.2654952729591782,-0.0950248899466486,-0.10626674281650272,-0.15421321964733548,0.28820935326790953,0.9757821001415566,1.023191104361993,1.0897752627339647,0.11967181429839158,2020-02-19,2020-03-16,2020-08-06,100.0,212,2,2.006366665568315,382344.3542722161,251.0,251.0,251.0,251.0,251.0,251.0,251.0,364.0,364.0,364.0,251.0,251.0,251.0,0.0,0.0,191.17217713610802,,,,,,,,,,,,1.9995002498750627,0.9965776865160849,2,2,1,QQQ_MA200_QQQ_weekly_OOS,after_tax,2020,diagnostic_fold,0.0,realized tax paid to date; terminal liquidation is diagnostic
2021-01-04,2021-12-31,383288.0002845438,0.27419755750764185,0.2778377244688921,0.1821809749469984,-0.10851538356678381,-0.03486274309582349,-0.05099366707220365,-0.0568315074990563,0.27419755750764185,1.4215643297173655,2.0202686950967133,2.560353337348727,0.031541617105885135,2021-02-12,2021-03-08,2021-04-09,23.0,201,0,0.0,0.0,,,,,,,,,,,,,,,0.0,0.0,,,,,,,,,,,,0.0,0.9883641341546886,0,0,0,QQQ_MA200_QQQ_weekly_OOS,after_tax,2021,diagnostic_fold,0.0,realized tax paid to date; terminal liquidation is diagnostic
2022-01-03,2022-12-30,304887.52448245464,-0.20454717012764945,-0.2066873500283951,0.1176851044976166,-0.21213161638806266,-0.1001423861895886,-0.1001423861895886,-0.20454717012764945,-0.20454717012764945,-1.8895156553650843,-0.5037842312261894,-0.9743354316892203,0.20669237707468105,2022-01-03,2022-01-24,,,250,1,1.0117728531855956,333249.0680734157,450.0,450.0,450.0,450.0,450.0,450.0,450.0,651.0,651.0,651.0,450.0,450.0,450.0,1.0,28194.919056924347,166.62453403670787,,,,,,,,,,,,1.0,0.9883641341546886,1,1,1,QQQ_MA200_QQQ_weekly_OOS,after_tax,2022,diagnostic_fold,28194.919056924347,realized tax paid to date; terminal liquidation is diagnostic
2023-01-03,2023-12-29,403223.9261101331,0.32253337290400497,0.3279360265687967,0.16489758520726913,-0.10779945251606837,-0.02447576627441994,-0.03713944309799788,-0.050798551401093794,0.32253337290400497,1.7917866749520013,2.8987979043023184,3.0420936184245946,0.039914953987235845,2023-07-18,2023-10-26,2023-11-14,13.0,197,3,3.0427359237048144,901007.6232701859,29.0,29.0,29.0,29.0,29.0,29.0,29.0,42.0,42.0,42.0,29.0,29.0,29.0,0.0,0.0,450.50381163509303,,,,,,,,,,,,2.999000499750125,0.9856262833675564,3,3,1,QQQ_MA200_QQQ_weekly_OOS,after_tax,2023,diagnostic_fold,0.0,realized tax paid to date; terminal liquidation is diagnostic
2024-01-02,2024-12-31,506361.5711336744,0.25578255243556947,0.2567651333650154,0.18007120031948998,-0.13557744853493403,-0.0360767553070549,-0.05790820685472442,-0.04373790300589775,0.25578255243556947,1.3552870902105614,1.8363205051958291,1.8938631471505758,0.037858120234700296,2024-07-10,2024-08-07,2024-11-06,64.0,206,0,0.0,0.0,,,,,,,,,,,,,,,0.0,0.0,,,,,,,,,,,,0.0,0.9965776865160849,0,0,0,QQQ_MA200_QQQ_weekly_OOS,after_tax,2024,diagnostic_fold,0.0,realized tax paid to date; terminal liquidation is diagnostic
2025-01-02,2025-12-31,531211.5340763612,0.049075530923587074,0.04938710924247536,0.17068573262143621,-0.17889138310361075,-0.08990039313138343,-0.08990039313138343,-0.11923588912314698,0.049075530923587074,0.3696764629571178,0.33993801990916744,0.2760731589507093,0.101687118121858,2025-02-19,2025-05-23,2025-10-27,107.0,238,2,2.0118938464651976,921940.1800771893,494.0,494.0,494.0,494.0,494.0,494.0,494.0,721.0,721.0,721.0,494.0,494.0,494.0,1.0,35291.04537078179,460.97009003859466,,,,,,,,,,,,1.9995002498750627,0.9938398357289527,2,2,1,QQQ_MA200_QQQ_weekly_OOS,after_tax,2025,diagnostic_fold,35291.04537078179,realized tax paid to date; terminal liquidation is diagnostic
2026-01-02,2026-08-31,585151.5925792403,0.10154158003490421,0.15785688819551957,0.20022139927107166,-0.11217806908394545,-0.04800098739080172,-0.045035285378234535,-0.06573877318676935,0.10154158003490421,0.8330207402648213,1.276768258754666,1.4071991921824898,0.04634102880131805,2026-06-02,2026-07-29,,,147,2,3.030362930567911,1008307.2309370057,211.0,211.0,211.0,211.0,211.0,211.0,211.0,308.0,308.0,308.0,211.0,211.0,211.0,1.0,13755.753296141504,504.15361546850284,,,,,,,,,,,,1.9995002498750625,0.6598220396988365,2,2,1,QQQ_MA200_QQQ_weekly_OOS,after_tax,2026,diagnostic_fold,13755.753296141504,realized tax paid to date; terminal liquidation is diagnostic
2013-01-02,2013-12-31,133291.41129278002,0.33291411292780015,0.3352904208338596,0.1185640181722231,-0.05853890196320133,-0.023777314420104667,-0.026451565086886508,-0.023952915475609515,0.33291411292780015,2.4842453007546776,3.368849299024617,5.727651349603885,0.013537301353820152,2013-05-17,2013-06-24,2013-07-11,12.0,187,1,0.0,99950.02498750626,,,,,,,,,,,,,,,0.0,49.97501249375313,,,,,,,,,,,,0.0,0.9938398357289527,0,0,0,QQQ_MA200_QQQ_monthly_OOS,pre_tax,2013,diagnostic_fold,0.0,pre-tax; no realized tax is charged
2014-01-02,2014-12-31,158858.54475642563,0.19181381017480836,0.19311080761968613,0.13827753981949736,-0.08248551310896879,-0.030972574088848015,-0.037995206739199316,-0.027335561719281865,0.19181381017480836,1.3384510441180595,1.7962655707940325,2.3411481645822345,0.024866470459483758,2014-09-18,2014-10-16,2014-10-28,8.0,190,0,0.0,0.0,,,,,,,,,,,,,,,0.0,0.0,,,,,,,,,,,,0.0,0.9938398357289527,0,0,0,QQQ_MA200_QQQ_monthly_OOS,pre_tax,2014,diagnostic_fold,0.0,pre-tax; no realized tax is charged
2015-01-02,2015-12-31,155078.56623471322,-0.02379461883846523,-0.02394032648253197,0.15847752286686068,-0.13941045368781435,-0.043705981773082936,-0.07338698618684769,-0.06824484455914936,-0.02379461883846523,-0.07287761376266978,-0.08951234524068359,-0.17172547573901595,0.06812126020678343,2015-07-20,2015-08-25,,,230,2,2.011893846465197,314262.5185135285,671.0,671.0,671.0,671.0,671.0,671.0,671.0,972.0,972.0,972.0,671.0,671.0,671.0,1.0,0.0,157.13125925676428,,,,,,,,,,,,1.9995002498750625,0.9938398357289527,2,2,1,QQQ_MA200_QQQ_monthly_OOS,pre_tax,2015,diagnostic_fold,0.0,pre-tax; no realized tax is charged
2016-01-04,2016-12-30,152035.7214673856,-0.019621310934241132,-0.019850001850719168,0.13678137972039,-0.15876835607608697,-0.041187367365212446,-0.07017701700047096,-0.06910429806444585,-0.019621310934241132,-0.07641041638377213,-0.08169574046429186,-0.125024925251518,0.06822252922929883,2016-01-03,2016-06-27,,,252,4,4.046080145522807,567360.4504072085,41.0,41.0,41.0,61.0,41.0,41.0,61.0,61.0,61.0,91.0,41.0,41.0,61.0,0.0,0.0,283.6802252036043,,,,,,,,,,,,3.9990004997501254,0.9883641341546886,4,4,2,QQQ_MA200_QQQ_monthly_OOS,pre_tax,2016,diagnostic_fold,0.0,pre-tax; no realized tax is charged
2017-01-03,2017-12-29,201695.96764794606,0.3266353834563378,0.33211495393269375,0.10315901949696182,-0.0488194238613906,-0.025425944270329626,-0.025488473789064492,-0.023179297078977035,0.3266353834563378,2.803830903814487,3.346094656566281,6.802926533415128,0.012067205644003945,2017-06-08,2017-07-03,2017-07-19,11.0,172,0,0.0,0.0,,,,,,,,,,,,,,,0.0,0.0,,,,,,,,,,,,0.0,0.9856262833675564,0,0,0,QQQ_MA200_QQQ_monthly_OOS,pre_tax,2017,diagnostic_fold,0.0,pre-tax; no realized tax is charged
2018-01-02,2018-12-31,221342.7174393052,0.09740774701877997,0.0980401911747244,0.18809110245329844,-0.12432416863165718,-0.04576692502960833,-0.07164567161014457,-0.08595709404407925,0.09740774701877997,0.5904021411924935,0.6695429518881211,0.7885851339589012,0.052915276567123075,2018-08-29,2018-10-29,,,221,1,1.006198347107438,221453.4441613859,611.0,611.0,611.0,611.0,611.0,611.0,611.0,883.0,883.0,883.0,611.0,611.0,611.0,1.0,0.0,110.72672208069295,,,,,,,,,,,,1.0,0.9938398357289527,1,1,1,QQQ_MA200_QQQ_monthly_OOS,pre_tax,2018,diagnostic_fold,0.0,pre-tax; no realized tax is charged
2019-01-02,2019-12-31,271862.8635633933,0.2282439951426969,0.22981013220686775,0.14178483635484943,-0.10983202295731043,-0.035335123754790865,-0.04065749740204161,-0.08225156755358287,0.2282439951426969,1.521447993622349,1.7710032291524316,2.0923782155609616,0.02796954136266444,2019-05-03,2019-06-03,2019-07-03,22.0,156,1,1.0056954993577594,221232.10138861093,,,,,,,,,,,,,,,0.0,110.61605069430547,,,,,,,,,,,,0.9995002498750626,0.9938398357289527,1,1,0,QQQ_MA200_QQQ_monthly_OOS,pre_tax,2019,diagnostic_fold,0.0,pre-tax; no realized tax is charged
2020-01-02,2020-12-31,347193.4313237105,0.2770903196300347,0.2781634221669176,0.3358053214584684,-0.2855936616729168,-0.1197878912841468,-0.11250907739993599,-0.07285837968179987,0.2770903196300347,0.8950844459375021,0.950633384501857,0.9739831778391886,0.11573729631982792,2020-02-19,2020-03-16,2020-08-06,100.0,212,2,2.006366665568315,473298.54073332285,274.0,274.0,274.0,274.0,274.0,274.0,274.0,397.0,397.0,397.0,274.0,274.0,274.0,1.0,0.0,236.64927036666143,,,,,,,,,,,,1.9995002498750627,0.9965776865160849,2,2,1,QQQ_MA200_QQQ_monthly_OOS,pre_tax,2020,diagnostic_fold,0.0,pre-tax; no realized tax is charged
2021-01-04,2021-12-31,442393.0221753691,0.27419755750764185,0.2778377244688921,0.1821809749469983,-0.10851538356678392,-0.03486274309582338,-0.05099366707220354,-0.05683150749905641,0.27419755750764185,1.4215643297173655,2.0202686950967124,2.560353337348724,0.031541617105885135,2021-02-12,2021-03-08,2021-04-09,23.0,201,0,0.0,0.0,,,,,,,,,,,,,,,0.0,0.0,,,,,,,,,,,,0.0,0.9883641341546886,0,0,0,QQQ_MA200_QQQ_monthly_OOS,pre_tax,2021,diagnostic_fold,0.0,pre-tax; no realized tax is charged
2022-01-03,2022-12-30,405028.6840249252,-0.08445960102786665,-0.0854102125105155,0.08130347789387302,-0.15081647853610625,-0.030720975503072512,-0.07452433829037342,-0.08747025661336716,-0.08445960102786665,-1.0488301592599705,-0.533815264532347,-0.5663188355778235,0.09289969446660376,2022-01-03,2022-01-27,,,250,1,1.0117728531855956,405231.2996747626,442.0,442.0,442.0,442.0,442.0,442.0,442.0,641.0,641.0,641.0,442.0,442.0,442.0,1.0,0.0,202.6156498373813,,,,,,,,,,,,1.0,0.9883641341546886,1,1,1,QQQ_MA200_QQQ_monthly_OOS,pre_tax,2022,diagnostic_fold,0.0,pre-tax; no realized tax is charged
2023-01-03,2023-12-29,566998.210215039,0.39989643345888615,0.40678092967841506,0.16737527854685244,-0.10779945251606837,-0.02447576627441994,-0.03713944309799799,-0.050798551401093794,0.39989643345888615,2.110467201782114,3.4452365249453107,3.7734971763217544,0.03449402315391964,2023-07-18,2023-10-26,2023-11-14,13.0,186,1,1.0140762951857405,404826.2708894805,,,,,,,,,,,,,,,0.0,202.41313544474025,,,,,,,,,,,,0.9995002498750625,0.9856262833675564,1,1,0,QQQ_MA200_QQQ_monthly_OOS,pre_tax,2023,diagnostic_fold,0.0,pre-tax; no realized tax is charged
2024-01-02,2024-12-31,712026.4596502412,0.25578255243556947,0.2567651333650154,0.18007120031949003,-0.13557744853493392,-0.03607675530705501,-0.05790820685472442,-0.04373790300589775,0.25578255243556947,1.3552870902105592,1.8363205051958296,1.8938631471505774,0.0378581202347003,2024-07-10,2024-08-07,2024-11-06,64.0,206,0,0.0,0.0,,,,,,,,,,,,,,,0.0,0.0,,,,,,,,,,,,0.0,0.9965776865160849,0,0,0,QQQ_MA200_QQQ_monthly_OOS,pre_tax,2024,diagnostic_fold,0.0,pre-tax; no realized tax is charged
2025-01-02,2025-12-31,776128.6127448519,0.09002776824627934,0.09061034443364036,0.15690414988401946,-0.13300182569688135,-0.03875645798742411,-0.034044251718172824,-0.07586185742076412,0.09002776824627934,0.6324030511678064,0.7250689673831285,0.6812714333722488,0.07562146856856529,2025-02-19,2025-04-01,2025-09-19,118.0,230,2,2.011893846465197,1302973.7123355297,542.0,542.0,542.0,542.0,542.0,542.0,542.0,790.0,790.0,790.0,542.0,542.0,542.0,1.0,0.0,651.4868561677649,,,,,,,,,,,,1.9995002498750625,0.9938398357289527,2,2,1,QQQ_MA200_QQQ_monthly_OOS,pre_tax,2025,diagnostic_fold,0.0,pre-tax; no realized tax is charged
2026-01-02,2026-08-31,787979.0794125561,0.015268689329457796,0.02323147466686426,0.2021265089079758,-0.11723568428777853,-0.04800098739080161,-0.045035285378234424,-0.06573877318676946,0.015268689329457796,0.21427534025171877,0.3233316565334721,0.19816043901648528,0.05131063505055421,2026-01-28,2026-03-30,2026-05-26,39.0,154,2,3.0303629305679114,1470418.852364771,209.0,209.0,209.0,209.0,209.0,209.0,209.0,303.0,303.0,303.0,209.0,209.0,209.0,1.0,0.0,735.2094261823855,,,,,,,,,,,,1.9995002498750627,0.6598220396988365,2,2,1,QQQ_MA200_QQQ_monthly_OOS,pre_tax,2026,diagnostic_fold,0.0,pre-tax; no realized tax is charged
2013-01-02,2013-12-31,133291.41129278002,0.33291411292780015,0.3352904208338596,0.1185640181722231,-0.05853890196320133,-0.023777314420104667,-0.026451565086886508,-0.023952915475609515,0.33291411292780015,2.4842453007546776,3.368849299024617,5.727651349603885,0.013537301353820152,2013-05-17,2013-06-24,2013-07-11,12.0,187,1,0.0,99950.02498750626,,,,,,,,,,,,,,,0.0,49.97501249375313,,,,,,,,,,,,0.0,0.9938398357289527,0,0,0,QQQ_MA200_QQQ_monthly_OOS,after_tax,2013,diagnostic_fold,0.0,realized tax paid to date; terminal liquidation is diagnostic
2014-01-02,2014-12-31,158858.54475642563,0.19181381017480836,0.19311080761968613,0.13827753981949736,-0.08248551310896879,-0.030972574088848015,-0.037995206739199316,-0.027335561719281865,0.19181381017480836,1.3384510441180595,1.7962655707940325,2.3411481645822345,0.024866470459483758,2014-09-18,2014-10-16,2014-10-28,8.0,190,0,0.0,0.0,,,,,,,,,,,,,,,0.0,0.0,,,,,,,,,,,,0.0,0.9938398357289527,0,0,0,QQQ_MA200_QQQ_monthly_OOS,after_tax,2014,diagnostic_fold,0.0,realized tax paid to date; terminal liquidation is diagnostic
2015-01-02,2015-12-31,143623.97437414638,-0.0959002262398796,-0.09646501248975359,0.18429282664005703,-0.20192506233395213,-0.09739914441774344,-0.10859401042642192,-0.09739914441774344,-0.0959002262398796,-0.45327605989419634,-0.4434585161927148,-0.47772679317149697,0.10469254904871383,2015-07-20,2015-11-13,,,230,2,2.0118938464651976,302662.1113793878,671.0,671.0,671.0,671.0,671.0,671.0,671.0,972.0,972.0,972.0,671.0,671.0,671.0,1.0,11606.207337707829,151.3310556896939,,,,,,,,,,,,1.9995002498750627,0.9938398357289527,2,2,1,QQQ_MA200_QQQ_monthly_OOS,after_tax,2015,diagnostic_fold,11606.207337707829,realized tax paid to date; terminal liquidation is diagnostic
2016-01-04,2016-12-30,140805.88371533976,-0.019621310934241132,-0.019850001850719168,0.13678137972038998,-0.15876835607608686,-0.041187367365212335,-0.07017701700047085,-0.06910429806444562,-0.019621310934241132,-0.07641041638377215,-0.08169574046429198,-0.1250249252515181,0.06822252922929878,2016-01-03,2016-06-27,,,252,4,4.046080145522806,525453.418668175,41.0,41.0,41.0,61.0,41.0,41.0,61.0,61.0,61.0,91.0,41.0,41.0,61.0,0.0,0.0,262.7267093340875,,,,,,,,,,,,3.999000499750125,0.9883641341546886,4,4,2,QQQ_MA200_QQQ_monthly_OOS,after_tax,2016,diagnostic_fold,0.0,realized tax paid to date; terminal liquidation is diagnostic
2017-01-03,2017-12-29,186798.06753560828,0.3266353834563378,0.33211495393269375,0.10315901949696205,-0.04881942386139071,-0.025425944270329737,-0.025488473789064714,-0.023179297078977257,0.3266353834563378,2.8038309038144686,3.346094656566255,6.802926533415113,0.012067205644003971,2017-06-08,2017-07-03,2017-07-19,11.0,172,0,0.0,0.0,,,,,,,,,,,,,,,0.0,0.0,,,,,,,,,,,,0.0,0.9856262833675564,0,0,0,QQQ_MA200_QQQ_monthly_OOS,after_tax,2017,diagnostic_fold,0.0,realized tax paid to date; terminal liquidation is diagnostic
2018-01-02,2018-12-31,192912.5934841321,0.032733346919438855,0.03293954517493036,0.1969998970838227,-0.14182823922316856,-0.05801969728696854,-0.07164567161014457,-0.08595709404407914,0.032733346919438855,0.263062719505217,0.28383431292997635,0.23224955308864523,0.06905893378473683,2018-08-29,2018-11-01,,,221,1,1.006198347107438,205096.19453898325,611.0,611.0,611.0,611.0,611.0,611.0,611.0,883.0,883.0,883.0,611.0,611.0,611.0,1.0,12081.05295758166,102.54809726949163,,,,,,,,,,,,1.0,0.9938398357289527,1,1,1,QQQ_MA200_QQQ_monthly_OOS,after_tax,2018,diagnostic_fold,12081.05295758166,realized tax paid to date; terminal liquidation is diagnostic
2019-01-02,2019-12-31,236943.7345342894,0.22824399514269667,0.22981013220686752,0.14178483635484945,-0.10983202295731043,-0.035335123754790865,-0.04065749740204172,-0.08225156755358287,0.22824399514269667,1.5214479936223568,1.7710032291524411,2.0923782155609594,0.02796954136266447,2019-05-03,2019-06-03,2019-07-03,22.0,156,1,1.0056954993577594,192816.18539143642,,,,,,,,,,,,,,,0.0,96.40809269571821,,,,,,,,,,,,0.9995002498750626,0.9938398357289527,1,1,0,QQQ_MA200_QQQ_monthly_OOS,after_tax,2019,diagnostic_fold,0.0,realized tax paid to date; terminal liquidation is diagnostic
2020-01-02,2020-12-31,298622.4768799353,0.2603096573406969,0.26131136712919467,0.33722912358174967,-0.28559366167291655,-0.1197878912841468,-0.1125090773999361,-0.07285837968179965,0.2603096573406969,0.8536618570861307,0.904205490447354,0.914976073343211,0.12039977705658646,2020-02-19,2020-03-16,2020-08-20,110.0,215,2,2.0063666655683146,409797.46416059573,274.0,274.0,274.0,274.0,274.0,274.0,274.0,397.0,397.0,397.0,274.0,274.0,274.0,1.0,2710.1160469688343,204.89873208029786,,,,,,,,,,,,1.9995002498750625,0.9965776865160849,2,2,1,QQQ_MA200_QQQ_monthly_OOS,after_tax,2020,diagnostic_fold,2710.1160469688343,realized tax paid to date; terminal liquidation is diagnostic
2021-01-04,2021-12-31,380504.0306572958,0.27419755750764163,0.2778377244688919,0.18218097494699842,-0.10851538356678403,-0.03486274309582327,-0.05099366707220354,-0.0568315074990563,0.27419755750764163,1.421564329717377,2.020268695096731,2.5603533373487193,0.03154161710588517,2021-02-12,2021-03-08,2021-04-09,23.0,201,0,0.0,0.0,,,,,,,,,,,,,,,0.0,0.0,,,,,,,,,,,,0.0,0.9883641341546886,0,0,0,QQQ_MA200_QQQ_monthly_OOS,after_tax,2021,diagnostic_fold,0.0,realized tax paid to date; terminal liquidation is diagnostic
2022-01-03,2022-12-30,318945.8435111957,-0.16178064405720582,-0.16352033716843284,0.11487860804008819,-0.16977285858060698,-0.08143338667302369,-0.07452433829037342,-0.08747025661336705,-0.16178064405720582,-1.482815212367317,-0.5220743415274824,-0.9631712544369659,0.16481597612004492,2022-01-03,2022-02-01,,,250,1,1.0117728531855956,348541.0825797753,442.0,442.0,442.0,442.0,442.0,442.0,442.0,641.0,641.0,641.0,442.0,442.0,442.0,1.0,29420.968527289755,174.27054128988766,,,,,,,,,,,,1.0,0.9883641341546886,1,1,1,QQQ_MA200_QQQ_monthly_OOS,after_tax,2022,diagnostic_fold,29420.968527289755,realized tax paid to date; terminal liquidation is diagnostic
2023-01-03,2023-12-29,446491.1487978589,0.39989643345888637,0.4067809296784153,0.16737527854685247,-0.10779945251606837,-0.024475766274420052,-0.03713944309799788,-0.050798551401093794,0.39989643345888637,2.1104672017821158,3.4452365249453085,3.7734971763217566,0.03449402315391963,2023-07-18,2023-10-26,2023-11-14,13.0,186,1,1.0140762951857405,318786.45028605266,,,,,,,,,,,,,,,0.0,159.39322514302634,,,,,,,,,,,,0.9995002498750625,0.9856262833675564,1,1,0,QQQ_MA200_QQQ_monthly_OOS,after_tax,2023,diagnostic_fold,0.0,realized tax paid to date; terminal liquidation is diagnostic
2024-01-02,2024-12-31,560695.7944772649,0.25578255243556947,0.2567651333650154,0.18007120031949003,-0.13557744853493392,-0.03607675530705512,-0.05790820685472442,-0.04373790300589786,0.25578255243556947,1.3552870902105678,1.8363205051958396,1.8938631471505774,0.03785812023470026,2024-07-10,2024-08-07,2024-11-06,64.0,206,0,0.0,0.0,,,,,,,,,,,,,,,0.0,0.0,,,,,,,,,,,,0.0,0.9965776865160849,0,0,0,QQQ_MA200_QQQ_monthly_OOS,after_tax,2024,diagnostic_fold,0.0,realized tax paid to date; terminal liquidation is diagnostic
2025-01-02,2025-12-31,564204.146299557,0.006257139534215472,0.006296045294972075,0.17663205066489368,-0.19963222197608332,-0.0805010448440594,-0.08054029177527355,-0.0805010448440594,0.006257139534215472,0.12492775195136407,0.12168704822232047,0.03153822179931637,0.11958245282083901,2025-02-19,2025-04-01,,,241,2,2.011893846465197,986638.9300030593,542.0,542.0,542.0,542.0,542.0,542.0,542.0,790.0,790.0,790.0,542.0,542.0,542.0,1.0,39426.74543280224,493.3194650015297,,,,,,,,,,,,1.9995002498750625,0.9938398357289527,2,2,1,QQQ_MA200_QQQ_monthly_OOS,after_tax,2025,diagnostic_fold,39426.74543280224,realized tax paid to date; terminal liquidation is diagnostic
2026-01-02,2026-08-31,559567.2877481534,-0.00821840566365073,-0.012429065659201988,0.2029700909727751,-0.11723568428777853,-0.04800098739080172,-0.045035285378234535,-0.06573877318676946,-0.00821840566365073,0.039157945010322215,0.05953841260177579,-0.1060177686914195,0.05770845164542772,2026-01-28,2026-03-30,2026-06-02,44.0,158,2,3.030362930567911,1056558.2537617332,209.0,209.0,209.0,209.0,209.0,209.0,209.0,303.0,303.0,303.0,209.0,209.0,209.0,1.0,12364.081195058397,528.2791268808667,,,,,,,,,,,,1.9995002498750625,0.6598220396988365,2,2,1,QQQ_MA200_QQQ_monthly_OOS,after_tax,2026,diagnostic_fold,12364.081195058397,realized tax paid to date; terminal liquidation is diagnostic
2013-01-02,2013-12-31,133291.41129278002,0.33291411292780015,0.3352904208338596,0.1185640181722231,-0.05853890196320133,-0.023777314420104667,-0.026451565086886508,-0.023952915475609515,0.33291411292780015,2.4842453007546776,3.368849299024617,5.727651349603885,0.013537301353820152,2013-05-17,2013-06-24,2013-07-11,12.0,187,1,0.0,99950.02498750626,,,,,,,,,,,,,,,0.0,49.97501249375313,,,,,,,,,,,,0.0,0.9938398357289527,0,0,0,QQQ_MA200_QQQ_bimonthly_OOS,pre_tax,2013,diagnostic_fold,0.0,pre-tax; no realized tax is charged
2014-01-02,2014-12-31,158858.54475642563,0.19181381017480836,0.19311080761968613,0.13827753981949736,-0.08248551310896879,-0.030972574088848015,-0.037995206739199316,-0.027335561719281865,0.19181381017480836,1.3384510441180595,1.7962655707940325,2.3411481645822345,0.024866470459483758,2014-09-18,2014-10-16,2014-10-28,8.0,190,0,0.0,0.0,,,,,,,,,,,,,,,0.0,0.0,,,,,,,,,,,,0.0,0.9938398357289527,0,0,0,QQQ_MA200_QQQ_bimonthly_OOS,pre_tax,2014,diagnostic_fold,0.0,pre-tax; no realized tax is charged
2015-01-02,2015-12-31,155078.56623471322,-0.02379461883846523,-0.02394032648253197,0.15847752286686068,-0.13941045368781435,-0.043705981773082936,-0.07338698618684769,-0.06824484455914936,-0.02379461883846523,-0.07287761376266978,-0.08951234524068359,-0.17172547573901595,0.06812126020678343,2015-07-20,2015-08-25,,,230,2,2.011893846465197,314262.5185135285,671.0,671.0,671.0,671.0,671.0,671.0,671.0,972.0,972.0,972.0,671.0,671.0,671.0,1.0,0.0,157.13125925676428,,,,,,,,,,,,1.9995002498750625,0.9938398357289527,2,2,1,QQQ_MA200_QQQ_bimonthly_OOS,pre_tax,2015,diagnostic_fold,0.0,pre-tax; no realized tax is charged
2016-01-04,2016-12-30,158834.6697428771,0.02422064892242415,0.02450926138773002,0.13253234346439052,-0.13892357057665883,-0.034726683369309175,-0.07017701700047096,-0.06910429806444585,0.02422064892242415,0.2468706238149771,0.24710608624662508,0.17642262782330134,0.05877562320835567,2016-01-03,2016-02-09,2016-08-05,124.0,238,2,2.0230400727614035,286778.350374017,81.0,81.0,81.0,81.0,81.0,81.0,81.0,120.0,120.0,120.0,81.0,81.0,81.0,0.0,0.0,143.3891751870085,,,,,,,,,,,,1.9995002498750627,0.9883641341546886,2,2,1,QQQ_MA200_QQQ_bimonthly_OOS,pre_tax,2016,diagnostic_fold,0.0,pre-tax; no realized tax is charged
2017-01-03,2017-12-29,210715.69300050256,0.326635383456338,0.33211495393269397,0.10315901949696218,-0.04881942386139071,-0.025425944270329848,-0.025488473789064603,-0.023179297078977035,0.326635383456338,2.8038309038144815,3.346094656566275,6.802926533415118,0.01206720564400399,2017-06-08,2017-07-03,2017-07-19,11.0,172,0,0.0,0.0,,,,,,,,,,,,,,,0.0,0.0,,,,,,,,,,,,0.0,0.9856262833675564,0,0,0,QQQ_MA200_QQQ_bimonthly_OOS,pre_tax,2017,diagnostic_fold,0.0,pre-tax; no realized tax is charged
2018-01-02,2018-12-31,231241.0339171824,0.09740774701877974,0.09804019117472418,0.1880911024532986,-0.12432416863165718,-0.04576692502960833,-0.07164567161014457,-0.08595709404407914,0.09740774701877974,0.5904021411924948,0.6695429518881232,0.7885851339588994,0.0529152765671231,2018-08-29,2018-10-29,,,221,1,1.006198347107438,231356.71227331905,589.0,589.0,589.0,589.0,589.0,589.0,589.0,853.0,853.0,853.0,589.0,589.0,589.0,1.0,0.0,115.67835613665953,,,,,,,,,,,,1.0,0.9938398357289527,1,1,1,QQQ_MA200_QQQ_bimonthly_OOS,pre_tax,2018,diagnostic_fold,0.0,pre-tax; no realized tax is charged
2019-01-02,2019-12-31,284020.41133936786,0.22824399514269644,0.2298101322068673,0.14178483635484956,-0.10983202295731043,-0.035335123754790976,-0.04065749740204172,-0.08225156755358287,0.22824399514269644,1.5214479936223557,1.7710032291524382,2.0923782155609576,0.027969541362664448,2019-05-03,2019-06-03,2019-07-03,22.0,156,1,1.0056954993577591,231125.4711815916,,,,,,,,,,,,,,,0.0,115.5627355907958,,,,,,,,,,,,0.9995002498750625,0.9938398357289527,1,1,0,QQQ_MA200_QQQ_bimonthly_OOS,pre_tax,2019,diagnostic_fold,0.0,pre-tax; no realized tax is charged
2020-01-02,2020-12-31,421503.65391284553,0.4840611346386752,0.4860744534869723,0.3563246319359617,-0.28559366167291667,-0.11978789128414669,-0.11250907739993599,-0.07285837968179965,0.4840611346386752,1.2835445876647524,1.4744086179678457,1.7019791358103085,0.08415172464580685,2020-02-19,2020-03-16,2020-06-03,55.0,195,0,0.0,0.0,,,,,,,,,,,,,,,0.0,0.0,,,,,,,,,,,,0.0,0.9965776865160849,0,0,0,QQQ_MA200_QQQ_bimonthly_OOS,pre_tax,2020,diagnostic_fold,0.0,pre-tax; no realized tax is charged
2021-01-04,2021-12-31,537078.9262962942,0.27419755750764185,0.2778377244688921,0.18218097494699836,-0.10851538356678392,-0.03486274309582338,-0.05099366707220365,-0.0568315074990563,0.27419755750764185,1.4215643297173615,2.020268695096708,2.560353337348724,0.03154161710588516,2021-02-12,2021-03-08,2021-04-09,23.0,201,0,0.0,0.0,,,,,,,,,,,,,,,0.0,0.0,,,,,,,,,,,,0.0,0.9883641341546886,0,0,0,QQQ_MA200_QQQ_bimonthly_OOS,pre_tax,2021,diagnostic_fold,0.0,pre-tax; no realized tax is charged
2022-01-03,2022-12-30,466513.040816176,-0.1313882969989938,-0.13282753368582034,0.1203154768991612,-0.17989432782709136,-0.040544003383526594,-0.07452433829037342,-0.08747025661336727,-0.1313882969989938,-1.1148411491394778,-0.7333473933599094,-0.7383642124252516,0.1354338229681252,2022-01-03,2022-02-23,,,250,1,1.0117728531855956,466746.4140231876,756.0,756.0,756.0,756.0,756.0,756.0,756.0,1096.0,1096.0,1096.0,756.0,756.0,756.0,1.0,0.0,233.3732070115938,,,,,,,,,,,,1.0,0.9883641341546886,1,1,1,QQQ_MA200_QQQ_bimonthly_OOS,pre_tax,2022,diagnostic_fold,0.0,pre-tax; no realized tax is charged
2023-01-03,2023-12-29,655630.830573626,0.4053858589388708,0.4123779590319374,0.15229440742582476,-0.10779945251606848,-0.024475766274420052,-0.03713944309799788,-0.050798551401093905,0.4053858589388708,2.329677550824361,3.593271236496323,3.825417934942376,0.03104189672751513,2023-07-18,2023-10-26,2023-11-14,13.0,163,1,1.0140762951857405,466279.9008657431,,,,,,,,,,,,,,,0.0,233.13995043287156,,,,,,,,,,,,0.9995002498750625,0.9856262833675564,1,1,0,QQQ_MA200_QQQ_bimonthly_OOS,pre_tax,2023,diagnostic_fold,0.0,pre-tax; no realized tax is charged
2024-01-02,2024-12-31,823329.7578732003,0.25578255243556924,0.25676513336501516,0.18007120031949014,-0.13557744853493403,-0.03607675530705501,-0.05790820685472431,-0.04373790300589775,0.25578255243556924,1.3552870902105558,1.8363205051958218,1.8938631471505742,0.0378581202347003,2024-07-10,2024-08-07,2024-11-06,64.0,206,0,0.0,0.0,,,,,,,,,,,,,,,0.0,0.0,,,,,,,,,,,,0.0,0.9965776865160849,0,0,0,QQQ_MA200_QQQ_bimonthly_OOS,pre_tax,2024,diagnostic_fold,0.0,pre-tax; no realized tax is charged
2025-01-02,2025-12-31,872542.2776992476,0.059772550858809614,0.060153968847299844,0.22639894761190044,-0.22768308447040153,-0.062108760801631746,-0.09866930655060913,-0.0758618574207639,0.059772550858809614,0.36988501301244237,0.43998267540357505,0.264200430116361,0.08051399737141751,2025-02-19,2025-04-08,2025-10-24,138.0,237,2,2.011893846465197,1558594.500533291,544.0,544.0,544.0,544.0,544.0,544.0,544.0,792.0,792.0,792.0,544.0,544.0,544.0,1.0,0.0,779.2972502666455,,,,,,,,,,,,1.9995002498750625,0.9938398357289527,2,2,1,QQQ_MA200_QQQ_bimonthly_OOS,pre_tax,2025,diagnostic_fold,0.0,pre-tax; no realized tax is charged
2026-01-02,2026-08-31,1020462.2574182758,0.16952757877712155,0.2678677505789837,0.21208306946755218,-0.11723568428777853,-0.04800098739080172,-0.045035285378234424,-0.06573877318676935,0.16952757877712155,1.226835240001746,1.9742427714494364,2.28486533094692,0.04254771881435694,2026-01-28,2026-03-30,2026-04-15,11.0,140,0,0.0,0.0,,,,,,,,,,,,,,,0.0,0.0,,,,,,,,,,,,0.0,0.6598220396988365,0,0,0,QQQ_MA200_QQQ_bimonthly_OOS,pre_tax,2026,diagnostic_fold,0.0,pre-tax; no realized tax is charged
2013-01-02,2013-12-31,133291.41129278002,0.33291411292780015,0.3352904208338596,0.1185640181722231,-0.05853890196320133,-0.023777314420104667,-0.026451565086886508,-0.023952915475609515,0.33291411292780015,2.4842453007546776,3.368849299024617,5.727651349603885,0.013537301353820152,2013-05-17,2013-06-24,2013-07-11,12.0,187,1,0.0,99950.02498750626,,,,,,,,,,,,,,,0.0,49.97501249375313,,,,,,,,,,,,0.0,0.9938398357289527,0,0,0,QQQ_MA200_QQQ_bimonthly_OOS,after_tax,2013,diagnostic_fold,0.0,realized tax paid to date; terminal liquidation is diagnostic
2014-01-02,2014-12-31,158858.54475642563,0.19181381017480836,0.19311080761968613,0.13827753981949736,-0.08248551310896879,-0.030972574088848015,-0.037995206739199316,-0.027335561719281865,0.19181381017480836,1.3384510441180595,1.7962655707940325,2.3411481645822345,0.024866470459483758,2014-09-18,2014-10-16,2014-10-28,8.0,190,0,0.0,0.0,,,,,,,,,,,,,,,0.0,0.0,,,,,,,,,,,,0.0,0.9938398357289527,0,0,0,QQQ_MA200_QQQ_bimonthly_OOS,after_tax,2014,diagnostic_fold,0.0,realized tax paid to date; terminal liquidation is diagnostic
2015-01-02,2015-12-31,143623.97437414638,-0.0959002262398796,-0.09646501248975359,0.18429282664005703,-0.20192506233395213,-0.09739914441774344,-0.10859401042642192,-0.09739914441774344,-0.0959002262398796,-0.45327605989419634,-0.4434585161927148,-0.47772679317149697,0.10469254904871383,2015-07-20,2015-11-13,,,230,2,2.0118938464651976,302662.1113793878,671.0,671.0,671.0,671.0,671.0,671.0,671.0,972.0,972.0,972.0,671.0,671.0,671.0,1.0,11606.207337707829,151.3310556896939,,,,,,,,,,,,1.9995002498750627,0.9938398357289527,2,2,1,QQQ_MA200_QQQ_bimonthly_OOS,after_tax,2015,diagnostic_fold,11606.207337707829,realized tax paid to date; terminal liquidation is diagnostic
2016-01-04,2016-12-30,147102.64023430587,0.024220648922424592,0.024509261387730463,0.13253234346439055,-0.13892357057665883,-0.034726683369309175,-0.07017701700047085,-0.06910429806444562,0.024220648922424592,0.24687062381496697,0.247106086246615,0.17642262782330456,0.05877562320835551,2016-01-03,2016-02-09,2016-08-05,124.0,238,2,2.0230400727614035,265595.9972111098,81.0,81.0,81.0,81.0,81.0,81.0,81.0,120.0,120.0,120.0,81.0,81.0,81.0,0.0,0.0,132.79799860555488,,,,,,,,,,,,1.9995002498750627,0.9883641341546886,2,2,1,QQQ_MA200_QQQ_bimonthly_OOS,after_tax,2016,diagnostic_fold,0.0,realized tax paid to date; terminal liquidation is diagnostic
2017-01-03,2017-12-29,195151.5675346781,0.3266353834563378,0.33211495393269375,0.10315901949696217,-0.04881942386139071,-0.025425944270329737,-0.025488473789064603,-0.023179297078977257,0.3266353834563378,2.8038309038144673,3.346094656566254,6.802926533415113,0.012067205644003993,2017-06-08,2017-07-03,2017-07-19,11.0,172,0,0.0,0.0,,,,,,,,,,,,,,,0.0,0.0,,,,,,,,,,,,0.0,0.9856262833675564,0,0,0,QQQ_MA200_QQQ_bimonthly_OOS,after_tax,2017,diagnostic_fold,0.0,realized tax paid to date; terminal liquidation is diagnostic
2018-01-02,2018-12-31,200217.4733089094,0.025958826968331072,0.02612181230436672,0.19892868716449394,-0.14745767080122463,-0.06419889579287064,-0.07164567161014457,-0.08595709404407914,0.025958826968331072,0.22932595842626324,0.24383673006189144,0.17714787004590188,0.0709130501109558,2018-08-29,2018-11-01,,,221,1,1.006198347107438,214267.97604343607,589.0,589.0,589.0,589.0,589.0,589.0,589.0,853.0,853.0,853.0,589.0,589.0,589.0,1.0,13943.368746504937,107.13398802171804,,,,,,,,,,,,1.0,0.9938398357289527,1,1,1,QQQ_MA200_QQQ_bimonthly_OOS,after_tax,2018,diagnostic_fold,13943.368746504937,realized tax paid to date; terminal liquidation is diagnostic
2019-01-02,2019-12-31,245915.9093143111,0.22824399514269667,0.22981013220686752,0.14178483635484954,-0.10983202295731043,-0.035335123754790976,-0.04065749740204172,-0.08225156755358298,0.22824399514269667,1.5214479936223528,1.7710032291524354,2.0923782155609594,0.02796954136266448,2019-05-03,2019-06-03,2019-07-03,22.0,156,1,1.0056954993577591,200117.4146016086,,,,,,,,,,,,,,,0.0,100.0587073008043,,,,,,,,,,,,0.9995002498750625,0.9938398357289527,1,1,0,QQQ_MA200_QQQ_bimonthly_OOS,after_tax,2019,diagnostic_fold,0.0,realized tax paid to date; terminal liquidation is diagnostic
2020-01-02,2020-12-31,364954.2434026981,0.4840611346386752,0.4860744534869723,0.3563246319359616,-0.28559366167291667,-0.1197878912841468,-0.11250907739993599,-0.07285837968179976,0.4840611346386752,1.2835445876647464,1.4744086179678388,1.7019791358103085,0.08415172464580688,2020-02-19,2020-03-16,2020-06-03,55.0,195,0,0.0,0.0,,,,,,,,,,,,,,,0.0,0.0,,,,,,,,,,,,0.0,0.9965776865160849,0,0,0,QQQ_MA200_QQQ_bimonthly_OOS,after_tax,2020,diagnostic_fold,0.0,realized tax paid to date; terminal liquidation is diagnostic
2021-01-04,2021-12-31,465023.8055457673,0.27419755750764185,0.2778377244688921,0.18218097494699836,-0.10851538356678392,-0.03486274309582338,-0.05099366707220365,-0.0568315074990563,0.27419755750764185,1.4215643297173632,2.020268695096709,2.560353337348724,0.03154161710588516,2021-02-12,2021-03-08,2021-04-09,23.0,201,0,0.0,0.0,,,,,,,,,,,,,,,0.0,0.0,,,,,,,,,,,,0.0,0.9883641341546886,0,0,0,QQQ_MA200_QQQ_bimonthly_OOS,after_tax,2021,diagnostic_fold,0.0,realized tax paid to date; terminal liquidation is diagnostic
2022-01-03,2022-12-30,362541.91131263506,-0.22037988810670905,-0.22266148035850075,0.15986288118386857,-0.2278133733117852,-0.10561735300164166,-0.10295329400774156,-0.10561735300164166,-0.22037988810670905,-1.480211135073486,-0.683964010797959,-0.9773854674183962,0.21377692948511545,2022-01-03,2022-03-01,,,250,1,1.0117728531855956,404127.18326274905,756.0,756.0,756.0,756.0,756.0,756.0,756.0,1096.0,1096.0,1096.0,756.0,756.0,756.0,1.0,41383.20835848262,202.06359163137452,,,,,,,,,,,,1.0,0.9883641341546886,1,1,1,QQQ_MA200_QQQ_bimonthly_OOS,after_tax,2022,diagnostic_fold,41383.20835848262,realized tax paid to date; terminal liquidation is diagnostic
2023-01-03,2023-12-29,509511.2754314476,0.405385858938871,0.41237795903193764,0.15229440742582465,-0.10779945251606837,-0.02447576627441994,-0.03713944309799799,-0.050798551401093794,0.405385858938871,2.3296775508243677,3.593271236496333,3.825417934942382,0.031041896727515117,2023-07-18,2023-10-26,2023-11-14,13.0,163,1,1.0140762951857407,362360.7309471615,,,,,,,,,,,,,,,0.0,181.18036547358076,,,,,,,,,,,,0.9995002498750626,0.9856262833675564,1,1,0,QQQ_MA200_QQQ_bimonthly_OOS,after_tax,2023,diagnostic_fold,0.0,realized tax paid to date; terminal liquidation is diagnostic
2024-01-02,2024-12-31,639835.3699560057,0.25578255243556947,0.2567651333650154,0.1800712003194901,-0.13557744853493392,-0.0360767553070549,-0.0579082068547242,-0.04373790300589786,0.25578255243556947,1.35528709021056,1.8363205051958278,1.8938631471505774,0.03785812023470029,2024-07-10,2024-08-07,2024-11-06,64.0,206,0,0.0,0.0,,,,,,,,,,,,,,,0.0,0.0,,,,,,,,,,,,0.0,0.9965776865160849,0,0,0,QQQ_MA200_QQQ_bimonthly_OOS,after_tax,2024,diagnostic_fold,0.0,realized tax paid to date; terminal liquidation is diagnostic
2025-01-02,2025-12-31,622790.8963635502,-0.026638842416022546,-0.026801726524646297,0.2356207767731582,-0.22768308447040142,-0.06666695420887869,-0.09866930655060913,-0.07586185742076401,-0.026638842416022546,0.0009373916020193966,0.001049863124061436,-0.1177150537423016,0.12385432781608462,2025-02-19,2025-04-08,,,241,2,2.0118938464651976,1161876.7963561534,544.0,544.0,544.0,544.0,544.0,544.0,544.0,792.0,792.0,792.0,544.0,544.0,544.0,1.0,49380.53692660647,580.9383981780768,,,,,,,,,,,,1.9995002498750627,0.9938398357289527,2,2,1,QQQ_MA200_QQQ_bimonthly_OOS,after_tax,2025,diagnostic_fold,49380.53692660647,realized tax paid to date; terminal liquidation is diagnostic
2026-01-02,2026-08-31,728371.1291084961,0.16952757877712155,0.2678677505789837,0.2120830694675522,-0.11723568428777864,-0.04800098739080161,-0.045035285378234535,-0.06573877318676935,0.16952757877712155,1.2268352400017568,1.9742427714494555,2.284865330946918,0.042547718814356934,2026-01-28,2026-03-30,2026-04-15,11.0,140,0,0.0,0.0,,,,,,,,,,,,,,,0.0,0.0,,,,,,,,,,,,0.0,0.6598220396988365,0,0,0,QQQ_MA200_QQQ_bimonthly_OOS,after_tax,2026,diagnostic_fold,0.0,realized tax paid to date; terminal liquidation is diagnostic
2013-01-02,2013-12-31,133291.41129278002,0.33291411292780015,0.3352904208338596,0.1185640181722231,-0.05853890196320133,-0.023777314420104667,-0.026451565086886508,-0.023952915475609515,0.33291411292780015,2.4842453007546776,3.368849299024617,5.727651349603885,0.013537301353820152,2013-05-17,2013-06-24,2013-07-11,12.0,187,1,0.0,99950.02498750626,,,,,,,,,,,,,,,0.0,49.97501249375313,,,,,,,,,,,,0.0,0.9938398357289527,0,0,0,QQQ_MA200_QQQ_quarterly_OOS,pre_tax,2013,diagnostic_fold,0.0,pre-tax; no realized tax is charged
2014-01-02,2014-12-31,158858.54475642563,0.19181381017480836,0.19311080761968613,0.13827753981949736,-0.08248551310896879,-0.030972574088848015,-0.037995206739199316,-0.027335561719281865,0.19181381017480836,1.3384510441180595,1.7962655707940325,2.3411481645822345,0.024866470459483758,2014-09-18,2014-10-16,2014-10-28,8.0,190,0,0.0,0.0,,,,,,,,,,,,,,,0.0,0.0,,,,,,,,,,,,0.0,0.9938398357289527,0,0,0,QQQ_MA200_QQQ_quarterly_OOS,pre_tax,2014,diagnostic_fold,0.0,pre-tax; no realized tax is charged
2015-01-02,2015-12-31,157869.69270676718,-0.006224733149700179,-0.0062631951275397,0.1576240288790675,-0.13941045368781435,-0.043705981773082936,-0.07338698618684769,-0.06824484455914936,-0.006224733149700179,0.03899935470053151,0.045972819619751595,-0.04492629470645756,0.06296579995711424,2015-07-20,2015-08-25,,,230,1,1.006198347107438,157948.6670402873,692.0,692.0,692.0,692.0,692.0,692.0,692.0,1002.0,1002.0,1002.0,692.0,692.0,692.0,1.0,0.0,78.97433352014366,,,,,,,,,,,,1.0,0.9938398357289527,1,1,1,QQQ_MA200_QQQ_quarterly_OOS,pre_tax,2015,diagnostic_fold,0.0,pre-tax; no realized tax is charged
2016-01-04,2016-12-30,172711.68930533185,0.09401422365553547,0.0951721219497228,0.1603118289786932,-0.12040306712051496,-0.041187367365212335,-0.05771619024457275,-0.049082083455049275,0.09401422365553547,0.6406981263195811,0.8199630744579168,0.7904459929950308,0.03562493618654022,2016-01-03,2016-02-09,2016-03-30,34.0,221,1,1.0112672195758077,157790.79730811313,,,,,,,,,,,,,,,0.0,78.89539865405656,,,,,,,,,,,,0.9995002498750626,0.9883641341546886,1,1,0,QQQ_MA200_QQQ_quarterly_OOS,pre_tax,2016,diagnostic_fold,0.0,pre-tax; no realized tax is charged
2017-01-03,2017-12-29,229125.4381689708,0.3266353834563378,0.33211495393269375,0.10315901949696206,-0.04881942386139071,-0.025425944270329848,-0.025488473789064492,-0.023179297078977146,0.3266353834563378,2.8038309038144704,3.3460946565662546,6.802926533415113,0.012067205644003964,2017-06-08,2017-07-03,2017-07-19,11.0,172,0,0.0,0.0,,,,,,,,,,,,,,,0.0,0.0,,,,,,,,,,,,0.0,0.9856262833675564,0,0,0,QQQ_MA200_QQQ_quarterly_OOS,pre_tax,2017,diagnostic_fold,0.0,pre-tax; no realized tax is charged
2018-01-02,2018-12-31,228836.28004845657,-0.0012620079325326161,-0.0012698253271362647,0.2289199111286643,-0.22796656255978265,-0.04576692502960833,-0.08387147934900319,-0.08660726173230415,-0.0012620079325326161,0.1087555060050502,0.14141439368703013,-0.00557022623352169,0.06562131055951503,2018-08-29,2018-12-24,,,221,0,0.0,0.0,,,,,,,,,,,,,,,0.0,0.0,,,,,,,,,,,,0.0,0.9938398357289527,0,0,0,QQQ_MA200_QQQ_quarterly_OOS,pre_tax,2018,diagnostic_fold,0.0,pre-tax; no realized tax is charged
2019-01-02,2019-12-31,263780.864616401,0.1527056136402185,0.1537214318557958,0.13714529047353613,-0.10983202295731043,-0.035335123754790865,-0.04065749740204172,-0.08225156755358287,0.1527056136402185,1.1050918178023057,1.216220491438437,1.3996048485380654,0.029754478842814742,2019-05-03,2019-06-03,2019-07-03,22.0,210,2,2.0118938464651976,447747.027476019,754.0,754.0,754.0,754.0,754.0,754.0,754.0,1094.0,1094.0,1094.0,754.0,754.0,754.0,1.0,0.0,223.8735137380095,,,,,,,,,,,,1.9995002498750627,0.9938398357289527,2,2,1,QQQ_MA200_QQQ_quarterly_OOS,pre_tax,2019,diagnostic_fold,0.0,pre-tax; no realized tax is charged
2020-01-02,2020-12-31,291284.1420011934,0.10426562754955171,0.1046417961496573,0.3236665601385961,-0.28559366167291667,-0.1197878912841468,-0.11250907739993599,-0.07285837968179965,0.10426562754955171,0.46835237675718855,0.4612536163990769,0.36640097520616877,0.15238864156910284,2020-02-19,2020-03-16,,,236,2,2.0063666655683146,459228.2177120702,253.0,253.0,253.0,253.0,253.0,253.0,253.0,366.0,366.0,366.0,253.0,253.0,253.0,1.0,0.0,229.6141088560351,,,,,,,,,,,,1.9995002498750625,0.9965776865160849,2,2,1,QQQ_MA200_QQQ_quarterly_OOS,pre_tax,2020,diagnostic_fold,0.0,pre-tax; no realized tax is charged
2021-01-04,2021-12-31,371153.5422786298,0.27419755750764185,0.2778377244688921,0.1821809749469984,-0.10851538356678392,-0.03486274309582338,-0.05099366707220376,-0.0568315074990563,0.27419755750764185,1.4215643297173717,2.020268695096725,2.560353337348724,0.031541617105885184,2021-02-12,2021-03-08,2021-04-09,23.0,201,0,0.0,0.0,,,,,,,,,,,,,,,0.0,0.0,,,,,,,,,,,,0.0,0.9883641341546886,0,0,0,QQQ_MA200_QQQ_quarterly_OOS,pre_tax,2021,diagnostic_fold,0.0,pre-tax; no realized tax is charged
2022-01-03,2022-12-30,338713.7160224381,-0.08740271224958085,-0.08838482437299067,0.15474377957700391,-0.20790152258804584,-0.040544003383526706,-0.07452433829037353,-0.08747025661336727,-0.08740271224958085,-0.5161545559602484,-0.47338690336445716,-0.4251283168720416,0.10378391258721441,2022-01-03,2022-03-14,,,250,1,1.0117728531855956,338883.1576012387,442.0,442.0,442.0,442.0,442.0,442.0,442.0,639.0,639.0,639.0,442.0,442.0,442.0,1.0,0.0,169.44157880061934,,,,,,,,,,,,1.0,0.9883641341546886,1,1,1,QQQ_MA200_QQQ_quarterly_OOS,pre_tax,2022,diagnostic_fold,0.0,pre-tax; no realized tax is charged
2023-01-03,2023-12-29,437252.13380067423,0.29091947894932146,0.2957357261446929,0.13960248627710845,-0.10779945251606837,-0.02447576627441994,-0.033391385259410655,-0.050798551401093794,0.29091947894932146,1.9141579733558707,2.659583929746214,2.7433880158214268,0.030734192256641524,2023-07-18,2023-10-26,2023-11-14,13.0,147,1,1.0140762951857407,338544.44380053785,,,,,,,,,,,,,,,0.0,169.27222190026893,,,,,,,,,,,,0.9995002498750626,0.9856262833675564,1,1,0,QQQ_MA200_QQQ_quarterly_OOS,pre_tax,2023,diagnostic_fold,0.0,pre-tax; no realized tax is charged
2024-01-02,2024-12-31,549093.6006421098,0.25578255243556924,0.25676513336501516,0.18007120031949017,-0.1355774485349338,-0.03607675530705501,-0.05790820685472442,-0.04373790300589786,0.25578255243556924,1.3552870902105674,1.83632050519584,1.8938631471505774,0.03785812023470024,2024-07-10,2024-08-07,2024-11-06,64.0,206,0,0.0,0.0,,,,,,,,,,,,,,,0.0,0.0,,,,,,,,,,,,0.0,0.9965776865160849,0,0,0,QQQ_MA200_QQQ_quarterly_OOS,pre_tax,2024,diagnostic_fold,0.0,pre-tax; no realized tax is charged
2025-01-02,2025-12-31,562521.6514348189,0.024454939516698637,0.0246083697244297,0.15244469049554096,-0.13775428196541317,-0.03875645798742411,-0.034044251718172824,-0.07586185742076401,0.024454939516698637,0.23606220718968038,0.25661576789099566,0.1786395992438789,0.0914507646606149,2025-02-19,2025-07-01,2025-10-29,84.0,240,2,2.011893846465197,1004814.5227633471,500.0,500.0,500.0,500.0,500.0,500.0,500.0,729.0,729.0,729.0,500.0,500.0,500.0,1.0,0.0,502.4072613816736,,,,,,,,,,,,1.9995002498750625,0.9938398357289527,2,2,1,QQQ_MA200_QQQ_quarterly_OOS,pre_tax,2025,diagnostic_fold,0.0,pre-tax; no realized tax is charged
2026-01-02,2026-08-31,523519.0321189974,-0.06933532107846485,-0.10318210614118017,0.15344504233401243,-0.16644691646374565,-0.023867934697473503,-0.04159831328244645,-0.05697257937096423,-0.06933532107846485,-0.6346345561577474,-0.9040958765006052,-0.6199099889222316,0.0789508400393597,2026-01-28,2026-07-29,,,159,2,3.0303629305679114,1065728.5758449943,189.0,189.0,189.0,189.0,189.0,189.0,189.0,274.0,274.0,274.0,189.0,189.0,189.0,1.0,0.0,532.8642879224972,,,,,,,,,,,,1.9995002498750627,0.6598220396988365,2,2,1,QQQ_MA200_QQQ_quarterly_OOS,pre_tax,2026,diagnostic_fold,0.0,pre-tax; no realized tax is charged
2013-01-02,2013-12-31,133291.41129278002,0.33291411292780015,0.3352904208338596,0.1185640181722231,-0.05853890196320133,-0.023777314420104667,-0.026451565086886508,-0.023952915475609515,0.33291411292780015,2.4842453007546776,3.368849299024617,5.727651349603885,0.013537301353820152,2013-05-17,2013-06-24,2013-07-11,12.0,187,1,0.0,99950.02498750626,,,,,,,,,,,,,,,0.0,49.97501249375313,,,,,,,,,,,,0.0,0.9938398357289527,0,0,0,QQQ_MA200_QQQ_quarterly_OOS,after_tax,2013,diagnostic_fold,0.0,realized tax paid to date; terminal liquidation is diagnostic
2014-01-02,2014-12-31,158858.54475642563,0.19181381017480836,0.19311080761968613,0.13827753981949736,-0.08248551310896879,-0.030972574088848015,-0.037995206739199316,-0.027335561719281865,0.19181381017480836,1.3384510441180595,1.7962655707940325,2.3411481645822345,0.024866470459483758,2014-09-18,2014-10-16,2014-10-28,8.0,190,0,0.0,0.0,,,,,,,,,,,,,,,0.0,0.0,,,,,,,,,,,,0.0,0.9938398357289527,0,0,0,QQQ_MA200_QQQ_quarterly_OOS,after_tax,2014,diagnostic_fold,0.0,realized tax paid to date; terminal liquidation is diagnostic
2015-01-02,2015-12-31,146113.46463338743,-0.08022911290406165,-0.08070577278450652,0.17383510052441134,-0.1706351465350362,-0.07329404931592665,-0.08373889466308926,-0.07329404931592665,-0.08022911290406165,-0.3935634198364004,-0.4016593584285104,-0.4729727399269139,0.09283010010965674,2015-07-20,2015-10-01,,,230,1,1.006198347107438,157948.6670402873,692.0,692.0,692.0,692.0,692.0,692.0,692.0,1002.0,1002.0,1002.0,692.0,692.0,692.0,1.0,11756.228073379749,78.97433352014366,,,,,,,,,,,,1.0,0.9938398357289527,1,1,1,QQQ_MA200_QQQ_quarterly_OOS,after_tax,2015,diagnostic_fold,11756.228073379749,realized tax paid to date; terminal liquidation is diagnostic
2016-01-04,2016-12-30,159850.2085765159,0.09401422365553547,0.0951721219497228,0.16031182897869312,-0.12040306712051474,-0.041187367365212446,-0.05771619024457275,-0.04908208345504905,0.09401422365553547,0.6406981263195726,0.8199630744579053,0.7904459929950323,0.03562493618654018,2016-01-03,2016-02-09,2016-03-30,34.0,221,1,1.0112672195758077,146040.44441118184,,,,,,,,,,,,,,,0.0,73.02022220559093,,,,,,,,,,,,0.9995002498750626,0.9883641341546886,1,1,0,QQQ_MA200_QQQ_quarterly_OOS,after_tax,2016,diagnostic_fold,0.0,realized tax paid to date; terminal liquidation is diagnostic
2017-01-03,2017-12-29,212062.94275048177,0.326635383456338,0.33211495393269397,0.1031590194969619,-0.04881942386139071,-0.025425944270329626,-0.025488473789064492,-0.023179297078977035,0.326635383456338,2.803830903814476,3.3460946565662657,6.802926533415118,0.012067205644003973,2017-06-08,2017-07-03,2017-07-19,11.0,172,0,0.0,0.0,,,,,,,,,,,,,,,0.0,0.0,,,,,,,,,,,,0.0,0.9856262833675564,0,0,0,QQQ_MA200_QQQ_quarterly_OOS,after_tax,2017,diagnostic_fold,0.0,realized tax paid to date; terminal liquidation is diagnostic
2018-01-02,2018-12-31,211795.31763453444,-0.0012620079325327271,-0.0012698253271363757,0.22891991112866436,-0.22796656255978254,-0.04576692502960844,-0.08387147934900319,-0.08660726173230415,-0.0012620079325327271,0.10875550600505311,0.14141439368703382,-0.005570226233522179,0.065621310559515,2018-08-29,2018-12-24,,,221,0,0.0,0.0,,,,,,,,,,,,,,,0.0,0.0,,,,,,,,,,,,0.0,0.9938398357289527,0,0,0,QQQ_MA200_QQQ_quarterly_OOS,after_tax,2018,diagnostic_fold,0.0,realized tax paid to date; terminal liquidation is diagnostic
2019-01-02,2019-12-31,229515.28417028068,0.08366552544057226,0.08420536088562613,0.15768518920265698,-0.1384264679761431,-0.08028223124172484,-0.08028223124172484,-0.08225156755358287,0.08366552544057226,0.589548869646056,0.5239721245447658,0.6083039039913839,0.05820704323036934,2019-01-01,2019-06-03,2019-10-28,103.0,228,2,2.0118938464651976,402000.2889646323,754.0,754.0,754.0,754.0,754.0,754.0,754.0,1094.0,1094.0,1094.0,754.0,754.0,754.0,1.0,12410.149453265072,201.00014448231616,,,,,,,,,,,,1.9995002498750627,0.9938398357289527,2,2,1,QQQ_MA200_QQQ_quarterly_OOS,after_tax,2019,diagnostic_fold,12410.149453265072,realized tax paid to date; terminal liquidation is diagnostic
2020-01-02,2020-12-31,252158.59689632093,0.09865710167363351,0.09901214229646582,0.32417010340653646,-0.2855936616729168,-0.1197878912841468,-0.1125090773999361,-0.07285837968179976,0.09865710167363351,0.4524882248462718,0.44535439257501747,0.3466888645794315,0.15542825965997883,2020-02-19,2020-03-16,,,236,2,2.006366665568315,398559.49259470694,253.0,253.0,253.0,253.0,253.0,253.0,253.0,366.0,366.0,366.0,253.0,253.0,253.0,1.0,1014.7100455729368,199.27974629735348,,,,,,,,,,,,1.9995002498750627,0.9965776865160849,2,2,1,QQQ_MA200_QQQ_quarterly_OOS,after_tax,2020,diagnostic_fold,1014.7100455729368,realized tax paid to date; terminal liquidation is diagnostic
2021-01-04,2021-12-31,321299.86826984613,0.27419755750764163,0.2778377244688919,0.18218097494699836,-0.10851538356678403,-0.03486274309582327,-0.05099366707220354,-0.0568315074990563,0.27419755750764163,1.421564329717357,2.0202686950967035,2.5603533373487193,0.03154161710588516,2021-02-12,2021-03-08,2021-04-09,23.0,201,0,0.0,0.0,,,,,,,,,,,,,,,0.0,0.0,,,,,,,,,,,,0.0,0.9883641341546886,0,0,0,QQQ_MA200_QQQ_quarterly_OOS,after_tax,2021,diagnostic_fold,0.0,realized tax paid to date; terminal liquidation is diagnostic
2022-01-03,2022-12-30,274030.82552876114,-0.14711815163704245,-0.14871449943883697,0.1678464766812285,-0.20790152258804595,-0.06520638103114162,-0.07452433829037353,-0.08747025661336705,-0.14711815163704245,-0.867358368500445,-0.6867123164547794,-0.7153122189177649,0.14820757465465773,2022-01-03,2022-03-14,,,250,1,1.0117728531855956,293364.070372815,442.0,442.0,442.0,442.0,442.0,442.0,442.0,639.0,639.0,639.0,442.0,442.0,442.0,1.0,19186.562808867515,146.68203518640752,,,,,,,,,,,,1.0,0.9883641341546886,1,1,1,QQQ_MA200_QQQ_quarterly_OOS,after_tax,2022,diagnostic_fold,19186.562808867515,realized tax paid to date; terminal liquidation is diagnostic
2023-01-03,2023-12-29,353751.73050764075,0.29091947894932146,0.2957357261446929,0.13960248627710853,-0.10779945251606837,-0.024475766274420052,-0.033391385259410766,-0.050798551401093794,0.29091947894932146,1.9141579733558758,2.6595839297462183,2.7433880158214268,0.03073419225664155,2023-07-18,2023-10-26,2023-11-14,13.0,147,1,1.0140762951857407,273893.87858946645,,,,,,,,,,,,,,,0.0,136.94693929473323,,,,,,,,,,,,0.9995002498750626,0.9856262833675564,1,1,0,QQQ_MA200_QQQ_quarterly_OOS,after_tax,2023,diagnostic_fold,0.0,realized tax paid to date; terminal liquidation is diagnostic
2024-01-02,2024-12-31,444235.2510653848,0.25578255243556947,0.2567651333650154,0.18007120031948995,-0.13557744853493392,-0.03607675530705512,-0.05790820685472442,-0.04373790300589786,0.25578255243556947,1.355287090210561,1.8363205051958293,1.8938631471505774,0.037858120234700275,2024-07-10,2024-08-07,2024-11-06,64.0,206,0,0.0,0.0,,,,,,,,,,,,,,,0.0,0.0,,,,,,,,,,,,0.0,0.9965776865160849,0,0,0,QQQ_MA200_QQQ_quarterly_OOS,after_tax,2024,diagnostic_fold,0.0,realized tax paid to date; terminal liquidation is diagnostic
2025-01-02,2025-12-31,424976.00377575436,-0.04335371234822549,-0.043616486522600306,0.16783106948908785,-0.19482630871928086,-0.06988134119038647,-0.06992104140191868,-0.07586185742076401,-0.04335371234822549,-0.1815475931396216,-0.17423127091162127,-0.22387369965237056,0.13740028264271545,2025-02-19,2025-07-01,,,241,2,2.011893846465197,786038.4341812362,500.0,500.0,500.0,500.0,500.0,500.0,500.0,729.0,729.0,729.0,500.0,500.0,500.0,1.0,26903.86554832757,393.0192170906181,,,,,,,,,,,,1.9995002498750625,0.9938398357289527,2,2,1,QQQ_MA200_QQQ_quarterly_OOS,after_tax,2025,diagnostic_fold,26903.86554832757,realized tax paid to date; terminal liquidation is diagnostic
2026-01-02,2026-08-31,390917.6964109563,-0.08014171873753484,-0.11891689143828954,0.1532678324353353,-0.1761257044253507,-0.023867934697473725,-0.04159831328244645,-0.05697257937096434,-0.08014171873753484,-0.7511754999892865,-1.0733731721106574,-0.6751819209256387,0.08668900133010399,2026-01-28,2026-07-29,,,159,2,3.030362930567911,800468.5894897254,189.0,189.0,189.0,189.0,189.0,189.0,189.0,274.0,274.0,274.0,189.0,189.0,189.0,1.0,4674.437798544405,400.2342947448627,,,,,,,,,,,,1.9995002498750625,0.6598220396988365,2,2,1,QQQ_MA200_QQQ_quarterly_OOS,after_tax,2026,diagnostic_fold,4674.437798544405,realized tax paid to date; terminal liquidation is diagnostic
2013-01-02,2013-12-31,174784.84508321562,0.7478484508321563,0.7539083533142443,0.23522349002708753,-0.11630209857963814,-0.048842096998202744,-0.05317436865601366,-0.051728998637871726,0.7478484508321563,2.493968140287269,3.336976194977681,6.482328027795679,0.027345848224289482,2013-05-17,2013-06-24,2013-07-11,12.0,182,1,0.0,99950.02498750626,,,,,,,,,,,,,,,0.0,49.97501249375313,,,,,,,,,,,,0.0,0.9938398357289527,0,0,0,QQQ_MA200_QLD_weekly_OOS,pre_tax,2013,diagnostic_fold,0.0,pre-tax; no realized tax is charged
2014-01-02,2014-12-31,240488.25840040375,0.3759102414508908,0.3786344696813748,0.2765202037665675,-0.16136785507215134,-0.06173433091538638,-0.07652620384624542,-0.05591377886052196,0.3759102414508908,1.293052658090514,1.7339156320694444,2.346405791364572,0.05064284314135834,2014-09-18,2014-10-16,2014-10-31,11.0,195,0,0.0,0.0,,,,,,,,,,,,,,,0.0,0.0,,,,,,,,,,,,0.0,0.9938398357289527,0,0,0,QQQ_MA200_QLD_weekly_OOS,pre_tax,2014,diagnostic_fold,0.0,pre-tax; no realized tax is charged
2015-01-02,2015-12-31,215084.15751334684,-0.10563551441567698,-0.10625419621882415,0.3318177497083365,-0.33537494599086304,-0.16082279504390573,-0.16082279504390573,-0.2993337384518654,-0.10563551441567698,-0.16560695064995365,-0.17138022466494804,-0.3168221045996648,0.174147519474463,2015-07-20,2015-10-14,,,232,2,2.0118938464651976,392911.2619731053,662.0,662.0,662.0,662.0,662.0,662.0,662.0,959.0,959.0,959.0,662.0,662.0,662.0,1.0,0.0,196.45563098655265,,,,,,,,,,,,1.9995002498750627,0.9938398357289527,2,2,1,QQQ_MA200_QLD_weekly_OOS,pre_tax,2015,diagnostic_fold,0.0,pre-tax; no realized tax is charged
2016-01-04,2016-12-30,211514.07321654467,-0.01659854606716271,-0.016792308393968503,0.20480858252836026,-0.20516891150216443,-0.06231282718735365,-0.13769776195571082,-0.12562876178075666,-0.01659854606716271,0.020760588590684716,0.023574125181634015,-0.08184626155601236,0.10474898100912777,2016-01-03,2016-06-17,2016-10-24,89.0,248,6,6.06912021828421,1091013.3581633451,35.0,35.0,29.0,62.0,35.0,29.0,62.0,51.0,42.0,91.0,35.0,29.0,62.0,0.0,0.0,545.5066790816726,,,,,,,,,,,,5.998500749625188,0.9883641341546886,6,6,3,QQQ_MA200_QLD_weekly_OOS,pre_tax,2016,diagnostic_fold,0.0,pre-tax; no realized tax is charged
2017-01-03,2017-12-29,360290.2951209528,0.7033868699228041,0.7166691958647253,0.20411013909892287,-0.0989591447476108,-0.051260538210308404,-0.053202010085515505,-0.05143268687250524,0.7033868699228041,2.7247159661512046,3.215155960076057,7.242071439608193,0.024903553146905632,2017-06-08,2017-07-03,2017-07-19,11.0,172,0,0.0,0.0,,,,,,,,,,,,,,,0.0,0.0,,,,,,,,,,,,0.0,0.9856262833675564,0,0,0,QQQ_MA200_QLD_weekly_OOS,pre_tax,2017,diagnostic_fold,0.0,pre-tax; no realized tax is charged
2018-01-02,2018-12-31,404454.8578064264,0.1225804949052185,0.12338535377538928,0.36623420698807063,-0.22387147274216346,-0.09285198063886624,-0.1416770842538927,-0.18237151100319404,0.1225804949052185,0.5016206835482421,0.5582821456077955,0.5511437087721055,0.1101310154398121,2018-08-29,2018-10-24,,,226,1,1.006198347107438,404657.18639962625,585.0,585.0,585.0,585.0,585.0,585.0,585.0,846.0,846.0,846.0,585.0,585.0,585.0,1.0,0.0,202.32859319981313,,,,,,,,,,,,1.0,0.9938398357289527,1,1,1,QQQ_MA200_QLD_weekly_OOS,pre_tax,2018,diagnostic_fold,0.0,pre-tax; no realized tax is charged
2019-01-02,2019-12-31,559139.6326941124,0.3824525083630437,0.3852304185051223,0.28098096387371485,-0.21207052684972305,-0.07249850744325004,-0.07982377383070527,-0.1646268043156205,0.3824525083630437,1.2945533194812224,1.4800965322649877,1.816520306841617,0.05864331986964443,2019-05-03,2019-06-03,2019-07-10,26.0,169,3,3.0175893458229566,1214620.3721723377,14.0,14.0,14.0,14.0,14.0,14.0,14.0,20.0,20.0,20.0,14.0,14.0,14.0,1.0,0.0,607.3101860861689,,,,,,,,,,,,2.999000499750125,0.9938398357289527,3,3,1,QQQ_MA200_QLD_weekly_OOS,pre_tax,2019,diagnostic_fold,0.0,pre-tax; no realized tax is charged
2020-01-02,2020-12-31,822997.9640848542,0.471900605792132,0.47385578299925135,0.6255617544035461,-0.49154420130742715,-0.20885849905358878,-0.20885849905358878,-0.326714723162982,0.471900605792132,0.9372396035549515,0.9729253685518501,0.964014592663025,0.24036572290240577,2020-02-19,2020-03-16,2020-08-25,113.0,223,2,2.006366665568315,701589.8776092327,251.0,251.0,251.0,251.0,251.0,251.0,251.0,364.0,364.0,364.0,251.0,251.0,251.0,0.0,0.0,350.7949388046163,,,,,,,,,,,,1.9995002498750627,0.9965776865160849,2,2,1,QQQ_MA200_QLD_weekly_OOS,pre_tax,2020,diagnostic_fold,0.0,pre-tax; no realized tax is charged
2021-01-04,2021-12-31,1272926.1794758076,0.5466942022040824,0.5546559325168201,0.36443588519051756,-0.21021444128761746,-0.07083117900409985,-0.10073015497600013,-0.11428931638789142,0.5466942022040824,1.3797634546325608,1.957881141097517,2.6385243997482286,0.06410441385325262,2021-02-12,2021-03-08,2021-04-13,25.0,204,0,0.0,0.0,,,,,,,,,,,,,,,0.0,0.0,,,,,,,,,,,,0.0,0.9883641341546886,0,0,0,QQQ_MA200_QLD_weekly_OOS,pre_tax,2021,diagnostic_fold,0.0,pre-tax; no realized tax is charged
2022-01-03,2022-12-30,957862.0050815122,-0.24751174064472392,-0.25002674236119726,0.12957330540558923,-0.26283147956295494,-0.06215390835763024,-0.1465218152611084,-0.24751174064472392,-0.24751174064472392,-2.135758892348532,-0.9133367832309869,-0.9512815693803124,0.257122422018552,2022-01-03,2022-01-24,,,250,1,1.0117728531855956,958341.1756693468,450.0,450.0,450.0,450.0,450.0,450.0,450.0,651.0,651.0,651.0,450.0,450.0,450.0,1.0,0.0,479.1705878346734,,,,,,,,,,,,1.0,0.9883641341546886,1,1,1,QQQ_MA200_QLD_weekly_OOS,pre_tax,2022,diagnostic_fold,0.0,pre-tax; no realized tax is charged
2023-01-03,2023-12-29,1542256.9481471218,0.6101034804234444,0.6213262214670237,0.33050129274149964,-0.22383304235787327,-0.049611911716314516,-0.07570191926261582,-0.10206520133827734,0.6101034804234444,1.6182070342146857,2.6086063660264123,2.775846742384095,0.08690809499184156,2023-07-18,2023-10-26,2023-12-11,31.0,205,3,3.042735923704815,2766389.300060515,29.0,29.0,29.0,29.0,29.0,29.0,29.0,42.0,42.0,42.0,29.0,29.0,29.0,0.0,0.0,1383.1946500302574,,,,,,,,,,,,2.9990004997501254,0.9856262833675564,3,3,1,QQQ_MA200_QLD_weekly_OOS,pre_tax,2023,diagnostic_fold,0.0,pre-tax; no realized tax is charged
2024-01-02,2024-12-31,2202568.9832453723,0.42814657822845525,0.4298954480049786,0.3606712311554558,-0.2619502776062608,-0.07230120602615764,-0.1150698728440136,-0.09327846220606928,0.42814657822845525,1.1693480456017362,1.5871910165070637,1.6411337752088866,0.08146483014598971,2024-07-10,2024-08-07,2024-11-07,65.0,211,0,0.0,0.0,,,,,,,,,,,,,,,0.0,0.0,,,,,,,,,,,,0.0,0.9965776865160849,0,0,0,QQQ_MA200_QLD_weekly_OOS,pre_tax,2024,diagnostic_fold,0.0,pre-tax; no realized tax is charged
2025-01-02,2025-12-31,2642815.656252836,0.1998787217818634,0.20123470941948796,0.2914612808217856,-0.21982229391282515,-0.07012343081781713,-0.06938297130898519,-0.09818120515817541,0.1998787217818634,0.7766193237535352,0.9152900835710106,0.915442677981022,0.11735457296132241,2025-02-19,2025-05-23,2025-09-11,75.0,228,2,2.011893846465197,3864366.278620732,494.0,494.0,494.0,494.0,494.0,494.0,494.0,721.0,721.0,721.0,494.0,494.0,494.0,1.0,0.0,1932.183139310366,,,,,,,,,,,,1.9995002498750625,0.9938398357289527,2,2,1,QQQ_MA200_QLD_weekly_OOS,pre_tax,2025,diagnostic_fold,0.0,pre-tax; no realized tax is charged
2026-01-02,2026-08-31,3195983.088569843,0.2093098816817689,0.3337999637006879,0.39831843173553516,-0.22777366127229348,-0.09573818799744327,-0.09059513508823436,-0.13528321288020906,0.2093098816817689,0.9230611539616848,1.3966046918286714,1.46548974028057,0.08977750631004269,2026-06-02,2026-07-29,,,144,2,3.0303629305679114,4808038.183999924,211.0,211.0,211.0,211.0,211.0,211.0,211.0,308.0,308.0,308.0,211.0,211.0,211.0,1.0,0.0,2404.0190919999623,,,,,,,,,,,,1.9995002498750627,0.6598220396988365,2,2,1,QQQ_MA200_QLD_weekly_OOS,pre_tax,2026,diagnostic_fold,0.0,pre-tax; no realized tax is charged
2013-01-02,2013-12-31,174784.84508321562,0.7478484508321563,0.7539083533142443,0.23522349002708753,-0.11630209857963814,-0.048842096998202744,-0.05317436865601366,-0.051728998637871726,0.7478484508321563,2.493968140287269,3.336976194977681,6.482328027795679,0.027345848224289482,2013-05-17,2013-06-24,2013-07-11,12.0,182,1,0.0,99950.02498750626,,,,,,,,,,,,,,,0.0,49.97501249375313,,,,,,,,,,,,0.0,0.9938398357289527,0,0,0,QQQ_MA200_QLD_weekly_OOS,after_tax,2013,diagnostic_fold,0.0,realized tax paid to date; terminal liquidation is diagnostic
2014-01-02,2014-12-31,240488.25840040375,0.3759102414508908,0.3786344696813748,0.2765202037665675,-0.16136785507215134,-0.06173433091538638,-0.07652620384624542,-0.05591377886052196,0.3759102414508908,1.293052658090514,1.7339156320694444,2.346405791364572,0.05064284314135834,2014-09-18,2014-10-16,2014-10-31,11.0,195,0,0.0,0.0,,,,,,,,,,,,,,,0.0,0.0,,,,,,,,,,,,0.0,0.9938398357289527,0,0,0,QQQ_MA200_QLD_weekly_OOS,after_tax,2014,diagnostic_fold,0.0,realized tax paid to date; terminal liquidation is diagnostic
2015-01-02,2015-12-31,193631.14719130908,-0.19484157572083782,-0.19592240473654654,0.3796074460000728,-0.40166624474938795,-0.24452434446566984,-0.24452434446566984,-0.36921987379106624,-0.19484157572083782,-0.36525330728750866,-0.32841259571951514,-0.48777413411671827,0.2158941562945163,2015-07-20,2015-10-14,,,232,2,2.011893846465197,373326.10309511644,662.0,662.0,662.0,662.0,662.0,662.0,662.0,959.0,959.0,959.0,662.0,662.0,662.0,1.0,19594.951457427807,186.66305154755824,,,,,,,,,,,,1.9995002498750625,0.9938398357289527,2,2,1,QQQ_MA200_QLD_weekly_OOS,after_tax,2015,diagnostic_fold,19594.951457427807,realized tax paid to date; terminal liquidation is diagnostic
2016-01-04,2016-12-30,190417.15167461656,-0.016598546067162823,-0.016792308393968614,0.20480858252836023,-0.20516891150216454,-0.062312827187353426,-0.13769776195571093,-0.12562876178075677,-0.016598546067162823,0.020760588590686347,0.023574125181635867,-0.08184626155601285,0.10474898100912781,2016-01-03,2016-06-17,2016-10-24,89.0,248,6,6.069120218284209,982193.0661215804,35.0,35.0,29.0,62.0,35.0,29.0,62.0,51.0,42.0,91.0,35.0,29.0,62.0,0.0,0.0,491.0965330607902,,,,,,,,,,,,5.998500749625187,0.9883641341546886,6,6,3,QQQ_MA200_QLD_weekly_OOS,after_tax,2016,diagnostic_fold,0.0,realized tax paid to date; terminal liquidation is diagnostic
2017-01-03,2017-12-29,324354.075970641,0.7033868699228043,0.7166691958647256,0.20411013909892298,-0.09895914474761103,-0.051260538210308515,-0.053202010085515616,-0.05143268687250535,0.7033868699228043,2.724715966151209,3.215155960076064,7.242071439608179,0.02490355314690566,2017-06-08,2017-07-03,2017-07-19,11.0,172,0,0.0,0.0,,,,,,,,,,,,,,,0.0,0.0,,,,,,,,,,,,0.0,0.9856262833675564,0,0,0,QQQ_MA200_QLD_weekly_OOS,after_tax,2017,diagnostic_fold,0.0,realized tax paid to date; terminal liquidation is diagnostic
2018-01-02,2018-12-31,326073.1266597168,0.005299920107159295,0.005332858290990616,0.37442622078830445,-0.27520737239223825,-0.09285198063886613,-0.1416770842538928,-0.2677925027236232,0.005299920107159295,0.2032161060874571,0.222099770039114,0.019377599679233814,0.13739404174251177,2018-08-29,2018-10-29,,,226,1,1.006198347107438,364295.7069811375,585.0,585.0,585.0,585.0,585.0,585.0,585.0,846.0,846.0,846.0,585.0,585.0,585.0,1.0,38040.43246793013,182.14785349056876,,,,,,,,,,,,1.0,0.9938398357289527,1,1,1,QQQ_MA200_QLD_weekly_OOS,after_tax,2018,diagnostic_fold,38040.43246793013,realized tax paid to date; terminal liquidation is diagnostic
2019-01-02,2019-12-31,450615.88101083244,0.3819473123312178,0.384721070233059,0.2809732868242517,-0.21207052684972305,-0.07249850744325015,-0.07982377383070538,-0.16462680431562038,0.3819473123312178,1.2932783820113196,1.4785984632126858,1.814118519664353,0.05864868958865976,2019-05-03,2019-06-03,2019-07-10,26.0,169,3,3.017589345822957,979112.4964731573,14.0,14.0,14.0,14.0,14.0,14.0,14.0,20.0,20.0,20.0,14.0,14.0,14.0,1.0,119.3731483398476,489.55624823657865,,,,,,,,,,,,2.9990004997501254,0.9938398357289527,3,3,1,QQQ_MA200_QLD_weekly_OOS,after_tax,2019,diagnostic_fold,119.3731483398476,realized tax paid to date; terminal liquidation is diagnostic
2020-01-02,2020-12-31,663261.7882393996,0.471900605792132,0.47385578299925135,0.625561754403546,-0.49154420130742715,-0.20885849905358878,-0.20885849905358878,-0.326714723162982,0.471900605792132,0.9372396035549498,0.9729253685518477,0.964014592663025,0.24036572290240574,2020-02-19,2020-03-16,2020-08-25,113.0,223,2,2.006366665568315,565417.8711744456,251.0,251.0,251.0,251.0,251.0,251.0,251.0,364.0,364.0,364.0,251.0,251.0,251.0,0.0,0.0,282.7089355872228,,,,,,,,,,,,1.9995002498750627,0.9965776865160849,2,2,1,QQQ_MA200_QLD_weekly_OOS,after_tax,2020,diagnostic_fold,0.0,realized tax paid to date; terminal liquidation is diagnostic
2021-01-04,2021-12-31,1025863.162413391,0.5466942022040824,0.5546559325168201,0.3644358851905175,-0.21021444128761746,-0.07083117900409985,-0.10073015497600002,-0.11428931638789153,0.5466942022040824,1.379763454632561,1.9578811410975185,2.6385243997482286,0.06410441385325262,2021-02-12,2021-03-08,2021-04-13,25.0,204,0,0.0,0.0,,,,,,,,,,,,,,,0.0,0.0,,,,,,,,,,,,0.0,0.9883641341546886,0,0,0,QQQ_MA200_QLD_weekly_OOS,after_tax,2021,diagnostic_fold,0.0,realized tax paid to date; terminal liquidation is diagnostic
2022-01-03,2022-12-30,681465.2240570207,-0.33571527955654246,-0.3389065322239315,0.1917836578225109,-0.3492393025004793,-0.14545358846591483,-0.14652181526110852,-0.33571527955654246,-0.33571527955654246,-2.0369609906943102,-0.6192692056245078,-0.9704134952665198,0.3406607284423184,2022-01-03,2022-01-24,,,250,1,1.0117728531855956,772336.1534979005,450.0,450.0,450.0,450.0,450.0,450.0,450.0,651.0,651.0,651.0,450.0,450.0,450.0,1.0,90484.76136413081,386.1680767489502,,,,,,,,,,,,1.0,0.9883641341546886,1,1,1,QQQ_MA200_QLD_weekly_OOS,after_tax,2022,diagnostic_fold,90484.76136413081,realized tax paid to date; terminal liquidation is diagnostic
2023-01-03,2023-12-29,1097229.5290417513,0.6101034804234442,0.6213262214670234,0.33050129274149964,-0.22383304235787327,-0.04961191171631463,-0.07570191926261582,-0.10206520133827734,0.6101034804234442,1.6182070342146861,2.608606366026412,2.775846742384094,0.0869080949918416,2023-07-18,2023-10-26,2023-12-11,31.0,205,3,3.0427359237048144,1968131.20699391,29.0,29.0,29.0,29.0,29.0,29.0,29.0,42.0,42.0,42.0,29.0,29.0,29.0,0.0,0.0,984.0656034969552,,,,,,,,,,,,2.999000499750125,0.9856262833675564,3,3,1,QQQ_MA200_QLD_weekly_OOS,after_tax,2023,diagnostic_fold,0.0,realized tax paid to date; terminal liquidation is diagnostic
2024-01-02,2024-12-31,1567004.5974321968,0.4281465782284555,0.4298954480049788,0.36067123115545585,-0.261950277606261,-0.07230120602615764,-0.1150698728440136,-0.09327846220606928,0.4281465782284555,1.1693480456017342,1.5871910165070608,1.641133775208886,0.08146483014598976,2024-07-10,2024-08-07,2024-11-07,65.0,211,0,0.0,0.0,,,,,,,,,,,,,,,0.0,0.0,,,,,,,,,,,,0.0,0.9965776865160849,0,0,0,QQQ_MA200_QLD_weekly_OOS,after_tax,2024,diagnostic_fold,0.0,realized tax paid to date; terminal liquidation is diagnostic
2025-01-02,2025-12-31,1687605.763394329,0.07696286670744779,0.07745792668476925,0.31925154274898176,-0.2997438794138094,-0.13353433828379324,-0.13353433828379324,-0.1905637320568513,0.07696286670744779,0.3967778153488147,0.40080326661312166,0.25841370584863627,0.1721112990470595,2025-02-19,2025-05-23,2025-10-24,106.0,238,2,2.011893846465197,2608532.343185099,494.0,494.0,494.0,494.0,494.0,494.0,494.0,721.0,721.0,721.0,494.0,494.0,494.0,1.0,140818.42606295552,1304.2661715925497,,,,,,,,,,,,1.9995002498750625,0.9938398357289527,2,2,1,QQQ_MA200_QLD_weekly_OOS,after_tax,2025,diagnostic_fold,140818.42606295552,realized tax paid to date; terminal liquidation is diagnostic
2026-01-02,2026-08-31,1959465.6599048597,0.16109206451377078,0.2540340283203666,0.3969001111816525,-0.2277736612722936,-0.09573818799744338,-0.09059513508823436,-0.13528321288020917,0.16109206451377078,0.7691479122014151,1.165043523218096,1.1152914999099912,0.09622684163624594,2026-06-02,2026-07-29,,,147,2,3.0303629305679114,3009060.029500363,211.0,211.0,211.0,211.0,211.0,211.0,211.0,308.0,308.0,308.0,211.0,211.0,211.0,1.0,61208.51977853809,1504.5300147501814,,,,,,,,,,,,1.9995002498750627,0.6598220396988365,2,2,1,QQQ_MA200_QLD_weekly_OOS,after_tax,2026,diagnostic_fold,61208.51977853809,realized tax paid to date; terminal liquidation is diagnostic
2013-01-02,2013-12-31,173357.43430589014,0.7335743430589015,0.7394963394366463,0.235887966195537,-0.11630209857963814,-0.048842096998202744,-0.05317436865601377,-0.051728998637871726,0.7335743430589015,2.4527603509257943,3.3211154162472964,6.358409250287727,0.027420196204602613,2013-05-17,2013-06-24,2013-07-11,12.0,187,1,0.0,99950.02498750626,,,,,,,,,,,,,,,0.0,49.97501249375313,,,,,,,,,,,,0.0,0.9938398357289527,0,0,0,QQQ_MA200_QLD_monthly_OOS,pre_tax,2013,diagnostic_fold,0.0,pre-tax; no realized tax is charged
2014-01-02,2014-12-31,238524.26929312426,0.3759102414508908,0.3786344696813748,0.2765202037665673,-0.16136785507215123,-0.06173433091538638,-0.07652620384624531,-0.05591377886052196,0.3759102414508908,1.293052658090513,1.733915632069444,2.3464057913645733,0.05064284314135832,2014-09-18,2014-10-16,2014-10-31,11.0,195,0,0.0,0.0,,,,,,,,,,,,,,,0.0,0.0,,,,,,,,,,,,0.0,0.9938398357289527,0,0,0,QQQ_MA200_QLD_monthly_OOS,pre_tax,2014,diagnostic_fold,0.0,pre-tax; no realized tax is charged
2015-01-02,2015-12-31,220025.29363647092,-0.07755594728987436,-0.07801740769248144,0.31387031362871015,-0.2653014324133436,-0.08576158562611547,-0.14167735130862502,-0.14007775546059553,-0.07755594728987436,-0.10021214959786157,-0.12410206807037721,-0.2940708121429558,0.13423249510723753,2015-07-20,2015-11-13,,,232,2,2.011893846465197,454664.5798420546,671.0,671.0,671.0,671.0,671.0,671.0,671.0,972.0,972.0,972.0,671.0,671.0,671.0,1.0,0.0,227.33228992102727,,,,,,,,,,,,1.9995002498750625,0.9938398357289527,2,2,1,QQQ_MA200_QLD_monthly_OOS,pre_tax,2015,diagnostic_fold,0.0,pre-tax; no realized tax is charged
2016-01-04,2016-12-30,205471.62934475107,-0.06614541469839208,-0.0668974901595889,0.27208203124333236,-0.30115555799700644,-0.08122193404146827,-0.13769776195571093,-0.14088825372820213,-0.06614541469839208,-0.1145458907811235,-0.12245609092334905,-0.22213599710570137,0.1410924037177423,2016-01-03,2016-06-27,,,252,4,4.046080145522806,728896.121494906,41.0,41.0,41.0,61.0,41.0,41.0,61.0,61.0,61.0,91.0,41.0,41.0,61.0,0.0,0.0,364.44806074745304,,,,,,,,,,,,3.999000499750125,0.9883641341546886,4,4,2,QQQ_MA200_QLD_monthly_OOS,pre_tax,2016,diagnostic_fold,0.0,pre-tax; no realized tax is charged
2017-01-03,2017-12-29,349997.6755674941,0.7033868699228041,0.7166691958647253,0.20411013909892292,-0.09895914474761103,-0.051260538210308626,-0.053202010085515616,-0.05143268687250535,0.7033868699228041,2.724715966151209,3.2151559600760584,7.242071439608177,0.024903553146905667,2017-06-08,2017-07-03,2017-07-19,11.0,172,0,0.0,0.0,,,,,,,,,,,,,,,0.0,0.0,,,,,,,,,,,,0.0,0.9856262833675564,0,0,0,QQQ_MA200_QLD_monthly_OOS,pre_tax,2017,diagnostic_fold,0.0,pre-tax; no realized tax is charged
2018-01-02,2018-12-31,397003.20990968455,0.134302418625994,0.13518877108126293,0.37117340028436974,-0.2415689535465868,-0.09285198063886613,-0.1416770842538928,-0.1774930221341534,0.134302418625994,0.5279228936858449,0.5959672493087037,0.559628085879801,0.10843417214057827,2018-08-29,2018-10-29,,,226,1,1.006198347107438,397201.8108150921,611.0,611.0,611.0,611.0,611.0,611.0,611.0,883.0,883.0,883.0,611.0,611.0,611.0,1.0,0.0,198.60090540754607,,,,,,,,,,,,1.0,0.9938398357289527,1,1,1,QQQ_MA200_QLD_monthly_OOS,pre_tax,2018,diagnostic_fold,0.0,pre-tax; no realized tax is charged
2019-01-02,2019-12-31,571035.7681316877,0.43836561991928047,0.4416101208157177,0.2837222552417553,-0.21207052684972305,-0.07249850744325015,-0.07982377383070527,-0.1646268043156205,0.43836561991928047,1.4246382273709093,1.6344426363776352,2.0823738563569965,0.058418601182428566,2019-05-03,2019-06-03,2019-07-10,26.0,159,1,1.0056954993577591,396804.8075059316,,,,,,,,,,,,,,,0.0,198.4024037529658,,,,,,,,,,,,0.9995002498750625,0.9938398357289527,1,1,0,QQQ_MA200_QLD_monthly_OOS,pre_tax,2019,diagnostic_fold,0.0,pre-tax; no realized tax is charged
2020-01-02,2020-12-31,812663.0766786628,0.42313865791197336,0.4248642068644328,0.674089538972623,-0.517154219036865,-0.2428099192840193,-0.2487068947604143,-0.2112204161550857,0.42313865791197336,0.8674213416063393,0.9206049267761426,0.8215425712966032,0.24265569697561187,2020-02-19,2020-03-20,2020-08-26,110.0,224,2,2.0063666655683146,790678.6059607407,274.0,274.0,274.0,274.0,274.0,274.0,274.0,397.0,397.0,397.0,274.0,274.0,274.0,0.0,0.0,395.33930298037035,,,,,,,,,,,,1.9995002498750625,0.9965776865160849,2,2,1,QQQ_MA200_QLD_monthly_OOS,pre_tax,2020,diagnostic_fold,0.0,pre-tax; no realized tax is charged
2021-01-04,2021-12-31,1256941.2690442193,0.5466942022040822,0.5546559325168199,0.3644358851905176,-0.21021444128761746,-0.07083117900409996,-0.10073015497600002,-0.11428931638789153,0.5466942022040822,1.3797634546325623,1.957881141097519,2.6385243997482277,0.06410441385325262,2021-02-12,2021-03-08,2021-04-13,25.0,204,0,0.0,0.0,,,,,,,,,,,,,,,0.0,0.0,,,,,,,,,,,,0.0,0.9883641341546886,0,0,0,QQQ_MA200_QLD_monthly_OOS,pre_tax,2021,diagnostic_fold,0.0,pre-tax; no realized tax is charged
2022-01-03,2022-12-30,1046315.8121895393,-0.16756984756721371,-0.16936530121207605,0.16573143750262187,-0.28359181670863565,-0.06215390835763035,-0.14652181526110852,-0.1719837414373474,-0.16756984756721371,-1.0274469103525186,-0.5630182616557379,-0.5972150507646108,0.18353178182329472,2022-01-03,2022-01-27,,,250,1,1.0117728531855956,1046839.231805442,442.0,442.0,442.0,442.0,442.0,442.0,442.0,641.0,641.0,641.0,442.0,442.0,442.0,1.0,0.0,523.419615902721,,,,,,,,,,,,1.0,0.9883641341546886,1,1,1,QQQ_MA200_QLD_monthly_OOS,pre_tax,2022,diagnostic_fold,0.0,pre-tax; no realized tax is charged
2023-01-03,2023-12-29,1881678.492314572,0.798384837917089,0.8138429058767487,0.3355474455145252,-0.22383304235787327,-0.049611911716314516,-0.07570191926261582,-0.10206520133827734,0.798384837917089,1.9316492469442839,3.1445131535756707,3.635937291937193,0.07503212958484227,2023-07-18,2023-10-26,2023-12-11,31.0,194,1,1.0140762951857405,1045792.9157316735,,,,,,,,,,,,,,,0.0,522.8964578658367,,,,,,,,,,,,0.9995002498750625,0.9856262833675564,1,1,0,QQQ_MA200_QLD_monthly_OOS,pre_tax,2023,diagnostic_fold,0.0,pre-tax; no realized tax is charged
2024-01-02,2024-12-31,2687312.700125135,0.4281465782284555,0.4298954480049788,0.36067123115545596,-0.2619502776062609,-0.07230120602615775,-0.11506987284401349,-0.09327846220606928,0.4281465782284555,1.169348045601738,1.5871910165070657,1.6411337752088866,0.08146483014598975,2024-07-10,2024-08-07,2024-11-07,65.0,211,0,0.0,0.0,,,,,,,,,,,,,,,0.0,0.0,,,,,,,,,,,,0.0,0.9965776865160849,0,0,0,QQQ_MA200_QLD_monthly_OOS,pre_tax,2024,diagnostic_fold,0.0,pre-tax; no realized tax is charged
2025-01-02,2025-12-31,2970720.467512752,0.10546140290053341,0.10614862053009899,0.31330102383816577,-0.2594097095740231,-0.07574193212142233,-0.0693829713089853,-0.1556328501994193,0.10546140290053341,0.4802413348579501,0.5534480736910194,0.40919293539322693,0.15278117048583548,2025-02-19,2025-04-01,2025-10-06,129.0,236,2,2.011893846465197,4380495.8056050725,542.0,542.0,542.0,542.0,542.0,542.0,542.0,790.0,790.0,790.0,542.0,542.0,542.0,1.0,0.0,2190.2479028025364,,,,,,,,,,,,1.9995002498750625,0.9938398357289527,2,2,1,QQQ_MA200_QLD_monthly_OOS,pre_tax,2025,diagnostic_fold,0.0,pre-tax; no realized tax is charged
2026-01-02,2026-08-31,2894225.921302085,-0.025749493110239552,-0.03876478267629557,0.4017855078032592,-0.23114759485416636,-0.09573818799744327,-0.09059513508823436,-0.13528321288020917,-0.025749493110239552,0.10135048643845464,0.1518639209637894,-0.16770575830889659,0.10961417751142384,2026-01-28,2026-03-30,2026-05-29,42.0,156,2,3.030362930567911,5221810.612498177,209.0,209.0,209.0,209.0,209.0,209.0,209.0,303.0,303.0,303.0,209.0,209.0,209.0,1.0,0.0,2610.9053062490884,,,,,,,,,,,,1.9995002498750625,0.6598220396988365,2,2,1,QQQ_MA200_QLD_monthly_OOS,pre_tax,2026,diagnostic_fold,0.0,pre-tax; no realized tax is charged
2013-01-02,2013-12-31,173357.43430589014,0.7335743430589015,0.7394963394366463,0.235887966195537,-0.11630209857963814,-0.048842096998202744,-0.05317436865601377,-0.051728998637871726,0.7335743430589015,2.4527603509257943,3.3211154162472964,6.358409250287727,0.027420196204602613,2013-05-17,2013-06-24,2013-07-11,12.0,187,1,0.0,99950.02498750626,,,,,,,,,,,,,,,0.0,49.97501249375313,,,,,,,,,,,,0.0,0.9938398357289527,0,0,0,QQQ_MA200_QLD_monthly_OOS,after_tax,2013,diagnostic_fold,0.0,realized tax paid to date; terminal liquidation is diagnostic
2014-01-02,2014-12-31,238524.26929312426,0.3759102414508908,0.3786344696813748,0.2765202037665673,-0.16136785507215123,-0.06173433091538638,-0.07652620384624531,-0.05591377886052196,0.3759102414508908,1.293052658090513,1.733915632069444,2.3464057913645733,0.05064284314135832,2014-09-18,2014-10-16,2014-10-31,11.0,195,0,0.0,0.0,,,,,,,,,,,,,,,0.0,0.0,,,,,,,,,,,,0.0,0.9938398357289527,0,0,0,QQQ_MA200_QLD_monthly_OOS,after_tax,2014,diagnostic_fold,0.0,realized tax paid to date; terminal liquidation is diagnostic
2015-01-02,2015-12-31,194989.18810791266,-0.18251845530951405,-0.18353896179281604,0.3477240195420038,-0.34890087030420247,-0.15754271053710278,-0.17922728511461694,-0.15754271053710278,-0.18251845530951405,-0.4015338020502618,-0.41908292699116106,-0.5260490225570106,0.18353960165461625,2015-07-20,2015-11-13,,,232,2,2.0118938464651976,428809.9639981585,671.0,671.0,671.0,671.0,671.0,671.0,671.0,972.0,972.0,972.0,671.0,671.0,671.0,1.0,25867.543151818016,214.40498199907927,,,,,,,,,,,,1.9995002498750627,0.9938398357289527,2,2,1,QQQ_MA200_QLD_monthly_OOS,after_tax,2015,diagnostic_fold,25867.543151818016,realized tax paid to date; terminal liquidation is diagnostic
2016-01-04,2016-12-30,182091.54739881196,-0.0661454146983923,-0.06689749015958912,0.27208203124333263,-0.30115555799700655,-0.08122193404146827,-0.13769776195571093,-0.14088825372820213,-0.0661454146983923,-0.11454589078112297,-0.12245609092334854,-0.22213599710570203,0.14109240371774237,2016-01-03,2016-06-27,,,252,4,4.046080145522807,645956.9288434734,41.0,41.0,41.0,61.0,41.0,41.0,61.0,61.0,61.0,91.0,41.0,41.0,61.0,0.0,0.0,322.9784644217367,,,,,,,,,,,,3.9990004997501254,0.9883641341546886,4,4,2,QQQ_MA200_QLD_monthly_OOS,after_tax,2016,diagnostic_fold,0.0,realized tax paid to date; terminal liquidation is diagnostic
2017-01-03,2017-12-29,310172.35096306226,0.7033868699228043,0.7166691958647256,0.2041101390989229,-0.09895914474761103,-0.051260538210308515,-0.053202010085515616,-0.05143268687250546,0.7033868699228043,2.7247159661512033,3.215155960076054,7.242071439608179,0.024903553146905656,2017-06-08,2017-07-03,2017-07-19,11.0,172,0,0.0,0.0,,,,,,,,,,,,,,,0.0,0.0,,,,,,,,,,,,0.0,0.9856262833675564,0,0,0,QQQ_MA200_QLD_monthly_OOS,after_tax,2017,diagnostic_fold,0.0,realized tax paid to date; terminal liquidation is diagnostic
2018-01-02,2018-12-31,321282.6879403278,0.03581988189072538,0.03604586039042457,0.38047319732572754,-0.2532033486644323,-0.09285198063886624,-0.1416770842538927,-0.1774930221341534,0.03581988189072538,0.28489555806211186,0.31613848898245794,0.1423593352163591,0.12916912972319053,2018-08-29,2018-11-01,,,226,1,1.006198347107438,352005.250513569,611.0,611.0,611.0,611.0,611.0,611.0,611.0,883.0,883.0,883.0,611.0,611.0,611.0,1.0,30546.559947984424,176.00262525678448,,,,,,,,,,,,1.0,0.9938398357289527,1,1,1,QQQ_MA200_QLD_monthly_OOS,after_tax,2018,diagnostic_fold,30546.559947984424,realized tax paid to date; terminal liquidation is diagnostic
2019-01-02,2019-12-31,462121.97260862234,0.43836561991928047,0.4416101208157177,0.28372225524175515,-0.21207052684972294,-0.07249850744325015,-0.07982377383070527,-0.1646268043156205,0.43836561991928047,1.4246382273709124,1.634442636377639,2.0823738563569973,0.05841860118242854,2019-05-03,2019-06-03,2019-07-10,26.0,159,1,1.0056954993577594,321122.1268768894,,,,,,,,,,,,,,,0.0,160.5610634384447,,,,,,,,,,,,0.9995002498750626,0.9938398357289527,1,1,0,QQQ_MA200_QLD_monthly_OOS,after_tax,2019,diagnostic_fold,0.0,realized tax paid to date; terminal liquidation is diagnostic
2020-01-02,2020-12-31,657663.6438898686,0.4231386579119736,0.42486420686443305,0.6740895389726234,-0.517154219036865,-0.2428099192840193,-0.2487068947604143,-0.2112204161550857,0.4231386579119736,0.8674213416063413,0.9206049267761447,0.8215425712966037,0.24265569697561187,2020-02-19,2020-03-20,2020-08-26,110.0,224,2,2.0063666655683146,639872.276795365,274.0,274.0,274.0,274.0,274.0,274.0,274.0,397.0,397.0,397.0,274.0,274.0,274.0,0.0,0.0,319.9361383976825,,,,,,,,,,,,1.9995002498750625,0.9965776865160849,2,2,1,QQQ_MA200_QLD_monthly_OOS,after_tax,2020,diagnostic_fold,0.0,realized tax paid to date; terminal liquidation is diagnostic
2021-01-04,2021-12-31,1017204.5450048699,0.5466942022040822,0.5546559325168199,0.3644358851905176,-0.21021444128761757,-0.07083117900409996,-0.10073015497600013,-0.11428931638789142,0.5466942022040822,1.379763454632563,1.9578811410975216,2.6385243997482264,0.06410441385325259,2021-02-12,2021-03-08,2021-04-13,25.0,204,0,0.0,0.0,,,,,,,,,,,,,,,0.0,0.0,,,,,,,,,,,,0.0,0.9883641341546886,0,0,0,QQQ_MA200_QLD_monthly_OOS,after_tax,2021,diagnostic_fold,0.0,realized tax paid to date; terminal liquidation is diagnostic
2022-01-03,2022-12-30,740002.6976545299,-0.2725133786627083,-0.2752331898986986,0.2050840569573533,-0.28732411486601084,-0.12141022134018187,-0.1465218152611084,-0.1719837414373474,-0.2725133786627083,-1.4507519894033167,-0.6094310662821241,-0.9579188646488979,0.27987010171181576,2022-01-03,2022-02-01,,,250,1,1.0117728531855956,847175.3221147843,442.0,442.0,442.0,442.0,442.0,442.0,442.0,641.0,641.0,641.0,442.0,442.0,442.0,1.0,106749.03679919703,423.58766105739215,,,,,,,,,,,,1.0,0.9883641341546886,1,1,1,QQQ_MA200_QLD_monthly_OOS,after_tax,2022,diagnostic_fold,106749.03679919703,realized tax paid to date; terminal liquidation is diagnostic
2023-01-03,2023-12-29,1330809.6314796503,0.7983848379170888,0.8138429058767485,0.3355474455145252,-0.22383304235787327,-0.04961191171631463,-0.07570191926261582,-0.10206520133827723,0.7983848379170888,1.9316492469442859,3.144513153575676,3.6359372919371915,0.07503212958484229,2023-07-18,2023-10-26,2023-12-11,31.0,194,1,1.0140762951857405,739632.881213923,,,,,,,,,,,,,,,0.0,369.8164406069615,,,,,,,,,,,,0.9995002498750625,0.9856262833675564,1,1,0,QQQ_MA200_QLD_monthly_OOS,after_tax,2023,diagnostic_fold,0.0,realized tax paid to date; terminal liquidation is diagnostic
2024-01-02,2024-12-31,1900591.2214711343,0.4281465782284555,0.4298954480049788,0.360671231155456,-0.2619502776062609,-0.07230120602615775,-0.11506987284401371,-0.09327846220606939,0.4281465782284555,1.1693480456017407,1.587191016507069,1.6411337752088866,0.08146483014598975,2024-07-10,2024-08-07,2024-11-07,65.0,211,0,0.0,0.0,,,,,,,,,,,,,,,0.0,0.0,,,,,,,,,,,,0.0,0.9965776865160849,0,0,0,QQQ_MA200_QLD_monthly_OOS,after_tax,2024,diagnostic_fold,0.0,realized tax paid to date; terminal liquidation is diagnostic
2025-01-02,2025-12-31,1878106.6624009637,-0.011830297233913711,-0.011903187365762569,0.3333148219893434,-0.3379878435904692,-0.1129824681723659,-0.11358094116329498,-0.15563285019941953,-0.011830297233913711,0.13300478948664896,0.1411584491148048,-0.03521779730097436,0.2085572447108006,2025-02-19,2025-04-01,,,242,2,2.011893846465197,2933813.6911187298,542.0,542.0,542.0,542.0,542.0,542.0,542.0,790.0,790.0,790.0,542.0,542.0,542.0,1.0,164356.68629115485,1466.906845559365,,,,,,,,,,,,1.9995002498750625,0.9938398357289527,2,2,1,QQQ_MA200_QLD_monthly_OOS,after_tax,2025,diagnostic_fold,164356.68629115485,realized tax paid to date; terminal liquidation is diagnostic
2026-01-02,2026-08-31,1769857.633320696,-0.057637317010463374,-0.08604260950851661,0.4020899242515333,-0.23287914327940207,-0.09573818799744338,-0.09059513508823447,-0.13528321288020906,-0.057637317010463374,-0.024059734526895693,-0.036322780149542676,-0.36947323103677443,0.11963307251630971,2026-01-28,2026-07-29,,,159,2,3.0303629305679114,3247259.7594239274,209.0,209.0,209.0,209.0,209.0,209.0,209.0,303.0,303.0,303.0,209.0,209.0,209.0,1.0,54026.11264441942,1623.629879711964,,,,,,,,,,,,1.9995002498750627,0.6598220396988365,2,2,1,QQQ_MA200_QLD_monthly_OOS,after_tax,2026,diagnostic_fold,54026.11264441942,realized tax paid to date; terminal liquidation is diagnostic
2013-01-02,2013-12-31,173357.43430589014,0.7335743430589015,0.7394963394366463,0.235887966195537,-0.11630209857963814,-0.048842096998202744,-0.05317436865601377,-0.051728998637871726,0.7335743430589015,2.4527603509257943,3.3211154162472964,6.358409250287727,0.027420196204602613,2013-05-17,2013-06-24,2013-07-11,12.0,187,1,0.0,99950.02498750626,,,,,,,,,,,,,,,0.0,49.97501249375313,,,,,,,,,,,,0.0,0.9938398357289527,0,0,0,QQQ_MA200_QLD_bimonthly_OOS,pre_tax,2013,diagnostic_fold,0.0,pre-tax; no realized tax is charged
2014-01-02,2014-12-31,238524.26929312426,0.3759102414508908,0.3786344696813748,0.2765202037665673,-0.16136785507215123,-0.06173433091538638,-0.07652620384624531,-0.05591377886052196,0.3759102414508908,1.293052658090513,1.733915632069444,2.3464057913645733,0.05064284314135832,2014-09-18,2014-10-16,2014-10-31,11.0,195,0,0.0,0.0,,,,,,,,,,,,,,,0.0,0.0,,,,,,,,,,,,0.0,0.9938398357289527,0,0,0,QQQ_MA200_QLD_bimonthly_OOS,pre_tax,2014,diagnostic_fold,0.0,pre-tax; no realized tax is charged
2015-01-02,2015-12-31,220025.29363647092,-0.07755594728987436,-0.07801740769248144,0.31387031362871015,-0.2653014324133436,-0.08576158562611547,-0.14167735130862502,-0.14007775546059553,-0.07755594728987436,-0.10021214959786157,-0.12410206807037721,-0.2940708121429558,0.13423249510723753,2015-07-20,2015-11-13,,,232,2,2.011893846465197,454664.5798420546,671.0,671.0,671.0,671.0,671.0,671.0,671.0,972.0,972.0,972.0,671.0,671.0,671.0,1.0,0.0,227.33228992102727,,,,,,,,,,,,1.9995002498750625,0.9938398357289527,2,2,1,QQQ_MA200_QLD_bimonthly_OOS,pre_tax,2015,diagnostic_fold,0.0,pre-tax; no realized tax is charged
2016-01-04,2016-12-30,224436.75378509067,0.02004978643913735,0.02028820814053689,0.26406117949751007,-0.2672282251459712,-0.07018104137121106,-0.13769776195571093,-0.14088825372820213,0.02004978643913735,0.20792514417359584,0.20727716434495824,0.07592090292653264,0.12078635325156785,2016-01-03,2016-02-09,2016-08-15,130.0,242,2,2.0230400727614035,370735.24171374197,81.0,81.0,81.0,81.0,81.0,81.0,81.0,120.0,120.0,120.0,81.0,81.0,81.0,0.0,0.0,185.36762085687099,,,,,,,,,,,,1.9995002498750627,0.9883641341546886,2,2,1,QQQ_MA200_QLD_bimonthly_OOS,pre_tax,2016,diagnostic_fold,0.0,pre-tax; no realized tax is charged
2017-01-03,2017-12-29,382302.6195256207,0.7033868699228043,0.7166691958647256,0.20411013909892267,-0.09895914474761092,-0.05126053821030829,-0.05320201008551573,-0.05143268687250535,0.7033868699228043,2.724715966151208,3.2151559600760633,7.242071439608187,0.024903553146905635,2017-06-08,2017-07-03,2017-07-19,11.0,172,0,0.0,0.0,,,,,,,,,,,,,,,0.0,0.0,,,,,,,,,,,,0.0,0.9856262833675564,0,0,0,QQQ_MA200_QLD_bimonthly_OOS,pre_tax,2017,diagnostic_fold,0.0,pre-tax; no realized tax is charged
2018-01-02,2018-12-31,433646.78597496473,0.134302418625994,0.13518877108126293,0.37117340028436985,-0.2415689535465868,-0.09285198063886624,-0.14167708425389292,-0.17749302213415352,0.134302418625994,0.5279228936858474,0.5959672493087069,0.559628085879801,0.10843417214057821,2018-08-29,2018-10-29,,,226,1,1.006198347107438,433863.7178338817,589.0,589.0,589.0,589.0,589.0,589.0,589.0,853.0,853.0,853.0,589.0,589.0,589.0,1.0,0.0,216.93185891694085,,,,,,,,,,,,1.0,0.9938398357289527,1,1,1,QQQ_MA200_QLD_bimonthly_OOS,pre_tax,2018,diagnostic_fold,0.0,pre-tax; no realized tax is charged
2019-01-02,2019-12-31,623742.6281348837,0.43836561991928047,0.4416101208157177,0.2837222552417552,-0.21207052684972305,-0.07249850744325015,-0.07982377383070538,-0.1646268043156205,0.43836561991928047,1.4246382273709064,1.634442636377631,2.0823738563569965,0.05841860118242859,2019-05-03,2019-06-03,2019-07-10,26.0,159,1,1.0056954993577591,433430.070939495,,,,,,,,,,,,,,,0.0,216.7150354697475,,,,,,,,,,,,0.9995002498750625,0.9938398357289527,1,1,0,QQQ_MA200_QLD_bimonthly_OOS,pre_tax,2019,diagnostic_fold,0.0,pre-tax; no realized tax is charged
2020-01-02,2020-12-31,1178221.3686745486,0.888954378823952,0.8930846406727919,0.7150095055062284,-0.517154219036865,-0.2428099192840193,-0.2487068947604143,-0.2112204161550857,0.888954378823952,1.2517946056583176,1.4346696673213606,1.7269213085722288,0.17765957586698902,2020-02-19,2020-03-20,2020-07-01,71.0,207,0,0.0,0.0,,,,,,,,,,,,,,,0.0,0.0,,,,,,,,,,,,0.0,0.9965776865160849,0,0,0,QQQ_MA200_QLD_bimonthly_OOS,pre_tax,2020,diagnostic_fold,0.0,pre-tax; no realized tax is charged
2021-01-04,2021-12-31,1822348.1598418825,0.5466942022040819,0.5546559325168197,0.3644358851905177,-0.21021444128761757,-0.07083117900409985,-0.10073015497600013,-0.11428931638789153,0.5466942022040819,1.379763454632561,1.9578811410975194,2.638524399748225,0.0641044138532526,2021-02-12,2021-03-08,2021-04-13,25.0,204,0,0.0,0.0,,,,,,,,,,,,,,,0.0,0.0,,,,,,,,,,,,0.0,0.9883641341546886,0,0,0,QQQ_MA200_QLD_bimonthly_OOS,pre_tax,2021,diagnostic_fold,0.0,pre-tax; no realized tax is charged
2022-01-03,2022-12-30,1352880.708772003,-0.25761677236835645,-0.2602157589457732,0.24281750844634584,-0.3380653902360573,-0.08201464977993955,-0.1465218152611084,-0.1719837414373473,-0.25761677236835645,-1.1085869174930072,-0.7532717053899963,-0.7697201975158567,0.26421648184842994,2022-01-03,2022-02-23,,,250,1,1.0117728531855956,1353557.4875157608,756.0,756.0,756.0,756.0,756.0,756.0,756.0,1096.0,1096.0,1096.0,756.0,756.0,756.0,1.0,0.0,676.7787437578804,,,,,,,,,,,,1.0,0.9883641341546886,1,1,1,QQQ_MA200_QLD_bimonthly_OOS,pre_tax,2022,diagnostic_fold,0.0,pre-tax; no realized tax is charged
2023-01-03,2023-12-29,2477407.0394718354,0.8312087853780947,0.8474362332843803,0.3049500961152687,-0.22383304235787327,-0.04961191171631463,-0.07570191926261594,-0.10206520133827734,0.8312087853780947,2.1535437617986006,3.3180158636198156,3.7860193667450814,0.06795182293752673,2023-07-18,2023-10-26,2023-12-11,31.0,170,1,1.0140762951857405,1352204.6064687686,,,,,,,,,,,,,,,0.0,676.1023032343843,,,,,,,,,,,,0.9995002498750625,0.9856262833675564,1,1,0,QQQ_MA200_QLD_bimonthly_OOS,pre_tax,2023,diagnostic_fold,0.0,pre-tax; no realized tax is charged
2024-01-02,2024-12-31,3538100.38630079,0.4281465782284557,0.42989544800497903,0.36067123115545596,-0.261950277606261,-0.07230120602615775,-0.1150698728440136,-0.09327846220606928,0.4281465782284557,1.169348045601734,1.5871910165070604,1.6411337752088868,0.08146483014598976,2024-07-10,2024-08-07,2024-11-07,65.0,211,0,0.0,0.0,,,,,,,,,,,,,,,0.0,0.0,,,,,,,,,,,,0.0,0.9965776865160849,0,0,0,QQQ_MA200_QLD_bimonthly_OOS,pre_tax,2024,diagnostic_fold,0.0,pre-tax; no realized tax is charged
2025-01-02,2025-12-31,3605207.0057438384,0.018966850037064775,0.019085527986146378,0.4480330600049396,-0.41774461133646645,-0.12212718688577806,-0.19260173387804913,-0.15563285019941941,0.018966850037064775,0.2611316623504106,0.3115057627710032,0.04568707164189895,0.17639853838718414,2025-02-19,2025-04-08,2025-10-29,141.0,241,2,2.0118938464651976,5982368.2853008,544.0,544.0,544.0,544.0,544.0,544.0,544.0,792.0,792.0,792.0,544.0,544.0,544.0,1.0,0.0,2991.1841426503997,,,,,,,,,,,,1.9995002498750627,0.9938398357289527,2,2,1,QQQ_MA200_QLD_bimonthly_OOS,pre_tax,2025,diagnostic_fold,0.0,pre-tax; no realized tax is charged
2026-01-02,2026-08-31,4624614.666887557,0.28275981365829805,0.4584810084528099,0.4215052172582229,-0.23114759485416636,-0.09573818799744327,-0.09059513508823436,-0.13528321288020906,0.28275981365829805,1.107091612486355,1.7688941755575303,1.9834989360026472,0.09171995333258258,2026-01-28,2026-03-30,2026-04-16,12.0,141,0,0.0,0.0,,,,,,,,,,,,,,,0.0,0.0,,,,,,,,,,,,0.0,0.6598220396988365,0,0,0,QQQ_MA200_QLD_bimonthly_OOS,pre_tax,2026,diagnostic_fold,0.0,pre-tax; no realized tax is charged
2013-01-02,2013-12-31,173357.43430589014,0.7335743430589015,0.7394963394366463,0.235887966195537,-0.11630209857963814,-0.048842096998202744,-0.05317436865601377,-0.051728998637871726,0.7335743430589015,2.4527603509257943,3.3211154162472964,6.358409250287727,0.027420196204602613,2013-05-17,2013-06-24,2013-07-11,12.0,187,1,0.0,99950.02498750626,,,,,,,,,,,,,,,0.0,49.97501249375313,,,,,,,,,,,,0.0,0.9938398357289527,0,0,0,QQQ_MA200_QLD_bimonthly_OOS,after_tax,2013,diagnostic_fold,0.0,realized tax paid to date; terminal liquidation is diagnostic
2014-01-02,2014-12-31,238524.26929312426,0.3759102414508908,0.3786344696813748,0.2765202037665673,-0.16136785507215123,-0.06173433091538638,-0.07652620384624531,-0.05591377886052196,0.3759102414508908,1.293052658090513,1.733915632069444,2.3464057913645733,0.05064284314135832,2014-09-18,2014-10-16,2014-10-31,11.0,195,0,0.0,0.0,,,,,,,,,,,,,,,0.0,0.0,,,,,,,,,,,,0.0,0.9938398357289527,0,0,0,QQQ_MA200_QLD_bimonthly_OOS,after_tax,2014,diagnostic_fold,0.0,realized tax paid to date; terminal liquidation is diagnostic
2015-01-02,2015-12-31,194989.18810791266,-0.18251845530951405,-0.18353896179281604,0.3477240195420038,-0.34890087030420247,-0.15754271053710278,-0.17922728511461694,-0.15754271053710278,-0.18251845530951405,-0.4015338020502618,-0.41908292699116106,-0.5260490225570106,0.18353960165461625,2015-07-20,2015-11-13,,,232,2,2.0118938464651976,428809.9639981585,671.0,671.0,671.0,671.0,671.0,671.0,671.0,972.0,972.0,972.0,671.0,671.0,671.0,1.0,25867.543151818016,214.40498199907927,,,,,,,,,,,,1.9995002498750627,0.9938398357289527,2,2,1,QQQ_MA200_QLD_bimonthly_OOS,after_tax,2015,diagnostic_fold,25867.543151818016,realized tax paid to date; terminal liquidation is diagnostic
2016-01-04,2016-12-30,198898.67968741708,0.02004978643913735,0.02028820814053689,0.2640611794975102,-0.2672282251459711,-0.07018104137121095,-0.13769776195571093,-0.14088825372820213,0.02004978643913735,0.20792514417359279,0.20727716434495513,0.07592090292653267,0.12078635325156792,2016-01-03,2016-02-09,2016-08-15,130.0,242,2,2.0230400727614035,328550.24342878896,81.0,81.0,81.0,81.0,81.0,81.0,81.0,120.0,120.0,120.0,81.0,81.0,81.0,0.0,0.0,164.2751217143945,,,,,,,,,,,,1.9995002498750627,0.9883641341546886,2,2,1,QQQ_MA200_QLD_bimonthly_OOS,after_tax,2016,diagnostic_fold,0.0,realized tax paid to date; terminal liquidation is diagnostic
2017-01-03,2017-12-29,338801.39942452783,0.7033868699228043,0.7166691958647256,0.20411013909892273,-0.09895914474761092,-0.051260538210308404,-0.053202010085515505,-0.05143268687250535,0.7033868699228043,2.724715966151206,3.215155960076059,7.242071439608187,0.024903553146905625,2017-06-08,2017-07-03,2017-07-19,11.0,172,0,0.0,0.0,,,,,,,,,,,,,,,0.0,0.0,,,,,,,,,,,,0.0,0.9856262833675564,0,0,0,QQQ_MA200_QLD_bimonthly_OOS,after_tax,2017,diagnostic_fold,0.0,realized tax paid to date; terminal liquidation is diagnostic
2018-01-02,2018-12-31,347159.5939739934,0.0246698938188048,0.024824688921315508,0.38277098562819767,-0.2612421726917744,-0.09285198063886613,-0.1416770842538928,-0.1774930221341534,0.0246698938188048,0.25728762263357385,0.28296208802434264,0.09502557977346492,0.13169553446265547,2018-08-29,2018-11-01,,,226,1,1.006198347107438,384495.49454838753,589.0,589.0,589.0,589.0,589.0,589.0,589.0,853.0,853.0,853.0,589.0,589.0,589.0,1.0,37143.652827119986,192.24774727419378,,,,,,,,,,,,1.0,0.9938398357289527,1,1,1,QQQ_MA200_QLD_bimonthly_OOS,after_tax,2018,diagnostic_fold,37143.652827119986,realized tax paid to date; terminal liquidation is diagnostic
2019-01-02,2019-12-31,499342.4245973287,0.43836561991928047,0.4416101208157177,0.28372225524175526,-0.21207052684972294,-0.07249850744325015,-0.07982377383070527,-0.1646268043156205,0.43836561991928047,1.4246382273709073,1.634442636377631,2.0823738563569973,0.05841860118242856,2019-05-03,2019-06-03,2019-07-10,26.0,159,1,1.0056954993577591,346986.10092353163,,,,,,,,,,,,,,,0.0,173.49305046176582,,,,,,,,,,,,0.9995002498750625,0.9938398357289527,1,1,0,QQQ_MA200_QLD_bimonthly_OOS,after_tax,2019,diagnostic_fold,0.0,realized tax paid to date; terminal liquidation is diagnostic
2020-01-02,2020-12-31,943235.0594756932,0.888954378823952,0.8930846406727919,0.7150095055062285,-0.517154219036865,-0.2428099192840194,-0.2487068947604143,-0.2112204161550857,0.888954378823952,1.251794605658318,1.434669667321361,1.7269213085722288,0.17765957586698902,2020-02-19,2020-03-20,2020-07-01,71.0,207,0,0.0,0.0,,,,,,,,,,,,,,,0.0,0.0,,,,,,,,,,,,0.0,0.9965776865160849,0,0,0,QQQ_MA200_QLD_bimonthly_OOS,after_tax,2020,diagnostic_fold,0.0,realized tax paid to date; terminal liquidation is diagnostic
2021-01-04,2021-12-31,1458896.1978066773,0.5466942022040824,0.5546559325168201,0.3644358851905176,-0.21021444128761746,-0.07083117900409985,-0.10073015497600013,-0.11428931638789153,0.5466942022040824,1.3797634546325632,1.9578811410975212,2.6385243997482286,0.06410441385325263,2021-02-12,2021-03-08,2021-04-13,25.0,204,0,0.0,0.0,,,,,,,,,,,,,,,0.0,0.0,,,,,,,,,,,,0.0,0.9883641341546886,0,0,0,QQQ_MA200_QLD_bimonthly_OOS,after_tax,2021,diagnostic_fold,0.0,realized tax paid to date; terminal liquidation is diagnostic
2022-01-03,2022-12-30,933561.8867870818,-0.36009025988921595,-0.3634446320592881,0.2826197864911339,-0.3731180381008383,-0.14557128943716513,-0.14652181526110852,-0.1719837414373473,-0.36009025988921595,-1.438524320249315,-0.8007030771650192,-0.9740741399403052,0.3529467041511447,2022-01-03,2022-03-01,,,250,1,1.0117728531855956,1083601.8690417744,756.0,756.0,756.0,756.0,756.0,756.0,756.0,1096.0,1096.0,1096.0,756.0,756.0,756.0,1.0,149498.18132017183,541.8009345208873,,,,,,,,,,,,1.0,0.9883641341546886,1,1,1,QQQ_MA200_QLD_bimonthly_OOS,after_tax,2022,diagnostic_fold,149498.18132017183,realized tax paid to date; terminal liquidation is diagnostic
2023-01-03,2023-12-29,1709546.7287786547,0.831208785378095,0.8474362332843806,0.30495009611526874,-0.22383304235787327,-0.04961191171631463,-0.07570191926261582,-0.10206520133827734,0.831208785378095,2.1535437617986,3.318015863619816,3.7860193667450823,0.06795182293752669,2023-07-18,2023-10-26,2023-12-11,31.0,170,1,1.0140762951857407,933095.3391175232,,,,,,,,,,,,,,,0.0,466.5476695587616,,,,,,,,,,,,0.9995002498750626,0.9856262833675564,1,1,0,QQQ_MA200_QLD_bimonthly_OOS,after_tax,2023,diagnostic_fold,0.0,realized tax paid to date; terminal liquidation is diagnostic
2024-01-02,2024-12-31,2441483.311026885,0.4281465782284555,0.4298954480049788,0.36067123115545596,-0.2619502776062609,-0.07230120602615775,-0.11506987284401371,-0.09327846220606928,0.4281465782284555,1.1693480456017336,1.5871910165070602,1.6411337752088866,0.08146483014598975,2024-07-10,2024-08-07,2024-11-07,65.0,211,0,0.0,0.0,,,,,,,,,,,,,,,0.0,0.0,,,,,,,,,,,,0.0,0.9965776865160849,0,0,0,QQQ_MA200_QLD_bimonthly_OOS,after_tax,2024,diagnostic_fold,0.0,realized tax paid to date; terminal liquidation is diagnostic
2025-01-02,2025-12-31,2210980.5787719623,-0.09441093912617149,-0.09496742273262193,0.45445208194058395,-0.41774461133646645,-0.12212718688577817,-0.19260173387804924,-0.15563285019941953,-0.09441093912617149,0.0025543627784953755,0.003002922717540691,-0.2273336870314092,0.23517991985869915,2025-02-19,2025-04-08,,,242,2,2.0118938464651976,3898612.1155406646,544.0,544.0,544.0,544.0,544.0,544.0,544.0,792.0,792.0,792.0,544.0,544.0,544.0,1.0,229664.87489777332,1949.3060577703322,,,,,,,,,,,,1.9995002498750627,0.9938398357289527,2,2,1,QQQ_MA200_QLD_bimonthly_OOS,after_tax,2025,diagnostic_fold,229664.87489777332,realized tax paid to date; terminal liquidation is diagnostic
2026-01-02,2026-08-31,2836157.035227638,0.28275981365829805,0.4584810084528099,0.42150521725822276,-0.23114759485416625,-0.09573818799744338,-0.09059513508823436,-0.13528321288020906,0.28275981365829805,1.1070916124863512,1.7688941755575227,1.983498936002648,0.09171995333258255,2026-01-28,2026-03-30,2026-04-16,12.0,141,0,0.0,0.0,,,,,,,,,,,,,,,0.0,0.0,,,,,,,,,,,,0.0,0.6598220396988365,0,0,0,QQQ_MA200_QLD_bimonthly_OOS,after_tax,2026,diagnostic_fold,0.0,realized tax paid to date; terminal liquidation is diagnostic
2013-01-02,2013-12-31,173357.43430589014,0.7335743430589015,0.7394963394366463,0.235887966195537,-0.11630209857963814,-0.048842096998202744,-0.05317436865601377,-0.051728998637871726,0.7335743430589015,2.4527603509257943,3.3211154162472964,6.358409250287727,0.027420196204602613,2013-05-17,2013-06-24,2013-07-11,12.0,187,1,0.0,99950.02498750626,,,,,,,,,,,,,,,0.0,49.97501249375313,,,,,,,,,,,,0.0,0.9938398357289527,0,0,0,QQQ_MA200_QLD_quarterly_OOS,pre_tax,2013,diagnostic_fold,0.0,pre-tax; no realized tax is charged
2014-01-02,2014-12-31,238524.26929312426,0.3759102414508908,0.3786344696813748,0.2765202037665673,-0.16136785507215123,-0.06173433091538638,-0.07652620384624531,-0.05591377886052196,0.3759102414508908,1.293052658090513,1.733915632069444,2.3464057913645733,0.05064284314135832,2014-09-18,2014-10-16,2014-10-31,11.0,195,0,0.0,0.0,,,,,,,,,,,,,,,0.0,0.0,,,,,,,,,,,,0.0,0.9938398357289527,0,0,0,QQQ_MA200_QLD_quarterly_OOS,pre_tax,2014,diagnostic_fold,0.0,pre-tax; no realized tax is charged
2015-01-02,2015-12-31,227785.816542848,-0.045020377935126143,-0.0452930129820448,0.31189529963527185,-0.2646666521518879,-0.08576158562611547,-0.14167735130862502,-0.14007775546059553,-0.045020377935126143,0.008163119348048996,0.009687345570681754,-0.17113230024934112,0.1273005110243534,2015-07-20,2015-08-25,,,232,1,1.006198347107438,227899.76642606105,692.0,692.0,692.0,692.0,692.0,692.0,692.0,1002.0,1002.0,1002.0,692.0,692.0,692.0,1.0,0.0,113.94988321303053,,,,,,,,,,,,1.0,0.9938398357289527,1,1,1,QQQ_MA200_QLD_quarterly_OOS,pre_tax,2015,diagnostic_fold,0.0,pre-tax; no realized tax is charged
2016-01-04,2016-12-30,262237.21131653065,0.15124468808707459,0.15315518739540712,0.3186811034898384,-0.2353175752937311,-0.08122193404146827,-0.11437913126324295,-0.10117075038164991,0.15124468808707459,0.6019688981814766,0.7679437816700775,0.6508446604731236,0.07282822899586615,2016-01-04,2016-02-09,2016-04-01,36.0,222,1,1.0112672195758077,227671.98055257174,,,,,,,,,,,,,,,0.0,113.83599027628587,,,,,,,,,,,,0.9995002498750625,0.9883641341546886,1,1,0,QQQ_MA200_QLD_quarterly_OOS,pre_tax,2016,diagnostic_fold,0.0,pre-tax; no realized tax is charged
2017-01-03,2017-12-29,446691.42256175017,0.7033868699228043,0.7166691958647256,0.20411013909892295,-0.09895914474761092,-0.051260538210308626,-0.053202010085515616,-0.05143268687250535,0.7033868699228043,2.7247159661512117,3.2151559600760646,7.242071439608187,0.024903553146905642,2017-06-08,2017-07-03,2017-07-19,11.0,172,0,0.0,0.0,,,,,,,,,,,,,,,0.0,0.0,,,,,,,,,,,,0.0,0.9856262833675564,0,0,0,QQQ_MA200_QLD_quarterly_OOS,pre_tax,2017,diagnostic_fold,0.0,pre-tax; no realized tax is charged
2018-01-02,2018-12-31,409569.3493614068,-0.08310451315015266,-0.08359746833635118,0.4528833396036277,-0.4246386031038567,-0.09285198063886613,-0.16260066000610562,-0.17844631710633685,-0.08310451315015266,0.03467955161323824,0.04488503696378134,-0.19686733077328156,0.13227029277989397,2018-08-29,2018-12-24,,,226,0,0.0,0.0,,,,,,,,,,,,,,,0.0,0.0,,,,,,,,,,,,0.0,0.9938398357289527,0,0,0,QQQ_MA200_QLD_quarterly_OOS,pre_tax,2018,diagnostic_fold,0.0,pre-tax; no realized tax is charged
2019-01-02,2019-12-31,521743.04702232324,0.27388206133055526,0.2757948637327512,0.274358400436326,-0.21207052684972294,-0.07249850744325004,-0.07982377383070527,-0.1646268043156205,0.27388206133055526,1.0206590983717532,1.108833791662165,1.300486530729395,0.06174950910710718,2019-05-03,2019-06-03,2019-07-10,26.0,213,2,2.011893846465197,784001.2960380815,754.0,754.0,754.0,754.0,754.0,754.0,754.0,1094.0,1094.0,1094.0,754.0,754.0,754.0,1.0,0.0,392.0006480190408,,,,,,,,,,,,1.9995002498750625,0.9938398357289527,2,2,1,QQQ_MA200_QLD_quarterly_OOS,pre_tax,2019,diagnostic_fold,0.0,pre-tax; no realized tax is charged
2020-01-02,2020-12-31,561448.9280262513,0.07610236730616005,0.07637344322702067,0.6498909048887808,-0.517154219036865,-0.2428099192840193,-0.2487068947604143,-0.2112204161550857,0.07610236730616005,0.4455339727621191,0.438157422779889,0.14768020914391194,0.32470254418235966,2020-02-19,2020-03-20,,,236,2,2.006366665568315,722425.9636818147,253.0,253.0,253.0,253.0,253.0,253.0,253.0,366.0,366.0,366.0,253.0,253.0,253.0,0.0,0.0,361.21298184090745,,,,,,,,,,,,1.9995002498750627,0.9965776865160849,2,2,1,QQQ_MA200_QLD_quarterly_OOS,pre_tax,2020,diagnostic_fold,0.0,pre-tax; no realized tax is charged
2021-01-04,2021-12-31,868389.8018118999,0.5466942022040822,0.5546559325168199,0.36443588519051756,-0.21021444128761746,-0.07083117900410008,-0.10073015497599991,-0.11428931638789153,0.5466942022040822,1.379763454632561,1.957881141097519,2.6385243997482277,0.06410441385325265,2021-02-12,2021-03-08,2021-04-13,25.0,204,0,0.0,0.0,,,,,,,,,,,,,,,0.0,0.0,,,,,,,,,,,,0.0,0.9883641341546886,0,0,0,QQQ_MA200_QLD_quarterly_OOS,pre_tax,2021,diagnostic_fold,0.0,pre-tax; no realized tax is charged
2022-01-03,2022-12-30,704153.8231715143,-0.18912702371412737,-0.19112587680884796,0.3117851568415431,-0.3868163363215923,-0.08201464977993955,-0.1465218152611083,-0.1719837414373473,-0.18912702371412737,-0.5190478252197801,-0.4843053257595686,-0.4940998061931626,0.2151320359355074,2022-01-03,2022-03-14,,,250,1,1.0117728531855956,704506.0762096192,442.0,442.0,442.0,442.0,442.0,442.0,442.0,639.0,639.0,639.0,442.0,442.0,442.0,1.0,0.0,352.2530381048096,,,,,,,,,,,,1.0,0.9883641341546886,1,1,1,QQQ_MA200_QLD_quarterly_OOS,pre_tax,2022,diagnostic_fold,0.0,pre-tax; no realized tax is charged
2023-01-03,2023-12-29,1098237.02534816,0.5596549918619937,0.5697971602277836,0.2794318752631052,-0.22383304235787327,-0.049611911716314516,-0.06411216533020392,-0.10206520133827734,0.5596549918619937,1.743618580232443,2.4251269115723253,2.545634702658283,0.06736035354967534,2023-07-18,2023-10-26,2023-12-11,31.0,155,1,1.0140762951857407,703801.9222104092,,,,,,,,,,,,,,,0.0,351.9009611052046,,,,,,,,,,,,0.9995002498750626,0.9856262833675564,1,1,0,QQQ_MA200_QLD_quarterly_OOS,pre_tax,2023,diagnostic_fold,0.0,pre-tax; no realized tax is charged
2024-01-02,2024-12-31,1568443.4498347722,0.4281465782284555,0.4298954480049788,0.3606712311554559,-0.2619502776062608,-0.07230120602615764,-0.11506987284401349,-0.09327846220606939,0.4281465782284555,1.1693480456017367,1.587191016507064,1.6411337752088873,0.08146483014598972,2024-07-10,2024-08-07,2024-11-07,65.0,211,0,0.0,0.0,,,,,,,,,,,,,,,0.0,0.0,,,,,,,,,,,,0.0,0.9965776865160849,0,0,0,QQQ_MA200_QLD_quarterly_OOS,pre_tax,2024,diagnostic_fold,0.0,pre-tax; no realized tax is charged
2025-01-02,2025-12-31,1540745.7907960766,-0.017659329089367737,-0.01776780952743573,0.3041419064649108,-0.2673181866804394,-0.07574193212142244,-0.06938297130898508,-0.15563285019941941,-0.017659329089367737,0.09401802433754992,0.10263807046484226,-0.06646689380949576,0.18608612190868196,2025-02-19,2025-07-01,,,242,2,2.011893846465197,2556665.606131375,500.0,500.0,500.0,500.0,500.0,500.0,500.0,729.0,729.0,729.0,500.0,500.0,500.0,1.0,0.0,1278.3328030656874,,,,,,,,,,,,1.9995002498750625,0.9938398357289527,2,2,1,QQQ_MA200_QLD_quarterly_OOS,pre_tax,2025,diagnostic_fold,0.0,pre-tax; no realized tax is charged
2026-01-02,2026-08-31,1286585.6849092103,-0.16495914342595497,-0.23907238281622867,0.3057179215296734,-0.3202433958233297,-0.047296225026968286,-0.08313760448077523,-0.11905421038593134,-0.16495914342595497,-0.7432803144179623,-1.0521797976088298,-0.7465333740968664,0.16265226244153724,2026-01-28,2026-07-29,,,159,2,3.030362930567911,2708259.767125435,189.0,189.0,189.0,189.0,189.0,189.0,189.0,274.0,274.0,274.0,189.0,189.0,189.0,1.0,0.0,1354.1298835627176,,,,,,,,,,,,1.9995002498750625,0.6598220396988365,2,2,1,QQQ_MA200_QLD_quarterly_OOS,pre_tax,2026,diagnostic_fold,0.0,pre-tax; no realized tax is charged
2013-01-02,2013-12-31,173357.43430589014,0.7335743430589015,0.7394963394366463,0.235887966195537,-0.11630209857963814,-0.048842096998202744,-0.05317436865601377,-0.051728998637871726,0.7335743430589015,2.4527603509257943,3.3211154162472964,6.358409250287727,0.027420196204602613,2013-05-17,2013-06-24,2013-07-11,12.0,187,1,0.0,99950.02498750626,,,,,,,,,,,,,,,0.0,49.97501249375313,,,,,,,,,,,,0.0,0.9938398357289527,0,0,0,QQQ_MA200_QLD_quarterly_OOS,after_tax,2013,diagnostic_fold,0.0,realized tax paid to date; terminal liquidation is diagnostic
2014-01-02,2014-12-31,238524.26929312426,0.3759102414508908,0.3786344696813748,0.2765202037665673,-0.16136785507215123,-0.06173433091538638,-0.07652620384624531,-0.05591377886052196,0.3759102414508908,1.293052658090513,1.733915632069444,2.3464057913645733,0.05064284314135832,2014-09-18,2014-10-16,2014-10-31,11.0,195,0,0.0,0.0,,,,,,,,,,,,,,,0.0,0.0,,,,,,,,,,,,0.0,0.9938398357289527,0,0,0,QQQ_MA200_QLD_quarterly_OOS,after_tax,2014,diagnostic_fold,0.0,realized tax paid to date; terminal liquidation is diagnostic
2015-01-02,2015-12-31,201826.12791216845,-0.1538549577773035,-0.15473070750936901,0.3310893660432725,-0.3005891528294946,-0.11114062643369749,-0.14167735130862502,-0.14007775546059553,-0.1538549577773035,-0.33762072090664696,-0.36756227073709336,-0.5147581210195501,0.16698900441776215,2015-07-20,2015-10-01,,,232,1,1.006198347107438,227899.76642606105,692.0,692.0,692.0,692.0,692.0,692.0,692.0,1002.0,1002.0,1002.0,692.0,692.0,692.0,1.0,25959.68863067957,113.94988321303053,,,,,,,,,,,,1.0,0.9938398357289527,1,1,1,QQQ_MA200_QLD_quarterly_OOS,after_tax,2015,diagnostic_fold,25959.68863067957,realized tax paid to date; terminal liquidation is diagnostic
2016-01-04,2016-12-30,232351.2576760664,0.15124468808707459,0.15315518739540712,0.3186811034898384,-0.2353175752937311,-0.08122193404146838,-0.11437913126324306,-0.10117075038164991,0.15124468808707459,0.6019688981814725,0.7679437816700727,0.6508446604731236,0.07282822899586615,2016-01-04,2016-02-09,2016-04-01,36.0,222,1,1.0112672195758077,201725.26527952868,,,,,,,,,,,,,,,0.0,100.86263263976434,,,,,,,,,,,,0.9995002498750625,0.9883641341546886,1,1,0,QQQ_MA200_QLD_quarterly_OOS,after_tax,2016,diagnostic_fold,0.0,realized tax paid to date; terminal liquidation is diagnostic
2017-01-03,2017-12-29,395784.08153546165,0.7033868699228041,0.7166691958647253,0.20411013909892292,-0.09895914474761092,-0.051260538210308515,-0.053202010085515616,-0.05143268687250524,0.7033868699228041,2.7247159661512064,3.2151559600760624,7.242071439608185,0.024903553146905625,2017-06-08,2017-07-03,2017-07-19,11.0,172,0,0.0,0.0,,,,,,,,,,,,,,,0.0,0.0,,,,,,,,,,,,0.0,0.9856262833675564,0,0,0,QQQ_MA200_QLD_quarterly_OOS,after_tax,2017,diagnostic_fold,0.0,realized tax paid to date; terminal liquidation is diagnostic
2018-01-02,2018-12-31,362892.6381268768,-0.08310451315015266,-0.08359746833635118,0.452883339603628,-0.4246386031038568,-0.09285198063886624,-0.1626006600061055,-0.17844631710633696,-0.08310451315015266,0.03467955161323969,0.04488503696378322,-0.1968673307732815,0.13227029277989397,2018-08-29,2018-12-24,,,226,0,0.0,0.0,,,,,,,,,,,,,,,0.0,0.0,,,,,,,,,,,,0.0,0.9938398357289527,0,0,0,QQQ_MA200_QLD_quarterly_OOS,after_tax,2018,diagnostic_fold,0.0,realized tax paid to date; terminal liquidation is diagnostic
2019-01-02,2019-12-31,422941.03645522764,0.16547152523760023,0.1665782303077703,0.29850364542424923,-0.23790135124247525,-0.12434773873482308,-0.12434773873482308,-0.16462680431562038,0.16547152523760023,0.6652328987235347,0.6321479890400801,0.7001987564920951,0.09358933814387749,2019-01-01,2019-06-03,2019-10-28,103.0,229,2,2.011893846465197,665108.7776275852,754.0,754.0,754.0,754.0,754.0,754.0,754.0,1094.0,1094.0,1094.0,754.0,754.0,754.0,1.0,29558.313848895927,332.55438881379257,,,,,,,,,,,,1.9995002498750625,0.9938398357289527,2,2,1,QQQ_MA200_QLD_quarterly_OOS,after_tax,2019,diagnostic_fold,29558.313848895927,realized tax paid to date; terminal liquidation is diagnostic
2020-01-02,2020-12-31,455127.8505603914,0.07610236730616005,0.07637344322702067,0.6498909048887808,-0.517154219036865,-0.2428099192840193,-0.2487068947604143,-0.2112204161550857,0.07610236730616005,0.4455339727621196,0.43815742277988967,0.14768020914391194,0.32470254418235983,2020-02-19,2020-03-20,,,236,2,2.006366665568315,585620.8100626215,253.0,253.0,253.0,253.0,253.0,253.0,253.0,366.0,366.0,366.0,253.0,253.0,253.0,0.0,0.0,292.8104050313108,,,,,,,,,,,,1.9995002498750627,0.9965776865160849,2,2,1,QQQ_MA200_QLD_quarterly_OOS,after_tax,2020,diagnostic_fold,0.0,realized tax paid to date; terminal liquidation is diagnostic
2021-01-04,2021-12-31,703943.6077233633,0.5466942022040824,0.5546559325168201,0.36443588519051756,-0.21021444128761757,-0.07083117900409985,-0.10073015497600013,-0.11428931638789153,0.5466942022040824,1.3797634546325592,1.9578811410975139,2.6385243997482273,0.06410441385325259,2021-02-12,2021-03-08,2021-04-13,25.0,204,0,0.0,0.0,,,,,,,,,,,,,,,0.0,0.0,,,,,,,,,,,,0.0,0.9883641341546886,0,0,0,QQQ_MA200_QLD_quarterly_OOS,after_tax,2021,diagnostic_fold,0.0,realized tax paid to date; terminal liquidation is diagnostic
2022-01-03,2022-12-30,519403.55106925056,-0.2621517613476697,-0.2647879096259351,0.32346058240439285,-0.3868163363215922,-0.08671797136958292,-0.14652181526110852,-0.17198374143734751,-0.2621517613476697,-0.7808645811123567,-0.7029261759063202,-0.6845313518656441,0.26886687804069076,2022-01-03,2022-03-14,,,250,1,1.0117728531855956,571094.3955298234,442.0,442.0,442.0,442.0,442.0,442.0,442.0,639.0,639.0,639.0,442.0,442.0,442.0,1.0,51405.29726280795,285.5471977649117,,,,,,,,,,,,1.0,0.9883641341546886,1,1,1,QQQ_MA200_QLD_quarterly_OOS,after_tax,2022,diagnostic_fold,51405.29726280795,realized tax paid to date; terminal liquidation is diagnostic
2023-01-03,2023-12-29,810090.3412160026,0.5596549918619937,0.5697971602277836,0.27943187526310537,-0.22383304235787327,-0.04961191171631463,-0.06411216533020392,-0.10206520133827746,0.5596549918619937,1.7436185802324395,2.425126911572318,2.545634702658283,0.0673603535496753,2023-07-18,2023-10-26,2023-12-11,31.0,155,1,1.0140762951857405,519143.9790797107,,,,,,,,,,,,,,,0.0,259.5719895398554,,,,,,,,,,,,0.9995002498750625,0.9856262833675564,1,1,0,QQQ_MA200_QLD_quarterly_OOS,after_tax,2023,diagnostic_fold,0.0,realized tax paid to date; terminal liquidation is diagnostic
2024-01-02,2024-12-31,1156927.7488635562,0.4281465782284557,0.42989544800497903,0.3606712311554559,-0.2619502776062609,-0.07230120602615775,-0.11506987284401349,-0.09327846220606928,0.4281465782284557,1.1693480456017342,1.5871910165070604,1.6411337752088875,0.08146483014598978,2024-07-10,2024-08-07,2024-11-07,65.0,211,0,0.0,0.0,,,,,,,,,,,,,,,0.0,0.0,,,,,,,,,,,,0.0,0.9965776865160849,0,0,0,QQQ_MA200_QLD_quarterly_OOS,after_tax,2024,diagnostic_fold,0.0,realized tax paid to date; terminal liquidation is diagnostic
2025-01-02,2025-12-31,1032794.875367851,-0.10729526854001059,-0.10792307320985028,0.3196838079446363,-0.3341734280443326,-0.09824208129335121,-0.09885049966090065,-0.15563285019941941,-0.10729526854001059,-0.19605154053236254,-0.20198928208071656,-0.32295528056028694,0.24344676488433709,2025-02-19,2025-07-01,,,242,2,2.011893846465197,1799870.8772711433,500.0,500.0,500.0,500.0,500.0,500.0,500.0,729.0,729.0,729.0,500.0,500.0,500.0,1.0,86040.16750270748,899.9354386355716,,,,,,,,,,,,1.9995002498750625,0.9938398357289527,2,2,1,QQQ_MA200_QLD_quarterly_OOS,after_tax,2025,diagnostic_fold,86040.16750270748,realized tax paid to date; terminal liquidation is diagnostic
2026-01-02,2026-08-31,852619.0391875535,-0.17445461870259982,-0.2521475799497538,0.30517488692360495,-0.32797309189542057,-0.047296225026968286,-0.08313760448077534,-0.11905421038593123,-0.17445461870259982,-0.8019744317634384,-1.133250044023259,-0.7688056922369566,0.1693919693917505,2026-01-28,2026-07-29,,,159,2,3.0303629305679114,1805087.9117435669,189.0,189.0,189.0,189.0,189.0,189.0,189.0,274.0,274.0,274.0,189.0,189.0,189.0,1.0,10321.724916989935,902.5439558717834,,,,,,,,,,,,1.9995002498750627,0.6598220396988365,2,2,1,QQQ_MA200_QLD_quarterly_OOS,after_tax,2026,diagnostic_fold,10321.724916989935,realized tax paid to date; terminal liquidation is diagnostic
2013-01-02,2013-12-31,164469.04767492946,0.6446904767492947,0.6497705337092321,0.2137293464918237,-0.11212770956796525,-0.04943693759805845,-0.04421872296057283,-0.0607884123419129,0.6446904767492947,2.437024015750788,3.3312736218870023,5.79491488957401,0.03184280478183198,2013-05-21,2013-06-24,2013-07-11,12.0,185,1,0.0,99950.02498750626,,,,,,,,,,,,,,,0.0,49.97501249375313,,,,,,,,,,,,0.0,0.9938398357289527,0,0,0,SPY_MA200_SSO_weekly_OOS,pre_tax,2013,diagnostic_fold,0.0,pre-tax; no realized tax is charged
2014-01-02,2014-12-31,190743.01733932615,0.15975023894056206,0.16081610282366388,0.21961693255314269,-0.14334582773986093,-0.045826931939898397,-0.06815232576703001,-0.07234794098530262,0.15975023894056206,0.7848538984624579,0.9898018480586057,1.1218750162404965,0.04536851848535958,2014-09-18,2014-10-16,,,219,2,2.011893846465197,343816.7210134914,453.0,453.0,453.0,453.0,453.0,453.0,453.0,656.0,656.0,656.0,453.0,453.0,453.0,1.0,0.0,171.90836050674568,,,,,,,,,,,,1.9995002498750625,0.9938398357289527,2,2,1,SPY_MA200_SSO_weekly_OOS,pre_tax,2014,diagnostic_fold,0.0,pre-tax; no realized tax is charged
2015-01-02,2015-12-31,137976.66150402295,-0.27663584529248286,-0.2780863893771782,0.2461819543783852,-0.3281897229379108,-0.10514993078596169,-0.11084368857901139,-0.21333009111383372,-0.27663584529248286,-1.1898925819797814,-1.2989507129790585,-0.8473342397433588,0.15607962019349667,2015-05-21,2015-12-31,,,237,6,6.035681539395591,893896.3690976817,78.66666666666667,78.66666666666667,15.0,207.0,78.66666666666667,15.0,207.0,114.33333333333333,21.0,301.0,78.66666666666667,15.0,207.0,0.0,0.0,446.94818454884086,,,,,,,,,,,,5.998500749625187,0.9938398357289527,6,6,3,SPY_MA200_SSO_weekly_OOS,pre_tax,2015,diagnostic_fold,0.0,pre-tax; no realized tax is charged
2016-01-04,2016-12-30,165955.44064998536,0.20277907032231424,0.20539636834251973,0.1932027656291993,-0.11034706301118591,-0.07263848172619203,-0.047048880297304696,-0.03677617556149948,0.20277907032231424,1.0528692254731222,1.188747446902854,1.8613668795308005,0.03056371481258411,2016-06-08,2016-06-27,2016-07-08,8.0,219,2,2.023040072761403,266227.5753147494,4.0,4.0,4.0,4.0,4.0,4.0,4.0,7.0,7.0,7.0,4.0,4.0,4.0,0.0,0.0,133.1137876573747,,,,,,,,,,,,1.9995002498750625,0.9883641341546886,2,2,1,SPY_MA200_SSO_weekly_OOS,pre_tax,2016,diagnostic_fold,0.0,pre-tax; no realized tax is charged
2017-01-03,2017-12-29,239561.9543897158,0.4435317905302849,0.45128036759889567,0.13087790003881186,-0.052775084526993754,-0.03511208504895813,-0.027510027274323168,-0.00022978936887141366,0.4435317905302849,2.8833365773811814,3.8447001022995413,8.551011744340679,0.015546301879988407,2017-03-01,2017-04-13,2017-05-05,15.0,185,0,0.0,0.0,,,,,,,,,,,,,,,0.0,0.0,,,,,,,,,,,,0.0,0.9856262833675564,0,0,0,SPY_MA200_SSO_weekly_OOS,pre_tax,2017,diagnostic_fold,0.0,pre-tax; no realized tax is charged
2018-01-02,2018-12-31,202523.54885405433,-0.15460888032082065,-0.15548851589612267,0.2897782019604236,-0.28555686594149,-0.08125100361735693,-0.11848040755438616,-0.15145966316762483,-0.15460888032082065,-0.43519218025491097,-0.46209982720419684,-0.5445098137755229,0.12900274645581006,2018-09-20,2018-12-10,,,234,5,5.029986040037832,1138993.5764840438,224.0,224.0,5.0,663.0,224.0,5.0,663.0,324.3333333333333,7.0,959.0,224.0,5.0,663.0,0.3333333333333333,0.0,569.4967882420219,,,,,,,,,,,,4.9990004997501245,0.9938398357289527,5,5,3,SPY_MA200_SSO_weekly_OOS,pre_tax,2018,diagnostic_fold,0.0,pre-tax; no realized tax is charged
2019-01-02,2019-12-31,247025.51340177096,0.21973723450691818,0.22123991387513664,0.2154940304945394,-0.16218601884152573,-0.060044777565400276,-0.06032386365185449,-0.12774816615285522,0.21973723450691818,1.0304818048741984,1.1162562211870402,1.3641121192530987,0.0680644990668325,2019-04-30,2019-08-14,2019-11-15,66.0,184,3,3.0175893458229566,601118.6671232185,72.0,72.0,72.0,72.0,72.0,72.0,72.0,104.0,104.0,104.0,72.0,72.0,72.0,0.0,0.0,300.55933356160926,,,,,,,,,,,,2.999000499750125,0.9938398357289527,3,3,1,SPY_MA200_SSO_weekly_OOS,pre_tax,2019,diagnostic_fold,0.0,pre-tax; no realized tax is charged
2020-01-02,2020-12-31,315476.23122841096,0.27709978975049987,0.2781729327933202,0.3259786152869644,-0.2498755002033255,-0.11569839529275194,-0.21098752427186385,-0.15461444024131166,0.27709978975049987,0.9137325599352389,0.8724537761523089,1.1132461268390414,0.14802588085686277,2020-02-19,2020-06-11,2020-08-26,53.0,225,2,2.006366665568315,417821.53525556426,183.0,183.0,183.0,183.0,183.0,183.0,183.0,266.0,266.0,266.0,183.0,183.0,183.0,1.0,0.0,208.91076762778215,,,,,,,,,,,,1.9995002498750627,0.9965776865160849,2,2,1,SPY_MA200_SSO_weekly_OOS,pre_tax,2020,diagnostic_fold,0.0,pre-tax; no realized tax is charged
2021-01-04,2021-12-31,506559.81687995873,0.6056988347664123,0.6146758336471454,0.2583241208870973,-0.10207202648708069,-0.049130897829575804,-0.06661778434034793,-0.09411840507744607,0.6056988347664123,1.9638157328953851,2.8067668283676275,6.0219812891139695,0.0299698966001055,2021-09-02,2021-10-04,2021-10-21,13.0,178,0,0.0,0.0,,,,,,,,,,,,,,,0.0,0.0,,,,,,,,,,,,0.0,0.9883641341546886,0,0,0,SPY_MA200_SSO_weekly_OOS,pre_tax,2021,diagnostic_fold,0.0,pre-tax; no realized tax is charged
2022-01-03,2022-12-30,377612.7789951191,-0.2545544150719651,-0.2571281212249288,0.15924186319670472,-0.265858927306312,-0.04703453238378008,-0.11301599046225808,-0.14318514537864102,-0.2545544150719651,-1.7709592258756053,-1.2744859046970276,-0.9671600041050195,0.21224979212279552,2022-01-03,2022-12-07,,,250,7,7.080893071469804,2836361.2615576014,112.5,112.5,14.5,416.0,112.5,14.5,416.0,162.75,21.0,602.0,112.5,14.5,416.0,0.25,0.0,1418.1806307788006,,,,,,,,,,,,6.998500749625187,0.9883641341546886,7,7,4,SPY_MA200_SSO_weekly_OOS,pre_tax,2022,diagnostic_fold,0.0,pre-tax; no realized tax is charged
2023-01-03,2023-12-29,437123.4485912624,0.15759707538105472,0.16007027801138984,0.2435791105767332,-0.20684064827252513,-0.040329012055453806,-0.09053748758956515,-0.09846311010754372,0.15759707538105472,0.7271564299312531,1.1132164546019874,0.7738821133478925,0.09483609713497733,2023-07-31,2023-10-27,,,220,5,5.071395552223889,1796130.1724515515,96.5,96.5,96.5,155.0,96.5,96.5,155.0,139.5,139.5,224.0,96.5,96.5,155.0,0.5,0.0,898.0650862257755,,,,,,,,,,,,4.998500749625188,0.9856262833675564,5,5,2,SPY_MA200_SSO_weekly_OOS,pre_tax,2023,diagnostic_fold,0.0,pre-tax; no realized tax is charged
2024-01-02,2024-12-31,627204.6733811098,0.4348456377767673,0.4366257983469577,0.2507853869250507,-0.16700477180961704,-0.05882370366917922,-0.08227185011192761,-0.08578422082304249,0.4348456377767673,1.566158524912693,2.07510756356008,2.614451034038145,0.040984823662846157,2024-07-16,2024-08-05,2024-09-19,32.0,195,0,0.0,0.0,,,,,,,,,,,,,,,0.0,0.0,,,,,,,,,,,,0.0,0.9965776865160849,0,0,0,SPY_MA200_SSO_weekly_OOS,pre_tax,2024,diagnostic_fold,0.0,pre-tax; no realized tax is charged
2025-01-02,2025-12-31,743305.8637889737,0.18510893705875975,0.18635715150729437,0.22639411270321586,-0.1959884835831892,-0.05436792998351825,-0.06263980538974612,-0.10793529366438137,0.18510893705875975,0.8696924970157903,1.0620569763726073,0.950857663165669,0.09409404182755648,2025-02-19,2025-03-13,2025-08-28,116.0,225,2,2.011893846465197,1135465.238298455,339.0,339.0,339.0,339.0,339.0,339.0,339.0,497.0,497.0,497.0,339.0,339.0,339.0,1.0,0.0,567.7326191492275,,,,,,,,,,,,1.9995002498750625,0.9938398357289527,2,2,1,SPY_MA200_SSO_weekly_OOS,pre_tax,2025,diagnostic_fold,0.0,pre-tax; no realized tax is charged
2026-01-02,2026-08-31,858211.0202923741,0.15458664071029338,0.24340084833490327,0.24277643045112293,-0.13681759186700737,-0.051964970744030614,-0.05155533597033757,-0.08061852762267696,0.15458664071029338,1.0201253266473627,1.437646132588267,1.7790171937209613,0.05116958002385095,2026-01-12,2026-03-20,2026-05-01,29.0,146,2,3.0303629305679114,1368887.421170197,211.0,211.0,211.0,211.0,211.0,211.0,211.0,308.0,308.0,308.0,211.0,211.0,211.0,1.0,0.0,684.4437105850984,,,,,,,,,,,,1.9995002498750627,0.6598220396988365,2,2,1,SPY_MA200_SSO_weekly_OOS,pre_tax,2026,diagnostic_fold,0.0,pre-tax; no realized tax is charged
2013-01-02,2013-12-31,164469.04767492946,0.6446904767492947,0.6497705337092321,0.2137293464918237,-0.11212770956796525,-0.04943693759805845,-0.04421872296057283,-0.0607884123419129,0.6446904767492947,2.437024015750788,3.3312736218870023,5.79491488957401,0.03184280478183198,2013-05-21,2013-06-24,2013-07-11,12.0,185,1,0.0,99950.02498750626,,,,,,,,,,,,,,,0.0,49.97501249375313,,,,,,,,,,,,0.0,0.9938398357289527,0,0,0,SPY_MA200_SSO_weekly_OOS,after_tax,2013,diagnostic_fold,0.0,realized tax paid to date; terminal liquidation is diagnostic
2014-01-02,2014-12-31,174534.3349363336,0.061198671748242894,0.06158945176322761,0.23708777704595696,-0.2027995537927575,-0.08875266676955895,-0.08875266676955895,-0.11765479915157362,0.061198671748242894,0.3700795728972631,0.41671018284170286,0.30369618971729284,0.07128070328406139,2014-09-18,2014-10-27,,,219,2,2.0118938464651976,329215.84674447635,453.0,453.0,453.0,453.0,453.0,453.0,453.0,656.0,656.0,656.0,453.0,453.0,453.0,1.0,14608.174706149523,164.6079233722382,,,,,,,,,,,,1.9995002498750627,0.9938398357289527,2,2,1,SPY_MA200_SSO_weekly_OOS,after_tax,2014,diagnostic_fold,14608.174706149523,realized tax paid to date; terminal liquidation is diagnostic
2015-01-02,2015-12-31,126251.88165865964,-0.27663584529248275,-0.2780863893771781,0.24618195437838525,-0.3281897229379108,-0.10514993078596158,-0.1108436885790115,-0.21333009111383372,-0.27663584529248275,-1.1898925819797816,-1.298950712979059,-0.8473342397433584,0.15607962019349664,2015-05-21,2015-12-31,,,237,6,6.035681539395591,817936.1449699632,78.66666666666667,78.66666666666667,15.0,207.0,78.66666666666667,15.0,207.0,114.33333333333333,21.0,301.0,78.66666666666667,15.0,207.0,0.0,0.0,408.96807248498163,,,,,,,,,,,,5.998500749625187,0.9938398357289527,6,6,3,SPY_MA200_SSO_weekly_OOS,after_tax,2015,diagnostic_fold,0.0,realized tax paid to date; terminal liquidation is diagnostic
2016-01-04,2016-12-30,151853.1208478455,0.20277907032231446,0.20539636834251995,0.19320276562919933,-0.11034706301118602,-0.07263848172619203,-0.047048880297304585,-0.03677617556149948,0.20277907032231446,1.0528692254731276,1.1887474469028605,1.8613668795308007,0.030563714812584106,2016-06-08,2016-06-27,2016-07-08,8.0,219,2,2.023040072761403,243604.47605068068,4.0,4.0,4.0,4.0,4.0,4.0,4.0,7.0,7.0,7.0,4.0,4.0,4.0,0.0,0.0,121.80223802534033,,,,,,,,,,,,1.9995002498750625,0.9883641341546886,2,2,1,SPY_MA200_SSO_weekly_OOS,after_tax,2016,diagnostic_fold,0.0,realized tax paid to date; terminal liquidation is diagnostic
2017-01-03,2017-12-29,219204.80743510215,0.4435317905302849,0.45128036759889567,0.13087790003881197,-0.052775084526993865,-0.03511208504895813,-0.02751002727432328,-0.00022978936887130264,0.4435317905302849,2.8833365773811637,3.8447001022995244,8.551011744340661,0.015546301879988398,2017-03-01,2017-04-13,2017-05-05,15.0,185,0,0.0,0.0,,,,,,,,,,,,,,,0.0,0.0,,,,,,,,,,,,0.0,0.9856262833675564,0,0,0,SPY_MA200_SSO_weekly_OOS,after_tax,2017,diagnostic_fold,0.0,realized tax paid to date; terminal liquidation is diagnostic
2018-01-02,2018-12-31,174878.47481955998,-0.20221423578342568,-0.2033305939656418,0.2902462969740533,-0.3257883263424225,-0.08125100361735693,-0.11848040755438605,-0.19924235619448483,-0.20221423578342568,-0.6343292155500451,-0.6747463823364952,-0.6241187222648656,0.14227487190746024,2018-09-20,2018-12-10,,,234,5,5.029986040037833,995778.4073930575,224.0,224.0,5.0,663.0,224.0,5.0,663.0,324.3333333333333,7.0,959.0,224.0,5.0,663.0,0.3333333333333333,12254.752141130359,497.88920369652874,,,,,,,,,,,,4.999000499750125,0.9938398357289527,5,5,3,SPY_MA200_SSO_weekly_OOS,after_tax,2018,diagnostic_fold,12254.752141130359,realized tax paid to date; terminal liquidation is diagnostic
2019-01-02,2019-12-31,213305.78725119785,0.2197372345069184,0.22123991387513686,0.21549403049453933,-0.16218601884152561,-0.060044777565400276,-0.06032386365185449,-0.12774816615285522,0.2197372345069184,1.0304818048742028,1.1162562211870453,1.364112119253101,0.06806449906683244,2019-04-30,2019-08-14,2019-11-15,66.0,184,3,3.0175893458229566,519064.1596342478,72.0,72.0,72.0,72.0,72.0,72.0,72.0,104.0,104.0,104.0,72.0,72.0,72.0,0.0,0.0,259.5320798171239,,,,,,,,,,,,2.999000499750125,0.9938398357289527,3,3,1,SPY_MA200_SSO_weekly_OOS,after_tax,2019,diagnostic_fold,0.0,realized tax paid to date; terminal liquidation is diagnostic
2020-01-02,2020-12-31,272412.7760510696,0.27709978975049987,0.2781729327933202,0.3259786152869645,-0.24987550020332527,-0.11569839529275194,-0.21098752427186362,-0.15461444024131166,0.27709978975049987,0.9137325599352388,0.8724537761523088,1.1132461268390426,0.1480258808568627,2020-02-19,2020-06-11,2020-08-26,53.0,225,2,2.006366665568315,360787.6380090272,183.0,183.0,183.0,183.0,183.0,183.0,183.0,266.0,266.0,266.0,183.0,183.0,183.0,1.0,0.0,180.39381900451363,,,,,,,,,,,,1.9995002498750627,0.9965776865160849,2,2,1,SPY_MA200_SSO_weekly_OOS,after_tax,2020,diagnostic_fold,0.0,realized tax paid to date; terminal liquidation is diagnostic
2021-01-04,2021-12-31,437412.8770806861,0.6056988347664123,0.6146758336471454,0.2583241208870972,-0.10207202648708069,-0.049130897829575804,-0.06661778434034793,-0.09411840507744618,0.6056988347664123,1.963815732895376,2.806766828367611,6.0219812891139695,0.029969896600105496,2021-09-02,2021-10-04,2021-10-21,13.0,178,0,0.0,0.0,,,,,,,,,,,,,,,0.0,0.0,,,,,,,,,,,,0.0,0.9883641341546886,0,0,0,SPY_MA200_SSO_weekly_OOS,after_tax,2021,diagnostic_fold,0.0,realized tax paid to date; terminal liquidation is diagnostic
2022-01-03,2022-12-30,297541.86637491226,-0.31976884548822493,-0.322847621203856,0.1928888442966822,-0.3300843957629037,-0.11291600571988059,-0.11301599046225796,-0.21814258539314813,-0.31976884548822493,-1.9046995229969832,-1.0647410015374488,-0.978075987074997,0.27818519030626954,2022-01-03,2022-12-07,,,250,7,7.080893071469804,2266496.1066963295,112.5,112.5,14.5,416.0,112.5,14.5,416.0,162.75,21.0,602.0,112.5,14.5,416.0,0.25,31555.365129861533,1133.2480533481648,,,,,,,,,,,,6.998500749625187,0.9883641341546886,7,7,4,SPY_MA200_SSO_weekly_OOS,after_tax,2022,diagnostic_fold,31555.365129861533,realized tax paid to date; terminal liquidation is diagnostic
2023-01-03,2023-12-29,344433.59431901906,0.15759707538105494,0.16007027801139007,0.24357911057673312,-0.20684064827252513,-0.040329012055453806,-0.09053748758956526,-0.09846311010754372,0.15759707538105494,0.7271564299312505,1.1132164546019843,0.7738821133478935,0.09483609713497733,2023-07-31,2023-10-27,,,220,5,5.071395552223889,1415269.6981964041,96.5,96.5,96.5,155.0,96.5,96.5,155.0,139.5,139.5,224.0,96.5,96.5,155.0,0.5,0.0,707.6348490982019,,,,,,,,,,,,4.998500749625188,0.9856262833675564,5,5,2,SPY_MA200_SSO_weekly_OOS,after_tax,2023,diagnostic_fold,0.0,realized tax paid to date; terminal liquidation is diagnostic
2024-01-02,2024-12-31,494209.04031241726,0.4348456377767673,0.4366257983469577,0.25078538692505065,-0.16700477180961704,-0.05882370366917933,-0.0822718501119275,-0.08578422082304249,0.4348456377767673,1.5661585249126921,2.075107563560078,2.614451034038145,0.04098482366284615,2024-07-16,2024-08-05,2024-09-19,32.0,195,0,0.0,0.0,,,,,,,,,,,,,,,0.0,0.0,,,,,,,,,,,,0.0,0.9965776865160849,0,0,0,SPY_MA200_SSO_weekly_OOS,after_tax,2024,diagnostic_fold,0.0,realized tax paid to date; terminal liquidation is diagnostic
2025-01-02,2025-12-31,554252.3691240645,0.1214937888908112,0.12229113129654046,0.23311784667873595,-0.23468174119104535,-0.0546032368105992,-0.06263980538974612,-0.1558201983295836,0.1214937888908112,0.6127285375015126,0.724537342157144,0.5210935059365696,0.1216495727104938,2025-02-19,2025-05-23,2025-09-22,82.0,232,2,2.011893846465197,870694.4249949337,339.0,339.0,339.0,339.0,339.0,339.0,339.0,497.0,497.0,497.0,339.0,339.0,339.0,1.0,24013.054605190056,435.3472124974668,,,,,,,,,,,,1.9995002498750625,0.9938398357289527,2,2,1,SPY_MA200_SSO_weekly_OOS,after_tax,2025,diagnostic_fold,24013.054605190056,realized tax paid to date; terminal liquidation is diagnostic
2026-01-02,2026-08-31,617764.4425550592,0.11459053126172236,0.17870777053192488,0.2405878661333181,-0.14304604938178234,-0.051964970744030614,-0.05155533597033757,-0.11246687983604586,0.11459053126172236,0.8046156299620898,1.1301229031506956,1.2493023841222157,0.059934898385671766,2026-01-12,2026-03-23,2026-05-06,31.0,148,2,3.030362930567911,1003051.984517935,211.0,211.0,211.0,211.0,211.0,211.0,211.0,308.0,308.0,308.0,211.0,211.0,211.0,1.0,17679.45397418628,501.52599225896745,,,,,,,,,,,,1.9995002498750625,0.6598220396988365,2,2,1,SPY_MA200_SSO_weekly_OOS,after_tax,2026,diagnostic_fold,17679.45397418628,realized tax paid to date; terminal liquidation is diagnostic
2013-01-02,2013-12-31,164469.04767492946,0.6446904767492947,0.6497705337092321,0.2137293464918237,-0.11212770956796525,-0.04943693759805845,-0.04421872296057283,-0.0607884123419129,0.6446904767492947,2.437024015750788,3.3312736218870023,5.79491488957401,0.03184280478183198,2013-05-21,2013-06-24,2013-07-11,12.0,185,1,0.0,99950.02498750626,,,,,,,,,,,,,,,0.0,49.97501249375313,,,,,,,,,,,,0.0,0.9938398357289527,0,0,0,SPY_MA200_SSO_monthly_OOS,pre_tax,2013,diagnostic_fold,0.0,pre-tax; no realized tax is charged
2014-01-02,2014-12-31,206463.15469373262,0.2553313685004357,0.2571020075214989,0.2258607980465289,-0.14334582773986093,-0.045826931939898397,-0.06815232576703012,-0.07234794098530262,0.2553313685004357,1.1201115267614024,1.4582223309545266,1.7935785894520682,0.037767360910438086,2014-09-18,2014-10-16,2014-10-31,11.0,199,0,0.0,0.0,,,,,,,,,,,,,,,0.0,0.0,,,,,,,,,,,,0.0,0.9938398357289527,0,0,0,SPY_MA200_SSO_monthly_OOS,pre_tax,2014,diagnostic_fold,0.0,pre-tax; no realized tax is charged
2015-01-02,2015-12-31,174406.82860314066,-0.15526414937398536,-0.15614715891343145,0.2725092180318956,-0.24536470925107,-0.08271311994456187,-0.1108436885790115,-0.12475805280743368,-0.15526414937398536,-0.482631161111657,-0.616390037803078,-0.636388009465752,0.11802397924939699,2015-05-21,2015-12-18,,,237,2,2.011893846465197,361919.13282188156,671.0,671.0,671.0,671.0,671.0,671.0,671.0,972.0,972.0,972.0,671.0,671.0,671.0,1.0,0.0,180.95956641094077,,,,,,,,,,,,1.9995002498750625,0.9938398357289527,2,2,1,SPY_MA200_SSO_monthly_OOS,pre_tax,2015,diagnostic_fold,0.0,pre-tax; no realized tax is charged
2016-01-04,2016-12-30,203784.0789786713,0.16844094127975917,0.17058428768559808,0.19173429878179898,-0.1103470630111858,-0.07263848172619203,-0.047048880297304696,-0.03677617556149959,0.16844094127975917,0.9082776842711688,1.0009423211430943,1.5458887897025957,0.031582811566718876,2016-06-08,2016-06-27,2016-07-08,8.0,224,2,2.0230400727614035,336520.00701579096,42.0,42.0,42.0,42.0,42.0,42.0,42.0,63.0,63.0,63.0,42.0,42.0,42.0,0.0,0.0,168.26000350789548,,,,,,,,,,,,1.9995002498750627,0.9883641341546886,2,2,1,SPY_MA200_SSO_monthly_OOS,pre_tax,2016,diagnostic_fold,0.0,pre-tax; no realized tax is charged
2017-01-03,2017-12-29,294168.7964096464,0.4435317905302849,0.45128036759889567,0.13087790003881197,-0.052775084526993754,-0.03511208504895813,-0.02751002727432328,-0.0002297893688711916,0.4435317905302849,2.88333657738117,3.844700102299537,8.551011744340679,0.015546301879988405,2017-03-01,2017-04-13,2017-05-05,15.0,185,0,0.0,0.0,,,,,,,,,,,,,,,0.0,0.0,,,,,,,,,,,,0.0,0.9856262833675564,0,0,0,SPY_MA200_SSO_monthly_OOS,pre_tax,2017,diagnostic_fold,0.0,pre-tax; no realized tax is charged
2018-01-02,2018-12-31,237080.68062613378,-0.19406584410133787,-0.19514291031801112,0.3223506186624542,-0.40136470544453084,-0.08125100361735682,-0.13849342863362157,-0.2042352204596165,-0.19406584410133787,-0.509824334884949,-0.5823499478287952,-0.48619848150793654,0.1272561959432448,2018-09-20,2018-12-24,,,234,2,2.0118938464651976,595856.3283819911,653.0,653.0,653.0,653.0,653.0,653.0,653.0,944.0,944.0,944.0,653.0,653.0,653.0,1.0,0.0,297.9281641909956,,,,,,,,,,,,1.9995002498750627,0.9938398357289527,2,2,1,SPY_MA200_SSO_monthly_OOS,pre_tax,2018,diagnostic_fold,0.0,pre-tax; no realized tax is charged
2019-01-02,2019-12-31,257311.66097236527,0.08533373656934495,0.0858847563560361,0.21306571465506086,-0.20846448981684995,-0.060044777565400276,-0.06032386365185449,-0.12774816615285534,0.08533373656934495,0.4915732105063348,0.5053378367813466,0.41198746333963937,0.09639298344990593,2019-04-30,2019-08-14,2019-12-19,89.0,235,4,4.023787692930394,898543.3938012648,41.5,41.5,41.5,64.0,41.5,41.5,64.0,62.0,62.0,94.0,41.5,41.5,64.0,0.0,0.0,449.27169690063243,,,,,,,,,,,,3.999000499750125,0.9938398357289527,4,4,2,SPY_MA200_SSO_monthly_OOS,pre_tax,2019,diagnostic_fold,0.0,pre-tax; no realized tax is charged
2020-01-02,2020-12-31,328612.6681281596,0.27709978975049987,0.2781729327933202,0.3259786152869644,-0.24987550020332516,-0.11569839529275183,-0.21098752427186374,-0.15461444024131155,0.27709978975049987,0.9137325599352412,0.8724537761523111,1.113246126839043,0.14802588085686263,2020-02-19,2020-06-11,2020-08-26,53.0,225,2,2.006366665568315,435219.63276633015,168.0,168.0,168.0,168.0,168.0,168.0,168.0,245.0,245.0,245.0,168.0,168.0,168.0,0.0,0.0,217.60981638316508,,,,,,,,,,,,1.9995002498750627,0.9965776865160849,2,2,1,SPY_MA200_SSO_monthly_OOS,pre_tax,2020,diagnostic_fold,0.0,pre-tax; no realized tax is charged
2021-01-04,2021-12-31,527652.9783028676,0.6056988347664123,0.6146758336471454,0.25832412088709733,-0.10207202648708069,-0.049130897829575915,-0.06661778434034793,-0.09411840507744595,0.6056988347664123,1.9638157328953858,2.8067668283676297,6.0219812891139695,0.02996989660010551,2021-09-02,2021-10-04,2021-10-21,13.0,178,0,0.0,0.0,,,,,,,,,,,,,,,0.0,0.0,,,,,,,,,,,,0.0,0.9883641341546886,0,0,0,SPY_MA200_SSO_monthly_OOS,pre_tax,2021,diagnostic_fold,0.0,pre-tax; no realized tax is charged
2022-01-03,2022-12-30,314952.61207248765,-0.403106539670268,-0.40672166831450696,0.2376634674595496,-0.4269338732414305,-0.07413718723759011,-0.11301599046225808,-0.1799436339417222,-0.403106539670268,-2.0578952856799084,-1.772501233118355,-0.9526572938018119,0.29198903977497537,2022-01-03,2022-12-28,,,250,4,4.046080145522806,1597666.2309109305,230.5,230.5,230.5,441.0,230.5,230.5,441.0,334.5,334.5,638.0,230.5,230.5,441.0,0.5,0.0,798.8331154554654,,,,,,,,,,,,3.9990004997501245,0.9883641341546886,4,4,2,SPY_MA200_SSO_monthly_OOS,pre_tax,2022,diagnostic_fold,0.0,pre-tax; no realized tax is charged
2023-01-03,2023-12-29,355682.1912535926,0.12931970594906783,0.13132439739778445,0.23365636850601762,-0.20684064827252513,-0.040329012055453584,-0.09053748758956492,-0.09846311010754372,0.12931970594906783,0.6412163695772116,0.9529788511996743,0.6349061390716422,0.09237079637700724,2023-07-31,2023-10-27,,,209,4,4.057319257038149,1288859.1970622411,105.0,105.0,105.0,189.0,105.0,105.0,189.0,153.0,153.0,273.0,105.0,105.0,189.0,0.5,0.0,644.4295985311205,,,,,,,,,,,,3.9990004997501254,0.9856262833675564,4,4,2,SPY_MA200_SSO_monthly_OOS,pre_tax,2023,diagnostic_fold,0.0,pre-tax; no realized tax is charged
2024-01-02,2024-12-31,510349.0405550992,0.4348456377767673,0.4366257983469577,0.2507853869250507,-0.16700477180961693,-0.05882370366917922,-0.08227185011192761,-0.0857842208230426,0.4348456377767673,1.5661585249126944,2.075107563560082,2.614451034038147,0.04098482366284614,2024-07-16,2024-08-05,2024-09-19,32.0,195,0,0.0,0.0,,,,,,,,,,,,,,,0.0,0.0,,,,,,,,,,,,0.0,0.9965776865160849,0,0,0,SPY_MA200_SSO_monthly_OOS,pre_tax,2024,diagnostic_fold,0.0,pre-tax; no realized tax is charged
2025-01-02,2025-12-31,597443.8977604585,0.17065743302001213,0.17180130900933288,0.2289835434573225,-0.1959884835831892,-0.05436792998351825,-0.06263980538974612,-0.11647451333043723,0.17065743302001213,0.8084708111552908,0.9832178855422883,0.8765887967922878,0.0993762341519841,2025-02-19,2025-03-13,2025-09-11,125.0,228,2,2.011893846465197,908646.7162282747,332.0,332.0,332.0,332.0,332.0,332.0,332.0,487.0,487.0,487.0,332.0,332.0,332.0,1.0,0.0,454.32335811413736,,,,,,,,,,,,1.9995002498750625,0.9938398357289527,2,2,1,SPY_MA200_SSO_monthly_OOS,pre_tax,2025,diagnostic_fold,0.0,pre-tax; no realized tax is charged
2026-01-02,2026-08-31,601413.8982391555,0.006644976195386176,0.010088093566795076,0.25045608444478373,-0.18164821838309875,-0.0519649707440305,-0.051555335970337346,-0.10372856877221293,0.006644976195386176,0.1647355931178067,0.22676562448417364,0.05553643001066566,0.07907684224307798,2026-01-12,2026-03-30,2026-08-13,94.0,160,2,3.0303629305679114,1083850.6036050632,209.0,209.0,209.0,209.0,209.0,209.0,209.0,303.0,303.0,303.0,209.0,209.0,209.0,1.0,0.0,541.9253018025315,,,,,,,,,,,,1.9995002498750627,0.6598220396988365,2,2,1,SPY_MA200_SSO_monthly_OOS,pre_tax,2026,diagnostic_fold,0.0,pre-tax; no realized tax is charged
2013-01-02,2013-12-31,164469.04767492946,0.6446904767492947,0.6497705337092321,0.2137293464918237,-0.11212770956796525,-0.04943693759805845,-0.04421872296057283,-0.0607884123419129,0.6446904767492947,2.437024015750788,3.3312736218870023,5.79491488957401,0.03184280478183198,2013-05-21,2013-06-24,2013-07-11,12.0,185,1,0.0,99950.02498750626,,,,,,,,,,,,,,,0.0,49.97501249375313,,,,,,,,,,,,0.0,0.9938398357289527,0,0,0,SPY_MA200_SSO_monthly_OOS,after_tax,2013,diagnostic_fold,0.0,realized tax paid to date; terminal liquidation is diagnostic
2014-01-02,2014-12-31,206463.15469373262,0.2553313685004357,0.2571020075214989,0.2258607980465289,-0.14334582773986093,-0.045826931939898397,-0.06815232576703012,-0.07234794098530262,0.2553313685004357,1.1201115267614024,1.4582223309545266,1.7935785894520682,0.037767360910438086,2014-09-18,2014-10-16,2014-10-31,11.0,199,0,0.0,0.0,,,,,,,,,,,,,,,0.0,0.0,,,,,,,,,,,,0.0,0.9938398357289527,0,0,0,SPY_MA200_SSO_monthly_OOS,after_tax,2014,diagnostic_fold,0.0,realized tax paid to date; terminal liquidation is diagnostic
2015-01-02,2015-12-31,158555.4585731501,-0.23203993076463825,-0.2332956484358616,0.2998791158628542,-0.3139514918166202,-0.1341042644772038,-0.1475727055288083,-0.1341042644772038,-0.23203993076463825,-0.7272537415688999,-0.7911264300773024,-0.7430945688008711,0.1588439033872871,2015-05-21,2015-12-18,,,237,2,2.0118938464651976,345480.425449669,671.0,671.0,671.0,671.0,671.0,671.0,671.0,972.0,972.0,972.0,671.0,671.0,671.0,1.0,16446.926725898633,172.74021272483452,,,,,,,,,,,,1.9995002498750627,0.9938398357289527,2,2,1,SPY_MA200_SSO_monthly_OOS,after_tax,2015,diagnostic_fold,16446.926725898633,realized tax paid to date; terminal liquidation is diagnostic
2016-01-04,2016-12-30,185262.68926025537,0.16844094127975917,0.17058428768559808,0.19173429878179887,-0.1103470630111858,-0.07263848172619192,-0.047048880297304696,-0.03677617556149937,0.16844094127975917,0.9082776842711676,1.0009423211430932,1.5458887897025957,0.03158281156671887,2016-06-08,2016-06-27,2016-07-08,8.0,224,2,2.0230400727614035,305934.6039302247,42.0,42.0,42.0,42.0,42.0,42.0,42.0,63.0,63.0,63.0,42.0,42.0,42.0,0.0,0.0,152.96730196511237,,,,,,,,,,,,1.9995002498750627,0.9883641341546886,2,2,1,SPY_MA200_SSO_monthly_OOS,after_tax,2016,diagnostic_fold,0.0,realized tax paid to date; terminal liquidation is diagnostic
2017-01-03,2017-12-29,267432.5815463122,0.4435317905302847,0.45128036759889545,0.1308779000388118,-0.052775084526993754,-0.03511208504895802,-0.02751002727432328,-0.00022978936887130264,0.4435317905302847,2.8833365773811717,3.844700102299538,8.551011744340675,0.015546301879988386,2017-03-01,2017-04-13,2017-05-05,15.0,185,0,0.0,0.0,,,,,,,,,,,,,,,0.0,0.0,,,,,,,,,,,,0.0,0.9856262833675564,0,0,0,SPY_MA200_SSO_monthly_OOS,after_tax,2017,diagnostic_fold,0.0,realized tax paid to date; terminal liquidation is diagnostic
2018-01-02,2018-12-31,198342.55505594722,-0.25834558411275865,-0.25971823579237696,0.3304424062945813,-0.449110691656988,-0.08125100361735682,-0.13849342863362146,-0.20423522045961662,-0.25834558411275865,-0.741292942503103,-0.8327961250112954,-0.5782944842264831,0.14449796930900663,2018-09-20,2018-12-24,,,234,2,2.011893846465197,520108.8516166897,653.0,653.0,653.0,653.0,653.0,653.0,653.0,944.0,944.0,944.0,653.0,653.0,653.0,1.0,21602.485124195708,260.0544258083449,,,,,,,,,,,,1.9995002498750625,0.9938398357289527,2,2,1,SPY_MA200_SSO_monthly_OOS,after_tax,2018,diagnostic_fold,21602.485124195708,realized tax paid to date; terminal liquidation is diagnostic
2019-01-02,2019-12-31,215267.86639958216,0.08533373656934473,0.08588475635603587,0.21306571465506102,-0.20846448981685006,-0.060044777565400276,-0.06032386365185438,-0.12774816615285522,0.08533373656934473,0.49157321050633535,0.5053378367813471,0.4119874633396381,0.09639298344990599,2019-04-30,2019-08-14,2019-12-19,89.0,235,4,4.023787692930394,751724.6537529115,41.5,41.5,41.5,64.0,41.5,41.5,64.0,62.0,62.0,94.0,41.5,41.5,64.0,0.0,0.0,375.86232687645577,,,,,,,,,,,,3.9990004997501245,0.9938398357289527,4,4,2,SPY_MA200_SSO_monthly_OOS,after_tax,2019,diagnostic_fold,0.0,realized tax paid to date; terminal liquidation is diagnostic
2020-01-02,2020-12-31,274918.54691894504,0.27709978975049965,0.27817293279332,0.3259786152869644,-0.24987550020332538,-0.11569839529275183,-0.21098752427186374,-0.15461444024131155,0.27709978975049965,0.9137325599352369,0.8724537761523071,1.113246126839041,0.14802588085686277,2020-02-19,2020-06-11,2020-08-26,53.0,225,2,2.0063666655683146,364106.3191880742,168.0,168.0,168.0,168.0,168.0,168.0,168.0,245.0,245.0,245.0,168.0,168.0,168.0,0.0,0.0,182.05315959403708,,,,,,,,,,,,1.9995002498750625,0.9965776865160849,2,2,1,SPY_MA200_SSO_monthly_OOS,after_tax,2020,diagnostic_fold,0.0,realized tax paid to date; terminal liquidation is diagnostic
2021-01-04,2021-12-31,441436.3904434253,0.6056988347664123,0.6146758336471454,0.2583241208870972,-0.10207202648708069,-0.049130897829575915,-0.06661778434034782,-0.09411840507744607,0.6056988347664123,1.9638157328953816,2.806766828367619,6.0219812891139695,0.0299698966001055,2021-09-02,2021-10-04,2021-10-21,13.0,178,0,0.0,0.0,,,,,,,,,,,,,,,0.0,0.0,,,,,,,,,,,,0.0,0.9883641341546886,0,0,0,SPY_MA200_SSO_monthly_OOS,after_tax,2021,diagnostic_fold,0.0,realized tax paid to date; terminal liquidation is diagnostic
2022-01-03,2022-12-30,246288.9587308626,-0.44207373007136097,-0.44589343378367496,0.2477231104636219,-0.4643455360555654,-0.07413718723759022,-0.11301599046225808,-0.1799436339417222,-0.44207373007136097,-2.237053419694691,-1.87470092251716,-0.960262130592158,0.3317955473143742,2022-01-03,2022-12-28,,,250,4,4.046080145522806,1273343.5650490054,230.5,230.5,230.5,441.0,230.5,230.5,441.0,334.5,334.5,638.0,230.5,230.5,441.0,0.5,23976.78734250764,636.6717825245028,,,,,,,,,,,,3.999000499750125,0.9883641341546886,4,4,2,SPY_MA200_SSO_monthly_OOS,after_tax,2022,diagnostic_fold,23976.78734250764,realized tax paid to date; terminal liquidation is diagnostic
2023-01-03,2023-12-29,278138.9744524398,0.1293197059490676,0.13132439739778423,0.23365636850601765,-0.20684064827252513,-0.040329012055453806,-0.09053748758956504,-0.0984631101075436,0.1293197059490676,0.6412163695772091,0.952978851199671,0.6349061390716411,0.09237079637700724,2023-07-31,2023-10-27,,,209,4,4.057319257038148,1007871.5890189116,105.0,105.0,105.0,189.0,105.0,105.0,189.0,153.0,153.0,273.0,105.0,105.0,189.0,0.5,0.0,503.9357945094558,,,,,,,,,,,,3.999000499750125,0.9856262833675564,4,4,2,SPY_MA200_SSO_monthly_OOS,after_tax,2023,diagnostic_fold,0.0,realized tax paid to date; terminal liquidation is diagnostic
2024-01-02,2024-12-31,399086.494188787,0.4348456377767673,0.4366257983469577,0.25078538692505054,-0.16700477180961704,-0.05882370366917922,-0.08227185011192739,-0.0857842208230426,0.4348456377767673,1.5661585249126928,2.075107563560078,2.614451034038145,0.04098482366284616,2024-07-16,2024-08-05,2024-09-19,32.0,195,0,0.0,0.0,,,,,,,,,,,,,,,0.0,0.0,,,,,,,,,,,,0.0,0.9965776865160849,0,0,0,SPY_MA200_SSO_monthly_OOS,after_tax,2024,diagnostic_fold,0.0,realized tax paid to date; terminal liquidation is diagnostic
2025-01-02,2025-12-31,463993.41107801517,0.16263872076443686,0.16372518199874353,0.22931824271137616,-0.19598848358318932,-0.05436792998351814,-0.06263980538974612,-0.11647451333043723,0.16263872076443686,0.7773931547746243,0.9478997691765233,0.8353816459284389,0.1023706405799522,2025-02-19,2025-03-13,2025-09-11,125.0,228,2,2.0118938464651976,708117.9089730198,332.0,332.0,332.0,332.0,332.0,332.0,332.0,487.0,487.0,487.0,332.0,332.0,332.0,1.0,2433.545595729727,354.05895448650995,,,,,,,,,,,,1.9995002498750627,0.9938398357289527,2,2,1,SPY_MA200_SSO_monthly_OOS,after_tax,2025,diagnostic_fold,2433.545595729727,realized tax paid to date; terminal liquidation is diagnostic
2026-01-02,2026-08-31,451738.26360570843,-0.026412330821323216,-0.03975575891630878,0.25170230543170274,-0.18164821838309886,-0.0519649707440305,-0.05155533597033746,-0.10372856877221304,-0.026412330821323216,-0.036215809945526305,-0.050165027607497664,-0.21886126530821942,0.09859540935355258,2026-01-12,2026-03-30,,,161,2,3.030362930567911,827937.6307874627,209.0,209.0,209.0,209.0,209.0,209.0,209.0,303.0,303.0,303.0,209.0,209.0,209.0,1.0,13821.180671730848,413.96881539373135,,,,,,,,,,,,1.9995002498750625,0.6598220396988365,2,2,1,SPY_MA200_SSO_monthly_OOS,after_tax,2026,diagnostic_fold,13821.180671730848,realized tax paid to date; terminal liquidation is diagnostic
2013-01-02,2013-12-31,164469.04767492946,0.6446904767492947,0.6497705337092321,0.2137293464918237,-0.11212770956796525,-0.04943693759805845,-0.04421872296057283,-0.0607884123419129,0.6446904767492947,2.437024015750788,3.3312736218870023,5.79491488957401,0.03184280478183198,2013-05-21,2013-06-24,2013-07-11,12.0,185,1,0.0,99950.02498750626,,,,,,,,,,,,,,,0.0,49.97501249375313,,,,,,,,,,,,0.0,0.9938398357289527,0,0,0,SPY_MA200_SSO_bimonthly_OOS,pre_tax,2013,diagnostic_fold,0.0,pre-tax; no realized tax is charged
2014-01-02,2014-12-31,206463.15469373262,0.2553313685004357,0.2571020075214989,0.2258607980465289,-0.14334582773986093,-0.045826931939898397,-0.06815232576703012,-0.07234794098530262,0.2553313685004357,1.1201115267614024,1.4582223309545266,1.7935785894520682,0.037767360910438086,2014-09-18,2014-10-16,2014-10-31,11.0,199,0,0.0,0.0,,,,,,,,,,,,,,,0.0,0.0,,,,,,,,,,,,0.0,0.9938398357289527,0,0,0,SPY_MA200_SSO_bimonthly_OOS,pre_tax,2014,diagnostic_fold,0.0,pre-tax; no realized tax is charged
2015-01-02,2015-12-31,174406.82860314066,-0.15526414937398536,-0.15614715891343145,0.2725092180318956,-0.24536470925107,-0.08271311994456187,-0.1108436885790115,-0.12475805280743368,-0.15526414937398536,-0.482631161111657,-0.616390037803078,-0.636388009465752,0.11802397924939699,2015-05-21,2015-12-18,,,237,2,2.011893846465197,361919.13282188156,671.0,671.0,671.0,671.0,671.0,671.0,671.0,972.0,972.0,972.0,671.0,671.0,671.0,1.0,0.0,180.95956641094077,,,,,,,,,,,,1.9995002498750625,0.9938398357289527,2,2,1,SPY_MA200_SSO_bimonthly_OOS,pre_tax,2015,diagnostic_fold,0.0,pre-tax; no realized tax is charged
2016-01-04,2016-12-30,199110.2854760772,0.14164271588900212,0.1434245295237071,0.18141061087705454,-0.11034706301118591,-0.07263848172619203,-0.047048880297304585,-0.03677617556149948,0.14164271588900212,0.8214278678594342,0.8304257273843162,1.299758467601155,0.03312019018553898,2016-06-08,2016-06-27,2016-07-08,8.0,228,2,2.0230400727614035,336520.00701579096,42.0,42.0,42.0,42.0,42.0,42.0,42.0,63.0,63.0,63.0,42.0,42.0,42.0,0.0,0.0,168.26000350789548,,,,,,,,,,,,1.9995002498750627,0.9883641341546886,2,2,1,SPY_MA200_SSO_bimonthly_OOS,pre_tax,2016,diagnostic_fold,0.0,pre-tax; no realized tax is charged
2017-01-03,2017-12-29,287422.0269062779,0.4435317905302849,0.45128036759889567,0.13087790003881178,-0.052775084526993754,-0.03511208504895802,-0.027510027274323168,-0.00022978936887141366,0.4435317905302849,2.883336577381172,3.8447001022995404,8.551011744340679,0.015546301879988412,2017-03-01,2017-04-13,2017-05-05,15.0,185,0,0.0,0.0,,,,,,,,,,,,,,,0.0,0.0,,,,,,,,,,,,0.0,0.9856262833675564,0,0,0,SPY_MA200_SSO_bimonthly_OOS,pre_tax,2017,diagnostic_fold,0.0,pre-tax; no realized tax is charged
2018-01-02,2018-12-31,291095.10070951586,0.01277937478478508,0.012859092913929615,0.2765289137117479,-0.19764548446207886,-0.08125100361735693,-0.11612945575938938,-0.14013484706204749,0.01277937478478508,0.1857179928143056,0.19543964697013394,0.06506140501477947,0.10698915173419894,2018-01-26,2018-04-02,2018-08-27,103.0,234,1,1.006198347107438,291240.7210700509,632.0,632.0,632.0,632.0,632.0,632.0,632.0,913.0,913.0,913.0,632.0,632.0,632.0,1.0,0.0,145.62036053502544,,,,,,,,,,,,1.0,0.9938398357289527,1,1,1,SPY_MA200_SSO_bimonthly_OOS,pre_tax,2018,diagnostic_fold,0.0,pre-tax; no realized tax is charged
2019-01-02,2019-12-31,381701.89767326094,0.3112618410371726,0.3134662046291494,0.2204056067091916,-0.1326343909901917,-0.060044777565400165,-0.06032386365185449,-0.12774816615285534,0.3112618410371726,1.340842701932875,1.464583413596099,2.3633855615345665,0.040670650003039446,2019-04-30,2019-06-03,2019-06-20,13.0,163,1,1.0056954993577594,290949.6258965676,,,,,,,,,,,,,,,0.0,145.4748129482838,,,,,,,,,,,,0.9995002498750626,0.9938398357289527,1,1,0,SPY_MA200_SSO_bimonthly_OOS,pre_tax,2019,diagnostic_fold,0.0,pre-tax; no realized tax is charged
2020-01-02,2020-12-31,468691.2433078939,0.22789864594568088,0.22876465469380136,0.2800250486091359,-0.23388848867119572,-0.09014975194807873,-0.21098752427186362,-0.15461444024131155,0.22789864594568088,0.8722614079764159,0.8236166524814779,0.9780928338692311,0.1560252716396712,2020-02-19,2020-02-28,2020-09-02,130.0,229,2,2.0063666655683146,645614.5792374692,252.0,252.0,252.0,252.0,252.0,252.0,252.0,367.0,367.0,367.0,252.0,252.0,252.0,1.0,0.0,322.80728961873467,,,,,,,,,,,,1.9995002498750625,0.9965776865160849,2,2,1,SPY_MA200_SSO_bimonthly_OOS,pre_tax,2020,diagnostic_fold,0.0,pre-tax; no realized tax is charged
2021-01-04,2021-12-31,752576.9832447063,0.6056988347664123,0.6146758336471454,0.2583241208870973,-0.10207202648708069,-0.049130897829575915,-0.06661778434034782,-0.09411840507744607,0.6056988347664123,1.9638157328953907,2.8067668283676346,6.0219812891139695,0.02996989660010551,2021-09-02,2021-10-04,2021-10-21,13.0,178,0,0.0,0.0,,,,,,,,,,,,,,,0.0,0.0,,,,,,,,,,,,0.0,0.9883641341546886,0,0,0,SPY_MA200_SSO_bimonthly_OOS,pre_tax,2021,diagnostic_fold,0.0,pre-tax; no realized tax is charged
2022-01-03,2022-12-30,626140.1000530795,-0.16800524864114108,-0.16980487668053823,0.16036463848570467,-0.22592837332536986,-0.04703453238377997,-0.11301599046225796,-0.10596437025846739,-0.16800524864114108,-1.0707938533888612,-0.7039421991919969,-0.7515872140414803,0.1713122527515506,2022-01-03,2022-02-23,,,250,1,1.0117728531855956,626453.3267164378,419.0,419.0,419.0,419.0,419.0,419.0,419.0,608.0,608.0,608.0,419.0,419.0,419.0,1.0,0.0,313.2266633582189,,,,,,,,,,,,1.0,0.9883641341546886,1,1,1,SPY_MA200_SSO_bimonthly_OOS,pre_tax,2022,diagnostic_fold,0.0,pre-tax; no realized tax is charged
2023-01-03,2023-12-29,679564.5462255236,0.08532347020725095,0.08662018037290364,0.2090358394307743,-0.20684064827252513,-0.03737925041846357,-0.09053748758956504,-0.0984631101075436,0.08532347020725095,0.4989711115797923,0.6846224457763507,0.4187773587847989,0.09105466260061076,2023-07-31,2023-10-27,,,180,2,2.0286596285190743,1305731.6849346105,170.0,170.0,170.0,170.0,170.0,170.0,170.0,245.0,245.0,245.0,170.0,170.0,170.0,1.0,0.0,652.8658424673054,,,,,,,,,,,,1.9995002498750627,0.9856262833675564,2,2,1,SPY_MA200_SSO_bimonthly_OOS,pre_tax,2023,diagnostic_fold,0.0,pre-tax; no realized tax is charged
2024-01-02,2024-12-31,988251.7873338914,0.45424271001613636,0.4561140796226366,0.25042471792125437,-0.16700477180961704,-0.05882370366917922,-0.0822718501119275,-0.0857842208230426,0.45424271001613636,1.6217579544865,2.1354481049868,2.731143994751239,0.040885614409552844,2024-07-16,2024-08-05,2024-09-19,32.0,193,1,1.0029325996342489,679224.9337586443,,,,,,,,,,,,,,,0.0,339.61246687932214,,,,,,,,,,,,0.9995002498750625,0.9965776865160849,1,1,0,SPY_MA200_SSO_bimonthly_OOS,pre_tax,2024,diagnostic_fold,0.0,pre-tax; no realized tax is charged
2025-01-02,2025-12-31,1036989.669481293,0.0493172719463395,0.04963042107652105,0.3553601847023689,-0.35213506789904747,-0.1196593324301245,-0.17885098296442437,-0.11647451333043723,0.0493172719463395,0.311442194345984,0.3543126430611123,0.14094143299226716,0.13765244401107135,2025-02-19,2025-04-08,,,242,2,2.011893846465197,1735134.3716412603,333.0,333.0,333.0,333.0,333.0,333.0,333.0,485.0,485.0,485.0,333.0,333.0,333.0,1.0,0.0,867.5671858206301,,,,,,,,,,,,1.9995002498750625,0.9938398357289527,2,2,1,SPY_MA200_SSO_bimonthly_OOS,pre_tax,2025,diagnostic_fold,0.0,pre-tax; no realized tax is charged
2026-01-02,2026-08-31,1263671.761393514,0.21859628748819504,0.34935359223718954,0.2674133668876179,-0.18164821838309897,-0.051964970744030725,-0.05155533597033746,-0.10372856877221304,0.21859628748819504,1.2558087207335853,1.8840952987465611,1.923242602360114,0.05194885908835476,2026-01-12,2026-03-30,2026-04-16,12.0,140,0,0.0,0.0,,,,,,,,,,,,,,,0.0,0.0,,,,,,,,,,,,0.0,0.6598220396988365,0,0,0,SPY_MA200_SSO_bimonthly_OOS,pre_tax,2026,diagnostic_fold,0.0,pre-tax; no realized tax is charged
2013-01-02,2013-12-31,164469.04767492946,0.6446904767492947,0.6497705337092321,0.2137293464918237,-0.11212770956796525,-0.04943693759805845,-0.04421872296057283,-0.0607884123419129,0.6446904767492947,2.437024015750788,3.3312736218870023,5.79491488957401,0.03184280478183198,2013-05-21,2013-06-24,2013-07-11,12.0,185,1,0.0,99950.02498750626,,,,,,,,,,,,,,,0.0,49.97501249375313,,,,,,,,,,,,0.0,0.9938398357289527,0,0,0,SPY_MA200_SSO_bimonthly_OOS,after_tax,2013,diagnostic_fold,0.0,realized tax paid to date; terminal liquidation is diagnostic
2014-01-02,2014-12-31,206463.15469373262,0.2553313685004357,0.2571020075214989,0.2258607980465289,-0.14334582773986093,-0.045826931939898397,-0.06815232576703012,-0.07234794098530262,0.2553313685004357,1.1201115267614024,1.4582223309545266,1.7935785894520682,0.037767360910438086,2014-09-18,2014-10-16,2014-10-31,11.0,199,0,0.0,0.0,,,,,,,,,,,,,,,0.0,0.0,,,,,,,,,,,,0.0,0.9938398357289527,0,0,0,SPY_MA200_SSO_bimonthly_OOS,after_tax,2014,diagnostic_fold,0.0,realized tax paid to date; terminal liquidation is diagnostic
2015-01-02,2015-12-31,158555.4585731501,-0.23203993076463825,-0.2332956484358616,0.2998791158628542,-0.3139514918166202,-0.1341042644772038,-0.1475727055288083,-0.1341042644772038,-0.23203993076463825,-0.7272537415688999,-0.7911264300773024,-0.7430945688008711,0.1588439033872871,2015-05-21,2015-12-18,,,237,2,2.0118938464651976,345480.425449669,671.0,671.0,671.0,671.0,671.0,671.0,671.0,972.0,972.0,972.0,671.0,671.0,671.0,1.0,16446.926725898633,172.74021272483452,,,,,,,,,,,,1.9995002498750627,0.9938398357289527,2,2,1,SPY_MA200_SSO_bimonthly_OOS,after_tax,2015,diagnostic_fold,16446.926725898633,realized tax paid to date; terminal liquidation is diagnostic
2016-01-04,2016-12-30,181013.68434447725,0.14164271588900212,0.1434245295237071,0.18141061087705454,-0.11034706301118591,-0.07263848172619203,-0.047048880297304474,-0.03677617556149937,0.14164271588900212,0.8214278678594348,0.8304257273843182,1.299758467601155,0.03312019018553896,2016-06-08,2016-06-27,2016-07-08,8.0,228,2,2.0230400727614035,305934.6039302247,42.0,42.0,42.0,42.0,42.0,42.0,42.0,63.0,63.0,63.0,42.0,42.0,42.0,0.0,0.0,152.96730196511237,,,,,,,,,,,,1.9995002498750627,0.9883641341546886,2,2,1,SPY_MA200_SSO_bimonthly_OOS,after_tax,2016,diagnostic_fold,0.0,realized tax paid to date; terminal liquidation is diagnostic
2017-01-03,2017-12-29,261299.00787226704,0.4435317905302849,0.45128036759889567,0.1308779000388119,-0.052775084526993754,-0.03511208504895813,-0.02751002727432328,-0.00022978936887130264,0.4435317905302849,2.883336577381168,3.8447001022995293,8.551011744340679,0.015546301879988412,2017-03-01,2017-04-13,2017-05-05,15.0,185,0,0.0,0.0,,,,,,,,,,,,,,,0.0,0.0,,,,,,,,,,,,0.0,0.9856262833675564,0,0,0,SPY_MA200_SSO_bimonthly_OOS,after_tax,2017,diagnostic_fold,0.0,realized tax paid to date; terminal liquidation is diagnostic
2018-01-02,2018-12-31,244297.71974699182,-0.06506449551307181,-0.06545429237063627,0.28542193324485343,-0.20988257811165412,-0.08125100361735682,-0.11612945575938938,-0.14013484706204749,-0.06506449551307181,-0.09224443451181624,-0.09513721171758244,-0.31186148445258594,0.12311677564915624,2018-09-20,2018-11-01,,,234,1,1.006198347107438,264770.6311403295,632.0,632.0,632.0,632.0,632.0,632.0,632.0,913.0,913.0,913.0,632.0,632.0,632.0,1.0,20340.526077767536,132.38531557016478,,,,,,,,,,,,1.0,0.9938398357289527,1,1,1,SPY_MA200_SSO_bimonthly_OOS,after_tax,2018,diagnostic_fold,20340.526077767536,realized tax paid to date; terminal liquidation is diagnostic
2019-01-02,2019-12-31,320338.2777566238,0.311261841037173,0.31346620462914987,0.22040560670919157,-0.1326343909901917,-0.06004477756540039,-0.06032386365185438,-0.12774816615285534,0.311261841037173,1.3408427019328668,1.4645834135960856,2.3633855615345696,0.04067065000303946,2019-04-30,2019-06-03,2019-06-20,13.0,163,1,1.0056954993577594,244175.63193102632,,,,,,,,,,,,,,,0.0,122.08781596551316,,,,,,,,,,,,0.9995002498750626,0.9938398357289527,1,1,0,SPY_MA200_SSO_bimonthly_OOS,after_tax,2019,diagnostic_fold,0.0,realized tax paid to date; terminal liquidation is diagnostic
2020-01-02,2020-12-31,385492.92997174774,0.20339327747970537,0.2041586396036028,0.28046734514352223,-0.24559311928137306,-0.09014975194807895,-0.21098752427186374,-0.15461444024131155,0.20339327747970537,0.7996719114660559,0.7615253416340985,0.8312881085634192,0.1661518092989154,2020-02-19,2020-03-02,2020-09-02,129.0,229,2,2.0063666655683146,536419.5854875416,252.0,252.0,252.0,252.0,252.0,252.0,252.0,367.0,367.0,367.0,252.0,252.0,252.0,1.0,5406.627618878152,268.2097927437708,,,,,,,,,,,,1.9995002498750625,0.9965776865160849,2,2,1,SPY_MA200_SSO_bimonthly_OOS,after_tax,2020,diagnostic_fold,5406.627618878152,realized tax paid to date; terminal liquidation is diagnostic
2021-01-04,2021-12-31,618985.5484663255,0.6056988347664123,0.6146758336471454,0.25832412088709733,-0.1020720264870808,-0.049130897829575804,-0.06661778434034793,-0.09411840507744595,0.6056988347664123,1.9638157328953856,2.8067668283676306,6.021981289113962,0.02996989660010552,2021-09-02,2021-10-04,2021-10-21,13.0,178,0,0.0,0.0,,,,,,,,,,,,,,,0.0,0.0,,,,,,,,,,,,0.0,0.9883641341546886,0,0,0,SPY_MA200_SSO_bimonthly_OOS,after_tax,2021,diagnostic_fold,0.0,realized tax paid to date; terminal liquidation is diagnostic
2022-01-03,2022-12-30,464309.30788588186,-0.24988667500184525,-0.2524215608673416,0.1911905242505181,-0.2586490504819269,-0.10474494630167952,-0.11301599046225796,-0.1059643702584675,-0.24988667500184525,-1.4113237426871337,-0.7470075446531845,-0.9759230138174412,0.2432578980407056,2022-01-03,2022-03-01,,,250,1,1.0117728531855956,515250.35266730114,419.0,419.0,419.0,419.0,419.0,419.0,419.0,608.0,608.0,608.0,419.0,419.0,419.0,1.0,50683.4196050856,257.6251763336506,,,,,,,,,,,,1.0,0.9883641341546886,1,1,1,SPY_MA200_SSO_bimonthly_OOS,after_tax,2022,diagnostic_fold,50683.4196050856,realized tax paid to date; terminal liquidation is diagnostic
2023-01-03,2023-12-29,495877.70108815725,0.06799000723464776,0.06901498751612123,0.20940469208502271,-0.20684064827252513,-0.03737925041846357,-0.09053748758956515,-0.09846311010754372,0.06799000723464776,0.42093476249429307,0.5822544996935544,0.3336625952998841,0.09526648502509423,2023-07-31,2023-10-27,,,180,2,2.028659628519074,968255.1474746,170.0,170.0,170.0,170.0,170.0,170.0,170.0,245.0,245.0,245.0,170.0,170.0,170.0,1.0,8048.088196074833,484.12757373730005,,,,,,,,,,,,1.9995002498750625,0.9856262833675564,2,2,1,SPY_MA200_SSO_bimonthly_OOS,after_tax,2023,diagnostic_fold,8048.088196074833,realized tax paid to date; terminal liquidation is diagnostic
2024-01-02,2024-12-31,721126.5318670134,0.45424271001613636,0.4561140796226366,0.25042471792125454,-0.16700477180961704,-0.05882370366917933,-0.0822718501119275,-0.08578422082304249,0.45424271001613636,1.6217579544864968,2.1354481049867986,2.731143994751239,0.04088561440955283,2024-07-16,2024-08-05,2024-09-19,32.0,193,1,1.0029325996342489,495629.88614508475,,,,,,,,,,,,,,,0.0,247.81494307254238,,,,,,,,,,,,0.9995002498750626,0.9965776865160849,1,1,0,SPY_MA200_SSO_bimonthly_OOS,after_tax,2024,diagnostic_fold,0.0,realized tax paid to date; terminal liquidation is diagnostic
2025-01-02,2025-12-31,723378.9200125001,0.0031234298641809044,0.003142820357583842,0.3555577615564579,-0.35213506789904736,-0.11965933243012461,-0.17885098296442425,-0.11647451333043735,0.0031234298641809044,0.18380884780903725,0.21022053049919737,0.008925042246814363,0.16026006673023013,2025-02-19,2025-04-08,,,242,2,2.0118938464651976,1238270.9019907915,333.0,333.0,333.0,333.0,333.0,333.0,333.0,485.0,485.0,485.0,333.0,333.0,333.0,1.0,27869.17666305368,619.1354509953958,,,,,,,,,,,,1.9995002498750627,0.9938398357289527,2,2,1,SPY_MA200_SSO_bimonthly_OOS,after_tax,2025,diagnostic_fold,27869.17666305368,realized tax paid to date; terminal liquidation is diagnostic
2026-01-02,2026-08-31,881506.8663744527,0.21859628748819504,0.34935359223718954,0.2674133668876179,-0.18164821838309886,-0.051964970744030614,-0.05155533597033757,-0.10372856877221293,0.21859628748819504,1.2558087207335846,1.8840952987465567,1.923242602360115,0.05194885908835472,2026-01-12,2026-03-30,2026-04-16,12.0,140,0,0.0,0.0,,,,,,,,,,,,,,,0.0,0.0,,,,,,,,,,,,0.0,0.6598220396988365,0,0,0,SPY_MA200_SSO_bimonthly_OOS,after_tax,2026,diagnostic_fold,0.0,realized tax paid to date; terminal liquidation is diagnostic
2013-01-02,2013-12-31,164469.04767492946,0.6446904767492947,0.6497705337092321,0.2137293464918237,-0.11212770956796525,-0.04943693759805845,-0.04421872296057283,-0.0607884123419129,0.6446904767492947,2.437024015750788,3.3312736218870023,5.79491488957401,0.03184280478183198,2013-05-21,2013-06-24,2013-07-11,12.0,185,1,0.0,99950.02498750626,,,,,,,,,,,,,,,0.0,49.97501249375313,,,,,,,,,,,,0.0,0.9938398357289527,0,0,0,SPY_MA200_SSO_quarterly_OOS,pre_tax,2013,diagnostic_fold,0.0,pre-tax; no realized tax is charged
2014-01-02,2014-12-31,206463.15469373262,0.2553313685004357,0.2571020075214989,0.2258607980465289,-0.14334582773986093,-0.045826931939898397,-0.06815232576703012,-0.07234794098530262,0.2553313685004357,1.1201115267614024,1.4582223309545266,1.7935785894520682,0.037767360910438086,2014-09-18,2014-10-16,2014-10-31,11.0,199,0,0.0,0.0,,,,,,,,,,,,,,,0.0,0.0,,,,,,,,,,,,0.0,0.9938398357289527,0,0,0,SPY_MA200_SSO_quarterly_OOS,pre_tax,2014,diagnostic_fold,0.0,pre-tax; no realized tax is charged
2015-01-02,2015-12-31,180314.28807284575,-0.12665149217387528,-0.1273842592338501,0.2702445069940535,-0.23146781745108913,-0.08271311994456187,-0.1108436885790115,-0.12475805280743368,-0.12665149217387528,-0.3656583209891894,-0.4284413637215711,-0.5503324852525874,0.1140165958729846,2015-05-21,2015-08-25,,,237,1,1.006198347107438,180404.49031800477,692.0,692.0,692.0,692.0,692.0,692.0,692.0,1002.0,1002.0,1002.0,692.0,692.0,692.0,1.0,0.0,90.20224515900239,,,,,,,,,,,,1.0,0.9938398357289527,1,1,1,SPY_MA200_SSO_quarterly_OOS,pre_tax,2015,diagnostic_fold,0.0,pre-tax; no realized tax is charged
2016-01-04,2016-12-30,218383.39202336353,0.21112638580886123,0.21386067848464663,0.18831109431560794,-0.11034706301118591,-0.07263848172619203,-0.047048880297304585,-0.03677617556149948,0.21112638580886123,1.111949370809699,1.2366138614172224,1.9380731362371422,0.02610117433457859,2016-06-08,2016-06-27,2016-07-08,8.0,160,1,1.0112672195758077,180224.17598485333,,,,,,,,,,,,,,,0.0,90.11208799242667,,,,,,,,,,,,0.9995002498750625,0.9883641341546886,1,1,0,SPY_MA200_SSO_quarterly_OOS,pre_tax,2016,diagnostic_fold,0.0,pre-tax; no realized tax is charged
2017-01-03,2017-12-29,315243.3689095631,0.4435317905302849,0.45128036759889567,0.13087790003881175,-0.052775084526993754,-0.03511208504895802,-0.02751002727432339,-0.00022978936887130264,0.4435317905302849,2.8833365773811694,3.844700102299527,8.551011744340679,0.015546301879988384,2017-03-01,2017-04-13,2017-05-05,15.0,185,0,0.0,0.0,,,,,,,,,,,,,,,0.0,0.0,,,,,,,,,,,,0.0,0.9856262833675564,0,0,0,SPY_MA200_SSO_quarterly_OOS,pre_tax,2017,diagnostic_fold,0.0,pre-tax; no realized tax is charged
2018-01-02,2018-12-31,269218.6267325888,-0.1459974950025923,-0.14683249763371975,0.3400516217893345,-0.3656602870240998,-0.08125100361735704,-0.13849342863362157,-0.17701683759752218,-0.1459974950025923,-0.29523383657821745,-0.3610972967996853,-0.40155440129609254,0.12073636566300464,2018-09-20,2018-12-24,,,234,0,0.0,0.0,,,,,,,,,,,,,,,0.0,0.0,,,,,,,,,,,,0.0,0.9938398357289527,0,0,0,SPY_MA200_SSO_quarterly_OOS,pre_tax,2018,diagnostic_fold,0.0,pre-tax; no realized tax is charged
2019-01-02,2019-12-31,330103.4427542212,0.2261538020625462,0.2277043127666436,0.2119135936050079,-0.1326343909901918,-0.060044777565400165,-0.0603238636518546,-0.12774816615285534,0.2261538020625462,1.0689706195898097,1.0913463919318396,1.7167818321228778,0.043233806913868425,2019-04-30,2019-06-03,2019-06-20,13.0,215,2,2.011893846465197,521180.0483372231,693.0,693.0,693.0,693.0,693.0,693.0,693.0,1006.0,1006.0,1006.0,693.0,693.0,693.0,1.0,0.0,260.59002416861154,,,,,,,,,,,,1.9995002498750625,0.9938398357289527,2,2,1,SPY_MA200_SSO_quarterly_OOS,pre_tax,2019,diagnostic_fold,0.0,pre-tax; no realized tax is charged
2020-01-02,2020-12-31,261924.46610144002,-0.2065382174870073,-0.20716834937772433,0.6106076563238724,-0.593410603368617,-0.233582434803694,-0.29728679862982565,-0.29796557450968464,-0.2065382174870073,-0.063941921556033,-0.06054298800781972,-0.34911467405821656,0.39821435752716283,2020-02-19,2020-03-23,,,240,2,2.0063666655683146,360796.70014870074,253.0,253.0,253.0,253.0,253.0,253.0,253.0,366.0,366.0,366.0,253.0,253.0,253.0,0.0,0.0,180.3983500743504,,,,,,,,,,,,1.9995002498750625,0.9965776865160849,2,2,1,SPY_MA200_SSO_quarterly_OOS,pre_tax,2020,diagnostic_fold,0.0,pre-tax; no realized tax is charged
2021-01-04,2021-12-31,420571.81001589686,0.6056988347664121,0.6146758336471452,0.2583241208870973,-0.10207202648708058,-0.049130897829575915,-0.06661778434034793,-0.09411840507744607,0.6056988347664121,1.9638157328953807,2.8067668283676186,6.021981289113974,0.02996989660010549,2021-09-02,2021-10-04,2021-10-21,13.0,178,0,0.0,0.0,,,,,,,,,,,,,,,0.0,0.0,,,,,,,,,,,,0.0,0.9883641341546886,0,0,0,SPY_MA200_SSO_quarterly_OOS,pre_tax,2021,diagnostic_fold,0.0,pre-tax; no realized tax is charged
2022-01-03,2022-12-30,257136.59740955126,-0.38860239491602644,-0.39213357815894734,0.35352657879963334,-0.4286834450018162,-0.08012087306957871,-0.11549727559459799,-0.17390618830793014,-0.38860239491602644,-1.2180566426970025,-1.294951806984249,-0.9147392621081646,0.3248610374409529,2022-01-03,2022-06-16,,,250,1,1.0117728531855956,257265.23002456356,504.0,504.0,504.0,504.0,504.0,504.0,504.0,730.0,730.0,730.0,504.0,504.0,504.0,1.0,0.0,128.63261501228178,,,,,,,,,,,,1.0,0.9883641341546886,1,1,1,SPY_MA200_SSO_quarterly_OOS,pre_tax,2022,diagnostic_fold,0.0,pre-tax; no realized tax is charged
2023-01-03,2023-12-29,334674.9854057324,0.30154551618602476,0.3065575966338234,0.20123945047608055,-0.20684064827252513,-0.03248143316410157,-0.0591706955892618,-0.09846311010754383,0.30154551618602476,1.4208436721773214,2.062825930222209,1.4820955126282294,0.060260414185254386,2023-07-31,2023-10-27,2023-12-12,31.0,153,1,1.0140762951857405,257008.09336286984,,,,,,,,,,,,,,,0.0,128.50404668143491,,,,,,,,,,,,0.9995002498750625,0.9856262833675564,1,1,0,SPY_MA200_SSO_quarterly_OOS,pre_tax,2023,diagnostic_fold,0.0,pre-tax; no realized tax is charged
2024-01-02,2024-12-31,480206.94288241846,0.43484563777676755,0.4366257983469579,0.2507853869250506,-0.16700477180961715,-0.05882370366917922,-0.0822718501119275,-0.08578422082304249,0.43484563777676755,1.5661585249126968,2.075107563560086,2.6144510340381446,0.04098482366284617,2024-07-16,2024-08-05,2024-09-19,32.0,195,0,0.0,0.0,,,,,,,,,,,,,,,0.0,0.0,,,,,,,,,,,,0.0,0.9965776865160849,0,0,0,SPY_MA200_SSO_quarterly_OOS,pre_tax,2024,diagnostic_fold,0.0,pre-tax; no realized tax is charged
2025-01-02,2025-12-31,510972.48021126876,0.06406724805805952,0.06447689555598202,0.22104888268201464,-0.1959884835831892,-0.05436792998351814,-0.062639805389746,-0.11647451333043723,0.06406724805805952,0.39391293091017343,0.4533148285227116,0.3289830829708633,0.11957969847099979,2025-02-19,2025-03-13,2025-10-28,158.0,239,2,2.011893846465197,854980.4684369138,500.0,500.0,500.0,500.0,500.0,500.0,500.0,729.0,729.0,729.0,500.0,500.0,500.0,1.0,0.0,427.49023421845686,,,,,,,,,,,,1.9995002498750625,0.9938398357289527,2,2,1,SPY_MA200_SSO_quarterly_OOS,pre_tax,2025,diagnostic_fold,0.0,pre-tax; no realized tax is charged
2026-01-02,2026-08-31,485353.7488372972,-0.05013720379496589,-0.07499577546184155,0.2068445341940446,-0.18164821838309875,-0.0408952761134771,-0.045752552678539726,-0.10372856877221304,-0.05013720379496589,-0.274748826330208,-0.3340976494230064,-0.4128627086431113,0.10224773396865154,2026-01-12,2026-03-30,,,161,2,3.0303629305679114,926978.8061750522,189.0,189.0,189.0,189.0,189.0,189.0,189.0,274.0,274.0,274.0,189.0,189.0,189.0,1.0,0.0,463.4894030875261,,,,,,,,,,,,1.9995002498750627,0.6598220396988365,2,2,1,SPY_MA200_SSO_quarterly_OOS,pre_tax,2026,diagnostic_fold,0.0,pre-tax; no realized tax is charged
2013-01-02,2013-12-31,164469.04767492946,0.6446904767492947,0.6497705337092321,0.2137293464918237,-0.11212770956796525,-0.04943693759805845,-0.04421872296057283,-0.0607884123419129,0.6446904767492947,2.437024015750788,3.3312736218870023,5.79491488957401,0.03184280478183198,2013-05-21,2013-06-24,2013-07-11,12.0,185,1,0.0,99950.02498750626,,,,,,,,,,,,,,,0.0,49.97501249375313,,,,,,,,,,,,0.0,0.9938398357289527,0,0,0,SPY_MA200_SSO_quarterly_OOS,after_tax,2013,diagnostic_fold,0.0,realized tax paid to date; terminal liquidation is diagnostic
2014-01-02,2014-12-31,206463.15469373262,0.2553313685004357,0.2571020075214989,0.2258607980465289,-0.14334582773986093,-0.045826931939898397,-0.06815232576703012,-0.07234794098530262,0.2553313685004357,1.1201115267614024,1.4582223309545266,1.7935785894520682,0.037767360910438086,2014-09-18,2014-10-16,2014-10-31,11.0,199,0,0.0,0.0,,,,,,,,,,,,,,,0.0,0.0,,,,,,,,,,,,0.0,0.9938398357289527,0,0,0,SPY_MA200_SSO_quarterly_OOS,after_tax,2014,diagnostic_fold,0.0,realized tax paid to date; terminal liquidation is diagnostic
2015-01-02,2015-12-31,163998.44045084715,-0.20567696113080136,-0.20680986011915925,0.2834874284246639,-0.26228805042836967,-0.08619884284487667,-0.1108436885790115,-0.12475805280743368,-0.20567696113080136,-0.669268617795231,-0.7390989831576191,-0.7884837291725518,0.14632034042585326,2015-05-21,2015-10-01,,,237,1,1.006198347107438,180404.49031800477,692.0,692.0,692.0,692.0,692.0,692.0,692.0,1002.0,1002.0,1002.0,692.0,692.0,692.0,1.0,16315.847621998611,90.20224515900239,,,,,,,,,,,,1.0,0.9938398357289527,1,1,1,SPY_MA200_SSO_quarterly_OOS,after_tax,2015,diagnostic_fold,16315.847621998611,realized tax paid to date; terminal liquidation is diagnostic
2016-01-04,2016-12-30,198622.83846152425,0.21112638580886123,0.21386067848464663,0.18831109431560797,-0.11034706301118591,-0.07263848172619203,-0.047048880297304585,-0.03677617556149948,0.21112638580886123,1.111949370809709,1.2366138614172322,1.9380731362371422,0.026101174334578592,2016-06-08,2016-06-27,2016-07-08,8.0,160,1,1.0112672195758077,163916.48220974227,,,,,,,,,,,,,,,0.0,81.95824110487114,,,,,,,,,,,,0.9995002498750625,0.9883641341546886,1,1,0,SPY_MA200_SSO_quarterly_OOS,after_tax,2016,diagnostic_fold,0.0,realized tax paid to date; terminal liquidation is diagnostic
2017-01-03,2017-12-29,286718.38164457167,0.4435317905302849,0.45128036759889567,0.13087790003881192,-0.052775084526993754,-0.03511208504895802,-0.027510027274323168,-0.00022978936887141366,0.4435317905302849,2.883336577381185,3.844700102299554,8.551011744340679,0.015546301879988416,2017-03-01,2017-04-13,2017-05-05,15.0,185,0,0.0,0.0,,,,,,,,,,,,,,,0.0,0.0,,,,,,,,,,,,0.0,0.9856262833675564,0,0,0,SPY_MA200_SSO_quarterly_OOS,after_tax,2017,diagnostic_fold,0.0,realized tax paid to date; terminal liquidation is diagnostic
2018-01-02,2018-12-31,244858.21615326699,-0.14599749500259218,-0.14683249763371964,0.3400516217893345,-0.3656602870240998,-0.08125100361735693,-0.13849342863362146,-0.17701683759752185,-0.14599749500259218,-0.29523383657821484,-0.3610972967996823,-0.4015544012960922,0.12073636566300466,2018-09-20,2018-12-24,,,234,0,0.0,0.0,,,,,,,,,,,,,,,0.0,0.0,,,,,,,,,,,,0.0,0.9938398357289527,0,0,0,SPY_MA200_SSO_quarterly_OOS,after_tax,2018,diagnostic_fold,0.0,realized tax paid to date; terminal liquidation is diagnostic
2019-01-02,2019-12-31,281444.8734938502,0.14941976591744055,0.15041233297872658,0.22931315147956768,-0.16458261038613187,-0.09262609562818835,-0.09262609562818835,-0.12774816615285522,0.14941976591744055,0.7237007187924197,0.662936268133911,0.9139017337605717,0.06926025699589933,2019-01-01,2019-06-03,2019-07-12,28.0,225,2,2.011893846465197,459195.80525739153,693.0,693.0,693.0,693.0,693.0,693.0,693.0,1006.0,1006.0,1006.0,693.0,693.0,693.0,1.0,14832.363059896557,229.5979026286958,,,,,,,,,,,,1.9995002498750625,0.9938398357289527,2,2,1,SPY_MA200_SSO_quarterly_OOS,after_tax,2019,diagnostic_fold,14832.363059896557,realized tax paid to date; terminal liquidation is diagnostic
2020-01-02,2020-12-31,223315.75100157413,-0.20653821748700718,-0.20716834937772421,0.6106076563238726,-0.593410603368617,-0.233582434803694,-0.29728679862982565,-0.29796557450968464,-0.20653821748700718,-0.06394192155603225,-0.06054298800781903,-0.34911467405821633,0.3982143575271629,2020-02-19,2020-03-23,,,240,2,2.0063666655683146,307613.82184661017,253.0,253.0,253.0,253.0,253.0,253.0,253.0,366.0,366.0,366.0,253.0,253.0,253.0,0.0,0.0,153.8069109233051,,,,,,,,,,,,1.9995002498750625,0.9965776865160849,2,2,1,SPY_MA200_SSO_quarterly_OOS,after_tax,2020,diagnostic_fold,0.0,realized tax paid to date; terminal liquidation is diagnostic
2021-01-04,2021-12-31,358577.8411682138,0.6056988347664121,0.6146758336471452,0.25832412088709733,-0.10207202648708058,-0.049130897829575804,-0.06661778434034793,-0.09411840507744607,0.6056988347664121,1.9638157328953825,2.806766828367624,6.021981289113974,0.02996989660010549,2021-09-02,2021-10-04,2021-10-21,13.0,178,0,0.0,0.0,,,,,,,,,,,,,,,0.0,0.0,,,,,,,,,,,,0.0,0.9883641341546886,0,0,0,SPY_MA200_SSO_quarterly_OOS,after_tax,2021,diagnostic_fold,0.0,realized tax paid to date; terminal liquidation is diagnostic
2022-01-03,2022-12-30,219233.6333264274,-0.38860239491602644,-0.39213357815894734,0.3535265787996335,-0.4286834450018162,-0.08012087306957871,-0.11549727559459799,-0.17390618830793003,-0.38860239491602644,-1.2180566426969992,-1.2949518069842454,-0.9147392621081646,0.3248610374409529,2022-01-03,2022-06-16,,,250,1,1.0117728531855956,219343.30497891686,504.0,504.0,504.0,504.0,504.0,504.0,504.0,730.0,730.0,730.0,504.0,504.0,504.0,1.0,0.0,109.67165248945844,,,,,,,,,,,,1.0,0.9883641341546886,1,1,1,SPY_MA200_SSO_quarterly_OOS,after_tax,2022,diagnostic_fold,0.0,realized tax paid to date; terminal liquidation is diagnostic
2023-01-03,2023-12-29,285342.5524531826,0.30154551618602454,0.3065575966338232,0.20123945047608036,-0.20684064827252513,-0.03248143316410135,-0.0591706955892618,-0.0984631101075436,0.30154551618602454,1.4208436721773174,2.0628259302222007,1.4820955126282283,0.060260414185254366,2023-07-31,2023-10-27,2023-12-12,31.0,153,1,1.0140762951857405,219124.071290782,,,,,,,,,,,,,,,0.0,109.562035645391,,,,,,,,,,,,0.9995002498750625,0.9856262833675564,1,1,0,SPY_MA200_SSO_quarterly_OOS,after_tax,2023,diagnostic_fold,0.0,realized tax paid to date; terminal liquidation is diagnostic
2024-01-02,2024-12-31,409422.51665953745,0.4348456377767673,0.4366257983469577,0.25078538692505065,-0.16700477180961704,-0.05882370366917933,-0.0822718501119275,-0.08578422082304249,0.4348456377767673,1.5661585249127012,2.075107563560091,2.614451034038145,0.04098482366284615,2024-07-16,2024-08-05,2024-09-19,32.0,195,0,0.0,0.0,,,,,,,,,,,,,,,0.0,0.0,,,,,,,,,,,,0.0,0.9965776865160849,0,0,0,SPY_MA200_SSO_quarterly_OOS,after_tax,2024,diagnostic_fold,0.0,realized tax paid to date; terminal liquidation is diagnostic
2025-01-02,2025-12-31,401099.88762252155,-0.020327726733057827,-0.020452427705799026,0.23725306992515735,-0.24336393829145464,-0.08577684284520448,-0.07482415507433482,-0.11647451333043723,-0.020327726733057827,0.0324007281314157,0.03356392183328012,-0.08404050267014102,0.1709676057768738,2025-02-19,2025-04-01,,,242,2,2.0118938464651976,700059.44756884,500.0,500.0,500.0,500.0,500.0,500.0,500.0,729.0,729.0,729.0,500.0,500.0,500.0,1.0,28907.923050516427,350.02972378442,,,,,,,,,,,,1.9995002498750627,0.9938398357289527,2,2,1,SPY_MA200_SSO_quarterly_OOS,after_tax,2025,diagnostic_fold,28907.923050516427,realized tax paid to date; terminal liquidation is diagnostic
2026-01-02,2026-08-31,374978.36000886466,-0.06512474428374826,-0.0970256378510932,0.2065166550526567,-0.18164821838309897,-0.0408952761134771,-0.045752552678539726,-0.10372856877221304,-0.06512474428374826,-0.3923870767437859,-0.47905666072811703,-0.5341403219626663,0.11233148782898057,2026-01-12,2026-03-30,,,161,2,3.0303629305679114,721916.0321630673,189.0,189.0,189.0,189.0,189.0,189.0,189.0,274.0,274.0,274.0,189.0,189.0,189.0,1.0,5740.691671266794,360.95801608153363,,,,,,,,,,,,1.9995002498750627,0.6598220396988365,2,2,1,SPY_MA200_SSO_quarterly_OOS,after_tax,2026,diagnostic_fold,5740.691671266794,realized tax paid to date; terminal liquidation is diagnostic
