date,asset,side,shares,price,notional,transaction_cost,realized_gain,strategy,tax_mode
2006-07-03,RISK,BUY,26561.98909254052,3.7628968462898555,99950.02498750626,49.97501249375313,0.0,SPY_ABS_MOM_SSO_weekly_126D,pre_tax
2006-07-17,RISK,SELL,26561.98909254052,3.5376846540380225,93967.94119340593,46.98397059670297,-6079.042777190785,SPY_ABS_MOM_SSO_weekly_126D,pre_tax
2006-07-31,RISK,BUY,24896.691844201097,3.770541917783663,93874.02021270289,46.937010106351444,0.0,SPY_ABS_MOM_SSO_weekly_126D,pre_tax
2007-11-12,RISK,SELL,24896.691844201097,4.5567274088454495,113447.4381160501,56.723719058025054,19469.757174182843,SPY_ABS_MOM_SSO_weekly_126D,pre_tax
2007-12-10,RISK,BUY,22820.395385981134,4.96634898109294,113334.04737330544,56.66702368665272,0.0,SPY_ABS_MOM_SSO_weekly_126D,pre_tax
2007-12-17,RISK,SELL,22820.395385981134,4.623212556946891,105503.53850296087,52.75176925148044,-7939.927663282695,SPY_ABS_MOM_SSO_weekly_126D,pre_tax
2009-05-18,RISK,BUY,74947.56307323626,1.4062910569470146,105398.08768986446,52.699043844932234,0.0,SPY_ABS_MOM_SSO_weekly_126D,pre_tax
2009-07-13,RISK,SELL,74947.56307323626,1.3706630478867736,102727.85523364822,51.363927616824114,-2774.295427677993,SPY_ABS_MOM_SSO_weekly_126D,pre_tax
2009-07-20,RISK,BUY,65252.01538788898,1.5727510959871545,102625.17871667306,51.31258935833653,0.0,SPY_ABS_MOM_SSO_weekly_126D,pre_tax
2010-05-24,RISK,SELL,65252.01538788898,2.055191413354062,134105.38172923654,67.05269086461827,31361.837732340515,SPY_ABS_MOM_SSO_weekly_126D,pre_tax
2010-06-14,RISK,BUY,63207.13089051065,2.1195605856364197,133971.34336668858,66.9856716833443,0.0,SPY_ABS_MOM_SSO_weekly_126D,pre_tax
2010-06-28,RISK,SELL,63207.13089051065,2.0405987436998854,128980.39188805025,64.49019594402512,-5122.4273462657,SPY_ABS_MOM_SSO_weekly_126D,pre_tax
2010-07-26,RISK,BUY,60513.66797068039,2.1292954182939177,128851.47595412916,64.42573797706459,0.0,SPY_ABS_MOM_SSO_weekly_126D,pre_tax
2010-08-23,RISK,SELL,60513.66797068039,2.0238969207634487,122473.42626996178,61.236713134980896,-6503.71213527942,SPY_ABS_MOM_SSO_weekly_126D,pre_tax
2010-11-08,RISK,BUY,46951.66682044714,2.6058928752774086,122351.01404980192,61.17550702490096,0.0,SPY_ABS_MOM_SSO_weekly_126D,pre_tax
2011-08-08,RISK,SELL,46951.66682044714,2.388938567399874,112164.6476710752,56.0823238355376,-10303.624209587157,SPY_ABS_MOM_SSO_weekly_126D,pre_tax
2012-01-30,RISK,BUY,38553.75345000639,2.9063976669094522,112052.53907770083,56.026269538850414,0.0,SPY_ABS_MOM_SSO_weekly_126D,pre_tax
2015-08-24,RISK,SELL,38553.75345000639,6.25295796116513,241074.99956801508,120.53749978400754,128845.8967209914,SPY_ABS_MOM_SSO_weekly_126D,pre_tax
2015-11-09,RISK,BUY,30804.021996300715,7.818266234020682,240834.04504570825,120.41702252285413,0.0,SPY_ABS_MOM_SSO_weekly_126D,pre_tax
2015-11-16,RISK,SELL,30804.021996300715,7.298464383441565,224822.0574067513,112.41102870337565,-16244.815690183197,SPY_ABS_MOM_SSO_weekly_126D,pre_tax
2015-11-23,RISK,BUY,28762.030472258662,7.808814051595654,224597.34770419582,112.29867385209792,0.0,SPY_ABS_MOM_SSO_weekly_126D,pre_tax
2015-12-14,RISK,SELL,28762.030472258662,7.261842286542456,208865.32913027063,104.43266456513533,-15948.749912342406,SPY_ABS_MOM_SSO_weekly_126D,pre_tax
2016-02-29,RISK,BUY,30813.652279235408,6.7715623675750845,208656.5681816147,104.32828409080736,0.0,SPY_ABS_MOM_SSO_weekly_126D,pre_tax
2016-05-02,RISK,SELL,30813.652279235408,7.64733743653064,235642.39663123462,117.82119831561731,26763.678967213462,SPY_ABS_MOM_SSO_weekly_126D,pre_tax
2016-05-31,RISK,BUY,29794.773644943292,7.900945138976524,235406.87199692056,117.70343599846028,0.0,SPY_ABS_MOM_SSO_weekly_126D,pre_tax
2016-06-27,RISK,SELL,29794.773644943292,7.301445187534337,217544.9066435461,108.77245332177306,-18088.44124269471,SPY_ABS_MOM_SSO_weekly_126D,pre_tax
2016-07-05,RISK,BUY,27749.100411791267,7.831874447455929,217327.47045499683,108.66373522749842,0.0,SPY_ABS_MOM_SSO_weekly_126D,pre_tax
2018-07-30,RISK,SELL,27749.100411791267,14.30795219979429,397032.8022792015,198.51640113960076,179398.15168783758,SPY_ABS_MOM_SSO_weekly_126D,pre_tax
2018-08-06,RISK,BUY,27332.30740299585,14.511616675679573,396635.96789411484,198.31798394705743,0.0,SPY_ABS_MOM_SSO_weekly_126D,pre_tax
2018-11-26,RISK,SELL,27332.30740299585,12.619813119780225,344928.6115581932,172.4643057790966,-52078.138625647756,SPY_ABS_MOM_SSO_weekly_126D,pre_tax
2018-12-03,RISK,BUY,24579.383073388042,14.019223114587883,344583.8553247518,172.2919276623759,0.0,SPY_ABS_MOM_SSO_weekly_126D,pre_tax
2018-12-10,RISK,SELL,24579.383073388042,12.33801637864248,303260.8309363894,151.6304154681947,-41646.94673149299,SPY_ABS_MOM_SSO_weekly_126D,pre_tax
2019-04-15,RISK,BUY,20281.551138373088,14.937601152551359,302957.7216600912,151.4788608300456,0.0,SPY_ABS_MOM_SSO_weekly_126D,pre_tax
2020-03-16,RISK,SELL,20281.551138373088,9.62951463426216,195301.4934925,97.65074674625001,-107905.3577751675,SPY_ABS_MOM_SSO_weekly_126D,pre_tax
2020-06-08,RISK,BUY,11951.102950724011,16.325379373385243,195106.28960095329,97.55314480047664,0.0,SPY_ABS_MOM_SSO_weekly_126D,pre_tax
2020-06-15,RISK,SELL,11951.102950724011,14.048437221460834,167894.3195304616,83.9471597652308,-27393.470375057397,SPY_ABS_MOM_SSO_weekly_126D,pre_tax
2020-08-03,RISK,BUY,9793.222513067,17.12679446345087,167726.5091161383,83.86325455806916,0.0,SPY_ABS_MOM_SSO_weekly_126D,pre_tax
2022-02-14,RISK,SELL,9793.222513067,30.35537291856893,297276.92145867355,148.63846072933677,129317.91062724785,SPY_ABS_MOM_SSO_weekly_126D,pre_tax
2022-03-21,RISK,BUY,9591.30076004808,30.96345329284668,296979.79310139356,148.48989655069678,0.0,SPY_ABS_MOM_SSO_weekly_126D,pre_tax
2022-04-18,RISK,SELL,9591.30076004808,29.80452373661742,285864.1511678897,142.93207558394485,-11407.063905638526,SPY_ABS_MOM_SSO_weekly_126D,pre_tax
2022-11-14,RISK,BUY,12177.010903349745,23.452260340738302,285578.4298773671,142.78921493868356,0.0,SPY_ABS_MOM_SSO_weekly_126D,pre_tax
2022-12-05,RISK,SELL,12177.010903349745,24.197008210101163,294647.23280284513,147.32361640142256,8778.690094137914,SPY_ABS_MOM_SSO_weekly_126D,pre_tax
2022-12-12,RISK,BUY,12803.602339150508,22.98983715856044,294352.73282003374,147.17636641001687,0.0,SPY_ABS_MOM_SSO_weekly_126D,pre_tax
2022-12-27,RISK,SELL,12803.602339150508,21.80580661215059,279192.8765463949,139.59643827319746,-15446.62907832209,SPY_ABS_MOM_SSO_weekly_126D,pre_tax
2023-01-03,RISK,BUY,12711.039446885696,21.942644766542635,278913.8231965234,139.4569115982617,0.0,SPY_ABS_MOM_SSO_weekly_126D,pre_tax
2023-02-13,RISK,SELL,12711.039446885696,24.57673704648166,312395.8740735654,156.19793703678272,33186.39602840692,SPY_ABS_MOM_SSO_weekly_126D,pre_tax
2023-03-06,RISK,BUY,12998.153093375402,24.009844481553653,312083.6343193689,156.04181715968446,0.0,SPY_ABS_MOM_SSO_weekly_126D,pre_tax
2023-03-13,RISK,SELL,12998.153093375402,21.268237470504747,276447.80666788394,138.22390333394196,-35930.09337197861,SPY_ABS_MOM_SSO_weekly_126D,pre_tax
2023-03-20,RISK,BUY,12319.908992640047,22.416683206103855,276171.497016042,138.085748508021,0.0,SPY_ABS_MOM_SSO_weekly_126D,pre_tax
2023-10-30,RISK,SELL,12319.908992640047,24.234643293041422,298568.5998393648,149.2842999196824,22109.732774895092,SPY_ABS_MOM_SSO_weekly_126D,pre_tax
2023-11-06,RISK,BUY,11117.18755181556,26.82964365393923,298270.1804492205,149.13509022461028,0.0,SPY_ABS_MOM_SSO_weekly_126D,pre_tax
2025-03-31,RISK,SELL,11117.18755181556,39.608746505981244,440337.8635993127,220.16893179965638,141698.37912806793,SPY_ABS_MOM_SSO_weekly_126D,pre_tax
2025-05-19,RISK,BUY,9989.849632113552,44.0344711876856,439897.74579461577,219.9488728973079,0.0,SPY_ABS_MOM_SSO_weekly_126D,pre_tax
2025-05-27,RISK,SELL,9989.849632113552,43.64833230563108,436040.2764257787,218.02013821288935,-4295.438379947271,SPY_ABS_MOM_SSO_weekly_126D,pre_tax
2025-06-30,RISK,BUY,8999.760057795333,48.40178529906778,435604.4540605356,217.8022270302678,0.0,SPY_ABS_MOM_SSO_weekly_126D,pre_tax
2026-03-23,RISK,SELL,8999.760057795333,53.139928955486916,478246.6100876728,239.12330504383638,42185.230495063064,SPY_ABS_MOM_SSO_weekly_126D,pre_tax
2026-04-13,RISK,BUY,8527.026414750382,56.0299193696557,477768.60248138825,238.88430124069413,0.0,SPY_ABS_MOM_SSO_weekly_126D,pre_tax
2006-07-03,RISK,BUY,26561.98909254052,3.7628968462898555,99950.02498750626,49.97501249375313,0.0,SPY_ABS_MOM_SSO_weekly_126D,after_tax
2006-07-17,RISK,SELL,26561.98909254052,3.5376846540380225,93967.94119340593,46.98397059670297,-6079.042777190785,SPY_ABS_MOM_SSO_weekly_126D,after_tax
2006-07-31,RISK,BUY,24896.691844201097,3.770541917783663,93874.02021270289,46.937010106351444,0.0,SPY_ABS_MOM_SSO_weekly_126D,after_tax
2007-11-12,RISK,SELL,24896.691844201097,4.5567274088454495,113447.4381160501,56.723719058025054,19469.757174182843,SPY_ABS_MOM_SSO_weekly_126D,after_tax
2007-12-10,RISK,BUY,22272.917921544726,4.96634898109294,110615.08322563034,55.30754161281517,0.0,SPY_ABS_MOM_SSO_weekly_126D,after_tax
2007-12-17,RISK,SELL,22272.917921544726,4.623212556946891,102972.43381473303,51.48621690736651,-7749.4431694174855,SPY_ABS_MOM_SSO_weekly_126D,after_tax
2009-05-18,RISK,BUY,73149.51789903961,1.4062910569470146,102869.51284140497,51.434756420702485,0.0,SPY_ABS_MOM_SSO_weekly_126D,after_tax
2009-07-13,RISK,SELL,73149.51789903961,1.3706630478867736,100263.34115494574,50.13167057747287,-2707.7381134573952,SPY_ABS_MOM_SSO_weekly_126D,after_tax
2009-07-20,RISK,BUY,63686.57327658042,1.5727510959871545,100163.12792040808,50.08156396020404,0.0,SPY_ABS_MOM_SSO_weekly_126D,after_tax
2010-05-24,RISK,SELL,63686.57327658042,2.055191413354062,130888.09854397234,65.44404927198617,30609.44501033207,SPY_ABS_MOM_SSO_weekly_126D,after_tax
2010-06-14,RISK,BUY,59760.211754325945,2.1195605856364197,126665.38942375555,63.33269471187778,0.0,SPY_ABS_MOM_SSO_weekly_126D,after_tax
2010-06-28,RISK,SELL,59760.211754325945,2.0405987436998854,121946.61302911665,60.973306514558324,-4843.08239586532,SPY_ABS_MOM_SSO_weekly_126D,after_tax
2010-07-26,RISK,BUY,57213.63335132417,2.1292954182939177,121824.72735892264,60.91236367946132,0.0,SPY_ABS_MOM_SSO_weekly_126D,after_tax
2010-08-23,RISK,SELL,57213.63335132417,2.0238969207634487,115794.49636543394,57.89724818271697,-6149.040605350892,SPY_ABS_MOM_SSO_weekly_126D,after_tax
2010-11-08,RISK,BUY,44391.21839383671,2.6058928752774086,115678.75973738253,57.83937986869127,0.0,SPY_ABS_MOM_SSO_weekly_126D,after_tax
2011-08-08,RISK,SELL,44391.21839383671,2.388938567399874,106047.89367490722,53.02394683745361,-9741.729389181448,SPY_ABS_MOM_SSO_weekly_126D,after_tax
2012-01-30,RISK,BUY,36451.2743678792,2.9063976669094522,105941.89877868044,52.97094938934022,0.0,SPY_ABS_MOM_SSO_weekly_126D,after_tax
2015-08-24,RISK,SELL,36451.2743678792,6.25295796116513,227928.2862532447,113.96414312662236,121819.4523820483,SPY_ABS_MOM_SSO_weekly_126D,after_tax
2015-11-09,RISK,BUY,26498.8667145751,7.818266234020682,207175.19487437708,103.58759743718853,0.0,SPY_ABS_MOM_SSO_weekly_126D,after_tax
2015-11-16,RISK,SELL,26498.8667145751,7.298464383441565,193401.03491789155,96.70051745894578,-13974.448071381688,SPY_ABS_MOM_SSO_weekly_126D,after_tax
2015-11-23,RISK,BUY,24742.262942691654,7.808814051595654,193207.73053516503,96.60386526758252,0.0,SPY_ABS_MOM_SSO_weekly_126D,after_tax
2015-12-14,RISK,SELL,24742.262942691654,7.261842286542456,179674.41130199065,89.83720565099533,-13719.760304092953,SPY_ABS_MOM_SSO_weekly_126D,after_tax
2016-02-29,RISK,BUY,26507.151073803932,6.7715623675750845,179494.8266829982,89.7474133414991,0.0,SPY_ABS_MOM_SSO_weekly_126D,after_tax
2016-05-02,RISK,SELL,26507.151073803932,7.64733743653064,202709.1287424742,101.3545643712371,23023.200081763265,SPY_ABS_MOM_SSO_weekly_126D,after_tax
2016-05-31,RISK,BUY,25630.67042683915,7.900945138976524,202506.52091764414,101.25326045882207,0.0,SPY_ABS_MOM_SSO_weekly_126D,after_tax
2016-06-27,RISK,SELL,25630.67042683915,7.301445187534337,187140.93524132337,93.57046762066169,-15560.409404400241,SPY_ABS_MOM_SSO_weekly_126D,after_tax
2016-07-05,RISK,BUY,23870.89949973816,7.831874447455929,186953.88782978783,93.47694391489391,0.0,SPY_ABS_MOM_SSO_weekly_126D,after_tax
2018-07-30,RISK,SELL,23870.89949973816,14.30795219979429,341543.689008347,170.7718445041735,154325.5523901401,SPY_ABS_MOM_SSO_weekly_126D,after_tax
2018-08-06,RISK,BUY,21636.09426606357,14.511616675679573,313974.7063479833,156.98735317399164,0.0,SPY_ABS_MOM_SSO_weekly_126D,after_tax
2018-11-26,RISK,SELL,21636.09426606357,12.619813119780225,273043.46627967077,136.5217331398354,-41224.74915462633,SPY_ABS_MOM_SSO_weekly_126D,after_tax
2018-12-03,RISK,BUY,19456.89550964223,14.019223114587883,272770.5592668975,136.38527963344876,0.0,SPY_ABS_MOM_SSO_weekly_126D,after_tax
2018-12-10,RISK,SELL,19456.89550964223,12.33801637864248,240059.49547550114,120.02974773775057,-32967.47881876756,SPY_ABS_MOM_SSO_weekly_126D,after_tax
2019-04-15,RISK,BUY,16054.75695197733,14.937601152551359,239819.5559497885,119.90977797489425,0.0,SPY_ABS_MOM_SSO_weekly_126D,after_tax
2020-03-16,RISK,SELL,16054.75695197733,9.62951463426216,154599.51701858785,77.29975850929392,-85417.24846768484,SPY_ABS_MOM_SSO_weekly_126D,after_tax
2020-06-08,RISK,BUY,9460.423015619723,16.325379373385243,154444.99476269723,77.22249738134862,0.0,SPY_ABS_MOM_SSO_weekly_126D,after_tax
2020-06-15,RISK,SELL,9460.423015619723,14.048437221460834,132904.15882339687,66.45207941169843,-21684.510516093433,SPY_ABS_MOM_SSO_weekly_126D,after_tax
2020-08-03,RISK,BUY,7752.257514783732,17.12679446345087,132771.32108344344,66.38566054172172,0.0,SPY_ABS_MOM_SSO_weekly_126D,after_tax
2022-02-14,RISK,SELL,7752.257514783732,30.35537291856893,235322.66782203858,117.6613339110193,102367.2997441424,SPY_ABS_MOM_SSO_weekly_126D,after_tax
2022-03-21,RISK,BUY,7592.417439144625,30.96345329284668,235087.46275674918,117.54373137837459,0.0,SPY_ABS_MOM_SSO_weekly_126D,after_tax
2022-04-18,RISK,SELL,7592.417439144625,29.80452373661742,226288.385783294,113.14419289164701,-9029.764897725196,SPY_ABS_MOM_SSO_weekly_126D,after_tax
2022-11-14,RISK,BUY,9639.250426214701,23.452260340738302,226062.2104851598,113.0311052425799,0.0,SPY_ABS_MOM_SSO_weekly_126D,after_tax
2022-12-05,RISK,SELL,9639.250426214701,24.197008210101163,233241.02170233827,116.62051085116914,6949.159601084713,SPY_ABS_MOM_SSO_weekly_126D,after_tax
2022-12-12,RISK,BUY,10135.25653251978,22.98983715856044,233007.89724286567,116.50394862143284,0.0,SPY_ABS_MOM_SSO_weekly_126D,after_tax
2022-12-27,RISK,SELL,10135.25653251978,21.80580661215059,221007.44391266227,110.50372195633113,-12227.461000781186,SPY_ABS_MOM_SSO_weekly_126D,after_tax
2023-01-03,RISK,BUY,10061.98428978328,21.942644766542635,220786.54691724732,110.39327345862367,0.0,SPY_ABS_MOM_SSO_weekly_126D,after_tax
2023-02-13,RISK,SELL,10061.98428978328,24.57673704648166,247290.74205583322,123.64537102791661,26270.156494099356,SPY_ABS_MOM_SSO_weekly_126D,after_tax
2023-03-06,RISK,BUY,10289.2617687364,24.009844481553653,247043.57489735662,123.52178744867831,0.0,SPY_ABS_MOM_SSO_weekly_126D,after_tax
2023-03-13,RISK,SELL,10289.2617687364,21.268237470504747,218834.46269367146,109.41723134683573,-28442.05122248066,SPY_ABS_MOM_SSO_weekly_126D,after_tax
2023-03-20,RISK,BUY,9752.367715755596,22.416683206103855,218615.73759352788,109.30786879676394,0.0,SPY_ABS_MOM_SSO_weekly_126D,after_tax
2023-10-30,RISK,SELL,9752.367715755596,24.234643293041422,236345.15285391005,118.17257642695503,17501.934815158456,SPY_ABS_MOM_SSO_weekly_126D,after_tax
2023-11-06,RISK,BUY,8800.300475847334,26.82964365393923,236108.9258145758,118.0544629072879,0.0,SPY_ABS_MOM_SSO_weekly_126D,after_tax
2025-03-31,RISK,SELL,8800.300475847334,39.608746505981244,348568.8707243032,174.28443536215158,112167.60601145794,SPY_ABS_MOM_SSO_weekly_126D,after_tax
2025-05-19,RISK,BUY,7749.915889331731,44.0344711876856,341263.4479357649,170.63172396788246,0.0,SPY_ABS_MOM_SSO_weekly_126D,after_tax
2025-05-27,RISK,SELL,7749.915889331731,43.64833230563108,338270.9040782418,169.1354520391209,-3332.311033530161,SPY_ABS_MOM_SSO_weekly_126D,after_tax
2025-06-30,RISK,BUY,6981.825156593939,48.40178529906778,337932.80222509016,168.96640111254507,0.0,SPY_ABS_MOM_SSO_weekly_126D,after_tax
2026-03-23,RISK,SELL,6981.825156593939,53.139928955486916,371013.6928010332,185.5068464005166,32726.41732842999,SPY_ABS_MOM_SSO_weekly_126D,after_tax
2026-04-13,RISK,BUY,6508.566140116565,56.0299193696557,364674.4360428024,182.3372180214012,0.0,SPY_ABS_MOM_SSO_weekly_126D,after_tax
2006-06-21,RISK,BUY,27674.981572808407,3.6115660899196587,99950.02498750626,49.97501249375313,0.0,SPY_ABS_MOM_SSO_weekly_189D,pre_tax
2008-01-07,RISK,SELL,27674.981572808407,4.364260865738536,120780.83903824285,60.39041951912142,20720.448618723705,SPY_ABS_MOM_SSO_weekly_189D,pre_tax
2008-05-19,RISK,BUY,27991.345976207307,4.310622242388963,120660.118559444,60.330059279722,0.0,SPY_ABS_MOM_SSO_weekly_189D,pre_tax
2008-05-27,RISK,SELL,27991.345976207307,4.010858229107273,112269.32035245985,56.13466017622993,-8507.26292644009,SPY_ABS_MOM_SSO_weekly_189D,pre_tax
2009-07-20,RISK,BUY,71312.6873189795,1.5727510959871545,112157.10713871426,56.07855356935713,0.0,SPY_ABS_MOM_SSO_weekly_189D,pre_tax
2010-07-19,RISK,SELL,71312.6873189795,1.9962503555859243,142357.97741830067,71.17898870915033,30073.612737307907,SPY_ABS_MOM_SSO_weekly_189D,pre_tax
2010-07-26,RISK,BUY,66790.02329242256,2.1292954182939177,142215.6905842994,71.10784529214969,0.0,SPY_ABS_MOM_SSO_weekly_189D,pre_tax
2010-08-16,RISK,SELL,66790.02329242256,2.0089226735914303,134175.99216184742,67.08799608092372,-8177.89426382503,SPY_ABS_MOM_SSO_weekly_189D,pre_tax
2010-09-07,RISK,BUY,63622.442436833364,2.1068333451240258,134041.88322415442,67.02094161207721,0.0,SPY_ABS_MOM_SSO_weekly_189D,pre_tax
2011-08-08,RISK,SELL,63622.442436833364,2.388938567399874,151990.10648952966,75.99505324476483,17805.20727051841,SPY_ABS_MOM_SSO_weekly_189D,pre_tax
2011-08-29,RISK,BUY,61804.12650252033,2.4567646358358126,151838.19234011485,75.91909617005743,0.0,SPY_ABS_MOM_SSO_weekly_189D,pre_tax
2011-09-06,RISK,SELL,61804.12650252033,2.2440145354726395,138689.35822384543,69.34467911192272,-13294.097891551413,SPY_ABS_MOM_SSO_weekly_189D,pre_tax
2011-10-31,RISK,BUY,50124.87751768731,2.7641112564665318,138550.73817564567,69.27536908782284,0.0,SPY_ABS_MOM_SSO_weekly_189D,pre_tax
2011-11-07,RISK,SELL,50124.87751768731,2.682216743232983,134445.78573044343,67.22289286522171,-4241.45070715528,SPY_ABS_MOM_SSO_weekly_189D,pre_tax
2012-01-23,RISK,BUY,45502.907649268054,2.9517104306667687,134311.4071340112,67.1557035670056,0.0,SPY_ABS_MOM_SSO_weekly_189D,pre_tax
2012-01-30,RISK,SELL,45502.907649268054,2.9063976669094522,132249.54462942894,66.12477231471448,-2195.1429804639774,SPY_ABS_MOM_SSO_weekly_189D,pre_tax
2012-02-06,RISK,BUY,43154.3589440405,3.0615067494768344,132117.36117652597,66.05868058826299,0.0,SPY_ABS_MOM_SSO_weekly_189D,pre_tax
2015-08-24,RISK,SELL,43154.3589440405,6.25295796116513,269842.3923181157,134.92119615905784,137524.05126484242,SPY_ABS_MOM_SSO_weekly_189D,pre_tax
2015-10-12,RISK,BUY,37158.08109066361,7.254752583208612,269572.6847795669,134.78634238978344,0.0,SPY_ABS_MOM_SSO_weekly_189D,pre_tax
2015-11-16,RISK,SELL,37158.08109066361,7.298464383441565,271196.93139724183,135.5984656986209,1353.8618095865822,SPY_ABS_MOM_SSO_weekly_189D,pre_tax
2015-11-23,RISK,BUY,34694.88045258088,7.808814051595654,270925.86999654496,135.4629349982725,0.0,SPY_ABS_MOM_SSO_weekly_189D,pre_tax
2015-12-14,RISK,SELL,34694.88045258088,7.261842286542456,251948.7499970871,125.97437499854355,-19238.557309454656,SPY_ABS_MOM_SSO_weekly_189D,pre_tax
2015-12-28,RISK,BUY,33415.306392593804,7.532384237371399,251696.92715850935,125.84846357925468,0.0,SPY_ABS_MOM_SSO_weekly_189D,pre_tax
2016-01-11,RISK,SELL,33415.306392593804,6.680310498069525,223224.6220906541,111.61231104532705,-28709.765842479857,SPY_ABS_MOM_SSO_weekly_189D,pre_tax
2016-04-04,RISK,BUY,29129.070114260052,7.655634325104203,223001.50902509625,111.50075451254813,0.0,SPY_ABS_MOM_SSO_weekly_189D,pre_tax
2016-04-18,RISK,SELL,29129.070114260052,7.659189883924917,223105.07914728022,111.55253957364012,-119.4831719022186,SPY_ABS_MOM_SSO_weekly_189D,pre_tax
2016-04-25,RISK,BUY,28770.543705290533,7.746884725155159,222882.08556492414,111.44104278246208,0.0,SPY_ABS_MOM_SSO_weekly_189D,pre_tax
2016-05-02,RISK,SELL,28770.543705290533,7.64733743653064,220018.05594680924,110.00902797340463,-3085.4796888707497,SPY_ABS_MOM_SSO_weekly_189D,pre_tax
2016-05-09,RISK,BUY,29148.32010494604,7.540679773432874,219798.1478449134,109.8990739224567,0.0,SPY_ABS_MOM_SSO_weekly_189D,pre_tax
2016-05-16,RISK,SELL,29148.32010494604,7.496831639950992,218520.0484141791,109.26002420708954,-1497.2585288638365,SPY_ABS_MOM_SSO_weekly_189D,pre_tax
2016-05-23,RISK,BUY,28986.304025195008,7.531199472048516,218301.6375711864,109.1508187855932,0.0,SPY_ABS_MOM_SSO_weekly_189D,pre_tax
2018-10-22,RISK,SELL,28986.304025195008,13.817764817183939,400525.93193953676,200.26296596976837,181914.88058359502,SPY_ABS_MOM_SSO_weekly_189D,pre_tax
2018-11-05,RISK,BUY,30055.42910141559,13.312922760821145,400125.6061704818,200.06280308524092,0.0,SPY_ABS_MOM_SSO_weekly_189D,pre_tax
2018-11-26,RISK,SELL,30055.42910141559,12.619813119780225,379293.8984946688,189.64694924733442,-21221.417428145593,SPY_ABS_MOM_SSO_weekly_189D,pre_tax
2018-12-03,RISK,BUY,27028.230526844436,14.019223114587883,378914.79414834734,189.45739707417368,0.0,SPY_ABS_MOM_SSO_weekly_189D,pre_tax
2018-12-10,RISK,SELL,27028.230526844436,12.33801637864248,333474.7509259313,166.73737546296567,-45796.23799495312,SPY_ABS_MOM_SSO_weekly_189D,pre_tax
2019-01-22,RISK,BUY,26736.270126937336,12.460281155425905,333141.44282905385,166.57072141452693,0.0,SPY_ABS_MOM_SSO_weekly_189D,pre_tax
2019-06-03,RISK,SELL,26736.270126937336,13.331679925472988,356439.39573331363,178.21969786665682,22953.162484978617,SPY_ABS_MOM_SSO_weekly_189D,pre_tax
2019-06-10,RISK,BUY,24199.1063170127,14.714722510966272,356083.1344682129,178.04156723410645,0.0,SPY_ABS_MOM_SSO_weekly_189D,pre_tax
2020-03-16,RISK,SELL,24199.1063170127,9.62951463426216,233025.64841573968,116.51282420786984,-123352.04044391518,SPY_ABS_MOM_SSO_weekly_189D,pre_tax
2020-05-11,RISK,BUY,17285.287669529105,13.467680936099963,232792.73922192087,116.39636961096043,0.0,SPY_ABS_MOM_SSO_weekly_189D,pre_tax
2022-03-14,RISK,SELL,17285.287669529105,27.621445727256866,477444.6352439205,238.72231762196026,244296.77733476667,SPY_ABS_MOM_SSO_weekly_189D,pre_tax
2022-03-21,RISK,BUY,15404.206523756313,30.96345329284668,476967.4292116927,238.48371460584636,0.0,SPY_ABS_MOM_SSO_weekly_189D,pre_tax
2022-04-25,RISK,SELL,15404.206523756313,27.98402994832857,431071.77669103496,215.5358883455175,-46349.67212360911,SPY_ABS_MOM_SSO_weekly_189D,pre_tax
2023-02-13,RISK,BUY,17522.298404709,24.57673704648166,430640.9203425182,215.3204601712591,0.0,SPY_ABS_MOM_SSO_weekly_189D,pre_tax
2023-03-06,RISK,SELL,17522.298404709,24.009844481553653,420707.65965643874,210.35382982821938,-10358.93497607892,SPY_ABS_MOM_SSO_weekly_189D,pre_tax
2023-03-20,RISK,BUY,18748.85585799096,22.416683206103855,420287.1622454878,210.1435811227439,0.0,SPY_ABS_MOM_SSO_weekly_189D,pre_tax
2023-05-15,RISK,SELL,18748.85585799096,24.65004375453003,462160.1172468538,231.0800586234269,41431.73136161984,SPY_ABS_MOM_SSO_weekly_189D,pre_tax
2023-05-30,RISK,BUY,17933.69525463935,25.74473255726504,461698.1880941833,230.84909404709165,0.0,SPY_ABS_MOM_SSO_weekly_189D,pre_tax
2025-04-07,RISK,SELL,17933.69525463935,31.079078373838723,557362.720351476,278.681360175738,95155.0018030699,SPY_ABS_MOM_SSO_weekly_189D,pre_tax
2025-04-28,RISK,BUY,14313.46405682671,38.900830292555845,556805.6361732137,278.4028180866069,0.0,SPY_ABS_MOM_SSO_weekly_189D,pre_tax
2006-06-21,RISK,BUY,27674.981572808407,3.6115660899196587,99950.02498750626,49.97501249375313,0.0,SPY_ABS_MOM_SSO_weekly_189D,after_tax
2008-01-07,RISK,SELL,27674.981572808407,4.364260865738536,120780.83903824285,60.39041951912142,20720.448618723705,SPY_ABS_MOM_SSO_weekly_189D,after_tax
2008-05-19,RISK,BUY,27015.325514992528,4.310622242388963,116452.86305030485,58.22643152515243,0.0,SPY_ABS_MOM_SSO_weekly_189D,after_tax
2008-05-27,RISK,SELL,27015.325514992528,4.010858229107273,108354.64065381947,54.17732032690974,-8210.62614833744,SPY_ABS_MOM_SSO_weekly_189D,after_tax
2009-07-20,RISK,BUY,68826.1101452095,1.5727510959871545,108246.34016341086,54.12317008170543,0.0,SPY_ABS_MOM_SSO_weekly_189D,after_tax
2010-07-19,RISK,SELL,68826.1101452095,1.9962503555859243,137394.14685097046,68.69707342548523,29024.98644405241,SPY_ABS_MOM_SSO_weekly_189D,after_tax
2010-07-26,RISK,BUY,62476.299010422306,2.1292954182939177,133030.49723485304,66.51524861742652,0.0,SPY_ABS_MOM_SSO_weekly_189D,after_tax
2010-08-16,RISK,SELL,62476.299010422306,2.0089226735914303,125510.0536441152,62.7550268220576,-7649.713866177306,SPY_ABS_MOM_SSO_weekly_189D,after_tax
2010-09-07,RISK,BUY,59513.300662494934,2.1068333451240258,125384.6063141361,62.69230315706805,0.0,SPY_ABS_MOM_SSO_weekly_189D,after_tax
2011-08-08,RISK,SELL,59513.300662494934,2.388938567399874,142173.61922589864,71.08680961294932,16655.233798992514,SPY_ABS_MOM_SSO_weekly_189D,after_tax
2011-08-29,RISK,BUY,57068.1283494033,2.4567646358358126,140202.9595621532,70.1014797810766,0.0,SPY_ABS_MOM_SSO_weekly_189D,after_tax
2011-09-06,RISK,SELL,57068.1283494033,2.2440145354726395,128061.70952827921,64.0308547641396,-12275.382368419188,SPY_ABS_MOM_SSO_weekly_189D,after_tax
2011-10-31,RISK,BUY,46283.85037625034,2.7641112564665318,127933.71181760628,63.96685590880314,0.0,SPY_ABS_MOM_SSO_weekly_189D,after_tax
2011-11-07,RISK,SELL,46283.85037625034,2.682216743232983,124143.31842046886,62.07165921023443,-3916.431912256463,SPY_ABS_MOM_SSO_weekly_189D,after_tax
2012-01-23,RISK,BUY,42016.058165526854,2.9517104306667687,124019.23714268729,62.009618571343644,0.0,SPY_ABS_MOM_SSO_weekly_189D,after_tax
2012-01-30,RISK,SELL,42016.058165526854,2.9063976669094522,122115.37342501909,61.05768671250954,-2026.9310229520488,SPY_ABS_MOM_SSO_weekly_189D,after_tax
2012-02-06,RISK,BUY,39847.47676927841,3.0615067494768344,121993.3190787672,60.99665953938361,0.0,SPY_ABS_MOM_SSO_weekly_189D,after_tax
2015-08-24,RISK,SELL,39847.47676927841,6.25295796116513,249164.597096802,124.582298548401,126985.69905994703,SPY_ABS_MOM_SSO_weekly_189D,after_tax
2015-10-12,RISK,BUY,31266.48224658162,7.254752583208612,226830.5928462342,113.41529642311711,0.0,SPY_ABS_MOM_SSO_weekly_189D,after_tax
2015-11-16,RISK,SELL,31266.48224658162,7.298464383441565,228197.30707218396,114.09865353609199,1139.200275990559,SPY_ABS_MOM_SSO_weekly_189D,after_tax
2015-11-23,RISK,BUY,29164.212314747187,7.808814051595654,227737.91092711684,113.86895546355842,0.0,SPY_ABS_MOM_SSO_weekly_189D,after_tax
2015-12-14,RISK,SELL,29164.212314747187,7.261842286542456,211785.91024093336,105.89295512046668,-16171.762596767512,SPY_ABS_MOM_SSO_weekly_189D,after_tax
2015-12-28,RISK,BUY,28088.613578820998,7.532384237371399,211574.23017072753,105.78711508536377,0.0,SPY_ABS_MOM_SSO_weekly_189D,after_tax
2016-01-11,RISK,SELL,28088.613578820998,6.680310498069525,187640.66016681612,93.82033008340807,-24133.17744908019,SPY_ABS_MOM_SSO_weekly_189D,after_tax
2016-04-04,RISK,BUY,24485.640943611972,7.655634325104203,187453.1132800927,93.72655664004634,0.0,SPY_ABS_MOM_SSO_weekly_189D,after_tax
2016-04-18,RISK,SELL,24485.640943611972,7.659189883924917,187540.17341673057,93.77008670836528,-100.4365067105391,SPY_ABS_MOM_SSO_weekly_189D,after_tax
2016-04-25,RISK,BUY,24184.266787677876,7.746884725155159,187352.72696653896,93.67636348326948,0.0,SPY_ABS_MOM_SSO_weekly_189D,after_tax
2016-05-02,RISK,SELL,24184.266787677876,7.64733743653064,184945.24878045364,92.47262439022683,-2593.627173958841,SPY_ABS_MOM_SSO_weekly_189D,after_tax
2016-05-09,RISK,BUY,24501.822317004808,7.540679773432874,184760.39595808435,92.38019797904218,0.0,SPY_ABS_MOM_SSO_weekly_189D,after_tax
2016-05-16,RISK,SELL,24501.822317004808,7.496831639950992,183686.03678257897,91.84301839128949,-1258.5823918757087,SPY_ABS_MOM_SSO_weekly_189D,after_tax
2016-05-23,RISK,BUY,24365.633020871624,7.531199472048516,183502.44254291625,91.75122127145812,0.0,SPY_ABS_MOM_SSO_weekly_189D,after_tax
2018-10-22,RISK,SELL,24365.633020871624,13.817764817183939,336678.58670421515,168.33929335210757,152916.05364667534,SPY_ABS_MOM_SSO_weekly_189D,after_tax
2018-11-05,RISK,BUY,23607.07305290686,13.312922760821145,314279.14016241126,157.13957008120565,0.0,SPY_ABS_MOM_SSO_weekly_189D,after_tax
2018-11-26,RISK,SELL,23607.07305290686,12.619813119780225,297916.8502326842,148.9584251163421,-16668.38792492455,SPY_ABS_MOM_SSO_weekly_189D,after_tax
2018-12-03,RISK,BUY,21229.35627986,14.019223114587883,297619.08226643474,148.80954113321738,0.0,SPY_ABS_MOM_SSO_weekly_189D,after_tax
2018-12-10,RISK,SELL,21229.35627986,12.33801637864248,261928.1454889493,130.96407274447463,-35970.71039136316,SPY_ABS_MOM_SSO_weekly_189D,after_tax
2019-01-22,RISK,BUY,21000.03563147045,12.460281155425905,261666.3482420838,130.8331741210419,0.0,SPY_ABS_MOM_SSO_weekly_189D,after_tax
2019-06-03,RISK,SELL,21000.03563147045,13.331679925472988,279965.7534622921,139.98287673114604,18028.5891693561,SPY_ABS_MOM_SSO_weekly_189D,after_tax
2019-06-10,RISK,BUY,19007.217255596344,14.714722510966272,279685.9276217501,139.84296381087506,0.0,SPY_ABS_MOM_SSO_weekly_189D,after_tax
2020-03-16,RISK,SELL,19007.217255596344,9.62951463426216,183030.27671936524,91.51513835968262,-96887.00900455544,SPY_ABS_MOM_SSO_weekly_189D,after_tax
2020-05-11,RISK,BUY,13576.750056643335,13.467680936099963,182847.33791204955,91.42366895602478,0.0,SPY_ABS_MOM_SSO_weekly_189D,after_tax
2022-03-14,RISK,SELL,13576.750056643335,27.621445727256866,375009.46484210546,187.50473242105272,191883.1985286788,SPY_ABS_MOM_SSO_weekly_189D,after_tax
2022-03-21,RISK,BUY,11703.262520578097,30.96345329284668,362373.422429843,181.1867112149215,0.0,SPY_ABS_MOM_SSO_weekly_189D,after_tax
2022-04-25,RISK,SELL,11703.262520578097,27.98402994832857,327504.44886900875,163.75222443450437,-35213.91249648371,SPY_ABS_MOM_SSO_weekly_189D,after_tax
2023-02-13,RISK,BUY,13312.471361505119,24.57673704648166,327177.108090529,163.5885540452645,0.0,SPY_ABS_MOM_SSO_weekly_189D,after_tax
2023-03-06,RISK,SELL,13312.471361505119,24.009844481553653,319630.3670548747,159.81518352743737,-7870.14477322693,SPY_ABS_MOM_SSO_weekly_189D,after_tax
2023-03-20,RISK,BUY,14244.341747051605,22.416683206103855,319310.89642313577,159.6554482115679,0.0,SPY_ABS_MOM_SSO_weekly_189D,after_tax
2023-05-15,RISK,SELL,14244.341747051605,24.65004375453003,351123.6473193008,175.5618236596504,31477.533624293806,SPY_ABS_MOM_SSO_weekly_189D,after_tax
2023-05-30,RISK,BUY,13625.027891271753,25.74473255726504,350772.69914606813,175.38634957303407,0.0,SPY_ABS_MOM_SSO_weekly_189D,after_tax
2025-04-07,RISK,SELL,13625.027891271753,31.079078373838723,423453.30967857334,211.72665483928668,72293.49752809288,SPY_ABS_MOM_SSO_weekly_189D,after_tax
2025-04-28,RISK,BUY,10557.812451700815,38.900830292555845,410707.6704442463,205.35383522212317,0.0,SPY_ABS_MOM_SSO_weekly_189D,after_tax
2006-06-21,RISK,BUY,27674.981572808407,3.6115660899196587,99950.02498750626,49.97501249375313,0.0,SPY_ABS_MOM_SSO_weekly_252D,pre_tax
2008-01-22,RISK,SELL,27674.981572808407,3.474828050120196,96165.8022557542,48.0829011278771,-3882.2806453736994,SPY_ABS_MOM_SSO_weekly_252D,pre_tax
2009-10-12,RISK,BUY,47069.765641584854,2.0410062213586886,96069.68451237014,48.034842256185065,0.0,SPY_ABS_MOM_SSO_weekly_252D,pre_tax
2011-11-28,RISK,SELL,47069.765641584854,2.4220106818506393,114003.47517612473,57.00173758806237,17828.75408391036,SPY_ABS_MOM_SSO_weekly_252D,pre_tax
2011-12-05,RISK,BUY,41818.02353428595,2.723455559319376,113889.52867419958,56.94476433709979,0.0,SPY_ABS_MOM_SSO_weekly_252D,pre_tax
2011-12-19,RISK,SELL,41818.02353428595,2.549790093014672,106627.18211717672,53.313591058588365,-7372.604912418523,SPY_ABS_MOM_SSO_weekly_252D,pre_tax
2011-12-27,RISK,BUY,39154.7864729193,2.7205002968329346,106520.60822200714,53.26030411100357,0.0,SPY_ABS_MOM_SSO_weekly_252D,pre_tax
2012-05-21,RISK,SELL,39154.7864729193,2.892865918861253,113269.54734779785,56.63477367389893,6639.044048005802,SPY_ABS_MOM_SSO_weekly_252D,pre_tax
2012-05-29,RISK,BUY,37356.117078101604,3.0291246322614582,113156.3344069205,56.578167203460254,0.0,SPY_ABS_MOM_SSO_weekly_252D,pre_tax
2012-06-04,RISK,SELL,37356.117078101604,2.809597552610207,104955.65511765462,52.47782755882731,-8309.735284028182,SPY_ABS_MOM_SSO_weekly_252D,pre_tax
2012-06-11,RISK,BUY,34193.53296996327,3.066391297039797,104850.75191413873,52.42537595706936,0.0,SPY_ABS_MOM_SSO_weekly_252D,pre_tax
2015-09-08,RISK,SELL,34193.53296996327,6.82001054597146,233200.25545917233,116.60012772958616,128180.47804134694,SPY_ABS_MOM_SSO_weekly_252D,pre_tax
2015-09-14,RISK,BUY,33836.984895199275,6.884986131805819,232967.17174556997,116.48358587278499,0.0,SPY_ABS_MOM_SSO_weekly_252D,pre_tax
2015-09-21,RISK,SELL,33836.984895199275,6.91570336368932,234006.55025683434,117.00327512841717,805.8916502631619,SPY_ABS_MOM_SSO_weekly_252D,pre_tax
2015-09-28,RISK,BUY,35488.481536927575,6.587282704900401,233772.66065138023,116.88633032569011,0.0,SPY_ABS_MOM_SSO_weekly_252D,pre_tax
2015-12-21,RISK,SELL,35488.481536927575,7.293739556226657,258843.74157630804,129.42187078815402,24824.772723813978,SPY_ABS_MOM_SSO_weekly_252D,pre_tax
2015-12-28,RISK,BUY,34329.77116448366,7.532384237371399,258585.02719192393,129.29251359596196,0.0,SPY_ABS_MOM_SSO_weekly_252D,pre_tax
2016-01-11,RISK,SELL,34329.77116448366,6.680310498069525,229333.53070642464,114.66676535321233,-29495.455764448445,SPY_ABS_MOM_SSO_weekly_252D,pre_tax
2016-03-21,RISK,BUY,30666.80128237817,7.470759981636146,229104.31178517887,114.55215589258944,0.0,SPY_ABS_MOM_SSO_weekly_252D,pre_tax
2016-04-11,RISK,SELL,30666.80128237817,7.534754647001313,231066.82347106474,115.53341173553237,1732.4261182577466,SPY_ABS_MOM_SSO_weekly_252D,pre_tax
2016-04-18,RISK,BUY,30138.41876511577,7.659189883924917,230835.8721232676,115.4179360616338,0.0,SPY_ABS_MOM_SSO_weekly_252D,pre_tax
2016-05-16,RISK,SELL,30138.41876511577,7.496831639950992,225942.6513764126,112.9713256882063,-5121.6100086048245,SPY_ABS_MOM_SSO_weekly_252D,pre_tax
2016-05-31,RISK,BUY,28568.3317210254,7.900945138976524,225716.82163990446,112.85841081995223,0.0,SPY_ABS_MOM_SSO_weekly_252D,pre_tax
2016-06-20,RISK,SELL,28568.3317210254,7.84524588673771,224125.58692533296,112.06279346266648,-1816.1559188541141,SPY_ABS_MOM_SSO_weekly_252D,pre_tax
2016-07-05,RISK,BUY,28588.503920402974,7.831874447455929,223901.5733451977,111.95078667259887,0.0,SPY_ABS_MOM_SSO_weekly_252D,pre_tax
2018-12-17,RISK,SELL,28588.503920402974,11.953089372724603,341720.94239306444,170.86047119653222,117536.5577899976,SPY_ABS_MOM_SSO_weekly_252D,pre_tax
2019-02-11,RISK,BUY,26189.294195997394,13.035074166982678,341379.39222575503,170.68969611287753,0.0,SPY_ABS_MOM_SSO_weekly_252D,pre_tax
2020-03-16,RISK,SELL,26189.294195997394,9.62951463426216,252190.19172135394,126.09509586067698,-89485.98529637465,SPY_ABS_MOM_SSO_weekly_252D,pre_tax
2020-04-20,RISK,BUY,19644.15640636799,12.825092732413916,251938.1275617124,125.9690637808562,0.0,SPY_ABS_MOM_SSO_weekly_252D,pre_tax
2020-04-27,RISK,SELL,19644.15640636799,13.0227206113682,255820.3605261491,127.91018026307455,3628.35372039277,SPY_ABS_MOM_SSO_weekly_252D,pre_tax
2020-05-11,RISK,BUY,18976.145130290544,13.467680936099963,255564.6680118801,127.78233400594006,0.0,SPY_ABS_MOM_SSO_weekly_252D,pre_tax
2022-05-09,RISK,SELL,18976.145130290544,25.423651812370593,482442.90653351863,241.2214532667593,226509.23473436586,SPY_ABS_MOM_SSO_weekly_252D,pre_tax
2022-05-31,RISK,BUY,18301.912636117366,26.33389822748782,481960.704727888,240.980352363944,0.0,SPY_ABS_MOM_SSO_weekly_252D,pre_tax
2022-06-06,RISK,SELL,18301.912636117366,26.4604552189642,484276.93972937856,242.13846986468928,1833.1161792619969,SPY_ABS_MOM_SSO_weekly_252D,pre_tax
2023-05-01,RISK,BUY,19271.13542892146,25.10453556779278,483792.9048071104,241.8964524035552,0.0,SPY_ABS_MOM_SSO_weekly_252D,pre_tax
2023-05-08,RISK,SELL,19271.13542892146,24.762441720265713,477200.36794201547,238.60018397100774,-7073.033501469472,SPY_ABS_MOM_SSO_weekly_252D,pre_tax
2023-05-15,RISK,BUY,19339.65760070538,24.65004375453003,476723.40605501697,238.3617030275085,0.0,SPY_ABS_MOM_SSO_weekly_252D,pre_tax
2025-04-07,RISK,SELL,19339.65760070538,31.079078373838723,601058.7342955283,300.52936714776416,123796.43717033608,SPY_ABS_MOM_SSO_weekly_252D,pre_tax
2025-04-14,RISK,BUY,15785.141704933798,38.03944159416266,600457.9759404104,300.2289879702052,0.0,SPY_ABS_MOM_SSO_weekly_252D,pre_tax
2006-06-21,RISK,BUY,27674.981572808407,3.6115660899196587,99950.02498750626,49.97501249375313,0.0,SPY_ABS_MOM_SSO_weekly_252D,after_tax
2008-01-22,RISK,SELL,27674.981572808407,3.474828050120196,96165.8022557542,48.0829011278771,-3882.2806453736994,SPY_ABS_MOM_SSO_weekly_252D,after_tax
2009-10-12,RISK,BUY,47069.765641584854,2.0410062213586886,96069.68451237014,48.034842256185065,0.0,SPY_ABS_MOM_SSO_weekly_252D,after_tax
2011-11-28,RISK,SELL,47069.765641584854,2.4220106818506393,114003.47517612473,57.00173758806237,17828.75408391036,SPY_ABS_MOM_SSO_weekly_252D,after_tax
2011-12-05,RISK,BUY,40778.23782371631,2.723455559319376,111057.71850024784,55.52885925012392,0.0,SPY_ABS_MOM_SSO_weekly_252D,after_tax
2011-12-19,RISK,SELL,40778.23782371631,2.549790093014672,103975.94681350802,51.987973406754016,-7189.288519396694,SPY_ABS_MOM_SSO_weekly_252D,after_tax
2011-12-27,RISK,BUY,38181.22091352438,2.7205002968329346,103872.02282868694,51.93601141434347,0.0,SPY_ABS_MOM_SSO_weekly_252D,after_tax
2012-05-21,RISK,SELL,38181.22091352438,2.892865918861253,110453.1527212472,55.2265763606236,6473.967304785285,SPY_ABS_MOM_SSO_weekly_252D,after_tax
2012-05-29,RISK,BUY,36427.274596860705,3.0291246322614582,110342.75476750283,55.17137738375142,0.0,SPY_ABS_MOM_SSO_weekly_252D,after_tax
2012-06-04,RISK,SELL,36427.274596860705,2.809597552610207,102345.9815555998,51.1729907777999,-8103.117580064572,SPY_ABS_MOM_SSO_weekly_252D,after_tax
2012-06-11,RISK,BUY,33343.32667202789,3.066391297039797,102243.68672146127,51.12184336073064,0.0,SPY_ABS_MOM_SSO_weekly_252D,after_tax
2015-09-08,RISK,SELL,33343.32667202789,6.82001054597146,227401.83954100168,113.70091977050085,124993.33005640919,SPY_ABS_MOM_SSO_weekly_252D,after_tax
2015-09-14,RISK,BUY,29569.473758640157,6.884986131805819,203585.41675303358,101.7927083765168,0.0,SPY_ABS_MOM_SSO_weekly_252D,after_tax
2015-09-21,RISK,SELL,29569.473758640157,6.91570336368932,204493.70913515083,102.24685456757541,704.2528191731544,SPY_ABS_MOM_SSO_weekly_252D,after_tax
2015-09-28,RISK,BUY,30990.97599203081,6.587282704900401,204146.3201602881,102.07316008014405,0.0,SPY_ABS_MOM_SSO_weekly_252D,after_tax
2015-12-21,RISK,SELL,30990.97599203081,7.293739556226657,226040.10747914578,113.02005373957289,21678.694105037954,SPY_ABS_MOM_SSO_weekly_252D,after_tax
2015-12-28,RISK,BUY,29394.72384350435,7.532384237371399,221412.35454069742,110.7061772703487,0.0,SPY_ABS_MOM_SSO_weekly_252D,after_tax
2016-01-11,RISK,SELL,29394.72384350435,6.680310498069525,196365.8822796167,98.18294113980835,-25255.361379490903,SPY_ABS_MOM_SSO_weekly_252D,after_tax
2016-03-21,RISK,BUY,26258.32110968834,7.470759981636146,196169.61453121126,98.08480726560563,0.0,SPY_ABS_MOM_SSO_weekly_252D,after_tax
2016-04-11,RISK,SELL,26258.32110968834,7.534754647001313,197850.0070036769,98.92500350183845,1483.3826616981823,SPY_ABS_MOM_SSO_weekly_252D,after_tax
2016-04-18,RISK,BUY,25805.895775879755,7.659189883924917,197652.25587223895,98.82612793611948,0.0,SPY_ABS_MOM_SSO_weekly_252D,after_tax
2016-05-16,RISK,SELL,25805.895775879755,7.496831639950992,193462.455949893,96.73122797494649,-4385.357278257055,SPY_ABS_MOM_SSO_weekly_252D,after_tax
2016-05-31,RISK,BUY,24461.515271559703,7.900945138976524,193269.09017682963,96.63454508841482,0.0,SPY_ABS_MOM_SSO_weekly_252D,after_tax
2016-06-20,RISK,SELL,24461.515271559703,7.84524588673771,191906.60206757544,95.95330103378772,-1555.0759553764074,SPY_ABS_MOM_SSO_weekly_252D,after_tax
2016-07-05,RISK,BUY,24478.787633416672,7.831874447455929,191714.79137085623,95.85739568542812,0.0,SPY_ABS_MOM_SSO_weekly_252D,after_tax
2018-12-17,RISK,SELL,24478.787633416672,11.953089372724603,292597.1363181753,146.29856815908767,100640.18898347454,SPY_ABS_MOM_SSO_weekly_252D,after_tax
2019-02-11,RISK,BUY,21319.626174101613,13.035074166982678,277902.9083917597,138.95145419587985,0.0,SPY_ABS_MOM_SSO_weekly_252D,after_tax
2020-03-16,RISK,SELL,21319.626174101613,9.62951463426216,205297.65224051007,102.64882612025504,-72846.85643156574,SPY_ABS_MOM_SSO_weekly_252D,after_tax
2020-04-20,RISK,BUY,15991.498967290101,12.825092732413916,205092.45718579693,102.54622859289847,0.0,SPY_ABS_MOM_SSO_weekly_252D,after_tax
2020-04-27,RISK,SELL,15991.498967290101,13.0227206113682,208252.82320800208,104.12641160400105,2953.693382008263,SPY_ABS_MOM_SSO_weekly_252D,after_tax
2020-05-11,RISK,BUY,15447.698489909066,13.467680936099963,208044.6744591685,104.02233722958425,0.0,SPY_ABS_MOM_SSO_weekly_252D,after_tax
2022-05-09,RISK,SELL,15447.698489909066,25.423651812370593,392736.9077099311,196.36845385496554,184391.842459678,SPY_ABS_MOM_SSO_weekly_252D,after_tax
2022-05-31,RISK,BUY,14015.98736172947,26.33389822748782,369095.5847415394,184.54779237076968,0.0,SPY_ABS_MOM_SSO_weekly_252D,after_tax
2022-06-06,RISK,SELL,14015.98736172947,26.4604552189642,370869.4059346108,185.4347029673054,1403.8386977333575,SPY_ABS_MOM_SSO_weekly_252D,after_tax
2023-05-01,RISK,BUY,14746.884026720403,25.10453556779278,370213.67456291756,185.10683728145878,0.0,SPY_ABS_MOM_SSO_weekly_252D,after_tax
2023-05-08,RISK,SELL,14746.884026720403,24.762441720265713,365168.85626718134,182.58442813359068,-5412.509561151266,SPY_ABS_MOM_SSO_weekly_252D,after_tax
2023-05-15,RISK,BUY,14799.319365794405,24.65004375453003,364803.8699040957,182.40193495204787,0.0,SPY_ABS_MOM_SSO_weekly_252D,after_tax
2025-04-07,RISK,SELL,14799.319365794405,31.079078373838723,459949.2064489935,229.97460322449675,94732.9600067212,SPY_ABS_MOM_SSO_weekly_252D,after_tax
2025-04-14,RISK,BUY,11602.512741737693,38.03944159416266,441353.10578485904,220.67655289242953,0.0,SPY_ABS_MOM_SSO_weekly_252D,after_tax
2006-06-21,RISK,BUY,27674.981572808407,3.6115660899196587,99950.02498750626,49.97501249375313,0.0,SPY_ABS_MOM_SSO_monthly_126D,pre_tax
2007-12-03,RISK,SELL,27674.981572808407,4.755640499977495,131612.2632037785,65.80613160188925,31546.457072176607,SPY_ABS_MOM_SSO_monthly_126D,pre_tax
2009-06-01,RISK,BUY,85662.98589347803,1.5348603056787682,131480.7167138197,65.74035835690985,0.0,SPY_ABS_MOM_SSO_monthly_126D,pre_tax
2010-06-01,RISK,SELL,85662.98589347803,2.0448479079924367,175167.77749666417,87.58388874833209,43533.73653573921,SPY_ABS_MOM_SSO_monthly_126D,pre_tax
2010-08-02,RISK,BUY,80251.39869146838,2.1805563530681473,174992.6972592862,87.4963486296431,0.0,SPY_ABS_MOM_SSO_monthly_126D,pre_tax
2010-09-01,RISK,SELL,80251.39869146838,1.9726372228813862,158306.8962470851,79.15344812354255,-16852.45080895428,SPY_ABS_MOM_SSO_monthly_126D,pre_tax
2010-12-01,RISK,BUY,63007.47578524637,2.509998480240035,158148.66846472918,79.07433423236459,0.0,SPY_ABS_MOM_SSO_monthly_126D,pre_tax
2011-09-01,RISK,SELL,63007.47578524637,2.569805461092331,161916.95536256893,80.95847768128446,3608.254085926077,SPY_ABS_MOM_SSO_monthly_126D,pre_tax
2012-02-01,RISK,BUY,54181.97736617782,2.985404505118669,161755.11932522504,80.87755966261253,0.0,SPY_ABS_MOM_SSO_monthly_126D,pre_tax
2015-07-01,RISK,SELL,54181.97736617782,7.761558175480756,420536.5693901708,210.2682846950854,258490.30422058803,SPY_ABS_MOM_SSO_monthly_126D,pre_tax
2015-08-03,RISK,BUY,52896.00095055054,7.942306326270798,420116.2429839837,210.05812149199187,0.0,SPY_ABS_MOM_SSO_monthly_126D,pre_tax
2015-09-01,RISK,SELL,52896.00095055054,6.626267773461516,350503.0664436227,175.25153322181134,-69998.4861950748,SPY_ABS_MOM_SSO_monthly_126D,pre_tax
2016-04-01,RISK,BUY,46862.32476536695,7.4719455403524195,350152.7385411303,175.07636927056518,0.0,SPY_ABS_MOM_SSO_monthly_126D,pre_tax
2016-05-02,RISK,SELL,46862.32476536695,7.64733743653064,358372.01054104767,179.18600527052385,7865.00962537626,SPY_ABS_MOM_SSO_monthly_126D,pre_tax
2016-06-01,RISK,BUY,45946.81152258554,7.7919186503502855,358013.8176269637,179.00690881348186,0.0,SPY_ABS_MOM_SSO_monthly_126D,pre_tax
2019-01-02,RISK,SELL,45946.81152258554,10.809249178341002,496650.5346978967,248.32526734894836,138209.3848947705,SPY_ABS_MOM_SSO_monthly_126D,pre_tax
2019-05-01,RISK,BUY,32280.465709702206,15.370104534001245,496154.13236436556,248.0770661821828,0.0,SPY_ABS_MOM_SSO_monthly_126D,pre_tax
2020-04-01,RISK,SELL,32280.465709702206,9.974667954092526,321986.92685774923,160.99346342887463,-174576.27603622735,SPY_ABS_MOM_SSO_monthly_126D,pre_tax
2020-08-03,RISK,BUY,18781.395522106726,17.12679446345087,321665.1008438984,160.8325504219492,0.0,SPY_ABS_MOM_SSO_monthly_126D,pre_tax
2022-03-01,RISK,SELL,18781.395522106726,29.635400614170223,556594.1803908156,278.2970901954078,234489.94990629988,SPY_ABS_MOM_SSO_monthly_126D,pre_tax
2022-04-01,RISK,BUY,17292.1053231491,32.15559088829184,556037.864368436,278.01893218421804,0.0,SPY_ABS_MOM_SSO_monthly_126D,pre_tax
2022-05-02,RISK,SELL,17292.1053231491,26.382579479570605,456210.34305708704,228.10517152854354,-100333.64541506174,SPY_ABS_MOM_SSO_monthly_126D,pre_tax
2022-12-01,RISK,BUY,18373.140292530607,24.805468931758373,455754.36070520594,227.87718035260298,0.0,SPY_ABS_MOM_SSO_monthly_126D,pre_tax
2023-02-01,RISK,SELL,18373.140292530607,24.215098911127928,444907.40949165856,222.45370474582927,-11297.28209864581,SPY_ABS_MOM_SSO_monthly_126D,pre_tax
2023-04-03,RISK,BUY,18167.78261302419,24.46433524067336,444462.72442470037,222.23136221235018,0.0,SPY_ABS_MOM_SSO_monthly_126D,pre_tax
2025-04-01,RISK,SELL,18167.78261302419,40.71270051197146,739659.4924906561,369.82974624532807,294604.7069574981,SPY_ABS_MOM_SSO_monthly_126D,pre_tax
2025-07-01,RISK,BUY,15319.77393265124,48.23310095119738,738920.2026430893,369.4601013215447,0.0,SPY_ABS_MOM_SSO_monthly_126D,pre_tax
2026-04-01,RISK,SELL,15319.77393265124,52.347155776245074,801946.5925093531,400.97329625467654,62255.95646868751,SPY_ABS_MOM_SSO_monthly_126D,pre_tax
2026-05-01,RISK,BUY,12655.194853366726,63.30562713355779,801145.0466897535,400.5725233448768,0.0,SPY_ABS_MOM_SSO_monthly_126D,pre_tax
2006-06-21,RISK,BUY,27674.981572808407,3.6115660899196587,99950.02498750626,49.97501249375313,0.0,SPY_ABS_MOM_SSO_monthly_126D,after_tax
2007-12-03,RISK,SELL,27674.981572808407,4.755640499977495,131612.2632037785,65.80613160188925,31546.457072176607,SPY_ABS_MOM_SSO_monthly_126D,after_tax
2009-06-01,RISK,BUY,81489.66796968962,1.5348603056787682,125075.25668961914,62.53762834480957,0.0,SPY_ABS_MOM_SSO_monthly_126D,after_tax
2010-06-01,RISK,SELL,81489.66796968962,2.0448479079924367,166633.97707081807,83.31698853540904,41412.86576431872,SPY_ABS_MOM_SSO_monthly_126D,after_tax
2010-08-02,RISK,BUY,72485.44935622321,2.1805563530681473,158058.60709871197,79.02930354935599,0.0,SPY_ABS_MOM_SSO_monthly_126D,after_tax
2010-09-01,RISK,SELL,72485.44935622321,1.9726372228813862,142987.4955173695,71.49374775868475,-15221.6346326505,SPY_ABS_MOM_SSO_monthly_126D,after_tax
2010-12-01,RISK,BUY,56910.22548595745,2.509998480240035,142844.5794798709,71.42228973993545,0.0,SPY_ABS_MOM_SSO_monthly_126D,after_tax
2011-09-01,RISK,SELL,56910.22548595745,2.569805461092331,146248.20824580942,73.12410412290471,3259.0823720756744,SPY_ABS_MOM_SSO_monthly_126D,after_tax
2012-02-01,RISK,BUY,48938.772911551045,2.985404505118669,146102.03312512397,73.05101656256198,0.0,SPY_ABS_MOM_SSO_monthly_126D,after_tax
2015-07-01,RISK,SELL,48938.772911551045,7.761558175480756,379841.1329896452,189.9205664948226,233476.12828146384,SPY_ABS_MOM_SSO_monthly_126D,after_tax
2015-08-03,RISK,BUY,42114.1509745449,7.942306326270798,334483.4877106515,167.24174385532575,0.0,SPY_ABS_MOM_SSO_monthly_126D,after_tax
2015-09-01,RISK,SELL,42114.1509745449,6.626267773461516,279059.64140931977,139.5298207046599,-55730.61786589172,SPY_ABS_MOM_SSO_monthly_126D,after_tax
2016-04-01,RISK,BUY,37310.32563372407,7.4719455403524195,278780.7212280011,139.39036061400057,0.0,SPY_ABS_MOM_SSO_monthly_126D,after_tax
2016-05-02,RISK,SELL,37310.32563372407,7.64733743653064,285324.6499879268,142.6623249939634,6261.876074317726,SPY_ABS_MOM_SSO_monthly_126D,after_tax
2016-06-01,RISK,BUY,36581.42246084081,7.7919186503502855,285039.46792896837,142.51973396448417,0.0,SPY_ABS_MOM_SSO_monthly_126D,after_tax
2019-01-02,RISK,SELL,36581.42246084081,10.809249178341002,395417.7106773886,197.7088553386943,110038.01415911707,SPY_ABS_MOM_SSO_monthly_126D,after_tax
2019-05-01,RISK,BUY,24900.545815928694,15.370104534001245,382723.9921445113,191.36199607225566,0.0,SPY_ABS_MOM_SSO_monthly_126D,after_tax
2020-04-01,RISK,SELL,24900.545815928694,9.974667954092526,248374.67638955667,124.18733819477833,-134664.86508922165,SPY_ABS_MOM_SSO_monthly_126D,after_tax
2020-08-03,RISK,BUY,14487.616253464854,17.12679446345087,248126.4258384427,124.06321291922134,0.0,SPY_ABS_MOM_SSO_monthly_126D,after_tax
2022-03-01,RISK,SELL,14487.616253464854,29.635400614170223,429346.31161579484,214.67315580789742,180881.14940862503,SPY_ABS_MOM_SSO_monthly_126D,after_tax
2022-04-01,RISK,BUY,13046.970128493716,32.15559088829184,419533.03378360835,209.76651689180417,0.0,SPY_ABS_MOM_SSO_monthly_126D,after_tax
2022-05-02,RISK,SELL,13046.970128493716,26.382579479570605,344212.726382569,172.10636319128452,-75702.18028112245,SPY_ABS_MOM_SSO_monthly_126D,after_tax
2022-12-01,RISK,BUY,13862.615805512363,24.805468931758373,343868.6856765395,171.93434283826974,0.0,SPY_ABS_MOM_SSO_monthly_126D,after_tax
2023-02-01,RISK,SELL,13862.615805512363,24.215098911127928,335684.61289744725,167.84230644872363,-8523.84942837921,SPY_ABS_MOM_SSO_monthly_126D,after_tax
2023-04-03,RISK,BUY,13707.67252589966,24.46433524067336,335349.09604297706,167.67454802148853,0.0,SPY_ABS_MOM_SSO_monthly_126D,after_tax
2025-04-01,RISK,SELL,13707.67252589966,40.71270051197146,558076.3662631322,279.0381831315661,222280.55748900207,SPY_ABS_MOM_SSO_monthly_126D,after_tax
2025-07-01,RISK,BUY,10977.664651784571,48.23310095119738,529486.8073579163,264.74340367895815,0.0,SPY_ABS_MOM_SSO_monthly_126D,after_tax
2026-04-01,RISK,SELL,10977.664651784571,52.347155776245074,574649.5215863461,287.324760793173,44610.64606395771,SPY_ABS_MOM_SSO_monthly_126D,after_tax
2026-05-01,RISK,BUY,8925.226099851228,63.30562713355779,565017.0355598801,282.50851777994006,0.0,SPY_ABS_MOM_SSO_monthly_126D,after_tax
2006-06-21,RISK,BUY,27674.981572808407,3.6115660899196587,99950.02498750626,49.97501249375313,0.0,SPY_ABS_MOM_SSO_monthly_189D,pre_tax
2008-02-01,RISK,SELL,27674.981572808407,4.0886922900300675,113154.48378346593,56.57724189173297,13097.906541574179,SPY_ABS_MOM_SSO_monthly_189D,pre_tax
2009-08-03,RISK,BUY,64647.51800504719,1.7485804457307157,113041.38584864988,56.52069292432494,0.0,SPY_ABS_MOM_SSO_monthly_189D,pre_tax
2010-07-01,RISK,SELL,64647.51800504719,1.858598368654811,120153.77150176323,60.076885750881615,6995.78807443814,SPY_ABS_MOM_SSO_monthly_189D,pre_tax
2010-08-02,RISK,BUY,55047.27158655206,2.1805563530681473,120033.6777771238,60.0168388885619,0.0,SPY_ABS_MOM_SSO_monthly_189D,pre_tax
2010-09-01,RISK,SELL,55047.27158655206,1.9726372228813862,108588.2969496935,54.29414847484675,-11559.691814793696,SPY_ABS_MOM_SSO_monthly_189D,pre_tax
2010-10-01,RISK,BUY,47017.24064582595,2.307233717455286,108479.76291975878,54.23988145987939,0.0,SPY_ABS_MOM_SSO_monthly_189D,pre_tax
2011-10-03,RISK,SELL,47017.24064582595,2.1786472784216535,102433.98337192465,51.21699168596233,-6151.236420979985,SPY_ABS_MOM_SSO_monthly_189D,pre_tax
2012-03-01,RISK,BUY,31870.991280155587,3.2108069586045573,102331.60057994873,51.165800289974364,0.0,SPY_ABS_MOM_SSO_monthly_189D,pre_tax
2015-09-01,RISK,SELL,31870.991280155587,6.626267773461516,211185.72242796794,105.59286121398397,108697.36318651524,SPY_ABS_MOM_SSO_monthly_189D,pre_tax
2015-11-02,RISK,BUY,27248.352155556295,7.742656915222327,210974.64224563114,105.48732112281557,0.0,SPY_ABS_MOM_SSO_monthly_189D,pre_tax
2016-02-01,RISK,SELL,27248.352155556295,6.613946455477509,180219.14215684452,90.10957107842226,-30951.096980987844,SPY_ABS_MOM_SSO_monthly_189D,pre_tax
2016-04-01,RISK,BUY,24095.33261543751,7.4719455403524195,180039.0130792265,90.01950653961326,0.0,SPY_ABS_MOM_SSO_monthly_189D,pre_tax
2016-05-02,RISK,SELL,24095.33261543751,7.64733743653064,184265.139155693,92.13256957784651,4043.9740003490297,SPY_ABS_MOM_SSO_monthly_189D,pre_tax
2016-06-01,RISK,BUY,23624.60061037576,7.7919186503502855,184080.96610306363,92.04048305153182,0.0,SPY_ABS_MOM_SSO_monthly_189D,pre_tax
2018-11-01,RISK,SELL,23624.60061037576,13.243374467740427,312869.4325340153,156.43471626700764,128539.99123163312,SPY_ABS_MOM_SSO_monthly_189D,pre_tax
2018-12-03,RISK,BUY,22294.867333467602,14.019223114587883,312556.7194580193,156.27835972900965,0.0,SPY_ABS_MOM_SSO_monthly_189D,pre_tax
2019-01-02,RISK,SELL,22294.867333467602,10.809249178341002,240990.77640550633,120.49538820275316,-71842.7168004447,SPY_ABS_MOM_SSO_monthly_189D,pre_tax
2019-02-01,RISK,BUY,18598.07023569656,12.944886378705224,240749.90606427146,120.37495303213574,0.0,SPY_ABS_MOM_SSO_monthly_189D,pre_tax
2019-06-03,RISK,SELL,18598.07023569656,13.331679925472988,247943.5196137725,123.97175980688625,6949.266836662049,SPY_ABS_MOM_SSO_monthly_189D,pre_tax
2019-07-01,RISK,BUY,15903.370996572856,15.575043810355778,247695.70000396366,123.84785000198184,0.0,SPY_ABS_MOM_SSO_monthly_189D,pre_tax
2020-04-01,RISK,SELL,15903.370996572856,9.974667954092526,158630.84504155978,79.31542252077989,-89268.01823492663,SPY_ABS_MOM_SSO_monthly_189D,pre_tax
2020-06-01,RISK,BUY,10798.599685868345,14.675263282487325,158472.29347230287,79.23614673615144,0.0,SPY_ABS_MOM_SSO_monthly_189D,pre_tax
2022-05-02,RISK,SELL,10798.599685868345,26.382579479570605,284894.91448048776,142.4474572402439,126200.93740420847,SPY_ABS_MOM_SSO_monthly_189D,pre_tax
2023-04-03,RISK,BUY,11633.676498558427,24.46433524067336,284610.1619422764,142.3050809711382,0.0,SPY_ABS_MOM_SSO_monthly_189D,pre_tax
2006-06-21,RISK,BUY,27674.981572808407,3.6115660899196587,99950.02498750626,49.97501249375313,0.0,SPY_ABS_MOM_SSO_monthly_189D,after_tax
2008-02-01,RISK,SELL,27674.981572808407,4.0886922900300675,113154.48378346593,56.57724189173297,13097.906541574179,SPY_ABS_MOM_SSO_monthly_189D,after_tax
2009-08-03,RISK,BUY,63126.56427058521,1.7485804457307157,110381.87588970855,55.19093794485428,0.0,SPY_ABS_MOM_SSO_monthly_189D,after_tax
2010-07-01,RISK,SELL,63126.56427058521,1.858598368654811,117326.92937209275,58.663464686046375,6831.199079753307,SPY_ABS_MOM_SSO_monthly_189D,after_tax
2010-08-02,RISK,BUY,53116.07579099198,2.1805563530681473,115822.59651609678,57.91129825804839,0.0,SPY_ABS_MOM_SSO_monthly_189D,after_tax
2010-09-01,RISK,SELL,53116.07579099198,1.9726372228813862,104778.74823869964,52.389374119349824,-11154.148949774535,SPY_ABS_MOM_SSO_monthly_189D,after_tax
2010-10-01,RISK,BUY,45367.75839471584,2.307233717455286,104674.02185365348,52.33701092682674,0.0,SPY_ABS_MOM_SSO_monthly_189D,after_tax
2011-10-03,RISK,SELL,45367.75839471584,2.1786472784216535,98840.3433547388,49.4201716773694,-5935.43568151888,SPY_ABS_MOM_SSO_monthly_189D,after_tax
2012-03-01,RISK,BUY,30752.877292184483,3.2108069586045573,98741.55240685801,49.37077620342901,0.0,SPY_ABS_MOM_SSO_monthly_189D,after_tax
2015-09-01,RISK,SELL,30752.877292184483,6.626267773461516,203776.7997424185,101.88839987120924,104883.98815948583,SPY_ABS_MOM_SSO_monthly_189D,after_tax
2015-11-02,RISK,BUY,23990.034299224753,7.742656915222327,185746.60496331335,92.87330248165668,0.0,SPY_ABS_MOM_SSO_monthly_189D,after_tax
2016-02-01,RISK,SELL,23990.034299224753,6.613946455477509,158668.80232014143,79.33440116007071,-27250.01034681365,SPY_ABS_MOM_SSO_monthly_189D,after_tax
2016-04-01,RISK,BUY,21214.04819622104,7.4719455403524195,158510.21281257508,79.25510640628754,0.0,SPY_ABS_MOM_SSO_monthly_189D,after_tax
2016-05-02,RISK,SELL,21214.04819622104,7.64733743653064,162230.98495132645,81.11549247566323,3560.401539869432,SPY_ABS_MOM_SSO_monthly_189D,after_tax
2016-06-01,RISK,BUY,20799.605631668695,7.7919186503502855,162068.83504133014,81.03441752066507,0.0,SPY_ABS_MOM_SSO_monthly_189D,after_tax
2018-11-01,RISK,SELL,20799.605631668695,13.243374467740427,275456.9661615112,137.7284830807556,113169.36821957966,SPY_ABS_MOM_SSO_monthly_189D,after_tax
2018-12-03,RISK,BUY,18332.893056482433,14.019223114587883,257012.91809470623,128.5064590473531,0.0,SPY_ABS_MOM_SSO_monthly_189D,after_tax
2019-01-02,RISK,SELL,18332.893056482433,10.809249178341002,198164.8092073962,99.08240460369811,-59075.69775096106,SPY_ABS_MOM_SSO_monthly_189D,after_tax
2019-02-01,RISK,BUY,15293.0460445554,12.944886378705224,197966.743431077,98.9833717155385,0.0,SPY_ABS_MOM_SSO_monthly_189D,after_tax
2019-06-03,RISK,SELL,15293.0460445554,13.331679925472988,203881.9949515333,101.94099747576665,5714.327151265024,SPY_ABS_MOM_SSO_monthly_189D,after_tax
2019-07-01,RISK,BUY,13077.216175225749,15.575043810355778,203678.21484663425,101.83910742331713,0.0,SPY_ABS_MOM_SSO_monthly_189D,after_tax
2020-04-01,RISK,SELL,13077.216175225749,9.974667954092526,130440.88911176471,65.22044455588235,-73404.38528684874,SPY_ABS_MOM_SSO_monthly_189D,after_tax
2020-06-01,RISK,BUY,8879.603105043381,14.675263282487325,130310.51341050358,65.15525670525179,0.0,SPY_ABS_MOM_SSO_monthly_189D,after_tax
2022-05-02,RISK,SELL,8879.603105043381,26.382579479570605,234266.83466584893,117.13341733292447,103774.03258130717,SPY_ABS_MOM_SSO_monthly_189D,after_tax
2023-04-03,RISK,BUY,9566.280162682297,24.46433524067336,234032.684906063,117.0163424530315,0.0,SPY_ABS_MOM_SSO_monthly_189D,after_tax
2006-06-21,RISK,BUY,27674.981572808407,3.6115660899196587,99950.02498750626,49.97501249375313,0.0,SPY_ABS_MOM_SSO_monthly_252D,pre_tax
2008-02-01,RISK,SELL,27674.981572808407,4.0886922900300675,113154.48378346593,56.57724189173297,13097.906541574179,SPY_ABS_MOM_SSO_monthly_252D,pre_tax
2009-11-02,RISK,BUY,59542.76548870851,1.8984906885133959,113041.38584864988,56.52069292432494,0.0,SPY_ABS_MOM_SSO_monthly_252D,pre_tax
2015-10-01,RISK,SELL,59542.76548870851,6.602641012861533,393139.5054349431,196.56975271747154,279845.0291406514,SPY_ABS_MOM_SSO_monthly_252D,pre_tax
2015-11-02,RISK,BUY,50725.03750345338,7.742656915222327,392746.56240102515,196.37328120051257,0.0,SPY_ABS_MOM_SSO_monthly_252D,pre_tax
2016-02-01,RISK,SELL,50725.03750345338,6.613946455477509,335492.6819999292,167.7463409999646,-57618.00002329645,SPY_ABS_MOM_SSO_monthly_252D,pre_tax
2016-04-01,RISK,BUY,44855.43359094546,7.4719455403524195,335157.35698043904,167.57867849021952,0.0,SPY_ABS_MOM_SSO_monthly_252D,pre_tax
2019-01-02,RISK,SELL,44855.43359094546,10.809249178341002,484853.5586870566,242.4267793435283,149286.1962487838,SPY_ABS_MOM_SSO_monthly_252D,pre_tax
2019-03-01,RISK,BUY,34832.445157335154,13.905683199848397,484368.94743399613,242.18447371699807,0.0,SPY_ABS_MOM_SSO_monthly_252D,pre_tax
2020-04-01,RISK,SELL,34832.445157335154,9.974667954092526,347442.07447355636,173.7210372367782,-137342.77847139357,SPY_ABS_MOM_SSO_monthly_252D,pre_tax
2020-05-01,RISK,BUY,26665.433804009608,13.016657016887203,347094.8060333029,173.54740301665146,0.0,SPY_ABS_MOM_SSO_monthly_252D,pre_tax
2022-06-01,RISK,SELL,26665.433804009608,26.523741020825792,707267.0604255244,353.6335302127622,359645.073458992,SPY_ABS_MOM_SSO_monthly_252D,pre_tax
2023-05-01,RISK,BUY,28144.72089769961,25.10453556779278,706560.1468219006,353.2800734109503,0.0,SPY_ABS_MOM_SSO_monthly_252D,pre_tax
2006-06-21,RISK,BUY,27674.981572808407,3.6115660899196587,99950.02498750626,49.97501249375313,0.0,SPY_ABS_MOM_SSO_monthly_252D,after_tax
2008-02-01,RISK,SELL,27674.981572808407,4.0886922900300675,113154.48378346593,56.57724189173297,13097.906541574179,SPY_ABS_MOM_SSO_monthly_252D,after_tax
2009-11-02,RISK,BUY,58141.91060170148,1.8984906885133959,110381.87588970855,55.19093794485428,0.0,SPY_ABS_MOM_SSO_monthly_252D,after_tax
2015-10-01,RISK,SELL,58141.91060170148,6.602641012861533,383890.163504923,191.9450817524615,273261.1515955172,SPY_ABS_MOM_SSO_monthly_252D,after_tax
2015-11-02,RISK,BUY,42365.457809347514,7.742656915222327,328021.20487410424,164.0106024370521,0.0,SPY_ABS_MOM_SSO_monthly_252D,after_tax
2016-02-01,RISK,SELL,42365.457809347514,6.613946455477509,280202.86951281596,140.101434756408,-48122.447398481774,SPY_ABS_MOM_SSO_monthly_252D,after_tax
2016-04-01,RISK,BUY,37463.17544245905,7.4719455403524195,279922.8066747222,139.96140333736108,0.0,SPY_ABS_MOM_SSO_monthly_252D,after_tax
2019-01-02,RISK,SELL,37463.17544245905,10.809249178341002,404948.79836944526,202.47439918472264,124683.55589220097,SPY_ABS_MOM_SSO_monthly_252D,after_tax
2019-03-01,RISK,BUY,27974.061394280972,13.905683199848397,388998.4355619805,194.49921778099028,0.0,SPY_ABS_MOM_SSO_monthly_252D,after_tax
2020-04-01,RISK,SELL,27974.061394280972,9.974667954092526,279031.9737353513,139.51598686767565,-110300.4770312779,SPY_ABS_MOM_SSO_monthly_252D,after_tax
2020-05-01,RISK,BUY,21415.105341274528,13.016657016887203,278753.0812078797,139.37654060393984,0.0,SPY_ABS_MOM_SSO_monthly_252D,after_tax
2022-06-01,RISK,SELL,21415.105341274528,26.523741020825792,568008.7080056687,284.00435400283436,288832.2459031822,SPY_ABS_MOM_SSO_monthly_252D,after_tax
2023-05-01,RISK,BUY,21159.13987658102,25.10453556779278,531190.3796155307,265.5951898077654,0.0,SPY_ABS_MOM_SSO_monthly_252D,after_tax
2006-06-21,RISK,BUY,27674.981572808407,3.6115660899196587,99950.02498750626,49.97501249375313,0.0,SPY_ABS_MOM_SSO_bimonthly_126D,pre_tax
2008-01-02,RISK,SELL,27674.981572808407,4.656629587952916,128872.13803799136,64.43606901899568,28807.701968972353,SPY_ABS_MOM_SSO_bimonthly_126D,pre_tax
2009-07-01,RISK,BUY,85749.26430752262,1.501392826439982,128743.33030382046,64.37166515191024,0.0,SPY_ABS_MOM_SSO_bimonthly_126D,pre_tax
2010-07-01,RISK,SELL,85749.26430752262,1.858598368654811,159373.44275531176,79.68672137765589,30486.054064961732,SPY_ABS_MOM_SSO_bimonthly_126D,pre_tax
2011-01-03,RISK,BUY,56570.40707595967,2.8144423416587805,159214.14895945438,79.60707447972719,0.0,SPY_ABS_MOM_SSO_bimonthly_126D,pre_tax
2011-09-01,RISK,SELL,56570.40707595967,2.569805461092331,145374.9410400174,72.6874705200087,-13991.502464436693,SPY_ABS_MOM_SSO_bimonthly_126D,pre_tax
2012-03-01,RISK,BUY,45231.50741308981,3.2108069586045573,145229.63875012237,72.61481937506119,0.0,SPY_ABS_MOM_SSO_bimonthly_126D,pre_tax
2015-07-01,RISK,SELL,45231.50741308981,7.761558175480756,351066.97615138564,175.53348807569282,205589.18909381249,SPY_ABS_MOM_SSO_bimonthly_126D,pre_tax
2016-07-01,RISK,BUY,44618.35942646159,7.860353655517912,350716.08462099946,175.35804231049974,0.0,SPY_ABS_MOM_SSO_bimonthly_126D,pre_tax
2019-01-02,RISK,SELL,44618.35942646159,10.809249178341002,482290.9649694034,241.14548248470172,131158.3768236087,SPY_ABS_MOM_SSO_bimonthly_126D,pre_tax
2019-05-01,RISK,BUY,31347.146271098027,15.370104534001245,481808.915029404,240.904457514702,0.0,SPY_ABS_MOM_SSO_bimonthly_126D,pre_tax
2020-05-01,RISK,SELL,31347.146271098027,13.016657016887203,408035.05146907765,204.01752573453882,-74218.78554357559,SPY_ABS_MOM_SSO_bimonthly_126D,pre_tax
2020-09-01,RISK,BUY,20955.284456956328,19.452239895405494,407627.22033317655,203.8136101665883,0.0,SPY_ABS_MOM_SSO_bimonthly_126D,pre_tax
2022-03-01,RISK,SELL,20955.284456956328,29.635400614170223,621018.2498657953,310.50912493289763,212876.70679751917,SPY_ABS_MOM_SSO_bimonthly_126D,pre_tax
2023-01-03,RISK,BUY,28273.599129483133,21.942644766542635,620397.5419698774,310.19877098493873,0.0,SPY_ABS_MOM_SSO_bimonthly_126D,pre_tax
2023-03-01,RISK,SELL,28273.599129483133,22.90537948080204,647617.5173488854,323.80875867444274,26585.96784934867,SPY_ABS_MOM_SSO_bimonthly_126D,pre_tax
2023-05-01,RISK,BUY,25771.049288339975,25.10453556779278,646970.2234784717,323.4851117392359,0.0,SPY_ABS_MOM_SSO_bimonthly_126D,pre_tax
2025-05-01,RISK,SELL,25771.049288339975,40.148345804981716,1034664.9985855012,517.3324992927506,386853.9574959974,SPY_ABS_MOM_SSO_bimonthly_126D,pre_tax
2025-07-01,RISK,BUY,21429.906646614192,48.23310095119738,1033630.850660878,516.815425330439,0.0,SPY_ABS_MOM_SSO_bimonthly_126D,pre_tax
2006-06-21,RISK,BUY,27674.981572808407,3.6115660899196587,99950.02498750626,49.97501249375313,0.0,SPY_ABS_MOM_SSO_bimonthly_126D,after_tax
2008-01-02,RISK,SELL,27674.981572808407,4.656629587952916,128872.13803799136,64.43606901899568,28807.701968972353,SPY_ABS_MOM_SSO_bimonthly_126D,after_tax
2009-07-01,RISK,BUY,81853.3085842767,1.501392826439982,122893.97032881124,61.44698516440562,0.0,SPY_ABS_MOM_SSO_bimonthly_126D,after_tax
2010-07-01,RISK,SELL,81853.3085842767,1.858598368654811,152132.42580373553,76.06621290186777,29100.942276857997,SPY_ABS_MOM_SSO_bimonthly_126D,after_tax
2011-01-03,RISK,BUY,51900.678607429334,2.8144423416587805,146071.46743357318,73.0357337167866,0.0,SPY_ABS_MOM_SSO_bimonthly_126D,after_tax
2011-09-01,RISK,SELL,51900.678607429334,2.569805461092331,133374.64731976984,66.68732365988492,-12836.543171180034,SPY_ABS_MOM_SSO_bimonthly_126D,after_tax
2012-03-01,RISK,BUY,41497.77331501564,3.2108069586045573,133241.33932644673,66.62066966322337,0.0,SPY_ABS_MOM_SSO_bimonthly_126D,after_tax
2015-07-01,RISK,SELL,41497.77331501564,7.761558175480756,322087.38173740683,161.0436908687034,188618.37805042817,SPY_ABS_MOM_SSO_bimonthly_126D,after_tax
2016-07-01,RISK,BUY,36394.44663907171,7.860353655517912,286073.22167997895,143.03661083998946,0.0,SPY_ABS_MOM_SSO_bimonthly_126D,after_tax
2019-01-02,RISK,SELL,36394.44663907171,10.809249178341002,393396.64242956135,196.6983212147807,106983.68581752764,SPY_ABS_MOM_SSO_bimonthly_126D,after_tax
2019-05-01,RISK,BUY,24156.021010081997,15.370104534001245,371280.56805049063,185.6402840252453,0.0,SPY_ABS_MOM_SSO_bimonthly_126D,after_tax
2020-05-01,RISK,SELL,24156.021010081997,13.016657016887203,314430.6403809585,157.21532019047925,-57192.78327374783,SPY_ABS_MOM_SSO_bimonthly_126D,after_tax
2020-09-01,RISK,BUY,16148.082100895837,19.452239895405494,314116.36687732936,157.05818343866468,0.0,SPY_ABS_MOM_SSO_bimonthly_126D,after_tax
2022-03-01,RISK,SELL,16148.082100895837,29.635400614170223,478554.8822105597,239.27744110527985,164042.17970868637,SPY_ABS_MOM_SSO_bimonthly_126D,after_tax
2023-01-03,RISK,BUY,20798.812734728683,21.942644766542635,456380.95940399467,228.19047970199733,0.0,SPY_ABS_MOM_SSO_bimonthly_126D,after_tax
2023-03-01,RISK,SELL,20798.812734728683,22.90537948080204,476404.69843909855,238.2023492195493,19557.346206182323,SPY_ABS_MOM_SSO_bimonthly_126D,after_tax
2023-05-01,RISK,BUY,18799.688256027144,25.10453556779278,471957.4424868497,235.97872124342484,0.0,SPY_ABS_MOM_SSO_bimonthly_126D,after_tax
2025-05-01,RISK,SELL,18799.688256027144,40.148345804981716,754776.3851288314,377.3881925644157,282205.5757281739,SPY_ABS_MOM_SSO_bimonthly_126D,after_tax
2025-07-01,RISK,BUY,14444.863801003912,48.23310095119738,696720.5739401184,348.36028697005924,0.0,SPY_ABS_MOM_SSO_bimonthly_126D,after_tax
2006-06-21,RISK,BUY,27674.981572808407,3.6115660899196587,99950.02498750626,49.97501249375313,0.0,SPY_ABS_MOM_SSO_bimonthly_189D,pre_tax
2008-03-03,RISK,SELL,27674.981572808407,3.778400478516024,104567.16361762144,52.28358180881072,4514.880035812617,SPY_ABS_MOM_SSO_bimonthly_189D,pre_tax
2009-09-01,RISK,BUY,57471.08700322557,1.817655697126347,104462.6487114569,52.231324355728454,0.0,SPY_ABS_MOM_SSO_bimonthly_189D,pre_tax
2010-07-01,RISK,SELL,57471.08700322557,1.858598368654811,106815.66854901376,53.40783427450688,2247.3806789266237,SPY_ABS_MOM_SSO_bimonthly_189D,pre_tax
2010-11-01,RISK,BUY,43169.284983435784,2.471871060698667,106708.90626160846,53.35445313080423,0.0,SPY_ABS_MOM_SSO_bimonthly_189D,pre_tax
2011-11-01,RISK,SELL,43169.284983435784,2.5434019597483384,109796.84402780508,54.89842201390254,2979.6848910519475,SPY_ABS_MOM_SSO_bimonthly_189D,pre_tax
2012-03-01,RISK,BUY,34161.84886506996,3.2108069586045573,109687.10205476382,54.84355102738191,0.0,SPY_ABS_MOM_SSO_bimonthly_189D,pre_tax
2015-09-01,RISK,SELL,34161.84886506996,6.626267773461516,226365.5582164759,113.18277910823795,116510.42983157649,SPY_ABS_MOM_SSO_bimonthly_189D,pre_tax
2015-11-02,RISK,BUY,29206.93868533396,7.742656915222327,226139.30578447547,113.06965289223774,0.0,SPY_ABS_MOM_SSO_bimonthly_189D,pre_tax
2016-03-01,RISK,SELL,29206.93868533396,6.765636673670625,197603.53549514475,98.80176774757238,-28747.641709970514,SPY_ABS_MOM_SSO_bimonthly_189D,pre_tax
2016-07-01,RISK,BUY,25114.141088736327,7.860353655517912,197406.0307120412,98.7030153560206,0.0,SPY_ABS_MOM_SSO_bimonthly_189D,pre_tax
2018-11-01,RISK,SELL,25114.141088736327,13.243374467740427,332595.97487380146,166.29798743690074,134924.94315896736,SPY_ABS_MOM_SSO_bimonthly_189D,pre_tax
2019-03-01,RISK,BUY,23894.082752973267,13.905683199848397,332263.5451138077,166.13177255690385,0.0,SPY_ABS_MOM_SSO_bimonthly_189D,pre_tax
2020-05-01,RISK,SELL,23894.082752973267,13.016657016887203,311021.079928573,155.5105399642865,-21564.107497755962,SPY_ABS_MOM_SSO_bimonthly_189D,pre_tax
2020-07-01,RISK,BUY,20356.697170517265,15.263292059552349,310710.21428146795,155.355107140734,0.0,SPY_ABS_MOM_SSO_bimonthly_189D,pre_tax
2022-05-02,RISK,SELL,20356.697170517265,26.382579479570605,537062.1810427218,268.5310905213609,225928.0805635918,SPY_ABS_MOM_SSO_bimonthly_189D,pre_tax
2023-05-01,RISK,BUY,21371.65158103513,25.10453556779278,536525.3872585712,268.2626936292856,0.0,SPY_ABS_MOM_SSO_bimonthly_189D,pre_tax
2006-06-21,RISK,BUY,27674.981572808407,3.6115660899196587,99950.02498750626,49.97501249375313,0.0,SPY_ABS_MOM_SSO_bimonthly_189D,after_tax
2008-03-03,RISK,SELL,27674.981572808407,3.778400478516024,104567.16361762144,52.28358180881072,4514.880035812617,SPY_ABS_MOM_SSO_bimonthly_189D,after_tax
2009-09-01,RISK,BUY,56966.73433018088,1.817655697126347,103545.90920193633,51.77295460096817,0.0,SPY_ABS_MOM_SSO_bimonthly_189D,after_tax
2010-07-01,RISK,SELL,56966.73433018088,1.858598368654811,105878.27949366621,52.939139746833106,2227.6581973820867,SPY_ABS_MOM_SSO_bimonthly_189D,after_tax
2010-11-01,RISK,BUY,42607.45360058956,2.471871060698667,105320.13152535855,52.660065762679274,0.0,SPY_ABS_MOM_SSO_bimonthly_189D,after_tax
2011-11-01,RISK,SELL,42607.45360058956,2.5434019597483384,108367.88098762587,54.18394049381294,2940.9054560108343,SPY_ABS_MOM_SSO_bimonthly_189D,after_tax
2012-03-01,RISK,BUY,33531.2655919021,3.2108069586045573,107662.42089329682,53.83121044664841,0.0,SPY_ABS_MOM_SSO_bimonthly_189D,after_tax
2015-09-01,RISK,SELL,33531.2655919021,6.626267773461516,222187.14459499985,111.09357229749992,114359.79891895887,SPY_ABS_MOM_SSO_bimonthly_189D,after_tax
2015-11-02,RISK,BUY,25668.770785744447,7.742656915222327,198744.48562950108,99.37224281475055,0.0,SPY_ABS_MOM_SSO_bimonthly_189D,after_tax
2016-03-01,RISK,SELL,25668.770785744447,6.765636673670625,173665.57699607778,86.8327884980389,-25265.11366473607,SPY_ABS_MOM_SSO_bimonthly_189D,after_tax
2016-07-01,RISK,BUY,22071.78020376798,7.860353655517912,173491.99820847553,86.74599910423777,0.0,SPY_ABS_MOM_SSO_bimonthly_189D,after_tax
2018-11-01,RISK,SELL,22071.78020376798,13.243374467740427,292304.8504081595,146.15242520407975,118579.95377537567,SPY_ABS_MOM_SSO_bimonthly_189D,after_tax
2019-03-01,RISK,BUY,19636.95358669344,13.905683199848397,273065.2555866857,136.53262779334284,0.0,SPY_ABS_MOM_SSO_bimonthly_189D,after_tax
2020-05-01,RISK,SELL,19636.95358669344,13.016657016887203,255607.48969452147,127.80374484726075,-17722.102264804795,SPY_ABS_MOM_SSO_bimonthly_189D,after_tax
2020-07-01,RISK,BUY,16729.81221537282,15.263292059552349,255352.00994470186,127.67600497235094,0.0,SPY_ABS_MOM_SSO_bimonthly_189D,after_tax
2022-05-02,RISK,SELL,16729.81221537282,26.382579479570605,441375.60045036464,220.68780022518231,185675.22670046528,SPY_ABS_MOM_SSO_bimonthly_189D,after_tax
2023-05-01,RISK,BUY,16205.510689997143,25.10453556779278,406831.8195112794,203.41590975563972,0.0,SPY_ABS_MOM_SSO_bimonthly_189D,after_tax
2006-06-21,RISK,BUY,27674.981572808407,3.6115660899196587,99950.02498750626,49.97501249375313,0.0,SPY_ABS_MOM_SSO_bimonthly_252D,pre_tax
2008-03-03,RISK,SELL,27674.981572808407,3.778400478516024,104567.16361762144,52.28358180881072,4514.880035812617,SPY_ABS_MOM_SSO_bimonthly_252D,pre_tax
2009-11-02,RISK,BUY,55024.05112834969,1.8984906885133959,104462.6487114569,52.231324355728454,0.0,SPY_ABS_MOM_SSO_bimonthly_252D,pre_tax
2016-03-01,RISK,SELL,55024.05112834969,6.765636673670625,372272.7382478902,186.13636912394512,267571.72184295364,SPY_ABS_MOM_SSO_bimonthly_252D,pre_tax
2016-05-02,RISK,BUY,48631.39028970449,7.64733743653064,371900.6515529898,185.9503257764949,0.0,SPY_ABS_MOM_SSO_bimonthly_252D,pre_tax
2019-01-02,RISK,SELL,48631.39028970449,10.809249178341002,525668.8155305688,262.8344077652844,153319.37924403726,SPY_ABS_MOM_SSO_bimonthly_252D,pre_tax
2019-03-01,RISK,BUY,37764.66081320045,13.905683199848397,525143.4094180946,262.5717047090473,0.0,SPY_ABS_MOM_SSO_bimonthly_252D,pre_tax
2022-07-01,RISK,SELL,37764.66081320045,21.777797193569835,822431.1242738335,411.21556213691673,296613.92758889287,SPY_ABS_MOM_SSO_bimonthly_252D,pre_tax
2023-05-01,RISK,BUY,32727.516585237252,25.10453556779278,821609.1041596167,410.8045520798084,0.0,SPY_ABS_MOM_SSO_bimonthly_252D,pre_tax
2006-06-21,RISK,BUY,27674.981572808407,3.6115660899196587,99950.02498750626,49.97501249375313,0.0,SPY_ABS_MOM_SSO_bimonthly_252D,after_tax
2008-03-03,RISK,SELL,27674.981572808407,3.778400478516024,104567.16361762144,52.28358180881072,4514.880035812617,SPY_ABS_MOM_SSO_bimonthly_252D,after_tax
2009-11-02,RISK,BUY,54541.173063649556,1.8984906885133959,103545.90920193633,51.77295460096817,0.0,SPY_ABS_MOM_SSO_bimonthly_252D,after_tax
2016-03-01,RISK,SELL,54541.173063649556,6.765636673670625,369005.76070444385,184.50288035222192,265223.57566755434,SPY_ABS_MOM_SSO_bimonthly_252D,after_tax
2016-05-02,RISK,BUY,41162.52214466766,7.64733743653064,314783.6965789385,157.39184828946927,0.0,SPY_ABS_MOM_SSO_bimonthly_252D,after_tax
2019-01-02,RISK,SELL,41162.52214466766,10.809249178341002,444935.95867069217,222.4679793353461,129772.40226412885,SPY_ABS_MOM_SSO_bimonthly_252D,after_tax
2019-03-01,RISK,BUY,30069.803157723396,13.905683199848397,418141.1565931025,209.07057829655125,0.0,SPY_ABS_MOM_SSO_bimonthly_252D,after_tax
2022-07-01,RISK,SELL,30069.803157723396,21.777797193569835,654854.074819466,327.427037409733,236176.4206106572,SPY_ABS_MOM_SSO_bimonthly_252D,after_tax
2023-05-01,RISK,BUY,24148.795111345167,25.10453556779278,606244.2857921051,303.1221428960526,0.0,SPY_ABS_MOM_SSO_bimonthly_252D,after_tax
2006-06-21,RISK,BUY,27674.981572808407,3.6115660899196587,99950.02498750626,49.97501249375313,0.0,SPY_ABS_MOM_SSO_quarterly_126D,pre_tax
2008-01-02,RISK,SELL,27674.981572808407,4.656629587952916,128872.13803799136,64.43606901899568,28807.701968972353,SPY_ABS_MOM_SSO_quarterly_126D,pre_tax
2009-07-01,RISK,BUY,85749.26430752262,1.501392826439982,128743.33030382046,64.37166515191024,0.0,SPY_ABS_MOM_SSO_quarterly_126D,pre_tax
2010-07-01,RISK,SELL,85749.26430752262,1.858598368654811,159373.44275531176,79.68672137765589,30486.054064961732,SPY_ABS_MOM_SSO_quarterly_126D,pre_tax
2011-01-03,RISK,BUY,56570.40707595967,2.8144423416587805,159214.14895945438,79.60707447972719,0.0,SPY_ABS_MOM_SSO_quarterly_126D,pre_tax
2011-10-03,RISK,SELL,56570.40707595967,2.1786472784216535,123246.9634152446,61.6234817076223,-36108.416100397124,SPY_ABS_MOM_SSO_quarterly_126D,pre_tax
2012-04-02,RISK,BUY,36299.37042453982,3.3918984435409976,123123.77804451472,61.56188902225736,0.0,SPY_ABS_MOM_SSO_quarterly_126D,pre_tax
2015-07-01,RISK,SELL,36299.37042453982,7.761558175480756,281739.6752833914,140.86983764169568,158413.4655122127,SPY_ABS_MOM_SSO_quarterly_126D,pre_tax
2016-04-01,RISK,BUY,37668.64665802566,7.4719455403524195,281458.0764075459,140.72903820377294,0.0,SPY_ABS_MOM_SSO_quarterly_126D,pre_tax
2019-01-02,RISK,SELL,37668.64665802566,10.809249178341002,407169.78793748136,203.5848939687407,125367.39759776299,SPY_ABS_MOM_SSO_quarterly_126D,pre_tax
2019-07-01,RISK,BUY,26116.319580574247,15.575043810355778,406762.8216326963,203.38141081634816,0.0,SPY_ABS_MOM_SSO_quarterly_126D,pre_tax
2020-04-01,RISK,SELL,26116.319580574247,9.974667954092526,260501.6159991931,130.25080799959656,-146594.83785231915,SPY_ABS_MOM_SSO_quarterly_126D,pre_tax
2020-10-01,RISK,BUY,14367.083276196136,18.113714493468933,260241.24456890905,130.12062228445453,0.0,SPY_ABS_MOM_SSO_quarterly_126D,pre_tax
2022-07-01,RISK,SELL,14367.083276196136,21.777797193569835,312883.4258521283,156.44171292606416,52355.61894800872,SPY_ABS_MOM_SSO_quarterly_126D,pre_tax
2023-01-03,RISK,BUY,14244.896279157927,21.942644766542635,312570.6987898073,156.28534939490368,0.0,SPY_ABS_MOM_SSO_quarterly_126D,pre_tax
2025-04-01,RISK,SELL,14244.896279157927,40.71270051197146,579948.1960374534,289.9740980187267,266931.2378002324,SPY_ABS_MOM_SSO_quarterly_126D,pre_tax
2025-07-01,RISK,BUY,12011.845107301082,48.23310095119738,579368.5376705994,289.6842688352997,0.0,SPY_ABS_MOM_SSO_quarterly_126D,pre_tax
2026-04-01,RISK,SELL,12011.845107301082,52.347155776245074,628785.926992017,314.39296349600846,48813.31208908616,SPY_ABS_MOM_SSO_quarterly_126D,pre_tax
2026-07-01,RISK,BUY,9362.90787880255,67.08999633789062,628157.4553008705,314.0787276504352,0.0,SPY_ABS_MOM_SSO_quarterly_126D,pre_tax
2006-06-21,RISK,BUY,27674.981572808407,3.6115660899196587,99950.02498750626,49.97501249375313,0.0,SPY_ABS_MOM_SSO_quarterly_126D,after_tax
2008-01-02,RISK,SELL,27674.981572808407,4.656629587952916,128872.13803799136,64.43606901899568,28807.701968972353,SPY_ABS_MOM_SSO_quarterly_126D,after_tax
2009-07-01,RISK,BUY,81853.3085842767,1.501392826439982,122893.97032881124,61.44698516440562,0.0,SPY_ABS_MOM_SSO_quarterly_126D,after_tax
2010-07-01,RISK,SELL,81853.3085842767,1.858598368654811,152132.42580373553,76.06621290186777,29100.942276857997,SPY_ABS_MOM_SSO_quarterly_126D,after_tax
2011-01-03,RISK,BUY,51900.678607429334,2.8144423416587805,146071.46743357318,73.0357337167866,0.0,SPY_ABS_MOM_SSO_quarterly_126D,after_tax
2011-10-03,RISK,SELL,51900.678607429334,2.1786472784216535,113073.27219631286,56.53663609815643,-33127.76760707528,SPY_ABS_MOM_SSO_quarterly_126D,after_tax
2012-04-02,RISK,BUY,33302.95918723697,3.3918984435409976,112960.25543249845,56.48012771624923,0.0,SPY_ABS_MOM_SSO_quarterly_126D,after_tax
2015-07-01,RISK,SELL,33302.95918723697,7.761558175480756,258482.85514740107,129.24142757370055,145336.87815961268,SPY_ABS_MOM_SSO_quarterly_126D,after_tax
2016-04-01,RISK,BUY,31509.947621175023,7.4719455403524195,235440.61260477704,117.72030630238852,0.0,SPY_ABS_MOM_SSO_quarterly_126D,after_tax
2019-01-02,RISK,SELL,31509.947621175023,10.809249178341002,340598.8754337541,170.29943771687707,104870.2430849578,SPY_ABS_MOM_SSO_quarterly_126D,after_tax
2019-07-01,RISK,BUY,20479.21711458488,15.575043810355778,318964.70376144734,159.48235188072368,0.0,SPY_ABS_MOM_SSO_quarterly_126D,after_tax
2020-04-01,RISK,SELL,20479.21711458488,9.974667954092526,204273.39067775302,102.1366953388765,-114952.93213091389,SPY_ABS_MOM_SSO_quarterly_126D,after_tax
2020-10-01,RISK,BUY,11266.006177049265,18.113714493468933,204069.2193727278,102.0346096863639,0.0,SPY_ABS_MOM_SSO_quarterly_126D,after_tax
2022-07-01,RISK,SELL,11266.006177049265,21.777797193569835,245348.7977052839,122.67439885264196,41054.86932401714,SPY_ABS_MOM_SSO_quarterly_126D,after_tax
2023-01-03,RISK,BUY,11170.192751531766,21.942644766542635,245103.57152067096,122.55178576033548,0.0,SPY_ABS_MOM_SSO_quarterly_126D,after_tax
2025-04-01,RISK,SELL,11170.192751531766,40.71270051197146,454768.7121541072,227.3843560770536,209315.20449159888,SPY_ABS_MOM_SSO_quarterly_126D,after_tax
2025-07-01,RISK,BUY,8849.066680025193,48.23310095119738,426817.92650153214,213.40896325076608,0.0,SPY_ABS_MOM_SSO_quarterly_126D,after_tax
2026-04-01,RISK,SELL,8849.066680025193,52.347155776245074,463223.4719736586,231.6117359868293,35960.524772888864,SPY_ABS_MOM_SSO_quarterly_126D,after_tax
2026-07-01,RISK,BUY,6788.772918708614,67.08999633789062,455458.750254932,227.729375127466,0.0,SPY_ABS_MOM_SSO_quarterly_126D,after_tax
2006-06-21,RISK,BUY,27674.981572808407,3.6115660899196587,99950.02498750626,49.97501249375313,0.0,SPY_ABS_MOM_SSO_quarterly_189D,pre_tax
2008-04-01,RISK,SELL,27674.981572808407,3.8087700831023192,105407.64186492063,52.70382093246032,5354.93804398815,SPY_ABS_MOM_SSO_quarterly_189D,pre_tax
2009-10-01,RISK,BUY,53890.39751073803,1.9540083533352246,105302.2869005379,52.651143450268954,0.0,SPY_ABS_MOM_SSO_quarterly_189D,pre_tax
2010-07-01,RISK,SELL,53890.39751073803,1.858598368654811,100160.604899617,50.0803024498085,-5244.413446820981,SPY_ABS_MOM_SSO_quarterly_189D,pre_tax
2010-10-01,RISK,BUY,43368.16577921364,2.307233717455286,100060.49434999221,50.030247174996106,0.0,SPY_ABS_MOM_SSO_quarterly_189D,pre_tax
2011-10-03,RISK,SELL,43368.16577921364,2.1786472784216535,94483.93634502288,47.24196817251144,-5673.830220316828,SPY_ABS_MOM_SSO_quarterly_189D,pre_tax
2012-04-02,RISK,BUY,27827.926218362314,3.3918984435409976,94389.49962703686,47.19474981351843,0.0,SPY_ABS_MOM_SSO_quarterly_189D,pre_tax
2015-10-01,RISK,SELL,27827.926218362314,6.602641012861533,183737.80695224376,91.86890347612189,89209.24367191725,SPY_ABS_MOM_SSO_quarterly_189D,pre_tax
2016-01-04,RISK,BUY,25470.682196532623,7.20648781811078,183554.16096828348,91.77708048414175,0.0,SPY_ABS_MOM_SSO_quarterly_189D,pre_tax
2019-01-02,RISK,SELL,25470.682196532623,10.809249178341002,275318.950604655,137.6594753023275,91535.35308058508,SPY_ABS_MOM_SSO_quarterly_189D,pre_tax
2019-04-01,RISK,BUY,19107.87682981519,14.394261157030419,275043.76924473036,137.52188462236518,0.0,SPY_ABS_MOM_SSO_quarterly_189D,pre_tax
2020-04-01,RISK,SELL,19107.87682981519,9.974667954092526,190594.7266851047,95.29736334255234,-84681.86180759055,SPY_ABS_MOM_SSO_quarterly_189D,pre_tax
2020-07-01,RISK,BUY,12474.650060109141,15.263292059552349,190404.2272081581,95.20211360407905,0.0,SPY_ABS_MOM_SSO_quarterly_189D,pre_tax
2022-07-01,RISK,SELL,12474.650060109141,21.777797193569835,271670.39906981064,135.8351995349053,81035.13454851357,SPY_ABS_MOM_SSO_quarterly_189D,pre_tax
2023-04-03,RISK,BUY,11093.653752211527,24.46433524067336,271398.8644380567,135.69943221902835,0.0,SPY_ABS_MOM_SSO_quarterly_189D,pre_tax
2006-06-21,RISK,BUY,27674.981572808407,3.6115660899196587,99950.02498750626,49.97501249375313,0.0,SPY_ABS_MOM_SSO_quarterly_189D,after_tax
2008-04-01,RISK,SELL,27674.981572808407,3.8087700831023192,105407.64186492063,52.70382093246032,5354.93804398815,SPY_ABS_MOM_SSO_quarterly_189D,after_tax
2009-10-01,RISK,BUY,53333.9454332551,1.9540083533352246,104214.97489290552,52.10748744645276,0.0,SPY_ABS_MOM_SSO_quarterly_189D,after_tax
2010-07-01,RISK,SELL,53333.9454332551,1.858598368654811,99126.38397617264,49.563191988086324,-5190.261596167416,SPY_ABS_MOM_SSO_quarterly_189D,after_tax
2010-10-01,RISK,BUY,42920.36232889285,2.307233717455286,99027.30713061926,49.51365356530963,0.0,SPY_ABS_MOM_SSO_quarterly_189D,after_tax
2011-10-03,RISK,SELL,42920.36232889285,2.1786472784216535,93508.33057671368,46.75416528835684,-5615.244372759247,SPY_ABS_MOM_SSO_quarterly_189D,after_tax
2012-04-02,RISK,BUY,27540.585466177967,3.3918984435409976,93414.86897693686,46.70743448846844,0.0,SPY_ABS_MOM_SSO_quarterly_189D,after_tax
2015-10-01,RISK,SELL,27540.585466177967,6.602641012861533,181840.59911720493,90.92029955860247,88288.10240622098,SPY_ABS_MOM_SSO_quarterly_189D,after_tax
2016-01-04,RISK,BUY,23024.548223237583,7.20648781811078,165926.12628826586,82.96306314413293,0.0,SPY_ABS_MOM_SSO_quarterly_189D,after_tax
2019-01-02,RISK,SELL,23024.548223237583,10.809249178341002,248878.07896370362,124.43903948185181,82744.55057281177,SPY_ABS_MOM_SSO_quarterly_189D,after_tax
2019-04-01,RISK,BUY,16105.597075187903,14.394261157030419,231828.17039015997,115.91408519507999,0.0,SPY_ABS_MOM_SSO_quarterly_189D,after_tax
2020-04-01,RISK,SELL,16105.597075187903,9.974667954092526,160647.9830274031,80.32399151370156,-71376.42543946565,SPY_ABS_MOM_SSO_quarterly_189D,after_tax
2020-07-01,RISK,BUY,10514.600303922389,15.263292059552349,160487.4153282253,80.24370766411265,0.0,SPY_ABS_MOM_SSO_quarterly_189D,after_tax
2022-07-01,RISK,SELL,10514.600303922389,21.777797193569835,228984.83299026953,114.49241649513476,68302.68153788499,SPY_ABS_MOM_SSO_quarterly_189D,after_tax
2023-04-03,RISK,BUY,9350.589760238336,24.46433524067336,228755.96259247817,114.37798129623908,0.0,SPY_ABS_MOM_SSO_quarterly_189D,after_tax
2006-06-21,RISK,BUY,27674.981572808407,3.6115660899196587,99950.02498750626,49.97501249375313,0.0,SPY_ABS_MOM_SSO_quarterly_252D,pre_tax
2008-04-01,RISK,SELL,27674.981572808407,3.8087700831023192,105407.64186492063,52.70382093246032,5354.93804398815,SPY_ABS_MOM_SSO_quarterly_252D,pre_tax
2010-01-04,RISK,BUY,47333.70466339441,2.2246787495163796,105302.2869005379,52.651143450268954,0.0,SPY_ABS_MOM_SSO_quarterly_252D,pre_tax
2015-10-01,RISK,SELL,47333.70466339441,6.602641012861533,312527.45970120316,156.26372985060158,207016.25792736438,SPY_ABS_MOM_SSO_quarterly_252D,pre_tax
2016-01-04,RISK,BUY,43324.16793136104,7.20648781811078,312215.08842713904,156.10754421356953,0.0,SPY_ABS_MOM_SSO_quarterly_252D,pre_tax
2019-01-02,RISK,SELL,43324.16793136104,10.809249178341002,468301.7266143719,234.15086330718594,155696.37977971206,SPY_ABS_MOM_SSO_quarterly_252D,pre_tax
2019-04-01,RISK,BUY,32501.401344459104,14.394261157030419,467833.6589216039,233.91682946080198,0.0,SPY_ABS_MOM_SSO_quarterly_252D,pre_tax
2020-04-01,RISK,SELL,32501.401344459104,9.974667954092526,324190.68645367597,162.095343226838,-144038.98464061564,SPY_ABS_MOM_SSO_quarterly_252D,pre_tax
2020-07-01,RISK,BUY,21218.66347822849,15.263292059552349,323866.65778155834,161.93332889077917,0.0,SPY_ABS_MOM_SSO_quarterly_252D,pre_tax
2022-07-01,RISK,SELL,21218.66347822849,21.777797193569835,462095.7499474672,231.0478749737336,137836.11096204433,SPY_ABS_MOM_SSO_quarterly_252D,pre_tax
2023-07-03,RISK,BUY,16275.252519204592,28.36416114497802,461633.88512992853,230.81694256496428,0.0,SPY_ABS_MOM_SSO_quarterly_252D,pre_tax
2006-06-21,RISK,BUY,27674.981572808407,3.6115660899196587,99950.02498750626,49.97501249375313,0.0,SPY_ABS_MOM_SSO_quarterly_252D,after_tax
2008-04-01,RISK,SELL,27674.981572808407,3.8087700831023192,105407.64186492063,52.70382093246032,5354.93804398815,SPY_ABS_MOM_SSO_quarterly_252D,after_tax
2010-01-04,RISK,BUY,46844.95454256517,2.2246787495163796,104214.97489290552,52.10748744645276,0.0,SPY_ABS_MOM_SSO_quarterly_252D,after_tax
2015-10-01,RISK,SELL,46844.95454256517,6.602641012861533,309300.418108375,154.65020905418748,204878.68551896885,SPY_ABS_MOM_SSO_quarterly_252D,after_tax
2016-01-04,RISK,BUY,37104.200298574026,7.20648781811078,267390.9674524161,133.69548372620804,0.0,SPY_ABS_MOM_SSO_quarterly_252D,after_tax
2019-01-02,RISK,SELL,37104.200298574026,10.809249178341002,401068.5465903612,200.5342732951806,133343.34938092373,SPY_ABS_MOM_SSO_quarterly_252D,after_tax
2019-04-01,RISK,BUY,25954.268201570423,14.394261157030419,373592.5146330149,186.79625731650745,0.0,SPY_ABS_MOM_SSO_quarterly_252D,after_tax
2020-04-01,RISK,SELL,25954.268201570423,9.974667954092526,258885.20730212715,129.44260365106356,-115023.5461918553,SPY_ABS_MOM_SSO_quarterly_252D,after_tax
2020-07-01,RISK,BUY,16944.342705601408,15.263292059552349,258626.45147273975,129.31322573636987,0.0,SPY_ABS_MOM_SSO_quarterly_252D,after_tax
2022-07-01,RISK,SELL,16944.342705601408,21.777797193569835,369010.45902093186,184.50522951046594,110070.18909294525,SPY_ABS_MOM_SSO_quarterly_252D,after_tax
2023-07-03,RISK,BUY,12996.74018528848,28.36416114497802,368641.63297493395,184.32081648746697,0.0,SPY_ABS_MOM_SSO_quarterly_252D,after_tax
2006-10-16,RISK,BUY,86706.65079336794,1.1527376974310635,99950.02498750626,49.97501249375313,0.0,QQQ_ABS_MOM_QLD_weekly_126D,pre_tax
2006-11-06,RISK,SELL,86706.65079336794,1.129614393682999,97945.08076423385,48.972540382116925,-2103.891776148288,QQQ_ABS_MOM_QLD_weekly_126D,pre_tax
2006-11-13,RISK,BUY,83107.53387359627,1.1773563727731133,97847.18463153596,48.92359231576798,0.0,QQQ_ABS_MOM_QLD_weekly_126D,pre_tax
2008-01-07,RISK,SELL,83107.53387359627,1.347410977138844,111980.00342422194,55.990001712110974,14027.905198658103,QQQ_ABS_MOM_QLD_weekly_126D,pre_tax
2008-05-19,RISK,BUY,80836.20150219854,1.3838858989406608,111868.07938281843,55.93403969140921,0.0,QQQ_ABS_MOM_QLD_weekly_126D,pre_tax
2008-05-27,RISK,SELL,80836.20150219854,1.2874348786852983,104071.34527436331,52.035672637181655,-7904.703820783703,QQQ_ABS_MOM_QLD_weekly_126D,pre_tax
2008-07-28,RISK,BUY,93270.69618617295,1.1146837129984835,103967.32593875675,51.98366296937838,0.0,QQQ_ABS_MOM_QLD_weekly_126D,pre_tax
2008-08-04,RISK,SELL,93270.69618617295,1.0943780891771893,102073.40626845011,51.03670313422506,-1996.9400364102476,QQQ_ABS_MOM_QLD_weekly_126D,pre_tax
2008-08-11,RISK,BUY,84181.47832069386,1.2113280249714045,101971.38387337919,50.9856919366896,0.0,QQQ_ABS_MOM_QLD_weekly_126D,pre_tax
2008-09-22,RISK,SELL,84181.47832069386,0.9748330949963075,82062.89105272655,41.03144552636328,-20000.509958115683,QQQ_ABS_MOM_QLD_weekly_126D,pre_tax
2009-04-13,RISK,BUY,171279.4927940183,0.4786379725633854,81980.8691726139,40.99043458630695,0.0,QQQ_ABS_MOM_QLD_weekly_126D,pre_tax
2010-06-28,RISK,SELL,171279.4927940183,0.8696396540605911,148951.43886106357,74.47571943053178,66855.10353443283,QQQ_ABS_MOM_QLD_weekly_126D,pre_tax
2010-07-26,RISK,BUY,165838.51672823555,0.8972738347904413,148802.56186070267,74.40128093035133,0.0,QQQ_ABS_MOM_QLD_weekly_126D,pre_tax
2010-08-30,RISK,SELL,165838.51672823555,0.8081112534660793,134015.9716262098,67.0079858131049,-14927.999501236336,QQQ_ABS_MOM_QLD_weekly_126D,pre_tax
2010-09-20,RISK,BUY,137123.59722429301,0.9763601986760263,133882.02262908214,66.94101131454107,0.0,QQQ_ABS_MOM_QLD_weekly_126D,pre_tax
2011-06-20,RISK,SELL,137123.59722429301,1.1971284527652901,164154.55978272873,82.07727989136437,30123.518862440687,QQQ_ABS_MOM_QLD_weekly_126D,pre_tax
2011-07-05,RISK,BUY,117685.00631208927,1.393469672970241,163990.4872592078,81.99524362960389,0.0,QQQ_ABS_MOM_QLD_weekly_126D,pre_tax
2011-08-08,RISK,SELL,117685.00631208927,1.122318245115123,132080.0297605462,66.0400148802731,-32058.49275717148,QQQ_ABS_MOM_QLD_weekly_126D,pre_tax
2011-09-19,RISK,BUY,104175.29328498148,1.2665960572517,131948.01573779705,65.97400786889852,0.0,QQQ_ABS_MOM_QLD_weekly_126D,pre_tax
2011-09-26,RISK,SELL,104175.29328498148,1.1991140306329697,124918.05582332589,62.45902791166295,-7158.392950251728,QQQ_ABS_MOM_QLD_weekly_126D,pre_tax
2011-10-17,RISK,BUY,92515.58806296253,1.348888363660264,124793.20019531657,62.396600097658286,0.0,QQQ_ABS_MOM_QLD_weekly_126D,pre_tax
2011-10-24,RISK,SELL,92515.58806296253,1.3299567142249424,123041.72751480596,61.52086375740298,-1875.390144365665,QQQ_ABS_MOM_QLD_weekly_126D,pre_tax
2011-10-31,RISK,BUY,89814.57915128791,1.3685834575961184,122918.74727740986,61.45937363870493,0.0,QQQ_ABS_MOM_QLD_weekly_126D,pre_tax
2011-11-07,RISK,SELL,89814.57915128791,1.3356054958353534,119956.84552059948,59.97842276029974,-3083.3395532093855,QQQ_ABS_MOM_QLD_weekly_126D,pre_tax
2011-11-14,RISK,BUY,90043.92021398025,1.3308721825832002,119836.94862352744,59.91847431176372,0.0,QQQ_ABS_MOM_QLD_weekly_126D,pre_tax
2011-11-21,RISK,SELL,90043.92021398025,1.1940750652414829,107519.19990410734,53.75959995205367,-12431.426793683917,QQQ_ABS_MOM_QLD_weekly_126D,pre_tax
2011-12-05,RISK,BUY,81748.69464722846,1.313925988671165,107411.73443693682,53.70586721846841,0.0,QQQ_ABS_MOM_QLD_weekly_126D,pre_tax
2012-01-03,RISK,SELL,81748.69464722846,1.290871759931478,105527.08133136881,52.76354066568441,-1991.1225134521665,QQQ_ABS_MOM_QLD_weekly_126D,pre_tax
2012-01-17,RISK,BUY,76764.2517451228,1.3733164147451937,105421.60698720954,52.71080349360477,0.0,QQQ_ABS_MOM_QLD_weekly_126D,pre_tax
2012-10-31,RISK,SELL,76764.2517451228,1.678820005510627,128873.36153776624,64.43668076888312,23334.607066294207,QQQ_ABS_MOM_QLD_weekly_126D,pre_tax
2012-11-19,RISK,BUY,82672.15203750943,1.5572904467552016,128744.55258070701,64.37227629035351,0.0,QQQ_ABS_MOM_QLD_weekly_126D,pre_tax
2013-02-25,RISK,SELL,82672.15203750943,1.7999865828999693,148808.76444698332,74.40438222349167,19925.435207762464,QQQ_ABS_MOM_QLD_weekly_126D,pre_tax
2013-03-11,RISK,BUY,80006.9130130346,1.8580898131329662,148660.03004973495,74.33001502486748,0.0,QQQ_ABS_MOM_QLD_weekly_126D,pre_tax
2013-03-25,RISK,SELL,80006.9130130346,1.870414767943609,149646.11163715963,74.82305581857982,836.928516581218,QQQ_ABS_MOM_QLD_weekly_126D,pre_tax
2013-04-15,RISK,BUY,77984.67399190177,1.9169989776030836,149496.54031118547,74.74827015559273,0.0,QQQ_ABS_MOM_QLD_weekly_126D,pre_tax
2015-08-24,RISK,SELL,77984.67399190177,3.432666745387014,267695.3970618488,133.8476985309244,117990.26078197677,QQQ_ABS_MOM_QLD_weekly_126D,pre_tax
2015-09-14,RISK,BUY,61787.7170311482,4.328171492576434,267427.83544559503,133.71391772279753,0.0,QQQ_ABS_MOM_QLD_weekly_126D,pre_tax
2015-09-21,RISK,SELL,61787.7170311482,4.345996181275089,268529.1822670758,134.26459113353792,833.3683126244578,QQQ_ABS_MOM_QLD_weekly_126D,pre_tax
2015-10-19,RISK,BUY,59634.40934054793,4.498422810736208,268260.7872823012,134.1303936411506,0.0,QQQ_ABS_MOM_QLD_weekly_126D,pre_tax
2015-12-21,RISK,SELL,59634.40934054793,4.735051696506294,282372.01111811225,141.18600555905613,13835.907436610898,QQQ_ABS_MOM_QLD_weekly_126D,pre_tax
2015-12-28,RISK,BUY,58054.82911978841,4.859023521374722,282089.780222442,141.044890111221,0.0,QQQ_ABS_MOM_QLD_weekly_126D,pre_tax
2016-01-11,RISK,SELL,58054.82911978841,4.215746027529573,244744.41524065615,122.37220762032808,-37608.782079517376,QQQ_ABS_MOM_QLD_weekly_126D,pre_tax
2016-02-29,RISK,BUY,60292.39816754479,4.0552341682783,244499.7931364676,122.24989656823381,0.0,QQQ_ABS_MOM_QLD_weekly_126D,pre_tax
2016-05-02,RISK,SELL,60292.39816754479,4.257564817205552,256698.79318308714,128.34939659154358,11948.400753459748,QQQ_ABS_MOM_QLD_weekly_126D,pre_tax
2016-07-11,RISK,BUY,55360.44212884865,4.632228588028644,256442.22267515803,128.22111133757903,0.0,QQQ_ABS_MOM_QLD_weekly_126D,pre_tax
2018-11-19,RISK,SELL,55360.44212884865,9.803736210172024,542739.1711097263,271.36958555486314,285897.3577376759,QQQ_ABS_MOM_QLD_weekly_126D,pre_tax
2019-04-15,RISK,BUY,45806.87583592085,11.836578969382698,542196.7031725852,271.0983515862926,0.0,QQQ_ABS_MOM_QLD_weekly_126D,pre_tax
2020-03-16,RISK,SELL,45806.87583592085,9.445307493430235,432660.0275836516,216.3300137918258,-110024.1039543117,QQQ_ABS_MOM_QLD_weekly_126D,pre_tax
2020-04-13,RISK,BUY,35693.38097742414,12.109460408117469,432227.5837779708,216.11379188898542,0.0,QQQ_ABS_MOM_QLD_weekly_126D,pre_tax
2022-01-24,RISK,SELL,35693.38097742414,33.0985388893131,1181398.7583723413,590.6993791861706,748364.3614232955,QQQ_ABS_MOM_QLD_weekly_126D,pre_tax
2022-04-04,RISK,BUY,33117.78805401808,35.636979984686924,1180217.950018146,590.1089750090731,0.0,QQQ_ABS_MOM_QLD_weekly_126D,pre_tax
2022-04-11,RISK,SELL,33117.78805401808,32.13056588579699,1064093.2710614884,532.0466355307442,-117246.83456719737,QQQ_ABS_MOM_QLD_weekly_126D,pre_tax
2022-12-19,RISK,BUY,57676.56548886887,18.430877438018197,1063029.7095711723,531.5148547855862,0.0,QQQ_ABS_MOM_QLD_weekly_126D,pre_tax
2022-12-27,RISK,SELL,57676.56548886887,17.449824215592514,1006445.9291398715,503.22296456993575,-57618.5182506562,QQQ_ABS_MOM_QLD_weekly_126D,pre_tax
2023-03-06,RISK,BUY,46323.92906877306,21.704548953296303,1005439.9861822105,502.71999309110527,0.0,QQQ_ABS_MOM_QLD_weekly_126D,pre_tax
2023-03-13,RISK,SELL,46323.92906877306,19.663863781418385,910907.431028441,455.4537155142205,-95490.7288623749,QQQ_ABS_MOM_QLD_weekly_126D,pre_tax
2023-03-20,RISK,BUY,41082.779048870776,22.150326727921968,909996.978823515,454.99848941175753,0.0,QQQ_ABS_MOM_QLD_weekly_126D,pre_tax
2025-03-31,RISK,SELL,41082.779048870776,43.00331409285583,1766695.6512459868,883.3478256229935,855360.3261074371,QQQ_ABS_MOM_QLD_weekly_126D,pre_tax
2025-05-19,RISK,BUY,34332.82180782643,51.406489346552455,1764929.8385011135,882.4649192505567,0.0,QQQ_ABS_MOM_QLD_weekly_126D,pre_tax
2025-06-23,RISK,SELL,34332.82180782643,53.66063561368547,1842321.0406193682,921.1605203096841,75587.57667869469,QQQ_ABS_MOM_QLD_weekly_126D,pre_tax
2025-06-30,RISK,BUY,31371.513218151846,58.66722550106384,1840479.6402789194,920.2398201394597,0.0,QQQ_ABS_MOM_QLD_weekly_126D,pre_tax
2026-03-23,RISK,SELL,31371.513218151846,64.02386157339181,2008525.4196267852,1004.2627098133926,166121.27681791293,QQQ_ABS_MOM_QLD_weekly_126D,pre_tax
2026-04-13,RISK,BUY,29575.20225850103,67.84460442333032,2006517.897967988,1003.258948983994,0.0,QQQ_ABS_MOM_QLD_weekly_126D,pre_tax
2006-10-16,RISK,BUY,86706.65079336794,1.1527376974310635,99950.02498750626,49.97501249375313,0.0,QQQ_ABS_MOM_QLD_weekly_126D,after_tax
2006-11-06,RISK,SELL,86706.65079336794,1.129614393682999,97945.08076423385,48.972540382116925,-2103.891776148288,QQQ_ABS_MOM_QLD_weekly_126D,after_tax
2006-11-13,RISK,BUY,83107.53387359627,1.1773563727731133,97847.18463153596,48.92359231576798,0.0,QQQ_ABS_MOM_QLD_weekly_126D,after_tax
2008-01-07,RISK,SELL,83107.53387359627,1.347410977138844,111980.00342422194,55.990001712110974,14027.905198658103,QQQ_ABS_MOM_QLD_weekly_126D,after_tax
2008-05-19,RISK,BUY,79086.66944015425,1.3838858989406608,109446.92663241076,54.72346331620538,0.0,QQQ_ABS_MOM_QLD_weekly_126D,after_tax
2008-05-27,RISK,SELL,79086.66944015425,1.2874348786852983,101818.93667630927,50.90946833815464,-7733.6228877558315,QQQ_ABS_MOM_QLD_weekly_126D,after_tax
2008-07-28,RISK,BUY,91252.04525509891,1.1146837129984835,101717.1686236593,50.858584311829645,0.0,QQQ_ABS_MOM_QLD_weekly_126D,after_tax
2008-08-04,RISK,SELL,91252.04525509891,1.0943780891771893,99864.23891978555,49.932119459892775,-1953.7204076454655,QQQ_ABS_MOM_QLD_weekly_126D,after_tax
2008-08-11,RISK,BUY,82359.54467443844,1.2113280249714045,99764.42458803166,49.88221229401583,0.0,QQQ_ABS_MOM_QLD_weekly_126D,after_tax
2008-09-22,RISK,SELL,82359.54467443844,0.9748330949963075,80286.80983746948,40.14340491873474,-19567.640367774933,QQQ_ABS_MOM_QLD_weekly_126D,after_tax
2009-04-13,RISK,BUY,167572.5031205158,0.4786379725633854,80206.56315097526,40.10328157548763,0.0,QQQ_ABS_MOM_QLD_weekly_126D,after_tax
2010-06-28,RISK,SELL,167572.5031205158,0.8696396540605911,145727.69364379268,72.86384682189635,65408.16336442005,QQQ_ABS_MOM_QLD_weekly_126D,after_tax
2010-07-26,RISK,BUY,154068.00620412247,0.8972738347904413,138241.19074529049,69.12059537264524,0.0,QQQ_ABS_MOM_QLD_weekly_126D,after_tax
2010-08-30,RISK,SELL,154068.00620412247,0.8081112534660793,124504.08961263309,62.25204480631655,-13868.47377283634,QQQ_ABS_MOM_QLD_weekly_126D,after_tax
2010-09-20,RISK,BUY,127391.14920151122,0.9763601986760263,124379.6477439548,62.1898238719774,0.0,QQQ_ABS_MOM_QLD_weekly_126D,after_tax
2011-06-20,RISK,SELL,127391.14920151122,1.1971284527652901,152503.56933959734,76.25178466979867,27985.47998710077,QQQ_ABS_MOM_QLD_weekly_126D,after_tax
2011-07-05,RISK,BUY,107275.17669700821,1.393469672970241,149484.70538980485,74.74235269490242,0.0,QQQ_ABS_MOM_QLD_weekly_126D,after_tax
2011-08-08,RISK,SELL,107275.17669700821,1.122318245115123,120396.88805500099,60.1984440275005,-29222.758131526265,QQQ_ABS_MOM_QLD_weekly_126D,after_tax
2011-09-19,RISK,BUY,94960.46560912694,1.2665960572517,120276.55133530585,60.13827566765293,0.0,QQQ_ABS_MOM_QLD_weekly_126D,after_tax
2011-09-26,RISK,SELL,94960.46560912694,1.1991140306329697,113868.42666734371,56.934213333671856,-6525.197156963477,QQQ_ABS_MOM_QLD_weekly_126D,after_tax
2011-10-17,RISK,BUY,84332.11984849435,1.348888363660264,113754.61514643682,56.87730757321841,0.0,QQQ_ABS_MOM_QLD_weekly_126D,after_tax
2011-10-24,RISK,SELL,84332.11984849435,1.3299567142249424,112158.0690173276,56.079034508663796,-1709.5024711910955,QQQ_ABS_MOM_QLD_weekly_126D,after_tax
2011-10-31,RISK,BUY,81870.02873476574,1.3685834575961184,112045.96699931928,56.02298349965964,0.0,QQQ_ABS_MOM_QLD_weekly_126D,after_tax
2011-11-07,RISK,SELL,81870.02873476574,1.3356054958353534,109346.06032235143,54.67303016117572,-2810.602690628686,QQQ_ABS_MOM_QLD_weekly_126D,after_tax
2011-11-14,RISK,BUY,82079.08342911614,1.3308721825832002,109236.76890773639,54.618384453868195,0.0,QQQ_ABS_MOM_QLD_weekly_126D,after_tax
2011-11-21,RISK,SELL,82079.08342911614,1.1940750652414829,98008.58690058297,49.004293450291485,-11331.804685057563,QQQ_ABS_MOM_QLD_weekly_126D,after_tax
2011-12-05,RISK,BUY,74517.61220775271,1.313925988671165,97910.62729348594,48.95531364674297,0.0,QQQ_ABS_MOM_QLD_weekly_126D,after_tax
2012-01-03,RISK,SELL,74517.61220775271,1.290871759931478,96192.68121651314,48.09634060825657,-1814.997731227806,QQQ_ABS_MOM_QLD_weekly_126D,after_tax
2012-01-17,RISK,BUY,69974.06830342949,1.3733164147451937,96096.53660760108,48.04826830380054,0.0,QQQ_ABS_MOM_QLD_weekly_126D,after_tax
2012-10-31,RISK,SELL,69974.06830342949,1.678820005510627,117473.86573476449,58.736932867382244,21270.543925992213,QQQ_ABS_MOM_QLD_weekly_126D,after_tax
2012-11-19,RISK,BUY,75359.38515588715,1.5572904467552016,117356.45057660881,58.678225288304404,0.0,QQQ_ABS_MOM_QLD_weekly_126D,after_tax
2013-02-25,RISK,SELL,75359.38515588715,1.7999865828999693,135645.882176188,67.822941088094,18162.930433202797,QQQ_ABS_MOM_QLD_weekly_126D,after_tax
2013-03-11,RISK,BUY,72929.8999032622,1.8580898131329662,135510.30408305838,67.75515204152919,0.0,QQQ_ABS_MOM_QLD_weekly_126D,after_tax
2013-03-25,RISK,SELL,72929.8999032622,1.870414767943609,136409.1618037108,68.2045809018554,762.8979877090314,QQQ_ABS_MOM_QLD_weekly_126D,after_tax
2013-04-15,RISK,BUY,71086.53807567037,1.9169989776030836,136272.82081240276,68.13641040620138,0.0,QQQ_ABS_MOM_QLD_weekly_126D,after_tax
2015-08-24,RISK,SELL,71086.53807567037,3.432666745387014,244016.39529704145,122.00819764852073,107553.42987658398,QQQ_ABS_MOM_QLD_weekly_126D,after_tax
2015-09-14,RISK,BUY,51896.72719454351,4.328171492576434,224617.93520143942,112.30896760071971,0.0,QQQ_ABS_MOM_QLD_weekly_126D,after_tax
2015-09-21,RISK,SELL,51896.72719454351,4.345996181275089,225542.97820816116,112.77148910408059,699.9625500169059,QQQ_ABS_MOM_QLD_weekly_126D,after_tax
2015-10-19,RISK,BUY,50056.52671838578,4.498422810736208,225175.42161621305,112.58771080810652,0.0,QQQ_ABS_MOM_QLD_weekly_126D,after_tax
2015-12-21,RISK,SELL,50056.52671838578,4.735051696506294,237020.2417591052,118.5101208795526,11613.722311204503,QQQ_ABS_MOM_QLD_weekly_126D,after_tax
2015-12-28,RISK,BUY,48245.32960661674,4.859023521374722,234425.19135502697,117.21259567751349,0.0,QQQ_ABS_MOM_QLD_weekly_126D,after_tax
2016-01-11,RISK,SELL,48245.32960661674,4.215746027529573,203390.05663594938,101.69502831797469,-31254.042343073088,QQQ_ABS_MOM_QLD_weekly_126D,after_tax
2016-02-29,RISK,BUY,50104.81757451386,4.0552341682783,203186.76822351967,101.59338411175983,0.0,QQQ_ABS_MOM_QLD_weekly_126D,after_tax
2016-05-02,RISK,SELL,50104.81757451386,4.257564817205552,213324.5084777526,106.6622542388763,9929.484615882277,QQQ_ABS_MOM_QLD_weekly_126D,after_tax
2016-07-11,RISK,BUY,46006.21202696718,4.632228588028644,213111.2905782246,106.5556452891123,0.0,QQQ_ABS_MOM_QLD_weekly_126D,after_tax
2018-11-19,RISK,SELL,46006.21202696718,9.803736210172024,451032.7667416298,225.5163833708149,237589.40413474527,QQQ_ABS_MOM_QLD_weekly_126D,after_tax
2019-04-15,RISK,BUY,34357.03111570553,11.836578969382698,406669.7119545871,203.33485597729356,0.0,QQQ_ABS_MOM_QLD_weekly_126D,after_tax
2020-03-16,RISK,SELL,34357.03111570553,9.445307493430235,324512.7234491892,162.2563617245946,-82522.57972309971,QQQ_ABS_MOM_QLD_weekly_126D,after_tax
2020-04-13,RISK,BUY,26771.49616705443,12.109460408117469,324188.37290101417,162.0941864505071,0.0,QQQ_ABS_MOM_QLD_weekly_126D,after_tax
2022-01-24,RISK,SELL,26771.49616705443,33.0985388893131,886097.4070103476,443.0487035051738,561303.8912193778,QQQ_ABS_MOM_QLD_weekly_126D,after_tax
2022-04-04,RISK,BUY,22111.748449125556,35.636979984686924,787995.9369079196,393.9979684539598,0.0,QQQ_ABS_MOM_QLD_weekly_126D,after_tax
2022-04-11,RISK,SELL,22111.748449125556,32.13056588579699,710462.9903947981,355.23149519739906,-78282.17597677279,QQQ_ABS_MOM_QLD_weekly_126D,after_tax
2022-12-19,RISK,BUY,38508.90359643608,18.430877438018197,709752.8824583716,354.8764412291858,0.0,QQQ_ABS_MOM_QLD_weekly_126D,after_tax
2022-12-27,RISK,SELL,38508.90359643608,17.449824215592514,671973.598493008,335.986799246504,-38470.14720583928,QQQ_ABS_MOM_QLD_weekly_126D,after_tax
2023-03-06,RISK,BUY,30929.090586397702,21.704548953296303,671301.9607134048,335.6509803567024,0.0,QQQ_ABS_MOM_QLD_weekly_126D,after_tax
2023-03-13,RISK,SELL,30929.090586397702,19.663863781418385,608185.4241740741,304.09271208703706,-63756.28023177455,QQQ_ABS_MOM_QLD_weekly_126D,after_tax
2023-03-20,RISK,BUY,27429.732759867133,22.150326727921968,607577.5426906417,303.78877134532087,0.0,QQQ_ABS_MOM_QLD_weekly_126D,after_tax
2025-03-31,RISK,SELL,27429.732759867133,43.00331409285583,1179569.4133556637,589.7847066778319,571098.2971869989,QQQ_ABS_MOM_QLD_weekly_126D,after_tax
2025-05-19,RISK,BUY,21380.214938506735,51.406489346552455,1099081.791463348,549.540895731674,0.0,QQQ_ABS_MOM_QLD_weekly_126D,after_tax
2025-06-23,RISK,SELL,21380.214938506735,53.66063561368547,1147275.9231574847,573.6379615787424,47070.95283682621,QQQ_ABS_MOM_QLD_weekly_126D,after_tax
2025-06-30,RISK,BUY,19373.19390259584,58.66722550106384,1136571.5353594252,568.2857676797126,0.0,QQQ_ABS_MOM_QLD_weekly_126D,after_tax
2026-03-23,RISK,SELL,19373.19390259584,64.02386157339181,1240346.6846542745,620.1733423271372,102586.69018484233,QQQ_ABS_MOM_QLD_weekly_126D,after_tax
2026-04-13,RISK,BUY,17956.872136151454,67.84460442333032,1218276.886757518,609.138443378759,0.0,QQQ_ABS_MOM_QLD_weekly_126D,after_tax
2006-10-02,RISK,BUY,94756.78486983792,1.0548059975314907,99950.02498750626,49.97501249375313,0.0,QQQ_ABS_MOM_QLD_weekly_189D,pre_tax
2006-10-09,RISK,SELL,94756.78486983792,1.0964265234006756,103893.85220346213,51.946926101731066,3841.9052773603617,QQQ_ABS_MOM_QLD_weekly_189D,pre_tax
2006-10-23,RISK,BUY,92831.01659031585,1.1180531473685453,103790.01027222429,51.89500513611215,0.0,QQQ_ABS_MOM_QLD_weekly_189D,pre_tax
2008-01-28,RISK,SELL,92831.01659031585,1.1017062844859116,102272.51437276689,51.136257186383446,-1620.5271617799008,QQQ_ABS_MOM_QLD_weekly_189D,pre_tax
2008-05-05,RISK,BUY,77683.59638113408,1.3152106458591897,102170.29296909596,51.08514648454798,0.0,QQQ_ABS_MOM_QLD_weekly_189D,pre_tax
2008-06-16,RISK,SELL,77683.59638113408,1.272631818338091,98862.616517565,49.4313082587825,-3408.1929062742856,QQQ_ABS_MOM_QLD_weekly_189D,pre_tax
2009-07-13,RISK,BUY,183878.99784624428,0.5371130170626479,98763.8033076524,49.381901653826205,0.0,QQQ_ABS_MOM_QLD_weekly_189D,pre_tax
2011-08-22,RISK,SELL,183878.99784624428,1.0658276163373566,195983.31396896447,97.99165698448223,97072.13710267376,QQQ_ABS_MOM_QLD_weekly_189D,pre_tax
2011-08-29,RISK,BUY,167740.48808130407,1.1672043573808053,195787.42859768114,97.89371429884056,0.0,QQQ_ABS_MOM_QLD_weekly_189D,pre_tax
2011-09-06,RISK,SELL,167740.48808130407,1.095751969453499,183801.9701721801,91.90098508609005,-12175.253124885989,QQQ_ABS_MOM_QLD_weekly_189D,pre_tax
2011-09-19,RISK,BUY,144969.86549562306,1.2665960572517,183618.26005706546,91.80913002853273,0.0,QQQ_ABS_MOM_QLD_weekly_189D,pre_tax
2011-09-26,RISK,SELL,144969.86549562306,1.1991140306329697,173835.39973477606,86.91769986738804,-9961.587152185326,QQQ_ABS_MOM_QLD_weekly_189D,pre_tax
2011-10-17,RISK,BUY,128744.27260834692,1.348888363660264,173661.65120930402,86.830825604652,0.0,QQQ_ABS_MOM_QLD_weekly_189D,pre_tax
2011-11-14,RISK,SELL,128744.27260834692,1.3308721825832002,171342.17108135717,85.67108554067859,-2491.982039092167,QQQ_ABS_MOM_QLD_weekly_189D,pre_tax
2011-12-12,RISK,BUY,135338.2403494874,1.2647638545951845,171170.91453854722,85.58545726927362,0.0,QQQ_ABS_MOM_QLD_weekly_189D,pre_tax
2011-12-19,RISK,SELL,135338.2403494874,1.2114806317797169,163959.65692255218,81.9798284612761,-7378.822901725594,QQQ_ABS_MOM_QLD_weekly_189D,pre_tax
2012-01-09,RISK,BUY,122372.04336812349,1.338506530545976,163795.77920448867,81.89788960224433,0.0,QQQ_ABS_MOM_QLD_weekly_189D,pre_tax
2012-11-19,RISK,SELL,122372.04336812349,1.5572904467552016,190568.81408709192,95.28440704354595,26595.852585957473,QQQ_ABS_MOM_QLD_weekly_189D,pre_tax
2012-11-26,RISK,BUY,115629.38930534034,1.6464528754628722,190378.3405097935,95.18917025489675,0.0,QQQ_ABS_MOM_QLD_weekly_189D,pre_tax
2012-12-17,RISK,SELL,115629.38930534034,1.6424835554107455,189919.37045620865,94.95968522810432,-649.1189090678236,QQQ_ABS_MOM_QLD_weekly_189D,pre_tax
2013-01-14,RISK,BUY,107227.85505637246,1.7694054021526013,189729.54599798156,94.86477299899079,0.0,QQQ_ABS_MOM_QLD_weekly_189D,pre_tax
2015-09-08,RISK,SELL,107227.85505637246,4.186809861271527,448942.6409530142,224.47132047650712,258893.75886155714,QQQ_ABS_MOM_QLD_weekly_189D,pre_tax
2015-09-14,RISK,BUY,103622.03148383724,4.328171492576434,448493.9226712021,224.24696133560107,0.0,QQQ_ABS_MOM_QLD_weekly_189D,pre_tax
2015-09-28,RISK,SELL,103622.03148383724,4.062655391738128,420980.6049106694,210.4903024553347,-27948.055024323578,QQQ_ABS_MOM_QLD_weekly_189D,pre_tax
2015-10-05,RISK,BUY,99268.39383275094,4.236593526429318,420559.8346908687,210.27991734543434,0.0,QQQ_ABS_MOM_QLD_weekly_189D,pre_tax
2016-01-11,RISK,SELL,99268.39383275094,4.215746027529573,418490.33695966087,209.24516847983043,-2489.02281703311,QQQ_ABS_MOM_QLD_weekly_189D,pre_tax
2016-04-04,RISK,BUY,90303.50637471797,4.629632586230848,418072.0557632994,209.03602788164972,0.0,QQQ_ABS_MOM_QLD_weekly_189D,pre_tax
2016-04-18,RISK,SELL,90303.50637471797,4.6234829385361875,417516.7210135024,208.7583605067512,-973.1291381854098,QQQ_ABS_MOM_QLD_weekly_189D,pre_tax
2016-05-23,RISK,BUY,97041.52512232731,4.2981539338004096,417099.4129465224,208.5497064732612,0.0,QQQ_ABS_MOM_QLD_weekly_189D,pre_tax
2018-10-29,RISK,SELL,97041.52512232731,10.144939535035777,984480.4047536658,492.2402023768329,566680.2018982933,QQQ_ABS_MOM_QLD_weekly_189D,pre_tax
2018-11-05,RISK,BUY,96569.32634441298,10.184356188169865,983496.4163431175,491.74820817155876,0.0,QQQ_ABS_MOM_QLD_weekly_189D,pre_tax
2018-11-26,RISK,SELL,96569.32634441298,9.159515855911023,884528.2758462968,442.26413792314844,-99902.15284291538,QQQ_ABS_MOM_QLD_weekly_189D,pre_tax
2018-12-03,RISK,BUY,84040.76056864529,10.514471592529176,883644.189613567,441.82209480678347,0.0,QQQ_ABS_MOM_QLD_weekly_189D,pre_tax
2018-12-10,RISK,SELL,84040.76056864529,9.073290031984978,762526.1951479255,381.2630975739628,-121941.07965802227,QQQ_ABS_MOM_QLD_weekly_189D,pre_tax
2019-01-22,RISK,BUY,81865.53074920869,9.305064574234159,761764.0500253389,380.88202501266943,0.0,QQQ_ABS_MOM_QLD_weekly_189D,pre_tax
2019-03-11,RISK,SELL,81865.53074920869,10.137084270374908,829877.7840436967,414.93889202184835,67317.9131013233,QQQ_ABS_MOM_QLD_weekly_189D,pre_tax
2019-03-18,RISK,BUY,76067.52072087424,10.898847670260327,829048.3209911793,414.5241604955897,0.0,QQQ_ABS_MOM_QLD_weekly_189D,pre_tax
2019-05-28,RISK,SELL,76067.52072087424,10.847316557617978,825128.4770124877,412.56423850624384,-4746.932377693476,QQQ_ABS_MOM_QLD_weekly_189D,pre_tax
2019-06-17,RISK,BUY,72685.33200696929,11.340716732428188,824303.7608935348,412.1518804467674,0.0,QQQ_ABS_MOM_QLD_weekly_189D,pre_tax
2020-03-23,RISK,SELL,72685.33200696929,9.026803936248369,656116.2410680299,328.05812053401496,-168927.72982648574,QQQ_ABS_MOM_QLD_weekly_189D,pre_tax
2020-04-13,RISK,BUY,54127.96529577431,12.109460408117469,655460.4527211353,327.73022636056766,0.0,QQQ_ABS_MOM_QLD_weekly_189D,pre_tax
2022-03-14,RISK,SELL,54127.96529577431,28.382163984927057,1536268.7871951072,768.1343935975536,879712.4698540138,QQQ_ABS_MOM_QLD_weekly_189D,pre_tax
2022-03-21,RISK,BUY,46086.6690242691,33.3010243233297,1534733.2861584306,767.3666430792154,0.0,QQQ_ABS_MOM_QLD_weekly_189D,pre_tax
2022-04-11,RISK,SELL,46086.6690242691,32.13056588579699,1480790.7555411975,740.3953777705988,-55450.29263808299,QQQ_ABS_MOM_QLD_weekly_189D,pre_tax
2023-02-13,RISK,BUY,67662.60480898382,21.863046936889546,1479310.7048110215,739.6553524055107,0.0,QQQ_ABS_MOM_QLD_weekly_189D,pre_tax
2023-03-06,RISK,SELL,67662.60480898382,21.704548953296303,1468586.3183841312,734.2931591920656,-12198.334938487737,QQQ_ABS_MOM_QLD_weekly_189D,pre_tax
2023-03-20,RISK,BUY,66234.61965202267,22.150326727921968,1467118.4659919434,733.5592329959717,0.0,QQQ_ABS_MOM_QLD_weekly_189D,pre_tax
2025-03-24,RISK,SELL,66234.61965202267,48.07743132758008,3184390.377828506,1592.1951889142529,1714946.157414652,QQQ_ABS_MOM_QLD_weekly_189D,pre_tax
2025-04-28,RISK,BUY,72719.33277206395,43.7463801933049,3181207.5788501664,1590.6037894250833,0.0,QQQ_ABS_MOM_QLD_weekly_189D,pre_tax
2006-10-02,RISK,BUY,94756.78486983792,1.0548059975314907,99950.02498750626,49.97501249375313,0.0,QQQ_ABS_MOM_QLD_weekly_189D,after_tax
2006-10-09,RISK,SELL,94756.78486983792,1.0964265234006756,103893.85220346213,51.946926101731066,3841.9052773603617,QQQ_ABS_MOM_QLD_weekly_189D,after_tax
2006-10-23,RISK,BUY,92133.29214633348,1.1180531473685453,103009.91726163382,51.50495863081691,0.0,QQQ_ABS_MOM_QLD_weekly_189D,after_tax
2008-01-28,RISK,SELL,92133.29214633348,1.1017062844859116,101503.82696799208,50.75191348399604,-1608.3471657565533,QQQ_ABS_MOM_QLD_weekly_189D,after_tax
2008-05-05,RISK,BUY,77099.72101186196,1.3152106458591897,101402.3738675743,50.70118693378715,0.0,QQQ_ABS_MOM_QLD_weekly_189D,after_tax
2008-06-16,RISK,SELL,77099.72101186196,1.272631818338091,98119.55814468539,49.0597790723427,-3382.576688895031,QQQ_ABS_MOM_QLD_weekly_189D,after_tax
2009-07-13,RISK,BUY,182496.95037714773,0.5371130170626479,98021.48762180215,49.010743810901076,0.0,QQQ_ABS_MOM_QLD_weekly_189D,after_tax
2011-08-22,RISK,SELL,182496.95037714773,1.0658276163373566,194510.28960931223,97.25514480465611,96342.53609889452,QQQ_ABS_MOM_QLD_weekly_189D,after_tax
2011-08-29,RISK,BUY,150588.08664496278,1.1672043573808053,175767.0709016388,87.8835354508194,0.0,QQQ_ABS_MOM_QLD_weekly_189D,after_tax
2011-09-06,RISK,SELL,150588.08664496278,1.095751969453499,165007.19251745212,82.50359625872606,-10930.26551589623,QQQ_ABS_MOM_QLD_weekly_189D,after_tax
2011-09-19,RISK,BUY,130145.88735178893,1.2665960572517,164842.26778729976,82.42113389364988,0.0,QQQ_ABS_MOM_QLD_weekly_189D,after_tax
2011-09-26,RISK,SELL,130145.88735178893,1.1991140306329697,156059.75955270807,78.02987977635404,-8942.9592482617,QQQ_ABS_MOM_QLD_weekly_189D,after_tax
2011-10-17,RISK,BUY,115579.45192809611,1.348888363660264,155903.7777840397,77.95188889201985,0.0,QQQ_ABS_MOM_QLD_weekly_189D,after_tax
2011-11-14,RISK,SELL,115579.45192809611,1.3308721825832002,153821.47744931534,76.91073872465768,-2237.162962341041,QQQ_ABS_MOM_QLD_weekly_189D,after_tax
2011-12-12,RISK,BUY,121499.14965221184,1.2647638545951845,153667.7328441686,76.83386642208431,0.0,QQQ_ABS_MOM_QLD_weekly_189D,after_tax
2011-12-19,RISK,SELL,121499.14965221184,1.2114806317797169,147193.86658135997,73.59693329067998,-6624.297062521422,QQQ_ABS_MOM_QLD_weekly_189D,after_tax
2012-01-09,RISK,BUY,109858.81870516653,1.338506530545976,147046.74627493182,73.52337313746591,0.0,QQQ_ABS_MOM_QLD_weekly_189D,after_tax
2012-11-19,RISK,SELL,109858.81870516653,1.5572904467552016,171082.0888613675,85.54104443068374,23876.278168867517,QQQ_ABS_MOM_QLD_weekly_189D,after_tax
2012-11-26,RISK,BUY,103805.63866594278,1.6464528754628722,170911.0922708014,85.4555461354007,0.0,QQQ_ABS_MOM_QLD_weekly_189D,after_tax
2012-12-17,RISK,SELL,103805.63866594278,1.6424835554107455,170499.05446772085,85.24952723386043,-582.7428764498036,QQQ_ABS_MOM_QLD_weekly_189D,after_tax
2013-01-14,RISK,BUY,96263.20820144474,1.7694054021526013,170328.6406201769,85.16432031008846,0.0,QQQ_ABS_MOM_QLD_weekly_189D,after_tax
2015-09-08,RISK,SELL,96263.20820144474,4.186809861271527,403035.749375443,201.5178746877215,232420.42656026824,QQQ_ABS_MOM_QLD_weekly_189D,after_tax
2015-09-14,RISK,BUY,82377.7707092719,4.328171492576434,356545.11880586867,178.27255940293435,0.0,QQQ_ABS_MOM_QLD_weekly_189D,after_tax
2015-09-28,RISK,SELL,82377.7707092719,4.062655391738128,334672.4943313907,167.33624716569537,-22218.233281046618,QQQ_ABS_MOM_QLD_weekly_189D,after_tax
2015-10-05,RISK,BUY,78916.70206357197,4.236593526429318,334337.9890896802,167.1689945448401,0.0,QQQ_ABS_MOM_QLD_weekly_189D,after_tax
2016-01-11,RISK,SELL,78916.70206357197,4.215746027529573,332692.77323023835,166.34638661511917,-1978.7312406018027,QQQ_ABS_MOM_QLD_weekly_189D,after_tax
2016-04-04,RISK,BUY,71789.76744477462,4.629632586230848,332360.2467202631,166.18012336013155,0.0,QQQ_ABS_MOM_QLD_weekly_189D,after_tax
2016-04-18,RISK,SELL,71789.76744477462,4.6234829385361875,331918.76494239614,165.95938247119807,-773.6212836983032,QQQ_ABS_MOM_QLD_weekly_189D,after_tax
2016-05-23,RISK,BUY,77146.37892475624,4.2981539338004096,331587.012053898,165.79350602694902,0.0,QQQ_ABS_MOM_QLD_weekly_189D,after_tax
2018-10-29,RISK,SELL,77146.37892475624,10.144939535035777,782645.3495386104,391.32267476930525,450501.2213039162,QQQ_ABS_MOM_QLD_weekly_189D,after_tax
2018-11-05,RISK,BUY,68287.060619105,10.184356188169865,695459.7483881126,347.7298741940563,0.0,QQQ_ABS_MOM_QLD_weekly_189D,after_tax
2018-11-26,RISK,SELL,68287.060619105,9.159515855911023,625476.4144942495,312.73820724712476,-70643.80197530426,QQQ_ABS_MOM_QLD_weekly_189D,after_tax
2018-12-03,RISK,BUY,59427.736825657106,10.514471592529176,624851.2506616716,312.4256253308358,0.0,QQQ_ABS_MOM_QLD_weekly_189D,after_tax
2018-12-10,RISK,SELL,59427.736825657106,9.073290031984978,539205.0921636613,269.6025460818306,-86228.18666942313,QQQ_ABS_MOM_QLD_weekly_189D,after_tax
2019-01-22,RISK,BUY,57889.56672379074,9.305064574234159,538666.1565393098,269.3330782696549,0.0,QQQ_ABS_MOM_QLD_weekly_189D,after_tax
2019-03-11,RISK,SELL,57889.56672379074,10.137084270374908,586831.4162545578,293.4157081272789,47602.51092885109,QQQ_ABS_MOM_QLD_weekly_189D,after_tax
2019-03-18,RISK,BUY,53789.62031986763,10.898847670260327,586244.8781073769,293.1224390536884,0.0,QQQ_ABS_MOM_QLD_weekly_189D,after_tax
2019-05-28,RISK,SELL,53789.62031986763,10.847316557617978,583473.0391236845,291.7365195618423,-3356.6979423079174,QQQ_ABS_MOM_QLD_weekly_189D,after_tax
2019-06-17,RISK,BUY,51397.973463929484,11.340716732428188,582889.8576752851,291.4449288376425,0.0,QQQ_ABS_MOM_QLD_weekly_189D,after_tax
2020-03-23,RISK,SELL,51397.973463929484,9.026803936248369,463959.42917938787,231.97971458969394,-119453.85313932452,QQQ_ABS_MOM_QLD_weekly_189D,after_tax
2020-04-13,RISK,BUY,38275.50410943918,12.109460408117469,463495.7016139912,231.7478508069956,0.0,QQQ_ABS_MOM_QLD_weekly_189D,after_tax
2022-03-14,RISK,SELL,38275.50410943918,28.382163984927057,1086341.6342398522,543.1708171199261,622071.013957934,QQQ_ABS_MOM_QLD_weekly_189D,after_tax
2022-03-21,RISK,BUY,30211.345772399156,33.3010243233297,1006068.7604071882,503.03438020359414,0.0,QQQ_ABS_MOM_QLD_weekly_189D,after_tax
2022-04-11,RISK,SELL,30211.345772399156,32.13056588579699,970707.6358386654,485.3538179193327,-36349.51276664587,QQQ_ABS_MOM_QLD_weekly_189D,after_tax
2023-02-13,RISK,BUY,44355.089943014755,21.863046936889546,969737.4133140891,484.8687066570445,0.0,QQQ_ABS_MOM_QLD_weekly_189D,after_tax
2023-03-06,RISK,SELL,44355.089943014755,21.704548953296303,962707.2209960243,481.3536104980122,-7996.414635219844,QQQ_ABS_MOM_QLD_weekly_189D,after_tax
2023-03-20,RISK,BUY,43418.99813494572,22.150326727921968,961744.9948880823,480.87249744404113,0.0,QQQ_ABS_MOM_QLD_weekly_189D,after_tax
2025-03-24,RISK,SELL,43418.99813494572,48.07743132758008,2087473.9011451805,1043.7369505725903,1124204.2968090815,QQQ_ABS_MOM_QLD_weekly_189D,after_tax
2025-04-28,RISK,BUY,42657.789427749594,43.7463801933049,1866123.874512276,933.061937256138,0.0,QQQ_ABS_MOM_QLD_weekly_189D,after_tax
2006-06-21,RISK,BUY,100704.2593271069,0.9925104027909014,99950.02498750626,49.97501249375313,0.0,QQQ_ABS_MOM_QLD_weekly_252D,pre_tax
2006-07-17,RISK,SELL,100704.2593271069,0.8521414863683466,85814.27722662431,42.907138613312156,-14228.629911989017,QQQ_ABS_MOM_QLD_weekly_252D,pre_tax
2006-08-21,RISK,BUY,89988.81264390795,0.9526573728039637,85728.50583509346,42.86425291754673,0.0,QQQ_ABS_MOM_QLD_weekly_252D,pre_tax
2006-08-28,RISK,SELL,89988.81264390795,0.9453131633708785,85067.60914840193,42.533804574200964,-746.2947441832657,QQQ_ABS_MOM_QLD_weekly_252D,pre_tax
2006-09-05,RISK,BUY,86250.33041146894,0.9853015477897981,84982.58405180184,42.49129202590092,0.0,QQQ_ABS_MOM_QLD_weekly_252D,pre_tax
2006-09-11,RISK,SELL,86250.33041146894,0.949801528943548,81920.69569669939,40.9603478483497,-3145.33999497669,QQQ_ABS_MOM_QLD_weekly_252D,pre_tax
2006-09-18,RISK,BUY,78909.41848468652,1.0371235463706094,81838.81594088061,40.919407970440304,0.0,QQQ_ABS_MOM_QLD_weekly_252D,pre_tax
2008-02-11,RISK,SELL,78909.41848468652,1.0899552225088076,86007.73278251712,43.00386639125856,4084.9935672748106,QQQ_ABS_MOM_QLD_weekly_252D,pre_tax
2008-03-31,RISK,BUY,80752.699753126,1.0640110893479289,85921.76803210982,42.96088401605491,0.0,QQQ_ABS_MOM_QLD_weekly_252D,pre_tax
2008-04-14,RISK,SELL,80752.699753126,1.0894975525272756,87979.86874100071,43.98993437050036,1971.1498905043409,QQQ_ABS_MOM_QLD_weekly_252D,pre_tax
2008-04-21,RISK,BUY,72854.85786022537,1.2063976984051483,87891.93284021011,43.94596642010506,0.0,QQQ_ABS_MOM_QLD_weekly_252D,pre_tax
2008-06-23,RISK,SELL,72854.85786022537,1.2447033745882312,90682.68743376844,45.341343716884225,2701.467283421356,QQQ_ABS_MOM_QLD_weekly_252D,pre_tax
2008-08-18,RISK,BUY,71827.06631564097,1.2612522648066424,90592.05006501907,45.29602503250953,0.0,QQQ_ABS_MOM_QLD_weekly_252D,pre_tax
2008-09-02,RISK,SELL,71827.06631564097,1.184303849414458,85065.07112976116,42.532535564880575,-5614.807495855304,QQQ_ABS_MOM_QLD_weekly_252D,pre_tax
2009-09-21,RISK,BUY,109181.08157847737,0.7783404170513663,84980.04856991132,42.49002428495566,0.0,QQQ_ABS_MOM_QLD_weekly_252D,pre_tax
2016-02-08,RISK,SELL,109181.08157847737,3.5318783972098697,385614.3034110327,192.80715170551636,300398.95766513096,QQQ_ABS_MOM_QLD_weekly_252D,pre_tax
2016-03-14,RISK,BUY,90298.42218340114,4.266175116947189,385228.88181841804,192.61444090920904,0.0,QQQ_ABS_MOM_QLD_weekly_252D,pre_tax
2016-05-02,RISK,SELL,90298.42218340114,4.257564817205552,384451.385337222,192.225692668611,-1162.3366147738998,QQQ_ABS_MOM_QLD_weekly_252D,pre_tax
2016-05-31,RISK,BUY,83401.5855616171,4.605033867105126,384067.12608151266,192.03356304075632,0.0,QQQ_ABS_MOM_QLD_weekly_252D,pre_tax
2016-06-20,RISK,SELL,83401.5855616171,4.412542996675287,368013.08228152833,184.00654114076417,-16430.08390416589,QQQ_ABS_MOM_QLD_weekly_252D,pre_tax
2016-07-05,RISK,BUY,83926.59842414284,4.38055705839344,367645.25311383064,183.8226265569153,0.0,QQQ_ABS_MOM_QLD_weekly_252D,pre_tax
2018-12-24,RISK,SELL,83926.59842414284,7.463353341535606,626373.8587925433,313.18692939627164,258231.5961227595,QQQ_ABS_MOM_QLD_weekly_252D,pre_tax
2019-01-22,RISK,BUY,67248.08763787287,9.305064574234159,625747.797964165,312.8738989820825,0.0,QQQ_ABS_MOM_QLD_weekly_252D,pre_tax
2019-01-28,RISK,SELL,67248.08763787287,9.18426904758025,617624.5298014799,308.81226490073993,-8744.954326567939,QQQ_ABS_MOM_QLD_weekly_252D,pre_tax
2019-02-11,RISK,BUY,62609.72821154288,9.854813805370608,617007.2139296144,308.5036069648072,0.0,QQQ_ABS_MOM_QLD_weekly_252D,pre_tax
2020-03-23,RISK,SELL,62609.72821154288,9.026803936248369,565165.7410673958,282.58287053369787,-52432.55933971715,QQQ_ABS_MOM_QLD_weekly_252D,pre_tax
2020-03-30,RISK,BUY,52756.78647252307,10.701956952249832,564600.8577679781,282.30042888398907,0.0,QQQ_ABS_MOM_QLD_weekly_252D,pre_tax
2022-04-18,RISK,SELL,52756.78647252307,30.703314374211693,1619808.2004390345,809.9041002195173,1054115.138141953,QQQ_ABS_MOM_QLD_weekly_252D,pre_tax
2023-05-01,RISK,BUY,65867.21589873242,24.56744496724792,1618189.2017379461,809.0946008689731,0.0,QQQ_ABS_MOM_QLD_weekly_252D,pre_tax
2023-05-08,RISK,SELL,65867.21589873242,24.557543280955663,1617537.0052291725,808.7685026145863,-2270.0596122571733,QQQ_ABS_MOM_QLD_weekly_252D,pre_tax
2023-05-15,RISK,BUY,64628.212723488505,25.00332607837959,1615920.2765882637,807.9601382941319,0.0,QQQ_ABS_MOM_QLD_weekly_252D,pre_tax
2025-04-07,RISK,SELL,64628.212723488505,33.26859982859746,2150090.14673521,1075.045073367605,532286.8649352845,QQQ_ABS_MOM_QLD_weekly_252D,pre_tax
2025-04-14,RISK,BUY,50635.30982107817,42.41982795575118,2147941.131096294,1073.970565548147,0.0,QQQ_ABS_MOM_QLD_weekly_252D,pre_tax
2006-06-21,RISK,BUY,100704.2593271069,0.9925104027909014,99950.02498750626,49.97501249375313,0.0,QQQ_ABS_MOM_QLD_weekly_252D,after_tax
2006-07-17,RISK,SELL,100704.2593271069,0.8521414863683466,85814.27722662431,42.907138613312156,-14228.629911989017,QQQ_ABS_MOM_QLD_weekly_252D,after_tax
2006-08-21,RISK,BUY,89988.81264390795,0.9526573728039637,85728.50583509346,42.86425291754673,0.0,QQQ_ABS_MOM_QLD_weekly_252D,after_tax
2006-08-28,RISK,SELL,89988.81264390795,0.9453131633708785,85067.60914840193,42.533804574200964,-746.2947441832657,QQQ_ABS_MOM_QLD_weekly_252D,after_tax
2006-09-05,RISK,BUY,86250.33041146894,0.9853015477897981,84982.58405180184,42.49129202590092,0.0,QQQ_ABS_MOM_QLD_weekly_252D,after_tax
2006-09-11,RISK,SELL,86250.33041146894,0.949801528943548,81920.69569669939,40.9603478483497,-3145.33999497669,QQQ_ABS_MOM_QLD_weekly_252D,after_tax
2006-09-18,RISK,BUY,78909.41848468652,1.0371235463706094,81838.81594088061,40.919407970440304,0.0,QQQ_ABS_MOM_QLD_weekly_252D,after_tax
2008-02-11,RISK,SELL,78909.41848468652,1.0899552225088076,86007.73278251712,43.00386639125856,4084.9935672748106,QQQ_ABS_MOM_QLD_weekly_252D,after_tax
2008-03-31,RISK,BUY,80752.699753126,1.0640110893479289,85921.76803210982,42.96088401605491,0.0,QQQ_ABS_MOM_QLD_weekly_252D,after_tax
2008-04-14,RISK,SELL,80752.699753126,1.0894975525272756,87979.86874100071,43.98993437050036,1971.1498905043409,QQQ_ABS_MOM_QLD_weekly_252D,after_tax
2008-04-21,RISK,BUY,72854.85786022537,1.2063976984051483,87891.93284021011,43.94596642010506,0.0,QQQ_ABS_MOM_QLD_weekly_252D,after_tax
2008-06-23,RISK,SELL,72854.85786022537,1.2447033745882312,90682.68743376844,45.341343716884225,2701.467283421356,QQQ_ABS_MOM_QLD_weekly_252D,after_tax
2008-08-18,RISK,BUY,71827.06631564097,1.2612522648066424,90592.05006501907,45.29602503250953,0.0,QQQ_ABS_MOM_QLD_weekly_252D,after_tax
2008-09-02,RISK,SELL,71827.06631564097,1.184303849414458,85065.07112976116,42.532535564880575,-5614.807495855304,QQQ_ABS_MOM_QLD_weekly_252D,after_tax
2009-09-21,RISK,BUY,109181.08157847737,0.7783404170513663,84980.04856991132,42.49002428495566,0.0,QQQ_ABS_MOM_QLD_weekly_252D,after_tax
2016-02-08,RISK,SELL,109181.08157847737,3.5318783972098697,385614.3034110327,192.80715170551636,300398.95766513096,QQQ_ABS_MOM_QLD_weekly_252D,after_tax
2016-03-14,RISK,BUY,76713.794694722,4.266175116947189,327274.4820532183,163.63724102660916,0.0,QQQ_ABS_MOM_QLD_weekly_252D,after_tax
2016-05-02,RISK,SELL,76713.794694722,4.257564817205552,326613.9532865783,163.30697664328915,-987.4729843098903,QQQ_ABS_MOM_QLD_weekly_252D,after_tax
2016-05-31,RISK,BUY,70854.52832158444,4.605033867105126,326287.5025586557,163.14375127932786,0.0,QQQ_ABS_MOM_QLD_weekly_252D,after_tax
2016-06-20,RISK,SELL,70854.52832158444,4.412542996675287,312648.6527281382,156.3243263640691,-13958.317908160912,QQQ_ABS_MOM_QLD_weekly_252D,after_tax
2016-07-05,RISK,BUY,71300.5574766242,4.38055705839344,312336.1603216133,156.16808016080665,0.0,QQQ_ABS_MOM_QLD_weekly_252D,after_tax
2018-12-24,RISK,SELL,71300.5574766242,7.463353341535606,532141.2538965148,266.07062694825737,219382.8548677924,QQQ_ABS_MOM_QLD_weekly_252D,after_tax
2019-01-22,RISK,BUY,52670.10674035452,9.305064574234159,490098.7443508046,245.0493721754023,0.0,QQQ_ABS_MOM_QLD_weekly_252D,after_tax
2019-01-28,RISK,SELL,52670.10674035452,9.18426904758025,483736.43106818583,241.8682155340929,-6849.2308703282615,QQQ_ABS_MOM_QLD_weekly_252D,after_tax
2019-02-11,RISK,BUY,49037.246763718635,9.854813805370608,483252.93638445955,241.6264681922298,0.0,QQQ_ABS_MOM_QLD_weekly_252D,after_tax
2020-03-23,RISK,SELL,49037.246763718635,9.026803936248369,442649.61210951797,221.324806054759,-41066.27554918855,QQQ_ABS_MOM_QLD_weekly_252D,after_tax
2020-03-30,RISK,BUY,41320.21701121157,10.701956952249832,442207.1837116074,221.1035918558037,0.0,QQQ_ABS_MOM_QLD_weekly_252D,after_tax
2022-04-18,RISK,SELL,41320.21701121157,30.703314374211693,1268667.6129058788,634.3338064529394,825604.9917959627,QQQ_ABS_MOM_QLD_weekly_252D,after_tax
2023-05-01,RISK,BUY,45161.021675920085,24.56744496724792,1109490.914687857,554.7454573439285,0.0,QQQ_ABS_MOM_QLD_weekly_252D,after_tax
2023-05-08,RISK,SELL,45161.021675920085,24.557543280955663,1109043.7444185843,554.5218722092922,-1556.4375988261309,QQQ_ABS_MOM_QLD_weekly_252D,after_tax
2023-05-15,RISK,BUY,44311.51485389572,25.00332607837959,1107935.2549189155,553.9676274594577,0.0,QQQ_ABS_MOM_QLD_weekly_252D,after_tax
2025-04-07,RISK,SELL,44311.51485389572,33.26859982859746,1474182.055473209,737.0910277366045,364955.74189909734,QQQ_ABS_MOM_QLD_weekly_252D,after_tax
2025-04-14,RISK,BUY,32977.99643997743,42.41982795575118,1398920.9353092175,699.4604676546088,0.0,QQQ_ABS_MOM_QLD_weekly_252D,after_tax
2006-11-01,RISK,BUY,85946.03815426411,1.1629392946316672,99950.02498750626,49.97501249375313,0.0,QQQ_ABS_MOM_QLD_monthly_126D,pre_tax
2008-02-01,RISK,SELL,85946.03815426411,1.1752651317284033,101009.38185290559,50.504690926452795,958.8771619791223,QQQ_ABS_MOM_QLD_monthly_126D,pre_tax
2008-08-01,RISK,BUY,89678.904349511,1.125219177045556,100908.4229505039,50.45421147525195,0.0,QQQ_ABS_MOM_QLD_monthly_126D,pre_tax
2008-10-01,RISK,SELL,89678.904349511,0.7878055975470611,70649.54282843226,35.32477141421613,-30344.659104961116,QQQ_ABS_MOM_QLD_monthly_126D,pre_tax
2009-05-01,RISK,BUY,135328.02980736853,0.5215396152089603,70578.92859272168,35.28946429636084,0.0,QQQ_ABS_MOM_QLD_monthly_126D,pre_tax
2010-07-01,RISK,SELL,135328.02980736853,0.7762022502958725,105041.92126458636,52.52096063229318,34375.18224693602,QQQ_ABS_MOM_QLD_monthly_126D,pre_tax
2010-08-02,RISK,BUY,115788.40917961186,0.9062818340932217,104936.93183803506,52.46846591901753,0.0,QQQ_ABS_MOM_QLD_monthly_126D,pre_tax
2010-09-01,RISK,SELL,115788.40917961186,0.8158979594631174,94471.52677912581,47.235763389562905,-10565.109288217835,QQQ_ABS_MOM_QLD_monthly_126D,pre_tax
2010-10-01,RISK,BUY,91741.54208932446,1.0287281019607608,94377.102464504,47.188551232252,0.0,QQQ_ABS_MOM_QLD_monthly_126D,pre_tax
2011-09-01,RISK,SELL,91741.54208932446,1.2346873260889206,113272.11929354219,56.636059646771095,18791.192218159165,QQQ_ABS_MOM_QLD_monthly_126D,pre_tax
2012-02-01,RISK,BUY,76781.59054264845,1.4737765000993321,113158.90378200442,56.57945189100221,0.0,QQQ_ABS_MOM_QLD_monthly_126D,pre_tax
2012-11-01,RISK,SELL,76781.59054264845,1.6803473550440442,129019.74258441413,64.50987129220707,15739.749479226506,QQQ_ABS_MOM_QLD_monthly_126D,pre_tax
2012-12-03,RISK,BUY,74682.75967546893,1.725843928097357,128890.7873194622,64.4453936597311,0.0,QQQ_ABS_MOM_QLD_monthly_126D,pre_tax
2013-03-01,RISK,SELL,74682.75967546893,1.761760677093267,131573.1492530479,65.78657462652394,2552.1299652994494,QQQ_ABS_MOM_QLD_monthly_126D,pre_tax
2013-05-01,RISK,BUY,66689.87949986533,1.970938361910791,131441.64185749262,65.7208209287463,0.0,QQQ_ABS_MOM_QLD_monthly_126D,pre_tax
2015-09-01,RISK,SELL,66689.87949986533,4.004880768822511,267085.01588410133,133.54250794205066,135444.1106977379,QQQ_ABS_MOM_QLD_monthly_126D,pre_tax
2015-11-02,RISK,BUY,53614.53440631359,4.976599485541127,266818.06434398727,133.40903217199363,0.0,QQQ_ABS_MOM_QLD_monthly_126D,pre_tax
2016-02-01,RISK,SELL,53614.53440631359,4.097667973657485,219694.5605593085,109.84728027965426,-47366.760097130405,QQQ_ABS_MOM_QLD_monthly_126D,pre_tax
2016-04-01,RISK,BUY,48967.69497466166,4.482036083272873,219474.9757911333,109.73748789556666,0.0,QQQ_ABS_MOM_QLD_monthly_126D,pre_tax
2016-05-02,RISK,SELL,48967.69497466166,4.257564817205552,208483.13530377258,104.24156765188629,-11205.819542908168,QQQ_ABS_MOM_QLD_monthly_126D,pre_tax
2016-08-01,RISK,BUY,41444.200269557274,5.025425873905194,208274.75635794172,104.13737817897086,0.0,QQQ_ABS_MOM_QLD_monthly_126D,pre_tax
2018-12-03,RISK,SELL,41444.200269557274,10.514471592529176,435763.86640935,217.88193320467502,227167.09074002467,QQQ_ABS_MOM_QLD_monthly_126D,pre_tax
2019-05-01,RISK,BUY,34967.1937116251,12.449621319518682,435328.3203159874,217.6641601579937,0.0,QQQ_ABS_MOM_QLD_monthly_126D,pre_tax
2022-02-01,RISK,SELL,34967.1937116251,36.61481947444583,1280317.4852791305,640.1587426395653,844131.3420603457,QQQ_ABS_MOM_QLD_monthly_126D,pre_tax
2022-04-01,RISK,BUY,35860.92278585391,35.6666172610934,1279037.8076326747,639.5189038163373,0.0,QQQ_ABS_MOM_QLD_monthly_126D,pre_tax
2022-05-02,RISK,SELL,35860.92278585391,26.20424332902578,939708.3466839208,469.8541733419604,-340438.8340259122,QQQ_ABS_MOM_QLD_monthly_126D,pre_tax
2023-04-03,RISK,BUY,38766.83601018021,24.215778344925518,938769.1079566006,469.3845539783003,0.0,QQQ_ABS_MOM_QLD_monthly_126D,pre_tax
2025-04-01,RISK,SELL,38766.83601018021,44.0057077774389,1705962.0569198858,852.9810284599429,765870.5833808469,QQQ_ABS_MOM_QLD_monthly_126D,pre_tax
2025-06-02,RISK,BUY,32875.09824783291,51.840360584475505,1704256.947417717,852.1284737088585,0.0,QQQ_ABS_MOM_QLD_monthly_126D,pre_tax
2026-04-01,RISK,SELL,32875.09824783291,61.85860985691658,2033607.8765204977,1016.8039382602489,327481.9966908116,QQQ_ABS_MOM_QLD_monthly_126D,pre_tax
2026-05-01,RISK,BUY,24968.494328380693,81.36555045013495,2031575.2849397676,1015.7876424698838,0.0,QQQ_ABS_MOM_QLD_monthly_126D,pre_tax
2006-11-01,RISK,BUY,85946.03815426411,1.1629392946316672,99950.02498750626,49.97501249375313,0.0,QQQ_ABS_MOM_QLD_monthly_126D,after_tax
2008-02-01,RISK,SELL,85946.03815426411,1.1752651317284033,101009.38185290559,50.504690926452795,958.8771619791223,QQQ_ABS_MOM_QLD_monthly_126D,after_tax
2008-08-01,RISK,BUY,89505.87268585397,1.125219177045556,100713.72440432092,50.356862202160464,0.0,QQQ_ABS_MOM_QLD_monthly_126D,after_tax
2008-10-01,RISK,SELL,89505.87268585397,0.7878055975470611,70513.22751525037,35.25661375762519,-30286.110365030327,QQQ_ABS_MOM_QLD_monthly_126D,after_tax
2009-05-01,RISK,BUY,135066.9200814319,0.5215396152089603,70442.74952672939,35.22137476336469,0.0,QQQ_ABS_MOM_QLD_monthly_126D,after_tax
2010-07-01,RISK,SELL,135066.9200814319,0.7762022502958725,104839.24730774021,52.419623653870104,34308.85678259359,QQQ_ABS_MOM_QLD_monthly_126D,after_tax
2010-08-02,RISK,BUY,114663.72161080582,0.9062818340932217,103917.64792539568,51.95882396269784,0.0,QQQ_ABS_MOM_QLD_monthly_126D,after_tax
2010-09-01,RISK,SELL,114663.72161080582,0.8158979594631174,93553.89648670342,46.77694824335171,-10462.48721089831,QQQ_ABS_MOM_QLD_monthly_126D,after_tax
2010-10-01,RISK,BUY,90850.42895751775,1.0287281019607608,93460.38934378818,46.73019467189409,0.0,QQQ_ABS_MOM_QLD_monthly_126D,after_tax
2011-09-01,RISK,SELL,90850.42895751775,1.2346873260889206,112171.87320358904,56.08593660179452,18608.667728527173,QQQ_ABS_MOM_QLD_monthly_126D,after_tax
2012-02-01,RISK,BUY,74913.45386730226,1.4737765000993321,110405.6878509055,55.20284392545275,0.0,QQQ_ABS_MOM_QLD_monthly_126D,after_tax
2012-11-01,RISK,SELL,74913.45386730226,1.6803473550440442,125880.62406313539,62.94031203156769,15356.793056272872,QQQ_ABS_MOM_QLD_monthly_126D,after_tax
2012-12-03,RISK,BUY,71058.93582188463,1.725843928097357,122636.63292525936,61.31831646262968,0.0,QQQ_ABS_MOM_QLD_monthly_126D,after_tax
2013-03-01,RISK,SELL,71058.93582188463,1.761760677093267,125188.83888709047,62.59441944354524,2428.29322592495,QQQ_ABS_MOM_QLD_monthly_126D,after_tax
2013-05-01,RISK,BUY,63203.727615481905,1.970938361910791,124570.65137311372,62.28532568655687,0.0,QQQ_ABS_MOM_QLD_monthly_126D,after_tax
2015-09-01,RISK,SELL,63203.727615481905,4.004880768822511,253123.39324513977,126.56169662256988,128363.8948497169,QQQ_ABS_MOM_QLD_monthly_126D,after_tax
2015-11-02,RISK,BUY,45574.55423470883,4.976599485541127,226806.30315821813,113.40315157910906,0.0,QQQ_ABS_MOM_QLD_monthly_126D,after_tax
2016-02-01,RISK,SELL,45574.55423470883,4.097667973657485,186749.39130128245,93.37469565064123,-40263.689704165445,QQQ_ABS_MOM_QLD_monthly_126D,after_tax
2016-04-01,RISK,BUY,41624.550041949,4.482036083272873,186562.7352380128,93.2813676190064,0.0,QQQ_ABS_MOM_QLD_monthly_126D,after_tax
2016-05-02,RISK,SELL,41624.550041949,4.257564817205552,177219.21979061392,88.60960989530696,-9525.406424913177,QQQ_ABS_MOM_QLD_monthly_126D,after_tax
2016-08-01,RISK,BUY,35229.27082766289,5.025425873905194,177042.08913615055,88.52104456807528,0.0,QQQ_ABS_MOM_QLD_monthly_126D,after_tax
2018-12-03,RISK,SELL,35229.27082766289,10.514471592529176,370417.1673429783,185.20858367148915,193101.3485785882,QQQ_ABS_MOM_QLD_monthly_126D,after_tax
2019-05-01,RISK,BUY,27386.182448715117,12.449621319518682,340947.6008737521,170.47380043687605,0.0,QQQ_ABS_MOM_QLD_monthly_126D,after_tax
2022-02-01,RISK,SELL,27386.182448715117,36.61481947444583,1002740.1264539409,501.37006322697044,661120.6817165249,QQQ_ABS_MOM_QLD_monthly_126D,after_tax
2022-04-01,RISK,BUY,24322.417076427926,35.6666172610934,867498.3407296371,433.74917036481855,0.0,QQQ_ABS_MOM_QLD_monthly_126D,after_tax
2022-05-02,RISK,SELL,24322.417076427926,26.20424332902578,637350.5354207691,318.67526771038456,-230900.2297469431,QQQ_ABS_MOM_QLD_monthly_126D,after_tax
2023-04-03,RISK,BUY,26293.332154437365,24.215778344925518,636713.5034013581,318.35675170067907,0.0,QQQ_ABS_MOM_QLD_monthly_126D,after_tax
2025-04-01,RISK,SELL,26293.332154437365,44.0057077774389,1157056.6912833087,578.5283456416544,519446.3027846082,QQQ_ABS_MOM_QLD_monthly_126D,after_tax
2025-06-02,RISK,BUY,21167.12461375929,51.840360584475505,1097311.3725138083,548.6556862569041,0.0,QQQ_ABS_MOM_QLD_monthly_126D,after_tax
2026-04-01,RISK,SELL,21167.12461375929,61.85860985691658,1309368.9032752719,654.6844516376359,210854.19062356907,QQQ_ABS_MOM_QLD_monthly_126D,after_tax
2026-05-01,RISK,BUY,15550.150643797435,81.36555045013495,1265246.5667150987,632.6232833575493,0.0,QQQ_ABS_MOM_QLD_monthly_126D,after_tax
2006-06-21,RISK,BUY,100704.2593271069,0.9925104027909014,99950.02498750626,49.97501249375313,0.0,QQQ_ABS_MOM_QLD_monthly_189D,pre_tax
2006-07-03,RISK,SELL,100704.2593271069,0.9901980630484073,99717.16252642576,49.85858126321288,-332.6960548374627,QQQ_ABS_MOM_QLD_monthly_189D,pre_tax
2006-10-02,RISK,BUY,94441.53278488516,1.0548059975314907,99617.49519756378,49.80874759878189,0.0,QQQ_ABS_MOM_QLD_monthly_189D,pre_tax
2008-02-01,RISK,SELL,94441.53278488516,1.1752651317284033,110993.84046906038,55.496920234530194,11271.039603663288,QQQ_ABS_MOM_QLD_monthly_189D,pre_tax
2008-06-02,RISK,BUY,80756.62236654735,1.3730502694192561,110882.90209777697,55.44145104888849,0.0,QQQ_ABS_MOM_QLD_monthly_189D,pre_tax
2008-07-01,RISK,SELL,80756.62236654735,1.0997216982783382,88809.80989616188,44.40490494808094,-22172.938557612055,QQQ_ABS_MOM_QLD_monthly_189D,pre_tax
2009-08-03,RISK,BUY,127352.25503717312,0.6966586060300413,88721.04446897932,44.360522234489665,0.0,QQQ_ABS_MOM_QLD_monthly_189D,pre_tax
2011-10-03,RISK,SELL,127352.25503717312,1.0937673872989817,139293.7432586424,69.64687162932121,50458.69139579928,QQQ_ABS_MOM_QLD_monthly_189D,pre_tax
2011-11-01,RISK,BUY,108414.35371431035,1.2835433165440844,139154.51912744937,69.57725956372468,0.0,QQQ_ABS_MOM_QLD_monthly_189D,pre_tax
2011-12-01,RISK,SELL,108414.35371431035,1.2641532652039054,137052.35924291657,68.52617962145828,-2240.2633237179834,QQQ_ABS_MOM_QLD_monthly_189D,pre_tax
2012-02-01,RISK,BUY,92901.04392788137,1.4737765000993321,136915.3753756073,68.45768768780366,0.0,QQQ_ABS_MOM_QLD_monthly_189D,pre_tax
2013-01-02,RISK,SELL,92901.04392788137,1.7599254778557578,163498.91412807538,81.7494570640377,26433.331607716245,QQQ_ABS_MOM_QLD_monthly_189D,pre_tax
2013-02-01,RISK,BUY,91207.50548902321,1.790812017572473,163335.49692255008,81.66774846127504,0.0,QQQ_ABS_MOM_QLD_monthly_189D,pre_tax
2015-09-01,RISK,SELL,91207.50548902321,4.004880768822511,365275.1847052627,182.63759235263137,201675.38244189872,QQQ_ABS_MOM_QLD_monthly_189D,pre_tax
2015-11-02,RISK,BUY,73325.18783701125,4.976599485541127,364910.09206687665,182.45504603343832,0.0,QQQ_ABS_MOM_QLD_monthly_189D,pre_tax
2016-02-01,RISK,SELL,73325.18783701125,4.097667973657485,300462.27386214037,150.23113693107018,-64780.504387700756,QQQ_ABS_MOM_QLD_monthly_189D,pre_tax
2016-04-01,RISK,BUY,66970.00117079666,4.482036083272873,300161.96174433717,150.0809808721686,0.0,QQQ_ABS_MOM_QLD_monthly_189D,pre_tax
2016-05-02,RISK,SELL,66970.00117079666,4.257564817205552,285129.12079299847,142.56456039649925,-15325.486492607393,QQQ_ABS_MOM_QLD_monthly_189D,pre_tax
2016-06-01,RISK,BUY,62228.93094449322,4.57735863114206,284844.13416551927,142.42206708275964,0.0,QQQ_ABS_MOM_QLD_monthly_189D,pre_tax
2019-01-02,RISK,SELL,62228.93094449322,7.930691094749013,493518.42847724364,246.75921423862184,208285.11303040298,QQQ_ABS_MOM_QLD_monthly_189D,pre_tax
2019-02-01,RISK,BUY,51030.968484063014,9.661293354419378,493025.15668466274,246.51257834233138,0.0,QQQ_ABS_MOM_QLD_monthly_189D,pre_tax
2019-06-03,RISK,SELL,51030.968484063014,10.22687271903491,521887.2194155943,260.9436097077972,28354.60654288146,QQQ_ABS_MOM_QLD_monthly_189D,pre_tax
2019-07-01,RISK,BUY,42423.66316686525,12.289499635113815,521365.59300938185,260.68279650469094,0.0,QQQ_ABS_MOM_QLD_monthly_189D,pre_tax
2022-05-02,RISK,SELL,42423.66316686525,26.20424332902578,1111679.9925331653,555.8399962665826,589497.876731012,QQQ_ABS_MOM_QLD_monthly_189D,pre_tax
2023-04-03,RISK,BUY,45861.374029943996,24.215778344925518,1110568.8681028474,555.2844340514237,0.0,QQQ_ABS_MOM_QLD_monthly_189D,pre_tax
2025-04-01,RISK,SELL,45861.374029943996,44.0057077774389,2018162.223833541,1009.0811119167705,906028.9901847253,QQQ_ABS_MOM_QLD_monthly_189D,pre_tax
2025-05-01,RISK,BUY,44168.722420535356,45.64644299625848,2016145.070186531,1008.0725350932655,0.0,QQQ_ABS_MOM_QLD_monthly_189D,pre_tax
2006-06-21,RISK,BUY,100704.2593271069,0.9925104027909014,99950.02498750626,49.97501249375313,0.0,QQQ_ABS_MOM_QLD_monthly_189D,after_tax
2006-07-03,RISK,SELL,100704.2593271069,0.9901980630484073,99717.16252642576,49.85858126321288,-332.6960548374627,QQQ_ABS_MOM_QLD_monthly_189D,after_tax
2006-10-02,RISK,BUY,94441.53278488516,1.0548059975314907,99617.49519756378,49.80874759878189,0.0,QQQ_ABS_MOM_QLD_monthly_189D,after_tax
2008-02-01,RISK,SELL,94441.53278488516,1.1752651317284033,110993.84046906038,55.496920234530194,11271.039603663288,QQQ_ABS_MOM_QLD_monthly_189D,after_tax
2008-06-02,RISK,BUY,79139.04576762875,1.3730502694192561,108661.88811282549,54.33094405641275,0.0,QQQ_ABS_MOM_QLD_monthly_189D,after_tax
2008-07-01,RISK,SELL,79139.04576762875,1.0997216982783382,87030.92581170383,43.51546290585191,-21728.808708083932,QQQ_ABS_MOM_QLD_monthly_189D,after_tax
2009-08-03,RISK,BUY,124801.35553777825,0.6966586060300413,86943.93837960817,43.471969189804085,0.0,QQQ_ABS_MOM_QLD_monthly_189D,after_tax
2011-10-03,RISK,SELL,124801.35553777825,1.0937673872989817,136503.65257792702,68.25182628896351,49447.99040284008,QQQ_ABS_MOM_QLD_monthly_189D,after_tax
2011-11-01,RISK,BUY,101857.78529281347,1.2835433165440844,130738.87955057305,65.36943977528652,0.0,QQQ_ABS_MOM_QLD_monthly_189D,after_tax
2011-12-01,RISK,SELL,101857.78529281347,1.2641532652039054,128763.85186434847,64.38192593217424,-2104.779051932055,QQQ_ABS_MOM_QLD_monthly_189D,after_tax
2012-02-01,RISK,BUY,87282.67301966425,1.4737765000993321,128635.15236223518,64.31757618111759,0.0,QQQ_ABS_MOM_QLD_monthly_189D,after_tax
2013-01-02,RISK,SELL,87282.67301966425,1.7599254778557578,153611.00002266045,76.80550001133022,24834.724584232827,QQQ_ABS_MOM_QLD_monthly_189D,after_tax
2013-02-01,RISK,BUY,83114.35456917857,1.790812017572473,148842.18499526457,74.42109249763229,0.0,QQQ_ABS_MOM_QLD_monthly_189D,after_tax
2015-09-01,RISK,SELL,83114.35456917857,4.004880768822511,332863.08022719866,166.43154011359934,183780.0425993229,QQQ_ABS_MOM_QLD_monthly_189D,after_tax
2015-11-02,RISK,BUY,59320.451008314914,4.976599485541127,295214.1259700476,147.60706298502382,0.0,QQQ_ABS_MOM_QLD_monthly_189D,after_tax
2016-02-01,RISK,SELL,59320.451008314914,4.097667973657485,243075.51227968986,121.53775613984493,-52407.758509482606,QQQ_ABS_MOM_QLD_monthly_189D,after_tax
2016-04-01,RISK,BUY,54179.0725761196,4.482036083272873,242832.5582444278,121.41627912221391,0.0,QQQ_ABS_MOM_QLD_monthly_189D,after_tax
2016-05-02,RISK,SELL,54179.0725761196,4.257564817205552,230670.91322891295,115.33545661445648,-12398.396751251537,QQQ_ABS_MOM_QLD_monthly_189D,after_tax
2016-06-01,RISK,BUY,50343.52257778116,4.57735863114206,230440.35759350174,115.22017879675087,0.0,QQQ_ABS_MOM_QLD_monthly_189D,after_tax
2019-01-02,RISK,SELL,50343.52257778116,7.930691094749013,399258.9261859049,199.62946309295245,168503.71895051346,QQQ_ABS_MOM_QLD_monthly_189D,after_tax
2019-02-01,RISK,BUY,39104.93354071924,9.661293354419378,377804.2345419623,188.90211727098114,0.0,QQQ_ABS_MOM_QLD_monthly_189D,after_tax
2019-06-03,RISK,SELL,39104.93354071924,10.22687271903491,399921.17800725484,199.96058900362743,21728.08075901796,QQQ_ABS_MOM_QLD_monthly_189D,after_tax
2019-07-01,RISK,BUY,32150.178179885865,12.289499635113815,395109.6030105515,197.55480150527575,0.0,QQQ_ABS_MOM_QLD_monthly_189D,after_tax
2022-05-02,RISK,SELL,32150.178179885865,26.20424332902578,842471.0920972644,421.2355460486322,446742.698739159,QQQ_ABS_MOM_QLD_monthly_189D,after_tax
2023-04-03,RISK,BUY,31009.47685006854,24.215778344925518,750918.6179933589,375.45930899667945,0.0,QQQ_ABS_MOM_QLD_monthly_189D,after_tax
2025-04-01,RISK,SELL,31009.47685006854,44.0057077774389,1364593.9765953727,682.2969882976863,612617.6023047194,QQQ_ABS_MOM_QLD_monthly_189D,after_tax
2025-05-01,RISK,BUY,27139.880194023328,45.64644299625848,1238838.9942017703,619.4194971008851,0.0,QQQ_ABS_MOM_QLD_monthly_189D,after_tax
2006-06-21,RISK,BUY,100704.2593271069,0.9925104027909014,99950.02498750626,49.97501249375313,0.0,QQQ_ABS_MOM_QLD_monthly_252D,pre_tax
2006-08-01,RISK,SELL,100704.2593271069,0.8779849064644896,88416.81970588566,44.20840985294283,-11627.388703967299,QQQ_ABS_MOM_QLD_monthly_252D,pre_tax
2006-09-01,RISK,BUY,89325.4430967785,0.9888386109296784,88328.44707249648,44.16422353624824,0.0,QQQ_ABS_MOM_QLD_monthly_252D,pre_tax
2008-03-03,RISK,SELL,89325.4430967785,1.0403559681792183,92930.25783598666,46.46512891799333,4511.181411035941,QQQ_ABS_MOM_QLD_monthly_252D,pre_tax
2008-04-01,RISK,BUY,83964.52398389284,1.105673796684275,92837.37402005865,46.41868701002932,0.0,QQQ_ABS_MOM_QLD_monthly_252D,pre_tax
2008-07-01,RISK,SELL,83964.52398389284,1.0997216982783382,92337.6089106989,46.168804455349445,-592.352600825121,QQQ_ABS_MOM_QLD_monthly_252D,pre_tax
2009-10-01,RISK,BUY,119334.7381448299,0.7729963536314699,92245.31744751979,46.1226587237599,0.0,QQQ_ABS_MOM_QLD_monthly_252D,pre_tax
2016-03-01,RISK,SELL,119334.7381448299,4.061998270463953,484737.4999505677,242.36874997528386,392203.6910943489,QQQ_ABS_MOM_QLD_monthly_252D,pre_tax
2016-04-01,RISK,BUY,108043.08481707537,4.482036083272873,484253.00469824334,242.12650234912167,0.0,QQQ_ABS_MOM_QLD_monthly_252D,pre_tax
2016-05-02,RISK,SELL,108043.08481707537,4.257564817205552,460000.4366595354,230.0002183297677,-24724.694759386824,QQQ_ABS_MOM_QLD_monthly_252D,pre_tax
2016-06-01,RISK,BUY,100394.28918277597,4.57735863114206,459540.66610815155,229.7703330540758,0.0,QQQ_ABS_MOM_QLD_monthly_252D,pre_tax
2019-01-02,RISK,SELL,100394.28918277597,7.930691094749013,796196.0951854986,398.0980475927493,336027.5606967002,QQQ_ABS_MOM_QLD_monthly_252D,pre_tax
2019-02-01,RISK,BUY,82328.5524836662,9.661293354419378,795400.2969894111,397.70014849470556,0.0,QQQ_ABS_MOM_QLD_monthly_252D,pre_tax
2022-05-02,RISK,SELL,82328.5524836662,26.20424332902578,2157357.4222084587,1078.6787111042293,1360480.7463594489,QQQ_ABS_MOM_QLD_monthly_252D,pre_tax
2023-05-01,RISK,BUY,87725.8968443441,24.56744496724792,2155201.1429258916,1077.6005714629457,0.0,QQQ_ABS_MOM_QLD_monthly_252D,pre_tax
2006-06-21,RISK,BUY,100704.2593271069,0.9925104027909014,99950.02498750626,49.97501249375313,0.0,QQQ_ABS_MOM_QLD_monthly_252D,after_tax
2006-08-01,RISK,SELL,100704.2593271069,0.8779849064644896,88416.81970588566,44.20840985294283,-11627.388703967299,QQQ_ABS_MOM_QLD_monthly_252D,after_tax
2006-09-01,RISK,BUY,89325.4430967785,0.9888386109296784,88328.44707249648,44.16422353624824,0.0,QQQ_ABS_MOM_QLD_monthly_252D,after_tax
2008-03-03,RISK,SELL,89325.4430967785,1.0403559681792183,92930.25783598666,46.46512891799333,4511.181411035941,QQQ_ABS_MOM_QLD_monthly_252D,after_tax
2008-04-01,RISK,BUY,83964.52398389284,1.105673796684275,92837.37402005865,46.41868701002932,0.0,QQQ_ABS_MOM_QLD_monthly_252D,after_tax
2008-07-01,RISK,SELL,83964.52398389284,1.0997216982783382,92337.6089106989,46.168804455349445,-592.352600825121,QQQ_ABS_MOM_QLD_monthly_252D,after_tax
2009-10-01,RISK,BUY,119334.7381448299,0.7729963536314699,92245.31744751979,46.1226587237599,0.0,QQQ_ABS_MOM_QLD_monthly_252D,after_tax
2016-03-01,RISK,SELL,119334.7381448299,4.061998270463953,484737.4999505677,242.36874997528386,392203.6910943489,QQQ_ABS_MOM_QLD_monthly_252D,after_tax
2016-04-01,RISK,BUY,90624.40525320469,4.482036083272873,406181.8543700071,203.09092718500355,0.0,QQQ_ABS_MOM_QLD_monthly_252D,after_tax
2016-05-02,RISK,SELL,90624.40525320469,4.257564817205552,385839.27938622225,192.91963969311112,-20738.585550663003,QQQ_ABS_MOM_QLD_monthly_252D,after_tax
2016-06-01,RISK,BUY,84208.74657004813,4.57735863114206,385453.6329300641,192.72681646503204,0.0,QQQ_ABS_MOM_QLD_monthly_252D,after_tax
2019-01-02,RISK,SELL,84208.74657004813,7.930691094749013,667833.5565230572,333.9167782615286,281853.2799982665,QQQ_ABS_MOM_QLD_monthly_252D,after_tax
2019-02-01,RISK,BUY,63567.795064294376,9.661293354419378,614147.1160097602,307.0735580048801,0.0,QQQ_ABS_MOM_QLD_monthly_252D,after_tax
2022-05-02,RISK,SELL,63567.795064294376,26.20424332902578,1665745.9697544137,832.8729848772068,1050458.9072017712,QQQ_ABS_MOM_QLD_monthly_252D,after_tax
2023-05-01,RISK,BUY,59053.229923480896,24.56744496724792,1450786.976283355,725.3934881416775,0.0,QQQ_ABS_MOM_QLD_monthly_252D,after_tax
2006-06-21,RISK,BUY,100704.2593271069,0.9925104027909014,99950.02498750626,49.97501249375313,0.0,QQQ_ABS_MOM_QLD_bimonthly_126D,pre_tax
2006-07-03,RISK,SELL,100704.2593271069,0.9901980630484073,99717.16252642576,49.85858126321288,-332.6960548374627,QQQ_ABS_MOM_QLD_bimonthly_126D,pre_tax
2006-11-01,RISK,BUY,85660.09907603578,1.1629392946316672,99617.49519756378,49.80874759878189,0.0,QQQ_ABS_MOM_QLD_bimonthly_126D,pre_tax
2008-03-03,RISK,SELL,85660.09907603578,1.0403559681792183,89116.99530857697,44.55849765428849,-10594.867134239888,QQQ_ABS_MOM_QLD_bimonthly_126D,pre_tax
2008-09-02,RISK,BUY,75173.21073769625,1.184303849414458,89027.92284949793,44.51396142474897,0.0,QQQ_ABS_MOM_QLD_bimonthly_126D,pre_tax
2008-11-03,RISK,SELL,75173.21073769625,0.5303951745115353,39871.508227812825,19.935754113906412,-49220.86433722376,QQQ_ABS_MOM_QLD_bimonthly_126D,pre_tax
2009-05-01,RISK,BUY,76373.21400679652,0.5215396152089603,39831.656645376235,19.915828322688117,0.0,QQQ_ABS_MOM_QLD_bimonthly_126D,pre_tax
2010-07-01,RISK,SELL,76373.21400679652,0.7762022502958725,59281.06057440371,29.640530287201855,19399.847570417587,QQQ_ABS_MOM_QLD_bimonthly_126D,pre_tax
2010-11-01,RISK,BUY,51472.03883396787,1.1505627226187236,59221.80913954674,29.61090456977337,0.0,QQQ_ABS_MOM_QLD_bimonthly_126D,pre_tax
2011-09-01,RISK,SELL,51472.03883396787,1.2346873260889206,63551.87399625687,31.775936998128437,4268.678015142228,QQQ_ABS_MOM_QLD_bimonthly_126D,pre_tax
2012-03-01,RISK,BUY,38213.41047049246,1.6614155371277806,63488.35388231759,31.744176941158795,0.0,QQQ_ABS_MOM_QLD_bimonthly_126D,pre_tax
2012-11-01,RISK,SELL,38213.41047049246,1.6803473550440442,64211.80321130439,32.10590160565219,659.5992504399837,QQQ_ABS_MOM_QLD_bimonthly_126D,pre_tax
2013-01-02,RISK,BUY,36449.05668170982,1.7599254778557578,64147.62349794976,32.07381174897488,0.0,QQQ_ABS_MOM_QLD_bimonthly_126D,pre_tax
2013-03-01,RISK,SELL,36449.05668170982,1.761760677093267,64214.51477897997,32.10725738948999,2.7102118917391635,QQQ_ABS_MOM_QLD_bimonthly_126D,pre_tax
2013-05-01,RISK,BUY,32548.116975723242,1.970938361910791,64150.33235541277,32.075166177706386,0.0,QQQ_ABS_MOM_QLD_bimonthly_126D,pre_tax
2015-09-01,RISK,SELL,32548.116975723242,4.004880768822511,130351.32773745953,65.17566386872977,66103.74455200032,QQQ_ABS_MOM_QLD_bimonthly_126D,pre_tax
2015-11-02,RISK,BUY,26166.671023287083,4.976599485541127,130221.0415528144,65.1105207764072,0.0,QQQ_ABS_MOM_QLD_bimonthly_126D,pre_tax
2016-03-01,RISK,SELL,26166.671023287083,4.061998270463953,106288.97244039136,53.14448622019568,-24050.324119419616,QQQ_ABS_MOM_QLD_bimonthly_126D,pre_tax
2016-09-01,RISK,BUY,20735.57043992721,5.120801325119029,106182.73658587823,53.091368292939116,0.0,QQQ_ABS_MOM_QLD_bimonthly_126D,pre_tax
2019-01-02,RISK,SELL,20735.57043992721,7.930691094749013,164447.4038324716,82.22370191623581,58129.352176384215,QQQ_ABS_MOM_QLD_bimonthly_126D,pre_tax
2019-05-01,RISK,BUY,13195.826153658556,12.449621319518682,164283.03861124977,82.14151930562488,0.0,QQQ_ABS_MOM_QLD_bimonthly_126D,pre_tax
2022-03-01,RISK,SELL,13195.826153658556,32.654064465527455,430897.3578974597,215.44867894872985,266316.72908795555,QQQ_ABS_MOM_QLD_bimonthly_126D,pre_tax
2023-05-01,RISK,BUY,17521.8333226938,24.56744496724792,430466.6758805707,215.23333794028537,0.0,QQQ_ABS_MOM_QLD_bimonthly_126D,pre_tax
2025-05-01,RISK,SELL,17521.8333226938,45.64644299625848,799809.3659542849,399.90468297714244,368727.55205279676,QQQ_ABS_MOM_QLD_bimonthly_126D,pre_tax
2025-07-01,RISK,BUY,13696.282922420914,58.337722783542695,799009.9562931613,399.50497814658064,0.0,QQQ_ABS_MOM_QLD_bimonthly_126D,pre_tax
2006-06-21,RISK,BUY,100704.2593271069,0.9925104027909014,99950.02498750626,49.97501249375313,0.0,QQQ_ABS_MOM_QLD_bimonthly_126D,after_tax
2006-07-03,RISK,SELL,100704.2593271069,0.9901980630484073,99717.16252642576,49.85858126321288,-332.6960548374627,QQQ_ABS_MOM_QLD_bimonthly_126D,after_tax
2006-11-01,RISK,BUY,85660.09907603578,1.1629392946316672,99617.49519756378,49.80874759878189,0.0,QQQ_ABS_MOM_QLD_bimonthly_126D,after_tax
2008-03-03,RISK,SELL,85660.09907603578,1.0403559681792183,89116.99530857697,44.55849765428849,-10594.867134239888,QQQ_ABS_MOM_QLD_bimonthly_126D,after_tax
2008-09-02,RISK,BUY,75173.21073769625,1.184303849414458,89027.92284949793,44.51396142474897,0.0,QQQ_ABS_MOM_QLD_bimonthly_126D,after_tax
2008-11-03,RISK,SELL,75173.21073769625,0.5303951745115353,39871.508227812825,19.935754113906412,-49220.86433722376,QQQ_ABS_MOM_QLD_bimonthly_126D,after_tax
2009-05-01,RISK,BUY,76373.21400679652,0.5215396152089603,39831.656645376235,19.915828322688117,0.0,QQQ_ABS_MOM_QLD_bimonthly_126D,after_tax
2010-07-01,RISK,SELL,76373.21400679652,0.7762022502958725,59281.06057440371,29.640530287201855,19399.847570417587,QQQ_ABS_MOM_QLD_bimonthly_126D,after_tax
2010-11-01,RISK,BUY,51472.03883396787,1.1505627226187236,59221.80913954674,29.61090456977337,0.0,QQQ_ABS_MOM_QLD_bimonthly_126D,after_tax
2011-09-01,RISK,SELL,51472.03883396787,1.2346873260889206,63551.87399625687,31.775936998128437,4268.678015142228,QQQ_ABS_MOM_QLD_bimonthly_126D,after_tax
2012-03-01,RISK,BUY,38213.41047049246,1.6614155371277806,63488.35388231759,31.744176941158795,0.0,QQQ_ABS_MOM_QLD_bimonthly_126D,after_tax
2012-11-01,RISK,SELL,38213.41047049246,1.6803473550440442,64211.80321130439,32.10590160565219,659.5992504399837,QQQ_ABS_MOM_QLD_bimonthly_126D,after_tax
2013-01-02,RISK,BUY,36449.05668170982,1.7599254778557578,64147.62349794976,32.07381174897488,0.0,QQQ_ABS_MOM_QLD_bimonthly_126D,after_tax
2013-03-01,RISK,SELL,36449.05668170982,1.761760677093267,64214.51477897997,32.10725738948999,2.7102118917391635,QQQ_ABS_MOM_QLD_bimonthly_126D,after_tax
2013-05-01,RISK,BUY,32548.116975723242,1.970938361910791,64150.33235541277,32.075166177706386,0.0,QQQ_ABS_MOM_QLD_bimonthly_126D,after_tax
2015-09-01,RISK,SELL,32548.116975723242,4.004880768822511,130351.32773745953,65.17566386872977,66103.74455200032,QQQ_ABS_MOM_QLD_bimonthly_126D,after_tax
2015-11-02,RISK,BUY,24930.976442457522,4.976599485541127,124071.48453757206,62.03574226878603,0.0,QQQ_ABS_MOM_QLD_bimonthly_126D,after_tax
2016-03-01,RISK,SELL,24930.976442457522,4.061998270463953,101269.58319024,50.63479159512,-22914.571881195967,QQQ_ABS_MOM_QLD_bimonthly_126D,after_tax
2016-09-01,RISK,BUY,19756.354092527705,5.120801325119029,101168.36421653662,50.58418210826831,0.0,QQQ_ABS_MOM_QLD_bimonthly_126D,after_tax
2019-01-02,RISK,SELL,19756.354092527705,7.930691094749013,156681.54146631766,78.34077073315883,55384.25229693961,QQQ_ABS_MOM_QLD_bimonthly_126D,after_tax
2019-05-01,RISK,BUY,12043.09876273152,12.449621319518682,149932.0191095714,74.96600955478571,0.0,QQQ_ABS_MOM_QLD_bimonthly_126D,after_tax
2022-03-01,RISK,SELL,12043.09876273152,32.654064465527455,393256.123362949,196.6280616814745,243052.51018214136,QQQ_ABS_MOM_QLD_bimonthly_126D,after_tax
2023-05-01,RISK,BUY,13982.391026201323,24.56744496724792,343511.6220467422,171.75581102337108,0.0,QQQ_ABS_MOM_QLD_bimonthly_126D,after_tax
2025-05-01,RISK,SELL,13982.391026201323,45.64644299625848,638246.4149288948,319.12320746444743,294243.91386366484,QQQ_ABS_MOM_QLD_bimonthly_126D,after_tax
2025-07-01,RISK,BUY,9905.472508920275,58.337722783542695,577862.7092653941,288.9313546326971,0.0,QQQ_ABS_MOM_QLD_bimonthly_126D,after_tax
2006-06-21,RISK,BUY,100704.2593271069,0.9925104027909014,99950.02498750626,49.97501249375313,0.0,QQQ_ABS_MOM_QLD_bimonthly_189D,pre_tax
2006-07-03,RISK,SELL,100704.2593271069,0.9901980630484073,99717.16252642576,49.85858126321288,-332.6960548374627,QQQ_ABS_MOM_QLD_bimonthly_189D,pre_tax
2006-11-01,RISK,BUY,85660.09907603578,1.1629392946316672,99617.49519756378,49.80874759878189,0.0,QQQ_ABS_MOM_QLD_bimonthly_189D,pre_tax
2008-03-03,RISK,SELL,85660.09907603578,1.0403559681792183,89116.99530857697,44.55849765428849,-10594.867134239888,QQQ_ABS_MOM_QLD_bimonthly_189D,pre_tax
2009-09-01,RISK,BUY,128298.96621108688,0.6939099002794976,89027.92284949793,44.51396142474897,0.0,QQQ_ABS_MOM_QLD_bimonthly_189D,pre_tax
2012-01-03,RISK,SELL,128298.96621108688,1.290871759931478,165617.51231029496,82.80875615514748,76462.26674321714,QQQ_ABS_MOM_QLD_bimonthly_189D,pre_tax
2012-03-01,RISK,BUY,99584.94661208415,1.6614155371277806,165451.97756535714,82.72598878267857,0.0,QQQ_ABS_MOM_QLD_bimonthly_189D,pre_tax
2013-01-02,RISK,SELL,99584.94661208415,1.7599254778557578,175262.08475351235,87.63104237675617,9639.750156995782,QQQ_ABS_MOM_QLD_bimonthly_189D,pre_tax
2013-03-01,RISK,BUY,99381.77899672724,1.761760677093267,175086.9102560076,87.5434551280038,0.0,QQQ_ABS_MOM_QLD_bimonthly_189D,pre_tax
2015-09-01,RISK,SELL,99381.77899672724,4.004880768822511,398012.17547536193,199.00608773768096,222638.71567648865,QQQ_ABS_MOM_QLD_bimonthly_189D,pre_tax
2015-11-02,RISK,BUY,79896.7976751472,4.976599485541127,397614.36220652104,198.80718110326052,0.0,QQQ_ABS_MOM_QLD_bimonthly_189D,pre_tax
2016-03-01,RISK,SELL,79896.7976751472,4.061998270463953,324540.6539720563,162.27032698602815,-73434.78574255406,QQQ_ABS_MOM_QLD_bimonthly_189D,pre_tax
2016-07-01,RISK,BUY,74064.59331101537,4.377479994332151,324216.27550731663,162.10813775365833,0.0,QQQ_ABS_MOM_QLD_bimonthly_189D,pre_tax
2019-01-02,RISK,SELL,74064.59331101537,7.930691094749013,587383.4106078768,293.6917053039384,262711.33525750256,QQQ_ABS_MOM_QLD_bimonthly_189D,pre_tax
2019-03-01,RISK,BUY,56118.72597601599,10.456337176880792,586796.3207422018,293.39816037110086,0.0,QQQ_ABS_MOM_QLD_bimonthly_189D,pre_tax
2022-05-02,RISK,SELL,56118.72597601599,26.20424332902578,1470548.7507904426,735.2743753952213,882723.7575124745,QQQ_ABS_MOM_QLD_bimonthly_189D,pre_tax
2023-05-01,RISK,BUY,59797.79089380585,24.56744496724792,1469078.9369465741,734.5394684732871,0.0,QQQ_ABS_MOM_QLD_bimonthly_189D,pre_tax
2006-06-21,RISK,BUY,100704.2593271069,0.9925104027909014,99950.02498750626,49.97501249375313,0.0,QQQ_ABS_MOM_QLD_bimonthly_189D,after_tax
2006-07-03,RISK,SELL,100704.2593271069,0.9901980630484073,99717.16252642576,49.85858126321288,-332.6960548374627,QQQ_ABS_MOM_QLD_bimonthly_189D,after_tax
2006-11-01,RISK,BUY,85660.09907603578,1.1629392946316672,99617.49519756378,49.80874759878189,0.0,QQQ_ABS_MOM_QLD_bimonthly_189D,after_tax
2008-03-03,RISK,SELL,85660.09907603578,1.0403559681792183,89116.99530857697,44.55849765428849,-10594.867134239888,QQQ_ABS_MOM_QLD_bimonthly_189D,after_tax
2009-09-01,RISK,BUY,128298.96621108688,0.6939099002794976,89027.92284949793,44.51396142474897,0.0,QQQ_ABS_MOM_QLD_bimonthly_189D,after_tax
2012-01-03,RISK,SELL,128298.96621108688,1.290871759931478,165617.51231029496,82.80875615514748,76462.26674321714,QQQ_ABS_MOM_QLD_bimonthly_189D,after_tax
2012-03-01,RISK,BUY,91575.6789912969,1.6614155371277806,152145.25589916675,76.07262794958338,0.0,QQQ_ABS_MOM_QLD_bimonthly_189D,after_tax
2013-01-02,RISK,SELL,91575.6789912969,1.7599254778557578,161166.37060872366,80.58318530436183,8864.458896302967,QQQ_ABS_MOM_QLD_bimonthly_189D,after_tax
2013-03-01,RISK,BUY,90367.19458192916,1.761760677093267,159205.36991367853,79.60268495683927,0.0,QQQ_ABS_MOM_QLD_bimonthly_189D,after_tax
2015-09-01,RISK,SELL,90367.19458192916,4.004880768822511,361909.83971360995,180.954919856805,202443.9121951178,QQQ_ABS_MOM_QLD_bimonthly_189D,after_tax
2015-11-02,RISK,BUY,64389.787418266,4.976599485541127,320442.1829398451,160.22109146992256,0.0,QQQ_ABS_MOM_QLD_bimonthly_189D,after_tax
2016-03-01,RISK,SELL,64389.787418266,4.061998270463953,261551.20512853807,130.77560256426904,-59181.974505341204,QQQ_ABS_MOM_QLD_bimonthly_189D,after_tax
2016-07-01,RISK,BUY,59689.54397780648,4.377479994332151,261289.784633657,130.6448923168285,0.0,QQQ_ABS_MOM_QLD_bimonthly_189D,after_tax
2019-01-02,RISK,SELL,59689.54397780648,7.930691094749013,473379.33487441944,236.68966743720972,211722.21568100838,QQQ_ABS_MOM_QLD_bimonthly_189D,after_tax
2019-03-01,RISK,BUY,42264.62107830131,10.456337176880792,441933.12864782155,220.96656432391077,0.0,QQQ_ABS_MOM_QLD_bimonthly_189D,after_tax
2022-05-02,RISK,SELL,42264.62107830131,26.20424332902578,1107512.4149448795,553.7562074724398,664804.5635252616,QQQ_ABS_MOM_QLD_bimonthly_189D,after_tax
2023-05-01,RISK,BUY,39540.86002842146,24.56744496724792,971417.9027058973,485.7089513529487,0.0,QQQ_ABS_MOM_QLD_bimonthly_189D,after_tax
2006-06-21,RISK,BUY,100704.2593271069,0.9925104027909014,99950.02498750626,49.97501249375313,0.0,QQQ_ABS_MOM_QLD_bimonthly_252D,pre_tax
2008-03-03,RISK,SELL,100704.2593271069,1.0403559681792183,104768.27721202337,52.38413860601169,4715.893073417348,QQQ_ABS_MOM_QLD_bimonthly_252D,pre_tax
2008-05-01,RISK,BUY,84731.19370781067,1.2352423790191795,104663.56129277099,52.331780646385496,0.0,QQQ_ABS_MOM_QLD_bimonthly_252D,pre_tax
2008-07-01,RISK,SELL,84731.19370781067,1.0997216982783382,93180.73224150439,46.59036612075219,-11581.751198033759,QQQ_ABS_MOM_QLD_bimonthly_252D,pre_tax
2009-11-02,RISK,BUY,127527.47648695995,0.7299415046910612,93087.59807634547,46.543799038172736,0.0,QQQ_ABS_MOM_QLD_bimonthly_252D,pre_tax
2016-03-01,RISK,SELL,127527.47648695995,4.061998270463953,518016.38892666367,259.00819446333185,424623.23885681666,QQQ_ABS_MOM_QLD_bimonthly_252D,pre_tax
2016-07-01,RISK,BUY,118218.38868173838,4.377479994332151,517498.6314164921,258.74931570824606,0.0,QQQ_ABS_MOM_QLD_bimonthly_252D,pre_tax
2019-01-02,RISK,SELL,118218.38868173838,7.930691094749013,937553.52235384,468.77676117692,419327.3648604627,QQQ_ABS_MOM_QLD_bimonthly_252D,pre_tax
2019-03-01,RISK,BUY,89574.04696597363,10.456337176880792,936616.4373739761,468.3082186869881,0.0,QQQ_ABS_MOM_QLD_bimonthly_252D,pre_tax
2022-05-02,RISK,SELL,89574.04696597363,26.20424332902578,2347220.122661956,1173.6100613309782,1408961.7670079619,QQQ_ABS_MOM_QLD_bimonthly_252D,pre_tax
2023-05-01,RISK,BUY,95446.3957765617,24.56744496724792,2344874.0755628436,1172.4370377814219,0.0,QQQ_ABS_MOM_QLD_bimonthly_252D,pre_tax
2006-06-21,RISK,BUY,100704.2593271069,0.9925104027909014,99950.02498750626,49.97501249375313,0.0,QQQ_ABS_MOM_QLD_bimonthly_252D,after_tax
2008-03-03,RISK,SELL,100704.2593271069,1.0403559681792183,104768.27721202337,52.38413860601169,4715.893073417348,QQQ_ABS_MOM_QLD_bimonthly_252D,after_tax
2008-05-01,RISK,BUY,83955.9977489618,1.2352423790191795,103706.00639235646,51.85300319617823,0.0,QQQ_ABS_MOM_QLD_bimonthly_252D,after_tax
2008-07-01,RISK,SELL,83955.9977489618,1.0997216982783382,92328.23242514061,46.164116212570306,-11475.79108662461,QQQ_ABS_MOM_QLD_bimonthly_252D,after_tax
2009-11-02,RISK,BUY,126360.74225262596,0.7299415046910612,92235.95033376115,46.117975166880576,0.0,QQQ_ABS_MOM_QLD_bimonthly_252D,after_tax
2016-03-01,RISK,SELL,126360.74225262596,4.061998270463953,513277.116484708,256.638558242354,420738.4096175376,QQQ_ABS_MOM_QLD_bimonthly_252D,after_tax
2016-07-01,RISK,BUY,98153.26296310409,4.377479994332151,429663.944999411,214.8319724997055,0.0,QQQ_ABS_MOM_QLD_bimonthly_252D,after_tax
2019-01-02,RISK,SELL,98153.26296310409,7.930691094749013,778423.2085020477,389.21160425102386,348155.2199258859,QQQ_ABS_MOM_QLD_bimonthly_252D,after_tax
2019-03-01,RISK,BUY,67609.98384206223,10.456337176880792,706952.7875760649,353.47639378803245,0.0,QQQ_ABS_MOM_QLD_bimonthly_252D,after_tax
2022-05-02,RISK,SELL,67609.98384206223,26.20424332902578,1771668.4680688998,885.8342340344499,1063476.3698650124,QQQ_ABS_MOM_QLD_bimonthly_252D,after_tax
2023-05-01,RISK,BUY,63252.83036774516,24.56744496724792,1553960.4290822472,776.9802145411236,0.0,QQQ_ABS_MOM_QLD_bimonthly_252D,after_tax
2006-06-21,RISK,BUY,100704.2593271069,0.9925104027909014,99950.02498750626,49.97501249375313,0.0,QQQ_ABS_MOM_QLD_quarterly_126D,pre_tax
2006-07-03,RISK,SELL,100704.2593271069,0.9901980630484073,99717.16252642576,49.85858126321288,-332.6960548374627,QQQ_ABS_MOM_QLD_quarterly_126D,pre_tax
2007-01-03,RISK,BUY,83123.98698920067,1.19842056193125,99617.49519756378,49.80874759878189,0.0,QQQ_ABS_MOM_QLD_quarterly_126D,pre_tax
2008-04-01,RISK,SELL,83123.98698920067,1.105673796684275,91908.01428988377,45.95400714494188,-7805.24366242376,QQQ_ABS_MOM_QLD_quarterly_126D,pre_tax
2009-07-01,RISK,BUY,156365.1732685365,0.5871905507305863,91816.15220663551,45.908076103317754,0.0,QQQ_ABS_MOM_QLD_quarterly_126D,pre_tax
2010-07-01,RISK,SELL,156365.1732685365,0.7762022502958725,121370.99935894205,60.68549967947103,29448.253576523755,QQQ_ABS_MOM_QLD_quarterly_126D,pre_tax
2010-10-01,RISK,BUY,117863.68894137596,1.0287281019607608,121249.6890147552,60.6248445073776,0.0,QQQ_ABS_MOM_QLD_quarterly_126D,pre_tax
2011-10-03,RISK,SELL,117863.68894137596,1.0937673872989817,128915.45911082867,64.45772955541433,7540.687522010659,QQQ_ABS_MOM_QLD_quarterly_126D,pre_tax
2012-04-02,RISK,BUY,71076.11865104453,1.8119533047313074,128786.60807723465,64.39330403861733,0.0,QQQ_ABS_MOM_QLD_quarterly_126D,pre_tax
2013-04-01,RISK,SELL,71076.11865104453,1.8829799221519419,133834.90436440601,66.91745218220301,4916.9855309505365,QQQ_ABS_MOM_QLD_quarterly_126D,pre_tax
2013-07-01,RISK,BUY,65829.96352172292,2.031007298066212,133701.13634405177,66.85056817202589,0.0,QQQ_ABS_MOM_QLD_quarterly_126D,pre_tax
2015-10-01,RISK,SELL,65829.96352172292,4.0128714863326636,264167.18356264126,132.08359178132065,130267.11305863614,QQQ_ABS_MOM_QLD_quarterly_126D,pre_tax
2016-01-04,RISK,BUY,57322.857253167575,4.603803108263218,263903.1483966616,131.9515741983308,0.0,QQQ_ABS_MOM_QLD_quarterly_126D,pre_tax
2016-07-01,RISK,SELL,57322.857253167575,4.377479994332151,250929.6608436987,125.46483042184934,-13230.903957583098,QQQ_ABS_MOM_QLD_quarterly_126D,pre_tax
2016-10-03,RISK,BUY,47205.9302096647,5.310325534770665,250678.85658498437,125.33942829249219,0.0,QQQ_ABS_MOM_QLD_quarterly_126D,pre_tax
2019-01-02,RISK,SELL,47205.9302096647,7.930691094749013,374375.65033313126,187.18782516656563,123384.26649468782,QQQ_ABS_MOM_QLD_quarterly_126D,pre_tax
2019-07-01,RISK,BUY,30432.602862729367,12.289499635113815,374001.4617770762,187.0007308885381,0.0,QQQ_ABS_MOM_QLD_quarterly_126D,pre_tax
2022-07-01,RISK,SELL,30432.602862729367,20.238405744279785,615907.3645904474,307.9536822952237,241410.94840018742,QQQ_ABS_MOM_QLD_quarterly_126D,pre_tax
2023-04-03,RISK,BUY,25408.713123382855,24.215778344925518,615291.7650256393,307.6458825128197,0.0,QQQ_ABS_MOM_QLD_quarterly_126D,pre_tax
2025-04-01,RISK,SELL,25408.713123382855,44.0057077774389,1118128.4047083627,559.0642023541814,501969.92959785624,QQQ_ABS_MOM_QLD_quarterly_126D,pre_tax
2025-07-01,RISK,BUY,19147.316381083998,58.337722783542695,1117010.8350884642,558.5054175442322,0.0,QQQ_ABS_MOM_QLD_quarterly_126D,pre_tax
2026-04-01,RISK,SELL,19147.316381083998,61.85860985691658,1184426.373824423,592.2131869122115,66264.82013150235,QQQ_ABS_MOM_QLD_quarterly_126D,pre_tax
2026-07-01,RISK,BUY,12464.368856673374,94.93000030517578,1183242.539367827,591.6212696839135,0.0,QQQ_ABS_MOM_QLD_quarterly_126D,pre_tax
2006-06-21,RISK,BUY,100704.2593271069,0.9925104027909014,99950.02498750626,49.97501249375313,0.0,QQQ_ABS_MOM_QLD_quarterly_126D,after_tax
2006-07-03,RISK,SELL,100704.2593271069,0.9901980630484073,99717.16252642576,49.85858126321288,-332.6960548374627,QQQ_ABS_MOM_QLD_quarterly_126D,after_tax
2007-01-03,RISK,BUY,83123.98698920067,1.19842056193125,99617.49519756378,49.80874759878189,0.0,QQQ_ABS_MOM_QLD_quarterly_126D,after_tax
2008-04-01,RISK,SELL,83123.98698920067,1.105673796684275,91908.01428988377,45.95400714494188,-7805.24366242376,QQQ_ABS_MOM_QLD_quarterly_126D,after_tax
2009-07-01,RISK,BUY,156365.1732685365,0.5871905507305863,91816.15220663551,45.908076103317754,0.0,QQQ_ABS_MOM_QLD_quarterly_126D,after_tax
2010-07-01,RISK,SELL,156365.1732685365,0.7762022502958725,121370.99935894205,60.68549967947103,29448.253576523755,QQQ_ABS_MOM_QLD_quarterly_126D,after_tax
2010-10-01,RISK,BUY,113657.4980743351,1.0287281019607608,116922.66226761958,58.46133113380979,0.0,QQQ_ABS_MOM_QLD_quarterly_126D,after_tax
2011-10-03,RISK,SELL,113657.4980743351,1.0937673872989817,124314.86471570455,62.15743235785227,7271.583684593308,QQQ_ABS_MOM_QLD_quarterly_126D,after_tax
2012-04-02,RISK,BUY,67724.77396266114,1.8119533047313074,122714.12799382466,61.35706399691233,0.0,QQQ_ABS_MOM_QLD_quarterly_126D,after_tax
2013-04-01,RISK,SELL,67724.77396266114,1.8829799221519419,127524.38960396954,63.76219480198477,4685.142351345989,QQQ_ABS_MOM_QLD_quarterly_126D,after_tax
2013-07-01,RISK,BUY,62257.58915387397,2.031007298066212,126445.61793152586,63.22280896576293,0.0,QQQ_ABS_MOM_QLD_quarterly_126D,after_tax
2015-10-01,RISK,SELL,62257.58915387397,4.0128714863326636,249831.70432339454,124.91585216169727,123197.94773074122,QQQ_ABS_MOM_QLD_quarterly_126D,after_tax
2016-01-04,RISK,BUY,48778.55040448637,4.603803108263218,224566.8419687484,112.2834209843742,0.0,QQQ_ABS_MOM_QLD_quarterly_126D,after_tax
2016-07-01,RISK,SELL,48778.55040448637,4.377479994332151,213527.12854816153,106.76356427408076,-11258.760405845358,QQQ_ABS_MOM_QLD_quarterly_126D,after_tax
2016-10-03,RISK,BUY,40169.610456665694,5.310325534770665,213313.70812982254,106.65685406491127,0.0,QQQ_ABS_MOM_QLD_quarterly_126D,after_tax
2019-01-02,RISK,SELL,40169.610456665694,7.930691094749013,318572.77192821546,159.28638596410772,104993.12055836388,QQQ_ABS_MOM_QLD_quarterly_126D,after_tax
2019-07-01,RISK,BUY,24347.756075651836,12.289499635113815,299221.7394075634,149.6108697037817,0.0,QQQ_ABS_MOM_QLD_quarterly_126D,after_tax
2022-07-01,RISK,SELL,24347.756075651836,20.238405744279785,492759.7664217951,246.37988321089756,193142.0362613171,QQQ_ABS_MOM_QLD_quarterly_126D,after_tax
2023-04-03,RISK,BUY,18708.878582819278,24.215778344925518,453050.05684367585,226.52502842183793,0.0,QQQ_ABS_MOM_QLD_quarterly_126D,after_tax
2025-04-01,RISK,SELL,18708.878582819278,44.0057077774389,823297.4437591303,411.6487218795652,369609.21316515305,QQQ_ABS_MOM_QLD_quarterly_126D,after_tax
2025-07-01,RISK,BUY,12812.052557670335,58.337722783542695,747425.9703975512,373.7129851987756,0.0,QQQ_ABS_MOM_QLD_quarterly_126D,after_tax
2026-04-01,RISK,SELL,12812.052557670335,61.85860985691658,792535.7606312395,396.2678803156198,44339.809368173825,QQQ_ABS_MOM_QLD_quarterly_126D,after_tax
2026-07-01,RISK,BUY,8245.449149018768,94.93000030517578,782740.490232663,391.3702451163315,0.0,QQQ_ABS_MOM_QLD_quarterly_126D,after_tax
2006-06-21,RISK,BUY,100704.2593271069,0.9925104027909014,99950.02498750626,49.97501249375313,0.0,QQQ_ABS_MOM_QLD_quarterly_189D,pre_tax
2006-07-03,RISK,SELL,100704.2593271069,0.9901980630484073,99717.16252642576,49.85858126321288,-332.6960548374627,QQQ_ABS_MOM_QLD_quarterly_189D,pre_tax
2006-10-02,RISK,BUY,94441.53278488516,1.0548059975314907,99617.49519756378,49.80874759878189,0.0,QQQ_ABS_MOM_QLD_quarterly_189D,pre_tax
2008-04-01,RISK,SELL,94441.53278488516,1.105673796684275,104421.5281189464,52.2107640594732,4702.013409724357,QQQ_ABS_MOM_QLD_quarterly_189D,pre_tax
2009-10-01,RISK,BUY,134951.68287072275,0.7729963536314699,104317.15877549918,52.15857938774959,0.0,QQQ_ABS_MOM_QLD_quarterly_189D,pre_tax
2011-10-03,RISK,SELL,134951.68287072275,1.0937673872989817,147605.74958511116,73.80287479255558,43162.629355431694,QQQ_ABS_MOM_QLD_quarterly_189D,pre_tax
2012-04-02,RISK,BUY,81380.80447022572,1.8119533047313074,147458.21760151786,73.72910880075892,0.0,QQQ_ABS_MOM_QLD_quarterly_189D,pre_tax
2013-01-02,RISK,SELL,81380.80447022572,1.7599254778557578,143224.15119554798,71.612075597774,-4379.407590368413,QQQ_ABS_MOM_QLD_quarterly_189D,pre_tax
2013-04-01,RISK,BUY,75986.47066672992,1.8829799221519419,143080.9986206399,71.54049931031996,0.0,QQQ_ABS_MOM_QLD_quarterly_189D,pre_tax
2015-10-01,RISK,SELL,75986.47066672992,4.0128714863326636,304923.9414855738,152.46197074278692,161618.9403948808,QQQ_ABS_MOM_QLD_quarterly_189D,pre_tax
2016-01-04,RISK,BUY,66166.85439547033,4.603803108263218,304619.1699298661,152.30958496493304,0.0,QQQ_ABS_MOM_QLD_quarterly_189D,pre_tax
2019-01-02,RISK,SELL,66166.85439547033,7.930691094749013,524748.8829217112,262.3744414608556,219715.02896541933,QQQ_ABS_MOM_QLD_quarterly_189D,pre_tax
2019-04-01,RISK,BUY,46391.49294343639,11.300011338744342,524224.3962821093,262.11219814105465,0.0,QQQ_ABS_MOM_QLD_quarterly_189D,pre_tax
2022-07-01,RISK,SELL,46391.49294343639,20.238405744279785,938889.857272158,469.444928636079,413933.9038632716,QQQ_ABS_MOM_QLD_quarterly_189D,pre_tax
2023-04-03,RISK,BUY,38733.06995402688,24.215778344925518,937951.4366252094,468.9757183126047,0.0,QQQ_ABS_MOM_QLD_quarterly_189D,pre_tax
2025-04-01,RISK,SELL,38733.06995402688,44.0057077774389,1704476.1577200058,852.2380788600029,765203.5072976238,QQQ_ABS_MOM_QLD_quarterly_189D,pre_tax
2025-07-01,RISK,BUY,29188.189941737277,58.337722783542695,1702772.5333744586,851.3862666872293,0.0,QQQ_ABS_MOM_QLD_quarterly_189D,pre_tax
2006-06-21,RISK,BUY,100704.2593271069,0.9925104027909014,99950.02498750626,49.97501249375313,0.0,QQQ_ABS_MOM_QLD_quarterly_189D,after_tax
2006-07-03,RISK,SELL,100704.2593271069,0.9901980630484073,99717.16252642576,49.85858126321288,-332.6960548374627,QQQ_ABS_MOM_QLD_quarterly_189D,after_tax
2006-10-02,RISK,BUY,94441.53278488516,1.0548059975314907,99617.49519756378,49.80874759878189,0.0,QQQ_ABS_MOM_QLD_quarterly_189D,after_tax
2008-04-01,RISK,SELL,94441.53278488516,1.105673796684275,104421.5281189464,52.2107640594732,4702.013409724357,QQQ_ABS_MOM_QLD_quarterly_189D,after_tax
2009-10-01,RISK,BUY,133803.96305954532,0.7729963536314699,103429.97554646843,51.71498777323421,0.0,QQQ_ABS_MOM_QLD_quarterly_189D,after_tax
2011-10-03,RISK,SELL,133803.96305954532,1.0937673872989817,146350.41108588834,73.17520554294417,42795.54534610374,QQQ_ABS_MOM_QLD_quarterly_189D,after_tax
2012-04-02,RISK,BUY,75892.99525679309,1.8119533047313074,137514.5635615037,68.75728178075184,0.0,QQQ_ABS_MOM_QLD_quarterly_189D,after_tax
2013-01-02,RISK,SELL,75892.99525679309,1.7599254778557578,133566.01594321633,66.78300797160817,-4084.0879080397135,QQQ_ABS_MOM_QLD_quarterly_189D,after_tax
2013-04-01,RISK,BUY,70862.42137112883,1.8829799221519419,133432.51667690626,66.71625833845313,0.0,QQQ_ABS_MOM_QLD_quarterly_189D,after_tax
2015-10-01,RISK,SELL,70862.42137112883,4.0128714863326636,284361.79017269326,142.18089508634662,150720.37634236223,QQQ_ABS_MOM_QLD_quarterly_189D,after_tax
2016-01-04,RISK,BUY,55237.65670558681,4.603803108263218,254303.29563435714,127.15164781717857,0.0,QQQ_ABS_MOM_QLD_quarterly_189D,after_tax
2019-01-02,RISK,SELL,55237.65670558681,7.930691094749013,438072.79212980036,219.03639606490017,183423.3084515611,QQQ_ABS_MOM_QLD_quarterly_189D,after_tax
2019-04-01,RISK,BUY,35432.80648679067,11.300011338744342,400391.1150642687,200.19555753213436,0.0,QQQ_ABS_MOM_QLD_quarterly_189D,after_tax
2022-07-01,RISK,SELL,35432.80648679067,20.238405744279785,717103.5143382184,358.5517571691092,316153.65195924847,QQQ_ABS_MOM_QLD_quarterly_189D,after_tax
2023-04-03,RISK,BUY,26932.53311001531,24.215778344925518,652192.2520594982,326.09612602974914,0.0,QQQ_ABS_MOM_QLD_quarterly_189D,after_tax
2025-04-01,RISK,SELL,26932.53311001531,44.0057077774389,1185185.1817455313,592.5925908727656,532074.2409691307,QQQ_ABS_MOM_QLD_quarterly_189D,after_tax
2025-07-01,RISK,BUY,18443.704585992065,58.337722783542695,1075963.7252391602,537.9818626195802,0.0,QQQ_ABS_MOM_QLD_quarterly_189D,after_tax
2006-06-21,RISK,BUY,100704.2593271069,0.9925104027909014,99950.02498750626,49.97501249375313,0.0,QQQ_ABS_MOM_QLD_quarterly_252D,pre_tax
2008-07-01,RISK,SELL,100704.2593271069,1.0997216982783382,110746.65909106818,55.37332954553409,10691.285761522638,QQQ_ABS_MOM_QLD_quarterly_252D,pre_tax
2009-10-01,RISK,BUY,143126.11858759183,0.7729963536314699,110635.96777763384,55.31798388881692,0.0,QQQ_ABS_MOM_QLD_quarterly_252D,pre_tax
2019-01-02,RISK,SELL,143126.11858759183,7.930691094749013,1135089.0341086057,567.5445170543029,1023830.2038300289,QQQ_ABS_MOM_QLD_quarterly_252D,pre_tax
2019-04-01,RISK,BUY,100349.85614991329,11.300011338744342,1133954.5123353838,566.977256167692,0.0,QQQ_ABS_MOM_QLD_quarterly_252D,pre_tax
2022-07-01,RISK,SELL,100349.85614991329,20.238405744279785,2030921.1051420553,1015.4605525710277,895384.1549979327,QQQ_ABS_MOM_QLD_quarterly_252D,pre_tax
2023-07-03,RISK,BUY,63428.19370466725,31.98721389476833,2028891.1989899892,1014.4455994949947,0.0,QQQ_ABS_MOM_QLD_quarterly_252D,pre_tax
2006-06-21,RISK,BUY,100704.2593271069,0.9925104027909014,99950.02498750626,49.97501249375313,0.0,QQQ_ABS_MOM_QLD_quarterly_252D,after_tax
2008-07-01,RISK,SELL,100704.2593271069,1.0997216982783382,110746.65909106818,55.37332954553409,10691.285761522638,QQQ_ABS_MOM_QLD_quarterly_252D,after_tax
2009-10-01,RISK,BUY,140317.76216053244,0.7729963536314699,108465.11849981942,54.23255924990971,0.0,QQQ_ABS_MOM_QLD_quarterly_252D,after_tax
2019-01-02,RISK,SELL,140317.76216053244,7.930691094749013,1112816.8268016446,556.4084134008224,1003741.0673291744,QQQ_ABS_MOM_QLD_quarterly_252D,after_tax
2019-04-01,RISK,BUY,80344.73993944199,11.300011338744342,907896.4723241599,453.94823616208,0.0,QQQ_ABS_MOM_QLD_quarterly_252D,after_tax
2022-07-01,RISK,SELL,80344.73993944199,20.238405744279785,1626049.4463130683,813.0247231565342,716886.0010295897,QQQ_ABS_MOM_QLD_quarterly_252D,after_tax
2023-07-03,RISK,BUY,46232.8980744017,31.98721389476833,1478861.5996809101,739.430799840455,0.0,QQQ_ABS_MOM_QLD_quarterly_252D,after_tax
