date,realized_gain,loss_pool,tax_paid,cumulative_tax_paid,strategy,tax_mode
2008-01-07,21023.614024153547,0.0,4270.9471890067925,4270.9471890067925,QQQ_MA_QQQ_weekly_MA150,after_tax
2008-06-30,-7837.253480789805,7837.253480789805,0.0,4270.9471890067925,QQQ_MA_QQQ_weekly_MA150,after_tax
2008-09-08,-7654.039338429415,15491.29281921922,0.0,4270.9471890067925,QQQ_MA_QQQ_weekly_MA150,after_tax
2010-05-24,41170.83613477979,0.0,5216.79922455613,9487.746413562923,QQQ_MA_QQQ_weekly_MA150,after_tax
2010-06-28,-6590.733762160598,6590.733762160598,0.0,9487.746413562923,QQQ_MA_QQQ_weekly_MA150,after_tax
2010-08-02,633.3846726280899,5957.3490895325085,0.0,9487.746413562923,QQQ_MA_QQQ_weekly_MA150,after_tax
2010-08-16,-7106.060801030413,13063.409890562922,0.0,9487.746413562923,QQQ_MA_QQQ_weekly_MA150,after_tax
2011-06-13,21068.76191938555,0.0,1626.287264655317,11114.03367821824,QQQ_MA_QQQ_weekly_MA150,after_tax
2011-08-08,-14471.32063705071,14471.32063705071,0.0,11114.03367821824,QQQ_MA_QQQ_weekly_MA150,after_tax
2011-09-26,-3521.8176869333984,17993.13832398411,0.0,11114.03367821824,QQQ_MA_QQQ_weekly_MA150,after_tax
2011-11-21,-7189.132634132766,25182.270958116875,0.0,11114.03367821824,QQQ_MA_QQQ_weekly_MA150,after_tax
2011-12-19,-4724.024048614287,29906.29500673116,0.0,11114.03367821824,QQQ_MA_QQQ_weekly_MA150,after_tax
2012-05-21,10116.878650127735,19789.416356603426,0.0,11114.03367821824,QQQ_MA_QQQ_weekly_MA150,after_tax
2012-06-04,-4210.258220572563,23999.67457717599,0.0,11114.03367821824,QQQ_MA_QQQ_weekly_MA150,after_tax
2012-10-31,4136.245022184856,19863.429554991133,0.0,11114.03367821824,QQQ_MA_QQQ_weekly_MA150,after_tax
2012-12-10,-3031.601361827139,22895.030916818272,0.0,11114.03367821824,QQQ_MA_QQQ_weekly_MA150,after_tax
2012-12-31,-2568.187142737821,25463.218059556093,0.0,11114.03367821824,QQQ_MA_QQQ_weekly_MA150,after_tax
2014-04-14,35283.915331329685,0.0,1995.074650760805,13109.108328979046,QQQ_MA_QQQ_weekly_MA150,after_tax
2015-08-24,15778.534852613113,0.0,3205.409355308354,16314.517684287399,QQQ_MA_QQQ_weekly_MA150,after_tax
2016-01-11,-4579.135913256236,4579.135913256236,0.0,16314.517684287399,QQQ_MA_QQQ_weekly_MA150,after_tax
2016-05-02,-1927.5511388723971,6506.687052128633,0.0,16314.517684287399,QQQ_MA_QQQ_weekly_MA150,after_tax
2016-06-20,-3385.981832335674,9892.668884464307,0.0,16314.517684287399,QQQ_MA_QQQ_weekly_MA150,after_tax
2018-10-22,100197.58108992112,0.0,18345.44291453855,34659.96059882595,QQQ_MA_QQQ_weekly_MA150,after_tax
2020-03-16,5505.623841845576,0.0,1118.4674834709288,35778.42808229688,QQQ_MA_QQQ_weekly_MA150,after_tax
2022-01-24,152187.39324044873,0.0,30916.86893679716,66695.29701909404,QQQ_MA_QQQ_weekly_MA150,after_tax
2022-08-22,-12336.616328912205,12336.616328912205,0.0,66695.29701909404,QQQ_MA_QQQ_weekly_MA150,after_tax
2022-12-12,-10154.262627024262,22490.878955936467,0.0,66695.29701909404,QQQ_MA_QQQ_weekly_MA150,after_tax
2023-10-30,64913.6142631495,0.0,8618.178677660328,75313.47569675437,QQQ_MA_QQQ_weekly_MA150,after_tax
2024-09-09,92908.26644563657,0.0,18874.314328431068,94187.79002518543,QQQ_MA_QQQ_weekly_MA150,after_tax
2025-03-10,11146.533174282464,0.0,2264.4182143554826,96452.20823954091,QQQ_MA_QQQ_weekly_MA150,after_tax
2026-03-09,75825.92391500872,0.0,15404.036443334022,111856.24468287494,QQQ_MA_QQQ_weekly_MA150,after_tax
2008-01-07,21023.614024153547,0.0,4270.9471890067925,4270.9471890067925,QQQ_MA_QQQ_weekly_MA175,after_tax
2008-06-23,-2811.4941415676876,2811.4941415676876,0.0,4270.9471890067925,QQQ_MA_QQQ_weekly_MA175,after_tax
2008-09-02,-1148.6899361968826,3960.1840777645702,0.0,4270.9471890067925,QQQ_MA_QQQ_weekly_MA175,after_tax
2010-05-24,42367.01166555614,0.0,7802.347024459858,12073.294213466652,QQQ_MA_QQQ_weekly_MA175,after_tax
2010-06-07,-503.773989987385,503.773989987385,0.0,12073.294213466652,QQQ_MA_QQQ_weekly_MA175,after_tax
2010-06-28,-1664.3542910950782,2168.128281082463,0.0,12073.294213466652,QQQ_MA_QQQ_weekly_MA175,after_tax
2010-08-16,-5239.927645757765,7408.0559268402285,0.0,12073.294213466652,QQQ_MA_QQQ_weekly_MA175,after_tax
2011-06-13,27822.41238079549,0.0,4147.1765136210115,16220.470727087664,QQQ_MA_QQQ_weekly_MA175,after_tax
2011-08-08,-16489.910865709913,16489.910865709913,0.0,16220.470727087664,QQQ_MA_QQQ_weekly_MA175,after_tax
2011-09-26,-4013.0725591225782,20502.98342483249,0.0,16220.470727087664,QQQ_MA_QQQ_weekly_MA175,after_tax
2011-11-21,-8191.937647701503,28694.921072533994,0.0,16220.470727087664,QQQ_MA_QQQ_weekly_MA175,after_tax
2011-12-19,-5382.973499300191,34077.894571834186,0.0,16220.470727087664,QQQ_MA_QQQ_weekly_MA175,after_tax
2012-06-04,10717.68181550235,23360.212756331835,0.0,16220.470727087664,QQQ_MA_QQQ_weekly_MA175,after_tax
2012-10-31,4851.10339523945,18509.109361092385,0.0,16220.470727087664,QQQ_MA_QQQ_weekly_MA175,after_tax
2012-12-10,-3555.54653568464,22064.655896777025,0.0,16220.470727087664,QQQ_MA_QQQ_weekly_MA175,after_tax
2012-12-31,-3012.041429103905,25076.69732588093,0.0,16220.470727087664,QQQ_MA_QQQ_weekly_MA175,after_tax
2015-08-24,63963.06915570033,0.0,7899.766437227811,24120.237164315477,QQQ_MA_QQQ_weekly_MA175,after_tax
2016-01-11,-5434.065447866014,5434.065447866014,0.0,24120.237164315477,QQQ_MA_QQQ_weekly_MA175,after_tax
2016-05-02,-2287.4269821121707,7721.492429978185,0.0,24120.237164315477,QQQ_MA_QQQ_weekly_MA175,after_tax
2016-06-20,-4018.1482338036585,11739.640663781844,0.0,24120.237164315477,QQQ_MA_QQQ_weekly_MA175,after_tax
2018-10-29,110495.89080958217,0.0,20062.332217119336,44182.56938143481,QQQ_MA_QQQ_weekly_MA175,after_tax
2019-03-11,475.5157903265208,0.0,96.6010328048327,44279.17041423965,QQQ_MA_QQQ_weekly_MA175,after_tax
2020-03-16,-4397.16792232421,4397.16792232421,0.0,44279.17041423965,QQQ_MA_QQQ_weekly_MA175,after_tax
2022-01-24,199896.00885197648,0.0,39715.58953485886,83994.75994909852,QQQ_MA_QQQ_weekly_MA175,after_tax
2023-03-13,-9510.028161403083,9510.028161403083,0.0,83994.75994909852,QQQ_MA_QQQ_weekly_MA175,after_tax
2025-03-10,254212.21905097773,0.0,49711.25007921709,133706.0100283156,QQQ_MA_QQQ_weekly_MA175,after_tax
2026-03-16,106063.66490140837,0.0,21546.83352472111,155252.8435530367,QQQ_MA_QQQ_weekly_MA175,after_tax
2006-09-25,-299.17468562901195,299.17468562901195,0.0,0.0,QQQ_MA_QQQ_weekly_MA200,after_tax
2008-01-07,19534.225643177575,0.0,3907.6006020259906,3907.6006020259906,QQQ_MA_QQQ_weekly_MA200,after_tax
2008-06-23,-2777.1738310210785,2777.1738310210785,0.0,3907.6006020259906,QQQ_MA_QQQ_weekly_MA200,after_tax
2008-09-02,-1134.6677140804968,3911.8415451015753,0.0,3907.6006020259906,QQQ_MA_QQQ_weekly_MA200,after_tax
2009-05-18,-3577.5834165296837,7489.424961631259,0.0,3907.6006020259906,QQQ_MA_QQQ_weekly_MA200,after_tax
2010-07-06,33038.95270526383,0.0,5190.386561118957,9097.987163144948,QQQ_MA_QQQ_weekly_MA200,after_tax
2010-08-16,-4896.981372839975,4896.981372839975,0.0,9097.987163144948,QQQ_MA_QQQ_weekly_MA200,after_tax
2011-06-20,23392.479798305416,0.0,3757.3605051333043,12855.347668278253,QQQ_MA_QQQ_weekly_MA200,after_tax
2011-08-08,-15159.667398544843,15159.667398544843,0.0,12855.347668278253,QQQ_MA_QQQ_weekly_MA200,after_tax
2011-09-26,-3689.3374220131664,18849.00482055801,0.0,12855.347668278253,QQQ_MA_QQQ_weekly_MA200,after_tax
2011-11-21,-7531.092866427454,26380.097686985464,0.0,12855.347668278253,QQQ_MA_QQQ_weekly_MA200,after_tax
2011-12-19,-4948.728257486466,31328.82594447193,0.0,12855.347668278253,QQQ_MA_QQQ_weekly_MA200,after_tax
2012-01-03,1835.9496839079075,29492.876260564022,0.0,12855.347668278253,QQQ_MA_QQQ_weekly_MA200,after_tax
2012-11-12,12964.622980172368,16528.253280391655,0.0,12855.347668278253,QQQ_MA_QQQ_weekly_MA200,after_tax
2012-12-10,-3280.6700678909983,19808.923348282653,0.0,12855.347668278253,QQQ_MA_QQQ_weekly_MA200,after_tax
2012-12-31,-2779.1829077568545,22588.106256039508,0.0,12855.347668278253,QQQ_MA_QQQ_weekly_MA200,after_tax
2015-08-24,59018.135277799796,0.0,7400.760395770602,20256.108064048854,QQQ_MA_QQQ_weekly_MA200,after_tax
2016-01-11,-2967.816027380235,2967.816027380235,0.0,20256.108064048854,QQQ_MA_QQQ_weekly_MA200,after_tax
2016-05-02,-2133.9779044022143,5101.793931782449,0.0,20256.108064048854,QQQ_MA_QQQ_weekly_MA200,after_tax
2016-06-20,-3748.5959615777247,8850.389893360174,0.0,20256.108064048854,QQQ_MA_QQQ_weekly_MA200,after_tax
2018-10-29,103083.41702656366,0.0,19143.439462110287,39399.54752615914,QQQ_MA_QQQ_weekly_MA200,after_tax
2019-03-11,442.8735679615638,0.0,89.96976533139168,39489.517291490534,QQQ_MA_QQQ_weekly_MA200,after_tax
2020-03-16,-4095.320252875099,4095.320252875099,0.0,39489.517291490534,QQQ_MA_QQQ_weekly_MA200,after_tax
2022-01-24,186173.96196406626,0.0,36989.27606362848,76478.793355119,QQQ_MA_QQQ_weekly_MA200,after_tax
2023-03-13,-8857.2034597717,8857.2034597717,0.0,76478.793355119,QQQ_MA_QQQ_weekly_MA200,after_tax
2025-03-10,236761.5855474327,0.0,46298.775221108335,122777.56857622735,QQQ_MA_QQQ_weekly_MA200,after_tax
2026-03-23,88832.63224905694,0.0,18046.349241395917,140823.91781762327,QQQ_MA_QQQ_weekly_MA200,after_tax
2006-09-25,-299.17468562901195,299.17468562901195,0.0,0.0,QQQ_MA_QQQ_weekly_MA225,after_tax
2008-01-14,17785.122880948882,0.0,3552.270375879232,3552.270375879232,QQQ_MA_QQQ_weekly_MA225,after_tax
2008-06-23,-2743.610714853421,2743.610714853421,0.0,3552.270375879232,QQQ_MA_QQQ_weekly_MA225,after_tax
2008-08-25,-2732.8286392006703,5476.439354054091,0.0,3552.270375879232,QQQ_MA_QQQ_weekly_MA225,after_tax
2010-07-06,23283.73621143715,0.0,3617.5523565773683,7169.8227324566,QQQ_MA_QQQ_weekly_MA225,after_tax
2010-07-19,-443.82617409026716,443.82617409026716,0.0,7169.8227324566,QQQ_MA_QQQ_weekly_MA225,after_tax
2010-08-16,-4608.00582380456,5051.8319978948275,0.0,7169.8227324566,QQQ_MA_QQQ_weekly_MA225,after_tax
2011-08-08,18063.06719605009,0.0,2643.2324305052416,9813.055162961842,QQQ_MA_QQQ_weekly_MA225,after_tax
2011-09-26,-3777.336064642761,3777.336064642761,0.0,9813.055162961842,QQQ_MA_QQQ_weekly_MA225,after_tax
2011-11-21,-7710.725649758286,11488.061714401047,0.0,9813.055162961842,QQQ_MA_QQQ_weekly_MA225,after_tax
2011-12-19,-5066.766083683397,16554.827798084443,0.0,9813.055162961842,QQQ_MA_QQQ_weekly_MA225,after_tax
2012-01-03,1879.741037649641,14675.086760434802,0.0,9813.055162961842,QQQ_MA_QQQ_weekly_MA225,after_tax
2012-11-12,13273.857158009327,1401.2296024254756,0.0,9813.055162961842,QQQ_MA_QQQ_weekly_MA225,after_tax
2012-12-17,-115.85019060553168,1517.0797930310073,0.0,9813.055162961842,QQQ_MA_QQQ_weekly_MA225,after_tax
2012-12-31,-2914.476973206678,4431.556766237685,0.0,9813.055162961842,QQQ_MA_QQQ_weekly_MA225,after_tax
2015-08-24,61891.21118608798,0.0,11672.928795392587,21485.98395835443,QQQ_MA_QQQ_weekly_MA225,after_tax
2015-09-08,-1779.1557097944897,1779.1557097944897,0.0,21485.98395835443,QQQ_MA_QQQ_weekly_MA225,after_tax
2016-01-11,-3018.1742849484144,4797.329994742904,0.0,21485.98395835443,QQQ_MA_QQQ_weekly_MA225,after_tax
2016-05-02,-2170.187496898201,6967.517491641105,0.0,21485.98395835443,QQQ_MA_QQQ_weekly_MA225,after_tax
2016-06-20,-3812.2025865202304,10779.720078161336,0.0,21485.98395835443,QQQ_MA_QQQ_weekly_MA225,after_tax
2018-10-29,104832.5487846426,0.0,19106.83215172167,40592.8161100761,QQQ_MA_QQQ_weekly_MA225,after_tax
2018-11-19,-5763.12961523523,5763.12961523523,0.0,40592.8161100761,QQQ_MA_QQQ_weekly_MA225,after_tax
2019-06-03,3270.840858550073,2492.288756685157,0.0,40592.8161100761,QQQ_MA_QQQ_weekly_MA225,after_tax
2020-03-16,-10084.843185979436,12577.131942664593,0.0,40592.8161100761,QQQ_MA_QQQ_weekly_MA225,after_tax
2022-01-24,183090.26300305704,0.0,34639.742574918724,75232.55868499482,QQQ_MA_QQQ_weekly_MA225,after_tax
2023-02-27,-11370.785247533,11370.785247533,0.0,75232.55868499482,QQQ_MA_QQQ_weekly_MA225,after_tax
2023-03-13,-18484.536669543886,29855.321917076886,0.0,75232.55868499482,QQQ_MA_QQQ_weekly_MA225,after_tax
2025-03-17,216434.54566990968,0.0,37903.56930538798,113136.1279903828,QQQ_MA_QQQ_weekly_MA225,after_tax
2026-03-23,83056.24649273045,0.0,16872.876474998193,130009.00446538099,QQQ_MA_QQQ_weekly_MA225,after_tax
2006-09-25,-299.17468562901195,299.17468562901195,0.0,0.0,QQQ_MA_QQQ_weekly_MA250,after_tax
2008-01-14,17785.122880948882,0.0,3552.270375879232,3552.270375879232,QQQ_MA_QQQ_weekly_MA250,after_tax
2008-06-23,-2743.610714853421,2743.610714853421,0.0,3552.270375879232,QQQ_MA_QQQ_weekly_MA250,after_tax
2008-08-25,-2732.8286392006703,5476.439354054091,0.0,3552.270375879232,QQQ_MA_QQQ_weekly_MA250,after_tax
2010-07-06,20436.18451260407,0.0,3039.0722289594282,6591.34260483866,QQQ_MA_QQQ_weekly_MA250,after_tax
2010-08-30,-2156.3854451281077,2156.3854451281077,0.0,6591.34260483866,QQQ_MA_QQQ_weekly_MA250,after_tax
2011-08-08,18154.999488076675,0.0,3250.1184428250017,9841.461047663663,QQQ_MA_QQQ_weekly_MA250,after_tax
2011-09-26,-3780.3750654202595,3780.3750654202595,0.0,9841.461047663663,QQQ_MA_QQQ_weekly_MA250,after_tax
2011-11-21,-7716.92920190288,11497.30426732314,0.0,9841.461047663663,QQQ_MA_QQQ_weekly_MA250,after_tax
2011-12-19,-5070.84247662386,16568.146743947,0.0,9841.461047663663,QQQ_MA_QQQ_weekly_MA250,after_tax
2012-01-03,1881.253355954701,14686.893387992299,0.0,9841.461047663663,QQQ_MA_QQQ_weekly_MA250,after_tax
2012-11-19,11521.146935547571,3165.7464524447278,0.0,9841.461047663663,QQQ_MA_QQQ_weekly_MA250,after_tax
2012-12-31,-1546.3505294254282,4712.096981870156,0.0,9841.461047663663,QQQ_MA_QQQ_weekly_MA250,after_tax
2015-08-24,61813.13430109786,0.0,11600.075731401108,21441.536779064772,QQQ_MA_QQQ_weekly_MA250,after_tax
2015-09-08,-1777.4724774467177,1777.4724774467177,0.0,21441.536779064772,QQQ_MA_QQQ_weekly_MA250,after_tax
2015-09-28,-5735.791035703674,7513.263513150392,0.0,21441.536779064772,QQQ_MA_QQQ_weekly_MA250,after_tax
2016-01-11,-2920.4601380822132,10433.723651232605,0.0,21441.536779064772,QQQ_MA_QQQ_weekly_MA250,after_tax
2016-05-02,-2099.927134248981,12533.650785481586,0.0,21441.536779064772,QQQ_MA_QQQ_weekly_MA250,after_tax
2016-06-20,-3688.781574923749,16222.432360405335,0.0,21441.536779064772,QQQ_MA_QQQ_weekly_MA250,after_tax
2018-10-29,101438.56881490332,0.0,17311.658120731267,38753.19489979604,QQQ_MA_QQQ_weekly_MA250,after_tax
2018-11-19,-4556.650221375603,4556.650221375603,0.0,38753.19489979604,QQQ_MA_QQQ_weekly_MA250,after_tax
2019-06-03,3193.29153336311,1363.358688012493,0.0,38753.19489979604,QQQ_MA_QQQ_weekly_MA250,after_tax
2020-03-16,-9845.738681202201,11209.097369214694,0.0,38753.19489979604,QQQ_MA_QQQ_weekly_MA250,after_tax
2022-01-24,178749.32226084103,0.0,34035.79668673389,72788.99158652994,QQQ_MA_QQQ_weekly_MA250,after_tax
2022-02-14,-13411.977498838969,13411.977498838969,0.0,72788.99158652994,QQQ_MA_QQQ_weekly_MA250,after_tax
2022-04-11,-18716.935028755455,32128.912527594424,0.0,72788.99158652994,QQQ_MA_QQQ_weekly_MA250,after_tax
2023-02-13,-3121.5288114706054,35250.44133906503,0.0,72788.99158652994,QQQ_MA_QQQ_weekly_MA250,after_tax
2023-02-27,-2927.995758367935,38178.437097432965,0.0,72788.99158652994,QQQ_MA_QQQ_weekly_MA250,after_tax
2023-03-13,-16731.47149198409,54909.90858941706,0.0,72788.99158652994,QQQ_MA_QQQ_weekly_MA250,after_tax
2025-03-17,195907.9903107995,0.0,28643.760301698843,101432.75188822878,QQQ_MA_QQQ_weekly_MA250,after_tax
2026-03-30,87282.40069365996,0.0,17731.41970091702,119164.1715891458,QQQ_MA_QQQ_weekly_MA250,after_tax
2008-02-01,12427.175286384037,0.0,2524.580659428917,2524.580659428917,QQQ_MA_QQQ_monthly_MA150,after_tax
2008-07-01,-11279.883119678343,11279.883119678343,0.0,2524.580659428917,QQQ_MA_QQQ_monthly_MA150,after_tax
2008-10-01,-16923.144880453096,28203.02800013144,0.0,2524.580659428917,QQQ_MA_QQQ_monthly_MA150,after_tax
2010-06-01,27031.98783752258,1171.040162608857,0.0,2524.580659428917,QQQ_MA_QQQ_monthly_MA150,after_tax
2011-09-01,13132.6132877887,0.0,2429.993580380285,4954.5742398092025,QQQ_MA_QQQ_monthly_MA150,after_tax
2012-11-01,20020.661939490223,0.0,4067.1974730074385,9021.77171281664,QQQ_MA_QQQ_monthly_MA150,after_tax
2015-09-01,79888.47510713252,0.0,16229.34371801397,25251.11543083061,QQQ_MA_QQQ_monthly_MA150,after_tax
2016-02-01,-17144.585349942092,17144.585349942092,0.0,25251.11543083061,QQQ_MA_QQQ_monthly_MA150,after_tax
2016-05-02,-4451.094809109985,21595.680159052077,0.0,25251.11543083061,QQQ_MA_QQQ_monthly_MA150,after_tax
2018-11-01,102935.92031767732,0.0,16524.269788224716,41775.38521905533,QQQ_MA_QQQ_monthly_MA150,after_tax
2020-04-01,18246.8772293434,0.0,3706.853109141112,45482.23832819644,QQQ_MA_QQQ_monthly_MA150,after_tax
2022-02-01,198087.75394923403,0.0,40241.52721478689,85723.76554298334,QQQ_MA_QQQ_monthly_MA150,after_tax
2023-01-03,-36638.85776995204,36638.85776995204,0.0,85723.76554298334,QQQ_MA_QQQ_monthly_MA150,after_tax
2023-11-01,79397.1769002126,0.0,8686.352531312432,94410.11807429577,QQQ_MA_QQQ_monthly_MA150,after_tax
2025-04-01,101578.08247326821,0.0,20635.587454444438,115045.7055287402,QQQ_MA_QQQ_monthly_MA150,after_tax
2026-04-01,70842.8613601072,0.0,14391.727285305777,129437.43281404598,QQQ_MA_QQQ_monthly_MA150,after_tax
2008-02-01,12427.175286384037,0.0,2524.580659428917,2524.580659428917,QQQ_MA_QQQ_monthly_MA175,after_tax
2008-07-01,-11279.883119678343,11279.883119678343,0.0,2524.580659428917,QQQ_MA_QQQ_monthly_MA175,after_tax
2010-07-01,25626.825563262828,0.0,2914.581357414188,5439.162016843105,QQQ_MA_QQQ_monthly_MA175,after_tax
2010-09-01,-6104.876765136025,6104.876765136025,0.0,5439.162016843105,QQQ_MA_QQQ_monthly_MA175,after_tax
2011-09-01,13917.50603953257,0.0,1587.1356370936583,7026.297653936764,QQQ_MA_QQQ_monthly_MA175,after_tax
2012-11-01,21382.86341413291,0.0,4343.928702581101,11370.226356517865,QQQ_MA_QQQ_monthly_MA175,after_tax
2015-09-01,85324.06954086293,0.0,17333.5847272263,28703.811083744167,QQQ_MA_QQQ_monthly_MA175,after_tax
2016-02-01,-18311.099200303957,18311.099200303957,0.0,28703.811083744167,QQQ_MA_QQQ_monthly_MA175,after_tax
2016-05-02,-4753.946329757484,23065.04553006144,0.0,28703.811083744167,QQQ_MA_QQQ_monthly_MA175,after_tax
2018-11-01,109939.65790009277,0.0,17648.577502971864,46352.38858671603,QQQ_MA_QQQ_monthly_MA175,after_tax
2020-04-01,19488.39077892335,0.0,3959.066586738278,50311.455173454306,QQQ_MA_QQQ_monthly_MA175,after_tax
2022-02-01,211565.60155256733,0.0,42979.55195540405,93291.00712885836,QQQ_MA_QQQ_monthly_MA175,after_tax
2025-04-01,283516.94496439275,0.0,57596.46736951639,150887.47449837474,QQQ_MA_QQQ_monthly_MA175,after_tax
2026-04-01,88909.8628160723,0.0,18062.038631085088,168949.5131294598,QQQ_MA_QQQ_monthly_MA175,after_tax
2008-02-01,12427.175286384037,0.0,2524.580659428917,2524.580659428917,QQQ_MA_QQQ_monthly_MA200,after_tax
2008-07-01,-11279.883119678343,11279.883119678343,0.0,2524.580659428917,QQQ_MA_QQQ_monthly_MA200,after_tax
2010-07-01,25626.825563262828,0.0,2914.581357414188,5439.162016843105,QQQ_MA_QQQ_monthly_MA200,after_tax
2010-09-01,-6104.876765136025,6104.876765136025,0.0,5439.162016843105,QQQ_MA_QQQ_monthly_MA200,after_tax
2011-09-01,13917.50603953257,0.0,1587.1356370936583,7026.297653936764,QQQ_MA_QQQ_monthly_MA200,after_tax
2012-01-03,1242.8923338391469,0.0,252.4935776194227,7278.791231556186,QQQ_MA_QQQ_monthly_MA200,after_tax
2015-09-01,95613.48987133673,0.0,19423.880467362058,26702.671698918246,QQQ_MA_QQQ_monthly_MA200,after_tax
2016-02-01,-17635.00230571258,17635.00230571258,0.0,26702.671698918246,QQQ_MA_QQQ_monthly_MA200,after_tax
2016-05-02,-4578.417361482861,22213.41966719544,0.0,26702.671698918246,QQQ_MA_QQQ_monthly_MA200,after_tax
2018-11-01,105880.37885378298,0.0,16996.94275875526,43699.61445767351,QQQ_MA_QQQ_monthly_MA200,after_tax
2020-04-01,18768.824993053102,0.0,3812.886797338738,47512.50125501225,QQQ_MA_QQQ_monthly_MA200,after_tax
2022-02-01,203754.00899619708,0.0,41392.62692757744,88905.12818258969,QQQ_MA_QQQ_monthly_MA200,after_tax
2025-04-01,273048.7079701175,0.0,55469.84502412937,144374.97320671906,QQQ_MA_QQQ_monthly_MA200,after_tax
2026-04-01,85627.06250512763,0.0,17395.137747916677,161770.11095463575,QQQ_MA_QQQ_monthly_MA200,after_tax
2008-02-01,12427.175286384037,0.0,2524.580659428917,2524.580659428917,QQQ_MA_QQQ_monthly_MA225,after_tax
2008-07-01,-11279.883119678343,11279.883119678343,0.0,2524.580659428917,QQQ_MA_QQQ_monthly_MA225,after_tax
2010-07-01,20449.749027415834,0.0,1862.858259156871,4387.438918585788,QQQ_MA_QQQ_monthly_MA225,after_tax
2010-09-01,-5897.312718970614,5897.312718970614,0.0,4387.438918585788,QQQ_MA_QQQ_monthly_MA225,after_tax
2011-09-01,13444.314855298682,0.0,1533.173483995047,5920.612402580835,QQQ_MA_QQQ_monthly_MA225,after_tax
2012-01-03,1200.634353590809,0.0,243.90886893197285,6164.521271512807,QQQ_MA_QQQ_monthly_MA225,after_tax
2015-09-01,92362.65884080296,0.0,18763.47414350912,24927.995415021927,QQQ_MA_QQQ_monthly_MA225,after_tax
2016-02-01,-17035.41732250477,17035.41732250477,0.0,24927.995415021927,QQQ_MA_QQQ_monthly_MA225,after_tax
2016-05-02,-4422.752494009968,21458.16981651474,0.0,24927.995415021927,QQQ_MA_QQQ_monthly_MA225,after_tax
2018-11-01,102280.4765642031,0.0,16419.05161579289,41347.04703081482,QQQ_MA_QQQ_monthly_MA225,after_tax
2019-06-03,-1229.5083630821318,1229.5083630821318,0.0,41347.04703081482,QQQ_MA_QQQ_monthly_MA225,after_tax
2020-04-01,-6261.191331255977,7490.699694338109,0.0,41347.04703081482,QQQ_MA_QQQ_monthly_MA225,after_tax
2022-03-01,158873.32582655657,0.0,30753.38049876018,72100.427529575,QQQ_MA_QQQ_monthly_MA225,after_tax
2025-04-01,235353.7170422598,0.0,47812.10761713508,119912.53514671008,QQQ_MA_QQQ_monthly_MA225,after_tax
2026-04-01,73296.11688631412,0.0,14890.106145454714,134802.6412921648,QQQ_MA_QQQ_monthly_MA225,after_tax
2008-02-01,12427.175286384037,0.0,2524.580659428917,2524.580659428917,QQQ_MA_QQQ_monthly_MA250,after_tax
2008-07-01,-11279.883119678343,11279.883119678343,0.0,2524.580659428917,QQQ_MA_QQQ_monthly_MA250,after_tax
2010-07-01,17701.138321249484,0.0,1304.4779941991771,3829.0586536280944,QQQ_MA_QQQ_monthly_MA250,after_tax
2010-09-01,-5787.112926567497,5787.112926567497,0.0,3829.0586536280944,QQQ_MA_QQQ_monthly_MA250,after_tax
2011-10-03,6354.255131734739,0.0,115.21493897972513,3944.2735926078194,QQQ_MA_QQQ_monthly_MA250,after_tax
2012-01-03,1125.1010259160248,0.0,228.56427341484044,4172.83786602266,QQQ_MA_QQQ_monthly_MA250,after_tax
2015-09-01,86552.01469733671,0.0,17583.04178576395,21755.87965178661,QQQ_MA_QQQ_monthly_MA250,after_tax
2016-02-01,-15963.699063861655,15963.699063861655,0.0,21755.87965178661,QQQ_MA_QQQ_monthly_MA250,after_tax
2016-05-02,-4144.511901980062,20108.210965841718,0.0,21755.87965178661,QQQ_MA_QQQ_monthly_MA250,after_tax
2018-12-03,100512.56347912244,0.0,16334.14421307298,38090.02386485959,QQQ_MA_QQQ_monthly_MA250,after_tax
2019-06-03,-1169.5971345474536,1169.5971345474536,0.0,38090.02386485959,QQQ_MA_QQQ_monthly_MA250,after_tax
2020-04-01,-5956.097298543871,7125.694433091325,0.0,38090.02386485959,QQQ_MA_QQQ_monthly_MA250,after_tax
2022-03-01,151131.77935362983,0.0,29254.836151607396,67344.86001646699,QQQ_MA_QQQ_monthly_MA250,after_tax
2022-05-02,-50479.532927778375,50479.532927778375,0.0,67344.86001646699,QQQ_MA_QQQ_monthly_MA250,after_tax
2025-04-01,151594.5238283403,0.0,20541.51040144915,87886.37041791614,QQQ_MA_QQQ_monthly_MA250,after_tax
2006-07-03,1864.5938475071016,0.0,378.79224012106766,378.79224012106766,QQQ_MA_QQQ_bimonthly_MA150,after_tax
2008-03-03,777.0341778745787,0.0,157.85449323522067,536.6467333562883,QQQ_MA_QQQ_bimonthly_MA150,after_tax
2008-11-03,-30652.596934726767,30652.596934726767,0.0,536.6467333562883,QQQ_MA_QQQ_bimonthly_MA150,after_tax
2010-07-01,18566.694851708642,12085.902083018125,0.0,536.6467333562883,QQQ_MA_QQQ_bimonthly_MA150,after_tax
2011-09-01,5304.940854472705,6780.96122854542,0.0,536.6467333562883,QQQ_MA_QQQ_bimonthly_MA150,after_tax
2012-11-01,15979.094707513374,0.0,1868.6008162523397,2405.247549608628,QQQ_MA_QQQ_bimonthly_MA150,after_tax
2015-09-01,62521.27289490553,0.0,12701.196588600058,15106.444138208686,QQQ_MA_QQQ_bimonthly_MA150,after_tax
2016-03-01,-13927.782277144812,13927.782277144812,0.0,15106.444138208686,QQQ_MA_QQQ_bimonthly_MA150,after_tax
2018-11-01,89039.06860082157,0.0,15258.857816654934,30365.301954863622,QQQ_MA_QQQ_bimonthly_MA150,after_tax
2022-03-01,222926.4726851254,0.0,45287.512925983225,75652.81488084685,QQQ_MA_QQQ_bimonthly_MA150,after_tax
2023-11-01,80692.98030707752,0.0,16392.7789493828,92045.59383022966,QQQ_MA_QQQ_bimonthly_MA150,after_tax
2025-05-01,91656.13595966354,0.0,18619.94402020565,110665.5378504353,QQQ_MA_QQQ_bimonthly_MA150,after_tax
2006-07-03,1864.5938475071016,0.0,378.79224012106766,378.79224012106766,QQQ_MA_QQQ_bimonthly_MA175,after_tax
2008-03-03,777.0341778745787,0.0,157.85449323522067,536.6467333562883,QQQ_MA_QQQ_bimonthly_MA175,after_tax
2010-07-01,26531.68326768103,0.0,5389.911455829401,5926.55818918569,QQQ_MA_QQQ_bimonthly_MA175,after_tax
2011-09-01,7263.090685518211,0.0,1475.4968727630246,7402.055061948715,QQQ_MA_QQQ_bimonthly_MA175,after_tax
2012-11-01,21629.931768823182,0.0,4394.120638836429,11796.175700785145,QQQ_MA_QQQ_bimonthly_MA175,after_tax
2015-09-01,83565.92574985747,0.0,16976.417816083547,28772.593516868692,QQQ_MA_QQQ_bimonthly_MA175,after_tax
2016-03-01,-18615.87209826149,18615.87209826149,0.0,28772.593516868692,QQQ_MA_QQQ_bimonthly_MA175,after_tax
2018-11-01,119009.60826629316,0.0,20394.987502535634,49167.58101940433,QQQ_MA_QQQ_bimonthly_MA175,after_tax
2022-03-01,297963.49628704984,0.0,60531.284270714175,109698.8652901185,QQQ_MA_QQQ_bimonthly_MA175,after_tax
2025-05-01,355545.111527523,0.0,72228.9894068163,181927.8546969348,QQQ_MA_QQQ_bimonthly_MA175,after_tax
2006-07-03,1864.5938475071016,0.0,378.79224012106766,378.79224012106766,QQQ_MA_QQQ_bimonthly_MA200,after_tax
2008-03-03,777.0341778745787,0.0,157.85449323522067,536.6467333562883,QQQ_MA_QQQ_bimonthly_MA200,after_tax
2010-07-01,26531.68326768103,0.0,5389.911455829401,5926.55818918569,QQQ_MA_QQQ_bimonthly_MA200,after_tax
2011-09-01,7263.090685518211,0.0,1475.4968727630246,7402.055061948715,QQQ_MA_QQQ_bimonthly_MA200,after_tax
2012-01-03,1257.2533367615106,0.0,255.41101536310086,7657.466077311816,QQQ_MA_QQQ_bimonthly_MA200,after_tax
2015-09-01,83495.34927657663,0.0,16962.080205536542,24619.546282848358,QQQ_MA_QQQ_bimonthly_MA200,after_tax
2016-03-01,-17191.194383642753,17191.194383642753,0.0,24619.546282848358,QQQ_MA_QQQ_bimonthly_MA200,after_tax
2018-11-01,109901.77083447462,0.0,18834.153605986492,43453.699888834846,QQQ_MA_QQQ_bimonthly_MA200,after_tax
2022-03-01,275160.26951962465,0.0,55898.80875291175,99352.5086417466,QQQ_MA_QQQ_bimonthly_MA200,after_tax
2025-05-01,328335.1482090602,0.0,66701.28535867058,166053.79400041717,QQQ_MA_QQQ_bimonthly_MA200,after_tax
2006-07-03,1864.5938475071016,0.0,378.79224012106766,378.79224012106766,QQQ_MA_QQQ_bimonthly_MA225,after_tax
2008-03-03,777.0341778745787,0.0,157.85449323522067,536.6467333562883,QQQ_MA_QQQ_bimonthly_MA225,after_tax
2010-07-01,18326.147897539588,0.0,3722.9569453851673,4259.603678741456,QQQ_MA_QQQ_bimonthly_MA225,after_tax
2011-09-01,6877.7636522084795,0.0,1397.2176859461526,5656.821364687608,QQQ_MA_QQQ_bimonthly_MA225,after_tax
2012-01-03,1190.5525726723135,0.0,241.86075513838048,5898.682119825989,QQQ_MA_QQQ_bimonthly_MA225,after_tax
2015-09-01,79065.69024780353,0.0,16062.194973841288,21960.877093667277,QQQ_MA_QQQ_bimonthly_MA225,after_tax
2016-03-01,-16279.154011613835,16279.154011613835,0.0,21960.877093667277,QQQ_MA_QQQ_bimonthly_MA225,after_tax
2018-11-01,104071.17816466643,0.0,17834.949706692634,39795.82680035991,QQQ_MA_QQQ_bimonthly_MA225,after_tax
2022-03-01,260562.2567824148,0.0,52933.222465347564,92729.04926570746,QQQ_MA_QQQ_bimonthly_MA225,after_tax
2025-05-01,310916.0612020688,0.0,63162.59783320028,155891.64709890774,QQQ_MA_QQQ_bimonthly_MA225,after_tax
2006-07-03,1864.5938475071016,0.0,378.79224012106766,378.79224012106766,QQQ_MA_QQQ_bimonthly_MA250,after_tax
2008-03-03,777.0341778745787,0.0,157.85449323522067,536.6467333562883,QQQ_MA_QQQ_bimonthly_MA250,after_tax
2010-07-01,18326.147897539588,0.0,3722.9569453851673,4259.603678741456,QQQ_MA_QQQ_bimonthly_MA250,after_tax
2012-01-03,11431.0307569984,0.0,2322.213898284225,6581.81757702568,QQQ_MA_QQQ_bimonthly_MA250,after_tax
2015-09-01,80786.22967675382,0.0,16411.72255883254,22993.540135858217,QQQ_MA_QQQ_bimonthly_MA250,after_tax
2016-03-01,-16633.40281737459,16633.40281737459,0.0,22993.540135858217,QQQ_MA_QQQ_bimonthly_MA250,after_tax
2019-01-02,75645.7820938671,0.0,11988.364850019454,34981.90498587767,QQQ_MA_QQQ_bimonthly_MA250,after_tax
2022-03-01,241350.63017208787,0.0,49030.38051945965,84012.28550533732,QQQ_MA_QQQ_bimonthly_MA250,after_tax
2025-05-01,222756.6589306909,0.0,45253.015261769855,129265.30076710717,QQQ_MA_QQQ_bimonthly_MA250,after_tax
2006-07-03,1864.5938475071016,0.0,378.79224012106766,378.79224012106766,QQQ_MA_QQQ_quarterly_MA150,after_tax
2008-04-01,9990.567865195131,0.0,2029.583861814391,2408.376101935459,QQQ_MA_QQQ_quarterly_MA150,after_tax
2010-07-01,19643.879805204662,0.0,3990.654182427327,6399.030284362786,QQQ_MA_QQQ_quarterly_MA150,after_tax
2011-10-03,7277.313463160055,0.0,1478.386230040965,7877.416514403751,QQQ_MA_QQQ_quarterly_MA150,after_tax
2015-10-01,114430.71846115636,0.0,23246.600455383912,31124.016969787663,QQQ_MA_QQQ_quarterly_MA150,after_tax
2019-01-02,92850.74058563134,0.0,18862.627949971007,49986.64491975867,QQQ_MA_QQQ_quarterly_MA150,after_tax
2020-04-01,7591.897226212663,0.0,1542.2939215051024,51528.93884126377,QQQ_MA_QQQ_quarterly_MA150,after_tax
2022-04-01,143550.77453377284,0.0,29162.339846535953,80691.27868779973,QQQ_MA_QQQ_quarterly_MA150,after_tax
2025-04-01,201290.39139985858,0.0,40892.14301288127,121583.421700681,QQQ_MA_QQQ_quarterly_MA150,after_tax
2026-04-01,34973.39117879246,0.0,7104.844417971688,128688.2661186527,QQQ_MA_QQQ_quarterly_MA150,after_tax
2006-07-03,1864.5938475071016,0.0,378.79224012106766,378.79224012106766,QQQ_MA_QQQ_quarterly_MA175,after_tax
2008-04-01,9990.567865195131,0.0,2029.583861814391,2408.376101935459,QQQ_MA_QQQ_quarterly_MA175,after_tax
2010-07-01,19643.879805204662,0.0,3990.654182427327,6399.030284362786,QQQ_MA_QQQ_quarterly_MA175,after_tax
2011-10-03,7277.313463160055,0.0,1478.386230040965,7877.416514403751,QQQ_MA_QQQ_quarterly_MA175,after_tax
2015-10-01,114430.71846115636,0.0,23246.600455383912,31124.016969787663,QQQ_MA_QQQ_quarterly_MA175,after_tax
2019-01-02,92850.74058563134,0.0,18862.627949971007,49986.64491975867,QQQ_MA_QQQ_quarterly_MA175,after_tax
2020-04-01,7591.897226212663,0.0,1542.2939215051024,51528.93884126377,QQQ_MA_QQQ_quarterly_MA175,after_tax
2022-04-01,143550.77453377284,0.0,29162.339846535953,80691.27868779973,QQQ_MA_QQQ_quarterly_MA175,after_tax
2025-04-01,201290.39139985858,0.0,40892.14301288127,121583.421700681,QQQ_MA_QQQ_quarterly_MA175,after_tax
2026-04-01,34973.39117879246,0.0,7104.844417971688,128688.2661186527,QQQ_MA_QQQ_quarterly_MA175,after_tax
2006-07-03,1864.5938475071016,0.0,378.79224012106766,378.79224012106766,QQQ_MA_QQQ_quarterly_MA200,after_tax
2008-04-01,9990.567865195131,0.0,2029.583861814391,2408.376101935459,QQQ_MA_QQQ_quarterly_MA200,after_tax
2010-07-01,19643.879805204662,0.0,3990.654182427327,6399.030284362786,QQQ_MA_QQQ_quarterly_MA200,after_tax
2011-10-03,7277.313463160055,0.0,1478.386230040965,7877.416514403751,QQQ_MA_QQQ_quarterly_MA200,after_tax
2015-10-01,75651.85720168223,0.0,15368.674790521745,23246.091304925496,QQQ_MA_QQQ_quarterly_MA200,after_tax
2019-01-02,79931.36348265666,0.0,16238.0564915017,39484.1477964272,QQQ_MA_QQQ_quarterly_MA200,after_tax
2020-04-01,6535.550420857733,0.0,1327.6970679972485,40811.84486442445,QQQ_MA_QQQ_quarterly_MA200,after_tax
2022-04-01,123576.926420892,0.0,25104.65260240421,65916.49746682866,QQQ_MA_QQQ_quarterly_MA200,after_tax
2025-04-01,173282.57522846467,0.0,35202.3551576626,101118.85262449126,QQQ_MA_QQQ_quarterly_MA200,after_tax
2026-04-01,30107.14642555901,0.0,6116.266796352313,107235.11942084358,QQQ_MA_QQQ_quarterly_MA200,after_tax
2006-07-03,1864.5938475071016,0.0,378.79224012106766,378.79224012106766,QQQ_MA_QQQ_quarterly_MA225,after_tax
2008-04-01,9990.567865195131,0.0,2029.583861814391,2408.376101935459,QQQ_MA_QQQ_quarterly_MA225,after_tax
2010-07-01,19643.879805204662,0.0,3990.654182427327,6399.030284362786,QQQ_MA_QQQ_quarterly_MA225,after_tax
2011-10-03,7277.313463160055,0.0,1478.386230040965,7877.416514403751,QQQ_MA_QQQ_quarterly_MA225,after_tax
2015-10-01,75651.85720168223,0.0,15368.674790521745,23246.091304925496,QQQ_MA_QQQ_quarterly_MA225,after_tax
2019-01-02,79931.36348265666,0.0,16238.0564915017,39484.1477964272,QQQ_MA_QQQ_quarterly_MA225,after_tax
2020-04-01,6535.550420857733,0.0,1327.6970679972485,40811.84486442445,QQQ_MA_QQQ_quarterly_MA225,after_tax
2022-04-01,123576.926420892,0.0,25104.65260240421,65916.49746682866,QQQ_MA_QQQ_quarterly_MA225,after_tax
2025-04-01,173282.57522846467,0.0,35202.3551576626,101118.85262449126,QQQ_MA_QQQ_quarterly_MA225,after_tax
2026-04-01,30107.14642555901,0.0,6116.266796352313,107235.11942084358,QQQ_MA_QQQ_quarterly_MA225,after_tax
2006-07-03,1864.5938475071016,0.0,378.79224012106766,378.79224012106766,QQQ_MA_QQQ_quarterly_MA250,after_tax
2008-04-01,9990.567865195131,0.0,2029.583861814391,2408.376101935459,QQQ_MA_QQQ_quarterly_MA250,after_tax
2010-07-01,19643.879805204662,0.0,3990.654182427327,6399.030284362786,QQQ_MA_QQQ_quarterly_MA250,after_tax
2011-10-03,7277.313463160055,0.0,1478.386230040965,7877.416514403751,QQQ_MA_QQQ_quarterly_MA250,after_tax
2015-10-01,75651.85720168223,0.0,15368.674790521745,23246.091304925496,QQQ_MA_QQQ_quarterly_MA250,after_tax
2019-01-02,79931.36348265666,0.0,16238.0564915017,39484.1477964272,QQQ_MA_QQQ_quarterly_MA250,after_tax
2020-04-01,6535.550420857733,0.0,1327.6970679972485,40811.84486442445,QQQ_MA_QQQ_quarterly_MA250,after_tax
2022-07-01,35464.643897021015,0.0,7204.642407679819,48016.48727210427,QQQ_MA_QQQ_quarterly_MA250,after_tax
2025-04-01,139350.41829822725,0.0,28309.037477284866,76325.52474938914,QQQ_MA_QQQ_quarterly_MA250,after_tax
2008-01-07,29788.224772355316,0.0,6051.477862503983,6051.477862503983,QQQ_MA_QLD_weekly_MA150,after_tax
2008-06-30,-17119.486532443523,17119.486532443523,0.0,6051.477862503983,QQQ_MA_QLD_weekly_MA150,after_tax
2008-09-08,-14538.015981804536,31657.50251424806,0.0,6051.477862503983,QQQ_MA_QLD_weekly_MA150,after_tax
2010-05-24,80219.44173675138,0.0,9865.357953051549,15916.835815555532,QQQ_MA_QLD_weekly_MA150,after_tax
2010-06-28,-15556.550538803247,15556.550538803247,0.0,15916.835815555532,QQQ_MA_QLD_weekly_MA150,after_tax
2010-08-02,1326.2625428600295,14230.287995943218,0.0,15916.835815555532,QQQ_MA_QLD_weekly_MA150,after_tax
2010-08-16,-15799.369629866938,30029.657625810156,0.0,15916.835815555532,QQQ_MA_QLD_weekly_MA150,after_tax
2011-06-13,44977.47037945836,0.0,3036.648160903633,18953.483976459167,QQQ_MA_QLD_weekly_MA150,after_tax
2011-08-08,-34065.564033193456,34065.564033193456,0.0,18953.483976459167,QQQ_MA_QLD_weekly_MA150,after_tax
2011-09-26,-7606.555157432042,41672.1191906255,0.0,18953.483976459167,QQQ_MA_QLD_weekly_MA150,after_tax
2011-11-21,-15344.330875064581,57016.45006569008,0.0,18953.483976459167,QQQ_MA_QLD_weekly_MA150,after_tax
2011-12-19,-9256.063834480316,66272.5139001704,0.0,18953.483976459167,QQQ_MA_QLD_weekly_MA150,after_tax
2012-05-21,18711.85098206572,47560.662918104674,0.0,18953.483976459167,QQQ_MA_QLD_weekly_MA150,after_tax
2012-06-04,-8402.689892172944,55963.35281027762,0.0,18953.483976459167,QQQ_MA_QLD_weekly_MA150,after_tax
2012-10-31,7020.724093749246,48942.62871652837,0.0,18953.483976459167,QQQ_MA_QLD_weekly_MA150,after_tax
2012-12-10,-5932.55522902598,54875.18394555435,0.0,18953.483976459167,QQQ_MA_QLD_weekly_MA150,after_tax
2012-12-31,-5061.873313781165,59937.05725933552,0.0,18953.483976459167,QQQ_MA_QLD_weekly_MA150,after_tax
2014-04-14,71854.0292314751,0.0,2420.9328561401558,21374.416832599323,QQQ_MA_QLD_weekly_MA150,after_tax
2015-08-24,29834.17070620833,0.0,6060.811778966222,27435.228611565544,QQQ_MA_QLD_weekly_MA150,after_tax
2016-01-11,-13240.73777435359,13240.73777435359,0.0,27435.228611565544,QQQ_MA_QLD_weekly_MA150,after_tax
2016-05-02,-5619.921583186166,18860.659357539756,0.0,27435.228611565544,QQQ_MA_QLD_weekly_MA150,after_tax
2016-06-20,-8070.676657134143,26931.3360146739,0.0,27435.228611565544,QQQ_MA_QLD_weekly_MA150,after_tax
2018-10-22,264395.01535288116,0.0,48240.74645755681,75675.97506912236,QQQ_MA_QLD_weekly_MA150,after_tax
2020-03-16,-26414.681113166036,26414.681113166036,0.0,75675.97506912236,QQQ_MA_QLD_weekly_MA150,after_tax
2022-01-24,521294.9046107265,0.0,100534.91740352941,176210.8924726518,QQQ_MA_QLD_weekly_MA150,after_tax
2022-08-22,-53670.08105552301,53670.08105552301,0.0,176210.8924726518,QQQ_MA_QLD_weekly_MA150,after_tax
2022-12-12,-42868.76850400132,96538.84955952433,0.0,176210.8924726518,QQQ_MA_QLD_weekly_MA150,after_tax
2023-10-30,223752.28033161524,0.0,25843.408461350267,202054.30093400207,QQQ_MA_QLD_weekly_MA150,after_tax
2024-09-09,360620.534907707,0.0,73260.06166650068,275314.36260050273,QQQ_MA_QLD_weekly_MA150,after_tax
2025-03-10,3058.003085674718,0.0,621.233326854819,275935.59592735756,QQQ_MA_QLD_weekly_MA150,after_tax
2026-03-09,308470.66098365095,0.0,62665.81477882869,338601.41070618626,QQQ_MA_QLD_weekly_MA150,after_tax
2008-01-07,29788.224772355316,0.0,6051.477862503983,6051.477862503983,QQQ_MA_QLD_weekly_MA175,after_tax
2008-06-23,-6750.461597662608,6750.461597662608,0.0,6051.477862503983,QQQ_MA_QLD_weekly_MA175,after_tax
2008-09-02,-2724.2298642425303,9474.691461905139,0.0,6051.477862503983,QQQ_MA_QLD_weekly_MA175,after_tax
2010-05-24,90888.57362524245,0.0,16539.230161481977,22590.70802398596,QQQ_MA_QLD_weekly_MA175,after_tax
2010-06-07,-1598.6431887641374,1598.6431887641374,0.0,22590.70802398596,QQQ_MA_QLD_weekly_MA175,after_tax
2010-06-28,-4793.599002765259,6392.242191529396,0.0,22590.70802398596,QQQ_MA_QLD_weekly_MA175,after_tax
2010-08-16,-13470.12965806012,19862.371849589515,0.0,22590.70802398596,QQQ_MA_QLD_weekly_MA175,after_tax
2011-06-13,68696.42449152729,0.0,9920.637794209659,32511.34581819562,QQQ_MA_QLD_weekly_MA175,after_tax
2011-08-08,-44456.58700786394,44456.58700786394,0.0,32511.34581819562,QQQ_MA_QLD_weekly_MA175,after_tax
2011-09-26,-9926.783565274032,54383.370573137974,0.0,32511.34581819562,QQQ_MA_QLD_weekly_MA175,after_tax
2011-11-21,-20024.813913548278,74408.18448668625,0.0,32511.34581819562,QQQ_MA_QLD_weekly_MA175,after_tax
2011-12-19,-12079.442066685297,86487.62655337155,0.0,32511.34581819562,QQQ_MA_QLD_weekly_MA175,after_tax
2012-06-04,22321.297555645957,64166.32899772559,0.0,32511.34581819562,QQQ_MA_QLD_weekly_MA175,after_tax
2012-10-31,9688.155142409349,54478.17385531624,0.0,32511.34581819562,QQQ_MA_QLD_weekly_MA175,after_tax
2012-12-10,-8186.550942927308,62664.72479824355,0.0,32511.34581819562,QQQ_MA_QLD_weekly_MA175,after_tax
2012-12-31,-6985.0649762458925,69649.78977448944,0.0,32511.34581819562,QQQ_MA_QLD_weekly_MA175,after_tax
2015-08-24,152279.27301625683,0.0,16786.179520565045,49297.525338760664,QQQ_MA_QLD_weekly_MA175,after_tax
2016-01-11,-18709.780447074096,18709.780447074096,0.0,49297.525338760664,QQQ_MA_QLD_weekly_MA175,after_tax
2016-05-02,-7941.211490106711,26650.991937180806,0.0,49297.525338760664,QQQ_MA_QLD_weekly_MA175,after_tax
2016-06-20,-11404.242791272729,38055.234728453535,0.0,49297.525338760664,QQQ_MA_QLD_weekly_MA175,after_tax
2018-10-29,335375.67219776416,0.0,60400.64687189044,109698.1722106511,QQQ_MA_QLD_weekly_MA175,after_tax
2019-03-11,955.6228765848791,0.0,194.1347873782182,109892.30699802932,QQQ_MA_QLD_weekly_MA175,after_tax
2020-03-16,-71284.14625542297,71284.14625542297,0.0,109892.30699802932,QQQ_MA_QLD_weekly_MA175,after_tax
2022-01-24,795645.605632426,0.0,147154.03047243817,257046.3374704675,QQQ_MA_QLD_weekly_MA175,after_tax
2023-03-13,-61737.222332490375,61737.222332490375,0.0,257046.3374704675,QQQ_MA_QLD_weekly_MA175,after_tax
2025-03-10,1189036.8811076353,0.0,229010.9256801707,486057.2631506382,QQQ_MA_QLD_weekly_MA175,after_tax
2026-03-16,569472.9680171595,0.0,115688.43345268595,601745.6966033241,QQQ_MA_QLD_weekly_MA175,after_tax
2006-09-25,-584.6826074959099,584.6826074959099,0.0,0.0,QQQ_MA_QLD_weekly_MA200,after_tax
2008-01-07,27451.048476476586,0.0,5457.902226283424,5457.902226283424,QQQ_MA_QLD_weekly_MA200,after_tax
2008-06-23,-6623.442040611757,6623.442040611757,0.0,5457.902226283424,QQQ_MA_QLD_weekly_MA200,after_tax
2008-09-02,-2672.9695962365076,9296.411636848265,0.0,5457.902226283424,QQQ_MA_QLD_weekly_MA200,after_tax
2009-05-18,-7384.446223480831,16680.857860329095,0.0,5457.902226283424,QQQ_MA_QLD_weekly_MA200,after_tax
2010-07-06,64298.86780352393,0.0,9673.59871996003,15131.500946243454,QQQ_MA_QLD_weekly_MA200,after_tax
2010-08-16,-11779.792665405606,11779.792665405606,0.0,15131.500946243454,QQQ_MA_QLD_weekly_MA200,after_tax
2011-06-20,52941.10378925578,0.0,8361.920354810163,23493.42130105362,QQQ_MA_QLD_weekly_MA200,after_tax
2011-08-08,-37545.06497472123,37545.06497472123,0.0,23493.42130105362,QQQ_MA_QLD_weekly_MA200,after_tax
2011-09-26,-8383.498577663646,45928.563552384876,0.0,23493.42130105362,QQQ_MA_QLD_weekly_MA200,after_tax
2011-11-21,-16911.620753925163,62840.18430631004,0.0,23493.42130105362,QQQ_MA_QLD_weekly_MA200,after_tax
2011-12-19,-10201.490212729463,73041.6745190395,0.0,23493.42130105362,QQQ_MA_QLD_weekly_MA200,after_tax
2012-01-03,3701.132229613664,69340.54228942584,0.0,23493.42130105362,QQQ_MA_QLD_weekly_MA200,after_tax
2012-11-12,23849.668159811976,45490.87412961386,0.0,23493.42130105362,QQQ_MA_QLD_weekly_MA200,after_tax
2012-12-10,-6938.308386597229,52429.18251621109,0.0,23493.42130105362,QQQ_MA_QLD_weekly_MA200,after_tax
2012-12-31,-5920.018728703348,58349.20124491444,0.0,23493.42130105362,QQQ_MA_QLD_weekly_MA200,after_tax
2015-08-24,129060.52432085996,0.0,14365.005282878332,37858.42658393195,QQQ_MA_QLD_weekly_MA200,after_tax
2016-01-11,-10615.351355573657,10615.351355573657,0.0,37858.42658393195,QQQ_MA_QLD_weekly_MA200,after_tax
2016-05-02,-6877.9308731005,17493.282228674158,0.0,37858.42658393195,QQQ_MA_QLD_weekly_MA200,after_tax
2016-06-20,-9877.283041277435,27370.565269951592,0.0,37858.42658393195,QQQ_MA_QLD_weekly_MA200,after_tax
2018-10-29,290470.8800123945,0.0,53448.828939927276,91307.25552385923,QQQ_MA_QLD_weekly_MA200,after_tax
2019-03-11,825.6244964220678,0.0,167.72561644814306,91474.98114030737,QQQ_MA_QLD_weekly_MA200,after_tax
2020-03-16,-61586.99084866885,61586.99084866885,0.0,91474.98114030737,QQQ_MA_QLD_weekly_MA200,after_tax
2022-01-24,687409.770712376,0.0,127135.8977293121,218610.87886961945,QQQ_MA_QLD_weekly_MA200,after_tax
2023-03-13,-53338.78494089504,53338.78494089504,0.0,218610.87886961945,QQQ_MA_QLD_weekly_MA200,after_tax
2025-03-10,1027285.972579558,0.0,197857.37116879437,416468.2500384138,QQQ_MA_QLD_weekly_MA200,after_tax
2026-03-23,423338.5315014182,0.0,86001.2226745131,502469.4727129269,QQQ_MA_QLD_weekly_MA200,after_tax
2006-09-25,-584.6826074959099,584.6826074959099,0.0,0.0,QQQ_MA_QLD_weekly_MA225,after_tax
2008-01-14,22752.349528159975,0.0,4503.361534932905,4503.361534932905,QQQ_MA_QLD_weekly_MA225,after_tax
2008-06-23,-6419.179384930059,6419.179384930059,0.0,4503.361534932905,QQQ_MA_QLD_weekly_MA225,after_tax
2008-08-25,-5438.523479131269,11857.702864061328,0.0,4503.361534932905,QQQ_MA_QLD_weekly_MA225,after_tax
2010-07-06,41624.28068166817,0.0,6047.08028364683,10550.441818579735,QQQ_MA_QLD_weekly_MA225,after_tax
2010-07-19,-962.9230654769635,962.9230654769635,0.0,10550.441818579735,QQQ_MA_QLD_weekly_MA225,after_tax
2010-08-16,-10380.288726940998,11343.211792417962,0.0,10550.441818579735,QQQ_MA_QLD_weekly_MA225,after_tax
2011-08-08,35609.68365953831,0.0,4929.733759805498,15480.175578385233,QQQ_MA_QLD_weekly_MA225,after_tax
2011-09-26,-8714.991419203987,8714.991419203987,0.0,15480.175578385233,QQQ_MA_QLD_weekly_MA225,after_tax
2011-11-21,-17580.325014662754,26295.31643386674,0.0,15480.175578385233,QQQ_MA_QLD_weekly_MA225,after_tax
2011-12-19,-10604.868461945589,36900.18489581233,0.0,15480.175578385233,QQQ_MA_QLD_weekly_MA225,after_tax
2012-01-03,3847.479107154766,33052.705788657564,0.0,15480.175578385233,QQQ_MA_QLD_weekly_MA225,after_tax
2012-11-12,24792.71051794573,8259.995270711835,0.0,15480.175578385233,QQQ_MA_QLD_weekly_MA225,after_tax
2012-12-17,-519.5736294878006,8779.568900199636,0.0,15480.175578385233,QQQ_MA_QLD_weekly_MA225,after_tax
2012-12-31,-6437.686462182755,15217.255362382391,0.0,15480.175578385233,QQQ_MA_QLD_weekly_MA225,after_tax
2015-08-24,140346.0408316295,0.0,25419.912768077553,40900.088346462784,QQQ_MA_QLD_weekly_MA225,after_tax
2015-09-08,-5316.035982583446,5316.035982583446,0.0,40900.088346462784,QQQ_MA_QLD_weekly_MA225,after_tax
2016-01-11,-10897.921842926182,16213.957825509628,0.0,40900.088346462784,QQQ_MA_QLD_weekly_MA225,after_tax
2016-05-02,-7061.014806329767,23274.972631839395,0.0,40900.088346462784,QQQ_MA_QLD_weekly_MA225,after_tax
2016-06-20,-10140.206856910489,33415.17948874988,0.0,40900.088346462784,QQQ_MA_QLD_weekly_MA225,after_tax
2018-10-29,298202.9366704839,0.0,53791.632871469265,94691.72121793205,QQQ_MA_QLD_weekly_MA225,after_tax
2018-11-19,-20797.22538011562,20797.22538011562,0.0,94691.72121793205,QQQ_MA_QLD_weekly_MA225,after_tax
2019-06-03,4810.668327170599,15986.55705294502,0.0,94691.72121793205,QQQ_MA_QLD_weekly_MA225,after_tax
2020-03-16,-73507.02169055684,89493.57874350186,0.0,94691.72121793205,QQQ_MA_QLD_weekly_MA225,after_tax
2022-01-24,660951.3988320548,0.0,116091.65615098954,210783.3773689216,QQQ_MA_QLD_weekly_MA225,after_tax
2023-02-27,-57389.15439691208,57389.15439691208,0.0,210783.3773689216,QQQ_MA_QLD_weekly_MA225,after_tax
2023-03-13,-82529.43476153177,139918.58915844385,0.0,210783.3773689216,QQQ_MA_QLD_weekly_MA225,after_tax
2025-03-17,861120.7529916585,0.0,146512.21958271755,357295.59695163916,QQQ_MA_QLD_weekly_MA225,after_tax
2026-03-23,366659.35468523204,0.0,74486.84790430489,431782.444855944,QQQ_MA_QLD_weekly_MA225,after_tax
2006-09-25,-584.6826074959099,584.6826074959099,0.0,0.0,QQQ_MA_QLD_weekly_MA250,after_tax
2008-01-14,22752.349528159975,0.0,4503.361534932905,4503.361534932905,QQQ_MA_QLD_weekly_MA250,after_tax
2008-06-23,-6419.179384930059,6419.179384930059,0.0,4503.361534932905,QQQ_MA_QLD_weekly_MA250,after_tax
2008-08-25,-5438.523479131269,11857.702864061328,0.0,4503.361534932905,QQQ_MA_QLD_weekly_MA250,after_tax
2010-07-06,35347.33292738562,0.0,4771.91834736433,9275.279882297235,QQQ_MA_QLD_weekly_MA250,after_tax
2010-08-30,-5287.94446513275,5287.94446513275,0.0,9275.279882297235,QQQ_MA_QLD_weekly_MA250,after_tax
2011-08-08,35898.16391759942,0.0,6218.4660817686035,15493.745964065838,QQQ_MA_QLD_weekly_MA250,after_tax
2011-09-26,-8717.877759411698,8717.877759411698,0.0,15493.745964065838,QQQ_MA_QLD_weekly_MA250,after_tax
2011-11-21,-17586.14748728639,26304.02524669809,0.0,15493.745964065838,QQQ_MA_QLD_weekly_MA250,after_tax
2011-12-19,-10608.380715345062,36912.40596204315,0.0,15493.745964065838,QQQ_MA_QLD_weekly_MA250,after_tax
2012-01-03,3848.7533635608706,33063.65259848228,0.0,15493.745964065838,QQQ_MA_QLD_weekly_MA250,after_tax
2012-11-19,20726.187537790975,12337.465060691306,0.0,15493.745964065838,QQQ_MA_QLD_weekly_MA250,after_tax
2012-12-31,-3837.4498401866003,16174.914900877906,0.0,15493.745964065838,QQQ_MA_QLD_weekly_MA250,after_tax
2015-08-24,139473.66752268674,0.0,25048.141595120465,40541.8875591863,QQQ_MA_QLD_weekly_MA250,after_tax
2015-09-08,-5287.355651204387,5287.355651204387,0.0,40541.8875591863,QQQ_MA_QLD_weekly_MA250,after_tax
2015-09-28,-15803.80925049656,21091.164901700948,0.0,40541.8875591863,QQQ_MA_QLD_weekly_MA250,after_tax
2016-01-11,-10164.020488569018,31255.185390269966,0.0,40541.8875591863,QQQ_MA_QLD_weekly_MA250,after_tax
2016-05-02,-6585.503199236991,37840.68858950696,0.0,40541.8875591863,QQQ_MA_QLD_weekly_MA250,after_tax
2016-06-20,-9457.332483886887,47298.021073393844,0.0,40541.8875591863,QQQ_MA_QLD_weekly_MA250,after_tax
2018-10-29,278120.98506079987,0.0,46891.68513404153,87433.57269322783,QQQ_MA_QLD_weekly_MA250,after_tax
2018-11-19,-16980.77136383322,16980.77136383322,0.0,87433.57269322783,QQQ_MA_QLD_weekly_MA250,after_tax
2019-06-03,4547.481480998918,12433.289882834302,0.0,87433.57269322783,QQQ_MA_QLD_weekly_MA250,after_tax
2020-03-16,-69485.5261530354,81918.8160358697,0.0,87433.57269322783,QQQ_MA_QLD_weekly_MA250,after_tax
2022-01-24,624791.4097617432,0.0,110284.56741541118,197718.14010863903,QQQ_MA_QLD_weekly_MA250,after_tax
2022-02-14,-60872.70051694196,60872.70051694196,0.0,197718.14010863903,QQQ_MA_QLD_weekly_MA250,after_tax
2022-04-11,-80891.71954059717,141764.42005753913,0.0,197718.14010863903,QQQ_MA_QLD_weekly_MA250,after_tax
2023-02-13,-13622.59878423321,155387.01884177234,0.0,197718.14010863903,QQQ_MA_QLD_weekly_MA250,after_tax
2023-02-27,-12626.613482670859,168013.6323244432,0.0,197718.14010863903,QQQ_MA_QLD_weekly_MA250,after_tax
2023-03-13,-67163.42806211638,235177.06038655958,0.0,197718.14010863903,QQQ_MA_QLD_weekly_MA250,after_tax
2025-03-17,700790.232157375,0.0,94589.31584524114,292307.45595388015,QQQ_MA_QLD_weekly_MA250,after_tax
2026-03-30,355531.7928401767,0.0,72226.2837154819,364533.7396693621,QQQ_MA_QLD_weekly_MA250,after_tax
2008-02-01,11308.663079583901,0.0,2297.3549046174694,2297.3549046174694,QQQ_MA_QLD_monthly_MA150,after_tax
2008-07-01,-21787.78735040904,21787.78735040904,0.0,2297.3549046174694,QQQ_MA_QLD_monthly_MA150,after_tax
2008-10-01,-29259.935601251316,51047.722951660355,0.0,2297.3549046174694,QQQ_MA_QLD_monthly_MA150,after_tax
2010-06-01,39421.617657444636,11626.105294215718,0.0,2297.3549046174694,QQQ_MA_QLD_monthly_MA150,after_tax
2011-09-01,19380.43745789565,0.0,1575.2925790515778,3872.6474836690472,QQQ_MA_QLD_monthly_MA150,after_tax
2012-11-01,35460.06709389204,0.0,7203.712630124167,11076.360113793215,QQQ_MA_QLD_monthly_MA150,after_tax
2015-09-01,189093.64508306747,0.0,38414.37399862515,49490.734112418366,QQQ_MA_QLD_monthly_MA150,after_tax
2016-02-01,-52188.490439139074,52188.490439139074,0.0,49490.734112418366,QQQ_MA_QLD_monthly_MA150,after_tax
2016-05-02,-12346.523276630236,64535.01371576931,0.0,49490.734112418366,QQQ_MA_QLD_monthly_MA150,after_tax
2018-11-01,284057.95827097096,0.0,44596.08618638921,94086.82029880758,QQQ_MA_QLD_monthly_MA150,after_tax
2020-04-01,-1965.995730295428,1965.995730295428,0.0,94086.82029880758,QQQ_MA_QLD_monthly_MA150,after_tax
2022-02-01,769118.2684083047,0.0,155846.98419453757,249933.80449334515,QQQ_MA_QLD_monthly_MA150,after_tax
2023-01-03,-182557.65926399454,182557.65926399454,0.0,249933.80449334515,QQQ_MA_QLD_monthly_MA150,after_tax
2023-11-01,304083.93499220023,0.0,24688.062914184986,274621.86740753014,QQQ_MA_QLD_monthly_MA150,after_tax
2025-04-01,348323.59993656655,0.0,70761.93932711349,345383.80673464364,QQQ_MA_QLD_monthly_MA150,after_tax
2026-04-01,279399.75170890475,0.0,56760.059559664,402143.86629430763,QQQ_MA_QLD_monthly_MA150,after_tax
2008-02-01,11308.663079583901,0.0,2297.3549046174694,2297.3549046174694,QQQ_MA_QLD_monthly_MA175,after_tax
2008-07-01,-21787.78735040904,21787.78735040904,0.0,2297.3549046174694,QQQ_MA_QLD_monthly_MA175,after_tax
2010-07-01,42460.63338324522,0.0,4199.6886715706705,6497.04357618814,QQQ_MA_QLD_monthly_MA175,after_tax
2010-09-01,-12627.532765457305,12627.532765457305,0.0,6497.04357618814,QQQ_MA_QLD_monthly_MA175,after_tax
2011-09-01,22459.435956941044,0.0,1997.3511333499216,8494.39470953806,QQQ_MA_QLD_monthly_MA175,after_tax
2012-11-01,41040.77642559426,0.0,8337.433730859473,16831.828440397534,QQQ_MA_QLD_monthly_MA175,after_tax
2015-09-01,218853.22412973075,0.0,44460.032481954804,61291.86092235234,QQQ_MA_QLD_monthly_MA175,after_tax
2016-02-01,-60401.920910942135,60401.920910942135,0.0,61291.86092235234,QQQ_MA_QLD_monthly_MA175,after_tax
2016-05-02,-14289.620493043505,74691.54140398564,0.0,61291.86092235234,QQQ_MA_QLD_monthly_MA175,after_tax
2018-11-01,328763.03156566154,0.0,51614.62322634446,112906.48414869679,QQQ_MA_QLD_monthly_MA175,after_tax
2020-04-01,-2275.4043585729087,2275.4043585729087,0.0,112906.48414869679,QQQ_MA_QLD_monthly_MA175,after_tax
2022-02-01,890162.1876519943,0.0,180374.20002605856,293280.68417475536,QQQ_MA_QLD_monthly_MA175,after_tax
2025-04-01,1367039.309013392,0.0,277714.0356260706,570994.7198008259,QQQ_MA_QLD_monthly_MA175,after_tax
2026-04-01,449363.0369699262,0.0,91288.10096044051,662282.8207612664,QQQ_MA_QLD_monthly_MA175,after_tax
2008-02-01,11308.663079583901,0.0,2297.3549046174694,2297.3549046174694,QQQ_MA_QLD_monthly_MA200,after_tax
2008-07-01,-21787.78735040904,21787.78735040904,0.0,2297.3549046174694,QQQ_MA_QLD_monthly_MA200,after_tax
2010-07-01,42460.63338324522,0.0,4199.6886715706705,6497.04357618814,QQQ_MA_QLD_monthly_MA200,after_tax
2010-09-01,-12627.532765457305,12627.532765457305,0.0,6497.04357618814,QQQ_MA_QLD_monthly_MA200,after_tax
2011-09-01,22459.435956941044,0.0,1997.3511333499216,8494.39470953806,QQQ_MA_QLD_monthly_MA200,after_tax
2012-01-03,627.1772160139226,0.0,127.41105143322837,8621.805760971289,QQQ_MA_QLD_monthly_MA200,after_tax
2015-09-01,229460.59619043922,0.0,46614.92011608773,55236.72587705901,QQQ_MA_QLD_monthly_MA200,after_tax
2016-02-01,-56187.62582769382,56187.62582769382,0.0,55236.72587705901,QQQ_MA_QLD_monthly_MA200,after_tax
2016-05-02,-13292.62111823706,69480.24694593088,0.0,55236.72587705901,QQQ_MA_QLD_monthly_MA200,after_tax
2018-11-01,305824.9460447753,0.0,48013.42562193025,103250.15149898926,QQQ_MA_QLD_monthly_MA200,after_tax
2020-04-01,-2116.647397600289,2116.647397600289,0.0,103250.15149898926,QQQ_MA_QLD_monthly_MA200,after_tax
2022-02-01,828054.7898384947,0.0,167789.3336368677,271039.48513585696,QQQ_MA_QLD_monthly_MA200,after_tax
2025-04-01,1271659.7755201329,0.0,258337.68339691497,529377.168532772,QQQ_MA_QLD_monthly_MA200,after_tax
2026-04-01,418010.58312846534,0.0,84918.84996254773,614296.0184953198,QQQ_MA_QLD_monthly_MA200,after_tax
2008-02-01,11308.663079583901,0.0,2297.3549046174694,2297.3549046174694,QQQ_MA_QLD_monthly_MA225,after_tax
2008-07-01,-21787.78735040904,21787.78735040904,0.0,2297.3549046174694,QQQ_MA_QLD_monthly_MA225,after_tax
2010-07-01,32896.08727791293,0.0,2256.6511302724152,4554.006034889884,QQQ_MA_QLD_monthly_MA225,after_tax
2010-09-01,-11860.578475910108,11860.578475910108,0.0,4554.006034889884,QQQ_MA_QLD_monthly_MA225,after_tax
2011-09-01,21095.32460851461,0.0,1876.0386768386045,6430.044711728488,QQQ_MA_QLD_monthly_MA225,after_tax
2012-01-03,589.0845604601636,0.0,119.67252845748224,6549.717240185971,QQQ_MA_QLD_monthly_MA225,after_tax
2015-09-01,215523.9236987448,0.0,43783.685099400005,50333.40233958598,QQQ_MA_QLD_monthly_MA225,after_tax
2016-02-01,-52774.97654390772,52774.97654390772,0.0,50333.40233958598,QQQ_MA_QLD_monthly_MA225,after_tax
2016-05-02,-12485.27157693592,65260.24812084364,0.0,50333.40233958598,QQQ_MA_QLD_monthly_MA225,after_tax
2018-11-01,287250.1572419136,0.0,45097.25003794536,95430.65237753134,QQQ_MA_QLD_monthly_MA225,after_tax
2019-06-03,-10872.728981909633,10872.728981909633,0.0,95430.65237753134,QQQ_MA_QLD_monthly_MA225,after_tax
2020-04-01,-70783.43821606861,81656.16719797824,0.0,95430.65237753134,QQQ_MA_QLD_monthly_MA225,after_tax
2022-03-01,534158.9227035609,0.0,91925.93478095911,187356.58715849044,QQQ_MA_QLD_monthly_MA225,after_tax
2025-04-01,944691.3554027505,0.0,191914.04885006876,379270.6360085592,QQQ_MA_QLD_monthly_MA225,after_tax
2026-04-01,304928.289988365,0.0,61946.18211113635,441216.8181196955,QQQ_MA_QLD_monthly_MA225,after_tax
2008-02-01,11308.663079583901,0.0,2297.3549046174694,2297.3549046174694,QQQ_MA_QLD_monthly_MA250,after_tax
2008-07-01,-21787.78735040904,21787.78735040904,0.0,2297.3549046174694,QQQ_MA_QLD_monthly_MA250,after_tax
2010-07-01,27961.275320551576,0.0,1254.1440811344567,3551.498985751926,QQQ_MA_QLD_monthly_MA250,after_tax
2010-09-01,-11464.869661594566,11464.869661594566,0.0,3551.498985751926,QQQ_MA_QLD_monthly_MA250,after_tax
2011-10-03,6369.305479590854,5095.564182003713,0.0,3551.498985751926,QQQ_MA_QLD_monthly_MA250,after_tax
2012-01-03,511.9966277439089,4583.567554259804,0.0,3551.498985751926,QQQ_MA_QLD_monthly_MA250,after_tax
2015-09-01,187498.69411817932,0.0,37159.207961460255,40710.70694721218,QQQ_MA_QLD_monthly_MA250,after_tax
2016-02-01,-46077.705950215575,46077.705950215575,0.0,40710.70694721218,QQQ_MA_QLD_monthly_MA250,after_tax
2016-05-02,-10900.86078867325,56978.566738888825,0.0,40710.70694721218,QQQ_MA_QLD_monthly_MA250,after_tax
2018-12-03,262459.22854371544,0.0,41743.39644565053,82454.10339286271,QQQ_MA_QLD_monthly_MA250,after_tax
2019-06-03,-9705.966521954688,9705.966521954688,0.0,82454.10339286271,QQQ_MA_QLD_monthly_MA250,after_tax
2020-04-01,-63187.60292628454,72893.56944823923,0.0,82454.10339286271,QQQ_MA_QLD_monthly_MA250,after_tax
2022-03-01,476837.84170380165,0.0,82061.2789087175,164515.38230158022,QQQ_MA_QLD_monthly_MA250,after_tax
2022-05-02,-198277.6304006608,198277.6304006608,0.0,164515.38230158022,QQQ_MA_QLD_monthly_MA250,after_tax
2025-04-01,446056.6459781955,0.0,50336.30701457617,214851.68931615638,QQQ_MA_QLD_monthly_MA250,after_tax
2006-07-03,-332.6960548374627,332.6960548374627,0.0,0.0,QQQ_MA_QLD_bimonthly_MA150,after_tax
2008-03-03,-10594.867134239888,10927.563189077351,0.0,0.0,QQQ_MA_QLD_bimonthly_MA150,after_tax
2008-11-03,-49220.86433722376,60148.42752630111,0.0,0.0,QQQ_MA_QLD_bimonthly_MA150,after_tax
2010-07-01,19399.847570417587,40748.57995588352,0.0,0.0,QQQ_MA_QLD_bimonthly_MA150,after_tax
2011-09-01,4268.678015142228,36479.90194074129,0.0,0.0,QQQ_MA_QLD_bimonthly_MA150,after_tax
2012-11-01,19553.955542288895,16925.946398452397,0.0,0.0,QQQ_MA_QLD_bimonthly_MA150,after_tax
2015-09-01,105780.04756753516,0.0,18050.710652499165,18050.710652499165,QQQ_MA_QLD_bimonthly_MA150,after_tax
2016-03-01,-31529.650981628103,31529.650981628103,0.0,18050.710652499165,QQQ_MA_QLD_bimonthly_MA150,after_tax
2018-11-01,186541.65551501192,0.0,31490.68872095692,49541.399373456086,QQQ_MA_QLD_bimonthly_MA150,after_tax
2022-03-01,623902.3627642478,0.0,126745.76499555694,176287.16436901301,QQQ_MA_QLD_bimonthly_MA150,after_tax
2023-11-01,287412.6620348762,0.0,58387.8822923851,234675.0466613981,QQQ_MA_QLD_bimonthly_MA150,after_tax
2025-05-01,233461.09320126905,0.0,47427.6210838378,282102.6677452359,QQQ_MA_QLD_bimonthly_MA150,after_tax
2006-07-03,-332.6960548374627,332.6960548374627,0.0,0.0,QQQ_MA_QLD_bimonthly_MA175,after_tax
2008-03-03,-10594.867134239888,10927.563189077351,0.0,0.0,QQQ_MA_QLD_bimonthly_MA175,after_tax
2010-07-01,43360.69042188952,0.0,6588.789797345792,6588.789797345792,QQQ_MA_QLD_bimonthly_MA175,after_tax
2011-09-01,9066.262988143484,0.0,1841.8113260413488,8430.601123387141,QQQ_MA_QLD_bimonthly_MA175,after_tax
2012-11-01,40963.74636658488,0.0,8321.785074371717,16752.38619775886,QQQ_MA_QLD_bimonthly_MA175,after_tax
2015-09-01,211003.19893811582,0.0,42865.299864278226,59617.686062037086,QQQ_MA_QLD_bimonthly_MA175,after_tax
2016-03-01,-61627.18062235322,61627.18062235322,0.0,59617.686062037086,QQQ_MA_QLD_bimonthly_MA175,after_tax
2018-11-01,364610.32520515355,0.0,61551.025821995885,121168.71188403296,QQQ_MA_QLD_bimonthly_MA175,after_tax
2022-03-01,1219466.1978081868,0.0,247734.55808473314,368903.26996876614,QQQ_MA_QLD_bimonthly_MA175,after_tax
2025-05-01,1873391.0291649206,0.0,380579.3875748536,749482.6575436197,QQQ_MA_QLD_bimonthly_MA175,after_tax
2006-07-03,-332.6960548374627,332.6960548374627,0.0,0.0,QQQ_MA_QLD_bimonthly_MA200,after_tax
2008-03-03,-10594.867134239888,10927.563189077351,0.0,0.0,QQQ_MA_QLD_bimonthly_MA200,after_tax
2010-07-01,43360.69042188952,0.0,6588.789797345792,6588.789797345792,QQQ_MA_QLD_bimonthly_MA200,after_tax
2011-09-01,9066.262988143484,0.0,1841.8113260413488,8430.601123387141,QQQ_MA_QLD_bimonthly_MA200,after_tax
2012-01-03,626.0000575348095,0.0,127.17191168819654,8557.773035075337,QQQ_MA_QLD_bimonthly_MA200,after_tax
2015-09-01,188078.42171522425,0.0,38208.13137144781,46765.90440652314,QQQ_MA_QLD_bimonthly_MA200,after_tax
2016-03-01,-52321.55096077817,52321.55096077817,0.0,46765.90440652314,QQQ_MA_QLD_bimonthly_MA200,after_tax
2018-11-01,309554.6075351011,0.0,52256.89544307371,99022.79984959685,QQQ_MA_QLD_bimonthly_MA200,after_tax
2022-03-01,1035328.2783542506,0.0,210326.939747666,309349.7395972629,QQQ_MA_QLD_bimonthly_MA200,after_tax
2025-05-01,1590511.2518868651,0.0,323112.36082081666,632462.1004180795,QQQ_MA_QLD_bimonthly_MA200,after_tax
2006-07-03,-332.6960548374627,332.6960548374627,0.0,0.0,QQQ_MA_QLD_bimonthly_MA225,after_tax
2008-03-03,-10594.867134239888,10927.563189077351,0.0,0.0,QQQ_MA_QLD_bimonthly_MA225,after_tax
2010-07-01,28553.982980717177,0.0,3580.8071806716307,3580.8071806716307,QQQ_MA_QLD_bimonthly_MA225,after_tax
2011-09-01,8216.24188776227,0.0,1669.129539498905,5249.936720170535,QQQ_MA_QLD_bimonthly_MA225,after_tax
2012-01-03,567.3084821370285,0.0,115.24871814613734,5365.185438316673,QQQ_MA_QLD_bimonthly_MA225,after_tax
2015-09-01,170444.84686818894,0.0,34625.87064127258,39991.05607958925,QQQ_MA_QLD_bimonthly_MA225,after_tax
2016-03-01,-47416.06538425191,47416.06538425191,0.0,39991.05607958925,QQQ_MA_QLD_bimonthly_MA225,after_tax
2018-11-01,280531.85047751677,0.0,47357.471741696754,87348.527821286,QQQ_MA_QLD_bimonthly_MA225,after_tax
2022-03-01,938259.5209650873,0.0,190607.42168405748,277955.94950534345,QQQ_MA_QLD_bimonthly_MA225,after_tax
2025-05-01,1441390.4811497263,0.0,292818.4762455669,570774.4257509103,QQQ_MA_QLD_bimonthly_MA225,after_tax
2006-07-03,-332.6960548374627,332.6960548374627,0.0,0.0,QQQ_MA_QLD_bimonthly_MA250,after_tax
2008-03-03,-10594.867134239888,10927.563189077351,0.0,0.0,QQQ_MA_QLD_bimonthly_MA250,after_tax
2010-07-01,28553.982980717177,0.0,3580.8071806716307,3580.8071806716307,QQQ_MA_QLD_bimonthly_MA250,after_tax
2012-01-03,13779.76629625498,0.0,2799.3595230841993,6380.16670375583,QQQ_MA_QLD_bimonthly_MA250,after_tax
2015-09-01,176050.8788312997,0.0,35764.736034578535,42144.902738334364,QQQ_MA_QLD_bimonthly_MA250,after_tax
2016-03-01,-48975.6078579216,48975.6078579216,0.0,42144.902738334364,QQQ_MA_QLD_bimonthly_MA250,after_tax
2019-01-02,175209.1628687977,0.0,25644.34670045948,67789.24943879383,QQQ_MA_QLD_bimonthly_MA250,after_tax
2022-03-01,775628.8367208764,0.0,157568.99817984604,225358.24761863987,QQQ_MA_QLD_bimonthly_MA250,after_tax
2025-05-01,842416.6424350915,0.0,171136.94091068883,396495.1885293287,QQQ_MA_QLD_bimonthly_MA250,after_tax
2006-07-03,-332.6960548374627,332.6960548374627,0.0,0.0,QQQ_MA_QLD_quarterly_MA150,after_tax
2008-04-01,4702.013409724357,0.0,887.6268206452726,887.6268206452726,QQQ_MA_QLD_quarterly_MA150,after_tax
2010-07-01,33173.162609246574,0.0,6739.127984068441,7626.754804713713,QQQ_MA_QLD_quarterly_MA150,after_tax
2011-10-03,8075.6026133041305,0.0,1640.5586708927342,9267.313475606448,QQQ_MA_QLD_quarterly_MA150,after_tax
2015-10-01,287092.70976562006,0.0,58322.88398888572,67590.19746449217,QQQ_MA_QLD_quarterly_MA150,after_tax
2019-01-02,263221.74964442925,0.0,53473.4984402658,121063.69590475797,QQQ_MA_QLD_quarterly_MA150,after_tax
2020-04-01,-45150.10426346061,45150.10426346061,0.0,121063.69590475797,QQQ_MA_QLD_quarterly_MA150,after_tax
2022-04-01,502922.910780085,0.0,92996.54564385225,214060.2415486102,QQQ_MA_QLD_quarterly_MA150,after_tax
2025-04-01,766202.1435166663,0.0,155653.96545541074,369714.2070040209,QQQ_MA_QLD_quarterly_MA150,after_tax
2026-04-01,91916.69409451378,0.0,18672.876405300474,388387.0834093214,QQQ_MA_QLD_quarterly_MA150,after_tax
2006-07-03,-332.6960548374627,332.6960548374627,0.0,0.0,QQQ_MA_QLD_quarterly_MA175,after_tax
2008-04-01,4702.013409724357,0.0,887.6268206452726,887.6268206452726,QQQ_MA_QLD_quarterly_MA175,after_tax
2010-07-01,33173.162609246574,0.0,6739.127984068441,7626.754804713713,QQQ_MA_QLD_quarterly_MA175,after_tax
2011-10-03,8075.6026133041305,0.0,1640.5586708927342,9267.313475606448,QQQ_MA_QLD_quarterly_MA175,after_tax
2015-10-01,287092.70976562006,0.0,58322.88398888572,67590.19746449217,QQQ_MA_QLD_quarterly_MA175,after_tax
2019-01-02,263221.74964442925,0.0,53473.4984402658,121063.69590475797,QQQ_MA_QLD_quarterly_MA175,after_tax
2020-04-01,-45150.10426346061,45150.10426346061,0.0,121063.69590475797,QQQ_MA_QLD_quarterly_MA175,after_tax
2022-04-01,502922.910780085,0.0,92996.54564385225,214060.2415486102,QQQ_MA_QLD_quarterly_MA175,after_tax
2025-04-01,766202.1435166663,0.0,155653.96545541074,369714.2070040209,QQQ_MA_QLD_quarterly_MA175,after_tax
2026-04-01,91916.69409451378,0.0,18672.876405300474,388387.0834093214,QQQ_MA_QLD_quarterly_MA175,after_tax
2006-07-03,-332.6960548374627,332.6960548374627,0.0,0.0,QQQ_MA_QLD_quarterly_MA200,after_tax
2008-04-01,4702.013409724357,0.0,887.6268206452726,887.6268206452726,QQQ_MA_QLD_quarterly_MA200,after_tax
2010-07-01,33173.162609246574,0.0,6739.127984068441,7626.754804713713,QQQ_MA_QLD_quarterly_MA200,after_tax
2011-10-03,8075.6026133041305,0.0,1640.5586708927342,9267.313475606448,QQQ_MA_QLD_quarterly_MA200,after_tax
2015-10-01,165318.83097552336,0.0,33584.52051267757,42851.833988284016,QQQ_MA_QLD_quarterly_MA200,after_tax
2019-01-02,193267.16894742573,0.0,39262.225371669534,82114.05935995355,QQQ_MA_QLD_quarterly_MA200,after_tax
2020-04-01,-33150.88073256711,33150.88073256711,0.0,82114.05935995355,QQQ_MA_QLD_quarterly_MA200,after_tax
2022-04-01,369264.64965970913,0.0,68281.5121575489,150395.57151750245,QQQ_MA_QLD_quarterly_MA200,after_tax
2025-04-01,562574.0248248868,0.0,114286.91314317576,264682.4846606782,QQQ_MA_QLD_quarterly_MA200,after_tax
2026-04-01,67488.64510873519,0.0,13710.318253839554,278392.80291451776,QQQ_MA_QLD_quarterly_MA200,after_tax
2006-07-03,-332.6960548374627,332.6960548374627,0.0,0.0,QQQ_MA_QLD_quarterly_MA225,after_tax
2008-04-01,4702.013409724357,0.0,887.6268206452726,887.6268206452726,QQQ_MA_QLD_quarterly_MA225,after_tax
2010-07-01,33173.162609246574,0.0,6739.127984068441,7626.754804713713,QQQ_MA_QLD_quarterly_MA225,after_tax
2011-10-03,8075.6026133041305,0.0,1640.5586708927342,9267.313475606448,QQQ_MA_QLD_quarterly_MA225,after_tax
2015-10-01,165318.83097552336,0.0,33584.52051267757,42851.833988284016,QQQ_MA_QLD_quarterly_MA225,after_tax
2019-01-02,193267.16894742573,0.0,39262.225371669534,82114.05935995355,QQQ_MA_QLD_quarterly_MA225,after_tax
2020-04-01,-33150.88073256711,33150.88073256711,0.0,82114.05935995355,QQQ_MA_QLD_quarterly_MA225,after_tax
2022-04-01,369264.64965970913,0.0,68281.5121575489,150395.57151750245,QQQ_MA_QLD_quarterly_MA225,after_tax
2025-04-01,562574.0248248868,0.0,114286.91314317576,264682.4846606782,QQQ_MA_QLD_quarterly_MA225,after_tax
2026-04-01,67488.64510873519,0.0,13710.318253839554,278392.80291451776,QQQ_MA_QLD_quarterly_MA225,after_tax
2006-07-03,-332.6960548374627,332.6960548374627,0.0,0.0,QQQ_MA_QLD_quarterly_MA250,after_tax
2008-04-01,4702.013409724357,0.0,887.6268206452726,887.6268206452726,QQQ_MA_QLD_quarterly_MA250,after_tax
2010-07-01,33173.162609246574,0.0,6739.127984068441,7626.754804713713,QQQ_MA_QLD_quarterly_MA250,after_tax
2011-10-03,8075.6026133041305,0.0,1640.5586708927342,9267.313475606448,QQQ_MA_QLD_quarterly_MA250,after_tax
2015-10-01,165318.83097552336,0.0,33584.52051267757,42851.833988284016,QQQ_MA_QLD_quarterly_MA250,after_tax
2019-01-02,193267.16894742573,0.0,39262.225371669534,82114.05935995355,QQQ_MA_QLD_quarterly_MA250,after_tax
2020-04-01,-33150.88073256711,33150.88073256711,0.0,82114.05935995355,QQQ_MA_QLD_quarterly_MA250,after_tax
2022-07-01,41290.49973579467,0.0,1653.5636005056792,83767.62296045922,QQQ_MA_QLD_quarterly_MA250,after_tax
2025-04-01,349468.0146887451,0.0,70994.42718401857,154762.0501444778,QQQ_MA_QLD_quarterly_MA250,after_tax
2006-07-10,-641.0179725836933,641.0179725836933,0.0,0.0,SPY_MA_SSO_weekly_MA150,after_tax
2006-08-14,-783.4536135075759,1424.4715860912693,0.0,0.0,SPY_MA_SSO_weekly_MA150,after_tax
2007-07-30,21533.233530485377,0.0,4085.0949890036627,4085.0949890036627,SPY_MA_SSO_weekly_MA150,after_tax
2007-09-10,-2508.4302017208975,2508.4302017208975,0.0,4085.0949890036627,SPY_MA_SSO_weekly_MA150,after_tax
2007-11-12,-5814.825908074185,8323.256109795082,0.0,4085.0949890036627,SPY_MA_SSO_weekly_MA150,after_tax
2007-12-17,-7541.477059805358,15864.73316960044,0.0,4085.0949890036627,SPY_MA_SSO_weekly_MA150,after_tax
2008-05-12,-2843.25748961301,18707.99065921345,0.0,4085.0949890036627,SPY_MA_SSO_weekly_MA150,after_tax
2008-05-27,-6857.910607428843,25565.901266642293,0.0,4085.0949890036627,SPY_MA_SSO_weekly_MA150,after_tax
2008-06-09,-4101.765894560012,29667.667161202306,0.0,4085.0949890036627,SPY_MA_SSO_weekly_MA150,after_tax
2010-05-10,60287.62035133672,0.0,6220.443490575806,10305.538479579469,SPY_MA_SSO_weekly_MA150,after_tax
2010-05-24,-14094.491996895507,14094.491996895507,0.0,10305.538479579469,SPY_MA_SSO_weekly_MA150,after_tax
2010-08-16,-11933.137551757623,26027.62954865313,0.0,10305.538479579469,SPY_MA_SSO_weekly_MA150,after_tax
2011-06-13,32089.404725921064,0.0,1231.4496272619806,11536.988106841449,SPY_MA_SSO_weekly_MA150,after_tax
2011-08-01,-6717.984662446048,6717.984662446048,0.0,11536.988106841449,SPY_MA_SSO_weekly_MA150,after_tax
2011-11-07,-4238.865325584338,10956.849988030386,0.0,11536.988106841449,SPY_MA_SSO_weekly_MA150,after_tax
2011-11-21,-12756.827649058847,23713.677637089233,0.0,11536.988106841449,SPY_MA_SSO_weekly_MA150,after_tax
2011-12-19,-7863.912595301837,31577.59023239107,0.0,11536.988106841449,SPY_MA_SSO_weekly_MA150,after_tax
2012-05-21,7081.467504373548,24496.122728017523,0.0,11536.988106841449,SPY_MA_SSO_weekly_MA150,after_tax
2012-06-04,-8863.492990601138,33359.61571861866,0.0,11536.988106841449,SPY_MA_SSO_weekly_MA150,after_tax
2012-11-19,7286.518819902907,26073.096898715754,0.0,11536.988106841449,SPY_MA_SSO_weekly_MA150,after_tax
2014-10-13,107155.98728112342,0.0,16471.989181186116,28008.977288027563,SPY_MA_SSO_weekly_MA150,after_tax
2015-08-24,-17268.98756876058,17268.98756876058,0.0,28008.977288027563,SPY_MA_SSO_weekly_MA150,after_tax
2015-11-16,-9583.02674835344,26852.014317114023,0.0,28008.977288027563,SPY_MA_SSO_weekly_MA150,after_tax
2015-12-14,-12989.290275198902,39841.304592312925,0.0,28008.977288027563,SPY_MA_SSO_weekly_MA150,after_tax
2016-01-11,-19383.962958474644,59225.26755078757,0.0,28008.977288027563,SPY_MA_SSO_weekly_MA150,after_tax
2016-11-07,20562.23453089784,38663.03301988973,0.0,28008.977288027563,SPY_MA_SSO_weekly_MA150,after_tax
2018-03-26,81840.51262078164,0.0,8771.50498092119,36780.482268948756,SPY_MA_SSO_weekly_MA150,after_tax
2018-04-09,-2714.432825570897,2714.432825570897,0.0,36780.482268948756,SPY_MA_SSO_weekly_MA150,after_tax
2018-10-29,1189.7286615142948,1524.7041640566022,0.0,36780.482268948756,SPY_MA_SSO_weekly_MA150,after_tax
2018-11-19,-7638.569063898874,9163.273227955477,0.0,36780.482268948756,SPY_MA_SSO_weekly_MA150,after_tax
2020-03-02,32842.07596148082,0.0,4810.348775315673,41590.83104426443,SPY_MA_SSO_weekly_MA150,after_tax
2022-01-24,263010.28943484643,0.0,53430.540298689055,95021.37134295348,SPY_MA_SSO_weekly_MA150,after_tax
2022-04-11,-17574.47285872465,17574.47285872465,0.0,95021.37134295348,SPY_MA_SSO_weekly_MA150,after_tax
2022-08-29,-49096.82450655586,66671.29736528051,0.0,95021.37134295348,SPY_MA_SSO_weekly_MA150,after_tax
2022-12-19,-26926.62533607753,93597.92270135804,0.0,95021.37134295348,SPY_MA_SSO_weekly_MA150,after_tax
2023-03-13,-22580.714231678983,116178.63693303702,0.0,95021.37134295348,SPY_MA_SSO_weekly_MA150,after_tax
2023-10-23,40643.172911836125,75535.4640212009,0.0,95021.37134295348,SPY_MA_SSO_weekly_MA150,after_tax
2025-03-10,227314.60115250858,0.0,30833.931708225155,125855.30305117863,SPY_MA_SSO_weekly_MA150,after_tax
2026-03-16,142026.89742785005,0.0,28852.764212467737,154708.06726364637,SPY_MA_SSO_weekly_MA150,after_tax
2006-07-17,-6079.042777190785,6079.042777190785,0.0,0.0,SPY_MA_SSO_weekly_MA175,after_tax
2006-08-14,-740.5743478732184,6819.617125064004,0.0,0.0,SPY_MA_SSO_weekly_MA175,after_tax
2007-08-06,17410.901688749625,0.0,2151.619459112734,2151.619459112734,SPY_MA_SSO_weekly_MA175,after_tax
2007-09-10,-2344.4641783076513,2344.4641783076513,0.0,2151.619459112734,SPY_MA_SSO_weekly_MA175,after_tax
2007-11-12,-5434.734056073241,7779.198234380892,0.0,2151.619459112734,SPY_MA_SSO_weekly_MA175,after_tax
2007-12-17,-7048.520945933749,14827.719180314642,0.0,2151.619459112734,SPY_MA_SSO_weekly_MA175,after_tax
2008-05-27,-6596.90587755022,21424.62505786486,0.0,2151.619459112734,SPY_MA_SSO_weekly_MA175,after_tax
2009-05-18,-4271.070369393172,25695.695427258033,0.0,2151.619459112734,SPY_MA_SSO_weekly_MA175,after_tax
2010-05-24,41424.852911715716,0.0,3195.378342967578,5346.997802080312,SPY_MA_SSO_weekly_MA175,after_tax
2010-06-28,-10863.122169379014,10863.122169379014,0.0,5346.997802080312,SPY_MA_SSO_weekly_MA175,after_tax
2010-08-16,-10401.134332760877,21264.25650213989,0.0,5346.997802080312,SPY_MA_SSO_weekly_MA175,after_tax
2011-06-27,29242.231973655784,0.0,1620.7257170384535,6967.723519118766,SPY_MA_SSO_weekly_MA175,after_tax
2011-08-08,-30809.79785691193,30809.79785691193,0.0,6967.723519118766,SPY_MA_SSO_weekly_MA175,after_tax
2011-11-07,-2953.3154177015385,33763.11327461347,0.0,6967.723519118766,SPY_MA_SSO_weekly_MA175,after_tax
2011-11-21,-8887.976588813486,42651.089863426954,0.0,6967.723519118766,SPY_MA_SSO_weekly_MA175,after_tax
2011-12-19,-2987.573138705673,45638.66300213263,0.0,6967.723519118766,SPY_MA_SSO_weekly_MA175,after_tax
2012-06-04,2591.1148630231037,43047.54813910952,0.0,6967.723519118766,SPY_MA_SSO_weekly_MA175,after_tax
2012-11-19,5488.510121551022,37559.0380175585,0.0,6967.723519118766,SPY_MA_SSO_weekly_MA175,after_tax
2014-10-20,76430.83146805041,0.0,7896.8048394674315,14864.528358586198,SPY_MA_SSO_weekly_MA175,after_tax
2015-08-24,-13026.405720613111,13026.405720613111,0.0,14864.528358586198,SPY_MA_SSO_weekly_MA175,after_tax
2015-11-16,-7228.703707063891,20255.109427677,0.0,14864.528358586198,SPY_MA_SSO_weekly_MA175,after_tax
2015-12-14,-9798.128840722711,30053.238268399713,0.0,14864.528358586198,SPY_MA_SSO_weekly_MA175,after_tax
2016-01-04,-5671.617221120134,35724.85548951985,0.0,14864.528358586198,SPY_MA_SSO_weekly_MA175,after_tax
2016-11-07,16732.276788248477,18992.57870127137,0.0,14864.528358586198,SPY_MA_SSO_weekly_MA175,after_tax
2018-03-26,66596.75569818862,0.0,9670.788556923739,24535.31691550994,SPY_MA_SSO_weekly_MA175,after_tax
2018-10-29,6974.432838369568,0.0,1416.8560311147778,25952.172946624716,SPY_MA_SSO_weekly_MA175,after_tax
2018-11-19,-6350.010721132567,6350.010721132567,0.0,25952.172946624716,SPY_MA_SSO_weekly_MA175,after_tax
2018-12-10,-23610.182880257344,29960.19360138991,0.0,25952.172946624716,SPY_MA_SSO_weekly_MA175,after_tax
2020-03-02,24003.8083430868,5956.385258303111,0.0,25952.172946624716,SPY_MA_SSO_weekly_MA175,after_tax
2022-01-24,195744.59520523582,0.0,38555.47485071938,64507.64779734409,SPY_MA_SSO_weekly_MA175,after_tax
2022-02-14,-15757.162951105856,15757.162951105856,0.0,64507.64779734409,SPY_MA_SSO_weekly_MA175,after_tax
2022-04-11,-12538.922126586724,28296.08507769258,0.0,64507.64779734409,SPY_MA_SSO_weekly_MA175,after_tax
2022-08-22,-12275.829245236877,40571.91432292946,0.0,64507.64779734409,SPY_MA_SSO_weekly_MA175,after_tax
2022-12-12,-9360.938984800363,49932.85330772982,0.0,64507.64779734409,SPY_MA_SSO_weekly_MA175,after_tax
2023-03-13,-29362.036139226868,79294.88944695669,0.0,64507.64779734409,SPY_MA_SSO_weekly_MA175,after_tax
2023-10-23,20368.27274652972,58926.61670042697,0.0,64507.64779734409,SPY_MA_SSO_weekly_MA175,after_tax
2025-03-17,159229.487565345,0.0,20376.528216208102,84884.17601355219,SPY_MA_SSO_weekly_MA175,after_tax
2026-03-16,103579.433047676,0.0,21042.16182363538,105926.33783718757,SPY_MA_SSO_weekly_MA175,after_tax
2006-07-17,-6079.042777190785,6079.042777190785,0.0,0.0,SPY_MA_SSO_weekly_MA200,after_tax
2007-08-06,20561.93332753156,0.0,2942.199215301728,2942.199215301728,SPY_MA_SSO_weekly_MA200,after_tax
2007-11-12,-2867.2598285222048,2867.2598285222048,0.0,2942.199215301728,SPY_MA_SSO_weekly_MA200,after_tax
2007-12-17,-3131.7691665421153,5999.02899506432,0.0,2942.199215301728,SPY_MA_SSO_weekly_MA200,after_tax
2007-12-31,-2445.7818103885656,8444.810805452886,0.0,2942.199215301728,SPY_MA_SSO_weekly_MA200,after_tax
2008-05-27,-7265.246048481116,15710.056853934002,0.0,2942.199215301728,SPY_MA_SSO_weekly_MA200,after_tax
2010-05-24,32359.171798132462,0.0,3382.267700913917,6324.466916215645,SPY_MA_SSO_weekly_MA200,after_tax
2010-06-28,-11207.414550238682,11207.414550238682,0.0,6324.466916215645,SPY_MA_SSO_weekly_MA200,after_tax
2010-08-16,-10730.784616282632,21938.199166521314,0.0,6324.466916215645,SPY_MA_SSO_weekly_MA200,after_tax
2011-08-08,9155.783054530606,12782.416111990708,0.0,6324.466916215645,SPY_MA_SSO_weekly_MA200,after_tax
2011-11-07,-3427.708761193091,16210.124873183799,0.0,6324.466916215645,SPY_MA_SSO_weekly_MA200,after_tax
2011-11-21,-10315.659153828266,26525.784027012065,0.0,6324.466916215645,SPY_MA_SSO_weekly_MA200,after_tax
2011-12-19,-3467.4693264617235,29993.25335347379,0.0,6324.466916215645,SPY_MA_SSO_weekly_MA200,after_tax
2012-11-19,19014.229924544794,10979.023428928995,0.0,6324.466916215645,SPY_MA_SSO_weekly_MA200,after_tax
2014-10-20,96912.63865390951,0.0,17457.41393295479,23781.880849170437,SPY_MA_SSO_weekly_MA200,after_tax
2015-08-24,-15904.624352156243,15904.624352156243,0.0,23781.880849170437,SPY_MA_SSO_weekly_MA200,after_tax
2015-11-16,-8825.904818238603,24730.529170394846,0.0,23781.880849170437,SPY_MA_SSO_weekly_MA200,after_tax
2015-12-14,-11963.0511983154,36693.580368710245,0.0,23781.880849170437,SPY_MA_SSO_weekly_MA200,after_tax
2016-01-04,-6924.775974726072,43618.35634343632,0.0,23781.880849170437,SPY_MA_SSO_weekly_MA200,after_tax
2018-10-29,117741.51338946074,0.0,15058.119353899861,38840.000203070296,SPY_MA_SSO_weekly_MA200,after_tax
2018-11-19,-7940.753525834269,7940.753525834269,0.0,38840.000203070296,SPY_MA_SSO_weekly_MA200,after_tax
2018-12-10,-29524.77581306451,37465.52933889878,0.0,38840.000203070296,SPY_MA_SSO_weekly_MA200,after_tax
2019-06-03,-3369.2258026466297,40834.75514154541,0.0,38840.000203070296,SPY_MA_SSO_weekly_MA200,after_tax
2020-03-02,10146.191257395869,30688.56388414954,0.0,38840.000203070296,SPY_MA_SSO_weekly_MA200,after_tax
2022-01-24,221551.93331249474,0.0,38773.89349936833,77613.89370243863,SPY_MA_SSO_weekly_MA200,after_tax
2022-02-14,-3870.6185338467476,3870.6185338467476,0.0,77613.89370243863,SPY_MA_SSO_weekly_MA200,after_tax
2022-04-18,-15378.208241870743,19248.82677571749,0.0,77613.89370243863,SPY_MA_SSO_weekly_MA200,after_tax
2022-12-12,-19582.608637543977,38831.43541326147,0.0,77613.89370243863,SPY_MA_SSO_weekly_MA200,after_tax
2023-03-13,-35417.62955072906,74249.06496399053,0.0,77613.89370243863,SPY_MA_SSO_weekly_MA200,after_tax
2023-10-30,26421.06962219422,47827.99534179631,0.0,77613.89370243863,SPY_MA_SSO_weekly_MA200,after_tax
2025-03-17,193071.52186579217,0.0,29506.22241334976,107120.11611578838,SPY_MA_SSO_weekly_MA200,after_tax
2026-03-23,106934.59388854646,0.0,21723.76274845821,128843.8788642466,SPY_MA_SSO_weekly_MA200,after_tax
2006-06-26,-283.13233838119777,283.13233838119777,0.0,0.0,SPY_MA_SSO_weekly_MA225,after_tax
2006-07-17,-6061.831041224534,6344.9633796057315,0.0,0.0,SPY_MA_SSO_weekly_MA225,after_tax
2007-11-12,19414.631995418444,0.0,2655.1031793023526,2655.1031793023526,SPY_MA_SSO_weekly_MA225,after_tax
2007-12-17,-3181.9454560103186,3181.9454560103186,0.0,2655.1031793023526,SPY_MA_SSO_weekly_MA225,after_tax
2008-01-07,-9718.45616648432,12900.401622494639,0.0,2655.1031793023526,SPY_MA_SSO_weekly_MA225,after_tax
2008-05-27,-6871.898175576498,19772.299798071137,0.0,2655.1031793023526,SPY_MA_SSO_weekly_MA225,after_tax
2009-06-22,-4631.5295676022215,24403.82936567336,0.0,2655.1031793023526,SPY_MA_SSO_weekly_MA225,after_tax
2010-06-07,23100.17889980013,1303.6504658732301,0.0,2655.1031793023526,SPY_MA_SSO_weekly_MA225,after_tax
2010-06-28,-4169.797837912949,5473.448303786179,0.0,2655.1031793023526,SPY_MA_SSO_weekly_MA225,after_tax
2010-08-16,-6031.46159243834,11504.909896224519,0.0,2655.1031793023526,SPY_MA_SSO_weekly_MA225,after_tax
2011-08-08,13131.916399626527,0.0,330.52637116611794,2985.6295504684704,SPY_MA_SSO_weekly_MA225,after_tax
2011-11-07,-3418.0987370320217,3418.0987370320217,0.0,2985.6295504684704,SPY_MA_SSO_weekly_MA225,after_tax
2011-11-21,-10286.737871242149,13704.83660827417,0.0,2985.6295504684704,SPY_MA_SSO_weekly_MA225,after_tax
2015-08-24,127031.87790625847,0.0,23022.38843968551,26008.01799015398,SPY_MA_SSO_weekly_MA225,after_tax
2015-11-16,-10051.754519681446,10051.754519681446,0.0,26008.01799015398,SPY_MA_SSO_weekly_MA225,after_tax
2015-12-14,-13624.626191679854,23676.3807113613,0.0,26008.01799015398,SPY_MA_SSO_weekly_MA225,after_tax
2016-01-04,-7886.57363015,31562.9543415113,0.0,26008.01799015398,SPY_MA_SSO_weekly_MA225,after_tax
2018-10-29,134094.89607467107,0.0,20829.363963091408,46837.38195324539,SPY_MA_SSO_weekly_MA225,after_tax
2018-11-19,-8927.86929192912,8927.86929192912,0.0,46837.38195324539,SPY_MA_SSO_weekly_MA225,after_tax
2018-12-10,-33195.00327959811,42122.87257152723,0.0,46837.38195324539,SPY_MA_SSO_weekly_MA225,after_tax
2019-06-03,-3788.054557185591,45910.92712871282,0.0,46837.38195324539,SPY_MA_SSO_weekly_MA225,after_tax
2020-03-02,11407.465181010892,34503.46194770193,0.0,46837.38195324539,SPY_MA_SSO_weekly_MA225,after_tax
2022-02-22,246534.59962158048,0.0,43074.12561844842,89911.50757169382,SPY_MA_SSO_weekly_MA225,after_tax
2022-04-18,-17378.675262751174,17378.675262751174,0.0,89911.50757169382,SPY_MA_SSO_weekly_MA225,after_tax
2022-12-12,-22130.003115891246,39508.67837864242,0.0,89911.50757169382,SPY_MA_SSO_weekly_MA225,after_tax
2023-01-23,-5042.947041362524,44551.625420004944,0.0,89911.50757169382,SPY_MA_SSO_weekly_MA225,after_tax
2023-03-13,-45857.65559917671,90409.28101918165,0.0,89911.50757169382,SPY_MA_SSO_weekly_MA225,after_tax
2023-10-30,15085.042441810307,75324.23857737135,0.0,89911.50757169382,SPY_MA_SSO_weekly_MA225,after_tax
2025-03-17,204300.74506680376,0.0,26201.577293328195,116113.08486502201,SPY_MA_SSO_weekly_MA225,after_tax
2025-03-31,-41870.81539190863,41870.81539190863,0.0,116113.08486502201,SPY_MA_SSO_weekly_MA225,after_tax
2026-03-30,71340.06558896851,0.0,5986.678177532715,122099.76304255472,SPY_MA_SSO_weekly_MA225,after_tax
2006-07-17,-2143.595067896109,2143.595067896109,0.0,0.0,SPY_MA_SSO_weekly_MA250,after_tax
2007-11-12,20285.573085107695,0.0,3685.5428341965335,3685.5428341965335,SPY_MA_SSO_weekly_MA250,after_tax
2008-01-07,-9524.518483953041,9524.518483953041,0.0,3685.5428341965335,SPY_MA_SSO_weekly_MA250,after_tax
2010-06-07,28181.900990254697,0.0,3790.2472561551813,7475.790090351715,SPY_MA_SSO_weekly_MA250,after_tax
2010-07-06,-15017.69571011077,15017.69571011077,0.0,7475.790090351715,SPY_MA_SSO_weekly_MA250,after_tax
2010-08-16,-6569.698436792809,21587.394146903578,0.0,7475.790090351715,SPY_MA_SSO_weekly_MA250,after_tax
2011-08-08,14303.785130768389,7283.609016135189,0.0,7475.790090351715,SPY_MA_SSO_weekly_MA250,after_tax
2011-11-07,-3734.139590791543,11017.748606926732,0.0,7475.790090351715,SPY_MA_SSO_weekly_MA250,after_tax
2011-11-21,-11237.860021110391,22255.608628037124,0.0,7475.790090351715,SPY_MA_SSO_weekly_MA250,after_tax
2011-12-19,-3777.4546771264577,26033.06330516358,0.0,7475.790090351715,SPY_MA_SSO_weekly_MA250,after_tax
2015-08-24,133881.18191217247,0.0,21909.345295013856,29385.13538536557,SPY_MA_SSO_weekly_MA250,after_tax
2015-11-16,-10710.871746628196,10710.871746628196,0.0,29385.13538536557,SPY_MA_SSO_weekly_MA250,after_tax
2015-12-14,-14518.025032256672,25228.896778884868,0.0,29385.13538536557,SPY_MA_SSO_weekly_MA250,after_tax
2016-01-11,-21665.299142078147,46894.195920963015,0.0,29385.13538536557,SPY_MA_SSO_weekly_MA250,after_tax
2018-10-29,132454.9475920477,0.0,17381.666701980856,46766.80208734643,SPY_MA_SSO_weekly_MA250,after_tax
2018-11-26,-15025.33897113771,15025.33897113771,0.0,46766.80208734643,SPY_MA_SSO_weekly_MA250,after_tax
2018-12-10,-32424.978294072178,47450.31726520989,0.0,46766.80208734643,SPY_MA_SSO_weekly_MA250,after_tax
2020-03-02,45237.53328483764,2212.7839803722454,0.0,46766.80208734643,SPY_MA_SSO_weekly_MA250,after_tax
2022-03-07,282018.5197760195,0.0,56842.53522688574,103609.33731423217,SPY_MA_SSO_weekly_MA250,after_tax
2022-04-18,-19441.400562943367,19441.400562943367,0.0,103609.33731423217,SPY_MA_SSO_weekly_MA250,after_tax
2023-02-27,-10816.21043088584,30257.610993829207,0.0,103609.33731423217,SPY_MA_SSO_weekly_MA250,after_tax
2023-03-13,-54791.26495903538,85048.87595286459,0.0,103609.33731423217,SPY_MA_SSO_weekly_MA250,after_tax
2023-10-30,17545.58610295417,67503.28984991042,0.0,103609.33731423217,SPY_MA_SSO_weekly_MA250,after_tax
2025-03-31,208403.42818422354,0.0,28623.86310261571,132233.2004168479,SPY_MA_SSO_weekly_MA250,after_tax
2026-03-30,148748.85621264123,0.0,30218.330139598067,162451.53055644594,SPY_MA_SSO_weekly_MA250,after_tax
2007-08-01,29551.13530996337,0.0,6003.313138219059,6003.313138219059,SPY_MA_SSO_monthly_MA150,after_tax
2007-12-03,-636.4196105584997,636.4196105584997,0.0,6003.313138219059,SPY_MA_SSO_monthly_MA150,after_tax
2008-07-01,-21894.166670148174,22530.586280706673,0.0,6003.313138219059,SPY_MA_SSO_monthly_MA150,after_tax
2010-06-01,51973.05259207565,0.0,5981.237031154607,11984.550169373666,SPY_MA_SSO_monthly_MA150,after_tax
2011-08-01,44314.94881028589,0.0,9002.581850809578,20987.132020183242,SPY_MA_SSO_monthly_MA150,after_tax
2012-06-01,14749.500429808802,0.0,2996.361012315658,23983.4930324989,SPY_MA_SSO_monthly_MA150,after_tax
2015-07-01,276745.6168452917,0.0,56220.87206212101,80204.3650946199,SPY_MA_SSO_monthly_MA150,after_tax
2015-09-01,-69044.74805419822,69044.74805419822,0.0,80204.3650946199,SPY_MA_SSO_monthly_MA150,after_tax
2016-02-01,-50669.34794997494,119714.09600417316,0.0,80204.3650946199,SPY_MA_SSO_monthly_MA150,after_tax
2018-11-01,227250.8115793033,0.0,21846.083769087687,102050.4488637076,SPY_MA_SSO_monthly_MA150,after_tax
2020-03-02,54501.9428244218,0.0,11072.069684781289,113122.5185484889,SPY_MA_SSO_monthly_MA150,after_tax
2022-03-01,553176.9708718085,0.0,112377.90163260789,225500.42018109676,SPY_MA_SSO_monthly_MA150,after_tax
2022-05-02,-177561.65310779843,177561.65310779843,0.0,225500.42018109676,SPY_MA_SSO_monthly_MA150,after_tax
2023-01-03,-93845.2150779647,271406.86818576313,0.0,225500.42018109676,SPY_MA_SSO_monthly_MA150,after_tax
2023-11-01,18984.252036848688,252422.61614891444,0.0,225500.42018109676,SPY_MA_SSO_monthly_MA150,after_tax
2025-04-01,286776.6706400064,0.0,6979.026169865337,232479.4463509621,SPY_MA_SSO_monthly_MA150,after_tax
2026-04-01,195111.85439099767,0.0,39636.97321953117,272116.4195704933,SPY_MA_SSO_monthly_MA150,after_tax
2007-12-03,31546.457072176607,0.0,6408.662754212678,6408.662754212678,SPY_MA_SSO_monthly_MA175,after_tax
2010-06-01,41412.86576431872,0.0,8413.023680021348,14821.686434234027,SPY_MA_SSO_monthly_MA175,after_tax
2011-09-01,17820.602543220564,0.0,3620.2554066552575,18441.941840889285,SPY_MA_SSO_monthly_MA175,after_tax
2015-09-01,237037.17502146174,0.0,48154.10210560995,66596.04394649924,SPY_MA_SSO_monthly_MA175,after_tax
2016-01-04,-25350.135498961434,25350.135498961434,0.0,66596.04394649924,SPY_MA_SSO_monthly_MA175,after_tax
2018-11-01,258836.10863720835,0.0,47432.67544303486,114028.71938953409,SPY_MA_SSO_monthly_MA175,after_tax
2019-01-02,-125730.86731831828,125730.86731831828,0.0,114028.71938953409,SPY_MA_SSO_monthly_MA175,after_tax
2020-03-02,45923.24857389461,79807.61874442367,0.0,114028.71938953409,SPY_MA_SSO_monthly_MA175,after_tax
2022-03-01,475597.59471784264,0.0,80404.73361900006,194433.45300853415,SPY_MA_SSO_monthly_MA175,after_tax
2022-05-02,-155583.87719588436,155583.87719588436,0.0,194433.45300853415,SPY_MA_SSO_monthly_MA175,after_tax
2023-01-03,-82229.4800851352,237813.35728101956,0.0,194433.45300853415,SPY_MA_SSO_monthly_MA175,after_tax
2023-11-01,16634.467441929155,221178.8898390904,0.0,194433.45300853415,SPY_MA_SSO_monthly_MA175,after_tax
2025-04-01,251280.75531270052,0.0,6115.193970963895,200548.64697949804,SPY_MA_SSO_monthly_MA175,after_tax
2026-04-01,170961.79418086843,0.0,34730.88848784342,235279.53546734145,SPY_MA_SSO_monthly_MA175,after_tax
2008-01-02,28807.701968972353,0.0,5852.2846549967335,5852.2846549967335,SPY_MA_SSO_monthly_MA200,after_tax
2010-06-01,40690.63403244356,0.0,8266.302303690909,14118.586958687643,SPY_MA_SSO_monthly_MA200,after_tax
2011-09-01,17509.81495582935,0.0,3557.118908276733,17675.705866964377,SPY_MA_SSO_monthly_MA200,after_tax
2015-09-01,232903.29618272532,0.0,47314.30461952065,64990.01048648503,SPY_MA_SSO_monthly_MA200,after_tax
2016-01-04,-24908.034428997256,24908.034428997256,0.0,64990.01048648503,SPY_MA_SSO_monthly_MA200,after_tax
2018-11-01,254322.06094785605,0.0,46605.459487306165,111595.46997379119,SPY_MA_SSO_monthly_MA200,after_tax
2019-01-02,-123538.14724503824,123538.14724503824,0.0,111595.46997379119,SPY_MA_SSO_monthly_MA200,after_tax
2019-06-03,-17494.041250687093,141032.18849572534,0.0,111595.46997379119,SPY_MA_SSO_monthly_MA200,after_tax
2020-03-02,-3934.2519210758037,144966.44041680114,0.0,111595.46997379119,SPY_MA_SSO_monthly_MA200,after_tax
2022-03-01,399595.07668745716,0.0,51727.807458383766,163323.27743217495,SPY_MA_SSO_monthly_MA200,after_tax
2022-05-02,-133575.53426367242,133575.53426367242,0.0,163323.27743217495,SPY_MA_SSO_monthly_MA200,after_tax
2023-01-03,-70597.58975389844,204173.12401757087,0.0,163323.27743217495,SPY_MA_SSO_monthly_MA200,after_tax
2023-11-01,14281.414731359575,189891.7092862113,0.0,163323.27743217495,SPY_MA_SSO_monthly_MA200,after_tax
2025-04-01,215735.47173409164,0.0,5250.160341286893,168573.43777346183,SPY_MA_SSO_monthly_MA200,after_tax
2026-04-01,146778.14570486615,0.0,29817.98029994356,198391.4180734054,SPY_MA_SSO_monthly_MA200,after_tax
2008-01-02,28807.701968972353,0.0,5852.2846549967335,5852.2846549967335,SPY_MA_SSO_monthly_MA225,after_tax
2010-07-01,7605.534606570989,0.0,1545.0643553248965,7397.34901032163,SPY_MA_SSO_monthly_MA225,after_tax
2010-09-01,-12418.502938348174,12418.502938348174,0.0,7397.34901032163,SPY_MA_SSO_monthly_MA225,after_tax
2011-09-01,13139.412579362528,0.0,146.45279357206599,7543.801803893696,SPY_MA_SSO_monthly_MA225,after_tax
2015-09-01,178241.20091735697,0.0,36209.69996636107,43753.50177025476,SPY_MA_SSO_monthly_MA225,after_tax
2016-01-04,-19062.1517251186,19062.1517251186,0.0,43753.50177025476,SPY_MA_SSO_monthly_MA225,after_tax
2018-11-01,194633.009949154,0.0,35667.219848212786,79420.72161846755,SPY_MA_SSO_monthly_MA225,after_tax
2019-01-02,-94543.9076430474,94543.9076430474,0.0,79420.72161846755,SPY_MA_SSO_monthly_MA225,after_tax
2019-06-03,-13388.21293011622,107932.12057316361,0.0,79420.72161846755,SPY_MA_SSO_monthly_MA225,after_tax
2020-03-02,-3010.8882038912852,110943.0087770549,0.0,79420.72161846755,SPY_MA_SSO_monthly_MA225,after_tax
2022-03-01,305810.64122663357,0.0,39587.35953213191,119008.08115059946,SPY_MA_SSO_monthly_MA225,after_tax
2022-05-02,-102225.53321725136,102225.53321725136,0.0,119008.08115059946,SPY_MA_SSO_monthly_MA225,after_tax
2023-01-03,-54028.428905245615,156253.96212249697,0.0,119008.08115059946,SPY_MA_SSO_monthly_MA225,after_tax
2025-04-01,279016.5610490064,0.0,24939.221971920393,143947.30312251986,SPY_MA_SSO_monthly_MA225,after_tax
2008-02-01,13097.906541574179,0.0,2660.8397139207946,2660.8397139207946,SPY_MA_SSO_monthly_MA250,after_tax
2010-07-01,6831.199079753307,0.0,1387.7580930518843,4048.597806972679,SPY_MA_SSO_monthly_MA250,after_tax
2010-09-01,-11154.148949774535,11154.148949774535,0.0,4048.597806972679,SPY_MA_SSO_monthly_MA250,after_tax
2011-09-01,11801.661259037792,0.0,131.54212562683057,4180.13993259951,SPY_MA_SSO_monthly_MA250,after_tax
2015-09-01,160094.0881432309,0.0,32523.114006297357,36703.253938896865,SPY_MA_SSO_monthly_MA250,after_tax
2016-02-01,-35773.430150584376,35773.430150584376,0.0,36703.253938896865,SPY_MA_SSO_monthly_MA250,after_tax
2018-11-01,160442.97713722292,0.0,25326.61847033562,62029.872409232485,SPY_MA_SSO_monthly_MA250,after_tax
2019-01-02,-78872.16273035639,78872.16273035639,0.0,62029.872409232485,SPY_MA_SSO_monthly_MA250,after_tax
2020-03-02,28808.08835476084,50064.07437559555,0.0,62029.872409232485,SPY_MA_SSO_monthly_MA250,after_tax
2022-05-02,233412.814314864,0.0,37247.296518662384,99277.16892789488,SPY_MA_SSO_monthly_MA250,after_tax
2023-03-01,-26933.473990086524,26933.473990086524,0.0,99277.16892789488,SPY_MA_SSO_monthly_MA250,after_tax
2025-05-01,295734.8644782238,0.0,54607.00247766508,153884.17140555996,SPY_MA_SSO_monthly_MA250,after_tax
2008-01-02,28807.701968972353,0.0,5852.2846549967335,5852.2846549967335,SPY_MA_SSO_bimonthly_MA150,after_tax
2010-07-01,46299.22562583239,0.0,9405.68768588785,15257.972340884582,SPY_MA_SSO_bimonthly_MA150,after_tax
2011-09-01,6167.043418353453,0.0,1252.834870438504,16510.807211323085,SPY_MA_SSO_bimonthly_MA150,after_tax
2015-07-01,293674.7589860613,0.0,59660.027288018355,76170.83449934144,SPY_MA_SSO_bimonthly_MA150,after_tax
2016-03-01,-50668.74564090517,50668.74564090517,0.0,76170.83449934144,SPY_MA_SSO_bimonthly_MA150,after_tax
2018-11-01,254130.78391453414,0.0,41333.313075287726,117504.14757462917,SPY_MA_SSO_bimonthly_MA150,after_tax
2020-03-02,61105.56792770338,0.0,12413.59612451294,129917.74369914211,SPY_MA_SSO_bimonthly_MA150,after_tax
2022-03-01,572822.7201505456,0.0,116368.93559858334,246286.67929772544,SPY_MA_SSO_bimonthly_MA150,after_tax
2023-11-01,90959.28823288227,0.0,18478.379404510033,264765.05870223546,SPY_MA_SSO_bimonthly_MA150,after_tax
2025-05-01,314976.7262918593,0.0,63987.52194619121,328752.58064842666,SPY_MA_SSO_bimonthly_MA150,after_tax
2008-01-02,28807.701968972353,0.0,5852.2846549967335,5852.2846549967335,SPY_MA_SSO_bimonthly_MA175,after_tax
2010-07-01,29100.942276857997,0.0,5911.8564235437025,11764.141078540437,SPY_MA_SSO_bimonthly_MA175,after_tax
2011-09-01,5638.319593360415,0.0,1145.4246253911683,12909.565703931605,SPY_MA_SSO_bimonthly_MA175,after_tax
2015-09-01,207189.74757251103,0.0,42090.597219355615,55000.16292328722,SPY_MA_SSO_bimonthly_MA175,after_tax
2016-01-04,-22158.077839407313,22158.077839407313,0.0,55000.16292328722,SPY_MA_SSO_bimonthly_MA175,after_tax
2018-11-01,214321.64858834486,0.0,39038.029397646664,94038.19232093389,SPY_MA_SSO_bimonthly_MA175,after_tax
2020-03-02,51078.17098639574,0.0,10376.530435886294,104414.72275682018,SPY_MA_SSO_bimonthly_MA175,after_tax
2022-03-01,478822.76258947747,0.0,97272.84422005234,201687.5669768725,SPY_MA_SSO_bimonthly_MA175,after_tax
2023-11-01,76032.90886121779,0.0,15446.085435156394,217133.6524120289,SPY_MA_SSO_bimonthly_MA175,after_tax
2025-05-01,263289.183422789,0.0,53487.19761233958,270620.8500243685,SPY_MA_SSO_bimonthly_MA175,after_tax
2008-01-02,28807.701968972353,0.0,5852.2846549967335,5852.2846549967335,SPY_MA_SSO_bimonthly_MA200,after_tax
2010-07-01,29100.942276857997,0.0,5911.8564235437025,11764.141078540437,SPY_MA_SSO_bimonthly_MA200,after_tax
2011-09-01,5638.319593360415,0.0,1145.4246253911683,12909.565703931605,SPY_MA_SSO_bimonthly_MA200,after_tax
2015-09-01,207189.74757251103,0.0,42090.597219355615,55000.16292328722,SPY_MA_SSO_bimonthly_MA200,after_tax
2016-01-04,-22158.077839407313,22158.077839407313,0.0,55000.16292328722,SPY_MA_SSO_bimonthly_MA200,after_tax
2018-11-01,214321.64858834486,0.0,39038.029397646664,94038.19232093389,SPY_MA_SSO_bimonthly_MA200,after_tax
2020-03-02,51078.17098639574,0.0,10376.530435886294,104414.72275682018,SPY_MA_SSO_bimonthly_MA200,after_tax
2022-03-01,478822.76258947747,0.0,97272.84422005234,201687.5669768725,SPY_MA_SSO_bimonthly_MA200,after_tax
2023-11-01,76032.90886121779,0.0,15446.085435156394,217133.6524120289,SPY_MA_SSO_bimonthly_MA200,after_tax
2025-05-01,263289.183422789,0.0,53487.19761233958,270620.8500243685,SPY_MA_SSO_bimonthly_MA200,after_tax
2008-01-02,28807.701968972353,0.0,5852.2846549967335,5852.2846549967335,SPY_MA_SSO_bimonthly_MA225,after_tax
2010-07-01,2643.9070603736327,0.0,537.1097193149035,6389.394374311637,SPY_MA_SSO_bimonthly_MA225,after_tax
2011-09-01,4824.955574766718,0.0,980.1897250138588,7369.584099325496,SPY_MA_SSO_bimonthly_MA225,after_tax
2015-09-01,177301.288270658,0.0,36018.75671218417,43388.34081150967,SPY_MA_SSO_bimonthly_MA225,after_tax
2016-01-04,-18961.631994621275,18961.631994621275,0.0,43388.34081150967,SPY_MA_SSO_bimonthly_MA225,after_tax
2018-11-01,183404.36650083738,0.0,33406.5415149378,76794.88232644746,SPY_MA_SSO_bimonthly_MA225,after_tax
2020-03-02,43709.81491363351,0.0,8879.648899704647,85674.53122615212,SPY_MA_SSO_bimonthly_MA225,after_tax
2022-03-01,409749.4864253281,0.0,83240.60816730541,168915.13939345753,SPY_MA_SSO_bimonthly_MA225,after_tax
2025-05-01,572716.0246609342,0.0,116347.26040986879,285262.39980332635,SPY_MA_SSO_bimonthly_MA225,after_tax
2008-03-03,4514.880035812617,0.0,917.1978792753332,917.1978792753332,SPY_MA_SSO_bimonthly_MA250,after_tax
2010-07-01,2227.6581973820867,0.0,452.5487627981709,1369.746642073504,SPY_MA_SSO_bimonthly_MA250,after_tax
2011-09-01,4065.3289214388933,0.0,825.8715703903111,2195.6182124638153,SPY_MA_SSO_bimonthly_MA250,after_tax
2015-09-01,149387.50084759732,0.0,30348.070797189393,32543.689009653208,SPY_MA_SSO_bimonthly_MA250,after_tax
2016-03-01,-28925.437311766582,28925.437311766582,0.0,32543.689009653208,SPY_MA_SSO_bimonthly_MA250,after_tax
2018-11-01,145076.4957002521,0.0,23596.087511620834,56139.77652127404,SPY_MA_SSO_bimonthly_MA250,after_tax
2020-03-02,34883.54116794554,0.0,7086.591388268137,63226.367909542176,SPY_MA_SSO_bimonthly_MA250,after_tax
2022-05-02,252918.9239341581,0.0,51380.47939722422,114606.8473067664,SPY_MA_SSO_bimonthly_MA250,after_tax
2025-05-01,328432.8455267028,0.0,66721.13256874967,181327.9798755161,SPY_MA_SSO_bimonthly_MA250,after_tax
2008-01-02,28807.701968972353,0.0,5852.2846549967335,5852.2846549967335,SPY_MA_SSO_quarterly_MA150,after_tax
2010-07-01,29100.942276857997,0.0,5911.8564235437025,11764.141078540437,SPY_MA_SSO_quarterly_MA150,after_tax
2011-10-03,-8282.836414456513,8282.836414456513,0.0,11764.141078540437,SPY_MA_SSO_quarterly_MA150,after_tax
2015-07-01,245725.38438111817,0.0,48236.45361942732,60000.594697967754,SPY_MA_SSO_quarterly_MA150,after_tax
2019-01-02,167150.09150447772,0.0,33956.54108913465,93957.1357871024,SPY_MA_SSO_quarterly_MA150,after_tax
2020-04-01,-144185.6407567385,144185.6407567385,0.0,93957.1357871024,SPY_MA_SSO_quarterly_MA150,after_tax
2022-07-01,137976.4515007229,6209.189256015583,0.0,93957.1357871024,SPY_MA_SSO_quarterly_MA150,after_tax
2025-04-01,306297.8705346292,0.0,60963.01560175036,154920.15138885274,SPY_MA_SSO_quarterly_MA150,after_tax
2026-04-01,59593.23297793255,0.0,12106.365279466998,167026.51666831973,SPY_MA_SSO_quarterly_MA150,after_tax
2008-01-02,28807.701968972353,0.0,5852.2846549967335,5852.2846549967335,SPY_MA_SSO_quarterly_MA175,after_tax
2010-07-01,29100.942276857997,0.0,5911.8564235437025,11764.141078540437,SPY_MA_SSO_quarterly_MA175,after_tax
2011-10-03,-8282.836414456513,8282.836414456513,0.0,11764.141078540437,SPY_MA_SSO_quarterly_MA175,after_tax
2015-10-01,188450.07871865714,0.0,36600.97527409836,48365.1163526388,SPY_MA_SSO_quarterly_MA175,after_tax
2019-01-02,128978.83305363584,0.0,26202.04993484612,74567.16628748491,SPY_MA_SSO_quarterly_MA175,after_tax
2020-04-01,-120780.65559877385,120780.65559877385,0.0,74567.16628748491,SPY_MA_SSO_quarterly_MA175,after_tax
2022-07-01,115579.37518595037,5201.280412823486,0.0,74567.16628748491,SPY_MA_SSO_quarterly_MA175,after_tax
2025-04-01,256577.96031226445,0.0,51067.17252157143,125634.33880905635,SPY_MA_SSO_quarterly_MA175,after_tax
2026-04-01,49919.740346881794,0.0,10141.195251469037,135775.5340605254,SPY_MA_SSO_quarterly_MA175,after_tax
2008-01-02,28807.701968972353,0.0,5852.2846549967335,5852.2846549967335,SPY_MA_SSO_quarterly_MA200,after_tax
2010-07-01,29100.942276857997,0.0,5911.8564235437025,11764.141078540437,SPY_MA_SSO_quarterly_MA200,after_tax
2011-10-03,-8282.836414456513,8282.836414456513,0.0,11764.141078540437,SPY_MA_SSO_quarterly_MA200,after_tax
2015-10-01,188450.07871865714,0.0,36600.97527409836,48365.1163526388,SPY_MA_SSO_quarterly_MA200,after_tax
2019-01-02,128978.83305363584,0.0,26202.04993484612,74567.16628748491,SPY_MA_SSO_quarterly_MA200,after_tax
2020-04-01,-120780.65559877385,120780.65559877385,0.0,74567.16628748491,SPY_MA_SSO_quarterly_MA200,after_tax
2022-07-01,115579.37518595037,5201.280412823486,0.0,74567.16628748491,SPY_MA_SSO_quarterly_MA200,after_tax
2025-04-01,256577.96031226445,0.0,51067.17252157143,125634.33880905635,SPY_MA_SSO_quarterly_MA200,after_tax
2026-04-01,49919.740346881794,0.0,10141.195251469037,135775.5340605254,SPY_MA_SSO_quarterly_MA200,after_tax
2008-01-02,28807.701968972353,0.0,5852.2846549967335,5852.2846549967335,SPY_MA_SSO_quarterly_MA225,after_tax
2010-07-01,-6120.5393491064315,6120.5393491064315,0.0,5852.2846549967335,SPY_MA_SSO_quarterly_MA225,after_tax
2011-10-03,-6621.694013207292,12742.233362313724,0.0,5852.2846549967335,SPY_MA_SSO_quarterly_MA225,after_tax
2015-10-01,150655.9704429052,0.0,28017.17568792216,33869.460342918894,SPY_MA_SSO_quarterly_MA225,after_tax
2019-01-02,103665.37794694476,0.0,21059.621529921827,54929.08187284072,SPY_MA_SSO_quarterly_MA225,after_tax
2020-04-01,-97076.1792062415,97076.1792062415,0.0,54929.08187284072,SPY_MA_SSO_quarterly_MA225,after_tax
2022-07-01,92895.70488314726,4180.47432309424,0.0,54929.08187284072,SPY_MA_SSO_quarterly_MA225,after_tax
2025-04-01,206221.83189986076,0.0,41044.701791720116,95973.78366456083,SPY_MA_SSO_quarterly_MA225,after_tax
2008-04-01,5354.93804398815,0.0,1087.8556636361925,1087.8556636361925,SPY_MA_SSO_quarterly_MA250,after_tax
2010-07-01,-5190.261596167416,5190.261596167416,0.0,1087.8556636361925,SPY_MA_SSO_quarterly_MA250,after_tax
2011-10-03,-5615.244372759247,10805.505968926664,0.0,1087.8556636361925,SPY_MA_SSO_quarterly_MA250,after_tax
2015-10-01,127757.35160289504,0.0,23758.767440540676,24846.62310417687,SPY_MA_SSO_quarterly_MA250,after_tax
2019-01-02,98420.82928439297,0.0,19994.19146912443,44840.8145733013,SPY_MA_SSO_quarterly_MA250,after_tax
2020-04-01,-84898.96838494763,84898.96838494763,0.0,44840.8145733013,SPY_MA_SSO_quarterly_MA250,after_tax
2022-07-01,81242.89168011124,3656.0767048363923,0.0,44840.8145733013,SPY_MA_SSO_quarterly_MA250,after_tax
