date,asset,side,shares,price,notional,transaction_cost,realized_gain,strategy,tax_mode
2006-09-18,RISK,BUY,2911.9148703145047,34.324501037597656,99950.02498750626,49.97501249375313,0.0,QQQ_MA_QQQ_weekly_MA150,pre_tax
2008-01-07,RISK,SELL,2911.9148703145047,41.58231318387644,121084.15610220467,60.54207805110234,21023.614024153547,QQQ_MA_QQQ_weekly_MA150,pre_tax
2008-05-05,RISK,BUY,2884.6800848807275,41.93294538688024,120963.1324579246,60.4815662289623,0.0,QQQ_MA_QQQ_weekly_MA150,pre_tax
2008-06-30,RISK,SELL,2884.6800848807275,39.15725124486716,112956.14284473937,56.47807142236969,-8123.949250836566,QQQ_MA_QQQ_weekly_MA150,pre_tax
2008-08-11,RISK,BUY,2772.7395462314093,40.697382956546676,112843.24315174113,56.42162157587057,0.0,QQQ_MA_QQQ_weekly_MA150,pre_tax
2008-09-08,RISK,SELL,2772.7395462314093,37.87522743080662,105018.14091990617,52.50907045995309,-7934.032923870778,QQQ_MA_QQQ_weekly_MA150,pre_tax
2009-04-06,RISK,BUY,3797.257829953092,27.62866783346953,104913.17526181531,52.456587630907656,0.0,QQQ_MA_QQQ_weekly_MA150,pre_tax
2010-05-24,RISK,SELL,3797.257829953092,38.900809337573016,147716.40284861147,73.85820142430573,42676.91279774095,QQQ_MA_QQQ_weekly_MA150,pre_tax
2010-06-21,RISK,BUY,3565.152500263469,41.3919910175366,147568.76026705364,73.78438013352682,0.0,QQQ_MA_QQQ_weekly_MA150,pre_tax
2010-06-28,RISK,SELL,3565.152500263469,39.44327351814227,140621.2852017808,70.31064260089039,-7091.570088007284,QQQ_MA_QQQ_weekly_MA150,pre_tax
2010-07-26,RISK,BUY,3495.948488282616,40.183868458855635,140480.73419208385,70.24036709604192,0.0,QQQ_MA_QQQ_weekly_MA150,pre_tax
2010-08-02,RISK,SELL,3495.948488282616,40.41911452624908,141303.1423257624,70.6515711628812,681.5161954196228,QQQ_MA_QQQ_weekly_MA150,pre_tax
2010-08-09,RISK,BUY,3447.1263818410653,40.95060469593428,141161.90979969967,70.58095489984984,0.0,QQQ_MA_QQQ_weekly_MA150,pre_tax
2010-08-16,RISK,SELL,3447.1263818410653,38.77237015574949,133653.26005039125,66.82663002519563,-7646.057334233454,QQQ_MA_QQQ_weekly_MA150,pre_tax
2010-09-13,RISK,BUY,3263.2826092070773,40.9157555667596,133519.67358357427,66.75983679178714,0.0,QQQ_MA_QQQ_weekly_MA150,pre_tax
2011-06-13,RISK,SELL,3263.2826092070773,47.90709759252465,156334.39843127193,78.16719921563596,22669.797811690223,QQQ_MA_QQQ_weekly_MA150,pre_tax
2011-07-05,RISK,BUY,3067.561909201116,50.912792238201064,156178.1421609758,78.08907108048791,0.0,QQQ_MA_QQQ_weekly_MA150,pre_tax
2011-08-08,RISK,SELL,3067.561909201116,45.82765209979873,140579.15996946313,70.28957998473156,-15747.36084257791,QQQ_MA_QQQ_weekly_MA150,pre_tax
2011-09-19,RISK,BUY,2855.776362322812,49.17704793582554,140438.65106394642,70.21932553197321,0.0,QQQ_MA_QQQ_weekly_MA150,pre_tax
2011-09-26,RISK,SELL,2855.776362322812,47.883609866892414,136744.88120055874,68.37244060027938,-3832.3616295199317,QQQ_MA_QQQ_weekly_MA150,pre_tax
2011-10-17,RISK,BUY,2680.9886792022803,50.95441309296278,136608.20465762966,68.30410232881484,0.0,QQQ_MA_QQQ_weekly_MA150,pre_tax
2011-11-21,RISK,SELL,2680.9886792022803,48.0859612208911,128917.91766176891,64.45895883088446,-7823.050057020446,QQQ_MA_QQQ_weekly_MA150,pre_tax
2011-12-05,RISK,BUY,2546.88588891834,50.56726912313657,128789.0641708526,64.39453208542629,0.0,QQQ_MA_QQQ_weekly_MA150,pre_tax
2011-12-19,RISK,SELL,2546.88588891834,48.59847528790157,123774.77093370317,61.88738546685158,-5140.575154701699,QQQ_MA_QQQ_weekly_MA150,pre_tax
2011-12-27,RISK,BUY,2500.346791311552,49.45356318127606,123651.05801922671,61.825529009613355,0.0,QQQ_MA_QQQ_weekly_MA150,pre_tax
2012-05-21,RISK,SELL,2500.346791311552,53.90821588688055,134789.23461809222,67.39461730904611,11008.95645254686,QQQ_MA_QQQ_weekly_MA150,pre_tax
2012-05-29,RISK,BUY,2429.27184406902,55.42998947325106,134654.51274441098,67.3272563722055,0.0,QQQ_MA_QQQ_weekly_MA150,pre_tax
2012-06-04,RISK,SELL,2429.27184406902,53.59854481927556,130205.43581253756,65.10271790626878,-4581.506906151888,QQQ_MA_QQQ_weekly_MA150,pre_tax
2012-06-11,RISK,BUY,2320.7287280156693,56.04933221045971,130075.29544690784,65.03764772345392,0.0,QQQ_MA_QQQ_weekly_MA150,pre_tax
2012-10-31,RISK,SELL,2320.7287280156693,58.045842768572335,134708.6548549064,67.3543274274532,4500.9674328476685,QQQ_MA_QQQ_weekly_MA150,pre_tax
2012-12-03,RISK,BUY,2282.0472004261132,58.97074061202168,134574.01352071858,67.28700676035929,0.0,QQQ_MA_QQQ_weekly_MA150,pre_tax
2012-12-10,RISK,SELL,2282.0472004261132,57.58342120746645,131408.0851574565,65.70404257872825,-3298.919412601186,QQQ_MA_QQQ_weekly_MA150,pre_tax
2012-12-24,RISK,BUY,2257.377828265248,58.15452827601736,131276.742743506,65.63837137175301,0.0,QQQ_MA_QQQ_weekly_MA150,pre_tax
2012-12-31,RISK,SELL,2257.377828265248,56.97408864878012,128612.04450137497,64.30602225068749,-2794.64263575348,QQQ_MA_QQQ_weekly_MA150,pre_tax
2013-01-07,RISK,BUY,2161.8087836545446,59.43333087654365,128483.49673075891,64.24174836537945,0.0,QQQ_MA_QQQ_weekly_MA150,pre_tax
2014-04-14,RISK,SELL,2161.8087836545446,77.26233898796278,167026.4030698729,83.51320153493646,38395.151389213686,QQQ_MA_QQQ_weekly_MA150,pre_tax
2014-04-21,RISK,BUY,2120.9043883111776,78.67373044153811,166859.46013826886,83.42973006913444,0.0,QQQ_MA_QQQ_weekly_MA150,pre_tax
2015-08-24,RISK,SELL,2120.9043883111776,86.95873971245753,184431.17265816065,92.21558632908032,17396.067203493585,QQQ_MA_QQQ_weekly_MA150,pre_tax
2015-10-19,RISK,BUY,1844.4948869763607,99.89012978888535,184246.83365500407,92.12341682750204,0.0,QQQ_MA_QQQ_weekly_MA150,pre_tax
2016-01-11,RISK,SELL,1844.4948869763607,97.19807574797389,179281.35374107884,89.64067687053942,-5147.24400762326,QQQ_MA_QQQ_weekly_MA150,pre_tax
2016-03-21,RISK,BUY,1795.5480002042825,99.74791092348406,179102.1619832167,89.55108099160836,0.0,QQQ_MA_QQQ_weekly_MA150,pre_tax
2016-05-02,RISK,SELL,1795.5480002042825,98.64040285951161,177113.57809374086,88.55678904687043,-2166.6917595143314,QQQ_MA_QQQ_weekly_MA150,pre_tax
2016-05-31,RISK,BUY,1723.9741164460202,102.63295216574093,176936.5530281799,88.46827651408995,0.0,QQQ_MA_QQQ_weekly_MA150,pre_tax
2016-06-20,RISK,SELL,1723.9741164460202,100.52680638637572,173305.61221909223,86.65280610954612,-3806.061891711288,QQQ_MA_QQQ_weekly_MA150,pre_tax
2016-07-05,RISK,BUY,1725.7750957756261,100.32152720257126,173132.3932163745,86.56619660818725,0.0,QQQ_MA_QQQ_weekly_MA150,pre_tax
2018-10-22,RISK,SELL,1725.7750957756261,165.71713010252614,285990.4960743489,142.99524803717446,112628.54141332908,QQQ_MA_QQQ_weekly_MA150,pre_tax
2019-02-19,RISK,BUY,1745.709175418969,163.66107970618407,285704.64850206074,142.85232425103038,0.0,QQQ_MA_QQQ_weekly_MA150,pre_tax
2020-03-16,RISK,SELL,1745.709175418969,167.64744420772877,292663.6815889718,146.3318407944859,6669.848921865574,QQQ_MA_QQQ_weekly_MA150,pre_tax
2020-04-20,RISK,BUY,1420.4416731870133,205.8311648306598,292371.1641660943,146.18558208304717,0.0,QQQ_MA_QQQ_weekly_MA150,pre_tax
2022-01-24,RISK,SELL,1420.4416731870133,336.5033910595923,477983.4398297911,238.99171991489555,185227.0983616988,QQQ_MA_QQQ_weekly_MA150,pre_tax
2022-08-15,RISK,BUY,1485.3594340553962,321.4748459627292,477505.6952622451,238.75284763112253,0.0,QQQ_MA_QQQ_weekly_MA150,pre_tax
2022-08-22,RISK,SELL,1485.3594340553962,310.8181468831801,461676.66674854734,230.83833337427367,-16298.619694703142,QQQ_MA_QQQ_weekly_MA150,pre_tax
2022-12-05,RISK,BUY,1624.651583725358,283.88561918438853,461215.2208047707,230.60761040238535,0.0,QQQ_MA_QQQ_weekly_MA150,pre_tax
2022-12-12,RISK,SELL,1624.651583725358,275.90812369116725,448254.5701175468,224.12728505877342,-13415.385582685063,QQQ_MA_QQQ_weekly_MA150,pre_tax
2023-01-30,RISK,BUY,1559.9525982296757,287.0641967396339,447806.5395627067,223.90326978135337,0.0,QQQ_MA_QQQ_weekly_MA150,pre_tax
2023-10-30,RISK,SELL,1559.9525982296757,342.3556685770316,534058.6147153982,267.0293073576991,85761.14257555234,QQQ_MA_QQQ_weekly_MA150,pre_tax
2023-11-06,RISK,BUY,1471.0193200842039,362.6905613761771,533524.8229965422,266.7624114982711,0.0,QQQ_MA_QQQ_weekly_MA150,pre_tax
2024-09-09,RISK,SELL,1471.0193200842039,448.35791362802206,659543.1532594652,329.77157662973264,125421.79627479508,QQQ_MA_QQQ_weekly_MA150,pre_tax
2024-09-16,RISK,BUY,1407.0328829436025,468.2789916995769,658883.939712979,329.4419698564895,0.0,QQQ_MA_QQQ_weekly_MA150,pre_tax
2025-03-10,RISK,SELL,1407.0328829436025,479.8773847046623,675203.2600604373,337.60163003021864,15652.276747571537,QQQ_MA_QQQ_weekly_MA150,pre_tax
2025-05-19,RISK,BUY,1319.4972304591436,511.2010686059385,674528.3942332905,337.2641971166452,0.0,QQQ_MA_QQQ_weekly_MA150,pre_tax
2026-03-09,RISK,SELL,1319.4972304591436,592.83015152989,782237.7430763643,391.11887153818213,106980.96577441902,QQQ_MA_QQQ_weekly_MA150,pre_tax
2026-04-13,RISK,BUY,1283.5773122577264,608.8109292631304,781455.8962566977,390.7279481283489,0.0,QQQ_MA_QQQ_weekly_MA150,pre_tax
2006-09-18,RISK,BUY,2911.9148703145047,34.324501037597656,99950.02498750626,49.97501249375313,0.0,QQQ_MA_QQQ_weekly_MA150,after_tax
2008-01-07,RISK,SELL,2911.9148703145047,41.58231318387644,121084.15610220467,60.54207805110234,21023.614024153547,QQQ_MA_QQQ_weekly_MA150,after_tax
2008-05-05,RISK,BUY,2782.8791562020783,41.93294538688024,116694.31967530912,58.34715983765456,0.0,QQQ_MA_QQQ_weekly_MA150,after_tax
2008-06-30,RISK,SELL,2782.8791562020783,39.15725124486716,108969.89830350871,54.48494915175436,-7837.253480789805,QQQ_MA_QQQ_weekly_MA150,after_tax
2008-08-11,RISK,BUY,2674.8890212217902,40.697382956546676,108860.9828629255,54.430491431462755,0.0,QQQ_MA_QQQ_weekly_MA150,after_tax
2008-09-08,RISK,SELL,2674.8890212217902,37.87522743080662,101312.03003094302,50.65601501547151,-7654.039338429415,QQQ_MA_QQQ_weekly_MA150,after_tax
2009-04-06,RISK,BUY,3663.251852809364,27.62866783346953,101210.76863161175,50.60538431580587,0.0,QQQ_MA_QQQ_weekly_MA150,after_tax
2010-05-24,RISK,SELL,3663.251852809364,38.900809337573016,142503.46188164817,71.25173094082409,41170.83613477979,QQQ_MA_QQQ_weekly_MA150,after_tax
2010-06-21,RISK,BUY,3313.366526613623,41.3919910175366,137146.83750739752,68.57341875369876,0.0,QQQ_MA_QQQ_weekly_MA150,after_tax
2010-06-28,RISK,SELL,3313.366526613623,39.44327351814227,130690.02217507815,65.34501108753908,-6590.733762160598,QQQ_MA_QQQ_weekly_MA150,after_tax
2010-07-26,RISK,BUY,3249.0499912654773,40.183868458855635,130559.397465258,65.279698732629,0.0,QQQ_MA_QQQ_weekly_MA150,after_tax
2010-08-02,RISK,SELL,3249.0499912654773,40.41911452624908,131323.72369846792,65.66186184923396,633.3846726280899,QQQ_MA_QQQ_weekly_MA150,after_tax
2010-08-09,RISK,BUY,3203.675906081114,40.95060469593428,131192.4656038168,65.5962328019084,0.0,QQQ_MA_QQQ_weekly_MA150,after_tax
2010-08-16,RISK,SELL,3203.675906081114,38.77237015574949,124214.1080896331,62.10705404481655,-7106.060801030413,QQQ_MA_QQQ_weekly_MA150,after_tax
2010-09-13,RISK,BUY,3032.81594922743,40.9157555667596,124089.95605755951,62.04497802877976,0.0,QQQ_MA_QQQ_weekly_MA150,after_tax
2011-06-13,RISK,SELL,3032.81594922743,47.90709759252465,145293.40965980376,72.64670482990188,21068.76191938555,QQQ_MA_QQQ_weekly_MA150,after_tax
2011-07-05,RISK,BUY,2818.991220549548,50.912792238201064,143522.71433315196,71.76135716657598,0.0,QQQ_MA_QQQ_weekly_MA150,after_tax
2011-08-08,RISK,SELL,2818.991220549548,45.82765209979873,129187.74892773169,64.59387446386584,-14471.32063705071,QQQ_MA_QQQ_weekly_MA150,after_tax
2011-09-19,RISK,BUY,2624.36708093611,49.17704793582554,129058.62574039763,64.52931287019882,0.0,QQQ_MA_QQQ_weekly_MA150,after_tax
2011-09-26,RISK,SELL,2624.36708093611,47.883609866892414,125664.16945105996,62.83208472552998,-3521.8176869333984,QQQ_MA_QQQ_weekly_MA150,after_tax
2011-10-17,RISK,BUY,2463.742794039388,50.95441309296278,125538.5680822933,62.769284041146655,0.0,QQQ_MA_QQQ_weekly_MA150,after_tax
2011-11-21,RISK,SELL,2463.742794039388,48.0859612208911,118471.44045242791,59.23572022621396,-7189.132634132766,QQQ_MA_QQQ_weekly_MA150,after_tax
2011-12-05,RISK,BUY,2340.5066215834336,50.56726912313657,118353.02821809264,59.17651410904632,0.0,QQQ_MA_QQQ_weekly_MA150,after_tax
2011-12-19,RISK,SELL,2340.5066215834336,48.59847528790157,113745.05321019249,56.87252660509625,-4724.024048614287,QQQ_MA_QQQ_weekly_MA150,after_tax
2011-12-27,RISK,BUY,2297.7386803163577,49.45356318127606,113631.36500108686,56.81568250054343,0.0,QQQ_MA_QQQ_weekly_MA150,after_tax
2012-05-21,RISK,SELL,2297.7386803163577,53.90821588688055,123866.99283013021,61.93349641506511,10116.878650127735,QQQ_MA_QQQ_weekly_MA150,after_tax
2012-05-29,RISK,BUY,2232.423078477404,55.42998947325106,123743.18773984523,61.87159386992262,0.0,QQQ_MA_QQQ_weekly_MA150,after_tax
2012-06-04,RISK,SELL,2232.423078477404,53.59854481927556,119654.62842735626,59.827314213678136,-4210.258220572563,QQQ_MA_QQQ_weekly_MA150,after_tax
2012-06-11,RISK,BUY,2132.6754286295895,56.04933221045971,119535.03359634442,59.76751679817221,0.0,QQQ_MA_QQQ_weekly_MA150,after_tax
2012-10-31,RISK,SELL,2132.6754286295895,58.045842768572335,123792.94260663076,61.89647130331538,4136.245022184856,QQQ_MA_QQQ_weekly_MA150,after_tax
2012-12-03,RISK,BUY,2097.128342735307,58.97074061202168,123669.21152956267,61.83460576478134,0.0,QQQ_MA_QQQ_weekly_MA150,after_tax
2012-12-10,RISK,SELL,2097.128342735307,57.58342120746645,120759.82468584324,60.37991234292162,-3031.601361827139,QQQ_MA_QQQ_weekly_MA150,after_tax
2012-12-24,RISK,BUY,2074.4579792360873,58.15452827601736,120639.12521089488,60.319562605447445,0.0,QQQ_MA_QQQ_weekly_MA150,after_tax
2012-12-31,RISK,SELL,2074.4579792360873,56.97408864878012,118190.3528071661,59.095176403583054,-2568.187142737821,QQQ_MA_QQQ_weekly_MA150,after_tax
2013-01-07,RISK,BUY,1986.6330858229196,59.43333087654365,118072.22152000252,59.036110760001264,0.0,QQQ_MA_QQQ_weekly_MA150,after_tax
2014-04-14,RISK,SELL,1986.6330858229196,77.26233898796278,153491.91892155298,76.74595946077649,35283.915331329685,QQQ_MA_QQQ_weekly_MA150,after_tax
2014-04-21,RISK,BUY,1923.6970873110592,78.67373044153811,151344.42609828227,75.67221304914113,0.0,QQQ_MA_QQQ_weekly_MA150,after_tax
2015-08-24,RISK,SELL,1923.6970873110592,86.95873971245753,167282.27430109508,83.64113715054754,15778.534852613113,QQQ_MA_QQQ_weekly_MA150,after_tax
2015-10-19,RISK,BUY,1640.9155591345232,99.89012978888535,163911.2681745489,81.95563408727445,0.0,QQQ_MA_QQQ_weekly_MA150,after_tax
2016-01-11,RISK,SELL,1640.9155591345232,97.19807574797389,159493.8348127863,79.74691740639315,-4579.135913256236,QQQ_MA_QQQ_weekly_MA150,after_tax
2016-03-21,RISK,BUY,1597.3710046645665,99.74791092348406,159334.42068503742,79.66721034251871,0.0,QQQ_MA_QQQ_weekly_MA150,after_tax
2016-05-02,RISK,SELL,1597.3710046645665,98.64040285951161,157565.31941621564,78.78265970810783,-1927.5511388723971,QQQ_MA_QQQ_weekly_MA150,after_tax
2016-05-31,RISK,BUY,1533.6968246406004,102.63295216574093,157407.8328400875,78.70391642004375,0.0,QQQ_MA_QQQ_weekly_MA150,after_tax
2016-06-20,RISK,SELL,1533.6968246406004,100.52680638637572,154177.6437460449,77.08882187302245,-3385.981832335674,QQQ_MA_QQQ_weekly_MA150,after_tax
2016-07-05,RISK,BUY,1535.299027511694,100.32152720257126,154023.5431525956,77.0117715762978,0.0,QQQ_MA_QQQ_weekly_MA150,after_tax
2018-10-22,RISK,SELL,1535.299027511694,165.71713010252614,254425.34868843725,127.21267434421863,100197.58108992112,QQQ_MA_QQQ_weekly_MA150,after_tax
2019-02-19,RISK,BUY,1440.9948665564584,163.66107970618407,235834.77571169863,117.91738785584931,0.0,QQQ_MA_QQQ_weekly_MA150,after_tax
2020-03-16,RISK,SELL,1440.9948665564584,167.64744420772877,241579.10649464742,120.78955324732371,5505.623841845576,QQQ_MA_QQQ_weekly_MA150,after_tax
2020-04-20,RISK,BUY,1167.0717589620956,205.8311648306598,240219.73958813513,120.10986979406756,0.0,QQQ_MA_QQQ_weekly_MA150,after_tax
2022-01-24,RISK,SELL,1167.0717589620956,336.5033910595923,392723.60450062825,196.36180225031413,152187.39324044873,QQQ_MA_QQQ_weekly_MA150,after_tax
2022-08-15,RISK,BUY,1124.2859697147746,321.4748459627292,361429.6589321148,180.71482946605738,0.0,QQQ_MA_QQQ_weekly_MA150,after_tax
2022-08-22,RISK,SELL,1124.2859697147746,310.8181468831801,349448.4816735054,174.7242408367527,-12336.616328912205,QQQ_MA_QQQ_weekly_MA150,after_tax
2022-12-05,RISK,BUY,1229.7178308352718,283.88561918438853,349099.20782875427,174.54960391437714,0.0,QQQ_MA_QQQ_weekly_MA150,after_tax
2022-12-12,RISK,SELL,1229.7178308352718,275.90812369116725,339289.13937533204,169.64456968766603,-10154.262627024262,QQQ_MA_QQQ_weekly_MA150,after_tax
2023-01-30,RISK,BUY,1180.7464101946955,287.0641967396339,338950.01979574654,169.47500989787326,0.0,QQQ_MA_QQQ_weekly_MA150,after_tax
2023-10-30,RISK,SELL,1180.7464101946955,342.3556685770316,404235.226682135,202.1176133410675,64913.6142631495,QQQ_MA_QQQ_weekly_MA150,after_tax
2023-11-06,RISK,BUY,1089.6818495377252,362.6905613761771,395217.3217302685,197.60866086513425,0.0,QQQ_MA_QQQ_weekly_MA150,after_tax
2024-09-09,RISK,SELL,1089.6818495377252,448.35791362802206,488567.4805770587,244.28374028852934,92908.26644563657,QQQ_MA_QQQ_weekly_MA150,after_tax
2024-09-16,RISK,BUY,1001.9972787326682,468.2789916995769,469214.2753706538,234.6071376853269,0.0,QQQ_MA_QQQ_weekly_MA150,after_tax
2025-03-10,RISK,SELL,1001.9972787326682,479.8773847046623,480835.8335994213,240.41791679971067,11146.533174282464,QQQ_MA_QQQ_weekly_MA150,after_tax
2025-05-19,RISK,BUY,935.2326918961492,511.2010686059385,478091.9514925199,239.04597574625996,0.0,QQQ_MA_QQQ_weekly_MA150,after_tax
2026-03-09,RISK,SELL,935.2326918961492,592.83015152989,554434.138452501,277.21706922625054,75825.92391500872,QQQ_MA_QQQ_weekly_MA150,after_tax
2026-04-13,RISK,BUY,884.4841924407157,608.8109292631304,538483.6431183816,269.24182155919084,0.0,QQQ_MA_QQQ_weekly_MA150,after_tax
2006-09-18,RISK,BUY,2911.9148703145047,34.324501037597656,99950.02498750626,49.97501249375313,0.0,QQQ_MA_QQQ_weekly_MA175,pre_tax
2008-01-07,RISK,SELL,2911.9148703145047,41.58231318387644,121084.15610220467,60.54207805110234,21023.614024153547,QQQ_MA_QQQ_weekly_MA175,pre_tax
2008-05-05,RISK,BUY,2884.6800848807275,41.93294538688024,120963.1324579246,60.4815662289623,0.0,QQQ_MA_QQQ_weekly_MA175,pre_tax
2008-06-23,RISK,SELL,2884.6800848807275,40.96411140433683,118168.35636292596,59.08417818146298,-2914.3418394090695,QQQ_MA_QQQ_weekly_MA175,pre_tax
2008-08-11,RISK,BUY,2900.683987156084,40.697382956546676,118050.24706121389,59.02512353060695,0.0,QQQ_MA_QQQ_weekly_MA175,pre_tax
2008-09-02,RISK,SELL,2900.683987156084,40.32740239515547,116977.05037122738,58.48852518561369,-1190.710338702731,QQQ_MA_QQQ_weekly_MA175,pre_tax
2009-04-20,RISK,BUY,4136.568578593666,28.250500278151154,116860.13178015169,58.430065890075845,0.0,QQQ_MA_QQQ_weekly_MA175,pre_tax
2010-05-24,RISK,SELL,4136.568578593666,38.900809337573016,160915.86558766762,80.4579327938338,43916.84580883203,QQQ_MA_QQQ_weekly_MA175,pre_tax
2010-06-01,RISK,BUY,4076.9441946044562,39.43027484961694,160755.0301398039,80.37751506990195,0.0,QQQ_MA_QQQ_weekly_MA175,pre_tax
2010-06-07,RISK,SELL,4076.9441946044562,39.33478860020976,160365.73802961875,80.18286901480937,-549.8524942698423,QQQ_MA_QQQ_weekly_MA175,pre_tax
2010-06-14,RISK,BUY,4019.6522242400188,39.855550554420475,160205.45243438677,80.10272621719338,0.0,QQQ_MA_QQQ_weekly_MA175,pre_tax
2010-06-28,RISK,SELL,4019.6522242400188,39.44327351814227,158548.24212850802,79.27412106425402,-1816.5871531601879,QQQ_MA_QQQ_weekly_MA175,pre_tax
2010-07-26,RISK,BUY,3941.6258114387124,40.183868458855635,158389.77312088333,79.19488656044166,0.0,QQQ_MA_QQQ_weekly_MA175,pre_tax
2010-08-16,RISK,SELL,3941.6258114387124,38.77237015574949,152826.17497655822,76.41308748827912,-5719.2061183738115,QQQ_MA_QQQ_weekly_MA175,pre_tax
2010-09-07,RISK,BUY,3824.24755009794,39.922474467577736,152673.42517648172,76.33671258824086,0.0,QQQ_MA_QQQ_weekly_MA175,pre_tax
2011-06-13,RISK,SELL,3824.24755009794,47.90709759252465,183208.60060051532,91.60430030025766,30367.234411145095,QQQ_MA_QQQ_weekly_MA175,pre_tax
2011-07-05,RISK,BUY,3594.8820622945036,50.912792238201064,183025.48355843584,91.51274177921792,0.0,QQQ_MA_QQQ_weekly_MA175,pre_tax
2011-08-08,RISK,SELL,3594.8820622945036,45.82765209979873,164745.00449063952,82.37250224531977,-18454.364311820857,QQQ_MA_QQQ_weekly_MA175,pre_tax
2011-09-19,RISK,BUY,3346.690147652976,49.17704793582554,164580.34181748546,82.29017090874274,0.0,QQQ_MA_QQQ_weekly_MA175,pre_tax
2011-09-26,RISK,SELL,3346.690147652976,47.883609866892414,160251.60537558768,80.12580268779384,-4491.152415494318,QQQ_MA_QQQ_weekly_MA175,pre_tax
2011-10-17,RISK,BUY,3141.856105061915,50.95441309296278,160091.4338559719,80.04571692798595,0.0,QQQ_MA_QQQ_weekly_MA175,pre_tax
2011-11-21,RISK,SELL,3141.856105061915,48.0859612208911,151079.1708296272,75.5395854148136,-9167.848328687513,QQQ_MA_QQQ_weekly_MA175,pre_tax
2011-12-05,RISK,BUY,2984.7007714240267,50.56726912313657,150928.1671606321,75.46408358031604,0.0,QQQ_MA_QQQ_weekly_MA175,pre_tax
2011-12-19,RISK,SELL,2984.7007714240267,48.59847528790157,145051.90668183131,72.52595334091566,-6024.250515722029,QQQ_MA_QQQ_weekly_MA175,pre_tax
2011-12-27,RISK,BUY,2930.161507952215,49.45356318127606,144906.92726485798,72.45346363242899,0.0,QQQ_MA_QQQ_weekly_MA175,pre_tax
2012-06-04,RISK,SELL,2930.161507952215,53.59854481927556,157052.39291169285,78.52619645584643,11994.485986746586,QQQ_MA_QQQ_weekly_MA175,pre_tax
2012-06-11,RISK,BUY,2799.237971589159,56.04933221045971,156895.41900573415,78.44770950286707,0.0,QQQ_MA_QQQ_weekly_MA175,pre_tax
2012-10-31,RISK,SELL,2799.237971589159,58.045842768572335,162484.12717068166,81.24206358534083,5429.01839185931,QQQ_MA_QQQ_weekly_MA175,pre_tax
2012-12-03,RISK,BUY,2752.5807300423016,58.97074061202168,162321.72424497383,81.16086212248692,0.0,QQQ_MA_QQQ_weekly_MA175,pre_tax
2012-12-10,RISK,SELL,2752.5807300423016,57.58342120746645,158503.01558558136,79.25150779279069,-3979.1210293077456,QQQ_MA_QQQ_weekly_MA175,pre_tax
2012-12-24,RISK,BUY,2722.8247993062673,58.15452827601736,158344.59178189762,79.1722958909488,0.0,QQQ_MA_QQQ_weekly_MA175,pre_tax
2012-12-31,RISK,SELL,2722.8247993062673,56.97408864878012,155130.4614907722,77.5652307453861,-3370.867817761755,QQQ_MA_QQQ_weekly_MA175,pre_tax
2013-01-07,RISK,BUY,2607.550448041817,59.43333087654365,154975.40855574896,77.48770427787449,0.0,QQQ_MA_QQQ_weekly_MA175,pre_tax
2015-08-24,RISK,SELL,2607.550448041817,86.95873971245753,226749.30069837038,113.37465034918519,71583.02978799437,QQQ_MA_QQQ_weekly_MA175,pre_tax
2015-10-19,RISK,BUY,2267.7181939237835,99.89012978888535,226522.66471566338,113.26133235783169,0.0,QQQ_MA_QQQ_weekly_MA175,pre_tax
2016-01-11,RISK,SELL,2267.7181939237835,97.19807574797389,220417.84478806244,110.20892239403122,-6328.290182352794,QQQ_MA_QQQ_weekly_MA175,pre_tax
2016-03-21,RISK,BUY,2207.540339025565,99.74791092348406,220197.53709711987,110.09876854855993,0.0,QQQ_MA_QQQ_weekly_MA175,pre_tax
2016-05-02,RISK,SELL,2207.540339025565,98.64040285951161,217752.66837010457,108.87633418505229,-2663.8438297489192,QQQ_MA_QQQ_weekly_MA175,pre_tax
2016-05-31,RISK,BUY,2119.543674163855,102.63295216574093,217535.02452365772,108.76751226182886,0.0,QQQ_MA_QQQ_weekly_MA175,pre_tax
2016-06-20,RISK,SELL,2119.543674163855,100.52680638637572,213070.9565601373,106.53547828006866,-4679.370954062324,QQQ_MA_QQQ_weekly_MA175,pre_tax
2016-07-05,RISK,BUY,2121.75789206246,100.32152720257126,212857.99208581433,106.42899604290717,0.0,QQQ_MA_QQQ_weekly_MA175,pre_tax
2018-10-29,RISK,SELL,2121.75789206246,161.0995867692778,341814.31963571627,170.90715981785814,128678.99139404116,QQQ_MA_QQQ_weekly_MA175,pre_tax
2019-02-19,RISK,BUY,2086.462320491013,163.66107970618407,341472.6761378295,170.73633806891476,0.0,QQQ_MA_QQQ_weekly_MA175,pre_tax
2019-03-11,RISK,SELL,2086.462320491013,164.10985707893892,342409.0332163714,171.20451660818568,594.4162238647696,QQQ_MA_QQQ_weekly_MA175,pre_tax
2019-03-18,RISK,BUY,2009.6201610111311,170.2146514742382,342066.7953021121,171.03339765105608,0.0,QQQ_MA_QQQ_weekly_MA175,pre_tax
2020-03-16,RISK,SELL,2009.6201610111311,167.64744420772877,336907.6838218405,168.45384191092026,-5498.598719833593,QQQ_MA_QQQ_weekly_MA175,pre_tax
2020-04-13,RISK,BUY,1744.4102722632115,192.94253757804694,336570.94450767577,168.2854722538379,0.0,QQQ_MA_QQQ_weekly_MA175,pre_tax
2022-01-24,RISK,SELL,1744.4102722632115,336.5033910595923,586999.9720157572,293.49998600787865,249967.24204981967,QQQ_MA_QQQ_weekly_MA175,pre_tax
2023-01-30,RISK,BUY,2042.794859328714,287.0641967396339,586413.2653970508,293.20663269852537,0.0,QQQ_MA_QQQ_weekly_MA175,pre_tax
2023-03-13,RISK,SELL,2042.794859328714,280.9883548940412,574001.5669087797,287.0007834543898,-12991.905904424028,QQQ_MA_QQQ_weekly_MA175,pre_tax
2023-03-20,RISK,BUY,1920.201896104646,298.62893759374526,573427.8521992257,286.7139260996129,0.0,QQQ_MA_QQQ_weekly_MA175,pre_tax
2025-03-10,RISK,SELL,1920.201896104646,479.8773847046623,921461.4640076312,460.7307320038156,347286.1671503021,QQQ_MA_QQQ_weekly_MA175,pre_tax
2025-05-19,RISK,BUY,1800.7404905362353,511.2010686059385,920540.4630441053,460.27023152205265,0.0,QQQ_MA_QQQ_weekly_MA175,pre_tax
2026-03-16,RISK,SELL,1800.7404905362353,598.6264723831473,1077970.9275272049,538.9854637636024,156431.2087878139,QQQ_MA_QQQ_weekly_MA175,pre_tax
2026-04-13,RISK,BUY,1768.8471798940816,608.8109292631304,1076893.4953157834,538.4467476578917,0.0,QQQ_MA_QQQ_weekly_MA175,pre_tax
2006-09-18,RISK,BUY,2911.9148703145047,34.324501037597656,99950.02498750626,49.97501249375313,0.0,QQQ_MA_QQQ_weekly_MA175,after_tax
2008-01-07,RISK,SELL,2911.9148703145047,41.58231318387644,121084.15610220467,60.54207805110234,21023.614024153547,QQQ_MA_QQQ_weekly_MA175,after_tax
2008-05-05,RISK,BUY,2782.8791562020783,41.93294538688024,116694.31967530912,58.34715983765456,0.0,QQQ_MA_QQQ_weekly_MA175,after_tax
2008-06-23,RISK,SELL,2782.8791562020783,40.96411140433683,113998.17177946882,56.99908588973441,-2811.4941415676876,QQQ_MA_QQQ_weekly_MA175,after_tax
2008-08-11,RISK,BUY,2798.3182776122526,40.697382956546676,113884.23057828993,56.942115289144965,0.0,QQQ_MA_QQQ_weekly_MA175,after_tax
2008-09-02,RISK,SELL,2798.3182776122526,40.32740239515547,112848.90721098767,56.42445360549384,-1148.6899361968826,QQQ_MA_QQQ_weekly_MA175,after_tax
2009-04-20,RISK,BUY,3990.588258262524,28.250500278151154,112736.11470003217,56.36805735001608,0.0,QQQ_MA_QQQ_weekly_MA175,after_tax
2010-05-24,RISK,SELL,3990.588258262524,38.900809337573016,155237.11297942803,77.61855648971401,42367.01166555614,QQQ_MA_QQQ_weekly_MA175,after_tax
2010-06-01,RISK,BUY,3735.289855507727,39.43027484961694,147283.50564565565,73.64175282282783,0.0,QQQ_MA_QQQ_weekly_MA175,after_tax
2010-06-07,RISK,SELL,3735.289855507727,39.33478860020976,146926.83682690453,73.46341841345227,-503.773989987385,QQQ_MA_QQQ_weekly_MA175,after_tax
2010-06-14,RISK,BUY,3682.799042416012,39.855550554420475,146779.9834167827,73.38999170839135,0.0,QQQ_MA_QQQ_weekly_MA175,after_tax
2010-06-28,RISK,SELL,3682.799042416012,39.44327351814227,145261.6499423672,72.6308249711836,-1664.3542910950782,QQQ_MA_QQQ_weekly_MA175,after_tax
2010-07-26,RISK,BUY,3611.3113657919134,40.183868458855635,145116.46088695253,72.55823044347626,0.0,QQQ_MA_QQQ_weekly_MA175,after_tax
2010-08-16,RISK,SELL,3611.3113657919134,38.77237015574949,140019.10102214932,70.00955051107466,-5239.927645757765,QQQ_MA_QQQ_weekly_MA175,after_tax
2010-09-07,RISK,BUY,3503.7695874610813,39.922474467577736,139879.1518956904,69.9395759478452,0.0,QQQ_MA_QQQ_weekly_MA175,after_tax
2011-06-13,RISK,SELL,3503.7695874610813,47.90709759252465,167855.43156821784,83.92771578410893,27822.41238079549,QQQ_MA_QQQ_weekly_MA175,after_tax
2011-07-05,RISK,BUY,3212.209522817578,50.912792238201064,163542.55606078234,81.77127803039117,0.0,QQQ_MA_QQQ_weekly_MA175,after_tax
2011-08-08,RISK,SELL,3212.209522817578,45.82765209979873,147208.02048334447,73.60401024167224,-16489.910865709913,QQQ_MA_QQQ_weekly_MA175,after_tax
2011-09-19,RISK,BUY,2990.4374541147217,49.17704793582554,147060.88603008777,73.53044301504389,0.0,QQQ_MA_QQQ_weekly_MA175,after_tax
2011-09-26,RISK,SELL,2990.4374541147217,47.883609866892414,143192.9403841723,71.59647019208616,-4013.0725591225782,QQQ_MA_QQQ_weekly_MA175,after_tax
2011-10-17,RISK,BUY,2807.4078440172307,50.95441309296278,143049.819004478,71.524909502239,0.0,QQQ_MA_QQQ_weekly_MA175,after_tax
2011-11-21,RISK,SELL,2807.4078440172307,48.0859612208911,134996.90471863805,67.49845235931903,-8191.937647701503,QQQ_MA_QQQ_weekly_MA175,after_tax
2011-12-05,RISK,BUY,2666.9815795319387,50.56726912313657,134861.9752786394,67.43098763931971,0.0,QQQ_MA_QQQ_weekly_MA175,after_tax
2011-12-19,RISK,SELL,2666.9815795319387,48.59847528790157,129611.23838617162,64.80561919308582,-5382.973499300191,QQQ_MA_QQQ_weekly_MA175,after_tax
2011-12-27,RISK,BUY,2618.247980360735,49.45356318127606,129481.69192101803,64.74084596050902,0.0,QQQ_MA_QQQ_weekly_MA175,after_tax
2012-06-04,RISK,SELL,2618.247980360735,53.59854481927556,140334.28172334257,70.16714086167129,10717.68181550235,QQQ_MA_QQQ_weekly_MA175,after_tax
2012-06-11,RISK,BUY,2501.261157711556,56.04933221045971,140194.01757369406,70.09700878684703,0.0,QQQ_MA_QQQ_weekly_MA175,after_tax
2012-10-31,RISK,SELL,2501.261157711556,58.045842768572335,145187.8118836622,72.5939059418311,4851.10339523945,QQQ_MA_QQQ_weekly_MA175,after_tax
2012-12-03,RISK,BUY,2459.5705450549735,58.97074061202168,145042.69662940563,72.52134831470282,0.0,QQQ_MA_QQQ_weekly_MA175,after_tax
2012-12-10,RISK,SELL,2459.5705450549735,57.58342120746645,141630.4866853784,70.8152433426892,-3555.54653568464,QQQ_MA_QQQ_weekly_MA175,after_tax
2012-12-24,RISK,BUY,2432.982111160822,58.15452827601736,141488.92697854643,70.74446348927322,0.0,QQQ_MA_QQQ_weekly_MA175,after_tax
2012-12-31,RISK,SELL,2432.982111160822,56.97408864878012,138616.93848217287,69.30846924108644,-3012.041429103905,QQQ_MA_QQQ_weekly_MA175,after_tax
2013-01-07,RISK,BUY,2329.978629418797,59.43333087654365,138478.39081752303,69.23919540876152,0.0,QQQ_MA_QQQ_weekly_MA175,after_tax
2015-08-24,RISK,SELL,2329.978629418797,86.95873971245753,202612.00517121772,101.30600258560887,63963.06915570033,QQQ_MA_QQQ_weekly_MA175,after_tax
2015-10-19,RISK,BUY,1947.2762354454455,99.89012978888535,194513.6758934576,97.25683794672881,0.0,QQQ_MA_QQQ_weekly_MA175,after_tax
2016-01-11,RISK,SELL,1947.2762354454455,97.19807574797389,189271.50303505585,94.63575151752792,-5434.065447866014,QQQ_MA_QQQ_weekly_MA175,after_tax
2016-03-21,RISK,BUY,1895.6018664443195,99.74791092348406,189082.3261204781,94.54116306023906,0.0,QQQ_MA_QQQ_weekly_MA175,after_tax
2016-05-02,RISK,SELL,1895.6018664443195,98.64040285951161,186982.9317673098,93.49146588365491,-2287.4269821121707,QQQ_MA_QQQ_weekly_MA175,after_tax
2016-05-31,RISK,BUY,1820.0396494356994,102.63295216574093,186796.04228028603,93.39802114014302,0.0,QQQ_MA_QQQ_weekly_MA175,after_tax
2016-06-20,RISK,SELL,1820.0396494356994,100.52680638637572,182962.7734543497,91.48138672717485,-4018.1482338036585,QQQ_MA_QQQ_weekly_MA175,after_tax
2016-07-05,RISK,BUY,1821.940985283162,100.32152720257126,182779.90211656422,91.38995105828211,0.0,QQQ_MA_QQQ_weekly_MA175,after_tax
2018-10-29,RISK,SELL,1821.940985283162,161.0995867692778,293513.93984712823,146.75696992356413,110495.89080958217,QQQ_MA_QQQ_weekly_MA175,after_tax
2019-02-19,RISK,BUY,1669.1095220515037,163.66107970618407,273168.26652682194,136.58413326341096,0.0,QQQ_MA_QQQ_weekly_MA175,after_tax
2019-03-11,RISK,SELL,1669.1095220515037,164.10985707893892,273917.32511296833,136.95866255648417,475.5157903265208,QQQ_MA_QQQ_weekly_MA175,after_tax
2019-03-18,RISK,BUY,1607.0707753559468,170.2146514742382,273546.99192164623,136.7734959608231,0.0,QQQ_MA_QQQ_weekly_MA175,after_tax
2020-03-16,RISK,SELL,1607.0707753559468,167.64744420772877,269421.3081493575,134.71065407467876,-4397.16792232421,QQQ_MA_QQQ_weekly_MA175,after_tax
2020-04-13,RISK,BUY,1394.9853923511616,192.94253757804694,269152.02148454054,134.57601074227028,0.0,QQQ_MA_QQQ_weekly_MA175,after_tax
2022-01-24,RISK,SELL,1394.9853923511616,336.5033910595923,469417.3150047617,234.70865750238085,199896.00885197648,QQQ_MA_QQQ_weekly_MA175,after_tax
2023-01-30,RISK,BUY,1495.318453127828,287.0641967396339,429252.3906170919,214.62619530854596,0.0,QQQ_MA_QQQ_weekly_MA175,after_tax
2023-03-13,RISK,SELL,1495.318453127828,280.9883548940412,420167.0721870909,210.08353609354543,-9510.028161403083,QQQ_MA_QQQ_weekly_MA175,after_tax
2023-03-20,RISK,BUY,1405.580847173205,298.62893759374526,419747.11509345064,209.87355754672532,0.0,QQQ_MA_QQQ_weekly_MA175,after_tax
2025-03-10,RISK,SELL,1405.580847173205,479.8773847046623,674506.4609324413,337.25323046622066,254212.21905097773,QQQ_MA_QQQ_weekly_MA175,after_tax
2025-05-19,RISK,BUY,1220.9401016756153,511.2010686059385,624145.8846804177,312.07294234020884,0.0,QQQ_MA_QQQ_weekly_MA175,after_tax
2026-03-16,RISK,SELL,1220.9401016756153,598.6264723831473,730887.0660571948,365.4435330285974,106063.66490140837,QQQ_MA_QQQ_weekly_MA175,after_tax
2026-04-13,RISK,BUY,1163.9417834002068,608.8109292631304,708620.4787600652,354.3102393800326,0.0,QQQ_MA_QQQ_weekly_MA175,after_tax
2006-09-18,RISK,BUY,2911.9148703145047,34.324501037597656,99950.02498750626,49.97501249375313,0.0,QQQ_MA_QQQ_weekly_MA200,pre_tax
2006-09-25,RISK,SELL,2911.9148703145047,34.256049749809364,99750.70066470336,49.87535033235168,-299.17468562901195,QQQ_MA_QQQ_weekly_MA200,pre_tax
2006-10-02,RISK,BUY,2868.880761375212,34.73514868798367,99650.99981446378,49.825499907231894,0.0,QQQ_MA_QQQ_weekly_MA200,pre_tax
2008-01-07,RISK,SELL,2868.880761375212,41.58231318387644,119294.69830670195,59.64734915335097,19534.225643177575,QQQ_MA_QQQ_weekly_MA200,pre_tax
2008-05-05,RISK,BUY,2842.0484687255625,41.93294538688024,119175.46322593563,59.587731612967815,0.0,QQQ_MA_QQQ_weekly_MA200,pre_tax
2008-06-23,RISK,SELL,2842.0484687255625,40.96411140433683,116421.99008939885,58.21099504469943,-2871.2718631944444,QQQ_MA_QQQ_weekly_MA200,pre_tax
2008-08-11,RISK,BUY,2857.815855269985,40.697382956546676,116305.62628121355,58.15281314060678,0.0,QQQ_MA_QQQ_weekly_MA200,pre_tax
2008-09-02,RISK,SELL,2857.815855269985,40.32740239515547,115248.28996672807,57.62414498336404,-1173.113272609451,QQQ_MA_QQQ_weekly_MA200,pre_tax
2009-05-04,RISK,BUY,3843.929364535797,29.951928964754128,115133.09927210867,57.56654963605433,0.0,QQQ_MA_QQQ_weekly_MA200,pre_tax
2009-05-18,RISK,SELL,3843.929364535797,29.019169607206816,111547.63818758701,55.773819093793506,-3698.801453251508,QQQ_MA_QQQ_weekly_MA200,pre_tax
2009-05-26,RISK,BUY,3880.5093844450525,28.71688617531379,111436.14629534555,55.718073147672776,0.0,QQQ_MA_QQQ_weekly_MA200,pre_tax
2010-07-06,RISK,SELL,3880.5093844450525,37.552576671677166,145723.1261845356,72.8615630922678,34158.4002529501,QQQ_MA_QQQ_weekly_MA200,pre_tax
2010-07-26,RISK,BUY,3622.784004296618,40.183868458855635,145577.47588350158,72.7887379417508,0.0,QQQ_MA_QQQ_weekly_MA200,pre_tax
2010-08-16,RISK,SELL,3622.784004296618,38.77237015574949,140463.92240891684,70.23196120445843,-5256.574173730944,QQQ_MA_QQQ_weekly_MA200,pre_tax
2010-09-07,RISK,BUY,3514.9005805572433,39.922474467577736,140323.5286833707,70.16176434168536,0.0,QQQ_MA_QQQ_weekly_MA200,pre_tax
2011-06-20,RISK,SELL,3514.9005805572433,47.109926789276976,165586.70902163888,82.79335451081944,25110.225219415646,QQQ_MA_QQQ_weekly_MA200,pre_tax
2011-07-05,RISK,BUY,3249.1088740655705,50.912792238201064,165421.20506459576,82.71060253229788,0.0,QQQ_MA_QQQ_weekly_MA200,pre_tax
2011-08-08,RISK,SELL,3249.1088740655705,45.82765209979873,148899.03111504574,74.44951555752287,-16679.334067639837,QQQ_MA_QQQ_weekly_MA200,pre_tax
2011-09-19,RISK,BUY,3024.7892612495634,49.17704793582554,148750.2064962401,74.37510324812006,0.0,QQQ_MA_QQQ_weekly_MA200,pre_tax
2011-09-26,RISK,SELL,3024.7892612495634,47.883609866892414,144837.8289152398,72.4189144576199,-4059.171598706016,QQQ_MA_QQQ_weekly_MA200,pre_tax
2011-10-17,RISK,BUY,2839.6571501091626,50.95441309296278,144693.0634690477,72.34653173452385,0.0,QQQ_MA_QQQ_weekly_MA200,pre_tax
2011-11-21,RISK,SELL,2839.6571501091626,48.0859612208911,136547.64360077534,68.27382180038767,-8286.040221807256,QQQ_MA_QQQ_weekly_MA200,pre_tax
2011-12-05,RISK,BUY,2697.6177785021596,50.56726912313657,136411.16419687652,68.20558209843826,0.0,QQQ_MA_QQQ_weekly_MA200,pre_tax
2011-12-19,RISK,SELL,2697.6177785021596,48.59847528790157,131100.11094474114,65.55005547237057,-5444.808889706168,QQQ_MA_QQQ_weekly_MA200,pre_tax
2011-12-27,RISK,BUY,2648.324365850352,49.45356318127606,130969.07635109323,65.48453817554662,0.0,QQQ_MA_QQQ_weekly_MA200,pre_tax
2012-01-03,RISK,SELL,2648.324365850352,50.26616675225979,133121.11418790647,66.56055709395324,2019.9927415437123,QQQ_MA_QQQ_weekly_MA200,pre_tax
2012-01-09,RISK,BUY,2597.7487752559323,51.193579944199925,132988.059601012,66.494029800506,0.0,QQQ_MA_QQQ_weekly_MA200,pre_tax
2012-11-12,RISK,SELL,2597.7487752559323,56.73855022491667,147392.4993565745,73.69624967828724,14264.2494760837,QQQ_MA_QQQ_weekly_MA200,pre_tax
2012-12-03,RISK,BUY,2496.9193024959354,58.97074061202168,147245.1805166379,73.62259025831895,0.0,QQQ_MA_QQQ_weekly_MA200,pre_tax
2012-12-10,RISK,SELL,2496.9193024959354,57.58342120746645,143781.1559166768,71.8905779583384,-3609.5377681777463,QQQ_MA_QQQ_weekly_MA200,pre_tax
2012-12-24,RISK,BUY,2469.9271213011652,58.15452827601736,143637.44661541076,71.81872330770538,0.0,QQQ_MA_QQQ_weekly_MA200,pre_tax
2012-12-31,RISK,SELL,2469.9271213011652,56.97408864878012,140721.84676503888,70.36092338251945,-3057.779497062118,QQQ_MA_QQQ_weekly_MA200,pre_tax
2013-01-07,RISK,BUY,2365.359524204575,59.43333087654365,140581.19524403434,70.29059762201717,0.0,QQQ_MA_QQQ_weekly_MA200,pre_tax
2015-08-24,RISK,SELL,2365.359524204575,86.95873971245753,205688.683191688,102.844341595844,64934.353008435806,QQQ_MA_QQQ_weekly_MA200,pre_tax
2015-10-12,RISK,BUY,2081.1831462339965,98.73378884182935,205483.09730144145,102.74154865072073,0.0,QQQ_MA_QQQ_weekly_MA200,pre_tax
2016-01-11,RISK,SELL,2081.1831462339965,97.19807574797389,202286.9970930586,101.1434985465293,-3399.9852555801044,QQQ_MA_QQQ_weekly_MA200,pre_tax
2016-03-21,RISK,BUY,2025.9553239559623,99.74791092348406,202084.8111889176,101.0424055944588,0.0,QQQ_MA_QQQ_weekly_MA200,pre_tax
2016-05-02,RISK,SELL,2025.9553239559623,98.64040285951161,199841.0493303885,99.92052466519425,-2444.7247887887643,QQQ_MA_QQQ_weekly_MA200,pre_tax
2016-05-31,RISK,BUY,1945.1969756189876,102.63295216574093,199641.30815164748,99.82065407582374,0.0,QQQ_MA_QQQ_weekly_MA200,pre_tax
2016-06-20,RISK,SELL,1945.1969756189876,100.52680638637572,195544.4397514136,97.7722198757068,-4294.461274185422,QQQ_MA_QQQ_weekly_MA200,pre_tax
2016-07-05,RISK,BUY,1947.229059228412,100.32152720257126,195348.9930350204,97.67449651751019,0.0,QQQ_MA_QQQ_weekly_MA200,pre_tax
2018-10-29,RISK,SELL,1947.229059228412,161.0995867692778,313697.79678682674,156.84889839341338,118094.28035689544,QQQ_MA_QQQ_weekly_MA200,pre_tax
2019-02-19,RISK,BUY,1914.8367854053186,163.66107970618407,313384.2557605531,156.69212788027656,0.0,QQQ_MA_QQQ_weekly_MA200,pre_tax
2019-03-11,RISK,SELL,1914.8367854053186,164.10985707893892,314243.59118236165,157.1217955911808,545.5214983370388,QQQ_MA_QQQ_weekly_MA200,pre_tax
2019-03-18,RISK,BUY,1844.3154094873325,170.2146514742382,313929.5046344532,156.9647523172266,0.0,QQQ_MA_QQQ_weekly_MA200,pre_tax
2020-03-16,RISK,SELL,1844.3154094873325,167.64744420772877,309194.764713482,154.597382356741,-5046.30205564521,QQQ_MA_QQQ_weekly_MA200,pre_tax
2020-04-13,RISK,BUY,1600.9208147992965,192.94253757804694,308885.7244688908,154.4428622344454,0.0,QQQ_MA_QQQ_weekly_MA200,pre_tax
2022-01-24,RISK,SELL,1600.9208147992965,336.5033910595923,538715.2829978488,269.3576414989244,229405.75802522467,QQQ_MA_QQQ_weekly_MA200,pre_tax
2023-01-30,RISK,BUY,1874.761266121965,287.0641967396339,538176.836937881,269.08841846894046,0.0,QQQ_MA_QQQ_weekly_MA200,pre_tax
2023-03-13,RISK,SELL,1874.761266121965,280.9883548940412,526786.0839866807,263.3930419933404,-11923.23441166256,QQQ_MA_QQQ_weekly_MA200,pre_tax
2023-03-20,RISK,BUY,1762.252397254377,298.62893759374526,526259.5611641053,263.12978058205266,0.0,QQQ_MA_QQQ_weekly_MA200,pre_tax
2025-03-10,RISK,SELL,1762.252397254377,479.8773847046623,845665.071583952,422.83253579197606,318719.5481034727,QQQ_MA_QQQ_weekly_MA200,pre_tax
2025-05-19,RISK,BUY,1652.6174943989138,511.2010686059385,844819.8291335932,422.40991456679666,0.0,QQQ_MA_QQQ_weekly_MA200,pre_tax
2026-03-23,RISK,SELL,1652.6174943989138,589.8718065319924,974832.4669274621,487.4162334637311,129102.81164583843,QQQ_MA_QQQ_weekly_MA200,pre_tax
2026-04-13,RISK,BUY,1599.6068316511391,608.8109292631304,973858.1216331819,486.92906081659095,0.0,QQQ_MA_QQQ_weekly_MA200,pre_tax
2006-09-18,RISK,BUY,2911.9148703145047,34.324501037597656,99950.02498750626,49.97501249375313,0.0,QQQ_MA_QQQ_weekly_MA200,after_tax
2006-09-25,RISK,SELL,2911.9148703145047,34.256049749809364,99750.70066470336,49.87535033235168,-299.17468562901195,QQQ_MA_QQQ_weekly_MA200,after_tax
2006-10-02,RISK,BUY,2868.880761375212,34.73514868798367,99650.99981446378,49.825499907231894,0.0,QQQ_MA_QQQ_weekly_MA200,after_tax
2008-01-07,RISK,SELL,2868.880761375212,41.58231318387644,119294.69830670195,59.64734915335097,19534.225643177575,QQQ_MA_QQQ_weekly_MA200,after_tax
2008-05-05,RISK,BUY,2748.908152868835,41.93294538688024,115269.8154477987,57.63490772389935,0.0,QQQ_MA_QQQ_weekly_MA200,after_tax
2008-06-23,RISK,SELL,2748.908152868835,40.96411140433683,112606.57981440873,56.303289907204366,-2777.1738310210785,QQQ_MA_QQQ_weekly_MA200,after_tax
2008-08-11,RISK,BUY,2764.158806718814,40.697382956546676,112494.02950974666,56.247014754873334,0.0,QQQ_MA_QQQ_weekly_MA200,after_tax
2008-09-02,RISK,SELL,2764.158806718814,40.32740239515547,111471.34448266237,55.73567224133119,-1134.6677140804968,QQQ_MA_QQQ_weekly_MA200,after_tax
2009-05-04,RISK,BUY,3717.9551599845418,29.951928964754128,111359.92884599806,55.67996442299903,0.0,QQQ_MA_QQQ_weekly_MA200,after_tax
2009-05-18,RISK,SELL,3717.9551599845418,29.019169607206816,107891.97137958117,53.94598568979059,-3577.5834165296837,QQQ_MA_QQQ_weekly_MA200,after_tax
2009-05-26,RISK,BUY,3753.3363704273556,28.71688617531379,107784.13332722777,53.89206666361389,0.0,QQQ_MA_QQQ_weekly_MA200,after_tax
2010-07-06,RISK,SELL,3753.3363704273556,37.552576671677166,140947.45182506775,70.47372591253388,33038.95270526383,QQQ_MA_QQQ_weekly_MA200,after_tax
2010-07-26,RISK,BUY,3374.9558553782144,40.183868458855635,135618.78214696277,67.80939107348138,0.0,QQQ_MA_QQQ_weekly_MA200,after_tax
2010-08-16,RISK,SELL,3374.9558553782144,38.77237015574949,130855.03768403828,65.42751884201914,-4896.981372839975,QQQ_MA_QQQ_weekly_MA200,after_tax
2010-09-07,RISK,BUY,3274.452542948981,39.922474467577736,130724.24804117568,65.36212402058784,0.0,QQQ_MA_QQQ_weekly_MA200,after_tax
2011-06-20,RISK,SELL,3274.452542948981,47.109926789276976,154259.2195732883,77.12960978664415,23392.479798305416,QQQ_MA_QQQ_weekly_MA200,after_tax
2011-07-05,RISK,BUY,2953.0801213494838,50.912792238201064,150349.55468102786,75.17477734051393,0.0,QQQ_MA_QQQ_weekly_MA200,after_tax
2011-08-08,RISK,SELL,2953.0801213494838,45.82765209979873,135332.72842403557,67.66636421201778,-15159.667398544843,QQQ_MA_QQQ_weekly_MA200,after_tax
2011-09-19,RISK,BUY,2749.1984371365234,49.17704793582554,135197.46332815947,67.59873166407974,0.0,QQQ_MA_QQQ_weekly_MA200,after_tax
2011-09-26,RISK,SELL,2749.1984371365234,47.883609866892414,131641.54541051562,65.82077270525781,-3689.3374220131664,QQQ_MA_QQQ_weekly_MA200,after_tax
2011-10-17,RISK,BUY,2580.93385185407,50.95441309296278,131509.96965298388,65.75498482649195,0.0,QQQ_MA_QQQ_weekly_MA200,after_tax
2011-11-21,RISK,SELL,2580.93385185407,48.0859612208911,124106.6851139399,62.053342556969945,-7531.092866427454,QQQ_MA_QQQ_weekly_MA200,after_tax
2011-12-05,RISK,BUY,2451.8357942021094,50.56726912313657,123982.64045115735,61.991320225578676,0.0,QQQ_MA_QQQ_weekly_MA200,after_tax
2011-12-19,RISK,SELL,2451.8357942021094,48.59847528790157,119155.48125452374,59.57774062726187,-4948.728257486466,QQQ_MA_QQQ_weekly_MA200,after_tax
2011-12-27,RISK,BUY,2407.033541443683,49.45356318127606,119036.38532123585,59.51819266061793,0.0,QQQ_MA_QQQ_weekly_MA200,after_tax
2012-01-03,RISK,SELL,2407.033541443683,50.26616675225979,120992.34937249061,60.49617468624531,1835.9496839079075,QQQ_MA_QQQ_weekly_MA200,after_tax
2012-01-09,RISK,BUY,2361.065930939143,51.193579944199925,120871.41748905985,60.435708744529926,0.0,QQQ_MA_QQQ_weekly_MA200,after_tax
2012-11-12,RISK,SELL,2361.065930939143,56.73855022491667,133963.4579069302,66.98172895346511,12964.622980172368,QQQ_MA_QQQ_weekly_MA200,after_tax
2012-12-03,RISK,BUY,2269.423107262042,58.97074061202168,133829.56139727813,66.91478069863906,0.0,QQQ_MA_QQQ_weekly_MA200,after_tax
2012-12-10,RISK,SELL,2269.423107262042,57.58342120746645,130681.14668342748,65.34057334171374,-3280.6700678909983,QQQ_MA_QQQ_weekly_MA200,after_tax
2012-12-24,RISK,BUY,2244.890203992968,58.15452827601736,130550.53084466343,65.27526542233171,0.0,QQQ_MA_QQQ_weekly_MA200,after_tax
2012-12-31,RISK,SELL,2244.890203992968,56.97408864878012,127900.57348907345,63.950286744536726,-2779.1829077568545,QQQ_MA_QQQ_weekly_MA200,after_tax
2013-01-07,RISK,BUY,2149.8498392985002,59.43333087654365,127772.73683391196,63.88636841695598,0.0,QQQ_MA_QQQ_weekly_MA200,after_tax
2015-08-24,RISK,SELL,2149.8498392985002,86.95873971245753,186948.23259642694,93.47411629821347,59018.135277799796,QQQ_MA_QQQ_weekly_MA200,after_tax
2015-10-12,RISK,BUY,1816.6457302042259,98.73378884182935,179364.31592639492,89.68215796319747,0.0,QQQ_MA_QQQ_weekly_MA200,after_tax
2016-01-11,RISK,SELL,1816.6457302042259,97.19807574797389,176574.46929162368,88.28723464581184,-2967.816027380235,QQQ_MA_QQQ_weekly_MA200,after_tax
2016-03-21,RISK,BUY,1768.4378693480496,99.74791092348406,176397.98306544518,88.19899153272259,0.0,QQQ_MA_QQQ_weekly_MA200,after_tax
2016-05-02,RISK,SELL,1768.4378693480496,98.64040285951161,174439.42386450796,87.21971193225399,-2133.9779044022143,QQQ_MA_QQQ_weekly_MA200,after_tax
2016-05-31,RISK,BUY,1697.9446458418968,102.63295216574093,174265.07161676732,87.13253580838366,0.0,QQQ_MA_QQQ_weekly_MA200,after_tax
2016-06-20,RISK,SELL,1697.9446458418968,100.52680638637572,170688.95266733164,85.34447633366582,-3748.5959615777247,QQQ_MA_QQQ_weekly_MA200,after_tax
2016-07-05,RISK,BUY,1699.71843303557,100.32152720257126,170518.34901648972,85.25917450824487,0.0,QQQ_MA_QQQ_weekly_MA200,after_tax
2018-10-29,RISK,SELL,1699.71843303557,161.0995867692778,273823.9371861547,136.91196859307735,103083.41702656366,QQQ_MA_QQQ_weekly_MA200,after_tax
2019-02-19,RISK,BUY,1554.5319511725957,163.66107970618407,254416.37756666803,127.20818878333402,0.0,QQQ_MA_QQQ_weekly_MA200,after_tax
2019-03-11,RISK,SELL,1554.5319511725957,164.10985707893892,255114.01633157872,127.55700816578937,442.8735679615638,QQQ_MA_QQQ_weekly_MA200,after_tax
2019-03-18,RISK,BUY,1496.75191177146,170.2146514742382,254769.10500557878,127.38455250278939,0.0,QQQ_MA_QQQ_weekly_MA200,after_tax
2020-03-16,RISK,SELL,1496.75191177146,167.64744420772877,250926.63262151723,125.46331631075861,-4095.320252875099,QQQ_MA_QQQ_weekly_MA200,after_tax
2020-04-13,RISK,BUY,1299.22532654631,192.94253757804694,250675.83138951173,125.33791569475586,0.0,QQQ_MA_QQQ_weekly_MA200,after_tax
2022-01-24,RISK,SELL,1299.22532654631,336.5033910595923,437193.72813333943,218.59686406666972,186173.96196406626,QQQ_MA_QQQ_weekly_MA200,after_tax
2023-01-30,RISK,BUY,1392.6709313287727,287.0641967396339,399785.96222453204,199.89298111226603,0.0,QQQ_MA_QQQ_weekly_MA200,after_tax
2023-03-13,RISK,SELL,1392.6709313287727,280.9883548940412,391324.31390282407,195.66215695141204,-8857.2034597717,QQQ_MA_QQQ_weekly_MA200,after_tax
2023-03-20,RISK,BUY,1309.093446547104,298.62893759374526,390933.185153296,195.466592576648,0.0,QQQ_MA_QQQ_weekly_MA200,after_tax
2025-03-10,RISK,SELL,1309.093446547104,479.8773847046623,628204.3394630369,314.1021697315184,236761.5855474327,QQQ_MA_QQQ_weekly_MA200,after_tax
2025-05-19,RISK,BUY,1137.127536238509,511.2010686059385,581300.8116663639,290.65040583318194,0.0,QQQ_MA_QQQ_weekly_MA200,after_tax
2026-03-23,RISK,SELL,1137.127536238509,589.8718065319924,670759.474058283,335.3797370291415,88832.63224905694,QQQ_MA_QQQ_weekly_MA200,after_tax
2026-04-13,RISK,BUY,1071.0249896621494,608.8109292631304,652051.7192202479,326.025859610124,0.0,QQQ_MA_QQQ_weekly_MA200,after_tax
2006-09-18,RISK,BUY,2911.9148703145047,34.324501037597656,99950.02498750626,49.97501249375313,0.0,QQQ_MA_QQQ_weekly_MA225,pre_tax
2006-09-25,RISK,SELL,2911.9148703145047,34.256049749809364,99750.70066470336,49.87535033235168,-299.17468562901195,QQQ_MA_QQQ_weekly_MA225,pre_tax
2006-10-02,RISK,BUY,2868.880761375212,34.73514868798367,99650.99981446378,49.825499907231894,0.0,QQQ_MA_QQQ_weekly_MA225,pre_tax
2008-01-14,RISK,SELL,2868.880761375212,40.97232695696006,117544.7205555977,58.77236027779885,17785.122880948882,QQQ_MA_QQQ_weekly_MA225,pre_tax
2008-05-05,RISK,BUY,2800.35741574144,41.93294538688024,117427.2345780309,58.71361728901545,0.0,QQQ_MA_QQQ_weekly_MA225,pre_tax
2008-06-23,RISK,SELL,2800.35741574144,40.96411140433683,114714.15315039315,57.35707657519657,-2829.1521215019748,QQQ_MA_QQQ_weekly_MA225,pre_tax
2008-08-18,RISK,BUY,2757.5934224302514,41.55779289053397,114599.49632565513,57.29974816282756,0.0,QQQ_MA_QQQ_weekly_MA225,pre_tax
2008-08-25,RISK,SELL,2757.5934224302514,40.5769424312217,111894.70955066795,55.94735477533398,-2818.033877925336,QQQ_MA_QQQ_weekly_MA225,pre_tax
2009-06-01,RISK,BUY,3619.362995024239,30.884680788908753,111782.87076051236,55.89143538025618,0.0,QQQ_MA_QQQ_weekly_MA225,pre_tax
2010-07-06,RISK,SELL,3619.362995024239,37.552576671677166,135916.40637327882,67.95820318663941,24009.685974199572,QQQ_MA_QQQ_weekly_MA225,pre_tax
2010-07-12,RISK,BUY,3495.708841824244,38.842067241586754,135780.55789114663,67.89027894557331,0.0,QQQ_MA_QQQ_weekly_MA225,pre_tax
2010-07-19,RISK,SELL,3495.708841824244,38.746243187669194,135445.58489860757,67.72279244930378,-470.586063933908,QQQ_MA_QQQ_weekly_MA225,pre_tax
2010-07-26,RISK,BUY,3367.2767752861187,40.183868458855635,135310.20700265697,67.65510350132848,0.0,QQQ_MA_QQQ_weekly_MA225,pre_tax
2010-08-16,RISK,SELL,3367.2767752861187,38.77237015574949,130557.3015482519,65.27865077412595,-4885.83920868054,QQQ_MA_QQQ_weekly_MA225,pre_tax
2010-09-07,RISK,BUY,3267.002139325182,39.922474467577736,130426.80949273141,65.21340474636571,0.0,QQQ_MA_QQQ_weekly_MA225,pre_tax
2011-08-08,RISK,SELL,3267.002139325182,45.82765209979873,149719.0374502926,74.8595187251463,19152.15503408971,QQQ_MA_QQQ_weekly_MA225,pre_tax
2011-09-19,RISK,BUY,3041.4471692187226,49.17704793582554,149569.39323495002,74.78469661747502,0.0,QQQ_MA_QQQ_weekly_MA225,pre_tax
2011-09-26,RISK,SELL,3041.4471692187226,47.883609866892414,145635.46968163364,72.81773484081683,-4081.525984774693,QQQ_MA_QQQ_weekly_MA225,pre_tax
2011-10-17,RISK,BUY,2855.2955114576625,50.95441309296278,145489.90699329617,72.7449534966481,0.0,QQQ_MA_QQQ_weekly_MA225,pre_tax
2011-11-21,RISK,SELL,2855.2955114576625,48.0859612208911,137299.62923813757,68.64981461906879,-8331.67252327432,QQQ_MA_QQQ_weekly_MA225,pre_tax
2011-12-05,RISK,BUY,2712.4739105527246,50.56726912313657,137162.3982244063,68.58119911220315,0.0,QQQ_MA_QQQ_weekly_MA225,pre_tax
2011-12-19,RISK,SELL,2712.4739105527246,48.59847528790157,131822.09631107433,65.91104815553717,-5474.794160599704,QQQ_MA_QQQ_weekly_MA225,pre_tax
2011-12-27,RISK,BUY,2662.9090326646574,49.45356318127606,131690.34009287236,65.84517004643618,0.0,QQQ_MA_QQQ_weekly_MA225,pre_tax
2012-01-03,RISK,SELL,2662.9090326646574,50.26616675225979,133854.22948202048,66.92711474101024,2031.1171043606882,QQQ_MA_QQQ_weekly_MA225,pre_tax
2012-01-09,RISK,BUY,2612.0549157132446,51.193579944199925,133720.4421462064,66.86022107310319,0.0,QQQ_MA_QQQ_weekly_MA225,pre_tax
2012-11-12,RISK,SELL,2612.0549157132446,56.73855022491667,148204.2090254364,74.1021045127182,14342.804553644208,QQQ_MA_QQQ_weekly_MA225,pre_tax
2012-11-26,RISK,BUY,2571.55653988445,57.574498785134885,148056.07888148294,74.02803944074147,0.0,QQQ_MA_QQQ_weekly_MA225,pre_tax
2012-12-17,RISK,SELL,2571.55653988445,57.583399186081564,148078.96676574496,74.03948338287248,-125.17963856158894,QQQ_MA_QQQ_weekly_MA225,pre_tax
2012-12-24,RISK,BUY,2543.756542901361,58.15452827601736,147930.96180146138,73.9654809007307,0.0,QQQ_MA_QQQ_weekly_MA225,pre_tax
2012-12-31,RISK,SELL,2543.756542901361,56.97408864878012,144928.2107761766,72.4641053880883,-3149.1806115735963,QQQ_MA_QQQ_weekly_MA225,pre_tax
2013-01-07,RISK,BUY,2436.0632806200842,59.43333087654365,144783.35499329187,72.39167749664594,0.0,QQQ_MA_QQQ_weekly_MA225,pre_tax
2015-08-24,RISK,SELL,2436.0632806200842,86.95873971245753,211836.9927425173,105.91849637125866,66875.32757535754,QQQ_MA_QQQ_weekly_MA225,pre_tax
2015-08-31,RISK,BUY,2183.3841542263067,96.92534463333087,211625.2616153384,105.8126308076692,0.0,QQQ_MA_QQQ_weekly_MA225,pre_tax
2015-09-08,RISK,SELL,2183.3841542263067,96.08559421836995,209791.76386580776,104.89588193290389,-2044.206262271182,QQQ_MA_QQQ_weekly_MA225,pre_tax
2015-10-12,RISK,BUY,2122.6986161865093,98.73378884182935,209582.07694540216,104.79103847270109,0.0,QQQ_MA_QQQ_weekly_MA225,pre_tax
2016-01-11,RISK,SELL,2122.6986161865093,97.19807574797389,206322.22088621568,103.16111044310784,-3467.808208102302,QQQ_MA_QQQ_weekly_MA225,pre_tax
2016-03-21,RISK,BUY,2066.369108552011,99.74791092348406,206116.00177488514,103.05800088744257,0.0,QQQ_MA_QQQ_weekly_MA225,pre_tax
2016-05-02,RISK,SELL,2066.369108552011,98.64040285951161,203827.48132402022,101.91374066201011,-2493.4921924143855,QQQ_MA_QQQ_weekly_MA225,pre_tax
2016-05-31,RISK,BUY,1983.9997915744982,102.63295216574093,203623.75570550546,101.81187785275273,0.0,QQQ_MA_QQQ_weekly_MA225,pre_tax
2016-06-20,RISK,SELL,1983.9997915744982,100.52680638637572,199445.16291821937,99.72258145910969,-4380.127246597956,QQQ_MA_QQQ_weekly_MA225,pre_tax
2016-07-05,RISK,BUY,1986.072411215641,100.32152720257126,199245.81742804623,99.62290871402311,0.0,QQQ_MA_QQQ_weekly_MA225,pre_tax
2018-10-29,RISK,SELL,1986.072411215641,161.0995867692778,319955.444740703,159.9777223703515,120450.02668157237,QQQ_MA_QQQ_weekly_MA225,pre_tax
2018-11-12,RISK,BUY,1971.1562142983864,162.15642721523568,319635.6491937358,159.8178245968679,0.0,QQQ_MA_QQQ_weekly_MA225,pre_tax
2018-11-19,RISK,SELL,1971.1562142983864,158.7099596546471,312842.1232443038,156.4210616221519,-7109.764835651033,QQQ_MA_QQQ_weekly_MA225,pre_tax
2019-02-19,RISK,BUY,1909.6136847259263,163.66107970618407,312529.43746394967,156.26471873197482,0.0,QQQ_MA_QQQ_weekly_MA225,pre_tax
2019-06-03,RISK,SELL,1909.6136847259263,165.938934438959,316879.2600334744,158.43963001673723,4035.1182207760285,QQQ_MA_QQQ_weekly_MA225,pre_tax
2019-06-10,RISK,BUY,1815.904387592259,174.32775717538019,316562.53913389076,158.28126956694538,0.0,QQQ_MA_QQQ_weekly_MA225,pre_tax
2020-03-16,RISK,SELL,1815.904387592259,167.64744420772877,304431.7295054431,152.21586475272153,-12441.306762767374,QQQ_MA_QQQ_weekly_MA225,pre_tax
2020-04-13,RISK,BUY,1576.259199932572,192.94253757804694,304127.4499157325,152.06372495786624,0.0,QQQ_MA_QQQ_weekly_MA225,pre_tax
2022-01-24,RISK,SELL,1576.259199932572,336.5033910595923,530416.5659661903,265.20828298309516,225871.8440425169,QQQ_MA_QQQ_weekly_MA225,pre_tax
2023-02-06,RISK,BUY,1781.5358734576355,297.43235731063703,529886.4144759693,264.94320723798467,0.0,QQQ_MA_QQQ_weekly_MA225,pre_tax
2023-02-27,RISK,SELL,1781.5358734576355,289.1613626370489,515151.340755795,257.5756703778975,-15257.59259779012,QQQ_MA_QQQ_weekly_MA225,pre_tax
2023-03-06,RISK,BUY,1745.0400683679493,294.9138281640149,514636.4468619862,257.3182234309931,0.0,QQQ_MA_QQQ_weekly_MA225,pre_tax
2023-03-13,RISK,SELL,1745.0400683679493,280.9883548940412,490335.9380348953,245.16796901744766,-24802.995019539376,QQQ_MA_QQQ_weekly_MA225,pre_tax
2023-03-20,RISK,BUY,1640.3160761623606,298.62893759374526,489845.8471423067,244.92292357115335,0.0,QQQ_MA_QQQ_weekly_MA225,pre_tax
2025-03-17,RISK,SELL,1640.3160761623606,476.06574086012523,780898.2880430078,390.4491440215039,290417.06883310847,QQQ_MA_QQQ_weekly_MA225,pre_tax
2025-05-19,RISK,BUY,1526.04880528984,511.2010686059385,780117.7800089819,390.058890004491,0.0,QQQ_MA_QQQ_weekly_MA225,pre_tax
2026-03-23,RISK,SELL,1526.04880528984,589.8718065319924,900173.1656323067,450.08658281615334,119215.24015050405,QQQ_MA_QQQ_weekly_MA225,pre_tax
2026-04-13,RISK,BUY,1477.0980596829215,608.8109292631304,899273.4423283264,449.6367211641632,0.0,QQQ_MA_QQQ_weekly_MA225,pre_tax
2006-09-18,RISK,BUY,2911.9148703145047,34.324501037597656,99950.02498750626,49.97501249375313,0.0,QQQ_MA_QQQ_weekly_MA225,after_tax
2006-09-25,RISK,SELL,2911.9148703145047,34.256049749809364,99750.70066470336,49.87535033235168,-299.17468562901195,QQQ_MA_QQQ_weekly_MA225,after_tax
2006-10-02,RISK,BUY,2868.880761375212,34.73514868798367,99650.99981446378,49.825499907231894,0.0,QQQ_MA_QQQ_weekly_MA225,after_tax
2008-01-14,RISK,SELL,2868.880761375212,40.97232695696006,117544.7205555977,58.77236027779885,17785.122880948882,QQQ_MA_QQQ_weekly_MA225,after_tax
2008-05-05,RISK,BUY,2715.686637298437,41.93294538688024,113876.73944971581,56.93836972485791,0.0,QQQ_MA_QQQ_weekly_MA225,after_tax
2008-06-23,RISK,SELL,2715.686637298437,40.96411140433683,111245.68994956205,55.622844974781025,-2743.610714853421,QQQ_MA_QQQ_weekly_MA225,after_tax
2008-08-18,RISK,BUY,2674.2156434389026,41.55779289053397,111134.49985465994,55.56724992732997,0.0,QQQ_MA_QQQ_weekly_MA225,after_tax
2008-08-25,RISK,SELL,2674.2156434389026,40.5769424312217,108511.49421249285,54.255747106246424,-2732.8286392006703,QQQ_MA_QQQ_weekly_MA225,after_tax
2009-06-01,RISK,BUY,3509.9290061577276,30.884680788908753,108403.03694691315,54.20151847345658,0.0,QQQ_MA_QQQ_weekly_MA225,after_tax
2010-07-06,RISK,SELL,3509.9290061577276,37.552576671677166,131806.8781158817,65.90343905794086,23283.73621143715,QQQ_MA_QQQ_weekly_MA225,after_tax
2010-07-12,RISK,BUY,3296.925259601683,38.842067241586754,128059.39262393444,64.02969631196723,0.0,QQQ_MA_QQQ_weekly_MA225,after_tax
2010-07-19,RISK,SELL,3296.925259601683,38.746243187669194,127743.4678800962,63.8717339400481,-443.82617409026716,QQQ_MA_QQQ_weekly_MA225,after_tax
2010-07-26,RISK,BUY,3175.79648616201,40.183868458855635,127615.78825203015,63.80789412601508,0.0,QQQ_MA_QQQ_weekly_MA225,after_tax
2010-08-16,RISK,SELL,3175.79648616201,38.77237015574949,123133.15690080202,61.56657845040101,-4608.00582380456,QQQ_MA_QQQ_weekly_MA225,after_tax
2010-09-07,RISK,BUY,3081.223970212869,39.922474467577736,123010.08527971177,61.50504263985589,0.0,QQQ_MA_QQQ_weekly_MA225,after_tax
2011-08-08,RISK,SELL,3081.223970212869,45.82765209979873,141205.26014847597,70.60263007423798,18063.06719605009,QQQ_MA_QQQ_weekly_MA225,after_tax
2011-09-19,RISK,BUY,2814.772740355268,49.17704793582554,138422.21398090603,69.21110699045302,0.0,QQQ_MA_QQQ_weekly_MA225,after_tax
2011-09-26,RISK,SELL,2814.772740355268,47.883609866892414,134781.4797631353,67.39073988156765,-3777.336064642761,QQQ_MA_QQQ_weekly_MA225,after_tax
2011-10-17,RISK,BUY,2642.494682350278,50.95441309296278,134646.76564043353,67.32338282021676,0.0,QQQ_MA_QQQ_weekly_MA225,after_tax
2011-11-21,RISK,SELL,2642.494682350278,48.0859612208911,127066.8968219064,63.5334484109532,-7710.725649758286,QQQ_MA_QQQ_weekly_MA225,after_tax
2011-12-05,RISK,BUY,2510.317358006227,50.56726912313657,126939.89342678206,63.46994671339103,0.0,QQQ_MA_QQQ_weekly_MA225,after_tax
2011-12-19,RISK,SELL,2510.317358006227,48.59847528790157,121997.59608785599,60.99879804392799,-5066.766083683397,QQQ_MA_QQQ_weekly_MA225,after_tax
2011-12-27,RISK,BUY,2464.446475036326,49.45356318127606,121875.65946008202,60.93782973004102,0.0,QQQ_MA_QQQ_weekly_MA225,after_tax
2012-01-03,RISK,SELL,2464.446475036326,50.26616675225979,123878.2774661948,61.9391387330974,1879.741037649641,QQQ_MA_QQQ_weekly_MA225,after_tax
2012-01-09,RISK,BUY,2417.382438028428,51.193579944199925,123754.46109691326,61.87723054845663,0.0,QQQ_MA_QQQ_weekly_MA225,after_tax
2012-11-12,RISK,SELL,2417.382438028428,56.73855022491667,137158.7748729075,68.57938743645374,13273.857158009327,QQQ_MA_QQQ_weekly_MA225,after_tax
2012-11-26,RISK,BUY,2379.9023445172747,57.574498785134885,137021.6846431495,68.51084232157474,0.0,QQQ_MA_QQQ_weekly_MA225,after_tax
2012-12-17,RISK,SELL,2379.9023445172747,57.583399186081564,137042.86672822965,68.52143336411483,-115.85019060553168,QQQ_MA_QQQ_weekly_MA225,after_tax
2012-12-24,RISK,BUY,2354.1742390016175,58.15452827601736,136905.8923486912,68.45294617434561,0.0,QQQ_MA_QQQ_weekly_MA225,after_tax
2012-12-31,RISK,SELL,2354.1742390016175,56.97408864878012,134126.93178755263,67.06346589377631,-2914.476973206678,QQQ_MA_QQQ_weekly_MA225,after_tax
2013-01-07,RISK,BUY,2254.5071916640386,59.43333087654365,133992.871885716,66.99643594285801,0.0,QQQ_MA_QQQ_weekly_MA225,after_tax
2015-08-24,RISK,SELL,2254.5071916640386,86.95873971245753,196049.10405977673,98.02455202988837,61891.21118608798,QQQ_MA_QQQ_weekly_MA225,after_tax
2015-08-31,RISK,BUY,1900.2878801235056,96.92534463333087,184186.0576835125,92.09302884175625,0.0,QQQ_MA_QQQ_weekly_MA225,after_tax
2015-09-08,RISK,SELL,1900.2878801235056,96.08559421836995,182590.29014763358,91.2951450738168,-1779.1557097944897,QQQ_MA_QQQ_weekly_MA225,after_tax
2015-10-12,RISK,BUY,1847.4707923872134,98.73378884182935,182407.79110700628,91.20389555350314,0.0,QQQ_MA_QQQ_weekly_MA225,after_tax
2016-01-11,RISK,SELL,1847.4707923872134,97.19807574797389,179570.6060206217,89.78530301031086,-3018.1742849484144,QQQ_MA_QQQ_weekly_MA225,after_tax
2016-03-21,RISK,BUY,1798.4449347780685,99.74791092348406,179391.12515503386,89.69556257751694,0.0,QQQ_MA_QQQ_weekly_MA225,after_tax
2016-05-02,RISK,SELL,1798.4449347780685,98.64040285951161,177399.33288715675,88.69966644357838,-2170.187496898201,QQQ_MA_QQQ_weekly_MA225,after_tax
2016-05-31,RISK,BUY,1726.7555738181857,102.63295216574093,177222.02220960837,88.61101110480419,0.0,QQQ_MA_QQQ_weekly_MA225,after_tax
2016-06-20,RISK,SELL,1726.7555738181857,100.52680638637572,173585.22324581587,86.79261162290794,-3812.2025865202304,QQQ_MA_QQQ_weekly_MA225,after_tax
2016-07-05,RISK,BUY,1728.5594588452645,100.32152720257126,173411.72477180706,86.70586238590353,0.0,QQQ_MA_QQQ_weekly_MA225,after_tax
2018-10-29,RISK,SELL,1728.5594588452645,161.0995867692778,278470.21452609857,139.2351072630493,104832.5487846426,QQQ_MA_QQQ_weekly_MA225,after_tax
2018-11-12,RISK,BUY,1597.8065403675016,162.15642721523568,259094.5999671303,129.54729998356515,0.0,QQQ_MA_QQQ_weekly_MA225,after_tax
2018-11-19,RISK,SELL,1597.8065403675016,158.7099596546471,253587.81155765743,126.79390577882872,-5763.12961523523,QQQ_MA_QQQ_weekly_MA225,after_tax
2019-02-19,RISK,BUY,1547.9205620019372,163.66107970618407,253334.3504766403,126.66717523832016,0.0,QQQ_MA_QQQ_weekly_MA225,after_tax
2019-06-03,RISK,SELL,1547.9205620019372,165.938934438959,256860.28865475603,128.43014432737803,3270.840858550073,QQQ_MA_QQQ_weekly_MA225,after_tax
2019-06-10,RISK,BUY,1471.9604088860615,174.32775717538019,256603.55673206266,128.30177836603133,0.0,QQQ_MA_QQQ_weekly_MA225,after_tax
2020-03-16,RISK,SELL,1471.9604088860615,167.64744420772877,246770.40052471161,123.38520026235581,-10084.843185979436,QQQ_MA_QQQ_weekly_MA225,after_tax
2020-04-13,RISK,BUY,1277.7055621962286,192.94253757804694,246523.7534477254,123.26187672386271,0.0,QQQ_MA_QQQ_weekly_MA225,after_tax
2022-01-24,RISK,SELL,1277.7055621962286,336.5033910595923,429952.2544547337,214.97612722736685,183090.26300305704,QQQ_MA_QQQ_weekly_MA225,after_tax
2023-02-06,RISK,BUY,1327.6971250888514,297.43235731063703,394900.0857097328,197.45004285486638,0.0,QQQ_MA_QQQ_weekly_MA225,after_tax
2023-02-27,RISK,SELL,1327.6971250888514,289.1613626370489,383918.70985998464,191.95935492999232,-11370.785247533,QQQ_MA_QQQ_weekly_MA225,after_tax
2023-03-06,RISK,BUY,1300.4984723885066,294.9138281640149,383534.9830135479,191.76749150677395,0.0,QQQ_MA_QQQ_weekly_MA225,after_tax
2023-03-13,RISK,SELL,1300.4984723885066,280.9883548940412,365424.9262986601,182.71246314933006,-18484.536669543886,QQQ_MA_QQQ_weekly_MA225,after_tax
2023-03-20,RISK,BUY,1222.4524754199847,298.62893759374526,365059.68399351405,182.52984199675703,0.0,QQQ_MA_QQQ_weekly_MA225,after_tax
2025-03-17,RISK,SELL,1222.4524754199847,476.06574086012523,581967.743377109,290.98387168855453,216434.54566990968,QQQ_MA_QQQ_weekly_MA225,after_tax
2025-05-19,RISK,BUY,1063.185256952686,511.2010686059385,543501.4394802923,271.7507197401461,0.0,QQQ_MA_QQQ_weekly_MA225,after_tax
2026-03-23,RISK,SELL,1063.185256952686,589.8718065319924,627143.0081968614,313.5715040984307,83056.24649273045,QQQ_MA_QQQ_weekly_MA225,after_tax
2026-04-13,RISK,BUY,1001.3810610930994,608.8109292631304,609651.7343505895,304.8258671752947,0.0,QQQ_MA_QQQ_weekly_MA225,after_tax
2006-09-18,RISK,BUY,2911.9148703145047,34.324501037597656,99950.02498750626,49.97501249375313,0.0,QQQ_MA_QQQ_weekly_MA250,pre_tax
2006-09-25,RISK,SELL,2911.9148703145047,34.256049749809364,99750.70066470336,49.87535033235168,-299.17468562901195,QQQ_MA_QQQ_weekly_MA250,pre_tax
2006-10-02,RISK,BUY,2868.880761375212,34.73514868798367,99650.99981446378,49.825499907231894,0.0,QQQ_MA_QQQ_weekly_MA250,pre_tax
2008-01-14,RISK,SELL,2868.880761375212,40.97232695696006,117544.7205555977,58.77236027779885,17785.122880948882,QQQ_MA_QQQ_weekly_MA250,pre_tax
2008-05-05,RISK,BUY,2800.35741574144,41.93294538688024,117427.2345780309,58.71361728901545,0.0,QQQ_MA_QQQ_weekly_MA250,pre_tax
2008-06-23,RISK,SELL,2800.35741574144,40.96411140433683,114714.15315039315,57.35707657519657,-2829.1521215019748,QQQ_MA_QQQ_weekly_MA250,pre_tax
2008-08-18,RISK,BUY,2757.5934224302514,41.55779289053397,114599.49632565513,57.29974816282756,0.0,QQQ_MA_QQQ_weekly_MA250,pre_tax
2008-08-25,RISK,SELL,2757.5934224302514,40.5769424312217,111894.70955066795,55.94735477533398,-2818.033877925336,QQQ_MA_QQQ_weekly_MA250,pre_tax
2009-06-08,RISK,BUY,3541.1312734929734,31.56699430977313,111782.87076051236,55.89143538025618,0.0,QQQ_MA_QQQ_weekly_MA250,pre_tax
2010-07-06,RISK,SELL,3541.1312734929734,37.552576671677166,132978.60365231868,66.48930182615933,21073.352154599896,QQQ_MA_QQQ_weekly_MA250,pre_tax
2010-07-12,RISK,BUY,3420.1498771545102,38.842067241586754,132845.69150474016,66.42284575237008,0.0,QQQ_MA_QQQ_weekly_MA250,pre_tax
2010-08-30,RISK,SELL,3420.1498771545102,38.2147438335483,130700.15142780129,65.35007571390065,-2277.3129984051193,QQQ_MA_QQQ_weekly_MA250,pre_tax
2010-09-07,RISK,BUY,3270.5767449317304,39.922474467577736,130569.51659379051,65.28475829689526,0.0,QQQ_MA_QQQ_weekly_MA250,pre_tax
2011-08-08,RISK,SELL,3270.5767449317304,45.82765209979873,149882.8532324235,74.94142661621176,19173.1104537199,QQQ_MA_QQQ_weekly_MA250,pre_tax
2011-09-19,RISK,BUY,3044.7749828042242,49.17704793582554,149733.04528316573,74.86652264158286,0.0,QQQ_MA_QQQ_weekly_MA250,pre_tax
2011-09-26,RISK,SELL,3044.7749828042242,47.883609866892414,145794.81740907152,72.89740870453576,-4085.991805440339,QQQ_MA_QQQ_weekly_MA250,pre_tax
2011-10-17,RISK,BUY,2858.4196463398375,50.95441309296278,145649.09545264067,72.82454772632033,0.0,QQQ_MA_QQQ_weekly_MA250,pre_tax
2011-11-21,RISK,SELL,2858.4196463398375,48.0859612208911,137449.85626693067,68.72492813346534,-8340.788661569764,QQQ_MA_QQQ_weekly_MA250,pre_tax
2011-12-05,RISK,BUY,2715.4417765150897,50.56726912313657,137312.47510124661,68.6562375506233,0.0,QQQ_MA_QQQ_weekly_MA250,pre_tax
2011-12-19,RISK,SELL,2715.4417765150897,48.59847528790157,131966.33007170414,65.98316503585207,-5480.784432128945,QQQ_MA_QQQ_weekly_MA250,pre_tax
2011-12-27,RISK,BUY,2665.8226669850374,49.45356318127606,131834.42969182238,65.91721484591119,0.0,QQQ_MA_QQQ_weekly_MA250,pre_tax
2012-01-03,RISK,SELL,2665.8226669850374,50.26616675225979,134000.68671062382,67.00034335531191,2033.3394606001966,QQQ_MA_QQQ_weekly_MA250,pre_tax
2012-01-09,RISK,BUY,2614.912907764713,51.193579944199925,133866.75299077312,66.93337649538657,0.0,QQQ_MA_QQQ_weekly_MA250,pre_tax
2012-11-19,RISK,SELL,2614.912907764713,56.00930964585567,146459.46674793866,73.22973337396932,12452.550647296186,QQQ_MA_QQQ_weekly_MA250,pre_tax
2012-11-26,RISK,BUY,2541.2827477727687,57.574498785134885,146313.08047432752,73.15654023716377,0.0,QQQ_MA_QQQ_weekly_MA250,pre_tax
2012-12-31,RISK,SELL,2541.2827477727687,56.97408864878012,144787.26855322125,72.39363427661063,-1671.3620956200466,QQQ_MA_QQQ_weekly_MA250,pre_tax
2013-01-07,RISK,BUY,2433.694216845739,59.43333087654365,144642.5536421236,72.3212768210618,0.0,QQQ_MA_QQQ_weekly_MA250,pre_tax
2015-08-24,RISK,SELL,2433.694216845739,86.95873971245753,211630.9819424018,105.8154909712009,66810.29153248595,QQQ_MA_QQQ_weekly_MA250,pre_tax
2015-08-31,RISK,BUY,2181.26082009685,96.92534463333087,211419.45672306907,105.70972836153454,0.0,QQQ_MA_QQQ_weekly_MA250,pre_tax
2015-09-08,RISK,SELL,2181.26082009685,96.08559421836995,209587.74204425476,104.79387102212738,-2042.218278197979,QQQ_MA_QQQ_weekly_MA250,pre_tax
2015-09-14,RISK,BUY,2141.241236782423,97.78359180039753,209378.2590437108,104.6891295218554,0.0,QQQ_MA_QQQ_weekly_MA250,pre_tax
2015-09-28,RISK,SELL,2141.241236782423,94.8021796414909,202994.33638521543,101.49716819260772,-6590.10895620985,QQQ_MA_QQQ_weekly_MA250,pre_tax
2015-10-12,RISK,BUY,2053.9214171163358,98.73378884182935,202791.4434952752,101.3957217476376,0.0,QQQ_MA_QQQ_weekly_MA250,pre_tax
2016-01-11,RISK,SELL,2053.9214171163358,97.19807574797389,199637.2094812595,99.81860474062975,-3355.4483405039646,QQQ_MA_QQQ_weekly_MA250,pre_tax
2016-03-21,RISK,BUY,1999.4170323375083,99.74791092348406,199437.6720404986,99.71883602024931,0.0,QQQ_MA_QQQ_weekly_MA250,pre_tax
2016-05-02,RISK,SELL,1999.4170323375083,98.64040285951161,197223.30155394098,98.61165077697049,-2412.700973354833,QQQ_MA_QQQ_weekly_MA250,pre_tax
2016-05-31,RISK,BUY,1919.716549676765,102.63295216574093,197026.17681475665,98.51308840737832,0.0,QQQ_MA_QQQ_weekly_MA250,pre_tax
2016-06-20,RISK,SELL,1919.716549676765,100.52680638637572,192982.9739060774,96.4914869530387,-4238.207484039682,QQQ_MA_QQQ_weekly_MA250,pre_tax
2016-07-05,RISK,BUY,1921.7220147192434,100.32152720257126,192790.08737543662,96.39504368771831,0.0,QQQ_MA_QQQ_weekly_MA250,pre_tax
2018-10-29,RISK,SELL,1921.7220147192434,161.0995867692778,309588.6224566941,154.79431122834706,116547.34572634142,QQQ_MA_QQQ_weekly_MA250,pre_tax
2018-11-05,RISK,BUY,1915.3860453413638,161.47094174744802,309279.1885511902,154.6395942755951,0.0,QQQ_MA_QQQ_weekly_MA250,pre_tax
2018-11-19,RISK,SELL,1915.3860453413638,158.7099596546471,303990.8419792019,151.99542098960094,-5594.981587253511,QQQ_MA_QQQ_weekly_MA250,pre_tax
2019-02-19,RISK,BUY,1855.5847462443994,163.66107970618407,303687.003056684,151.843501528342,0.0,QQQ_MA_QQQ_weekly_MA250,pre_tax
2019-06-03,RISK,SELL,1855.5847462443994,165.938934438959,307913.75555298175,153.95687777649087,3920.952116992965,QQQ_MA_QQQ_weekly_MA250,pre_tax
2019-06-10,RISK,BUY,1764.5267779582778,174.32775717538019,307605.9956773666,153.80299783868332,0.0,QQQ_MA_QQQ_weekly_MA250,pre_tax
2020-03-16,RISK,SELL,1764.5267779582778,167.64744420772877,295818.4045608038,147.9092022804019,-12089.303316681937,QQQ_MA_QQQ_weekly_MA250,pre_tax
2020-04-13,RISK,BUY,1531.6619015233284,192.94253757804694,295522.73399152764,147.76136699576384,0.0,QQQ_MA_QQQ_weekly_MA250,pre_tax
2022-01-24,RISK,SELL,1531.6619015233284,336.5033910595923,515409.4238193833,257.70471190969164,219481.22374895023,QQQ_MA_QQQ_weekly_MA250,pre_tax
2022-02-07,RISK,BUY,1475.900811692483,348.8678018823196,514894.2719714879,257.44713598574396,0.0,QQQ_MA_QQQ_weekly_MA250,pre_tax
2022-02-14,RISK,SELL,1475.900811692483,337.0675991070054,497478.34311726573,248.73917155863288,-17922.115161766647,QQQ_MA_QQQ_weekly_MA250,pre_tax
2022-04-04,RISK,BUY,1406.7517838725205,353.28273195497076,496981.11338901264,248.49055669450632,0.0,QQQ_MA_QQQ_weekly_MA250,pre_tax
2022-04-11,RISK,SELL,1406.7517838725205,335.8480363263463,472454.82421217073,236.22741210608538,-25011.007145642478,QQQ_MA_QQQ_weekly_MA250,pre_tax
2023-02-06,RISK,BUY,1586.8569572085244,297.43235731063703,471982.60549731605,235.99130274865803,0.0,QQQ_MA_QQQ_weekly_MA250,pre_tax
2023-02-13,RISK,SELL,1586.8569572085244,295.1000143482131,468281.51084079733,234.14075542039868,-4171.226714687771,QQQ_MA_QQQ_weekly_MA250,pre_tax
2023-02-21,RISK,BUY,1605.9093661282495,291.3075128776228,467813.4633537001,233.90673167685006,0.0,QQQ_MA_QQQ_weekly_MA250,pre_tax
2023-02-27,RISK,SELL,1605.9093661282495,289.1613626370489,464366.9405812441,232.18347029062207,-3912.6129744235077,QQQ_MA_QQQ_weekly_MA250,pre_tax
2023-03-06,RISK,BUY,1573.0113728343122,294.9138281640149,463902.8057080995,231.95140285404975,0.0,QQQ_MA_QQQ_weekly_MA250,pre_tax
2023-03-13,RISK,SELL,1573.0113728343122,280.9883548940412,441997.8778823307,220.99893894116533,-22357.87816756399,QQQ_MA_QQQ_weekly_MA250,pre_tax
2023-03-20,RISK,BUY,1478.6112305487147,298.62893759374526,441556.10089294304,220.77805044647152,0.0,QQQ_MA_QQQ_weekly_MA250,pre_tax
2025-03-17,RISK,SELL,1478.6112305487147,476.06574086012523,703916.1509152753,351.9580754576377,261787.3138964282,QQQ_MA_QQQ_weekly_MA250,pre_tax
2025-05-05,RISK,BUY,1459.7461295371634,481.73622270162116,703212.5865465445,351.60629327327223,0.0,QQQ_MA_QQQ_weekly_MA250,pre_tax
2026-03-30,RISK,SELL,1459.7461295371634,566.7571613464482,827321.5726629475,413.66078633147373,123343.71903679823,QQQ_MA_QQQ_weekly_MA250,pre_tax
2026-04-06,RISK,BUY,1411.3964344672959,585.5864761740653,826494.6645443438,413.24733227217195,0.0,QQQ_MA_QQQ_weekly_MA250,pre_tax
2006-09-18,RISK,BUY,2911.9148703145047,34.324501037597656,99950.02498750626,49.97501249375313,0.0,QQQ_MA_QQQ_weekly_MA250,after_tax
2006-09-25,RISK,SELL,2911.9148703145047,34.256049749809364,99750.70066470336,49.87535033235168,-299.17468562901195,QQQ_MA_QQQ_weekly_MA250,after_tax
2006-10-02,RISK,BUY,2868.880761375212,34.73514868798367,99650.99981446378,49.825499907231894,0.0,QQQ_MA_QQQ_weekly_MA250,after_tax
2008-01-14,RISK,SELL,2868.880761375212,40.97232695696006,117544.7205555977,58.77236027779885,17785.122880948882,QQQ_MA_QQQ_weekly_MA250,after_tax
2008-05-05,RISK,BUY,2715.686637298437,41.93294538688024,113876.73944971581,56.93836972485791,0.0,QQQ_MA_QQQ_weekly_MA250,after_tax
2008-06-23,RISK,SELL,2715.686637298437,40.96411140433683,111245.68994956205,55.622844974781025,-2743.610714853421,QQQ_MA_QQQ_weekly_MA250,after_tax
2008-08-18,RISK,BUY,2674.2156434389026,41.55779289053397,111134.49985465994,55.56724992732997,0.0,QQQ_MA_QQQ_weekly_MA250,after_tax
2008-08-25,RISK,SELL,2674.2156434389026,40.5769424312217,108511.49421249285,54.255747106246424,-2732.8286392006703,QQQ_MA_QQQ_weekly_MA250,after_tax
2009-06-08,RISK,BUY,3434.062675816798,31.56699430977313,108403.03694691315,54.20151847345658,0.0,QQQ_MA_QQQ_weekly_MA250,after_tax
2010-07-06,RISK,SELL,3434.062675816798,37.552576671677166,128957.90192895517,64.47895096447759,20436.18451260407,QQQ_MA_QQQ_weekly_MA250,after_tax
2010-07-12,RISK,BUY,3238.5365649859204,38.842067241586754,125791.45502152051,62.89572751076025,0.0,QQQ_MA_QQQ_weekly_MA250,after_tax
2010-08-30,RISK,SELL,3238.5365649859204,38.2147438335483,123759.8452265164,61.879922613258195,-2156.3854451281077,QQQ_MA_QQQ_weekly_MA250,after_tax
2010-09-07,RISK,BUY,3096.9059127508917,39.922474467577736,123636.147230288,61.818073615144,0.0,QQQ_MA_QQQ_weekly_MA250,after_tax
2011-08-08,RISK,SELL,3096.9059127508917,45.82765209979873,141923.9267553575,70.96196337767876,18154.999488076675,QQQ_MA_QQQ_weekly_MA250,after_tax
2011-09-19,RISK,BUY,2817.0373248137416,49.17704793582554,138533.57955937512,69.26678977968757,0.0,QQQ_MA_QQQ_weekly_MA250,after_tax
2011-09-26,RISK,SELL,2817.0373248137416,47.883609866892414,134889.91624185548,67.44495812092774,-3780.3750654202595,QQQ_MA_QQQ_weekly_MA250,after_tax
2011-10-17,RISK,BUY,2644.620663003513,50.95441309296278,134755.0937368661,67.37754686843306,0.0,QQQ_MA_QQQ_weekly_MA250,after_tax
2011-11-21,RISK,SELL,2644.620663003513,48.0859612208911,127169.12664515425,63.584563322577125,-7716.92920190288,QQQ_MA_QQQ_weekly_MA250,after_tax
2011-12-05,RISK,BUY,2512.3369973160993,50.56726912313657,127042.02107129603,63.52101053564802,0.0,QQQ_MA_QQQ_weekly_MA250,after_tax
2011-12-19,RISK,SELL,2512.3369973160993,48.59847528790157,122095.74747894729,61.047873739473644,-5070.84247662386,QQQ_MA_QQQ_weekly_MA250,after_tax
2011-12-27,RISK,BUY,2466.429209594642,49.45356318127606,121973.71274883341,60.9868563744167,0.0,QQQ_MA_QQQ_weekly_MA250,after_tax
2012-01-03,RISK,SELL,2466.429209594642,50.26616675225979,123977.9419321286,61.9889709660643,1881.253355954701,QQQ_MA_QQQ_weekly_MA250,after_tax
2012-01-09,RISK,BUY,2419.327307900465,51.193579944199925,123854.02594818844,61.927012974094225,0.0,QQQ_MA_QQQ_weekly_MA250,after_tax
2012-11-19,RISK,SELL,2419.327307900465,56.00930964585567,135504.85232287153,67.75242616143576,11521.146935547571,QQQ_MA_QQQ_weekly_MA250,after_tax
2012-11-26,RISK,BUY,2351.2044055182723,57.574498785134885,135369.41518911556,67.68470759455778,0.0,QQQ_MA_QQQ_weekly_MA250,after_tax
2012-12-31,RISK,SELL,2351.2044055182723,56.97408864878012,133957.7282314004,66.9788641157002,-1546.3505294254282,QQQ_MA_QQQ_weekly_MA250,after_tax
2013-01-07,RISK,BUY,2251.663089967859,59.43333087654365,133823.83744856043,66.91191872428021,0.0,QQQ_MA_QQQ_weekly_MA250,after_tax
2015-08-24,RISK,SELL,2251.663089967859,86.95873971245753,195801.7845606629,97.90089228033145,61813.13430109786,QQQ_MA_QQQ_weekly_MA250,after_tax
2015-08-31,RISK,BUY,1898.4900464587583,96.92534463333087,184011.80203596348,92.00590101798174,0.0,QQQ_MA_QQQ_weekly_MA250,after_tax
2015-09-08,RISK,SELL,1898.4900464587583,96.08559421836995,182417.54423165057,91.20877211582528,-1777.4724774467177,QQQ_MA_QQQ_weekly_MA250,after_tax
2015-09-14,RISK,BUY,1863.6584573677787,97.78359180039753,182235.21785060945,91.11760892530472,0.0,QQQ_MA_QQQ_weekly_MA250,after_tax
2015-09-28,RISK,SELL,1863.6584573677787,94.8021796414909,176678.88386576396,88.33944193288198,-5735.791035703674,QQQ_MA_QQQ_weekly_MA250,after_tax
2015-10-12,RISK,BUY,1787.6584637093952,98.73378884182935,176502.29327719248,88.25114663859624,0.0,QQQ_MA_QQQ_weekly_MA250,after_tax
2016-01-11,RISK,SELL,1787.6584637093952,97.19807574797389,173756.9627671324,86.87848138356621,-2920.4601380822132,QQQ_MA_QQQ_weekly_MA250,after_tax
2016-03-21,RISK,BUY,1740.219830494332,99.74791092348406,173583.29263942916,86.79164631971459,0.0,QQQ_MA_QQQ_weekly_MA250,after_tax
2016-05-02,RISK,SELL,1740.219830494332,98.64040285951161,171655.98514407192,85.82799257203597,-2099.927134248981,QQQ_MA_QQQ_weekly_MA250,after_tax
2016-05-31,RISK,BUY,1670.8514305142407,102.63295216574093,171484.41494402787,85.74220747201393,0.0,QQQ_MA_QQQ_weekly_MA250,after_tax
2016-06-20,RISK,SELL,1670.8514305142407,100.52680638637572,167965.358255704,83.982679127852,-3688.781574923749,QQQ_MA_QQQ_weekly_MA250,after_tax
2016-07-05,RISK,BUY,1672.5969143126879,100.32152720257126,167797.47683815708,83.89873841907854,0.0,QQQ_MA_QQQ_weekly_MA250,after_tax
2018-10-29,RISK,SELL,1672.5969143126879,161.0995867692778,269454.6717273432,134.72733586367158,101438.56881490332,QQQ_MA_QQQ_weekly_MA250,after_tax
2018-11-05,RISK,BUY,1559.9236764975392,161.47094174744802,251882.34509819912,125.94117254909956,0.0,QQQ_MA_QQQ_weekly_MA250,after_tax
2018-11-19,RISK,SELL,1559.9236764975392,158.7099596546471,247575.42376125322,123.78771188062662,-4556.650221375603,QQQ_MA_QQQ_weekly_MA250,after_tax
2019-02-19,RISK,BUY,1511.2204594235939,163.66107970618407,247327.97206334092,123.66398603167046,0.0,QQQ_MA_QQQ_weekly_MA250,after_tax
2019-06-03,RISK,SELL,1511.2204594235939,165.938934438959,250770.31273910523,125.38515636955262,3193.29153336311,QQQ_MA_QQQ_weekly_MA250,after_tax
2019-06-10,RISK,BUY,1437.061267855521,174.32775717538019,250519.66774886125,125.25983387443063,0.0,QQQ_MA_QQQ_weekly_MA250,after_tax
2020-03-16,RISK,SELL,1437.061267855521,167.64744420772877,240919.64872589643,120.45982436294823,-9845.738681202201,QQQ_MA_QQQ_weekly_MA250,after_tax
2020-04-13,RISK,BUY,1247.4120662968808,192.94253757804694,240678.8494767951,120.33942473839755,0.0,QQQ_MA_QQQ_weekly_MA250,after_tax
2022-01-24,RISK,SELL,1247.4120662968808,336.5033910595923,419758.3903575533,209.87919517877665,178749.32226084103,QQQ_MA_QQQ_weekly_MA250,after_tax
2022-02-07,RISK,BUY,1104.487293953235,348.8678018823196,385320.05444841646,192.66002722420822,0.0,QQQ_MA_QQQ_weekly_MA250,after_tax
2022-02-14,RISK,SELL,1104.487293953235,337.0675991070054,372286.8804170102,186.14344020850513,-13411.977498838969,QQQ_MA_QQQ_weekly_MA250,after_tax
2022-04-04,RISK,BUY,1052.7397632172192,353.28273195497076,371914.77958700823,185.95738979350412,0.0,QQQ_MA_QQQ_weekly_MA250,after_tax
2022-04-11,RISK,SELL,1052.7397632172192,335.8480363263463,353560.58223916584,176.78029111958293,-18716.935028755455,QQQ_MA_QQQ_weekly_MA250,after_tax
2023-02-06,RISK,BUY,1187.5210940146092,297.43235731063703,353207.19834887184,176.6035991744359,0.0,QQQ_MA_QQQ_weekly_MA250,after_tax
2023-02-13,RISK,SELL,1187.5210940146092,295.1000143482131,350437.4918825169,175.21874594125845,-3121.5288114706054,QQQ_MA_QQQ_weekly_MA250,after_tax
2023-02-21,RISK,BUY,1201.7789244896169,291.3075128776228,350087.22952181473,175.04361476090736,0.0,QQQ_MA_QQQ_weekly_MA250,after_tax
2023-02-27,RISK,SELL,1201.7789244896169,289.1613626370489,347508.0313939047,173.75401569695237,-2927.995758367935,QQQ_MA_QQQ_weekly_MA250,after_tax
2023-03-06,RISK,BUY,1177.1597798276898,294.9138281640149,347160.69702969294,173.58034851484646,0.0,QQQ_MA_QQQ_weekly_MA250,after_tax
2023-03-13,RISK,SELL,1177.1597798276898,280.9883548940412,330768.1899812143,165.38409499060714,-16731.47149198409,QQQ_MA_QQQ_weekly_MA250,after_tax
2023-03-20,RISK,BUY,1106.515630250825,298.62893759374526,330437.58709267736,165.21879354633867,0.0,QQQ_MA_QQQ_weekly_MA250,after_tax
2025-03-17,RISK,SELL,1106.515630250825,476.06574086012523,526774.1832886675,263.38709164433374,195907.9903107995,QQQ_MA_QQQ_weekly_MA250,after_tax
2025-05-05,RISK,BUY,1032.9682580048568,481.73622270162116,497618.2267819334,248.8091133909667,0.0,QQQ_MA_QQQ_weekly_MA250,after_tax
2026-03-30,RISK,SELL,1032.9682580048568,566.7571613464482,585442.1576678182,292.72107883390913,87282.40069365996,QQQ_MA_QQQ_weekly_MA250,after_tax
2026-04-06,RISK,BUY,968.4896641886507,585.5864761740653,567134.4496632358,283.5672248316179,0.0,QQQ_MA_QQQ_weekly_MA250,after_tax
2006-10-02,RISK,BUY,2877.489481485454,34.73514868798367,99950.02498750626,49.97501249375313,0.0,QQQ_MA_QQQ_monthly_MA150,pre_tax
2008-02-01,RISK,SELL,2877.489481485454,39.09081778356802,112483.4169948815,56.24170849744075,12427.175286384037,QQQ_MA_QQQ_monthly_MA150,pre_tax
2008-06-02,RISK,BUY,2618.0449411201976,42.92171919073609,112370.98979148832,56.185494895744164,0.0,QQQ_MA_QQQ_monthly_MA150,pre_tax
2008-07-01,RISK,SELL,2618.0449411201976,38.55497240482036,100938.65045946877,50.46932522973439,-11538.994152145024,QQQ_MA_QQQ_monthly_MA150,pre_tax
2008-09-02,RISK,BUY,2500.4774982785934,40.32740239515547,100837.7622531125,50.41888112655625,0.0,QQQ_MA_QQQ_monthly_MA150,pre_tax
2008-10-01,RISK,SELL,2500.4774982785934,33.4408538150465,83618.10248774763,41.80905124387382,-17311.88769773532,QQQ_MA_QQQ_monthly_MA150,pre_tax
2009-05-01,RISK,BUY,2822.3206137024627,29.59781598442575,83534.52617341705,41.767263086708525,0.0,QQQ_MA_QQQ_monthly_MA150,pre_tax
2010-06-01,RISK,SELL,2822.3206137024627,39.43027484961694,111284.87751202767,55.64243875601384,27652.941636767908,QQQ_MA_QQQ_monthly_MA150,pre_tax
2010-10-01,RISK,BUY,2572.7274611564935,43.21236894605707,111173.6482491471,55.586824124573546,0.0,QQQ_MA_QQQ_monthly_MA150,pre_tax
2011-09-01,RISK,SELL,2572.7274611564935,48.480021074774626,124725.88153651822,62.362940768259115,13434.28352247829,QQQ_MA_QQQ_monthly_MA150,pre_tax
2011-11-01,RISK,BUY,2505.4855629214426,49.73136538111569,124601.21798675659,62.3006089933783,0.0,QQQ_MA_QQQ_monthly_MA150,pre_tax
2012-11-01,RISK,SELL,2505.4855629214426,58.12589408130151,145633.58845260186,72.81679422630093,20897.253062625605,QQQ_MA_QQQ_monthly_MA150,pre_tax
2012-12-03,RISK,BUY,2467.1222734295175,58.97074061202168,145488.0276445533,72.74401382227666,0.0,QQQ_MA_QQQ_monthly_MA150,pre_tax
2015-09-01,RISK,SELL,2467.1222734295175,93.86154699198785,231567.91320248455,115.78395660124228,85891.3575875077,QQQ_MA_QQQ_monthly_MA150,pre_tax
2015-11-02,RISK,BUY,2200.756567437915,105.11678776208028,231336.46101537562,115.66823050768781,0.0,QQQ_MA_QQQ_monthly_MA150,pre_tax
2016-02-01,RISK,SELL,2200.756567437915,96.15882677309172,211622.1695380064,105.8110847690032,-19935.770792645926,QQQ_MA_QQQ_monthly_MA150,pre_tax
2016-04-01,RISK,BUY,2092.8932684123565,101.01358550741942,211410.65312667406,105.70532656333704,0.0,QQQ_MA_QQQ_monthly_MA150,pre_tax
2016-05-02,RISK,SELL,2092.8932684123565,98.64040285951161,206443.8351381548,103.2219175690774,-5175.7452326516795,QQQ_MA_QQQ_monthly_MA150,pre_tax
2016-06-01,RISK,BUY,2014.5817963002735,102.37236078083242,206237.49447334904,103.11874723667452,0.0,QQQ_MA_QQQ_monthly_MA150,pre_tax
2018-11-01,RISK,SELL,2014.5817963002735,161.91841045116647,326197.8821807959,163.09894109039794,119694.17001911977,QQQ_MA_QQQ_monthly_MA150,pre_tax
2019-03-01,RISK,BUY,1956.5521164787103,166.5541360086706,325871.84731604747,162.93592365802374,0.0,QQQ_MA_QQQ_monthly_MA150,pre_tax
2020-04-01,RISK,SELL,1956.5521164787103,178.25000066836228,348755.41607001575,174.37770803500788,22546.255122275266,QQQ_MA_QQQ_monthly_MA150,pre_tax
2020-05-01,RISK,BUY,1683.686547330124,206.93093705416155,348406.8349445085,174.20341747225424,0.0,QQQ_MA_QQQ_monthly_MA150,pre_tax
2022-02-01,RISK,SELL,1683.686547330124,354.51975345573044,596900.1396562057,298.4500698281028,248020.65122439683,QQQ_MA_QQQ_monthly_MA150,pre_tax
2022-12-01,RISK,BUY,2076.8335304982465,287.1214900283373,596303.5378174689,298.1517689087344,0.0,QQQ_MA_QQQ_monthly_MA150,pre_tax
2023-01-03,RISK,SELL,2076.8335304982465,263.27041050608824,546768.8161270819,273.38440806354095,-50106.25786735921,QQQ_MA_QQQ_monthly_MA150,pre_tax
2023-02-01,RISK,BUY,1893.2232025069175,288.5144867416885,546222.320558739,273.1111602793695,0.0,QQQ_MA_QQQ_monthly_MA150,pre_tax
2023-11-01,RISK,SELL,1893.2232025069175,346.18445928320784,655404.4506622803,327.70222533114014,108581.31671793084,QQQ_MA_QQQ_monthly_MA150,pre_tax
2023-12-01,RISK,BUY,1715.586951980096,381.6474431647872,654749.3737500742,327.37468687503707,0.0,QQQ_MA_QQQ_monthly_MA150,pre_tax
2025-04-01,RISK,SELL,1715.586951980096,464.538472789733,796956.1426108269,398.47807130541344,141480.91610257223,QQQ_MA_QQQ_monthly_MA150,pre_tax
2025-06-02,RISK,BUY,1548.3960912175319,514.1834116366912,796159.5847471479,398.0797923735739,0.0,QQQ_MA_QQQ_monthly_MA150,pre_tax
2026-04-01,RISK,SELL,1548.3960912175319,580.8416686249938,899372.9693152093,449.68648465760464,102365.61829103017,QQQ_MA_QQQ_monthly_MA150,pre_tax
2026-05-01,RISK,BUY,1344.165027503695,668.425399726581,898474.045807648,449.237022903824,0.0,QQQ_MA_QQQ_monthly_MA150,pre_tax
2006-10-02,RISK,BUY,2877.489481485454,34.73514868798367,99950.02498750626,49.97501249375313,0.0,QQQ_MA_QQQ_monthly_MA150,after_tax
2008-02-01,RISK,SELL,2877.489481485454,39.09081778356802,112483.4169948815,56.24170849744075,12427.175286384037,QQQ_MA_QQQ_monthly_MA150,after_tax
2008-06-02,RISK,BUY,2559.2560797347573,42.92171919073609,109847.67079155936,54.92383539577968,0.0,QQQ_MA_QQQ_monthly_MA150,after_tax
2008-07-01,RISK,SELL,2559.2560797347573,38.55497240482036,98672.0475310423,49.336023765521155,-11279.883119678343,QQQ_MA_QQQ_monthly_MA150,after_tax
2008-09-02,RISK,BUY,2444.3286435607615,40.32740239515547,98573.42479487936,49.286712397439686,0.0,QQQ_MA_QQQ_monthly_MA150,after_tax
2008-10-01,RISK,SELL,2444.3286435607615,33.4408538150465,81740.43684524634,40.87021842262317,-16923.144880453096,QQQ_MA_QQQ_monthly_MA150,after_tax
2009-05-01,RISK,BUY,2758.9446904178035,29.59781598442575,81658.73725819461,40.82936862909731,0.0,QQQ_MA_QQQ_monthly_MA150,after_tax
2010-06-01,RISK,SELL,2758.9446904178035,39.43027484961694,108785.94743806533,54.39297371903267,27031.98783752258,QQQ_MA_QQQ_monthly_MA150,after_tax
2010-10-01,RISK,BUY,2514.9562152466624,43.21236894605707,108677.21585641809,54.33860792820904,0.0,QQQ_MA_QQQ_monthly_MA150,after_tax
2011-09-01,RISK,SELL,2514.9562152466624,48.480021074774626,121925.13031729363,60.96256515864682,13132.6132877887,QQQ_MA_QQQ_monthly_MA150,after_tax
2011-11-01,RISK,BUY,2400.3862756122962,49.73136538111569,119374.48692829056,59.68724346414528,0.0,QQQ_MA_QQQ_monthly_MA150,after_tax
2012-11-01,RISK,SELL,2400.3862756122962,58.12589408130151,139524.59841045015,69.76229920522508,20020.661939490223,QQQ_MA_QQQ_monthly_MA150,after_tax
2012-12-03,RISK,BUY,2294.6969504623607,58.97074061202168,135319.97864891303,67.65998932445652,0.0,QQQ_MA_QQQ_monthly_MA150,after_tax
2015-09-01,RISK,SELL,2294.6969504623607,93.86154699198785,215383.8056481941,107.69190282409706,79888.47510713252,QQQ_MA_QQQ_monthly_MA150,after_tax
2015-11-02,RISK,BUY,1892.6310498515302,105.11678776208028,198947.29637916648,99.47364818958324,0.0,QQQ_MA_QQQ_monthly_MA150,after_tax
2016-02-01,RISK,SELL,1892.6310498515302,96.15882677309172,181993.181268048,90.996590634024,-17144.585349942092,QQQ_MA_QQQ_monthly_MA150,after_tax
2016-04-01,RISK,BUY,1799.8695732322171,101.01358550741942,181811.27903789506,90.90563951894754,0.0,QQQ_MA_QQQ_monthly_MA150,after_tax
2016-05-02,RISK,SELL,1799.8695732322171,98.64040285951161,177539.85979820314,88.76992989910157,-4451.094809109985,QQQ_MA_QQQ_monthly_MA150,after_tax
2016-06-01,RISK,BUY,1732.5224045939976,102.37236078083242,177362.40866397205,88.68120433198602,0.0,QQQ_MA_QQQ_monthly_MA150,after_tax
2018-11-01,RISK,SELL,1732.5224045939976,161.91841045116647,280527.2738228928,140.2636369114464,102935.92031767732,QQQ_MA_QQQ_monthly_MA150,after_tax
2019-03-01,RISK,BUY,1583.4543727364837,166.5541360086706,263730.87496027653,131.86543748013827,0.0,QQQ_MA_QQQ_monthly_MA150,after_tax
2020-04-01,RISK,SELL,1583.4543727364837,178.25000066836228,282250.74299859937,141.1253714992997,18246.8772293434,QQQ_MA_QQQ_monthly_MA150,after_tax
2020-05-01,RISK,BUY,1344.7174050575927,206.93093705416155,278263.6327016082,139.1318163508041,0.0,QQQ_MA_QQQ_monthly_MA150,after_tax
2022-02-01,RISK,SELL,1344.7174050575927,354.51975345573044,476728.88290864736,238.3644414543237,198087.75394923403,QQQ_MA_QQQ_monthly_MA150,after_tax
2022-12-01,RISK,BUY,1518.6288414757462,287.1214900283373,436030.97576452384,218.01548788226194,0.0,QQQ_MA_QQQ_monthly_MA150,after_tax
2023-01-03,RISK,SELL,1518.6288414757462,263.27041050608824,399810.0385017049,199.90501925085246,-36638.85776995204,QQQ_MA_QQQ_monthly_MA150,after_tax
2023-02-01,RISK,BUY,1384.3687115299633,288.5144867416885,399410.4282683199,199.70521413415997,0.0,QQQ_MA_QQQ_monthly_MA150,after_tax
2023-11-01,RISK,SELL,1384.3687115299633,346.18445928320784,479246.93384959147,239.62346692479574,79397.1769002126,QQQ_MA_QQQ_monthly_MA150,after_tax
2023-12-01,RISK,BUY,1231.7281913269212,381.6474431647872,470085.91489390726,235.04295744695364,0.0,QQQ_MA_QQQ_monthly_MA150,after_tax
2025-04-01,RISK,SELL,1231.7281913269212,464.538472789733,572185.132891068,286.09256644553403,101578.08247326821,QQQ_MA_QQQ_monthly_MA150,after_tax
2025-06-02,RISK,BUY,1071.578635990783,514.1834116366912,550987.9588907327,275.4939794453664,0.0,QQQ_MA_QQQ_monthly_MA150,after_tax
2026-04-01,RISK,SELL,1071.578635990783,580.8416686249938,622417.5229917811,311.20876149589054,70842.8613601072,QQQ_MA_QQQ_monthly_MA150,after_tax
2026-05-01,RISK,BUY,908.7190309534744,668.425399726581,607410.8815042274,303.7054407521137,0.0,QQQ_MA_QQQ_monthly_MA150,after_tax
2006-10-02,RISK,BUY,2877.489481485454,34.73514868798367,99950.02498750626,49.97501249375313,0.0,QQQ_MA_QQQ_monthly_MA175,pre_tax
2008-02-01,RISK,SELL,2877.489481485454,39.09081778356802,112483.4169948815,56.24170849744075,12427.175286384037,QQQ_MA_QQQ_monthly_MA175,pre_tax
2008-06-02,RISK,BUY,2618.0449411201976,42.92171919073609,112370.98979148832,56.185494895744164,0.0,QQQ_MA_QQQ_monthly_MA175,pre_tax
2008-07-01,RISK,SELL,2618.0449411201976,38.55497240482036,100938.65045946877,50.46932522973439,-11538.994152145024,QQQ_MA_QQQ_monthly_MA175,pre_tax
2009-05-01,RISK,BUY,3406.9325353658833,29.59781598442575,100837.7622531125,50.41888112655625,0.0,QQQ_MA_QQQ_monthly_MA175,pre_tax
2010-07-01,RISK,SELL,3406.9325353658833,37.32603000581639,127167.26604285908,63.58363302142954,26215.501275598595,QQQ_MA_QQQ_monthly_MA175,pre_tax
2010-08-02,RISK,BUY,3143.0713863405044,40.41911452624908,127040.16232867332,63.520081164336666,0.0,QQQ_MA_QQQ_monthly_MA175,pre_tax
2010-09-01,RISK,SELL,3143.0713863405044,38.42386192946771,120768.94098320822,60.38447049160411,-6395.125897121034,QQQ_MA_QQQ_monthly_MA175,pre_tax
2010-10-01,RISK,BUY,2791.9837615735937,43.21236894605707,120648.23239651836,60.32411619825918,0.0,QQQ_MA_QQQ_monthly_MA175,pre_tax
2011-09-01,RISK,SELL,2791.9837615735937,48.480021074774626,135355.43160151635,67.67771580075818,14579.19737299897,QQQ_MA_QQQ_monthly_MA175,pre_tax
2011-11-01,RISK,BUY,2719.011287495343,49.73136538111569,135220.14381380868,67.61007190690434,0.0,QQQ_MA_QQQ_monthly_MA175,pre_tax
2012-11-01,RISK,SELL,2719.011287495343,58.12589408130151,158044.96210281755,79.02248105140877,22678.18573605054,QQQ_MA_QQQ_monthly_MA175,pre_tax
2012-12-03,RISK,BUY,2677.3785522293015,58.97074061202168,157886.99612370427,78.94349806185214,0.0,QQQ_MA_QQQ_monthly_MA175,pre_tax
2015-09-01,RISK,SELL,2677.3785522293015,93.86154699198785,251302.89279541097,125.65144639770548,93211.30172724713,QQQ_MA_QQQ_monthly_MA175,pre_tax
2015-11-02,RISK,BUY,2388.312284232793,105.11678776208028,251051.71549126765,125.52585774563383,0.0,QQQ_MA_QQQ_monthly_MA175,pre_tax
2016-02-01,RISK,SELL,2388.312284232793,96.15882677309172,229657.30721958814,114.82865360979407,-21634.762783034937,QQQ_MA_QQQ_monthly_MA175,pre_tax
2016-04-01,RISK,BUY,2271.2565199141964,101.01358550741942,229427.76468363655,114.71388234181828,0.0,QQQ_MA_QQQ_monthly_MA175,pre_tax
2016-05-02,RISK,SELL,2271.2565199141964,98.64040285951161,224037.6581216287,112.01882906081434,-5616.839273410471,QQQ_MA_QQQ_monthly_MA175,pre_tax
2016-06-01,RISK,BUY,2186.2710864460228,102.37236078083242,223813.73242635472,111.90686621317737,0.0,QQQ_MA_QQQ_monthly_MA175,pre_tax
2018-11-01,RISK,SELL,2186.2710864460228,161.91841045116647,353997.53913268476,176.9987695663424,129894.90107055049,QQQ_MA_QQQ_monthly_MA175,pre_tax
2019-03-01,RISK,BUY,2123.2959263494736,166.5541360086706,353643.71850386646,176.82185925193323,0.0,QQQ_MA_QQQ_monthly_MA175,pre_tax
2020-04-01,RISK,SELL,2123.2959263494736,178.25000066836228,378477.50029092457,189.2387501454623,24467.721177660685,QQQ_MA_QQQ_monthly_MA175,pre_tax
2020-05-01,RISK,BUY,1827.175855468383,206.93093705416155,378099.2119348117,189.04960596740588,0.0,QQQ_MA_QQQ_monthly_MA175,pre_tax
2022-02-01,RISK,SELL,1827.175855468383,354.51975345573044,647769.9338009144,323.88496690045724,269157.78729323484,QQQ_MA_QQQ_monthly_MA175,pre_tax
2023-02-01,RISK,BUY,2242.946255137607,288.5144867416885,647122.4875902189,323.5612437951095,0.0,QQQ_MA_QQQ_monthly_MA175,pre_tax
2025-04-01,RISK,SELL,2242.946255137607,464.538472789733,1041934.8279110747,520.9674139555374,393967.8116631054,QQQ_MA_QQQ_monthly_MA175,pre_tax
2025-06-02,RISK,BUY,2024.3621054926075,514.1834116366912,1040893.4137902242,520.4467068951121,0.0,QQQ_MA_QQQ_monthly_MA175,pre_tax
2026-04-01,RISK,SELL,2024.3621054926075,580.8416686249938,1175833.8632555318,587.9169316277658,133832.08582678472,QQQ_MA_QQQ_monthly_MA175,pre_tax
2026-05-01,RISK,BUY,1757.3518563116986,668.425399726581,1174658.6170153962,587.3293085076981,0.0,QQQ_MA_QQQ_monthly_MA175,pre_tax
2006-10-02,RISK,BUY,2877.489481485454,34.73514868798367,99950.02498750626,49.97501249375313,0.0,QQQ_MA_QQQ_monthly_MA175,after_tax
2008-02-01,RISK,SELL,2877.489481485454,39.09081778356802,112483.4169948815,56.24170849744075,12427.175286384037,QQQ_MA_QQQ_monthly_MA175,after_tax
2008-06-02,RISK,BUY,2559.2560797347573,42.92171919073609,109847.67079155936,54.92383539577968,0.0,QQQ_MA_QQQ_monthly_MA175,after_tax
2008-07-01,RISK,SELL,2559.2560797347573,38.55497240482036,98672.0475310423,49.336023765521155,-11279.883119678343,QQQ_MA_QQQ_monthly_MA175,after_tax
2009-05-01,RISK,BUY,3330.4290035031063,29.59781598442575,98573.42479487936,49.286712397439686,0.0,QQQ_MA_QQQ_monthly_MA175,after_tax
2010-07-01,RISK,SELL,3330.4290035031063,37.32603000581639,124311.69291699813,62.15584645849906,25626.825563262828,QQQ_MA_QQQ_monthly_MA175,after_tax
2010-08-02,RISK,BUY,3000.419973947976,40.41911452624908,121274.31855384853,60.637159276924265,0.0,QQQ_MA_QQQ_monthly_MA175,after_tax
2010-09-01,RISK,SELL,3000.419973947976,38.42386192946771,115287.72280939414,57.64386140469707,-6104.876765136025,QQQ_MA_QQQ_monthly_MA175,after_tax
2010-10-01,RISK,BUY,2665.26680926498,43.21236894605707,115172.49270163864,57.586246350819316,0.0,QQQ_MA_QQQ_monthly_MA175,after_tax
2011-09-01,RISK,SELL,2665.26680926498,48.480021074774626,129212.19108306356,64.60609554153179,13917.50603953257,QQQ_MA_QQQ_monthly_MA175,after_tax
2011-11-01,RISK,BUY,2563.7080346147563,49.73136538111569,127496.70099992842,63.74835049996421,0.0,QQQ_MA_QQQ_monthly_MA175,after_tax
2012-11-01,RISK,SELL,2563.7080346147563,58.12589408130151,149017.821675399,74.5089108376995,21382.86341413291,QQQ_MA_QQQ_monthly_MA175,after_tax
2012-12-03,RISK,BUY,2450.827630817753,58.97074061202168,144527.12050172934,72.26356025086467,0.0,QQQ_MA_QQQ_monthly_MA175,after_tax
2015-09-01,RISK,SELL,2450.827630817753,93.86154699198785,230038.47283926277,115.01923641963138,85324.06954086293,QQQ_MA_QQQ_monthly_MA175,after_tax
2015-11-02,RISK,BUY,2021.4052539639813,105.11678776208028,212483.6270620858,106.24181353104291,0.0,QQQ_MA_QQQ_monthly_MA175,after_tax
2016-02-01,RISK,SELL,2021.4052539639813,96.15882677309172,194375.95765413996,97.18797882706998,-18311.099200303957,QQQ_MA_QQQ_monthly_MA175,after_tax
2016-04-01,RISK,BUY,1922.332306693859,101.01358550741942,194181.67883589494,97.09083941794748,0.0,QQQ_MA_QQQ_monthly_MA175,after_tax
2016-05-02,RISK,SELL,1922.332306693859,98.64040285951161,189619.63316213648,94.80981658106825,-4753.946329757484,QQQ_MA_QQQ_monthly_MA175,after_tax
2016-06-01,RISK,BUY,1850.4028513805401,102.37236078083242,189430.1082914097,94.71505414570485,0.0,QQQ_MA_QQQ_monthly_MA175,after_tax
2018-11-01,RISK,SELL,1850.4028513805401,161.91841045116647,299614.2883898431,149.80714419492153,109939.65790009277,QQQ_MA_QQQ_monthly_MA175,after_tax
2019-03-01,RISK,BUY,1691.192263126434,166.5541360086706,281675.06620957155,140.8375331047858,0.0,QQQ_MA_QQQ_monthly_MA175,after_tax
2020-04-01,RISK,SELL,1691.192263126434,178.25000066836228,301455.02203261596,150.72751101630797,19488.39077892335,QQQ_MA_QQQ_monthly_MA175,after_tax
2020-05-01,RISK,BUY,1436.2116842019805,206.93093705416155,297196.62962005136,148.59831481002567,0.0,QQQ_MA_QQQ_monthly_MA175,after_tax
2022-02-01,RISK,SELL,1436.2116842019805,354.51975345573044,509165.41219352547,254.58270609676273,211565.60155256733,QQQ_MA_QQQ_monthly_MA175,after_tax
2023-02-01,RISK,BUY,1614.1249390184446,288.5144867416885,465698.42831786576,232.84921415893288,0.0,QQQ_MA_QQQ_monthly_MA175,after_tax
2025-04-01,RISK,SELL,1614.1249390184446,464.538472789733,749823.1340634492,374.91156703172464,283516.94496439275,QQQ_MA_QQQ_monthly_MA175,after_tax
2025-06-02,RISK,BUY,1344.86252663172,514.1834116366912,691506.0021258382,345.7530010629191,0.0,QQQ_MA_QQQ_monthly_MA175,after_tax
2026-04-01,RISK,SELL,1344.86252663172,580.8416686249938,781152.1940399933,390.57609701999667,88909.8628160723,QQQ_MA_QQQ_monthly_MA175,after_tax
2026-05-01,RISK,BUY,1140.4689594585475,668.425399726581,762318.4201018375,381.1592100509188,0.0,QQQ_MA_QQQ_monthly_MA175,after_tax
2006-10-02,RISK,BUY,2877.489481485454,34.73514868798367,99950.02498750626,49.97501249375313,0.0,QQQ_MA_QQQ_monthly_MA200,pre_tax
2008-02-01,RISK,SELL,2877.489481485454,39.09081778356802,112483.4169948815,56.24170849744075,12427.175286384037,QQQ_MA_QQQ_monthly_MA200,pre_tax
2008-06-02,RISK,BUY,2618.0449411201976,42.92171919073609,112370.98979148832,56.185494895744164,0.0,QQQ_MA_QQQ_monthly_MA200,pre_tax
2008-07-01,RISK,SELL,2618.0449411201976,38.55497240482036,100938.65045946877,50.46932522973439,-11538.994152145024,QQQ_MA_QQQ_monthly_MA200,pre_tax
2009-05-01,RISK,BUY,3406.9325353658833,29.59781598442575,100837.7622531125,50.41888112655625,0.0,QQQ_MA_QQQ_monthly_MA200,pre_tax
2010-07-01,RISK,SELL,3406.9325353658833,37.32603000581639,127167.26604285908,63.58363302142954,26215.501275598595,QQQ_MA_QQQ_monthly_MA200,pre_tax
2010-08-02,RISK,BUY,3143.0713863405044,40.41911452624908,127040.16232867332,63.520081164336666,0.0,QQQ_MA_QQQ_monthly_MA200,pre_tax
2010-09-01,RISK,SELL,3143.0713863405044,38.42386192946771,120768.94098320822,60.38447049160411,-6395.125897121034,QQQ_MA_QQQ_monthly_MA200,pre_tax
2010-10-01,RISK,BUY,2791.9837615735937,43.21236894605707,120648.23239651836,60.32411619825918,0.0,QQQ_MA_QQQ_monthly_MA200,pre_tax
2011-09-01,RISK,SELL,2791.9837615735937,48.480021074774626,135355.43160151635,67.67771580075818,14579.19737299897,QQQ_MA_QQQ_monthly_MA200,pre_tax
2011-11-01,RISK,BUY,2719.011287495343,49.73136538111569,135220.14381380868,67.61007190690434,0.0,QQQ_MA_QQQ_monthly_MA200,pre_tax
2012-01-03,RISK,SELL,2719.011287495343,50.26616675225979,136674.2747785175,68.33713738925874,1318.1837554126396,QQQ_MA_QQQ_monthly_MA200,pre_tax
2012-02-01,RISK,BUY,2539.163382560368,53.77269920655793,136537.66880672486,68.26883440336243,0.0,QQQ_MA_QQQ_monthly_MA200,pre_tax
2015-09-01,RISK,SELL,2539.163382560368,93.86154699198785,238329.8031525248,119.16490157626241,101604.70060982031,QQQ_MA_QQQ_monthly_MA200,pre_tax
2015-11-02,RISK,BUY,2265.019675007707,105.11678776208028,238091.5924547212,119.0457962273606,0.0,QQQ_MA_QQQ_monthly_MA200,pre_tax
2016-02-01,RISK,SELL,2265.019675007707,96.15882677309172,217801.6345667106,108.9008172833553,-20517.90450152126,QQQ_MA_QQQ_monthly_MA200,pre_tax
2016-04-01,RISK,BUY,2154.006717864267,101.01358550741942,217583.941778538,108.791970889269,0.0,QQQ_MA_QQQ_monthly_MA200,pre_tax
2016-05-02,RISK,SELL,2154.006717864267,98.64040285951161,212472.09041222566,106.23604520611283,-5326.8793824077,QQQ_MA_QQQ_monthly_MA200,pre_tax
2016-06-01,RISK,BUY,2073.408514620378,102.37236078083242,212259.7245047672,106.1298622523836,0.0,QQQ_MA_QQQ_monthly_MA200,pre_tax
2018-11-01,RISK,SELL,2073.408514620378,161.91841045116647,335723.0109032457,167.86150545162286,123189.29503077452,QQQ_MA_QQQ_monthly_MA200,pre_tax
2019-03-01,RISK,BUY,2013.6843413633346,166.5541360086706,335387.45566995913,167.69372783497957,0.0,QQQ_MA_QQQ_monthly_MA200,pre_tax
2020-04-01,RISK,SELL,2013.6843413633346,178.25000066836228,358939.23519388505,179.46961759694253,23204.616178494005,QQQ_MA_QQQ_monthly_MA200,pre_tax
2020-05-01,RISK,BUY,1732.8509716493716,206.93093705416155,358580.4753386188,179.2902376693094,0.0,QQQ_MA_QQQ_monthly_MA200,pre_tax
2022-02-01,RISK,SELL,1732.8509716493716,354.51975345573044,614329.8992446582,307.1649496223291,255262.96871874772,QQQ_MA_QQQ_monthly_MA200,pre_tax
2023-02-01,RISK,BUY,2127.157922944531,288.5144867416885,613715.8763568575,306.85793817842875,0.0,QQQ_MA_QQQ_monthly_MA200,pre_tax
2025-04-01,RISK,SELL,2127.157922944531,464.538472789733,988146.692907233,494.0733464536165,373629.8852657435,QQQ_MA_QQQ_monthly_MA200,pre_tax
2025-06-02,RISK,BUY,1919.8578127959142,514.1834116366912,987159.0400407591,493.57952002037956,0.0,QQQ_MA_QQQ_monthly_MA200,pre_tax
2026-04-01,RISK,SELL,1919.8578127959142,580.8416686249938,1115133.4155071098,557.566707753555,126923.22923857684,QQQ_MA_QQQ_monthly_MA200,pre_tax
2026-05-01,RISK,BUY,1666.6315191423832,668.425399726581,1114018.8393796664,557.0094196898332,0.0,QQQ_MA_QQQ_monthly_MA200,pre_tax
2006-10-02,RISK,BUY,2877.489481485454,34.73514868798367,99950.02498750626,49.97501249375313,0.0,QQQ_MA_QQQ_monthly_MA200,after_tax
2008-02-01,RISK,SELL,2877.489481485454,39.09081778356802,112483.4169948815,56.24170849744075,12427.175286384037,QQQ_MA_QQQ_monthly_MA200,after_tax
2008-06-02,RISK,BUY,2559.2560797347573,42.92171919073609,109847.67079155936,54.92383539577968,0.0,QQQ_MA_QQQ_monthly_MA200,after_tax
2008-07-01,RISK,SELL,2559.2560797347573,38.55497240482036,98672.0475310423,49.336023765521155,-11279.883119678343,QQQ_MA_QQQ_monthly_MA200,after_tax
2009-05-01,RISK,BUY,3330.4290035031063,29.59781598442575,98573.42479487936,49.286712397439686,0.0,QQQ_MA_QQQ_monthly_MA200,after_tax
2010-07-01,RISK,SELL,3330.4290035031063,37.32603000581639,124311.69291699813,62.15584645849906,25626.825563262828,QQQ_MA_QQQ_monthly_MA200,after_tax
2010-08-02,RISK,BUY,3000.419973947976,40.41911452624908,121274.31855384853,60.637159276924265,0.0,QQQ_MA_QQQ_monthly_MA200,after_tax
2010-09-01,RISK,SELL,3000.419973947976,38.42386192946771,115287.72280939414,57.64386140469707,-6104.876765136025,QQQ_MA_QQQ_monthly_MA200,after_tax
2010-10-01,RISK,BUY,2665.26680926498,43.21236894605707,115172.49270163864,57.586246350819316,0.0,QQQ_MA_QQQ_monthly_MA200,after_tax
2011-09-01,RISK,SELL,2665.26680926498,48.480021074774626,129212.19108306356,64.60609554153179,13917.50603953257,QQQ_MA_QQQ_monthly_MA200,after_tax
2011-11-01,RISK,BUY,2563.7080346147563,49.73136538111569,127496.70099992842,63.74835049996421,0.0,QQQ_MA_QQQ_monthly_MA200,after_tax
2012-01-03,RISK,SELL,2563.7080346147563,50.26616675225979,128867.77557205356,64.43388778602679,1242.8923338391469,QQQ_MA_QQQ_monthly_MA200,after_tax
2012-02-01,RISK,BUY,2389.439375373149,53.77269920655793,128486.604804246,64.243302402123,0.0,QQQ_MA_QQQ_monthly_MA200,after_tax
2015-09-01,RISK,SELL,2389.439375373149,93.86154699198785,224276.4762160929,112.13823810804645,95613.48987133673,QQQ_MA_QQQ_monthly_MA200,after_tax
2015-11-02,RISK,BUY,1946.7693296010618,105.11678776208028,204638.13844140212,102.31906922070107,0.0,QQQ_MA_QQQ_monthly_MA200,after_tax
2016-02-01,RISK,SELL,1946.7693296010618,96.15882677309172,187199.0547322764,93.59952736613819,-17635.00230571258,QQQ_MA_QQQ_monthly_MA200,after_tax
2016-04-01,RISK,BUY,1851.3544320883366,101.01358550741942,187011.9492302951,93.50597461514755,0.0,QQQ_MA_QQQ_monthly_MA200,after_tax
2016-05-02,RISK,SELL,1851.3544320883366,98.64040285951161,182618.34701693585,91.30917350846792,-4578.417361482861,QQQ_MA_QQQ_monthly_MA200,after_tax
2016-06-01,RISK,BUY,1782.0808130432297,102.37236078083242,182435.81993346068,91.21790996673035,0.0,QQQ_MA_QQQ_monthly_MA200,after_tax
2018-11-01,RISK,SELL,1782.0808130432297,161.91841045116647,288551.6925434821,144.27584627174107,105880.37885378298,QQQ_MA_QQQ_monthly_MA200,after_tax
2019-03-01,RISK,BUY,1628.7487241149797,166.5541360086706,271274.83652019507,135.63741826009755,0.0,QQQ_MA_QQQ_monthly_MA200,after_tax
2020-04-01,RISK,SELL,1628.7487241149797,178.25000066836228,290324.4611620893,145.16223058104467,18768.824993053102,QQQ_MA_QQQ_monthly_MA200,after_tax
2020-05-01,RISK,BUY,1383.1827398965108,206.93093705416155,286223.3004839276,143.11165024196382,0.0,QQQ_MA_QQQ_monthly_MA200,after_tax
2022-02-01,RISK,SELL,1383.1827398965108,354.51975345573044,490365.6039323328,245.18280196616638,203754.00899619708,QQQ_MA_QQQ_monthly_MA200,after_tax
2023-02-01,RISK,BUY,1554.5269407325313,288.5144867416885,448503.54243157344,224.25177121578673,0.0,QQQ_MA_QQQ_monthly_MA200,after_tax
2025-04-01,RISK,SELL,1554.5269407325313,464.538472789733,722137.570958386,361.06878547919297,273048.7079701175,QQQ_MA_QQQ_monthly_MA200,after_tax
2025-06-02,RISK,BUY,1295.206448208369,514.1834116366912,665973.6703136206,332.9868351568103,0.0,QQQ_MA_QQQ_monthly_MA200,after_tax
2026-04-01,RISK,SELL,1295.206448208369,580.8416686249938,752309.8745912006,376.1549372956003,85627.06250512763,QQQ_MA_QQQ_monthly_MA200,after_tax
2026-05-01,RISK,BUY,1098.359662062845,668.425399726581,734171.4961579095,367.08574807895474,0.0,QQQ_MA_QQQ_monthly_MA200,after_tax
2006-10-02,RISK,BUY,2877.489481485454,34.73514868798367,99950.02498750626,49.97501249375313,0.0,QQQ_MA_QQQ_monthly_MA225,pre_tax
2008-02-01,RISK,SELL,2877.489481485454,39.09081778356802,112483.4169948815,56.24170849744075,12427.175286384037,QQQ_MA_QQQ_monthly_MA225,pre_tax
2008-06-02,RISK,BUY,2618.0449411201976,42.92171919073609,112370.98979148832,56.185494895744164,0.0,QQQ_MA_QQQ_monthly_MA225,pre_tax
2008-07-01,RISK,SELL,2618.0449411201976,38.55497240482036,100938.65045946877,50.46932522973439,-11538.994152145024,QQQ_MA_QQQ_monthly_MA225,pre_tax
2009-06-01,RISK,BUY,3264.9766705481106,30.884680788908753,100837.7622531125,50.41888112655625,0.0,QQQ_MA_QQQ_monthly_MA225,pre_tax
2010-07-01,RISK,SELL,3264.9766705481106,37.32603000581639,121868.61717316927,60.934308586584635,20919.501730343633,QQQ_MA_QQQ_monthly_MA225,pre_tax
2010-08-02,RISK,BUY,3012.109762592341,40.41911452624908,121746.80945985277,60.873404729926385,0.0,QQQ_MA_QQQ_monthly_MA225,pre_tax
2010-09-01,RISK,SELL,3012.109762592341,38.42386192946771,115736.88963424989,57.868444817124946,-6128.661675149924,QQQ_MA_QQQ_monthly_MA225,pre_tax
2010-10-01,RISK,BUY,2675.6508241534534,43.21236894605707,115621.2105841407,57.810605292070356,0.0,QQQ_MA_QQQ_monthly_MA225,pre_tax
2011-09-01,RISK,SELL,2675.6508241534534,48.480021074774626,129715.60834369752,64.85780417184876,13971.729350092894,QQQ_MA_QQQ_monthly_MA225,pre_tax
2011-11-01,RISK,BUY,2605.718877164642,49.73136538111569,129585.95756074532,64.79297878037266,0.0,QQQ_MA_QQQ_monthly_MA225,pre_tax
2012-01-03,RISK,SELL,2605.718877164642,50.26616675225979,130979.49958906905,65.48974979453453,1263.2592997488246,QQQ_MA_QQQ_monthly_MA225,pre_tax
2012-02-01,RISK,BUY,2433.3646530160313,53.77269920655793,130848.58554650127,65.42429277325064,0.0,QQQ_MA_QQQ_monthly_MA225,pre_tax
2015-09-01,RISK,SELL,2433.3646530160313,93.86154699198785,228399.37072770644,114.19968536385322,97371.16120306806,QQQ_MA_QQQ_monthly_MA225,pre_tax
2015-11-02,RISK,BUY,2170.6436275053584,105.11678776208028,228171.0854995928,114.0855427497964,0.0,QQQ_MA_QQQ_monthly_MA225,pre_tax
2016-02-01,RISK,SELL,2170.6436275053584,96.15882677309172,208726.54456340318,104.3632722817016,-19662.989751221117,QQQ_MA_QQQ_monthly_MA225,pre_tax
2016-04-01,RISK,BUY,2064.256221403416,101.01358550741942,208517.9223299565,104.25896116497825,0.0,QQQ_MA_QQQ_monthly_MA225,pre_tax
2016-05-02,RISK,SELL,2064.256221403416,98.64040285951161,203619.06528448616,101.80953264224308,-5104.925539277552,QQQ_MA_QQQ_monthly_MA225,pre_tax
2016-06-01,RISK,BUY,1987.016284730842,102.37236078083242,203415.547977855,101.7077739889275,0.0,QQQ_MA_QQQ_monthly_MA225,pre_tax
2018-11-01,RISK,SELL,1987.016284730842,161.91841045116647,321734.5183642003,160.86725918210016,118056.3953531743,QQQ_MA_QQQ_monthly_MA225,pre_tax
2019-03-01,RISK,BUY,1929.7806246971224,166.5541360086706,321412.94463270187,160.70647231635093,0.0,QQQ_MA_QQQ_monthly_MA225,pre_tax
2019-06-03,RISK,SELL,1929.7806246971224,165.938934438959,320225.74056318915,160.11287028159458,-1508.0234121106914,QQQ_MA_QQQ_monthly_MA225,pre_tax
2019-07-01,RISK,BUY,1753.393473325466,182.44945000778995,319905.6748554798,159.9528374277399,0.0,QQQ_MA_QQQ_monthly_MA225,pre_tax
2020-04-01,RISK,SELL,1753.393473325466,178.25000066836228,312542.3877921664,156.2711938960832,-7679.511094637215,QQQ_MA_QQQ_monthly_MA225,pre_tax
2020-05-01,RISK,BUY,1508.8609080997364,206.93093705416155,312230.0015974716,156.1150007987358,0.0,QQQ_MA_QQQ_monthly_MA225,pre_tax
2022-03-01,RISK,SELL,1508.8609080997364,336.34780851003364,507502.05978580564,253.75102989290284,194862.19215764245,QQQ_MA_QQQ_monthly_MA225,pre_tax
2023-03-01,RISK,BUY,1764.1502166896987,287.38755155531885,506994.8113502377,253.49740567511884,0.0,QQQ_MA_QQQ_monthly_MA225,pre_tax
2025-04-01,RISK,SELL,1764.1502166896987,464.538472789733,819515.6474327092,409.7578237163546,311857.58085308,QQQ_MA_QQQ_monthly_MA225,pre_tax
2025-06-02,RISK,BUY,1592.2266701143476,514.1834116366912,818696.5413383237,409.3482706691619,0.0,QQQ_MA_QQQ_monthly_MA225,pre_tax
2026-04-01,RISK,SELL,1592.2266701143476,580.8416686249938,924831.5958984351,462.41579794921756,105263.29049149319,QQQ_MA_QQQ_monthly_MA225,pre_tax
2026-05-01,RISK,BUY,1382.2144204351991,668.425399726581,923907.2264872424,461.9536132436212,0.0,QQQ_MA_QQQ_monthly_MA225,pre_tax
2006-10-02,RISK,BUY,2877.489481485454,34.73514868798367,99950.02498750626,49.97501249375313,0.0,QQQ_MA_QQQ_monthly_MA225,after_tax
2008-02-01,RISK,SELL,2877.489481485454,39.09081778356802,112483.4169948815,56.24170849744075,12427.175286384037,QQQ_MA_QQQ_monthly_MA225,after_tax
2008-06-02,RISK,BUY,2559.2560797347573,42.92171919073609,109847.67079155936,54.92383539577968,0.0,QQQ_MA_QQQ_monthly_MA225,after_tax
2008-07-01,RISK,SELL,2559.2560797347573,38.55497240482036,98672.0475310423,49.336023765521155,-11279.883119678343,QQQ_MA_QQQ_monthly_MA225,after_tax
2009-06-01,RISK,BUY,3191.6607935374504,30.884680788908753,98573.42479487936,49.286712397439686,0.0,QQQ_MA_QQQ_monthly_MA225,after_tax
2010-07-01,RISK,SELL,3191.6607935374504,37.32603000581639,119132.02654796663,59.566013273983316,20449.749027415834,QQQ_MA_QQQ_monthly_MA225,after_tax
2010-08-02,RISK,BUY,2898.4065617289607,40.41911452624908,117151.0267621547,58.57551338107735,0.0,QQQ_MA_QQQ_monthly_MA225,after_tax
2010-09-01,RISK,SELL,2898.4065617289607,38.42386192946771,111367.97354333682,55.68398677166841,-5897.312718970614,QQQ_MA_QQQ_monthly_MA225,after_tax
2010-10-01,RISK,BUY,2574.648507811184,43.21236894605707,111256.66122595218,55.62833061297609,0.0,QQQ_MA_QQQ_monthly_MA225,after_tax
2011-09-01,RISK,SELL,2574.648507811184,48.480021074774626,124819.01391882326,62.40950695941163,13444.314855298682,QQQ_MA_QQQ_monthly_MA225,after_tax
2011-11-01,RISK,BUY,2476.5427021562364,49.73136538111569,123161.85000286736,61.580925001433684,0.0,QQQ_MA_QQQ_monthly_MA225,after_tax
2012-01-03,RISK,SELL,2476.5427021562364,50.26616675225979,124486.30843567743,62.24315421783872,1200.634353590809,QQQ_MA_QQQ_monthly_MA225,after_tax
2012-02-01,RISK,BUY,2308.1991269783366,53.77269920655793,124118.0973638457,62.05904868192285,0.0,QQQ_MA_QQQ_monthly_MA225,after_tax
2015-09-01,RISK,SELL,2308.1991269783366,93.86154699198785,216651.14082374246,108.32557041187124,92362.65884080296,QQQ_MA_QQQ_monthly_MA225,after_tax
2015-11-02,RISK,BUY,1880.5797348642236,105.11678776208028,197680.5008593918,98.8402504296959,0.0,QQQ_MA_QQQ_monthly_MA225,after_tax
2016-02-01,RISK,SELL,1880.5797348642236,96.15882677309172,180834.34095779562,90.41717047889782,-17035.41732250477,QQQ_MA_QQQ_monthly_MA225,after_tax
2016-04-01,RISK,BUY,1788.4089162992175,101.01358550741942,180653.5969888223,90.32679849441115,0.0,QQQ_MA_QQQ_monthly_MA225,after_tax
2016-05-02,RISK,SELL,1788.4089162992175,98.64040285951161,176409.3759812974,88.20468799064871,-4422.752494009968,QQQ_MA_QQQ_monthly_MA225,after_tax
2016-06-01,RISK,BUY,1721.4905802867897,102.37236078083242,176233.0547659238,88.11652738296189,0.0,QQQ_MA_QQQ_monthly_MA225,after_tax
2018-11-01,RISK,SELL,1721.4905802867897,161.91841045116647,278741.01836669317,139.3705091833466,102280.4765642031,QQQ_MA_QQQ_monthly_MA225,after_tax
2019-03-01,RISK,BUY,1573.3717380806838,166.5541360086706,262051.5704564887,131.02578522824436,0.0,QQQ_MA_QQQ_monthly_MA225,after_tax
2019-06-03,RISK,SELL,1573.3717380806838,165.938934438959,261083.62969348155,130.54181484674078,-1229.5083630821318,QQQ_MA_QQQ_monthly_MA225,after_tax
2019-07-01,RISK,BUY,1429.5613197476255,182.44945000778995,260822.67654036463,130.4113382701823,0.0,QQQ_MA_QQQ_monthly_MA225,after_tax
2020-04-01,RISK,SELL,1429.5613197476255,178.25000066836228,254819.3062004791,127.40965310023955,-6261.191331255977,QQQ_MA_QQQ_monthly_MA225,after_tax
2020-05-01,RISK,BUY,1230.1911829338,206.93093705416155,254564.61424025873,127.28230712012936,0.0,QQQ_MA_QQQ_monthly_MA225,after_tax
2022-03-01,RISK,SELL,1230.1911829338,336.34780851003364,413772.10842814954,206.8860542140748,158873.32582655657,QQQ_MA_QQQ_monthly_MA225,after_tax
2023-03-01,RISK,BUY,1331.3747569741915,287.38755155531885,382620.5316093706,191.31026580468532,0.0,QQQ_MA_QQQ_monthly_MA225,after_tax
2025-04-01,RISK,SELL,1331.3747569741915,464.538472789733,618474.796315593,309.23739815779646,235353.7170422598,QQQ_MA_QQQ_monthly_MA225,after_tax
2025-06-02,RISK,BUY,1108.6869085822434,514.1834116366912,570068.4170917543,285.03420854587716,0.0,QQQ_MA_QQQ_monthly_MA225,after_tax
2026-04-01,RISK,SELL,1108.6869085822434,580.8416686249938,643971.5539635961,321.98577698179804,73296.11688631412,QQQ_MA_QQQ_monthly_MA225,after_tax
2026-05-01,RISK,BUY,940.1875507401635,668.425399726581,628445.2394214489,314.2226197107245,0.0,QQQ_MA_QQQ_monthly_MA225,after_tax
2006-10-02,RISK,BUY,2877.489481485454,34.73514868798367,99950.02498750626,49.97501249375313,0.0,QQQ_MA_QQQ_monthly_MA250,pre_tax
2008-02-01,RISK,SELL,2877.489481485454,39.09081778356802,112483.4169948815,56.24170849744075,12427.175286384037,QQQ_MA_QQQ_monthly_MA250,pre_tax
2008-06-02,RISK,BUY,2618.0449411201976,42.92171919073609,112370.98979148832,56.185494895744164,0.0,QQQ_MA_QQQ_monthly_MA250,pre_tax
2008-07-01,RISK,SELL,2618.0449411201976,38.55497240482036,100938.65045946877,50.46932522973439,-11538.994152145024,QQQ_MA_QQQ_monthly_MA250,pre_tax
2009-07-01,RISK,BUY,3189.609538704579,31.614453439986427,100837.7622531125,50.41888112655625,0.0,QQQ_MA_QQQ_monthly_MA250,pre_tax
2010-07-01,RISK,SELL,3189.609538704579,37.32603000581639,119055.46134852529,59.52773067426265,18107.75248361197,QQQ_MA_QQQ_monthly_MA250,pre_tax
2010-08-02,RISK,BUY,2942.579687338733,40.41911452624908,118936.46538515846,59.46823269257923,0.0,QQQ_MA_QQQ_monthly_MA250,pre_tax
2010-09-01,RISK,SELL,2942.579687338733,38.42386192946771,113065.27562275974,56.53263781137987,-5987.190632902682,QQQ_MA_QQQ_monthly_MA250,pre_tax
2010-10-01,RISK,BUY,2613.8874032229837,43.21236894605707,112952.26685152261,56.476133425761304,0.0,QQQ_MA_QQQ_monthly_MA250,pre_tax
2011-10-03,RISK,SELL,2613.8874032229837,45.77186634772402,119642.50486832182,59.82125243416091,6573.94063093928,QQQ_MA_QQQ_monthly_MA250,pre_tax
2011-11-01,RISK,BUY,2403.3710162358875,49.73136538111569,119522.92215481025,59.76146107740513,0.0,QQQ_MA_QQQ_monthly_MA250,pre_tax
2012-01-03,RISK,SELL,2403.3710162358875,50.26616675225979,120808.2482696612,60.4041241348306,1165.1605296387133,QQQ_MA_QQQ_monthly_MA250,pre_tax
2012-02-01,RISK,BUY,2244.401009734138,53.77269920655793,120687.50039532871,60.343750197664356,0.0,QQQ_MA_QQQ_monthly_MA250,pre_tax
2015-09-01,RISK,SELL,2244.401009734138,93.86154699198785,210662.95084402576,105.33147542201289,89809.77522307738,QQQ_MA_QQQ_monthly_MA250,pre_tax
2015-11-02,RISK,BUY,2002.081662239836,105.11678776208028,210452.39317201774,105.22619658600887,0.0,QQQ_MA_QQQ_monthly_MA250,pre_tax
2016-02-01,RISK,SELL,2002.081662239836,96.15882677309172,192517.82374490393,96.25891187245196,-18136.05453557227,QQQ_MA_QQQ_monthly_MA250,pre_tax
2016-04-01,RISK,BUY,1903.9558012505086,101.01358550741942,192325.4021319655,96.16270106598276,0.0,QQQ_MA_QQQ_monthly_MA250,pre_tax
2016-05-02,RISK,SELL,1903.9558012505086,98.64040285951161,187806.9672620544,93.9034836310272,-4708.501054608118,QQQ_MA_QQQ_monthly_MA250,pre_tax
2016-06-01,RISK,BUY,1832.71395443365,102.37236078083242,187619.2541513477,93.80962707567386,0.0,QQQ_MA_QQQ_monthly_MA250,pre_tax
2018-12-03,RISK,SELL,1832.71395443365,164.81268108890382,302054.50049925694,151.02725024962848,114190.40947058392,QQQ_MA_QQQ_monthly_MA250,pre_tax
2019-03-01,RISK,BUY,1811.7388386849977,166.5541360086706,301752.59695053205,150.87629847526603,0.0,QQQ_MA_QQQ_monthly_MA250,pre_tax
2019-06-03,RISK,SELL,1811.7388386849977,165.938934438959,300638.0123730656,150.3190061865328,-1415.7798821282922,QQQ_MA_QQQ_monthly_MA250,pre_tax
2019-07-01,RISK,BUY,1646.1410247701674,182.44945000778995,300337.52460457676,150.16876230228837,0.0,QQQ_MA_QQQ_monthly_MA250,pre_tax
2020-04-01,RISK,SELL,1646.1410247701674,178.25000066836228,293424.6387655009,146.71231938275045,-7209.766920760914,QQQ_MA_QQQ_monthly_MA250,pre_tax
2020-05-01,RISK,BUY,1416.5661497440178,206.93093705416155,293131.3607657353,146.56568038286767,0.0,QQQ_MA_QQQ_monthly_MA250,pre_tax
2022-03-01,RISK,SELL,1416.5661497440178,336.34780851003364,476458.92007589655,238.2294600379483,182942.76416974037,QQQ_MA_QQQ_monthly_MA250,pre_tax
2022-04-01,RISK,BUY,1346.942535576183,353.3801084265365,475982.6992662255,237.99134963311275,0.0,QQQ_MA_QQQ_monthly_MA250,pre_tax
2022-05-02,RISK,SELL,1346.942535576183,304.69918805124564,410412.296941749,205.2061484708745,-66013.59982258047,QQQ_MA_QQQ_monthly_MA250,pre_tax
2023-04-03,RISK,BUY,1310.4537339030583,312.8703281475286,410002.08974840393,205.00104487420197,0.0,QQQ_MA_QQQ_monthly_MA250,pre_tax
2025-04-01,RISK,SELL,1310.4537339030583,464.538472789733,608756.1762089299,304.37808810446495,198244.7073275473,QQQ_MA_QQQ_monthly_MA250,pre_tax
2025-06-02,RISK,BUY,1182.7447375692425,514.1834116366912,608147.7242586961,304.0738621293481,0.0,QQQ_MA_QQQ_monthly_MA250,pre_tax
2006-10-02,RISK,BUY,2877.489481485454,34.73514868798367,99950.02498750626,49.97501249375313,0.0,QQQ_MA_QQQ_monthly_MA250,after_tax
2008-02-01,RISK,SELL,2877.489481485454,39.09081778356802,112483.4169948815,56.24170849744075,12427.175286384037,QQQ_MA_QQQ_monthly_MA250,after_tax
2008-06-02,RISK,BUY,2559.2560797347573,42.92171919073609,109847.67079155936,54.92383539577968,0.0,QQQ_MA_QQQ_monthly_MA250,after_tax
2008-07-01,RISK,SELL,2559.2560797347573,38.55497240482036,98672.0475310423,49.336023765521155,-11279.883119678343,QQQ_MA_QQQ_monthly_MA250,after_tax
2009-07-01,RISK,BUY,3117.986049703527,31.614453439986427,98573.42479487936,49.286712397439686,0.0,QQQ_MA_QQQ_monthly_MA250,after_tax
2010-07-01,RISK,SELL,3117.986049703527,37.32603000581639,116382.04084895077,58.19102042447538,17701.138321249484,QQQ_MA_QQQ_monthly_MA250,after_tax
2010-08-02,RISK,BUY,2844.2456554614487,40.41911452624908,114961.89088888268,57.480945444441346,0.0,QQQ_MA_QQQ_monthly_MA250,after_tax
2010-09-01,RISK,SELL,2844.2456554614487,38.42386192946771,109286.9023589391,54.64345117946955,-5787.112926567497,QQQ_MA_QQQ_monthly_MA250,after_tax
2010-10-01,RISK,BUY,2526.537487658039,43.21236894605707,109177.67007272328,54.588835036361644,0.0,QQQ_MA_QQQ_monthly_MA250,after_tax
2011-10-03,RISK,SELL,2526.537487658039,45.77186634772402,115644.33620759819,57.82216810379909,6354.255131734739,QQQ_MA_QQQ_monthly_MA250,after_tax
2011-11-01,RISK,BUY,2320.7404707249016,49.73136538111569,115413.5923043625,57.70679615218125,0.0,QQQ_MA_QQQ_monthly_MA250,after_tax
2012-01-03,RISK,SELL,2320.7404707249016,50.26616675225979,116654.72749017579,58.327363745087894,1125.1010259160248,QQQ_MA_QQQ_monthly_MA250,after_tax
2012-02-01,RISK,BUY,2162.987589031515,53.77269920655793,116309.68101250961,58.15484050625481,0.0,QQQ_MA_QQQ_monthly_MA250,after_tax
2015-09-01,RISK,SELL,2162.987589031515,93.86154699198785,203021.36123096806,101.51068061548403,86552.01469733671,QQQ_MA_QQQ_monthly_MA250,after_tax
2015-11-02,RISK,BUY,1762.2702387988857,105.11678776208028,185244.186671253,92.6220933356265,0.0,QQQ_MA_QQQ_monthly_MA250,after_tax
2016-02-01,RISK,SELL,1762.2702387988857,96.15882677309172,169457.83862003702,84.72891931001851,-15963.699063861655,QQQ_MA_QQQ_monthly_MA250,after_tax
2016-04-01,RISK,BUY,1675.897995478626,101.01358550741942,169288.465467993,84.6442327339965,0.0,QQQ_MA_QQQ_monthly_MA250,after_tax
2016-05-02,RISK,SELL,1675.897995478626,98.64040285951161,165311.25342545964,82.65562671272983,-4144.511901980062,QQQ_MA_QQQ_monthly_MA250,after_tax
2016-06-01,RISK,BUY,1613.1895711569316,102.37236078083242,165146.02478635375,82.57301239317688,0.0,QQQ_MA_QQQ_monthly_MA250,after_tax
2018-12-03,RISK,SELL,1613.1895711569316,164.81268108890382,265874.0983270329,132.93704916351643,100512.56347912244,QQQ_MA_QQQ_monthly_MA250,after_tax
2019-03-01,RISK,BUY,1496.7048063212349,166.5541360086706,249282.37587685796,124.64118793842898,0.0,QQQ_MA_QQQ_monthly_MA250,after_tax
2019-06-03,RISK,SELL,1496.7048063212349,165.938934438959,248361.6007306142,124.1808003653071,-1169.5971345474536,QQQ_MA_QQQ_monthly_MA250,after_tax
2019-07-01,RISK,BUY,1359.9019522285819,182.44945000778995,248113.3632486246,124.0566816243123,0.0,QQQ_MA_QQQ_monthly_MA250,after_tax
2020-04-01,RISK,SELL,1359.9019522285819,178.25000066836228,242402.52389365187,121.20126194682594,-5956.097298543871,QQQ_MA_QQQ_monthly_MA250,after_tax
2020-05-01,RISK,BUY,1170.2466820950388,206.93093705416155,242160.24251044984,121.08012125522492,0.0,QQQ_MA_QQQ_monthly_MA250,after_tax
2022-03-01,RISK,SELL,1170.2466820950388,336.34780851003364,393609.9069388043,196.80495346940216,151131.77935362983,QQQ_MA_QQQ_monthly_MA250,after_tax
2022-04-01,RISK,BUY,1029.985188797197,353.3801084265365,363976.2776948801,181.98813884744004,0.0,QQQ_MA_QQQ_monthly_MA250,after_tax
2022-05-02,RISK,SELL,1029.985188797197,304.69918805124564,313835.65073131485,156.91782536565742,-50479.532927778375,QQQ_MA_QQQ_monthly_MA250,after_tax
2023-04-03,RISK,BUY,1002.0827918592311,312.8703281475286,313521.9719199892,156.7609859599946,0.0,QQQ_MA_QQQ_monthly_MA250,after_tax
2025-04-01,RISK,SELL,1002.0827918592311,464.538472789733,465506.0097391591,232.75300486957954,151594.5238283403,QQQ_MA_QQQ_monthly_MA250,after_tax
2025-06-02,RISK,BUY,864.4959785305674,514.1834116366912,444509.4915870469,222.25474579352345,0.0,QQQ_MA_QQQ_monthly_MA250,after_tax
2006-06-21,RISK,BUY,3064.8485430407773,32.61173385368702,99950.02498750626,49.97501249375313,0.0,QQQ_MA_QQQ_bimonthly_MA150,pre_tax
2006-07-03,RISK,SELL,3064.8485430407773,33.25304666513917,101915.55162331877,50.95777581165938,1864.5938475071016,QQQ_MA_QQQ_bimonthly_MA150,pre_tax
2006-11-01,RISK,BUY,2785.030964509871,36.557470384148125,101813.6870040051,50.90684350200255,0.0,QQQ_MA_QQQ_bimonthly_MA150,pre_tax
2008-03-03,RISK,SELL,2785.030964509871,36.874231391076805,102695.8762166508,51.3479381083254,779.9344310353626,QQQ_MA_QQQ_bimonthly_MA150,pre_tax
2008-09-02,RISK,BUY,2544.007934293225,40.32740239515547,102593.23166271111,51.29661583135556,0.0,QQQ_MA_QQQ_bimonthly_MA150,pre_tax
2008-11-03,RISK,SELL,2544.007934293225,28.249081975168036,71865.88868132721,35.9329443406636,-30814.572541555914,QQQ_MA_QQQ_bimonthly_MA150,pre_tax
2009-05-01,RISK,BUY,2425.653931540438,29.59781598442575,71794.05870763274,35.89702935381637,0.0,QQQ_MA_QQQ_bimonthly_MA150,pre_tax
2010-07-01,RISK,SELL,2425.653931540438,37.32603000581639,90540.03143240488,45.270015716202444,18664.805679702127,QQQ_MA_QQQ_bimonthly_MA150,pre_tax
2010-11-01,RISK,BUY,1977.632652589466,45.736267819977584,90449.5366483645,45.22476832418225,0.0,QQQ_MA_QQQ_bimonthly_MA150,pre_tax
2011-09-01,RISK,SELL,1977.632652589466,48.480021074774626,95875.67267569977,47.93783633784989,5332.973422673225,QQQ_MA_QQQ_bimonthly_MA150,pre_tax
2011-11-01,RISK,BUY,1925.9444051635392,49.73136538111569,95779.84491690347,47.889922458451736,0.0,QQQ_MA_QQQ_bimonthly_MA150,pre_tax
2012-11-01,RISK,SELL,1925.9444051635392,58.12589408130151,111947.24050101113,55.97362025050556,16063.532041398706,QQQ_MA_QQQ_bimonthly_MA150,pre_tax
2013-01-02,RISK,BUY,1874.0801783442314,59.67479433295389,111835.34920615755,55.91767460307878,0.0,QQQ_MA_QQQ_bimonthly_MA150,pre_tax
2015-09-01,RISK,SELL,1874.0801783442314,93.86154699198785,175904.06472641006,87.95203236320503,63924.845813286214,QQQ_MA_QQQ_bimonthly_MA150,pre_tax
2015-11-02,RISK,BUY,1671.7429471637067,105.11678776208028,175728.24856976196,87.86412428488099,0.0,QQQ_MA_QQQ_bimonthly_MA150,pre_tax
2016-03-01,RISK,SELL,1671.7429471637067,96.01965717355068,160520.18466896037,80.26009233448019,-15376.188117420941,QQQ_MA_QQQ_bimonthly_MA150,pre_tax
2016-07-01,RISK,BUY,1598.755543949499,100.3028544990235,160359.74470427376,80.17987235213688,0.0,QQQ_MA_QQQ_bimonthly_MA150,pre_tax
2018-11-01,RISK,SELL,1598.755543949499,161.91841045116647,258867.9563762929,129.43397818814645,98298.59782147885,QQQ_MA_QQQ_bimonthly_MA150,pre_tax
2019-03-01,RISK,BUY,1552.7036673274042,166.5541360086706,258609.21778921015,129.30460889460508,0.0,QQQ_MA_QQQ_bimonthly_MA150,pre_tax
2022-03-01,RISK,SELL,1552.7036673274042,336.34780851003364,522248.47577106475,261.1242378855324,263248.8291350745,QQQ_MA_QQQ_bimonthly_MA150,pre_tax
2023-03-01,RISK,BUY,1815.4108814577805,287.38755155531885,521726.48828903475,260.86324414451735,0.0,QQQ_MA_QQQ_bimonthly_MA150,pre_tax
2023-11-01,RISK,SELL,1815.4108814577805,346.18445928320784,628467.0343743134,314.23351718715674,106165.44932394702,QQQ_MA_QQQ_bimonthly_MA150,pre_tax
2024-01-02,RISK,BUY,1567.7899089703083,400.46110631543075,627838.8814164181,313.9194407082091,0.0,QQQ_MA_QQQ_bimonthly_MA150,pre_tax
2025-05-01,RISK,SELL,1567.7899089703083,480.5532222946606,753406.4926367343,376.7032463183671,124876.98853328952,QQQ_MA_QQQ_bimonthly_MA150,pre_tax
2025-07-01,RISK,BUY,1375.7271292174182,547.0950210069877,752653.4626590863,376.3267313295432,0.0,QQQ_MA_QQQ_bimonthly_MA150,pre_tax
2006-06-21,RISK,BUY,3064.8485430407773,32.61173385368702,99950.02498750626,49.97501249375313,0.0,QQQ_MA_QQQ_bimonthly_MA150,after_tax
2006-07-03,RISK,SELL,3064.8485430407773,33.25304666513917,101915.55162331877,50.95777581165938,1864.5938475071016,QQQ_MA_QQQ_bimonthly_MA150,after_tax
2006-11-01,RISK,BUY,2774.674587696231,36.557470384148125,101435.08406535337,50.71754203267668,0.0,QQQ_MA_QQQ_bimonthly_MA150,after_tax
2008-03-03,RISK,SELL,2774.674587696231,36.874231391076805,102313.99278165145,51.156996390825725,777.0341778745787,QQQ_MA_QQQ_bimonthly_MA150,after_tax
2008-09-02,RISK,BUY,2530.635455139747,40.32740239515547,102053.95431486798,51.02697715743399,0.0,QQQ_MA_QQQ_bimonthly_MA150,after_tax
2008-11-03,RISK,SELL,2530.635455139747,28.249081975168036,71488.12842150939,35.74406421075469,-30652.596934726767,QQQ_MA_QQQ_bimonthly_MA150,after_tax
2009-05-01,RISK,BUY,2412.9035756174767,29.59781598442575,71416.67601928899,35.7083380096445,0.0,QQQ_MA_QQQ_bimonthly_MA150,after_tax
2010-07-01,RISK,SELL,2412.9035756174767,37.32603000581639,90064.11126463959,45.032055632319796,18566.694851708642,QQQ_MA_QQQ_bimonthly_MA150,after_tax
2010-11-01,RISK,BUY,1967.2373031632715,45.736267819977584,89974.09216292582,44.987046081462914,0.0,QQQ_MA_QQQ_bimonthly_MA150,after_tax
2011-09-01,RISK,SELL,1967.2373031632715,48.480021074774626,95371.70591643821,47.68585295821911,5304.940854472705,QQQ_MA_QQQ_bimonthly_MA150,after_tax
2011-11-01,RISK,BUY,1915.8207530075713,49.73136538111569,95276.38187254372,47.63819093627186,0.0,QQQ_MA_QQQ_bimonthly_MA150,after_tax
2012-11-01,RISK,SELL,1915.8207530075713,58.12589408130151,111358.7941680774,55.6793970840387,15979.094707513374,QQQ_MA_QQQ_bimonthly_MA150,after_tax
2013-01-02,RISK,BUY,1832.9317304796716,59.67479433295389,109379.82404271967,54.68991202135984,0.0,QQQ_MA_QQQ_bimonthly_MA150,after_tax
2015-09-01,RISK,SELL,1832.9317304796716,93.86154699198785,172041.80775352332,86.02090387676166,62521.27289490553,QQQ_MA_QQQ_bimonthly_MA150,after_tax
2015-11-02,RISK,BUY,1514.2681406888207,105.11678776208028,159175.00275966668,79.58750137983334,0.0,QQQ_MA_QQQ_bimonthly_MA150,after_tax
2016-03-01,RISK,SELL,1514.2681406888207,96.01965717355068,145399.5077377706,72.6997538688853,-13927.782277144812,QQQ_MA_QQQ_bimonthly_MA150,after_tax
2016-07-01,RISK,BUY,1448.1560033255994,100.3028544990235,145254.180893455,72.6270904467275,0.0,QQQ_MA_QQQ_bimonthly_MA150,after_tax
2018-11-01,RISK,SELL,1448.1560033255994,161.91841045116647,234483.1181437952,117.2415590718976,89039.06860082157,QQQ_MA_QQQ_bimonthly_MA150,after_tax
2019-03-01,RISK,BUY,1314.8729011248547,166.5541360086706,218997.52000806434,109.49876000403218,0.0,QQQ_MA_QQQ_bimonthly_MA150,after_tax
2022-03-01,RISK,SELL,1314.8729011248547,336.34780851003364,442254.61876257503,221.12730938128752,222926.4726851254,QQQ_MA_QQQ_bimonthly_MA150,after_tax
2023-03-01,RISK,BUY,1379.8360524970135,287.38755155531885,396547.7046748731,198.27385233743655,0.0,QQQ_MA_QQQ_bimonthly_MA150,after_tax
2023-11-01,RISK,SELL,1379.8360524970135,346.18445928320784,477677.7977331546,238.83889886657732,80692.98030707752,QQQ_MA_QQQ_bimonthly_MA150,after_tax
2024-01-02,RISK,BUY,1150.7129275019672,400.46110631543075,460815.77199890587,230.40788599945293,0.0,QQQ_MA_QQQ_bimonthly_MA150,after_tax
2025-05-01,RISK,SELL,1150.7129275019672,480.5532222946606,552978.8052471925,276.4894026235963,91656.13595966354,QQQ_MA_QQQ_bimonthly_MA150,after_tax
2025-07-01,RISK,BUY,975.7271471960609,547.0950210069877,533815.4640923172,266.90773204615857,0.0,QQQ_MA_QQQ_bimonthly_MA150,after_tax
2006-06-21,RISK,BUY,3064.8485430407773,32.61173385368702,99950.02498750626,49.97501249375313,0.0,QQQ_MA_QQQ_bimonthly_MA175,pre_tax
2006-07-03,RISK,SELL,3064.8485430407773,33.25304666513917,101915.55162331877,50.95777581165938,1864.5938475071016,QQQ_MA_QQQ_bimonthly_MA175,pre_tax
2006-11-01,RISK,BUY,2785.030964509871,36.557470384148125,101813.6870040051,50.90684350200255,0.0,QQQ_MA_QQQ_bimonthly_MA175,pre_tax
2008-03-03,RISK,SELL,2785.030964509871,36.874231391076805,102695.8762166508,51.3479381083254,779.9344310353626,QQQ_MA_QQQ_bimonthly_MA175,pre_tax
2009-05-01,RISK,BUY,3466.2433105434284,29.59781598442575,102593.23166271111,51.29661583135556,0.0,QQQ_MA_QQQ_bimonthly_MA175,pre_tax
2010-07-01,RISK,SELL,3466.2433105434284,37.32603000581639,129381.10181680435,64.69055090840217,26671.882987353485,QQQ_MA_QQQ_bimonthly_MA175,pre_tax
2010-11-01,RISK,BUY,2826.0238872563236,45.736267819977584,129251.78537320935,64.62589268660467,0.0,QQQ_MA_QQQ_bimonthly_MA175,pre_tax
2011-09-01,RISK,SELL,2826.0238872563236,48.480021074774626,137005.69761200307,68.50284880600154,7620.783497301105,QQQ_MA_QQQ_bimonthly_MA175,pre_tax
2011-11-01,RISK,BUY,2752.1617259874843,49.73136538111569,136868.76038300557,68.43438019150278,0.0,QQQ_MA_QQQ_bimonthly_MA175,pre_tax
2012-11-01,RISK,SELL,2752.1617259874843,58.12589408130151,159971.86097936047,79.98593048968024,22954.680285673734,QQQ_MA_QQQ_bimonthly_MA175,pre_tax
2013-01-02,RISK,BUY,2678.0480913377287,59.67479433295389,159811.96906433866,79.90598453216933,0.0,QQQ_MA_QQQ_bimonthly_MA175,pre_tax
2015-09-01,RISK,SELL,2678.0480913377287,93.86154699198785,251365.7367718996,125.6828683859498,91348.17885464281,QQQ_MA_QQQ_bimonthly_MA175,pre_tax
2015-11-02,RISK,BUY,2388.909535778003,105.11678776208028,251114.49665518606,125.55724832759303,0.0,QQQ_MA_QQQ_bimonthly_MA175,pre_tax
2016-03-01,RISK,SELL,2388.909535778003,96.01965717355068,229382.27464402994,114.69113732201497,-21972.47039680573,QQQ_MA_QQQ_bimonthly_MA175,pre_tax
2016-07-01,RISK,BUY,2284.6110227644344,100.3028544990235,229153.00700320632,114.57650350160317,0.0,QQQ_MA_QQQ_bimonthly_MA175,pre_tax
2018-11-01,RISK,SELL,2284.6110227644344,161.91841045116647,369920.5853052309,184.96029265261546,140468.0415058704,QQQ_MA_QQQ_bimonthly_MA175,pre_tax
2019-03-01,RISK,BUY,2218.8031978296,166.5541360086706,369550.84958778444,184.77542479389223,0.0,QQQ_MA_QQQ_bimonthly_MA175,pre_tax
2022-03-01,RISK,SELL,2218.8031978296,336.34780851003364,746289.5931050406,373.1447965525203,376180.8232959098,QQQ_MA_QQQ_bimonthly_MA175,pre_tax
2023-03-01,RISK,BUY,2594.210056891571,287.38755155531885,745543.676470253,372.77183823512655,0.0,QQQ_MA_QQQ_bimonthly_MA175,pre_tax
2025-05-01,RISK,SELL,2594.210056891571,480.5532222946606,1246656.0021484594,623.3280010742297,500116.22583889705,QQQ_MA_QQQ_bimonthly_MA175,pre_tax
2025-07-01,RISK,BUY,2276.405233720628,547.0950210069877,1245409.9691628038,622.704984581402,0.0,QQQ_MA_QQQ_bimonthly_MA175,pre_tax
2006-06-21,RISK,BUY,3064.8485430407773,32.61173385368702,99950.02498750626,49.97501249375313,0.0,QQQ_MA_QQQ_bimonthly_MA175,after_tax
2006-07-03,RISK,SELL,3064.8485430407773,33.25304666513917,101915.55162331877,50.95777581165938,1864.5938475071016,QQQ_MA_QQQ_bimonthly_MA175,after_tax
2006-11-01,RISK,BUY,2774.674587696231,36.557470384148125,101435.08406535337,50.71754203267668,0.0,QQQ_MA_QQQ_bimonthly_MA175,after_tax
2008-03-03,RISK,SELL,2774.674587696231,36.874231391076805,102313.99278165145,51.156996390825725,777.0341778745787,QQQ_MA_QQQ_bimonthly_MA175,after_tax
2009-05-01,RISK,BUY,3448.0231368614614,29.59781598442575,102053.95431486798,51.02697715743399,0.0,QQQ_MA_QQQ_bimonthly_MA175,after_tax
2010-07-01,RISK,SELL,3448.0231368614614,37.32603000581639,128701.01506724006,64.35050753362003,26531.68326768103,QQQ_MA_QQQ_bimonthly_MA175,after_tax
2010-11-01,RISK,BUY,2693.3802514994027,45.736267819977584,123185.16052361525,61.592580261807626,0.0,QQQ_MA_QQQ_bimonthly_MA175,after_tax
2011-09-01,RISK,SELL,2693.3802514994027,48.480021074774626,130575.13135507282,65.2875656775364,7263.090685518211,QQQ_MA_QQQ_bimonthly_MA175,after_tax
2011-11-01,RISK,BUY,2593.3304062191046,49.73136538111569,128969.86198563945,64.48493099281973,0.0,QQQ_MA_QQQ_bimonthly_MA175,after_tax
2012-11-01,RISK,SELL,2593.3304062191046,58.12589408130151,150739.6485097103,75.36982425485515,21629.931768823182,QQQ_MA_QQQ_bimonthly_MA175,after_tax
2013-01-02,RISK,BUY,2449.8963281072756,59.67479433295389,146197.05951686058,73.09852975843029,0.0,QQQ_MA_QQQ_bimonthly_MA175,after_tax
2015-09-01,RISK,SELL,2449.8963281072756,93.86154699198785,229951.05932613954,114.97552966306978,83565.92574985747,QQQ_MA_QQQ_bimonthly_MA175,after_tax
2015-11-02,RISK,BUY,2023.970612736641,105.11678776208028,212753.28933572507,106.37664466786254,0.0,QQQ_MA_QQQ_bimonthly_MA175,after_tax
2016-03-01,RISK,SELL,2023.970612736641,96.01965717355068,194340.96436431358,97.17048218215679,-18615.87209826149,QQQ_MA_QQQ_bimonthly_MA175,after_tax
2016-07-01,RISK,BUY,1935.6051379750177,100.3028544990235,194146.7205218705,97.07336026093526,0.0,QQQ_MA_QQQ_bimonthly_MA175,after_tax
2018-11-01,RISK,SELL,1935.6051379750177,161.91841045116647,313410.1072020256,156.7050536010128,119009.60826629316,QQQ_MA_QQQ_bimonthly_MA175,after_tax
2019-03-01,RISK,BUY,1757.4589597783536,166.5541360086706,292712.0586165807,146.35602930829035,0.0,QQQ_MA_QQQ_bimonthly_MA175,after_tax
2022-03-01,RISK,SELL,1757.4589597783536,336.34780851003364,591117.4696677726,295.5587348338863,297963.49628704984,QQQ_MA_QQQ_bimonthly_MA175,after_tax
2023-03-01,RISK,BUY,1844.288700004019,287.38755155531885,530025.613855297,265.0128069276485,0.0,QQQ_MA_QQQ_bimonthly_MA175,after_tax
2025-05-01,RISK,SELL,1844.288700004019,480.5532222946606,886278.8776285619,443.139438814281,355545.111527523,QQQ_MA_QQQ_bimonthly_MA175,after_tax
2025-07-01,RISK,BUY,1486.3965444463267,547.0950210069877,813200.1487085772,406.6000743542886,0.0,QQQ_MA_QQQ_bimonthly_MA175,after_tax
2006-06-21,RISK,BUY,3064.8485430407773,32.61173385368702,99950.02498750626,49.97501249375313,0.0,QQQ_MA_QQQ_bimonthly_MA200,pre_tax
2006-07-03,RISK,SELL,3064.8485430407773,33.25304666513917,101915.55162331877,50.95777581165938,1864.5938475071016,QQQ_MA_QQQ_bimonthly_MA200,pre_tax
2006-11-01,RISK,BUY,2785.030964509871,36.557470384148125,101813.6870040051,50.90684350200255,0.0,QQQ_MA_QQQ_bimonthly_MA200,pre_tax
2008-03-03,RISK,SELL,2785.030964509871,36.874231391076805,102695.8762166508,51.3479381083254,779.9344310353626,QQQ_MA_QQQ_bimonthly_MA200,pre_tax
2009-05-01,RISK,BUY,3466.2433105434284,29.59781598442575,102593.23166271111,51.29661583135556,0.0,QQQ_MA_QQQ_bimonthly_MA200,pre_tax
2010-07-01,RISK,SELL,3466.2433105434284,37.32603000581639,129381.10181680435,64.69055090840217,26671.882987353485,QQQ_MA_QQQ_bimonthly_MA200,pre_tax
2010-11-01,RISK,BUY,2826.0238872563236,45.736267819977584,129251.78537320935,64.62589268660467,0.0,QQQ_MA_QQQ_bimonthly_MA200,pre_tax
2011-09-01,RISK,SELL,2826.0238872563236,48.480021074774626,137005.69761200307,68.50284880600154,7620.783497301105,QQQ_MA_QQQ_bimonthly_MA200,pre_tax
2011-11-01,RISK,BUY,2752.1617259874843,49.73136538111569,136868.76038300557,68.43438019150278,0.0,QQQ_MA_QQQ_bimonthly_MA200,pre_tax
2012-01-03,RISK,SELL,2752.1617259874843,50.26616675225979,138340.620247674,69.170310123837,1334.2551743531076,QQQ_MA_QQQ_bimonthly_MA200,pre_tax
2012-03-01,RISK,BUY,2420.2476440722166,57.10256514520744,138202.3487631686,69.1011743815843,0.0,QQQ_MA_QQQ_bimonthly_MA200,pre_tax
2015-09-01,RISK,SELL,2420.2476440722166,93.86154699198785,227168.18797633224,113.58409398816612,88783.15394479388,QQQ_MA_QQQ_bimonthly_MA200,pre_tax
2015-11-02,RISK,BUY,2158.9428115834485,105.11678776208028,226941.13331568622,113.47056665784311,0.0,QQQ_MA_QQQ_bimonthly_MA200,pre_tax
2016-03-01,RISK,SELL,2158.9428115834485,96.01965717355068,207300.94862554435,103.65047431277218,-19857.305731112487,QQQ_MA_QQQ_bimonthly_MA200,pre_tax
2016-07-01,RISK,BUY,2064.6845227880326,100.3028544990235,207093.7512755938,103.5468756377969,0.0,QQQ_MA_QQQ_bimonthly_MA200,pre_tax
2018-11-01,RISK,SELL,2064.6845227880326,161.91841045116647,334310.4360129634,167.1552180064817,126945.98264372535,QQQ_MA_QQQ_bimonthly_MA200,pre_tax
2019-03-01,RISK,BUY,2005.2116426051782,166.5541360086706,333976.29264863266,166.98814632431635,0.0,QQQ_MA_QQQ_bimonthly_MA200,pre_tax
2022-03-01,RISK,SELL,2005.2116426051782,336.34780851003364,674448.5415890565,337.22427079452825,339968.036523305,QQQ_MA_QQQ_bimonthly_MA200,pre_tax
2023-03-01,RISK,BUY,2344.4802200262193,287.38755155531885,673774.4301032104,336.8872150516052,0.0,QQQ_MA_QQQ_bimonthly_MA200,pre_tax
2025-05-01,RISK,SELL,2344.4802200262193,480.5532222946606,1126647.5243396945,563.3237621698473,451972.8832592628,QQQ_MA_QQQ_bimonthly_MA200,pre_tax
2025-07-01,RISK,BUY,2057.26865835107,547.0950210069877,1125521.439857596,562.760719928798,0.0,QQQ_MA_QQQ_bimonthly_MA200,pre_tax
2006-06-21,RISK,BUY,3064.8485430407773,32.61173385368702,99950.02498750626,49.97501249375313,0.0,QQQ_MA_QQQ_bimonthly_MA200,after_tax
2006-07-03,RISK,SELL,3064.8485430407773,33.25304666513917,101915.55162331877,50.95777581165938,1864.5938475071016,QQQ_MA_QQQ_bimonthly_MA200,after_tax
2006-11-01,RISK,BUY,2774.674587696231,36.557470384148125,101435.08406535337,50.71754203267668,0.0,QQQ_MA_QQQ_bimonthly_MA200,after_tax
2008-03-03,RISK,SELL,2774.674587696231,36.874231391076805,102313.99278165145,51.156996390825725,777.0341778745787,QQQ_MA_QQQ_bimonthly_MA200,after_tax
2009-05-01,RISK,BUY,3448.0231368614614,29.59781598442575,102053.95431486798,51.02697715743399,0.0,QQQ_MA_QQQ_bimonthly_MA200,after_tax
2010-07-01,RISK,SELL,3448.0231368614614,37.32603000581639,128701.01506724006,64.35050753362003,26531.68326768103,QQQ_MA_QQQ_bimonthly_MA200,after_tax
2010-11-01,RISK,BUY,2693.3802514994027,45.736267819977584,123185.16052361525,61.592580261807626,0.0,QQQ_MA_QQQ_bimonthly_MA200,after_tax
2011-09-01,RISK,SELL,2693.3802514994027,48.480021074774626,130575.13135507282,65.2875656775364,7263.090685518211,QQQ_MA_QQQ_bimonthly_MA200,after_tax
2011-11-01,RISK,BUY,2593.3304062191046,49.73136538111569,128969.86198563945,64.48493099281973,0.0,QQQ_MA_QQQ_bimonthly_MA200,after_tax
2012-01-03,RISK,SELL,2593.3304062191046,50.26616675225979,130356.77864271513,65.17838932135757,1257.2533367615106,QQQ_MA_QQQ_bimonthly_MA200,after_tax
2012-03-01,RISK,BUY,2276.100965091599,57.10256514520744,129971.20363621257,64.98560181810629,0.0,QQQ_MA_QQQ_bimonthly_MA200,after_tax
2015-09-01,RISK,SELL,2276.100965091599,93.86154699198785,213638.35769345402,106.81917884672701,83495.34927657663,QQQ_MA_QQQ_bimonthly_MA200,after_tax
2015-11-02,RISK,BUY,1869.0755956357025,105.11678776208028,196471.2226977219,98.23561134886096,0.0,QQQ_MA_QQQ_bimonthly_MA200,after_tax
2016-03-01,RISK,SELL,1869.0755956357025,96.01965717355068,179467.9979243902,89.7339989621951,-17191.194383642753,QQQ_MA_QQQ_bimonthly_MA200,after_tax
2016-07-01,RISK,BUY,1787.4727545003784,100.3028544990235,179288.6196156202,89.6443098078101,0.0,QQQ_MA_QQQ_bimonthly_MA200,after_tax
2018-11-01,RISK,SELL,1787.4727545003784,161.91841045116647,289424.7471334694,144.7123735667347,109901.77083447462,QQQ_MA_QQQ_bimonthly_MA200,after_tax
2019-03-01,RISK,BUY,1622.9601513885464,166.5541360086706,270310.7257910206,135.1553628955103,0.0,QQQ_MA_QQQ_bimonthly_MA200,after_tax
2022-03-01,RISK,SELL,1622.9601513885464,336.34780851003364,545879.0902186501,272.939545109325,275160.26951962465,QQQ_MA_QQQ_bimonthly_MA200,after_tax
2023-03-01,RISK,BUY,1703.1447881663216,287.38755155531885,489462.6106153214,244.7313053076607,0.0,QQQ_MA_QQQ_bimonthly_MA200,after_tax
2025-05-01,RISK,SELL,1703.1447881663216,480.5532222946606,818451.715987683,409.22585799384154,328335.1482090602,QQQ_MA_QQQ_bimonthly_MA200,after_tax
2025-07-01,RISK,BUY,1372.6422158400012,547.0950210069877,750965.7219100636,375.4828609550318,0.0,QQQ_MA_QQQ_bimonthly_MA200,after_tax
2006-06-21,RISK,BUY,3064.8485430407773,32.61173385368702,99950.02498750626,49.97501249375313,0.0,QQQ_MA_QQQ_bimonthly_MA225,pre_tax
2006-07-03,RISK,SELL,3064.8485430407773,33.25304666513917,101915.55162331877,50.95777581165938,1864.5938475071016,QQQ_MA_QQQ_bimonthly_MA225,pre_tax
2006-11-01,RISK,BUY,2785.030964509871,36.557470384148125,101813.6870040051,50.90684350200255,0.0,QQQ_MA_QQQ_bimonthly_MA225,pre_tax
2008-03-03,RISK,SELL,2785.030964509871,36.874231391076805,102695.8762166508,51.3479381083254,779.9344310353626,QQQ_MA_QQQ_bimonthly_MA225,pre_tax
2009-07-01,RISK,BUY,3245.1369705778206,31.614453439986427,102593.23166271111,51.29661583135556,0.0,QQQ_MA_QQQ_bimonthly_MA225,pre_tax
2010-07-01,RISK,SELL,3245.1369705778206,37.32603000581639,121128.07993677184,60.56403996838592,18422.987618260988,QQQ_MA_QQQ_bimonthly_MA225,pre_tax
2010-11-01,RISK,BUY,2645.7561615412865,45.736267819977584,121007.01239060816,60.50350619530408,0.0,QQQ_MA_QQQ_bimonthly_MA225,pre_tax
2011-09-01,RISK,SELL,2645.7561615412865,48.480021074774626,128266.3144702364,64.1331572351182,7134.665416197822,QQQ_MA_QQQ_bimonthly_MA225,pre_tax
2011-11-01,RISK,BUY,2576.605554158589,49.73136538111569,128138.11225687285,64.06905612843643,0.0,QQQ_MA_QQQ_bimonthly_MA225,pre_tax
2012-01-03,RISK,SELL,2576.605554158589,50.26616675225979,129516.08444013438,64.7580422200672,1249.1450849130197,QQQ_MA_QQQ_bimonthly_MA225,pre_tax
2012-03-01,RISK,BUY,2265.8637620280865,57.10256514520744,129386.63308137363,64.69331654068681,0.0,QQQ_MA_QQQ_bimonthly_MA225,pre_tax
2015-09-01,RISK,SELL,2265.8637620280865,93.86154699198785,212677.47797704162,106.33873898852082,83119.81284013878,QQQ_MA_QQQ_bimonthly_MA225,pre_tax
2015-11-02,RISK,BUY,2021.227163691023,105.11678776208028,212464.90678466076,106.23245339233038,0.0,QQQ_MA_QQQ_bimonthly_MA225,pre_tax
2016-03-01,RISK,SELL,2021.227163691023,96.01965717355068,194077.53932748025,97.03876966374013,-18590.63868023659,QQQ_MA_QQQ_bimonthly_MA225,pre_tax
2016-07-01,RISK,BUY,1932.9814664478454,100.3028544990235,193883.5587784273,96.94177938921365,0.0,QQQ_MA_QQQ_bimonthly_MA225,pre_tax
2018-11-01,RISK,SELL,1932.9814664478454,161.91841045116647,312985.2864787999,156.49264323939994,118848.29327774397,QQQ_MA_QQQ_bimonthly_MA225,pre_tax
2019-03-01,RISK,BUY,1877.3022699987455,166.5541360086706,312672.4576067571,156.33622880337856,0.0,QQQ_MA_QQQ_bimonthly_MA225,pre_tax
2022-03-01,RISK,SELL,1877.3022699987455,336.34780851003364,631426.5044249896,315.7132522124948,318281.99733721657,QQQ_MA_QQQ_bimonthly_MA225,pre_tax
2023-03-01,RISK,BUY,2194.9294256561357,287.38755155531885,630795.393476039,315.39769673801953,0.0,QQQ_MA_QQQ_bimonthly_MA225,pre_tax
2025-05-01,RISK,SELL,2194.9294256561357,480.5532222946606,1054780.4082084247,527.3902041042123,423142.2268315435,QQQ_MA_QQQ_bimonthly_MA225,pre_tax
2025-07-01,RISK,BUY,1926.0386486196858,547.0950210069877,1053726.1549268572,526.8630774634286,0.0,QQQ_MA_QQQ_bimonthly_MA225,pre_tax
2006-06-21,RISK,BUY,3064.8485430407773,32.61173385368702,99950.02498750626,49.97501249375313,0.0,QQQ_MA_QQQ_bimonthly_MA225,after_tax
2006-07-03,RISK,SELL,3064.8485430407773,33.25304666513917,101915.55162331877,50.95777581165938,1864.5938475071016,QQQ_MA_QQQ_bimonthly_MA225,after_tax
2006-11-01,RISK,BUY,2774.674587696231,36.557470384148125,101435.08406535337,50.71754203267668,0.0,QQQ_MA_QQQ_bimonthly_MA225,after_tax
2008-03-03,RISK,SELL,2774.674587696231,36.874231391076805,102313.99278165145,51.156996390825725,777.0341778745787,QQQ_MA_QQQ_bimonthly_MA225,after_tax
2009-07-01,RISK,BUY,3228.079033806374,31.614453439986427,102053.95431486798,51.02697715743399,0.0,QQQ_MA_QQQ_bimonthly_MA225,after_tax
2010-07-01,RISK,SELL,3228.079033806374,37.32603000581639,120491.3748770035,60.245687438501754,18326.147897539588,QQQ_MA_QQQ_bimonthly_MA225,after_tax
2010-11-01,RISK,BUY,2550.488985670295,45.736267819977584,116649.84732051958,58.32492366025979,0.0,QQQ_MA_QQQ_bimonthly_MA225,after_tax
2011-09-01,RISK,SELL,2550.488985670295,48.480021074774626,123647.75977627645,61.82387988813822,6877.7636522084795,QQQ_MA_QQQ_bimonthly_MA225,after_tax
2011-11-01,RISK,BUY,2455.7470611821495,49.73136538111569,122127.65438325054,61.06382719162527,0.0,QQQ_MA_QQQ_bimonthly_MA225,after_tax
2012-01-03,RISK,SELL,2455.7470611821495,50.26616675225979,123440.99127875386,61.720495639376935,1190.5525726723135,QQQ_MA_QQQ_bimonthly_MA225,after_tax
2012-03-01,RISK,BUY,2155.347518608974,57.10256514520744,123075.87209193014,61.537936045965075,0.0,QQQ_MA_QQQ_bimonthly_MA225,after_tax
2015-09-01,RISK,SELL,2155.347518608974,93.86154699198785,202304.25240198063,101.15212620099032,79065.69024780353,QQQ_MA_QQQ_bimonthly_MA225,after_tax
2015-11-02,RISK,BUY,1769.915969867303,105.11678776208028,186047.88136125775,93.02394068062888,0.0,QQQ_MA_QQQ_bimonthly_MA225,after_tax
2016-03-01,RISK,SELL,1769.915969867303,96.01965717355068,169946.72465265088,84.97336232632544,-16279.154011613835,QQQ_MA_QQQ_bimonthly_MA225,after_tax
2016-07-01,RISK,BUY,1692.6423849736798,100.3028544990235,169776.86285889513,84.88843142944756,0.0,QQQ_MA_QQQ_bimonthly_MA225,after_tax
2018-11-01,RISK,SELL,1692.6423849736798,161.91841045116647,274069.9644372096,137.0349822186048,104071.17816466643,QQQ_MA_QQQ_bimonthly_MA225,after_tax
2019-03-01,RISK,BUY,1536.8576301077112,166.5541360086706,255969.99475092292,127.98499737546146,0.0,QQQ_MA_QQQ_bimonthly_MA225,after_tax
2022-03-01,RISK,SELL,1536.8576301077112,336.34780851003364,516918.69587865256,258.4593479393263,260562.2567824148,QQQ_MA_QQQ_bimonthly_MA225,after_tax
2023-03-01,RISK,BUY,1612.7882503043352,287.38755155531885,463495.2664321496,231.74763321607483,0.0,QQQ_MA_QQQ_bimonthly_MA225,after_tax
2025-05-01,RISK,SELL,1612.7882503043352,480.5532222946606,775030.5905627159,387.51529528135796,310916.0612020688,QQQ_MA_QQQ_bimonthly_MA225,after_tax
2025-07-01,RISK,BUY,1299.8197528243693,547.0950210069877,711124.914976746,355.562457488373,0.0,QQQ_MA_QQQ_bimonthly_MA225,after_tax
2006-06-21,RISK,BUY,3064.8485430407773,32.61173385368702,99950.02498750626,49.97501249375313,0.0,QQQ_MA_QQQ_bimonthly_MA250,pre_tax
2006-07-03,RISK,SELL,3064.8485430407773,33.25304666513917,101915.55162331877,50.95777581165938,1864.5938475071016,QQQ_MA_QQQ_bimonthly_MA250,pre_tax
2006-11-01,RISK,BUY,2785.030964509871,36.557470384148125,101813.6870040051,50.90684350200255,0.0,QQQ_MA_QQQ_bimonthly_MA250,pre_tax
2008-03-03,RISK,SELL,2785.030964509871,36.874231391076805,102695.8762166508,51.3479381083254,779.9344310353626,QQQ_MA_QQQ_bimonthly_MA250,pre_tax
2009-07-01,RISK,BUY,3245.1369705778206,31.614453439986427,102593.23166271111,51.29661583135556,0.0,QQQ_MA_QQQ_bimonthly_MA250,pre_tax
2010-07-01,RISK,SELL,3245.1369705778206,37.32603000581639,121128.07993677184,60.56403996838592,18422.987618260988,QQQ_MA_QQQ_bimonthly_MA250,pre_tax
2010-11-01,RISK,BUY,2645.7561615412865,45.736267819977584,121007.01239060816,60.50350619530408,0.0,QQQ_MA_QQQ_bimonthly_MA250,pre_tax
2012-01-03,RISK,SELL,2645.7561615412865,50.26616675225979,132992.0204018531,66.49601020092655,11858.00849484872,QQQ_MA_QQQ_bimonthly_MA250,pre_tax
2012-03-01,RISK,BUY,2326.674721291059,57.10256514520744,132859.09484423007,66.42954742211504,0.0,QQQ_MA_QQQ_bimonthly_MA250,pre_tax
2015-09-01,RISK,SELL,2326.674721291059,93.86154699198785,218385.288687531,109.1926443437655,85350.57165153502,QQQ_MA_QQQ_bimonthly_MA250,pre_tax
2015-11-02,RISK,BUY,2075.4725974952225,105.11678776208028,218167.01253691877,109.08350626845939,0.0,QQQ_MA_QQQ_bimonthly_MA250,pre_tax
2016-03-01,RISK,SELL,2075.4725974952225,96.01965717355068,199286.16728459002,99.64308364229501,-19089.5718422395,QQQ_MA_QQQ_bimonthly_MA250,pre_tax
2016-07-01,RISK,BUY,1984.8585736164732,100.3028544990235,199086.98071059244,99.54349035529623,0.0,QQQ_MA_QQQ_bimonthly_MA250,pre_tax
2019-01-02,RISK,SELL,1984.8585736164732,144.1642273096665,286145.60258438566,143.07280129219282,86816.00558214574,QQQ_MA_QQQ_bimonthly_MA250,pre_tax
2019-03-01,RISK,BUY,1716.3164292012564,166.5541360086706,285859.59998310194,142.92979999155096,0.0,QQQ_MA_QQQ_bimonthly_MA250,pre_tax
2022-03-01,RISK,SELL,1716.3164292012564,336.34780851003364,577279.2696716089,288.6396348358045,290988.1002536797,QQQ_MA_QQQ_bimonthly_MA250,pre_tax
2023-05-01,RISK,BUY,1824.2630997065987,316.12889554696204,576702.2788973246,288.3511394486623,0.0,QQQ_MA_QQQ_bimonthly_MA250,pre_tax
2025-05-01,RISK,SELL,1824.2630997065987,480.5532222946606,876655.5108772517,438.3277554386259,299226.55308503984,QQQ_MA_QQQ_bimonthly_MA250,pre_tax
2025-07-01,RISK,BUY,1600.7809609802496,547.0950210069877,875779.2934750756,437.8896467375378,0.0,QQQ_MA_QQQ_bimonthly_MA250,pre_tax
2006-06-21,RISK,BUY,3064.8485430407773,32.61173385368702,99950.02498750626,49.97501249375313,0.0,QQQ_MA_QQQ_bimonthly_MA250,after_tax
2006-07-03,RISK,SELL,3064.8485430407773,33.25304666513917,101915.55162331877,50.95777581165938,1864.5938475071016,QQQ_MA_QQQ_bimonthly_MA250,after_tax
2006-11-01,RISK,BUY,2774.674587696231,36.557470384148125,101435.08406535337,50.71754203267668,0.0,QQQ_MA_QQQ_bimonthly_MA250,after_tax
2008-03-03,RISK,SELL,2774.674587696231,36.874231391076805,102313.99278165145,51.156996390825725,777.0341778745787,QQQ_MA_QQQ_bimonthly_MA250,after_tax
2009-07-01,RISK,BUY,3228.079033806374,31.614453439986427,102053.95431486798,51.02697715743399,0.0,QQQ_MA_QQQ_bimonthly_MA250,after_tax
2010-07-01,RISK,SELL,3228.079033806374,37.32603000581639,120491.3748770035,60.245687438501754,18326.147897539588,QQQ_MA_QQQ_bimonthly_MA250,after_tax
2010-11-01,RISK,BUY,2550.488985670295,45.736267819977584,116649.84732051958,58.32492366025979,0.0,QQQ_MA_QQQ_bimonthly_MA250,after_tax
2012-01-03,RISK,SELL,2550.488985670295,50.26616675225979,128203.30465350498,64.10165232675249,11431.0307569984,QQQ_MA_QQQ_bimonthly_MA250,after_tax
2012-03-01,RISK,BUY,2202.249789078433,57.10256514520744,125754.11204687058,62.87705602343529,0.0,QQQ_MA_QQQ_bimonthly_MA250,after_tax
2015-09-01,RISK,SELL,2202.249789078433,93.86154699198785,206706.57206568067,103.35328603284033,80786.22967675382,QQQ_MA_QQQ_bimonthly_MA250,after_tax
2015-11-02,RISK,BUY,1808.4309085536202,105.11678776208028,190096.4479968169,95.04822399840845,0.0,QQQ_MA_QQQ_bimonthly_MA250,after_tax
2016-03-01,RISK,SELL,1808.4309085536202,96.01965717355068,173644.91586137138,86.82245793068569,-16633.40281737459,QQQ_MA_QQQ_bimonthly_MA250,after_tax
2016-07-01,RISK,BUY,1729.4757820303832,100.3028544990235,173471.3577245784,86.7356788622892,0.0,QQQ_MA_QQQ_bimonthly_MA250,after_tax
2019-01-02,RISK,SELL,1729.4757820303832,144.1642273096665,249328.5397671914,124.66426988359571,75645.7820938671,QQQ_MA_QQQ_bimonthly_MA250,after_tax
2019-03-01,RISK,BUY,1423.542926330345,166.5541360086706,237096.96216620525,118.54848108310263,0.0,QQQ_MA_QQQ_bimonthly_MA250,after_tax
2022-03-01,RISK,SELL,1423.542926330345,336.34780851003364,478805.5435911718,239.4027717955859,241350.63017208787,QQQ_MA_QQQ_bimonthly_MA250,after_tax
2023-05-01,RISK,BUY,1358.0571273221824,316.12889554696204,429321.09975004155,214.6605498750208,0.0,QQQ_MA_QQQ_bimonthly_MA250,after_tax
2025-05-01,RISK,SELL,1358.0571273221824,480.5532222946606,652618.7285949049,326.3093642974525,222756.6589306909,QQQ_MA_QQQ_bimonthly_MA250,after_tax
2025-07-01,RISK,BUY,1109.0139969362153,547.0950210069877,606736.0359508622,303.36801797543114,0.0,QQQ_MA_QQQ_bimonthly_MA250,after_tax
2006-06-21,RISK,BUY,3064.8485430407773,32.61173385368702,99950.02498750626,49.97501249375313,0.0,QQQ_MA_QQQ_quarterly_MA150,pre_tax
2006-07-03,RISK,SELL,3064.8485430407773,33.25304666513917,101915.55162331877,50.95777581165938,1864.5938475071016,QQQ_MA_QQQ_quarterly_MA150,pre_tax
2006-10-02,RISK,BUY,2931.142973319895,34.73514868798367,101813.6870040051,50.90684350200255,0.0,QQQ_MA_QQQ_quarterly_MA150,pre_tax
2008-04-01,RISK,SELL,2931.142973319895,38.19275497407215,111948.42537398006,55.97421268699003,10027.857313785964,QQQ_MA_QQQ_quarterly_MA150,pre_tax
2009-07-01,RISK,BUY,3537.5127742487916,31.614453439986427,111836.53289484564,55.91826644742282,0.0,QQQ_MA_QQQ_quarterly_MA150,pre_tax
2010-07-01,RISK,SELL,3537.5127742487916,37.32603000581639,132041.3079575692,66.0206539787846,20082.836142297354,QQQ_MA_QQQ_quarterly_MA150,pre_tax
2010-10-01,RISK,BUY,3052.5827640215016,43.21236894605707,131909.3326372718,65.9546663186359,0.0,QQQ_MA_QQQ_quarterly_MA150,pre_tax
2011-10-03,RISK,SELL,3052.5827640215016,45.77186634772402,139722.41029015815,69.86120514507908,7677.261781422654,QQQ_MA_QQQ_quarterly_MA150,pre_tax
2012-01-03,RISK,BUY,2776.8729291434347,50.26616675225979,139582.75770616,69.79137885307999,0.0,QQQ_MA_QQQ_quarterly_MA150,pre_tax
2015-10-01,RISK,SELL,2776.8729291434347,94.30266997903755,261866.53141073664,130.9332657053683,122083.04906001821,QQQ_MA_QQQ_quarterly_MA150,pre_tax
2016-01-04,RISK,BUY,2575.8841726800797,101.55922324526374,261604.7957471577,130.80239787357885,0.0,QQQ_MA_QQQ_quarterly_MA150,pre_tax
2019-01-02,RISK,SELL,2575.8841726800797,144.1642273096665,371350.3513936232,185.6751756968116,109429.07807289515,QQQ_MA_QQQ_quarterly_MA150,pre_tax
2019-04-01,RISK,BUY,2136.732489383477,173.61985576942988,370979.1866246142,185.48959331230708,0.0,QQQ_MA_QQQ_quarterly_MA150,pre_tax
2020-04-01,RISK,SELL,2136.732489383477,178.25000066836228,380872.5676607162,190.4362838303581,9517.455158959317,QQQ_MA_QQQ_quarterly_MA150,pre_tax
2020-07-01,RISK,BUY,1589.9077121705193,239.31696319324513,380491.88543416874,190.24594271708438,0.0,QQQ_MA_QQQ_quarterly_MA150,pre_tax
2022-04-01,RISK,SELL,1589.9077121705193,353.3801084265365,561841.7597150047,280.92087985750237,180878.7074582614,QQQ_MA_QQQ_quarterly_MA150,pre_tax
2023-04-03,RISK,BUY,1793.9706908579628,312.8703281475286,561280.1987357794,280.6400993678897,0.0,QQQ_MA_QQQ_quarterly_MA150,pre_tax
2025-04-01,RISK,SELL,1793.9706908579628,464.538472789733,833368.4049607003,416.68420248035017,271390.8819230726,QQQ_MA_QQQ_quarterly_MA150,pre_tax
2025-07-01,RISK,BUY,1521.738310649094,547.0950210069877,832535.4530317042,416.2677265158521,0.0,QQQ_MA_QQQ_quarterly_MA150,pre_tax
2026-04-01,RISK,SELL,1521.738310649094,580.8416686249938,883889.0195679989,441.9445097839995,50495.35429999477,QQQ_MA_QQQ_quarterly_MA150,pre_tax
2026-07-01,RISK,BUY,1210.940316399953,729.1900024414062,883005.572272079,441.5027861360395,0.0,QQQ_MA_QQQ_quarterly_MA150,pre_tax
2006-06-21,RISK,BUY,3064.8485430407773,32.61173385368702,99950.02498750626,49.97501249375313,0.0,QQQ_MA_QQQ_quarterly_MA150,after_tax
2006-07-03,RISK,SELL,3064.8485430407773,33.25304666513917,101915.55162331877,50.95777581165938,1864.5938475071016,QQQ_MA_QQQ_quarterly_MA150,after_tax
2006-10-02,RISK,BUY,2920.2432664537287,34.73514868798367,101435.08406535337,50.71754203267668,0.0,QQQ_MA_QQQ_quarterly_MA150,after_tax
2008-04-01,RISK,SELL,2920.2432664537287,38.19275497407215,111532.13554035136,55.76606777017568,9990.567865195131,QQQ_MA_QQQ_quarterly_MA150,after_tax
2009-07-01,RISK,BUY,3460.1923380912563,31.614453439986427,109392.0895659838,54.6960447829919,0.0,QQQ_MA_QQQ_quarterly_MA150,after_tax
2010-07-01,RISK,SELL,3460.1923380912563,37.32603000581639,129155.2430374902,64.5776215187451,19643.879805204662,QQQ_MA_QQQ_quarterly_MA150,after_tax
2010-10-01,RISK,BUY,2893.5579218854555,43.21236894605707,125037.49248730048,62.51874624365024,0.0,QQQ_MA_QQQ_quarterly_MA150,after_tax
2011-10-03,RISK,SELL,2893.5579218854555,45.77186634772402,132443.54646993915,66.22177323496958,7277.313463160055,QQQ_MA_QQQ_quarterly_MA150,after_tax
2012-01-03,RISK,BUY,2602.8147789870704,50.26616675225979,130833.5217058103,65.41676085290516,0.0,QQQ_MA_QQQ_quarterly_MA150,after_tax
2015-10-01,RISK,SELL,2602.8147789870704,94.30266997903755,245452.38311937926,122.72619155968962,114430.71846115636,QQQ_MA_QQQ_quarterly_MA150,after_tax
2016-01-04,RISK,BUY,2185.6416713739372,101.55922324526374,221972.07043721704,110.98603521860852,0.0,QQQ_MA_QQQ_quarterly_MA150,after_tax
2019-01-02,RISK,SELL,2185.6416713739372,144.1642273096665,315091.3427294317,157.54567136471584,92850.74058563134,QQQ_MA_QQQ_quarterly_MA150,after_tax
2019-04-01,RISK,BUY,1704.4318243031769,173.61985576942988,295923.2075043438,147.96160375217192,0.0,QQQ_MA_QQQ_quarterly_MA150,after_tax
2020-04-01,RISK,SELL,1704.4318243031769,178.25000066836228,303814.97382121923,151.9074869106096,7591.897226212663,QQQ_MA_QQQ_quarterly_MA150,after_tax
2020-07-01,RISK,BUY,1261.7985097663454,239.31696319324513,301969.78751904407,150.98489375952204,0.0,QQQ_MA_QQQ_quarterly_MA150,after_tax
2022-04-01,RISK,SELL,1261.7985097663454,353.3801084265365,445894.4941936733,222.94724709683666,143550.77453377284,QQQ_MA_QQQ_quarterly_MA150,after_tax
2023-04-03,RISK,BUY,1330.5865693197186,312.8703281475286,416301.0565717547,208.15052828587736,0.0,QQQ_MA_QQQ_quarterly_MA150,after_tax
2025-04-01,RISK,SELL,1330.5865693197186,464.538472789733,618108.6528263123,309.05432641315616,201290.39139985858,QQQ_MA_QQQ_quarterly_MA150,after_tax
2025-07-01,RISK,BUY,1053.9652597326344,547.0950210069877,576619.1459140609,288.30957295703047,0.0,QQQ_MA_QQQ_quarterly_MA150,after_tax
2026-04-01,RISK,SELL,1053.9652597326344,580.8416686249938,612186.9401358783,306.09347006793917,34973.39117879246,QQQ_MA_QQQ_quarterly_MA150,after_tax
2026-07-01,RISK,BUY,828.9660628112196,729.1900024414062,604473.7653651561,302.2368826825781,0.0,QQQ_MA_QQQ_quarterly_MA150,after_tax
2006-06-21,RISK,BUY,3064.8485430407773,32.61173385368702,99950.02498750626,49.97501249375313,0.0,QQQ_MA_QQQ_quarterly_MA175,pre_tax
2006-07-03,RISK,SELL,3064.8485430407773,33.25304666513917,101915.55162331877,50.95777581165938,1864.5938475071016,QQQ_MA_QQQ_quarterly_MA175,pre_tax
2006-10-02,RISK,BUY,2931.142973319895,34.73514868798367,101813.6870040051,50.90684350200255,0.0,QQQ_MA_QQQ_quarterly_MA175,pre_tax
2008-04-01,RISK,SELL,2931.142973319895,38.19275497407215,111948.42537398006,55.97421268699003,10027.857313785964,QQQ_MA_QQQ_quarterly_MA175,pre_tax
2009-07-01,RISK,BUY,3537.5127742487916,31.614453439986427,111836.53289484564,55.91826644742282,0.0,QQQ_MA_QQQ_quarterly_MA175,pre_tax
2010-07-01,RISK,SELL,3537.5127742487916,37.32603000581639,132041.3079575692,66.0206539787846,20082.836142297354,QQQ_MA_QQQ_quarterly_MA175,pre_tax
2010-10-01,RISK,BUY,3052.5827640215016,43.21236894605707,131909.3326372718,65.9546663186359,0.0,QQQ_MA_QQQ_quarterly_MA175,pre_tax
2011-10-03,RISK,SELL,3052.5827640215016,45.77186634772402,139722.41029015815,69.86120514507908,7677.261781422654,QQQ_MA_QQQ_quarterly_MA175,pre_tax
2012-01-03,RISK,BUY,2776.8729291434347,50.26616675225979,139582.75770616,69.79137885307999,0.0,QQQ_MA_QQQ_quarterly_MA175,pre_tax
2015-10-01,RISK,SELL,2776.8729291434347,94.30266997903755,261866.53141073664,130.9332657053683,122083.04906001821,QQQ_MA_QQQ_quarterly_MA175,pre_tax
2016-01-04,RISK,BUY,2575.8841726800797,101.55922324526374,261604.7957471577,130.80239787357885,0.0,QQQ_MA_QQQ_quarterly_MA175,pre_tax
2019-01-02,RISK,SELL,2575.8841726800797,144.1642273096665,371350.3513936232,185.6751756968116,109429.07807289515,QQQ_MA_QQQ_quarterly_MA175,pre_tax
2019-04-01,RISK,BUY,2136.732489383477,173.61985576942988,370979.1866246142,185.48959331230708,0.0,QQQ_MA_QQQ_quarterly_MA175,pre_tax
2020-04-01,RISK,SELL,2136.732489383477,178.25000066836228,380872.5676607162,190.4362838303581,9517.455158959317,QQQ_MA_QQQ_quarterly_MA175,pre_tax
2020-07-01,RISK,BUY,1589.9077121705193,239.31696319324513,380491.88543416874,190.24594271708438,0.0,QQQ_MA_QQQ_quarterly_MA175,pre_tax
2022-04-01,RISK,SELL,1589.9077121705193,353.3801084265365,561841.7597150047,280.92087985750237,180878.7074582614,QQQ_MA_QQQ_quarterly_MA175,pre_tax
2023-04-03,RISK,BUY,1793.9706908579628,312.8703281475286,561280.1987357794,280.6400993678897,0.0,QQQ_MA_QQQ_quarterly_MA175,pre_tax
2025-04-01,RISK,SELL,1793.9706908579628,464.538472789733,833368.4049607003,416.68420248035017,271390.8819230726,QQQ_MA_QQQ_quarterly_MA175,pre_tax
2025-07-01,RISK,BUY,1521.738310649094,547.0950210069877,832535.4530317042,416.2677265158521,0.0,QQQ_MA_QQQ_quarterly_MA175,pre_tax
2026-04-01,RISK,SELL,1521.738310649094,580.8416686249938,883889.0195679989,441.9445097839995,50495.35429999477,QQQ_MA_QQQ_quarterly_MA175,pre_tax
2026-07-01,RISK,BUY,1210.940316399953,729.1900024414062,883005.572272079,441.5027861360395,0.0,QQQ_MA_QQQ_quarterly_MA175,pre_tax
2006-06-21,RISK,BUY,3064.8485430407773,32.61173385368702,99950.02498750626,49.97501249375313,0.0,QQQ_MA_QQQ_quarterly_MA175,after_tax
2006-07-03,RISK,SELL,3064.8485430407773,33.25304666513917,101915.55162331877,50.95777581165938,1864.5938475071016,QQQ_MA_QQQ_quarterly_MA175,after_tax
2006-10-02,RISK,BUY,2920.2432664537287,34.73514868798367,101435.08406535337,50.71754203267668,0.0,QQQ_MA_QQQ_quarterly_MA175,after_tax
2008-04-01,RISK,SELL,2920.2432664537287,38.19275497407215,111532.13554035136,55.76606777017568,9990.567865195131,QQQ_MA_QQQ_quarterly_MA175,after_tax
2009-07-01,RISK,BUY,3460.1923380912563,31.614453439986427,109392.0895659838,54.6960447829919,0.0,QQQ_MA_QQQ_quarterly_MA175,after_tax
2010-07-01,RISK,SELL,3460.1923380912563,37.32603000581639,129155.2430374902,64.5776215187451,19643.879805204662,QQQ_MA_QQQ_quarterly_MA175,after_tax
2010-10-01,RISK,BUY,2893.5579218854555,43.21236894605707,125037.49248730048,62.51874624365024,0.0,QQQ_MA_QQQ_quarterly_MA175,after_tax
2011-10-03,RISK,SELL,2893.5579218854555,45.77186634772402,132443.54646993915,66.22177323496958,7277.313463160055,QQQ_MA_QQQ_quarterly_MA175,after_tax
2012-01-03,RISK,BUY,2602.8147789870704,50.26616675225979,130833.5217058103,65.41676085290516,0.0,QQQ_MA_QQQ_quarterly_MA175,after_tax
2015-10-01,RISK,SELL,2602.8147789870704,94.30266997903755,245452.38311937926,122.72619155968962,114430.71846115636,QQQ_MA_QQQ_quarterly_MA175,after_tax
2016-01-04,RISK,BUY,2185.6416713739372,101.55922324526374,221972.07043721704,110.98603521860852,0.0,QQQ_MA_QQQ_quarterly_MA175,after_tax
2019-01-02,RISK,SELL,2185.6416713739372,144.1642273096665,315091.3427294317,157.54567136471584,92850.74058563134,QQQ_MA_QQQ_quarterly_MA175,after_tax
2019-04-01,RISK,BUY,1704.4318243031769,173.61985576942988,295923.2075043438,147.96160375217192,0.0,QQQ_MA_QQQ_quarterly_MA175,after_tax
2020-04-01,RISK,SELL,1704.4318243031769,178.25000066836228,303814.97382121923,151.9074869106096,7591.897226212663,QQQ_MA_QQQ_quarterly_MA175,after_tax
2020-07-01,RISK,BUY,1261.7985097663454,239.31696319324513,301969.78751904407,150.98489375952204,0.0,QQQ_MA_QQQ_quarterly_MA175,after_tax
2022-04-01,RISK,SELL,1261.7985097663454,353.3801084265365,445894.4941936733,222.94724709683666,143550.77453377284,QQQ_MA_QQQ_quarterly_MA175,after_tax
2023-04-03,RISK,BUY,1330.5865693197186,312.8703281475286,416301.0565717547,208.15052828587736,0.0,QQQ_MA_QQQ_quarterly_MA175,after_tax
2025-04-01,RISK,SELL,1330.5865693197186,464.538472789733,618108.6528263123,309.05432641315616,201290.39139985858,QQQ_MA_QQQ_quarterly_MA175,after_tax
2025-07-01,RISK,BUY,1053.9652597326344,547.0950210069877,576619.1459140609,288.30957295703047,0.0,QQQ_MA_QQQ_quarterly_MA175,after_tax
2026-04-01,RISK,SELL,1053.9652597326344,580.8416686249938,612186.9401358783,306.09347006793917,34973.39117879246,QQQ_MA_QQQ_quarterly_MA175,after_tax
2026-07-01,RISK,BUY,828.9660628112196,729.1900024414062,604473.7653651561,302.2368826825781,0.0,QQQ_MA_QQQ_quarterly_MA175,after_tax
2006-06-21,RISK,BUY,3064.8485430407773,32.61173385368702,99950.02498750626,49.97501249375313,0.0,QQQ_MA_QQQ_quarterly_MA200,pre_tax
2006-07-03,RISK,SELL,3064.8485430407773,33.25304666513917,101915.55162331877,50.95777581165938,1864.5938475071016,QQQ_MA_QQQ_quarterly_MA200,pre_tax
2006-10-02,RISK,BUY,2931.142973319895,34.73514868798367,101813.6870040051,50.90684350200255,0.0,QQQ_MA_QQQ_quarterly_MA200,pre_tax
2008-04-01,RISK,SELL,2931.142973319895,38.19275497407215,111948.42537398006,55.97421268699003,10027.857313785964,QQQ_MA_QQQ_quarterly_MA200,pre_tax
2009-07-01,RISK,BUY,3537.5127742487916,31.614453439986427,111836.53289484564,55.91826644742282,0.0,QQQ_MA_QQQ_quarterly_MA200,pre_tax
2010-07-01,RISK,SELL,3537.5127742487916,37.32603000581639,132041.3079575692,66.0206539787846,20082.836142297354,QQQ_MA_QQQ_quarterly_MA200,pre_tax
2010-10-01,RISK,BUY,3052.5827640215016,43.21236894605707,131909.3326372718,65.9546663186359,0.0,QQQ_MA_QQQ_quarterly_MA200,pre_tax
2011-10-03,RISK,SELL,3052.5827640215016,45.77186634772402,139722.41029015815,69.86120514507908,7677.261781422654,QQQ_MA_QQQ_quarterly_MA200,pre_tax
2012-04-02,RISK,BUY,2337.937125772033,59.70338387952456,139582.75770616,69.79137885307999,0.0,QQQ_MA_QQQ_quarterly_MA200,pre_tax
2015-10-01,RISK,SELL,2337.937125772033,94.30266997903755,220473.71320341964,110.23685660170982,80710.92726180487,QQQ_MA_QQQ_quarterly_MA200,pre_tax
2016-01-04,RISK,BUY,2168.7183362959954,101.55922324526374,220253.34967198197,110.12667483599098,0.0,QQQ_MA_QQQ_quarterly_MA200,pre_tax
2019-01-02,RISK,SELL,2168.7183362959954,144.1642273096665,312651.6032044176,156.32580160220883,92131.80105599746,QQQ_MA_QQQ_quarterly_MA200,pre_tax
2019-04-01,RISK,BUY,1798.9826478354103,173.61985576942988,312339.107848891,156.1695539244455,0.0,QQQ_MA_QQQ_quarterly_MA200,pre_tax
2020-04-01,RISK,SELL,1798.9826478354103,178.25000066836228,320668.658179034,160.334329089517,8013.046447129047,QQQ_MA_QQQ_quarterly_MA200,pre_tax
2020-07-01,RISK,BUY,1338.593576905705,239.31696319324513,320348.149775057,160.1740748875285,0.0,QQQ_MA_QQQ_quarterly_MA200,pre_tax
2022-04-01,RISK,SELL,1338.593576905705,353.3801084265365,473032.3433460033,236.51617167300168,152287.5033243858,QQQ_MA_QQQ_quarterly_MA200,pre_tax
2023-04-03,RISK,BUY,1510.400651281328,312.8703281475286,472559.54740063,236.27977370031502,0.0,QQQ_MA_QQQ_quarterly_MA200,pre_tax
2025-04-01,RISK,SELL,1510.400651281328,464.538472789733,701639.2118468463,350.8196059234231,228492.56506659254,QQQ_MA_QQQ_quarterly_MA200,pre_tax
2025-07-01,RISK,BUY,1281.1996021991408,547.0950210069877,700937.9232792833,350.4689616396417,0.0,QQQ_MA_QQQ_quarterly_MA200,pre_tax
2026-04-01,RISK,SELL,1281.1996021991408,580.8416686249938,744174.1147830272,372.0870573915136,42513.635484712664,QQQ_MA_QQQ_quarterly_MA200,pre_tax
2026-07-01,RISK,BUY,1019.5289431838981,729.1900024414062,743430.312569351,371.7151562846755,0.0,QQQ_MA_QQQ_quarterly_MA200,pre_tax
2006-06-21,RISK,BUY,3064.8485430407773,32.61173385368702,99950.02498750626,49.97501249375313,0.0,QQQ_MA_QQQ_quarterly_MA200,after_tax
2006-07-03,RISK,SELL,3064.8485430407773,33.25304666513917,101915.55162331877,50.95777581165938,1864.5938475071016,QQQ_MA_QQQ_quarterly_MA200,after_tax
2006-10-02,RISK,BUY,2920.2432664537287,34.73514868798367,101435.08406535337,50.71754203267668,0.0,QQQ_MA_QQQ_quarterly_MA200,after_tax
2008-04-01,RISK,SELL,2920.2432664537287,38.19275497407215,111532.13554035136,55.76606777017568,9990.567865195131,QQQ_MA_QQQ_quarterly_MA200,after_tax
2009-07-01,RISK,BUY,3460.1923380912563,31.614453439986427,109392.0895659838,54.6960447829919,0.0,QQQ_MA_QQQ_quarterly_MA200,after_tax
2010-07-01,RISK,SELL,3460.1923380912563,37.32603000581639,129155.2430374902,64.5776215187451,19643.879805204662,QQQ_MA_QQQ_quarterly_MA200,after_tax
2010-10-01,RISK,BUY,2893.5579218854555,43.21236894605707,125037.49248730048,62.51874624365024,0.0,QQQ_MA_QQQ_quarterly_MA200,after_tax
2011-10-03,RISK,SELL,2893.5579218854555,45.77186634772402,132443.54646993915,66.22177323496958,7277.313463160055,QQQ_MA_QQQ_quarterly_MA200,after_tax
2012-04-02,RISK,BUY,2191.392065311059,59.70338387952456,130833.5217058103,65.41676085290516,0.0,QQQ_MA_QQQ_quarterly_MA200,after_tax
2015-10-01,RISK,SELL,2191.392065311059,94.30266997903755,206654.1227297103,103.32706136485515,75651.85720168223,QQQ_MA_QQQ_quarterly_MA200,after_tax
2016-01-04,RISK,BUY,1881.528545443465,101.55922324526374,191086.5775890292,95.54328879451461,0.0,QQQ_MA_QQQ_quarterly_MA200,after_tax
2019-01-02,RISK,SELL,1881.528545443465,144.1642273096665,271249.1089149379,135.62455445746895,79931.36348265666,QQQ_MA_QQQ_quarterly_MA200,after_tax
2019-04-01,RISK,BUY,1467.2748846213042,173.61985576942988,254748.05384205768,127.37402692102884,0.0,QQQ_MA_QQQ_quarterly_MA200,after_tax
2020-04-01,RISK,SELL,1467.2748846213042,178.25000066836228,261541.74916441864,130.77087458220933,6535.550420857733,QQQ_MA_QQQ_quarterly_MA200,after_tax
2020-07-01,RISK,BUY,1086.2301656387212,239.31696319324513,259953.30456955443,129.97665228477723,0.0,QQQ_MA_QQQ_quarterly_MA200,after_tax
2022-04-01,RISK,SELL,1086.2301656387212,353.3801084265365,383852.133709586,191.926066854793,123576.926420892,QQQ_MA_QQQ_quarterly_MA200,after_tax
2023-04-03,RISK,BUY,1145.4469619372546,312.8703281475286,358376.3668568986,179.1881834284493,0.0,QQQ_MA_QQQ_quarterly_MA200,after_tax
2025-04-01,RISK,SELL,1145.4469619372546,464.538472789733,532104.1823599717,266.05209117998584,173282.57522846467,QQQ_MA_QQQ_quarterly_MA200,after_tax
2025-07-01,RISK,BUY,907.3151139390991,547.0950210069877,496387.5813204689,248.19379066023447,0.0,QQQ_MA_QQQ_quarterly_MA200,after_tax
2026-04-01,RISK,SELL,907.3151139390991,580.8416686249938,527006.4247490626,263.5032123745313,30107.14642555901,QQQ_MA_QQQ_quarterly_MA200,after_tax
2026-07-01,RISK,BUY,713.6226083220297,729.1900024414062,520366.4715045835,260.18323575229175,0.0,QQQ_MA_QQQ_quarterly_MA200,after_tax
2006-06-21,RISK,BUY,3064.8485430407773,32.61173385368702,99950.02498750626,49.97501249375313,0.0,QQQ_MA_QQQ_quarterly_MA225,pre_tax
2006-07-03,RISK,SELL,3064.8485430407773,33.25304666513917,101915.55162331877,50.95777581165938,1864.5938475071016,QQQ_MA_QQQ_quarterly_MA225,pre_tax
2006-10-02,RISK,BUY,2931.142973319895,34.73514868798367,101813.6870040051,50.90684350200255,0.0,QQQ_MA_QQQ_quarterly_MA225,pre_tax
2008-04-01,RISK,SELL,2931.142973319895,38.19275497407215,111948.42537398006,55.97421268699003,10027.857313785964,QQQ_MA_QQQ_quarterly_MA225,pre_tax
2009-07-01,RISK,BUY,3537.5127742487916,31.614453439986427,111836.53289484564,55.91826644742282,0.0,QQQ_MA_QQQ_quarterly_MA225,pre_tax
2010-07-01,RISK,SELL,3537.5127742487916,37.32603000581639,132041.3079575692,66.0206539787846,20082.836142297354,QQQ_MA_QQQ_quarterly_MA225,pre_tax
2010-10-01,RISK,BUY,3052.5827640215016,43.21236894605707,131909.3326372718,65.9546663186359,0.0,QQQ_MA_QQQ_quarterly_MA225,pre_tax
2011-10-03,RISK,SELL,3052.5827640215016,45.77186634772402,139722.41029015815,69.86120514507908,7677.261781422654,QQQ_MA_QQQ_quarterly_MA225,pre_tax
2012-04-02,RISK,BUY,2337.937125772033,59.70338387952456,139582.75770616,69.79137885307999,0.0,QQQ_MA_QQQ_quarterly_MA225,pre_tax
2015-10-01,RISK,SELL,2337.937125772033,94.30266997903755,220473.71320341964,110.23685660170982,80710.92726180487,QQQ_MA_QQQ_quarterly_MA225,pre_tax
2016-01-04,RISK,BUY,2168.7183362959954,101.55922324526374,220253.34967198197,110.12667483599098,0.0,QQQ_MA_QQQ_quarterly_MA225,pre_tax
2019-01-02,RISK,SELL,2168.7183362959954,144.1642273096665,312651.6032044176,156.32580160220883,92131.80105599746,QQQ_MA_QQQ_quarterly_MA225,pre_tax
2019-04-01,RISK,BUY,1798.9826478354103,173.61985576942988,312339.107848891,156.1695539244455,0.0,QQQ_MA_QQQ_quarterly_MA225,pre_tax
2020-04-01,RISK,SELL,1798.9826478354103,178.25000066836228,320668.658179034,160.334329089517,8013.046447129047,QQQ_MA_QQQ_quarterly_MA225,pre_tax
2020-07-01,RISK,BUY,1338.593576905705,239.31696319324513,320348.149775057,160.1740748875285,0.0,QQQ_MA_QQQ_quarterly_MA225,pre_tax
2022-04-01,RISK,SELL,1338.593576905705,353.3801084265365,473032.3433460033,236.51617167300168,152287.5033243858,QQQ_MA_QQQ_quarterly_MA225,pre_tax
2023-04-03,RISK,BUY,1510.400651281328,312.8703281475286,472559.54740063,236.27977370031502,0.0,QQQ_MA_QQQ_quarterly_MA225,pre_tax
2025-04-01,RISK,SELL,1510.400651281328,464.538472789733,701639.2118468463,350.8196059234231,228492.56506659254,QQQ_MA_QQQ_quarterly_MA225,pre_tax
2025-07-01,RISK,BUY,1281.1996021991408,547.0950210069877,700937.9232792833,350.4689616396417,0.0,QQQ_MA_QQQ_quarterly_MA225,pre_tax
2026-04-01,RISK,SELL,1281.1996021991408,580.8416686249938,744174.1147830272,372.0870573915136,42513.635484712664,QQQ_MA_QQQ_quarterly_MA225,pre_tax
2026-07-01,RISK,BUY,1019.5289431838981,729.1900024414062,743430.312569351,371.7151562846755,0.0,QQQ_MA_QQQ_quarterly_MA225,pre_tax
2006-06-21,RISK,BUY,3064.8485430407773,32.61173385368702,99950.02498750626,49.97501249375313,0.0,QQQ_MA_QQQ_quarterly_MA225,after_tax
2006-07-03,RISK,SELL,3064.8485430407773,33.25304666513917,101915.55162331877,50.95777581165938,1864.5938475071016,QQQ_MA_QQQ_quarterly_MA225,after_tax
2006-10-02,RISK,BUY,2920.2432664537287,34.73514868798367,101435.08406535337,50.71754203267668,0.0,QQQ_MA_QQQ_quarterly_MA225,after_tax
2008-04-01,RISK,SELL,2920.2432664537287,38.19275497407215,111532.13554035136,55.76606777017568,9990.567865195131,QQQ_MA_QQQ_quarterly_MA225,after_tax
2009-07-01,RISK,BUY,3460.1923380912563,31.614453439986427,109392.0895659838,54.6960447829919,0.0,QQQ_MA_QQQ_quarterly_MA225,after_tax
2010-07-01,RISK,SELL,3460.1923380912563,37.32603000581639,129155.2430374902,64.5776215187451,19643.879805204662,QQQ_MA_QQQ_quarterly_MA225,after_tax
2010-10-01,RISK,BUY,2893.5579218854555,43.21236894605707,125037.49248730048,62.51874624365024,0.0,QQQ_MA_QQQ_quarterly_MA225,after_tax
2011-10-03,RISK,SELL,2893.5579218854555,45.77186634772402,132443.54646993915,66.22177323496958,7277.313463160055,QQQ_MA_QQQ_quarterly_MA225,after_tax
2012-04-02,RISK,BUY,2191.392065311059,59.70338387952456,130833.5217058103,65.41676085290516,0.0,QQQ_MA_QQQ_quarterly_MA225,after_tax
2015-10-01,RISK,SELL,2191.392065311059,94.30266997903755,206654.1227297103,103.32706136485515,75651.85720168223,QQQ_MA_QQQ_quarterly_MA225,after_tax
2016-01-04,RISK,BUY,1881.528545443465,101.55922324526374,191086.5775890292,95.54328879451461,0.0,QQQ_MA_QQQ_quarterly_MA225,after_tax
2019-01-02,RISK,SELL,1881.528545443465,144.1642273096665,271249.1089149379,135.62455445746895,79931.36348265666,QQQ_MA_QQQ_quarterly_MA225,after_tax
2019-04-01,RISK,BUY,1467.2748846213042,173.61985576942988,254748.05384205768,127.37402692102884,0.0,QQQ_MA_QQQ_quarterly_MA225,after_tax
2020-04-01,RISK,SELL,1467.2748846213042,178.25000066836228,261541.74916441864,130.77087458220933,6535.550420857733,QQQ_MA_QQQ_quarterly_MA225,after_tax
2020-07-01,RISK,BUY,1086.2301656387212,239.31696319324513,259953.30456955443,129.97665228477723,0.0,QQQ_MA_QQQ_quarterly_MA225,after_tax
2022-04-01,RISK,SELL,1086.2301656387212,353.3801084265365,383852.133709586,191.926066854793,123576.926420892,QQQ_MA_QQQ_quarterly_MA225,after_tax
2023-04-03,RISK,BUY,1145.4469619372546,312.8703281475286,358376.3668568986,179.1881834284493,0.0,QQQ_MA_QQQ_quarterly_MA225,after_tax
2025-04-01,RISK,SELL,1145.4469619372546,464.538472789733,532104.1823599717,266.05209117998584,173282.57522846467,QQQ_MA_QQQ_quarterly_MA225,after_tax
2025-07-01,RISK,BUY,907.3151139390991,547.0950210069877,496387.5813204689,248.19379066023447,0.0,QQQ_MA_QQQ_quarterly_MA225,after_tax
2026-04-01,RISK,SELL,907.3151139390991,580.8416686249938,527006.4247490626,263.5032123745313,30107.14642555901,QQQ_MA_QQQ_quarterly_MA225,after_tax
2026-07-01,RISK,BUY,713.6226083220297,729.1900024414062,520366.4715045835,260.18323575229175,0.0,QQQ_MA_QQQ_quarterly_MA225,after_tax
2006-06-21,RISK,BUY,3064.8485430407773,32.61173385368702,99950.02498750626,49.97501249375313,0.0,QQQ_MA_QQQ_quarterly_MA250,pre_tax
2006-07-03,RISK,SELL,3064.8485430407773,33.25304666513917,101915.55162331877,50.95777581165938,1864.5938475071016,QQQ_MA_QQQ_quarterly_MA250,pre_tax
2006-10-02,RISK,BUY,2931.142973319895,34.73514868798367,101813.6870040051,50.90684350200255,0.0,QQQ_MA_QQQ_quarterly_MA250,pre_tax
2008-04-01,RISK,SELL,2931.142973319895,38.19275497407215,111948.42537398006,55.97421268699003,10027.857313785964,QQQ_MA_QQQ_quarterly_MA250,pre_tax
2009-07-01,RISK,BUY,3537.5127742487916,31.614453439986427,111836.53289484564,55.91826644742282,0.0,QQQ_MA_QQQ_quarterly_MA250,pre_tax
2010-07-01,RISK,SELL,3537.5127742487916,37.32603000581639,132041.3079575692,66.0206539787846,20082.836142297354,QQQ_MA_QQQ_quarterly_MA250,pre_tax
2010-10-01,RISK,BUY,3052.5827640215016,43.21236894605707,131909.3326372718,65.9546663186359,0.0,QQQ_MA_QQQ_quarterly_MA250,pre_tax
2011-10-03,RISK,SELL,3052.5827640215016,45.77186634772402,139722.41029015815,69.86120514507908,7677.261781422654,QQQ_MA_QQQ_quarterly_MA250,pre_tax
2012-04-02,RISK,BUY,2337.937125772033,59.70338387952456,139582.75770616,69.79137885307999,0.0,QQQ_MA_QQQ_quarterly_MA250,pre_tax
2015-10-01,RISK,SELL,2337.937125772033,94.30266997903755,220473.71320341964,110.23685660170982,80710.92726180487,QQQ_MA_QQQ_quarterly_MA250,pre_tax
2016-01-04,RISK,BUY,2168.7183362959954,101.55922324526374,220253.34967198197,110.12667483599098,0.0,QQQ_MA_QQQ_quarterly_MA250,pre_tax
2019-01-02,RISK,SELL,2168.7183362959954,144.1642273096665,312651.6032044176,156.32580160220883,92131.80105599746,QQQ_MA_QQQ_quarterly_MA250,pre_tax
2019-04-01,RISK,BUY,1798.9826478354103,173.61985576942988,312339.107848891,156.1695539244455,0.0,QQQ_MA_QQQ_quarterly_MA250,pre_tax
2020-04-01,RISK,SELL,1798.9826478354103,178.25000066836228,320668.658179034,160.334329089517,8013.046447129047,QQQ_MA_QQQ_quarterly_MA250,pre_tax
2020-07-01,RISK,BUY,1338.593576905705,239.31696319324513,320348.149775057,160.1740748875285,0.0,QQQ_MA_QQQ_quarterly_MA250,pre_tax
2022-07-01,RISK,SELL,1338.593576905705,272.2220228817609,364394.651321803,182.1973256609015,43704.13014619757,QQQ_MA_QQQ_quarterly_MA250,pre_tax
2023-04-03,RISK,BUY,1163.5185763128725,312.8703281475286,364030.4387767537,182.01521938837686,0.0,QQQ_MA_QQQ_quarterly_MA250,pre_tax
2025-04-01,RISK,SELL,1163.5185763128725,464.538472789733,540499.1425028662,270.2495712514331,176016.4389354727,QQQ_MA_QQQ_quarterly_MA250,pre_tax
2025-07-01,RISK,BUY,986.9563654244639,547.0950210069877,539958.9134748774,269.9794567374387,0.0,QQQ_MA_QQQ_quarterly_MA250,pre_tax
2006-06-21,RISK,BUY,3064.8485430407773,32.61173385368702,99950.02498750626,49.97501249375313,0.0,QQQ_MA_QQQ_quarterly_MA250,after_tax
2006-07-03,RISK,SELL,3064.8485430407773,33.25304666513917,101915.55162331877,50.95777581165938,1864.5938475071016,QQQ_MA_QQQ_quarterly_MA250,after_tax
2006-10-02,RISK,BUY,2920.2432664537287,34.73514868798367,101435.08406535337,50.71754203267668,0.0,QQQ_MA_QQQ_quarterly_MA250,after_tax
2008-04-01,RISK,SELL,2920.2432664537287,38.19275497407215,111532.13554035136,55.76606777017568,9990.567865195131,QQQ_MA_QQQ_quarterly_MA250,after_tax
2009-07-01,RISK,BUY,3460.1923380912563,31.614453439986427,109392.0895659838,54.6960447829919,0.0,QQQ_MA_QQQ_quarterly_MA250,after_tax
2010-07-01,RISK,SELL,3460.1923380912563,37.32603000581639,129155.2430374902,64.5776215187451,19643.879805204662,QQQ_MA_QQQ_quarterly_MA250,after_tax
2010-10-01,RISK,BUY,2893.5579218854555,43.21236894605707,125037.49248730048,62.51874624365024,0.0,QQQ_MA_QQQ_quarterly_MA250,after_tax
2011-10-03,RISK,SELL,2893.5579218854555,45.77186634772402,132443.54646993915,66.22177323496958,7277.313463160055,QQQ_MA_QQQ_quarterly_MA250,after_tax
2012-04-02,RISK,BUY,2191.392065311059,59.70338387952456,130833.5217058103,65.41676085290516,0.0,QQQ_MA_QQQ_quarterly_MA250,after_tax
2015-10-01,RISK,SELL,2191.392065311059,94.30266997903755,206654.1227297103,103.32706136485515,75651.85720168223,QQQ_MA_QQQ_quarterly_MA250,after_tax
2016-01-04,RISK,BUY,1881.528545443465,101.55922324526374,191086.5775890292,95.54328879451461,0.0,QQQ_MA_QQQ_quarterly_MA250,after_tax
2019-01-02,RISK,SELL,1881.528545443465,144.1642273096665,271249.1089149379,135.62455445746895,79931.36348265666,QQQ_MA_QQQ_quarterly_MA250,after_tax
2019-04-01,RISK,BUY,1467.2748846213042,173.61985576942988,254748.05384205768,127.37402692102884,0.0,QQQ_MA_QQQ_quarterly_MA250,after_tax
2020-04-01,RISK,SELL,1467.2748846213042,178.25000066836228,261541.74916441864,130.77087458220933,6535.550420857733,QQQ_MA_QQQ_quarterly_MA250,after_tax
2020-07-01,RISK,BUY,1086.2301656387212,239.31696319324513,259953.30456955443,129.97665228477723,0.0,QQQ_MA_QQQ_quarterly_MA250,after_tax
2022-07-01,RISK,SELL,1086.2301656387212,272.2220228817609,295695.7730053629,147.84788650268146,35464.643897021015,QQQ_MA_QQQ_quarterly_MA250,after_tax
2023-04-03,RISK,BUY,921.1457821072929,312.8703281475286,288199.1831196206,144.0995915598103,0.0,QQQ_MA_QQQ_quarterly_MA250,after_tax
2025-04-01,RISK,SELL,921.1457821072929,464.538472789733,427907.654836826,213.95382741841303,139350.41829822725,QQQ_MA_QQQ_quarterly_MA250,after_tax
2025-07-01,RISK,BUY,729.644861804593,547.0950210069877,399185.0709966245,199.59253549831223,0.0,QQQ_MA_QQQ_quarterly_MA250,after_tax
2006-09-18,RISK,BUY,96372.34188470518,1.0371235463706094,99950.02498750626,49.97501249375313,0.0,QQQ_MA_QLD_weekly_MA150,pre_tax
2008-01-07,RISK,SELL,96372.34188470518,1.347410977138844,129853.15134802935,64.92657567401467,29788.224772355316,QQQ_MA_QLD_weekly_MA150,pre_tax
2008-05-05,RISK,BUY,98633.1455719516,1.3152106458591897,129723.36309080993,64.86168154540496,0.0,QQQ_MA_QLD_weekly_MA150,pre_tax
2008-06-30,RISK,SELL,98633.1455719516,1.134379670462833,111887.4351706231,55.943717585311546,-17956.733319317544,QQQ_MA_QLD_weekly_MA150,pre_tax
2008-08-11,RISK,BUY,92275.25603880158,1.2113280249714045,111775.6036512122,55.8878018256061,0.0,QQQ_MA_QLD_weekly_MA150,pre_tax
2008-09-08,RISK,SELL,92275.25603880158,1.0472015771705352,96630.79365764797,48.315396828823985,-15249.013192218656,QQQ_MA_QLD_weekly_MA150,pre_tax
2009-04-06,RISK,BUY,211749.14409548146,0.4558894987160493,96534.21115524153,48.26710557762077,0.0,QQQ_MA_QLD_weekly_MA150,pre_tax
2010-05-24,RISK,SELL,211749.14409548146,0.853913937090754,180815.54531016995,90.40777265508498,84142.65927669573,QQQ_MA_QLD_weekly_MA150,pre_tax
2010-06-21,RISK,BUY,188007.17505486676,0.9607868427081886,180634.82012745115,90.31741006372557,0.0,QQQ_MA_QLD_weekly_MA150,pre_tax
2010-06-28,RISK,SELL,188007.17505486676,0.8696396540605911,163498.4946756233,81.74924733781165,-17308.392109229375,QQQ_MA_QLD_weekly_MA150,pre_tax
2010-07-26,RISK,BUY,182034.81652564605,0.8972738347904413,163335.07788934084,81.66753894467043,0.0,QQQ_MA_QLD_weekly_MA150,pre_tax
2010-08-02,RISK,SELL,182034.81652564605,0.9062818340932217,164974.8473896856,82.4874236948428,1475.6145377052599,QQQ_MA_QLD_weekly_MA150,pre_tax
2010-08-09,RISK,BUY,177196.07770545792,0.9300993403615283,164809.95498849652,82.40497749424826,0.0,QQQ_MA_QLD_weekly_MA150,pre_tax
2010-08-16,RISK,SELL,177196.07770545792,0.831776302715947,147387.49836961346,73.69374918480673,-17578.555345562112,QQQ_MA_QLD_weekly_MA150,pre_tax
2010-09-13,RISK,BUY,159273.19493803504,0.9244504989395617,147240.18452816457,73.62009226408229,0.0,QQQ_MA_QLD_weekly_MA150,pre_tax
2011-06-13,RISK,SELL,159273.19493803504,1.2397250443817158,197454.96866337318,98.7274843316866,50042.436558612826,QQQ_MA_QLD_weekly_MA150,pre_tax
2011-07-05,RISK,BUY,141558.59736250443,1.393469672970241,197257.61237285507,98.62880618642754,0.0,QQQ_MA_QLD_weekly_MA150,pre_tax
2011-08-08,RISK,SELL,141558.59736250443,1.122318245115123,158873.79657284427,79.43689828642214,-38561.88150448367,QQQ_MA_QLD_weekly_MA150,pre_tax
2011-09-19,RISK,BUY,125308.30272585557,1.2665960572517,158715.00217347112,79.35750108673557,0.0,QQQ_MA_QLD_weekly_MA150,pre_tax
2011-09-26,RISK,SELL,125308.30272585557,1.1991140306329697,150258.94395337702,75.1294719766885,-8610.545193157537,QQQ_MA_QLD_weekly_MA150,pre_tax
2011-10-17,RISK,BUY,111283.30864536735,1.348888363660264,150108.76010134968,75.05438005067484,0.0,QQQ_MA_QLD_weekly_MA150,pre_tax
2011-11-21,RISK,SELL,111283.30864536735,1.1940750652414829,132880.62403100508,66.44031201550254,-17369.630762410787,QQQ_MA_QLD_weekly_MA150,pre_tax
2011-12-05,RISK,BUY,101031.42106834849,1.313925988671165,132747.80981408255,66.37390490704128,0.0,QQQ_MA_QLD_weekly_MA150,pre_tax
2011-12-19,RISK,SELL,101031.42106834849,1.2114806317797169,122397.60982548542,61.19880491274271,-10477.772698416898,QQQ_MA_QLD_weekly_MA150,pre_tax
2011-12-27,RISK,BUY,97764.07211657295,1.2507178837444586,122275.27338388075,61.13763669194037,0.0,QQQ_MA_QLD_weekly_MA150,pre_tax
2012-05-21,RISK,SELL,97764.07211657295,1.468738290473537,143589.83615022694,71.79491807511347,21181.63021157912,QQQ_MA_QLD_weekly_MA150,pre_tax
2012-05-29,RISK,BUY,92457.17896676228,1.5514892372466096,143446.31807311528,71.72315903655765,0.0,QQQ_MA_QLD_weekly_MA150,pre_tax
2012-06-04,RISK,SELL,92457.17896676228,1.4501125553588776,134073.3160527647,67.03665802638236,-9511.761837413535,QQQ_MA_QLD_weekly_MA150,pre_tax
2012-06-11,RISK,BUY,84597.92085733915,1.5832458810156291,133939.3097398684,66.9696548699342,0.0,QQQ_MA_QLD_weekly_MA150,pre_tax
2012-10-31,RISK,SELL,84597.92085733915,1.678820005510627,142024.6819599057,71.01234097995285,7947.390224187431,QQQ_MA_QLD_weekly_MA150,pre_tax
2012-12-03,RISK,BUY,82210.63674698317,1.725843928097357,141882.72825479836,70.94136412739918,0.0,QQQ_MA_QLD_weekly_MA150,pre_tax
2012-12-10,RISK,SELL,82210.63674698317,1.6458421197495952,135305.72864961874,67.65286432480937,-6715.593833631807,QQQ_MA_QLD_weekly_MA150,pre_tax
2012-12-24,RISK,BUY,80705.98922519255,1.674850799026328,135170.49054002395,67.58524527001198,0.0,QQQ_MA_QLD_weekly_MA150,pre_tax
2012-12-31,RISK,SELL,80705.98922519255,1.6054926399715426,129572.87170266926,64.78643585133463,-5729.990518476043,QQQ_MA_QLD_weekly_MA150,pre_tax
2013-01-07,RISK,BUY,74156.0885264075,1.7455527409449292,129443.36358502542,64.72168179251271,0.0,QQQ_MA_QLD_weekly_MA150,pre_tax
2014-04-14,RISK,SELL,74156.0885264075,2.844697118804973,210951.61137291795,105.47580568645898,81338.05030041354,QQQ_MA_QLD_weekly_MA150,pre_tax
2014-04-21,RISK,BUY,71427.10443057604,2.9504313084603586,210740.76518463917,105.37038259231959,0.0,QQQ_MA_QLD_weekly_MA150,pre_tax
2015-08-24,RISK,SELL,71427.10443057604,3.432666745387014,245185.44609812385,122.59272304906193,34216.71780784332,QQQ_MA_QLD_weekly_MA150,pre_tax
2015-10-19,RISK,BUY,54450.28035134749,4.498422810736208,244940.38318348306,122.47019159174154,0.0,QQQ_MA_QLD_weekly_MA150,pre_tax
2016-01-11,RISK,SELL,54450.28035134749,4.215746027529573,229548.55308906472,114.77427654453236,-15629.074562554597,QQQ_MA_QLD_weekly_MA150,pre_tax
2016-03-21,RISK,BUY,52356.596508763,4.379947027582518,229319.11925289375,114.65955962644688,0.0,QQQ_MA_QLD_weekly_MA150,pre_tax
2016-05-02,RISK,SELL,52356.596508763,4.257564817205552,222911.60324433638,111.4558016221682,-6633.631369805953,QQQ_MA_QLD_weekly_MA150,pre_tax
2016-05-31,RISK,BUY,48357.69062023925,4.605033867105126,222688.80304119363,111.34440152059682,0.0,QQQ_MA_QLD_weekly_MA150,pre_tax
2016-06-20,RISK,SELL,48357.69062023925,4.412542996675287,213380.38908172693,106.69019454086347,-9526.448555528157,QQQ_MA_QLD_weekly_MA150,pre_tax
2016-07-05,RISK,BUY,48662.10221393622,4.38055705839344,213167.11532952133,106.58355766476066,0.0,QQQ_MA_QLD_weekly_MA150,pre_tax
2018-10-22,RISK,SELL,48662.10221393622,10.80147641616607,525622.5494248947,262.81127471244736,312086.0392629962,QQQ_MA_QLD_weekly_MA150,pre_tax
2019-02-19,RISK,BUY,51944.893708378615,10.1087354707727,525097.1895554046,262.5485947777023,0.0,QQQ_MA_QLD_weekly_MA150,pre_tax
2020-03-16,RISK,SELL,51944.893708378615,9.445307493430235,490635.4937891856,245.3177468945928,-34969.56210789131,QQQ_MA_QLD_weekly_MA150,pre_tax
2020-04-20,RISK,BUY,35684.55375554363,13.73549762870164,490145.10349054576,245.07255174527288,0.0,QQQ_MA_QLD_weekly_MA150,pre_tax
2022-01-24,RISK,SELL,35684.55375554363,33.0985388893131,1181106.5902256446,590.5532951128223,690125.8608882406,QQQ_MA_QLD_weekly_MA150,pre_tax
2022-08-15,RISK,BUY,42286.526661587115,27.903121089522458,1179926.073893585,589.9630369467925,0.0,QQQ_MA_QLD_weekly_MA150,pre_tax
2022-08-22,RISK,SELL,42286.526661587115,26.036327677016146,1100985.8644839618,550.492932241981,-80080.66537881177,QQQ_MA_QLD_weekly_MA150,pre_tax
2022-12-05,RISK,BUY,53064.50441588405,20.727328766083183,1099885.4288373014,549.9427144186508,0.0,QQQ_MA_QLD_weekly_MA150,pre_tax
2022-12-12,RISK,SELL,53064.50441588405,19.5420603249995,1036989.7464114084,518.4948732057043,-63964.120013517444,QQQ_MA_QLD_weekly_MA150,pre_tax
2023-01-30,RISK,BUY,49798.075382354466,20.803078571744038,1035953.2749007525,517.9766374503763,0.0,QQQ_MA_QLD_weekly_MA150,pre_tax
2023-10-30,RISK,SELL,49798.075382354466,27.531497911390595,1371015.6083805633,685.5078041902817,333858.8490381702,QQQ_MA_QLD_weekly_MA150,pre_tax
2023-11-06,RISK,BUY,44404.96428146735,30.844417963174294,1369645.2779374043,684.8226389687022,0.0,QQQ_MA_QLD_weekly_MA150,pre_tax
2024-09-09,RISK,SELL,44404.96428146735,43.34990931964432,1924951.1749436546,962.4755874718273,553658.5987798097,QQQ_MA_QLD_weekly_MA150,pre_tax
2024-09-16,RISK,BUY,40746.57610168633,47.19481658935547,1923027.185763301,961.5135928816505,0.0,QQQ_MA_QLD_weekly_MA150,pre_tax
2025-03-10,RISK,SELL,40746.57610168633,47.364473139597685,1929940.1092988953,964.9700546494477,4986.43988806312,QQQ_MA_QLD_weekly_MA150,pre_tax
2025-05-19,RISK,BUY,37505.209131864365,51.406489346552455,1928011.1336774072,964.0055668387037,0.0,QQQ_MA_QLD_weekly_MA150,pre_tax
2026-03-09,RISK,SELL,37505.209131864365,64.88310630683337,2433454.471162773,1216.7272355813866,503262.6046829461,QQQ_MA_QLD_weekly_MA150,pre_tax
2026-04-13,RISK,BUY,35832.21176502002,67.84460442333032,2431022.2328107865,1215.5111164053933,0.0,QQQ_MA_QLD_weekly_MA150,pre_tax
2006-09-18,RISK,BUY,96372.34188470518,1.0371235463706094,99950.02498750626,49.97501249375313,0.0,QQQ_MA_QLD_weekly_MA150,after_tax
2008-01-07,RISK,SELL,96372.34188470518,1.347410977138844,129853.15134802935,64.92657567401467,29788.224772355316,QQQ_MA_QLD_weekly_MA150,after_tax
2008-05-05,RISK,BUY,94034.29773360031,1.3152106458591897,123674.9094551238,61.8374547275619,0.0,QQQ_MA_QLD_weekly_MA150,after_tax
2008-06-30,RISK,SELL,94034.29773360031,1.134379670462833,106670.59567524545,53.335297837622726,-17119.486532443523,QQQ_MA_QLD_weekly_MA150,after_tax
2008-08-11,RISK,BUY,87972.8497908148,1.2113280249714045,106563.97838821373,53.28198919410686,0.0,QQQ_MA_QLD_weekly_MA150,after_tax
2008-09-08,RISK,SELL,87972.8497908148,1.0472015771705352,92125.30704912785,46.06265352456393,-14538.015981804536,QQQ_MA_QLD_weekly_MA150,after_tax
2009-04-06,RISK,BUY,201876.17403101295,0.4558894987160493,92033.22778171243,46.01661389085621,0.0,QQQ_MA_QLD_weekly_MA150,after_tax
2010-05-24,RISK,SELL,201876.17403101295,0.853913937090754,172384.8785716405,86.19243928582026,80219.44173675138,QQQ_MA_QLD_weekly_MA150,after_tax
2010-06-21,RISK,BUY,168978.32577060105,0.9607868427081886,162352.15210325152,81.17607605162576,0.0,QQQ_MA_QLD_weekly_MA150,after_tax
2010-06-28,RISK,SELL,168978.32577060105,0.8696396540605911,146950.25276688335,73.47512638344168,-15556.550538803247,QQQ_MA_QLD_weekly_MA150,after_tax
2010-07-26,RISK,BUY,163610.45007716026,0.8972738347904413,146803.37595252364,73.40168797626183,0.0,QQQ_MA_QLD_weekly_MA150,after_tax
2010-08-02,RISK,SELL,163610.45007716026,0.9062818340932217,148277.1787727463,74.13858938637316,1326.2625428600295,QQQ_MA_QLD_weekly_MA150,after_tax
2010-08-09,RISK,BUY,159261.4565643436,0.9300993403615283,148128.97569551217,74.06448784775608,0.0,QQQ_MA_QLD_weekly_MA150,after_tax
2010-08-16,RISK,SELL,159261.4565643436,0.831776302715947,132469.9055062461,66.23495275312305,-15799.369629866938,QQQ_MA_QLD_weekly_MA150,after_tax
2010-09-13,RISK,BUY,143152.6100687881,0.9244504989395617,132337.5018025917,66.16875090129585,0.0,QQQ_MA_QLD_weekly_MA150,after_tax
2011-06-13,RISK,SELL,143152.6100687881,1.2397250443817158,177469.8758708868,88.73493793544341,44977.47037945836,QQQ_MA_QLD_weekly_MA150,after_tax
2011-07-05,RISK,BUY,125052.85724558728,1.393469672970241,174257.36409000272,87.12868204500137,0.0,QQQ_MA_QLD_weekly_MA150,after_tax
2011-08-08,RISK,SELL,125052.85724558728,1.122318245115123,140349.1032904995,70.17455164524975,-34065.564033193456,QQQ_MA_QLD_weekly_MA150,after_tax
2011-09-19,RISK,BUY,110697.34784341618,1.2665960572517,140208.82432669093,70.10441216334546,0.0,QQQ_MA_QLD_weekly_MA150,after_tax
2011-09-26,RISK,SELL,110697.34784341618,1.1991140306329697,132738.74295289867,66.36937147644933,-7606.555157432042,QQQ_MA_QLD_weekly_MA150,after_tax
2011-10-17,RISK,BUY,98307.66883207232,1.348888363660264,132606.07054614916,66.30303527307458,0.0,QQQ_MA_QLD_weekly_MA150,after_tax
2011-11-21,RISK,SELL,98307.66883207232,1.1940750652414829,117386.73607439485,58.69336803719743,-15344.330875064581,QQQ_MA_QLD_weekly_MA150,after_tax
2011-12-05,RISK,BUY,89251.15190160486,1.313925988671165,117269.40800235647,58.634704001178235,0.0,QQQ_MA_QLD_weekly_MA150,after_tax
2011-12-19,RISK,SELL,89251.15190160486,1.2114806317797169,108126.04189282373,54.06302094641187,-9256.063834480316,QQQ_MA_QLD_weekly_MA150,after_tax
2011-12-27,RISK,BUY,86364.77601451139,1.2507178837444586,108017.96988693386,54.008984943466935,0.0,QQQ_MA_QLD_weekly_MA150,after_tax
2012-05-21,RISK,SELL,86364.77601451139,1.468738290473537,126847.2534806834,63.4236267403417,18711.85098206572,QQQ_MA_QLD_weekly_MA150,after_tax
2012-05-29,RISK,BUY,81676.66689330133,1.5514892372466096,126720.4696191335,63.36023480956675,0.0,QQQ_MA_QLD_weekly_MA150,after_tax
2012-06-04,RISK,SELL,81676.66689330133,1.4501125553588776,118440.36014184103,59.22018007092051,-8402.689892172944,QQQ_MA_QLD_weekly_MA150,after_tax
2012-06-11,RISK,BUY,74733.79870496309,1.5832458810156291,118321.97897228398,59.16098948614199,0.0,QQQ_MA_QLD_weekly_MA150,after_tax
2012-10-31,RISK,SELL,74733.79870496309,1.678820005510627,125464.59635369622,62.73229817684811,7020.724093749246,QQQ_MA_QLD_weekly_MA150,after_tax
2012-12-03,RISK,BUY,72624.87205113005,1.725843928097357,125339.19445829024,62.66959722914512,0.0,QQQ_MA_QLD_weekly_MA150,after_tax
2012-12-10,RISK,SELL,72624.87205113005,1.6458421197495952,119529.073363175,59.7645366815875,-5932.55522902598,QQQ_MA_QLD_weekly_MA150,after_tax
2012-12-24,RISK,BUY,71295.66651184678,1.674850799026328,119409.60402448119,59.7048020122406,0.0,QQQ_MA_QLD_weekly_MA150,after_tax
2012-12-31,RISK,SELL,71295.66651184678,1.6054926399715426,114464.66784663558,57.23233392331779,-5061.873313781165,QQQ_MA_QLD_weekly_MA150,after_tax
2013-01-07,RISK,BUY,65509.48458917328,1.7455527409449292,114350.26038252101,57.17513019126051,0.0,QQQ_MA_QLD_weekly_MA150,after_tax
2014-04-14,RISK,SELL,65509.48458917328,2.844697118804973,186354.64206522,93.17732103261,71854.0292314751,QQQ_MA_QLD_weekly_MA150,after_tax
2014-04-21,RISK,BUY,62278.57501117498,2.9504313084603586,183748.6575592676,91.8743287796338,0.0,QQQ_MA_QLD_weekly_MA150,after_tax
2015-08-24,RISK,SELL,62278.57501117498,3.432666745387014,213781.59339095105,106.89079669547553,29834.17070620833,QQQ_MA_QLD_weekly_MA150,after_tax
2015-10-19,RISK,BUY,46129.53127753119,4.498422810736208,207510.13574741565,103.75506787370783,0.0,QQQ_MA_QLD_weekly_MA150,after_tax
2016-01-11,RISK,SELL,46129.53127753119,4.215746027529573,194470.38823505328,97.23519411752665,-13240.73777435359,QQQ_MA_QLD_weekly_MA150,after_tax
2016-03-21,RISK,BUY,44355.79101983988,4.379947027582518,194276.01503341904,97.13800751670952,0.0,QQQ_MA_QLD_weekly_MA150,after_tax
2016-05-02,RISK,SELL,44355.79101983988,4.257564817205552,188847.65528539225,94.42382764269612,-5619.921583186166,QQQ_MA_QLD_weekly_MA150,after_tax
2016-05-31,RISK,BUY,40967.97275572336,4.605033867105126,188658.90200674618,94.3294510033731,0.0,QQQ_MA_QLD_weekly_MA150,after_tax
2016-06-20,RISK,SELL,40967.97275572336,4.412542996675287,180772.94127125107,90.38647063562554,-8070.676657134143,QQQ_MA_QLD_weekly_MA150,after_tax
2016-07-05,RISK,BUY,41225.86608597027,4.38055705839344,180592.25867127982,90.29612933563992,0.0,QQQ_MA_QLD_weekly_MA150,after_tax
2018-10-22,RISK,SELL,41225.86608597027,10.80147641616607,445300.22026362846,222.65011013181424,264395.01535288116,QQQ_MA_QLD_weekly_MA150,after_tax
2019-02-19,RISK,BUY,39237.202871765265,10.1087354707727,396638.504443718,198.31925222185902,0.0,QQQ_MA_QLD_weekly_MA150,after_tax
2020-03-16,RISK,SELL,39237.202871765265,9.445307493430235,370607.4463059268,185.30372315296339,-26414.681113166036,QQQ_MA_QLD_weekly_MA150,after_tax
2020-04-20,RISK,BUY,26954.75869014696,13.73549762870164,370237.02407073847,185.11851203536924,0.0,QQQ_MA_QLD_weekly_MA150,after_tax
2022-01-24,RISK,SELL,26954.75869014696,33.0985388893131,892163.1287578793,446.0815643789396,521294.9046107265,QQQ_MA_QLD_weekly_MA150,after_tax
2022-08-15,RISK,BUY,28340.440264178844,27.903121089522458,790786.73642176,395.39336821088006,0.0,QQQ_MA_QLD_weekly_MA150,after_tax
2022-08-22,RISK,SELL,28340.440264178844,26.036327677016146,737880.9892290625,368.94049461453125,-53670.08105552301,QQQ_MA_QLD_weekly_MA150,after_tax
2022-12-05,RISK,BUY,35563.84352826797,20.727328766083183,737143.47699595,368.571738497975,0.0,QQQ_MA_QLD_weekly_MA150,after_tax
2022-12-12,RISK,SELL,35563.84352826797,19.5420603249995,694990.7756182557,347.49538780912786,-42868.76850400132,QQQ_MA_QLD_weekly_MA150,after_tax
2023-01-30,RISK,BUY,33374.68201016162,20.803078571744038,694296.1321643644,347.14806608218225,0.0,QQQ_MA_QLD_weekly_MA150,after_tax
2023-10-30,RISK,SELL,33374.68201016162,27.531497911390595,918854.9880560898,459.4274940280449,223752.28033161524,QQQ_MA_QLD_weekly_MA150,after_tax
2023-11-06,RISK,BUY,28922.772999519315,30.844417963174294,892106.099051186,446.053049525593,0.0,QQQ_MA_QLD_weekly_MA150,after_tax
2024-09-09,RISK,SELL,28922.772999519315,43.34990931964432,1253799.5868018195,626.8997934009097,360620.534907707,QQQ_MA_QLD_weekly_MA150,after_tax
2024-09-16,RISK,BUY,24988.400190667926,47.19481658935547,1179322.963859988,589.661481929994,0.0,QQQ_MA_QLD_weekly_MA150,after_tax
2025-03-10,RISK,SELL,24988.400190667926,47.364473139597685,1183562.4096324088,591.7812048162044,3058.003085674718,QQQ_MA_QLD_weekly_MA150,after_tax
2025-05-19,RISK,BUY,22988.508471685203,51.406489346552455,1181758.5158428163,590.8792579214082,0.0,QQQ_MA_QLD_weekly_MA150,after_tax
2026-03-09,RISK,SELL,22988.508471685203,64.88310630683337,1491565.8390038905,745.7829195019452,308470.66098365095,QQQ_MA_QLD_weekly_MA150,after_tax
2026-04-13,RISK,BUY,21039.85325256272,67.84460442333032,1427440.5210450375,713.7202605225187,0.0,QQQ_MA_QLD_weekly_MA150,after_tax
2006-09-18,RISK,BUY,96372.34188470518,1.0371235463706094,99950.02498750626,49.97501249375313,0.0,QQQ_MA_QLD_weekly_MA175,pre_tax
2008-01-07,RISK,SELL,96372.34188470518,1.347410977138844,129853.15134802935,64.92657567401467,29788.224772355316,QQQ_MA_QLD_weekly_MA175,pre_tax
2008-05-05,RISK,BUY,98633.1455719516,1.3152106458591897,129723.36309080993,64.86168154540496,0.0,QQQ_MA_QLD_weekly_MA175,pre_tax
2008-06-23,RISK,SELL,98633.1455719516,1.2447033745882312,122769.00913966041,61.384504569830206,-7080.600137264744,QQQ_MA_QLD_weekly_MA175,pre_tax
2008-08-11,RISK,BUY,101249.45428158792,1.2113280249714045,122646.30148434841,61.32315074217421,0.0,QQQ_MA_QLD_weekly_MA175,pre_tax
2008-09-02,RISK,SELL,101249.45428158792,1.184303849414458,119910.11845679776,59.95505922839888,-2857.4612375212164,QQQ_MA_QLD_weekly_MA175,pre_tax
2009-04-20,RISK,BUY,252123.0491770995,0.47512620783549636,119790.26826343765,59.89513413171883,0.0,QQQ_MA_QLD_weekly_MA175,pre_tax
2010-05-24,RISK,SELL,252123.0491770995,0.853913937090754,215291.38555414285,107.64569277707143,95333.57646379642,QQQ_MA_QLD_weekly_MA175,pre_tax
2010-06-01,RISK,BUY,245207.09272569287,0.8771206385986804,215076.20176048556,107.53810088024278,0.0,QQQ_MA_QLD_weekly_MA175,pre_tax
2010-06-07,RISK,SELL,245207.09272569287,0.8705564111095908,213466.60662189583,106.73330331094792,-1823.8665427809465,QQQ_MA_QLD_weekly_MA175,pre_tax
2010-06-14,RISK,BUY,239173.6957794872,0.8916250008188693,213253.24669523726,106.62662334761863,0.0,QQQ_MA_QLD_weekly_MA175,pre_tax
2010-06-28,RISK,SELL,239173.6957794872,0.8696396540605911,207994.9300580663,103.99746502903315,-5468.940725547611,QQQ_MA_QLD_weekly_MA175,pre_tax
2010-07-26,RISK,BUY,231575.94818534888,0.8972738347904413,207787.03907350052,103.89351953675026,0.0,QQQ_MA_QLD_weekly_MA175,pre_tax
2010-08-16,RISK,SELL,231575.94818534888,0.831776302715947,192619.38597954923,96.30969298977462,-15367.856306477799,QQQ_MA_QLD_weekly_MA175,pre_tax
2010-09-07,RISK,BUY,218623.67812719266,0.8801739340565858,192426.8628551319,96.21343142756596,0.0,QQQ_MA_QLD_weekly_MA175,pre_tax
2011-06-13,RISK,SELL,218623.67812719266,1.2397250443817158,271033.2490691279,135.51662453456396,78374.65615803385,QQQ_MA_QLD_weekly_MA175,pre_tax
2011-07-05,RISK,BUY,194308.0330494866,1.393469672970241,270762.3512689589,135.38117563447943,0.0,QQQ_MA_QLD_weekly_MA175,pre_tax
2011-08-08,RISK,SELL,194308.0330494866,1.122318245115123,218075.45066387113,109.03772533193556,-52931.31950605413,QQQ_MA_QLD_weekly_MA175,pre_tax
2011-09-19,RISK,BUY,172002.33882707247,1.2665960572517,217857.484196441,108.9287420982205,0.0,QQQ_MA_QLD_weekly_MA175,pre_tax
2011-09-26,RISK,SELL,172002.33882707247,1.1991140306329697,206250.4177892286,103.1252088946143,-11819.120358205197,QQQ_MA_QLD_weekly_MA175,pre_tax
2011-10-17,RISK,BUY,152751.1660683334,1.348888363660264,206044.27044511147,103.02213522255573,0.0,QQQ_MA_QLD_weekly_MA175,pre_tax
2011-11-21,RISK,SELL,152751.1660683334,1.1940750652414829,182396.3585887578,91.1981792943789,-23842.13217087061,QQQ_MA_QLD_weekly_MA175,pre_tax
2011-12-05,RISK,BUY,138679.0846317407,1.313925988671165,182214.05338277205,91.10702669138603,0.0,QQQ_MA_QLD_weekly_MA175,pre_tax
2011-12-19,RISK,SELL,138679.0846317407,1.2114806317797169,168007.02506429405,84.00351253214703,-14382.138857701531,QQQ_MA_QLD_weekly_MA175,pre_tax
2011-12-27,RISK,BUY,134194.2129253616,1.2507178837444586,167839.10200076152,83.91955100038076,0.0,QQQ_MA_QLD_weekly_MA175,pre_tax
2012-06-04,RISK,SELL,134194.2129253616,1.4501125553588776,194596.7130195694,97.29835650978471,26576.393111297715,QQQ_MA_QLD_weekly_MA175,pre_tax
2012-06-11,RISK,BUY,122787.12731062043,1.5832458810156291,194402.21355628147,97.20110677814074,0.0,QQQ_MA_QLD_weekly_MA175,pre_tax
2012-10-31,RISK,SELL,122787.12731062043,1.678820005510627,206137.48574824986,103.06874287412494,11535.002342316118,QQQ_MA_QLD_weekly_MA175,pre_tax
2012-12-03,RISK,BUY,119322.17503975771,1.725843928097357,205931.45127973586,102.96572563986793,0.0,QQQ_MA_QLD_weekly_MA175,pre_tax
2012-12-10,RISK,SELL,119322.17503975771,1.6458421197495952,196385.46150056706,98.19273075028353,-9747.14823555894,QQQ_MA_QLD_weekly_MA175,pre_tax
2012-12-24,RISK,BUY,117138.2993021108,1.674850799026328,196189.17418272543,98.09458709136271,0.0,QQQ_MA_QLD_weekly_MA175,pre_tax
2012-12-31,RISK,SELL,117138.2993021108,1.6054926399715426,188064.67738832257,94.03233869416128,-8316.623720188392,QQQ_MA_QLD_weekly_MA175,pre_tax
2013-01-07,RISK,BUY,107631.64142183181,1.7455527409449292,187876.70669628028,93.93835334814014,0.0,QQQ_MA_QLD_weekly_MA175,pre_tax
2015-08-24,RISK,SELL,107631.64142183181,3.432666745387014,369463.55626014154,184.73177813007078,181308.17943238307,QQQ_MA_QLD_weekly_MA175,pre_tax
2015-10-19,RISK,BUY,82049.70783591911,4.498422810736208,369094.27734333987,184.54713867166993,0.0,QQQ_MA_QLD_weekly_MA175,pre_tax
2016-01-11,RISK,SELL,82049.70783591911,4.215746027529573,345900.72986923804,172.95036493461902,-23551.04497770808,QQQ_MA_QLD_weekly_MA175,pre_tax
2016-03-21,RISK,BUY,78894.79023996976,4.379947027582518,345555.0020033018,172.7775010016509,0.0,QQQ_MA_QLD_weekly_MA175,pre_tax
2016-05-02,RISK,SELL,78894.79023996976,4.257564817205552,335899.6831865072,167.9498415932536,-9996.046159389545,QQQ_MA_QLD_weekly_MA175,pre_tax
2016-05-31,RISK,BUY,72868.94321586733,4.605033867105126,335563.95136922935,167.78197568461468,0.0,QQQ_MA_QLD_weekly_MA175,pre_tax
2016-06-20,RISK,SELL,72868.94321586733,4.412542996675287,321537.3450623046,160.7686725311523,-14355.156955140585,QQQ_MA_QLD_weekly_MA175,pre_tax
2016-07-05,RISK,BUY,73327.65310980241,4.38055705839344,321215.96840557066,160.60798420278533,0.0,QQQ_MA_QLD_weekly_MA175,pre_tax
2018-10-29,RISK,SELL,73327.65310980241,10.144939535035777,743904.6070450236,371.9523035225118,422156.0783517276,QQQ_MA_QLD_weekly_MA175,pre_tax
2019-02-19,RISK,BUY,73516.71990558009,10.1087354707727,743161.0742043989,371.58053710219946,0.0,QQQ_MA_QLD_weekly_MA175,pre_tax
2019-03-11,RISK,SELL,73516.71990558009,10.137084270374908,745245.1849644138,372.62259248220687,1339.907630430418,QQQ_MA_QLD_weekly_MA175,pre_tax
2019-03-18,RISK,BUY,68310.00255626481,10.898847670260327,744500.3122158237,372.25015610791183,0.0,QQQ_MA_QLD_weekly_MA175,pre_tax
2020-03-16,RISK,SELL,68310.00255626481,9.445307493430235,645208.9790209265,322.6044895104633,-99986.18784051551,QQQ_MA_QLD_weekly_MA175,pre_tax
2020-04-13,RISK,BUY,53228.1431840758,12.109460408117469,644564.0924851736,322.28204624258683,0.0,QQQ_MA_QLD_weekly_MA175,pre_tax
2022-01-24,RISK,SELL,53228.1431840758,33.0985388893131,1761773.767184059,880.8868835920294,1116006.5057690507,QQQ_MA_QLD_weekly_MA175,pre_tax
2023-01-30,RISK,BUY,84603.48153729939,20.803078571744038,1760012.8738635352,880.0064369317677,0.0,QQQ_MA_QLD_weekly_MA175,pre_tax
2023-03-13,RISK,SELL,84603.48153729939,19.663863781418385,1663631.3363832005,831.8156681916003,-98093.35958545795,QQQ_MA_QLD_weekly_MA175,pre_tax
2023-03-20,RISK,BUY,75031.33280430411,22.150326727921968,1661968.5364467856,830.9842682233927,0.0,QQQ_MA_QLD_weekly_MA175,pre_tax
2025-03-10,RISK,SELL,75031.33280430411,47.364473139597685,3553819.5472376766,1776.9097736188382,1889243.1167490487,QQQ_MA_QLD_weekly_MA175,pre_tax
2025-05-19,RISK,BUY,69062.63292516198,51.406489346552455,3550267.503712202,1775.133751856101,0.0,QQQ_MA_QLD_weekly_MA175,pre_tax
2026-03-16,RISK,SELL,69062.63292516198,66.06207304756252,4562420.701159047,2281.2103505795235,1008096.8533444093,QQQ_MA_QLD_weekly_MA175,pre_tax
2026-04-13,RISK,BUY,67180.88489526002,67.84460442333032,4557860.560528204,2278.930280264102,0.0,QQQ_MA_QLD_weekly_MA175,pre_tax
2006-09-18,RISK,BUY,96372.34188470518,1.0371235463706094,99950.02498750626,49.97501249375313,0.0,QQQ_MA_QLD_weekly_MA175,after_tax
2008-01-07,RISK,SELL,96372.34188470518,1.347410977138844,129853.15134802935,64.92657567401467,29788.224772355316,QQQ_MA_QLD_weekly_MA175,after_tax
2008-05-05,RISK,BUY,94034.29773360031,1.3152106458591897,123674.9094551238,61.8374547275619,0.0,QQQ_MA_QLD_weekly_MA175,after_tax
2008-06-23,RISK,SELL,94034.29773360031,1.2447033745882312,117044.80771604677,58.52240385802338,-6750.461597662608,QQQ_MA_QLD_weekly_MA175,after_tax
2008-08-11,RISK,BUY,96528.61899587298,1.2113280249714045,116927.821401488,58.463910700744,0.0,QQQ_MA_QLD_weekly_MA175,after_tax
2008-09-02,RISK,SELL,96528.61899587298,1.184303849414458,114319.21505547395,57.15960752773697,-2724.2298642425303,QQQ_MA_QLD_weekly_MA175,after_tax
2009-04-20,RISK,BUY,240367.61409507814,0.47512620783549636,114204.95297146049,57.10247648573024,0.0,QQQ_MA_QLD_weekly_MA175,after_tax
2010-05-24,RISK,SELL,240367.61409507814,0.853913937090754,205253.2557010392,102.6266278505196,90888.57362524245,QQQ_MA_QLD_weekly_MA175,after_tax
2010-06-01,RISK,BUY,214927.26547025246,0.8771206385986804,188517.14034153594,94.25857017076797,0.0,QQQ_MA_QLD_weekly_MA175,after_tax
2010-06-07,RISK,SELL,214927.26547025246,0.8705564111095908,187106.30887738126,93.55315443869064,-1598.6431887641374,QQQ_MA_QLD_weekly_MA175,after_tax
2010-06-14,RISK,BUY,209638.913111721,0.8916250008188693,186919.2960749051,93.45964803745255,0.0,QQQ_MA_QLD_weekly_MA175,after_tax
2010-06-28,RISK,SELL,209638.913111721,0.8696396540605911,182310.31187611536,91.15515593805769,-4793.599002765259,QQQ_MA_QLD_weekly_MA175,after_tax
2010-07-26,RISK,BUY,202979.38668453033,0.8972738347904413,182128.09267384038,91.06404633692019,0.0,QQQ_MA_QLD_weekly_MA175,after_tax
2010-08-16,RISK,SELL,202979.38668453033,0.831776302715947,168833.44378400917,84.41672189200459,-13470.12965806012,QQQ_MA_QLD_weekly_MA175,after_tax
2010-09-07,RISK,BUY,191626.5503767082,0.8801739340565858,168664.6947147598,84.3323473573799,0.0,QQQ_MA_QLD_weekly_MA175,after_tax
2011-06-13,RISK,SELL,191626.5503767082,1.2397250443817158,237564.2336704797,118.78211683523986,68696.42449152729,QQQ_MA_QLD_weekly_MA175,after_tax
2011-07-05,RISK,BUY,163197.74489285835,1.393469672970241,227411.10820533213,113.70555410266607,0.0,QQQ_MA_QLD_weekly_MA175,after_tax
2011-08-08,RISK,SELL,163197.74489285835,1.122318245115123,183159.8066548983,91.57990332744916,-44456.58700786394,QQQ_MA_QLD_weekly_MA175,after_tax
2011-09-19,RISK,BUY,144463.37278153884,1.2665960572517,182976.73838237967,91.48836919118983,0.0,QQQ_MA_QLD_weekly_MA175,after_tax
2011-09-26,RISK,SELL,144463.37278153884,1.1991140306329697,173228.0572149043,86.61402860745214,-9926.783565274032,QQQ_MA_QLD_weekly_MA175,after_tax
2011-10-17,RISK,BUY,128294.46853469845,1.348888363660264,173054.91572843262,86.52745786421632,0.0,QQQ_MA_QLD_weekly_MA175,after_tax
2011-11-21,RISK,SELL,128294.46853469845,1.1940750652414829,153193.2258856914,76.59661294284571,-20024.813913548278,QQQ_MA_QLD_weekly_MA175,after_tax
2011-12-05,RISK,BUY,116475.44118745696,1.313925988671165,153040.10921813952,76.52005460906976,0.0,QQQ_MA_QLD_weekly_MA175,after_tax
2011-12-19,RISK,SELL,116475.44118745696,1.2114806317797169,141107.7410766016,70.55387053830081,-12079.442066685297,QQQ_MA_QLD_weekly_MA175,after_tax
2011-12-27,RISK,BUY,112708.63372649909,1.2507178837444586,140966.70385413626,70.48335192706813,0.0,QQQ_MA_QLD_weekly_MA175,after_tax
2012-06-04,RISK,SELL,112708.63372649909,1.4501125553588776,163440.20486414136,81.72010243207068,22321.297555645957,QQQ_MA_QLD_weekly_MA175,after_tax
2012-06-11,RISK,BUY,103127.91480865897,1.5832458810156291,163276.84633854002,81.63842316927001,0.0,QQQ_MA_QLD_weekly_MA175,after_tax
2012-10-31,RISK,SELL,103127.91480865897,1.678820005510627,173133.20650737232,86.56660325368617,9688.155142409349,QQQ_MA_QLD_weekly_MA175,after_tax
2012-12-03,RISK,BUY,100217.72942984776,1.725843928097357,172960.15982420655,86.48007991210328,0.0,QQQ_MA_QLD_weekly_MA175,after_tax
2012-12-10,RISK,SELL,100217.72942984776,1.6458421197495952,164942.56024131202,82.47128012065602,-8186.550942927308,QQQ_MA_QLD_weekly_MA175,after_tax
2012-12-24,RISK,BUY,98383.50986662757,1.674850799026328,164777.7001111358,82.38885005556791,0.0,QQQ_MA_QLD_weekly_MA175,after_tax
2012-12-31,RISK,SELL,98383.50986662757,1.6054926399715426,157954.0009854382,78.9770004927191,-6985.0649762458925,QQQ_MA_QLD_weekly_MA175,after_tax
2013-01-07,RISK,BUY,90398.94482739257,1.7455527409449292,157796.12592198452,78.89806296099226,0.0,QQQ_MA_QLD_weekly_MA175,after_tax
2015-08-24,RISK,SELL,90398.94482739257,3.432666745387014,310309.4517270659,155.15472586353295,152279.27301625683,QQQ_MA_QLD_weekly_MA175,after_tax
2015-10-19,RISK,BUY,65183.18065332888,4.498422810736208,293221.5067272737,146.61075336363686,0.0,QQQ_MA_QLD_weekly_MA175,after_tax
2016-01-11,RISK,SELL,65183.18065332888,4.215746027529573,274795.7349010137,137.39786745050688,-18709.780447074096,QQQ_MA_QLD_weekly_MA175,after_tax
2016-03-21,RISK,BUY,62676.8028851791,4.379947027582518,274521.0764953156,137.2605382476578,0.0,QQQ_MA_QLD_weekly_MA175,after_tax
2016-05-02,RISK,SELL,62676.8028851791,4.257564817205552,266850.55081886594,133.42527540943297,-7941.211490106711,QQQ_MA_QLD_weekly_MA175,after_tax
2016-05-31,RISK,BUY,57889.6575616775,4.605033867105126,266583.83362664323,133.29191681332162,0.0,QQQ_MA_QLD_weekly_MA175,after_tax
2016-06-20,RISK,SELL,57889.6575616775,4.412542996675287,255440.60305371066,127.72030152685534,-11404.242791272729,QQQ_MA_QLD_weekly_MA175,after_tax
2016-07-05,RISK,BUY,58254.072873717785,4.38055705839344,255185.29010713025,127.59264505356512,0.0,QQQ_MA_QLD_weekly_MA175,after_tax
2018-10-29,RISK,SELL,58254.072873717785,10.144939535035777,590984.0469734347,295.49202348671736,335375.67219776416,QQQ_MA_QLD_weekly_MA175,after_tax
2019-02-19,RISK,BUY,52432.166037205476,10.1087354707727,530022.8966297427,265.01144831487136,0.0,QQQ_MA_QLD_weekly_MA175,after_tax
2019-03-11,RISK,SELL,52432.166037205476,10.137084270374908,531509.2855974411,265.75464279872057,955.6228765848791,QQQ_MA_QLD_weekly_MA175,after_tax
2019-03-18,RISK,BUY,48700.92877924437,10.898847670260327,530784.0041651817,265.3920020825908,0.0,QQQ_MA_QLD_weekly_MA175,after_tax
2020-03-16,RISK,SELL,48700.92877924437,9.445307493430235,459995.24753560906,229.99762376780453,-71284.14625542297,QQQ_MA_QLD_weekly_MA175,after_tax
2020-04-13,RISK,BUY,37948.46893943436,12.109460408117469,459535.48217075586,229.76774108537793,0.0,QQQ_MA_QLD_weekly_MA175,after_tax
2022-01-24,RISK,SELL,37948.46893943436,33.0985388893131,1256038.8749817582,628.0194374908791,795645.605632426,QQQ_MA_QLD_weekly_MA175,after_tax
2023-01-30,RISK,BUY,53247.06964716192,20.803078571744038,1107702.9735850366,553.8514867925184,0.0,QQQ_MA_QLD_weekly_MA175,after_tax
2023-03-13,RISK,SELL,53247.06964716192,19.663863781418385,1047043.1243014896,523.5215621507448,-61737.222332490375,QQQ_MA_QLD_weekly_MA175,after_tax
2023-03-20,RISK,BUY,47222.62643279982,22.150326727921968,1045996.6044371203,522.9983022185602,0.0,QQQ_MA_QLD_weekly_MA175,after_tax
2025-03-10,RISK,SELL,47222.62643279982,47.364473139597685,2236674.821257603,1118.3374106288015,1189036.8811076353,QQQ_MA_QLD_weekly_MA175,after_tax
2025-05-19,RISK,BUY,39013.416637989445,51.406489346552455,2005542.7867734167,1002.7713933867084,0.0,QQQ_MA_QLD_weekly_MA175,after_tax
2026-03-16,RISK,SELL,39013.416637989445,66.06207304756252,2577307.17977385,1288.653589886925,569472.9680171595,QQQ_MA_QLD_weekly_MA175,after_tax
2026-04-13,RISK,BUY,36246.07385306553,67.84460442333032,2459100.542460047,1229.5502712300236,0.0,QQQ_MA_QLD_weekly_MA175,after_tax
2006-09-18,RISK,BUY,96372.34188470518,1.0371235463706094,99950.02498750626,49.97501249375313,0.0,QQQ_MA_QLD_weekly_MA200,pre_tax
2006-09-25,RISK,SELL,96372.34188470518,1.032091240829839,99465.04991746283,49.73252495873142,-584.6826074959099,QQQ_MA_QLD_weekly_MA200,pre_tax
2006-10-02,RISK,BUY,94202.75842928168,1.0548059975314907,99365.6345752165,49.68281728760825,0.0,QQQ_MA_QLD_weekly_MA200,pre_tax
2008-01-07,RISK,SELL,94202.75842928168,1.347410977138844,126929.8307843729,63.46491539218645,27451.048476476586,QQQ_MA_QLD_weekly_MA200,pre_tax
2008-05-05,RISK,BUY,96412.66574750887,1.3152106458591897,126802.96438678732,63.40148219339366,0.0,QQQ_MA_QLD_weekly_MA200,pre_tax
2008-06-23,RISK,SELL,96412.66574750887,1.2447033745882312,120005.17040897146,60.00258520448573,-6921.19804521375,QQQ_MA_QLD_weekly_MA200,pre_tax
2008-08-11,RISK,BUY,98970.0747772194,1.2113280249714045,119885.22521116139,59.9426126055807,0.0,QQQ_MA_QLD_weekly_MA200,pre_tax
2008-09-02,RISK,SELL,98970.0747772194,1.184303849414458,117210.64053549769,58.605320267748844,-2793.1326085370238,QQQ_MA_QLD_weekly_MA200,pre_tax
2009-05-04,RISK,BUY,219377.39089347687,0.5337536744059992,117093.48847099446,58.54674423549723,0.0,QQQ_MA_QLD_weekly_MA200,pre_tax
2009-05-18,RISK,SELL,219377.39089347687,0.49909595003144464,109490.36732339943,54.74518366169972,-7716.413075492208,QQQ_MA_QLD_weekly_MA200,pre_tax
2009-05-26,RISK,BUY,225008.62539184335,0.48611883870415346,109380.93167390079,54.690465836950395,0.0,QQQ_MA_QLD_weekly_MA200,pre_tax
2010-07-06,RISK,SELL,225008.62539184335,0.7853627560037075,176713.3941623439,88.35669708117196,67189.41532552498,QQQ_MA_QLD_weekly_MA200,pre_tax
2010-07-26,RISK,BUY,196747.92937871927,0.8972738347904413,176536.76908072238,88.2683845403612,0.0,QQQ_MA_QLD_weekly_MA200,pre_tax
2010-08-16,RISK,SELL,196747.92937871927,0.831776302715947,163650.26526564936,81.82513263282468,-13056.597332246223,QQQ_MA_QLD_weekly_MA200,pre_tax
2010-09-07,RISK,BUY,185743.62459376553,0.8801739340565858,163486.69678462422,81.74334839231211,0.0,QQQ_MA_QLD_weekly_MA200,pre_tax
2011-06-20,RISK,SELL,185743.62459376553,1.1971284527652901,222358.9779209514,111.17948896047571,58679.3582989744,QQQ_MA_QLD_weekly_MA200,pre_tax
2011-07-05,RISK,BUY,159412.67641186866,1.393469672970241,222136.73006695748,111.06836503347874,0.0,QQQ_MA_QLD_weekly_MA200,pre_tax
2011-08-08,RISK,SELL,159412.67641186866,1.122318245115123,178911.7552396734,89.4558776198367,-43425.49906993739,QQQ_MA_QLD_weekly_MA200,pre_tax
2011-09-19,RISK,BUY,141112.813254311,1.2665960572517,178732.93289560577,89.36646644780289,0.0,QQQ_MA_QLD_weekly_MA200,pre_tax
2011-09-26,RISK,SELL,141112.813254311,1.1991140306329697,169210.35427533442,84.60517713766721,-9696.550263856829,QQQ_MA_QLD_weekly_MA200,pre_tax
2011-10-17,RISK,BUY,125318.91670060408,1.348888363660264,169041.22848395476,84.52061424197738,0.0,QQQ_MA_QLD_weekly_MA200,pre_tax
2011-11-21,RISK,SELL,125318.91670060408,1.1940750652414829,149640.19363526578,74.82009681763289,-19560.375559748587,QQQ_MA_QLD_weekly_MA200,pre_tax
2011-12-05,RISK,BUY,113774.00973362502,1.313925988671165,149490.628224336,74.74531411216799,0.0,QQQ_MA_QLD_weekly_MA200,pre_tax
2011-12-19,RISK,SELL,113774.00973362502,1.2114806317797169,137835.0091922037,68.91750459610185,-11799.281850840547,QQQ_MA_QLD_weekly_MA200,pre_tax
2011-12-27,RISK,BUY,110094.56637321763,1.2507178837444586,137697.2430660746,68.8486215330373,0.0,QQQ_MA_QLD_weekly_MA200,pre_tax
2012-01-03,RISK,SELL,110094.56637321763,1.290871759931478,142117.96665308837,71.05898332654418,4280.815982154192,QQQ_MA_QLD_weekly_MA200,pre_tax
2012-01-09,RISK,BUY,106070.39746903213,1.338506530545976,141975.91970990688,70.98795985495344,0.0,QQQ_MA_QLD_weekly_MA200,pre_tax
2012-11-12,RISK,SELL,106070.39746903213,1.6000397225028735,169716.8493321197,84.85842466605985,27585.08323769181,QQQ_MA_QLD_weekly_MA200,pre_tax
2012-12-03,RISK,BUY,98240.17950784243,1.725843928097357,169547.21729880426,84.77360864940214,0.0,QQQ_MA_QLD_weekly_MA200,pre_tax
2012-12-10,RISK,SELL,98240.17950784243,1.6458421197495952,161687.82528576814,80.84391264288406,-8025.009534328419,QQQ_MA_QLD_weekly_MA200,pre_tax
2012-12-24,RISK,BUY,96442.15374760325,1.674850799026328,161526.21826399327,80.76310913199664,0.0,QQQ_MA_QLD_weekly_MA200,pre_tax
2012-12-31,RISK,SELL,96442.15374760325,1.6054926399715426,154837.16802478096,77.41858401239048,-6847.231932356721,QQQ_MA_QLD_weekly_MA200,pre_tax
2013-01-07,RISK,BUY,88615.14442291512,1.7455527409449292,154682.40823665026,77.34120411832512,0.0,QQQ_MA_QLD_weekly_MA200,pre_tax
2015-08-24,RISK,SELL,88615.14442291512,3.432666745387014,304186.2593982083,152.09312969910414,149274.41682774058,QQQ_MA_QLD_weekly_MA200,pre_tax
2015-10-12,RISK,BUY,69072.48266226005,4.399468694962183,303882.2251559312,151.9411125779656,0.0,QQQ_MA_QLD_weekly_MA200,pre_tax
2016-01-11,RISK,SELL,69072.48266226005,4.215746027529573,291192.0443950281,145.59602219751406,-12987.717895678594,QQQ_MA_QLD_weekly_MA200,pre_tax
2016-03-21,RISK,BUY,66416.55619165204,4.379947027582518,290900.99787389365,145.45049893694681,0.0,QQQ_MA_QLD_weekly_MA200,pre_tax
2016-05-02,RISK,SELL,66416.55619165204,4.257564817205552,282772.7929215332,141.3863964607666,-8415.041847758112,QQQ_MA_QLD_weekly_MA200,pre_tax
2016-05-31,RISK,BUY,61343.77500722548,4.605033867105126,282490.1614443503,141.24508072217517,0.0,QQQ_MA_QLD_weekly_MA200,pre_tax
2016-06-20,RISK,SELL,61343.77500722548,4.412542996675287,270682.0447977573,135.34102239887864,-12084.70274971408,QQQ_MA_QLD_weekly_MA200,pre_tax
2016-07-05,RISK,BUY,61729.93398367423,4.38055705839344,270411.4980263452,135.2057490131726,0.0,QQQ_MA_QLD_weekly_MA200,pre_tax
2018-10-29,RISK,SELL,61729.93398367423,10.144939535035777,626246.4477661252,313.1232238830626,355386.6207668837,QQQ_MA_QLD_weekly_MA200,pre_tax
2019-02-19,RISK,BUY,61889.09741420683,10.1087354707727,625620.5142850996,312.8102571425498,0.0,QQQ_MA_QLD_weekly_MA200,pre_tax
2019-03-11,RISK,SELL,61889.09741420683,10.137084270374908,627374.9959052565,313.68749795262823,1127.9838650617748,QQQ_MA_QLD_weekly_MA200,pre_tax
2019-03-18,RISK,BUY,57505.889925435906,10.898847670260327,626747.9344400839,313.37396722004195,0.0,QQQ_MA_QLD_weekly_MA200,pre_tax
2020-03-16,RISK,SELL,57505.889925435906,9.445307493430235,543160.813029094,271.580406514547,-84172.07578472455,QQQ_MA_QLD_weekly_MA200,pre_tax
2020-04-13,RISK,BUY,44809.42216855592,12.109460408117469,542617.9236607491,271.3089618303746,0.0,QQQ_MA_QLD_weekly_MA200,pre_tax
2022-01-24,RISK,SELL,44809.42216855592,33.0985388893131,1483126.4022535963,741.5632011267982,939495.60642989,QQQ_MA_QLD_weekly_MA200,pre_tax
2023-01-30,RISK,BUY,71222.34393982452,20.803078571744038,1481644.0170439475,740.8220085219738,0.0,QQQ_MA_QLD_weekly_MA200,pre_tax
2023-03-13,RISK,SELL,71222.34393982452,19.663863781418385,1400506.4694260387,700.2532347130193,-82578.6228611439,QQQ_MA_QLD_weekly_MA200,pre_tax
2023-03-20,RISK,BUY,63164.15464410411,22.150326727921968,1399106.6628598957,699.5533314299479,0.0,QQQ_MA_QLD_weekly_MA200,pre_tax
2025-03-10,RISK,SELL,63164.15464410411,47.364473139597685,2991736.9060260635,1495.8684530130317,1590434.8213817247,QQQ_MA_QLD_weekly_MA200,pre_tax
2025-05-19,RISK,BUY,58139.48204267655,51.406489346552455,2988746.6642409298,1494.373332120465,0.0,QQQ_MA_QLD_weekly_MA200,pre_tax
2026-03-23,RISK,SELL,58139.48204267655,64.02386157339181,3722314.1502490225,1861.1570751245113,730211.955600848,QQQ_MA_QLD_weekly_MA200,pre_tax
2026-04-13,RISK,BUY,54810.455863561496,67.84460442333032,3718593.6963257357,1859.296848162868,0.0,QQQ_MA_QLD_weekly_MA200,pre_tax
2006-09-18,RISK,BUY,96372.34188470518,1.0371235463706094,99950.02498750626,49.97501249375313,0.0,QQQ_MA_QLD_weekly_MA200,after_tax
2006-09-25,RISK,SELL,96372.34188470518,1.032091240829839,99465.04991746283,49.73252495873142,-584.6826074959099,QQQ_MA_QLD_weekly_MA200,after_tax
2006-10-02,RISK,BUY,94202.75842928168,1.0548059975314907,99365.6345752165,49.68281728760825,0.0,QQQ_MA_QLD_weekly_MA200,after_tax
2008-01-07,RISK,SELL,94202.75842928168,1.347410977138844,126929.8307843729,63.46491539218645,27451.048476476586,QQQ_MA_QLD_weekly_MA200,after_tax
2008-05-05,RISK,BUY,92264.90838549312,1.3152106458591897,121347.78974782338,60.67389487391169,0.0,QQQ_MA_QLD_weekly_MA200,after_tax
2008-06-23,RISK,SELL,92264.90838549312,1.2447033745882312,114842.44282349729,57.42122141174865,-6623.442040611757,QQQ_MA_QLD_weekly_MA200,after_tax
2008-08-11,RISK,BUY,94712.29543781694,1.2113280249714045,114727.65777319895,57.36382888659948,0.0,QQQ_MA_QLD_weekly_MA200,after_tax
2008-09-02,RISK,SELL,94712.29543781694,1.184303849414458,112168.13607388601,56.08406803694301,-2672.9695962365076,QQQ_MA_QLD_weekly_MA200,after_tax
2009-05-04,RISK,BUY,209939.58330789278,0.5337536744059992,112056.02399385214,56.02801199692607,0.0,QQQ_MA_QLD_weekly_MA200,after_tax
2009-05-18,RISK,SELL,209939.58330789278,0.49909595003144464,104779.99578025837,52.38999789012919,-7384.446223480831,QQQ_MA_QLD_weekly_MA200,after_tax
2009-05-26,RISK,BUY,215328.55716377267,0.48611883870415346,104675.2681482941,52.33763407414705,0.0,QQQ_MA_QLD_weekly_MA200,after_tax
2010-07-06,RISK,SELL,215328.55716377267,0.7853627560037075,169111.0291004424,84.5555145502212,64298.86780352393,QQQ_MA_QLD_weekly_MA200,after_tax
2010-07-26,RISK,BUY,177507.94915802608,0.8972738347904413,159273.23824680876,79.63661912340439,0.0,QQQ_MA_QLD_weekly_MA200,after_tax
2010-08-16,RISK,SELL,177507.94915802608,0.831776302715947,147646.90565335323,73.82345282667661,-11779.792665405606,QQQ_MA_QLD_weekly_MA200,after_tax
2010-09-07,RISK,BUY,167579.7553495566,0.8801739340565858,147499.33253425942,73.74966626712971,0.0,QQQ_MA_QLD_weekly_MA200,after_tax
2011-06-20,RISK,SELL,167579.7553495566,1.1971284527652901,200614.49323640054,100.30724661820027,52941.10378925578,QQQ_MA_QLD_weekly_MA200,after_tax
2011-07-05,RISK,BUY,137825.91845492978,1.393469672970241,192056.23751621408,96.02811875810704,0.0,QQQ_MA_QLD_weekly_MA200,after_tax
2011-08-08,RISK,SELL,137825.91845492978,1.122318245115123,154684.54293171683,77.34227146585842,-37545.06497472123,QQQ_MA_QLD_weekly_MA200,after_tax
2011-09-19,RISK,BUY,122004.11868303828,1.2665960572517,154529.93569240478,77.2649678462024,0.0,QQQ_MA_QLD_weekly_MA200,after_tax
2011-09-26,RISK,SELL,122004.11868303828,1.1991140306329697,146296.85050784124,73.14842525392062,-8383.498577663646,QQQ_MA_QLD_weekly_MA200,after_tax
2011-10-17,RISK,BUY,108348.9417705532,1.348888363660264,146150.62676920273,73.07531338460137,0.0,QQQ_MA_QLD_weekly_MA200,after_tax
2011-11-21,RISK,SELL,108348.9417705532,1.1940750652414829,129376.76971351894,64.68838485675947,-16911.620753925163,QQQ_MA_QLD_weekly_MA200,after_tax
2011-12-05,RISK,BUY,98367.38044170683,1.313925988671165,129247.45759986226,64.62372879993113,0.0,QQQ_MA_QLD_weekly_MA200,after_tax
2011-12-19,RISK,SELL,98367.38044170683,1.2114806317797169,119170.17620403475,59.58508810201738,-10201.490212729463,QQQ_MA_QLD_weekly_MA200,after_tax
2011-12-27,RISK,BUY,95186.18637379713,1.2507178837444586,119051.06558314117,59.52553279157058,0.0,QQQ_MA_QLD_weekly_MA200,after_tax
2012-01-03,RISK,SELL,95186.18637379713,1.290871759931478,122873.15992550917,61.436579962754585,3701.132229613664,QQQ_MA_QLD_weekly_MA200,after_tax
2012-01-09,RISK,BUY,91706.94753457115,1.338506530545976,122750.34817146069,61.37517408573034,0.0,QQQ_MA_QLD_weekly_MA200,after_tax
2012-11-12,RISK,SELL,91706.94753457115,1.6000397225028735,146734.7588848008,73.3673794424004,23849.668159811976,QQQ_MA_QLD_weekly_MA200,after_tax
2012-12-03,RISK,BUY,84937.05315418352,1.725843928097357,146588.0974566301,73.29404872831505,0.0,QQQ_MA_QLD_weekly_MA200,after_tax
2012-12-10,RISK,SELL,84937.05315418352,1.6458421197495952,139792.97960856545,69.89648980428272,-6938.308386597229,QQQ_MA_QLD_weekly_MA200,after_tax
2012-12-24,RISK,BUY,83382.5058158632,1.674850799026328,139653.25649051592,69.82662824525796,0.0,QQQ_MA_QLD_weekly_MA200,after_tax
2012-12-31,RISK,SELL,83382.5058158632,1.6054926399715426,133869.99938975272,66.93499969487635,-5920.018728703348,QQQ_MA_QLD_weekly_MA200,after_tax
2013-01-07,RISK,BUY,76615.3855766717,1.7455527409449292,133736.19629191188,66.86809814595594,0.0,QQQ_MA_QLD_weekly_MA200,after_tax
2015-08-24,RISK,SELL,76615.3855766717,3.432666745387014,262995.08625404484,131.49754312702242,129060.52432085996,QQQ_MA_QLD_weekly_MA200,after_tax
2015-10-12,RISK,BUY,56455.543487407296,4.399468694962183,248374.39622992452,124.18719811496226,0.0,QQQ_MA_QLD_weekly_MA200,after_tax
2016-01-11,RISK,SELL,56455.543487407296,4.215746027529573,238002.23318906035,119.00111659453017,-10615.351355573657,QQQ_MA_QLD_weekly_MA200,after_tax
2016-03-21,RISK,BUY,54284.754678585574,4.379947027582518,237764.34989751707,118.88217494875853,0.0,QQQ_MA_QLD_weekly_MA200,after_tax
2016-05-02,RISK,SELL,54284.754678585574,4.257564817205552,231120.8616301804,115.56043081509021,-6877.9308731005,QQQ_MA_QLD_weekly_MA200,after_tax
2016-05-31,RISK,BUY,50138.579418607966,4.605033867105126,230889.8562712297,115.44492813561486,0.0,QQQ_MA_QLD_weekly_MA200,after_tax
2016-06-20,RISK,SELL,50138.579418607966,4.412542996675287,221238.6374768263,110.61931873841314,-9877.283041277435,QQQ_MA_QLD_weekly_MA200,after_tax
2016-07-05,RISK,BUY,50454.20170475851,4.38055705839344,221017.5094033862,110.5087547016931,0.0,QQQ_MA_QLD_weekly_MA200,after_tax
2018-10-29,RISK,SELL,50454.20170475851,10.144939535035777,511854.82558327407,255.92741279163704,290470.8800123945,QQQ_MA_QLD_weekly_MA200,after_tax
2019-02-19,RISK,BUY,45299.54414181679,10.1087354707727,457921.1086762171,228.96055433810855,0.0,QQQ_MA_QLD_weekly_MA200,after_tax
2019-03-11,RISK,SELL,45299.54414181679,10.137084270374908,459205.2963751648,229.60264818758242,825.6244964220678,QQQ_MA_QLD_weekly_MA200,after_tax
2019-03-18,RISK,BUY,42075.886611615526,10.898847670260327,458578.67877114355,229.28933938557176,0.0,QQQ_MA_QLD_weekly_MA200,after_tax
2020-03-16,RISK,SELL,42075.886611615526,9.445307493430235,397419.687105413,198.7098435527065,-61586.99084866885,QQQ_MA_QLD_weekly_MA200,after_tax
2020-04-13,RISK,BUY,32786.14014565879,12.109460408117469,397022.46602884587,198.51123301442294,0.0,QQQ_MA_QLD_weekly_MA200,after_tax
2022-01-24,RISK,SELL,32786.14014565879,33.0985388893131,1085173.334641557,542.5866673207785,687409.770712376,QQQ_MA_QLD_weekly_MA200,after_tax
2023-01-30,RISK,BUY,46003.59214975822,20.803078571744038,957016.3420738874,478.5081710369437,0.0,QQQ_MA_QLD_weekly_MA200,after_tax
2023-03-13,RISK,SELL,46003.59214975822,19.663863781418385,904608.3694887738,452.3041847443869,-53338.78494089504,QQQ_MA_QLD_weekly_MA200,after_tax
2023-03-20,RISK,BUY,40798.68546851957,22.150326727921968,903704.2131974307,451.85210659871535,0.0,QQQ_MA_QLD_weekly_MA200,after_tax
2025-03-10,RISK,SELL,40798.68546851957,47.364473139597685,1932408.2420045896,966.2041210022949,1027285.972579558,QQQ_MA_QLD_weekly_MA200,after_tax
2025-05-19,RISK,BUY,33706.217436480445,51.406489346552455,1732718.3075610127,866.3591537805064,0.0,QQQ_MA_QLD_weekly_MA200,after_tax
2026-03-23,RISK,SELL,33706.217436480445,64.02386157339181,2158002.1993158692,1079.0010996579347,423338.5315014182,QQQ_MA_QLD_weekly_MA200,after_tax
2026-04-13,RISK,BUY,30509.235769291263,67.84460442333032,2069887.0320256858,1034.9435160128428,0.0,QQQ_MA_QLD_weekly_MA200,after_tax
2006-09-18,RISK,BUY,96372.34188470518,1.0371235463706094,99950.02498750626,49.97501249375313,0.0,QQQ_MA_QLD_weekly_MA225,pre_tax
2006-09-25,RISK,SELL,96372.34188470518,1.032091240829839,99465.04991746283,49.73252495873142,-584.6826074959099,QQQ_MA_QLD_weekly_MA225,pre_tax
2006-10-02,RISK,BUY,94202.75842928168,1.0548059975314907,99365.6345752165,49.68281728760825,0.0,QQQ_MA_QLD_weekly_MA225,pre_tax
2008-01-14,RISK,SELL,94202.75842928168,1.297507454657788,122228.78131131975,61.114390655659875,22752.349528159975,QQQ_MA_QLD_weekly_MA225,pre_tax
2008-05-05,RISK,BUY,92841.86833363747,1.3152106458591897,122106.61361385717,61.05330680692859,0.0,QQQ_MA_QLD_weekly_MA225,pre_tax
2008-06-23,RISK,SELL,92841.86833363747,1.2447033745882312,115560.5868179548,57.7802934089774,-6664.860396118267,QQQ_MA_QLD_weekly_MA225,pre_tax
2008-08-18,RISK,BUY,91532.11233301768,1.2612522648066424,115445.08398255456,57.72254199127728,0.0,QQQ_MA_QLD_weekly_MA225,pre_tax
2008-08-25,RISK,SELL,91532.11233301768,1.2007926768480597,109911.0901859216,54.9555450929608,-5646.671883717208,QQQ_MA_QLD_weekly_MA225,pre_tax
2009-06-01,RISK,BUY,195005.52288521102,0.5630673039370822,109801.23402381674,54.90061701190837,0.0,QQQ_MA_QLD_weekly_MA225,pre_tax
2010-07-06,RISK,SELL,195005.52288521102,0.7853627560037075,153150.07488907338,76.57503744453669,43217.365210800184,QQQ_MA_QLD_weekly_MA225,pre_tax
2010-07-12,RISK,BUY,182167.9642904332,0.8398677667991497,152997.0013509534,76.49850067547669,0.0,QQQ_MA_QLD_weekly_MA225,pre_tax
2010-07-19,RISK,SELL,182167.9642904332,0.8349822419895302,152107.0152418946,76.0535076209473,-1042.5381173552014,QQQ_MA_QLD_weekly_MA225,pre_tax
2010-07-26,RISK,BUY,169351.850405447,0.8972738347904413,151954.9842421526,75.9774921210763,0.0,QQQ_MA_QLD_weekly_MA225,pre_tax
2010-08-16,RISK,SELL,169351.850405447,0.831776302715947,140862.85598834688,70.43142799417345,-11238.537173920951,QQQ_MA_QLD_weekly_MA225,pre_tax
2010-09-07,RISK,BUY,159879.8352048693,0.8801739340565858,140722.06352858845,70.36103176429422,0.0,QQQ_MA_QLD_weekly_MA225,pre_tax
2011-08-08,RISK,SELL,159879.8352048693,1.122318245115123,179436.056076424,89.718028038212,38553.913488033024,QQQ_MA_QLD_weekly_MA225,pre_tax
2011-09-19,RISK,BUY,141526.34430466793,1.2665960572517,179256.709693539,89.62835484676951,0.0,QQQ_MA_QLD_weekly_MA225,pre_tax
2011-09-26,RISK,SELL,141526.34430466793,1.1991140306329697,169706.2251599198,84.8531125799599,-9724.966001045948,QQQ_MA_QLD_weekly_MA225,pre_tax
2011-10-17,RISK,BUY,125686.16374258176,1.348888363660264,169536.60374546712,84.76830187273356,0.0,QQQ_MA_QLD_weekly_MA225,pre_tax
2011-11-21,RISK,SELL,125686.16374258176,1.1940750652414829,150078.71417087503,75.03935708543752,-19617.69723355028,QQQ_MA_QLD_weekly_MA225,pre_tax
2011-12-05,RISK,BUY,114107.42442973537,1.313925988671165,149928.7104585603,74.96435522928014,0.0,QQQ_MA_QLD_weekly_MA225,pre_tax
2011-12-19,RISK,SELL,114107.42442973537,1.2114806317797169,138238.9346388921,69.11946731944604,-11833.859642216936,QQQ_MA_QLD_weekly_MA225,pre_tax
2011-12-27,RISK,BUY,110417.19846183492,1.2507178837444586,138100.76478917807,69.05038239458904,0.0,QQQ_MA_QLD_weekly_MA225,pre_tax
2012-01-03,RISK,SELL,110417.19846183492,1.290871759931478,142534.44330513215,71.26722165256608,4293.360911906959,QQQ_MA_QLD_weekly_MA225,pre_tax
2012-01-09,RISK,BUY,106381.2367320698,1.338506530545976,142391.98009343288,71.19599004671645,0.0,QQQ_MA_QLD_weekly_MA225,pre_tax
2012-11-12,RISK,SELL,106381.2367320698,1.6000397225028735,170214.20450029345,85.10710225014672,27665.92131456369,QQQ_MA_QLD_weekly_MA225,pre_tax
2012-11-26,RISK,BUY,103279.04180832271,1.6464528754628722,170044.07536036312,85.02203768018155,0.0,QQQ_MA_QLD_weekly_MA225,pre_tax
2012-12-17,RISK,SELL,103279.04180832271,1.6424835554107455,169634.1277887489,84.81706389437446,-579.7866731887625,QQQ_MA_QLD_weekly_MA225,pre_tax
2012-12-24,RISK,BUY,101181.89544654048,1.674850799026328,169464.5784356367,84.73228921781836,0.0,QQQ_MA_QLD_weekly_MA225,pre_tax
2012-12-31,RISK,SELL,101181.89544654048,1.6054926399715426,162446.78843779088,81.22339421889544,-7183.74568128254,QQQ_MA_QLD_weekly_MA225,pre_tax
2013-01-07,RISK,BUY,92970.2202777933,1.7455527409449292,162284.42283215592,81.14221141607796,0.0,QQQ_MA_QLD_weekly_MA225,pre_tax
2015-08-24,RISK,SELL,92970.2202777933,3.432666745387014,319135.7834588865,159.56789172944326,156610.65052358503,QQQ_MA_QLD_weekly_MA225,pre_tax
2015-08-31,RISK,BUY,74668.16249716647,4.269782414635874,318816.80716357526,159.40840358178764,0.0,QQQ_MA_QLD_weekly_MA225,pre_tax
2015-09-08,RISK,SELL,74668.16249716647,4.186809861271527,312621.3990661614,156.3106995330807,-6511.127200528688,QQQ_MA_QLD_weekly_MA225,pre_tax
2015-10-12,RISK,BUY,70987.87502620542,4.399468694962183,312308.9338996785,156.15446694983928,0.0,QQQ_MA_QLD_weekly_MA225,pre_tax
2016-01-11,RISK,SELL,70987.87502620542,4.215746027529573,299266.8521444913,149.63342607224564,-13347.869648209366,QQQ_MA_QLD_weekly_MA225,pre_tax
2016-03-21,RISK,BUY,68258.2992370131,4.379947027582518,298967.73485099355,149.48386742549678,0.0,QQQ_MA_QLD_weekly_MA225,pre_tax
2016-05-02,RISK,SELL,68258.2992370131,4.257564817205552,290614.1333137955,145.30706665689775,-8648.392471280415,QQQ_MA_QLD_weekly_MA225,pre_tax
2016-05-31,RISK,BUY,63044.84891822045,4.605033867105126,290323.66441493115,145.16183220746558,0.0,QQQ_MA_QLD_weekly_MA225,pre_tax
2016-06-20,RISK,SELL,63044.84891822045,4.412542996675287,278188.10657054523,139.09405328527262,-12419.813729878631,QQQ_MA_QLD_weekly_MA225,pre_tax
2016-07-05,RISK,BUY,63441.71615252026,4.38055705839344,277910.05748851574,138.95502874425787,0.0,QQQ_MA_QLD_weekly_MA225,pre_tax
2018-10-29,RISK,SELL,63441.71615252026,10.144939535035777,643612.3743662206,321.8061871831103,365241.55566177744,QQQ_MA_QLD_weekly_MA225,pre_tax
2018-11-12,RISK,BUY,62753.52665610946,10.24594342180483,642969.0836372188,321.4845418186094,0.0,QQQ_MA_QLD_weekly_MA225,pre_tax
2018-11-19,RISK,SELL,62753.52665610946,9.803736210172024,615219.0215944956,307.6095107972478,-28379.156095338985,QQQ_MA_QLD_weekly_MA225,pre_tax
2019-02-19,RISK,BUY,60799.306877273,10.1087354707727,614604.1100286841,307.3020550143421,0.0,QQQ_MA_QLD_weekly_MA225,pre_tax
2019-06-03,RISK,SELL,60799.306877273,10.22687271903491,621786.7728394148,310.8933864197074,6564.467369296588,QQQ_MA_QLD_weekly_MA225,pre_tax
2019-06-10,RISK,BUY,55205.3515465964,11.251903654309574,621165.2968045927,310.58264840229634,0.0,QQQ_MA_QLD_weekly_MA225,pre_tax
2020-03-16,RISK,SELL,55205.3515465964,9.445307493430235,521431.5206405174,260.7157603202587,-100305.07457279786,QQQ_MA_QLD_weekly_MA225,pre_tax
2020-04-13,RISK,BUY,43016.80934983337,12.109460408117469,520910.34970534453,260.45517485267226,0.0,QQQ_MA_QLD_weekly_MA225,pre_tax
2022-01-24,RISK,SELL,43016.80934983337,33.0985388893131,1423793.537159627,711.8967685798135,901910.8355108502,QQQ_MA_QLD_weekly_MA225,pre_tax
2023-02-06,RISK,BUY,63914.2769067475,22.254346352673895,1422370.4551634656,711.1852275817328,0.0,QQQ_MA_QLD_weekly_MA225,pre_tax
2023-02-27,RISK,SELL,63914.2769067475,20.897190853861844,1335628.842806877,667.8144214034386,-88120.6120055737,QQQ_MA_QLD_weekly_MA225,pre_tax
2023-03-06,RISK,BUY,61475.31028246086,21.704548953296303,1334293.8814447513,667.1469407223757,0.0,QQQ_MA_QLD_weekly_MA225,pre_tax
2023-03-13,RISK,SELL,61475.31028246086,19.663863781418385,1208842.1273147394,604.4210636573697,-126723.32213439164,QQQ_MA_QLD_weekly_MA225,pre_tax
2023-03-20,RISK,BUY,54519.91314349895,22.150326727921968,1207633.8893064288,603.8169446532145,0.0,QQQ_MA_QLD_weekly_MA225,pre_tax
2025-03-17,RISK,SELL,54519.91314349895,46.43712415836783,2531747.9757480905,1265.8739878740453,1322244.3955091345,QQQ_MA_QLD_weekly_MA225,pre_tax
2025-05-19,RISK,BUY,49200.35437477954,51.406489346552455,2529217.49301371,1264.608746506855,0.0,QQQ_MA_QLD_weekly_MA225,pre_tax
2026-03-23,RISK,SELL,49200.35437477954,64.02386157339181,3149996.6778527074,1574.9983389263537,617939.5777535643,QQQ_MA_QLD_weekly_MA225,pre_tax
2026-04-13,RISK,BUY,46383.17640929385,67.84460442333032,3146848.255386088,1573.424127693044,0.0,QQQ_MA_QLD_weekly_MA225,pre_tax
2006-09-18,RISK,BUY,96372.34188470518,1.0371235463706094,99950.02498750626,49.97501249375313,0.0,QQQ_MA_QLD_weekly_MA225,after_tax
2006-09-25,RISK,SELL,96372.34188470518,1.032091240829839,99465.04991746283,49.73252495873142,-584.6826074959099,QQQ_MA_QLD_weekly_MA225,after_tax
2006-10-02,RISK,BUY,94202.75842928168,1.0548059975314907,99365.6345752165,49.68281728760825,0.0,QQQ_MA_QLD_weekly_MA225,after_tax
2008-01-14,RISK,SELL,94202.75842928168,1.297507454657788,122228.78131131975,61.114390655659875,22752.349528159975,QQQ_MA_QLD_weekly_MA225,after_tax
2008-05-05,RISK,BUY,89419.51846624969,1.3152106458591897,117605.50263441399,58.802751317207,0.0,QQQ_MA_QLD_weekly_MA225,after_tax
2008-06-23,RISK,SELL,89419.51846624969,1.2447033745882312,111300.77638899564,55.65038819449782,-6419.179384930059,QQQ_MA_QLD_weekly_MA225,after_tax
2008-08-18,RISK,BUY,88158.04287354805,1.2612522648066424,111189.53123518356,55.59476561759178,0.0,QQQ_MA_QLD_weekly_MA225,after_tax
2008-08-25,RISK,SELL,88158.04287354805,1.2007926768480597,105859.53228781378,52.92976614390689,-5438.523479131269,QQQ_MA_QLD_weekly_MA225,after_tax
2009-06-01,RISK,BUY,187817.20216995146,0.5630673039370822,105753.72565884046,52.876862829420226,0.0,QQQ_MA_QLD_weekly_MA225,after_tax
2010-07-06,RISK,SELL,187817.20216995146,0.7853627560037075,147504.6355210986,73.7523177605493,41624.28068166817,QQQ_MA_QLD_weekly_MA225,after_tax
2010-07-12,RISK,BUY,168256.4231332292,0.8398677667991497,141313.14634651798,70.65657317325899,0.0,QQQ_MA_QLD_weekly_MA225,after_tax
2010-07-19,RISK,SELL,168256.4231332292,0.8349822419895302,140491.12541692276,70.24556270846138,-962.9230654769635,QQQ_MA_QLD_weekly_MA225,after_tax
2010-07-26,RISK,BUY,156419.03180509244,0.8972738347904413,140350.7045019633,70.17535225098166,0.0,QQQ_MA_QLD_weekly_MA225,after_tax
2010-08-16,RISK,SELL,156419.03180509244,0.831776302715947,130105.64394924791,65.05282197462395,-10380.288726940998,QQQ_MA_QLD_weekly_MA225,after_tax
2010-09-07,RISK,BUY,147670.36184152035,0.8801739340565858,129975.6033256105,64.98780166280525,0.0,QQQ_MA_QLD_weekly_MA225,after_tax
2011-08-08,RISK,SELL,147670.36184152035,1.122318245115123,165733.14135749036,82.86657067874518,35609.68365953831,QQQ_MA_QLD_weekly_MA225,after_tax
2011-09-19,RISK,BUY,126828.29699084177,1.2665960572517,160640.22091654784,80.32011045827392,0.0,QQQ_MA_QLD_weekly_MA225,after_tax
2011-09-26,RISK,SELL,126828.29699084177,1.1991140306329697,152081.59040300362,76.04079520150181,-8714.991419203987,QQQ_MA_QLD_weekly_MA225,after_tax
2011-10-17,RISK,BUY,112633.17922257648,1.348888363660264,151929.58481539442,75.96479240769722,0.0,QQQ_MA_QLD_weekly_MA225,after_tax
2011-11-21,RISK,SELL,112633.17922257648,1.1940750652414829,134492.47082855363,67.24623541427681,-17580.325014662754,QQQ_MA_QLD_weekly_MA225,after_tax
2011-12-05,RISK,BUY,102256.93587675878,1.313925988671165,134358.0455703542,67.17902278517711,0.0,QQQ_MA_QLD_weekly_MA225,after_tax
2011-12-19,RISK,SELL,102256.93587675878,1.2114806317797169,123882.29727983373,61.94114863991687,-10604.868461945589,QQQ_MA_QLD_weekly_MA225,after_tax
2011-12-27,RISK,BUY,98949.95386348313,1.2507178837444586,123758.47689274744,61.87923844637372,0.0,QQQ_MA_QLD_weekly_MA225,after_tax
2012-01-03,RISK,SELL,98949.95386348313,1.290871759931478,127731.70108889302,63.865850544446516,3847.479107154766,QQQ_MA_QLD_weekly_MA225,after_tax
2012-01-09,RISK,BUY,95333.14205772916,1.338506530545976,127604.03322173771,63.80201661086886,0.0,QQQ_MA_QLD_weekly_MA225,after_tax
2012-11-12,RISK,SELL,95333.14205772916,1.6000397225028735,152536.814163376,76.268407081688,24792.71051794573,QQQ_MA_QLD_weekly_MA225,after_tax
2012-11-26,RISK,BUY,92553.12183573082,1.6464528754628722,152384.35357950456,76.19217678975228,0.0,QQQ_MA_QLD_weekly_MA225,after_tax
2012-12-17,RISK,SELL,92553.12183573082,1.6424835554107455,152016.98061711507,76.00849030855754,-519.5736294878006,QQQ_MA_QLD_weekly_MA225,after_tax
2012-12-24,RISK,BUY,90673.77207288526,1.674850799026328,151865.039607003,75.9325198035015,0.0,QQQ_MA_QLD_weekly_MA225,after_tax
2012-12-31,RISK,SELL,90673.77207288526,1.6054926399715426,145576.0737014745,72.78803685073724,-6437.686462182755,QQQ_MA_QLD_weekly_MA225,after_tax
2013-01-07,RISK,BUY,83314.91049689357,1.7455527409449292,145430.57037943404,72.71528518971702,0.0,QQQ_MA_QLD_weekly_MA225,after_tax
2015-08-24,RISK,SELL,83314.91049689357,3.432666745387014,285992.32265758206,142.99616132879103,140346.0408316295,QQQ_MA_QLD_weekly_MA225,after_tax
2015-08-31,RISK,BUY,60963.12149393821,4.269782414635874,260299.26409612768,130.14963204806384,0.0,QQQ_MA_QLD_weekly_MA225,after_tax
2015-09-08,RISK,SELL,60963.12149393821,4.186809861271527,255240.9982447147,127.62049912235734,-5316.035982583446,QQQ_MA_QLD_weekly_MA225,after_tax
2015-10-12,RISK,BUY,57958.33599070139,4.399468694962183,254985.88480319074,127.49294240159537,0.0,QQQ_MA_QLD_weekly_MA225,after_tax
2016-01-11,RISK,SELL,57958.33599070139,4.215746027529573,244337.62471502362,122.16881235751181,-10897.921842926182,QQQ_MA_QLD_weekly_MA225,after_tax
2016-03-21,RISK,BUY,55729.76286263279,4.379947027582518,244093.4091980671,122.04670459903355,0.0,QQQ_MA_QLD_weekly_MA225,after_tax
2016-05-02,RISK,SELL,55729.76286263279,4.257564817205552,237273.07763515392,118.63653881757696,-7061.014806329767,QQQ_MA_QLD_weekly_MA225,after_tax
2016-05-31,RISK,BUY,51473.22038779651,4.605033867105126,237035.92313476896,118.51796156738449,0.0,QQQ_MA_QLD_weekly_MA225,after_tax
2016-06-20,RISK,SELL,51473.22038779651,4.412542996675287,227127.7981384951,113.56389906924755,-10140.206856910489,QQQ_MA_QLD_weekly_MA225,after_tax
2016-07-05,RISK,BUY,51797.24423695043,4.38055705839344,226900.7838475021,113.45039192375106,0.0,QQQ_MA_QLD_weekly_MA225,after_tax
2018-10-29,RISK,SELL,51797.24423695043,10.144939535035777,525479.9108653425,262.73995543267125,298202.9366704839,QQQ_MA_QLD_weekly_MA225,after_tax
2018-11-12,RISK,BUY,45987.95090593099,10.24594342180483,471189.9430669071,235.59497153345356,0.0,QQQ_MA_QLD_weekly_MA225,after_tax
2018-11-19,RISK,SELL,45987.95090593099,9.803736210172024,450853.739528089,225.4268697640445,-20797.22538011562,QQQ_MA_QLD_weekly_MA225,after_tax
2019-02-19,RISK,BUY,44555.83118234919,10.1087354707727,450403.1111027736,225.2015555513868,0.0,QQQ_MA_QLD_weekly_MA225,after_tax
2019-06-03,RISK,SELL,44555.83118234919,10.22687271903491,455666.8143926919,227.83340719634595,4810.668327170599,QQQ_MA_QLD_weekly_MA225,after_tax
2019-06-10,RISK,BUY,40456.3875841131,11.251903654309574,455211.3752978467,227.60568764892335,0.0,QQQ_MA_QLD_weekly_MA225,after_tax
2020-03-16,RISK,SELL,40456.3875841131,9.445307493430235,382123.0208053414,191.0615104026707,-73507.02169055684,QQQ_MA_QLD_weekly_MA225,after_tax
2020-04-13,RISK,BUY,31524.203051579967,12.109460408117469,381741.0887505635,190.87054437528175,0.0,QQQ_MA_QLD_weekly_MA225,after_tax
2022-01-24,RISK,SELL,31524.203051579967,33.0985388893131,1043405.0606573222,521.702530328661,660951.3988320548,QQQ_MA_QLD_weekly_MA225,after_tax
2023-02-06,RISK,BUY,41624.61224550191,22.254346352673895,926328.5377071504,463.1642688535752,0.0,QQQ_MA_QLD_weekly_MA225,after_tax
2023-02-27,RISK,SELL,41624.61224550191,20.897190853861844,869837.4663122481,434.91873315612406,-57389.15439691208,QQQ_MA_QLD_weekly_MA225,after_tax
2023-03-06,RISK,BUY,40036.218463565296,21.704548953296303,868968.0635473183,434.4840317736592,0.0,QQQ_MA_QLD_weekly_MA225,after_tax
2023-03-13,RISK,SELL,40036.218463565296,19.663863781418385,787266.7461906556,393.63337309532784,-82529.43476153177,QQQ_MA_QLD_weekly_MA225,after_tax
2023-03-20,RISK,BUY,35506.468258534056,22.150326727921968,786479.8728811198,393.2399364405599,0.0,QQQ_MA_QLD_weekly_MA225,after_tax
2025-03-17,RISK,SELL,35506.468258534056,46.43712415836783,1648818.2749466924,824.4091374733462,861120.7529916585,QQQ_MA_QLD_weekly_MA225,after_tax
2025-05-19,RISK,BUY,29193.420901963495,51.406489346552455,1500731.2805862082,750.3656402931041,0.0,QQQ_MA_QLD_weekly_MA225,after_tax
2026-03-23,RISK,SELL,29193.420901963495,64.02386157339181,1869075.5386810738,934.5377693405369,366659.35468523204,QQQ_MA_QLD_weekly_MA225,after_tax
2026-04-13,RISK,BUY,26424.470882519832,67.84460442333032,1792757.7741203683,896.3788870601842,0.0,QQQ_MA_QLD_weekly_MA225,after_tax
2006-09-18,RISK,BUY,96372.34188470518,1.0371235463706094,99950.02498750626,49.97501249375313,0.0,QQQ_MA_QLD_weekly_MA250,pre_tax
2006-09-25,RISK,SELL,96372.34188470518,1.032091240829839,99465.04991746283,49.73252495873142,-584.6826074959099,QQQ_MA_QLD_weekly_MA250,pre_tax
2006-10-02,RISK,BUY,94202.75842928168,1.0548059975314907,99365.6345752165,49.68281728760825,0.0,QQQ_MA_QLD_weekly_MA250,pre_tax
2008-01-14,RISK,SELL,94202.75842928168,1.297507454657788,122228.78131131975,61.114390655659875,22752.349528159975,QQQ_MA_QLD_weekly_MA250,pre_tax
2008-05-05,RISK,BUY,92841.86833363747,1.3152106458591897,122106.61361385717,61.05330680692859,0.0,QQQ_MA_QLD_weekly_MA250,pre_tax
2008-06-23,RISK,SELL,92841.86833363747,1.2447033745882312,115560.5868179548,57.7802934089774,-6664.860396118267,QQQ_MA_QLD_weekly_MA250,pre_tax
2008-08-18,RISK,BUY,91532.11233301768,1.2612522648066424,115445.08398255456,57.72254199127728,0.0,QQQ_MA_QLD_weekly_MA250,pre_tax
2008-08-25,RISK,SELL,91532.11233301768,1.2007926768480597,109911.0901859216,54.9555450929608,-5646.671883717208,QQQ_MA_QLD_weekly_MA250,pre_tax
2009-06-08,RISK,BUY,186703.05970821972,0.5881062377628655,109801.23402381674,54.90061701190837,0.0,QQQ_MA_QLD_weekly_MA250,pre_tax
2010-07-06,RISK,SELL,186703.05970821972,0.7853627560037075,146629.62952677222,73.31481476338611,36700.18007118019,QQQ_MA_QLD_weekly_MA250,pre_tax
2010-07-12,RISK,BUY,174412.06695393022,0.8398677667991497,146483.07317542113,73.24153658771057,0.0,QQQ_MA_QLD_weekly_MA250,pre_tax
2010-08-30,RISK,SELL,174412.06695393022,0.8081112534660793,140944.35404575028,70.47217702287514,-5682.432843281422,QQQ_MA_QLD_weekly_MA250,pre_tax
2010-09-07,RISK,BUY,159972.33578563452,0.8801739340565858,140803.4801286631,70.40174006433155,0.0,QQQ_MA_QLD_weekly_MA250,pre_tax
2011-08-08,RISK,SELL,159972.33578563452,1.122318245115123,179539.87116590052,89.76993558295027,38576.21936159016,QQQ_MA_QLD_weekly_MA250,pre_tax
2011-09-19,RISK,BUY,141608.2262319603,1.2665960572517,179360.4210198077,89.68021050990384,0.0,QQQ_MA_QLD_weekly_MA250,pre_tax
2011-09-26,RISK,SELL,141608.2262319603,1.1991140306329697,169804.41092779132,84.90220546389567,-9730.592507990164,QQQ_MA_QLD_weekly_MA250,pre_tax
2011-10-17,RISK,BUY,125758.88112514248,1.348888363660264,169634.6913766391,84.81734568831955,0.0,QQQ_MA_QLD_weekly_MA250,pre_tax
2011-11-21,RISK,SELL,125758.88112514248,1.1940750652414829,150165.5441842004,75.0827720921002,-19629.047310219117,QQQ_MA_QLD_weekly_MA250,pre_tax
2011-12-05,RISK,BUY,114173.44278042886,1.313925988671165,150015.45368526567,75.00772684263283,0.0,QQQ_MA_QLD_weekly_MA250,pre_tax
2011-12-19,RISK,SELL,114173.44278042886,1.2114806317797169,138318.91459209932,69.15945729604967,-11840.706277305027,QQQ_MA_QLD_weekly_MA250,pre_tax
2011-12-27,RISK,BUY,110481.08178377544,1.2507178837444586,138180.66480240208,69.09033240120104,0.0,QQQ_MA_QLD_weekly_MA250,pre_tax
2012-01-03,RISK,SELL,110481.08178377544,1.290871759931478,142616.90848135576,71.30845424067788,4295.844892311812,QQQ_MA_QLD_weekly_MA250,pre_tax
2012-01-09,RISK,BUY,106442.78499528654,1.338506530545976,142474.36284569226,71.23718142284613,0.0,QQQ_MA_QLD_weekly_MA250,pre_tax
2012-11-19,RISK,SELL,106442.78499528654,1.5572904467552016,165762.33219917765,82.88116609958882,23133.851005962933,QQQ_MA_QLD_weekly_MA250,pre_tax
2012-11-26,RISK,BUY,100577.82714258981,1.6464528754628722,165596.6527067247,82.79832635336236,0.0,QQQ_MA_QLD_weekly_MA250,pre_tax
2012-12-31,RISK,SELL,100577.82714258981,1.6054926399715426,161476.96122175799,80.738480610879,-4283.22829193098,QQQ_MA_QLD_weekly_MA250,pre_tax
2013-01-07,RISK,BUY,92415.17667999075,1.7455527409449292,161315.56495866776,80.65778247933389,0.0,QQQ_MA_QLD_weekly_MA250,pre_tax
2015-08-24,RISK,SELL,92415.17667999075,3.432666745387014,317230.5037584697,158.61525187923485,155675.6657654434,QQQ_MA_QLD_weekly_MA250,pre_tax
2015-08-31,RISK,BUY,74222.38442511395,4.269782414635874,316913.4317906952,158.4567158953476,0.0,QQQ_MA_QLD_weekly_MA250,pre_tax
2015-09-08,RISK,SELL,74222.38442511395,4.186809861271527,310755.0110381533,155.37750551907666,-6472.254973956267,QQQ_MA_QLD_weekly_MA250,pre_tax
2015-09-14,RISK,BUY,71726.45812658692,4.328171492576434,310444.4113269708,155.2222056634854,0.0,QQQ_MA_QLD_weekly_MA250,pre_tax
2015-09-28,RISK,SELL,71726.45812658692,4.062655391738128,291399.88183825737,145.6999409191287,-19345.45163529605,QQQ_MA_QLD_weekly_MA250,pre_tax
2015-10-12,RISK,BUY,66169.04171108072,4.399468694962183,291108.6275835465,145.55431379177327,0.0,QQQ_MA_QLD_weekly_MA250,pre_tax
2016-01-11,RISK,SELL,66169.04171108072,4.215746027529573,278951.8747389271,139.47593736946357,-12441.783095780644,QQQ_MA_QLD_weekly_MA250,pre_tax
2016-03-21,RISK,BUY,63624.7563076657,4.379947027582518,278673.06227042247,139.33653113521123,0.0,QQQ_MA_QLD_weekly_MA250,pre_tax
2016-05-02,RISK,SELL,63624.7563076657,4.257564817205552,270886.5239587945,135.44326197939725,-8061.3181047425605,QQQ_MA_QLD_weekly_MA250,pre_tax
2016-05-31,RISK,BUY,58765.20794851999,4.605033867105126,270615.7728104099,135.30788640520495,0.0,QQQ_MA_QLD_weekly_MA250,pre_tax
2016-06-20,RISK,SELL,58765.20794851999,4.412542996675287,259304.0067814088,129.6520033907044,-11576.72591879702,QQQ_MA_QLD_weekly_MA250,pre_tax
2016-07-05,RISK,BUY,59135.13484900053,4.38055705839344,259044.83236183718,129.52241618091858,0.0,QQQ_MA_QLD_weekly_MA250,pre_tax
2018-10-29,RISK,SELL,59135.13484900053,10.144939535035777,599922.3674392974,299.9611837196487,340448.0514775596,QQQ_MA_QLD_weekly_MA250,pre_tax
2018-11-05,RISK,BUY,58847.386502379864,10.184356188169865,599322.7448831361,299.66137244156806,0.0,QQQ_MA_QLD_weekly_MA250,pre_tax
2018-11-19,RISK,SELL,58847.386502379864,9.803736210172024,576924.25392737,288.46212696368497,-22986.614455171395,QQQ_MA_QLD_weekly_MA250,pre_tax
2019-02-19,RISK,BUY,57014.8085937949,10.1087354707727,576347.6179914107,288.1738089957053,0.0,QQQ_MA_QLD_weekly_MA250,pre_tax
2019-06-03,RISK,SELL,57014.8085937949,10.22687271903491,583083.1905888782,291.5415952944391,6155.857193177333,QQQ_MA_QLD_weekly_MA250,pre_tax
2019-06-10,RISK,BUY,51769.053192264415,11.251903654309574,582500.3987941867,291.25019939709335,0.0,QQQ_MA_QLD_weekly_MA250,pre_tax
2020-03-16,RISK,SELL,51769.053192264415,9.445307493430235,488974.6260446835,244.48731302234177,-94061.51026192255,QQQ_MA_QLD_weekly_MA250,pre_tax
2020-04-13,RISK,BUY,40339.19591134855,12.109460408117469,488485.8957837693,244.24294789188465,0.0,QQQ_MA_QLD_weekly_MA250,pre_tax
2022-01-24,RISK,SELL,40339.19591134855,33.0985388893131,1335168.4446353898,667.584222317695,845770.7216814109,QQQ_MA_QLD_weekly_MA250,pre_tax
2022-02-07,RISK,BUY,37731.6435160983,35.35053920649568,1333833.9434413516,666.9169717206759,0.0,QQQ_MA_QLD_weekly_MA250,pre_tax
2022-02-14,RISK,SELL,37731.6435160983,32.92568096903573,1242340.0568484382,621.1700284242191,-92781.9735930583,QQQ_MA_QLD_weekly_MA250,pre_tax
2022-04-04,RISK,BUY,34826.13673168949,35.636979984686924,1241098.3376511885,620.5491688255943,0.0,QQQ_MA_QLD_weekly_MA250,pre_tax
2022-04-11,RISK,SELL,34826.13673168949,32.13056588579699,1118983.480805324,559.491740402662,-123294.89775509294,QQQ_MA_QLD_weekly_MA250,pre_tax
2023-02-06,RISK,BUY,50231.31386657598,22.254346352673895,1117865.0565366528,558.9325282683265,0.0,QQQ_MA_QLD_weekly_MA250,pre_tax
2023-02-13,RISK,SELL,50231.31386657598,21.863046936889546,1098209.5727665816,549.1047863832908,-20763.52108472283,QQQ_MA_QLD_weekly_MA250,pre_tax
2023-02-21,RISK,BUY,51631.55704863214,21.248863577575406,1097111.9120241862,548.5559560120931,0.0,QQQ_MA_QLD_weekly_MA250,pre_tax
2023-02-27,RISK,SELL,51631.55704863214,20.897190853861844,1078954.5017273214,539.4772508636607,-19245.443503740476,QQQ_MA_QLD_weekly_MA250,pre_tax
2023-03-06,RISK,BUY,49661.298594714295,21.704548953296303,1077876.0864332414,538.9380432166207,0.0,QQQ_MA_QLD_weekly_MA250,pre_tax
2023-03-13,RISK,SELL,49661.298594714295,19.663863781418385,976533.0107748061,488.2665053874031,-102370.28020703932,QQQ_MA_QLD_weekly_MA250,pre_tax
2023-03-20,RISK,BUY,44042.55421464148,22.150326727921968,975556.9657865255,487.7784828932628,0.0,QQQ_MA_QLD_weekly_MA250,pre_tax
2025-03-17,RISK,SELL,44042.55421464148,46.43712415836783,2045209.5583169528,1022.6047791584764,1068142.2092683753,QQQ_MA_QLD_weekly_MA250,pre_tax
2025-05-05,RISK,BUY,44565.906357504304,45.84592882420591,2043165.3708523682,1021.5826854261841,0.0,QQQ_MA_QLD_weekly_MA250,pre_tax
2026-03-30,RISK,SELL,44565.906357504304,58.98053339656102,2628520.928266794,1314.260464133397,583019.7142648664,QQQ_MA_QLD_weekly_MA250,pre_tax
2026-04-06,RISK,BUY,41801.63551399266,62.8179660593232,2625893.72094219,1312.946860471095,0.0,QQQ_MA_QLD_weekly_MA250,pre_tax
2006-09-18,RISK,BUY,96372.34188470518,1.0371235463706094,99950.02498750626,49.97501249375313,0.0,QQQ_MA_QLD_weekly_MA250,after_tax
2006-09-25,RISK,SELL,96372.34188470518,1.032091240829839,99465.04991746283,49.73252495873142,-584.6826074959099,QQQ_MA_QLD_weekly_MA250,after_tax
2006-10-02,RISK,BUY,94202.75842928168,1.0548059975314907,99365.6345752165,49.68281728760825,0.0,QQQ_MA_QLD_weekly_MA250,after_tax
2008-01-14,RISK,SELL,94202.75842928168,1.297507454657788,122228.78131131975,61.114390655659875,22752.349528159975,QQQ_MA_QLD_weekly_MA250,after_tax
2008-05-05,RISK,BUY,89419.51846624969,1.3152106458591897,117605.50263441399,58.802751317207,0.0,QQQ_MA_QLD_weekly_MA250,after_tax
2008-06-23,RISK,SELL,89419.51846624969,1.2447033745882312,111300.77638899564,55.65038819449782,-6419.179384930059,QQQ_MA_QLD_weekly_MA250,after_tax
2008-08-18,RISK,BUY,88158.04287354805,1.2612522648066424,111189.53123518356,55.59476561759178,0.0,QQQ_MA_QLD_weekly_MA250,after_tax
2008-08-25,RISK,SELL,88158.04287354805,1.2007926768480597,105859.53228781378,52.92976614390689,-5438.523479131269,QQQ_MA_QLD_weekly_MA250,after_tax
2009-06-08,RISK,BUY,179820.78554569278,0.5881062377628655,105753.72565884046,52.876862829420226,0.0,QQQ_MA_QLD_weekly_MA250,after_tax
2010-07-06,RISK,SELL,179820.78554569278,0.7853627560037075,141224.54772291693,70.61227386145846,35347.33292738562,QQQ_MA_QLD_weekly_MA250,after_tax
2010-07-12,RISK,BUY,162303.9549322342,0.8398677667991497,136313.86017160537,68.15693008580268,0.0,QQQ_MA_QLD_weekly_MA250,after_tax
2010-08-30,RISK,SELL,162303.9549322342,0.8081112534660793,131159.65246278982,65.5798262313949,-5287.94446513275,QQQ_MA_QLD_weekly_MA250,after_tax
2010-09-07,RISK,BUY,148866.66519819477,0.8801739340565858,131028.55835737973,65.51427917868986,0.0,QQQ_MA_QLD_weekly_MA250,after_tax
2011-08-08,RISK,SELL,148866.66519819477,1.122318245115123,167075.7744413785,83.53788722068926,35898.16391759942,QQQ_MA_QLD_weekly_MA250,after_tax
2011-09-19,RISK,BUY,126870.30157758949,1.2665960572517,160693.423760509,80.3467118802545,0.0,QQQ_MA_QLD_weekly_MA250,after_tax
2011-09-26,RISK,SELL,126870.30157758949,1.1991140306329697,152131.95869232374,76.06597934616187,-8717.877759411698,QQQ_MA_QLD_weekly_MA250,after_tax
2011-10-17,RISK,BUY,112670.48249211155,1.348888363660264,151979.90276159678,75.98995138079839,0.0,QQQ_MA_QLD_weekly_MA250,after_tax
2011-11-21,RISK,SELL,112670.48249211155,1.1940750652414829,134537.01373255745,67.26850686627873,-17586.14748728639,QQQ_MA_QLD_weekly_MA250,after_tax
2011-12-05,RISK,BUY,102290.80261182896,1.313925988671165,134402.54395371434,67.20127197685717,0.0,QQQ_MA_QLD_weekly_MA250,after_tax
2011-12-19,RISK,SELL,102290.80261182896,1.2114806317797169,123923.32617343286,61.96166308671643,-10608.380715345062,QQQ_MA_QLD_weekly_MA250,after_tax
2011-12-27,RISK,BUY,98982.72535075652,1.2507178837444586,123799.46477795717,61.899732388978585,0.0,QQQ_MA_QLD_weekly_MA250,after_tax
2012-01-03,RISK,SELL,98982.72535075652,1.290871759931478,127774.00487634519,63.887002438172594,3848.7533635608706,QQQ_MA_QLD_weekly_MA250,after_tax
2012-01-09,RISK,BUY,95364.71568388755,1.338506530545976,127646.29472654375,63.82314736327188,0.0,QQQ_MA_QLD_weekly_MA250,after_tax
2012-11-19,RISK,SELL,95364.71568388755,1.5572904467552016,148510.56069204403,74.25528034602202,20726.187537790975,QQQ_MA_QLD_weekly_MA250,after_tax
2012-11-26,RISK,BUY,90110.15532880876,1.6464528754628722,148362.12434952325,74.18106217476162,0.0,QQQ_MA_QLD_weekly_MA250,after_tax
2012-12-31,RISK,SELL,90110.15532880876,1.6054926399715426,144671.19116709495,72.33559558354747,-3837.4498401866003,QQQ_MA_QLD_weekly_MA250,after_tax
2013-01-07,RISK,BUY,82797.03550930027,1.7455527409449292,144526.59227537372,72.26329613768686,0.0,QQQ_MA_QLD_weekly_MA250,after_tax
2015-08-24,RISK,SELL,82797.03550930027,3.432666745387014,284214.63040940283,142.10731520470142,139473.66752268674,QQQ_MA_QLD_weekly_MA250,after_tax
2015-08-31,RISK,BUY,60634.22181529129,4.269782414635874,258894.93403206166,129.44746701603083,0.0,QQQ_MA_QLD_weekly_MA250,after_tax
2015-09-08,RISK,SELL,60634.22181529129,4.186809861271527,253863.95782678673,126.93197891339337,-5287.355651204387,QQQ_MA_QLD_weekly_MA250,after_tax
2015-09-14,RISK,BUY,58595.23384701604,4.328171492576434,253610.2207375046,126.8051103687523,0.0,QQQ_MA_QLD_weekly_MA250,after_tax
2015-09-28,RISK,SELL,58595.23384701604,4.062655391738128,238052.24271873615,119.02612135936808,-15803.80925049656,QQQ_MA_QLD_weekly_MA250,after_tax
2015-10-12,RISK,BUY,54055.23392289979,4.399468694962183,237814.30944265545,118.90715472132773,0.0,QQQ_MA_QLD_weekly_MA250,after_tax
2016-01-11,RISK,SELL,54055.23392289979,4.215746027529573,227883.1376776466,113.9415688388233,-10164.020488569018,QQQ_MA_QLD_weekly_MA250,after_tax
2016-03-21,RISK,BUY,51976.74012743673,4.379947027582518,227655.3684245955,113.82768421229775,0.0,QQQ_MA_QLD_weekly_MA250,after_tax
2016-05-02,RISK,SELL,51976.74012743673,4.257564817205552,221294.3400796106,110.6471700398053,-6585.503199236991,QQQ_MA_QLD_weekly_MA250,after_tax
2016-05-31,RISK,BUY,48006.84700943989,4.605033867105126,221073.15633140513,110.53657816570257,0.0,QQQ_MA_QLD_weekly_MA250,after_tax
2016-06-20,RISK,SELL,48006.84700943989,4.412542996675287,211832.27656396595,105.91613828198298,-9457.332483886887,QQQ_MA_QLD_weekly_MA250,after_tax
2016-07-05,RISK,BUY,48309.05004310572,4.38055705839344,211620.55015060867,105.81027507530433,0.0,QQQ_MA_QLD_weekly_MA250,after_tax
2018-10-29,RISK,SELL,48309.05004310572,10.144939535035777,490092.39168232505,245.04619584116253,278120.98506079987,QQQ_MA_QLD_weekly_MA250,after_tax
2018-11-05,RISK,BUY,43471.99616998069,10.184356188169865,442734.29320583947,221.36714660291975,0.0,QQQ_MA_QLD_weekly_MA250,after_tax
2018-11-19,RISK,SELL,43471.99616998069,9.803736210172024,426187.9829800992,213.0939914900496,-16980.77136383322,QQQ_MA_QLD_weekly_MA250,after_tax
2019-02-19,RISK,BUY,42118.22628217139,10.1087354707727,425762.0079846169,212.88100399230845,0.0,QQQ_MA_QLD_weekly_MA250,after_tax
2019-06-03,RISK,SELL,42118.22628217139,10.22687271903491,430737.73933927773,215.36886966963888,4547.481480998918,QQQ_MA_QLD_weekly_MA250,after_tax
2019-06-10,RISK,BUY,38243.05913749681,11.251903654309574,430307.2168611775,215.15360843058878,0.0,QQQ_MA_QLD_weekly_MA250,after_tax
2020-03-16,RISK,SELL,38243.05913749681,9.445307493430235,361217.45304309425,180.60872652154714,-69485.5261530354,QQQ_MA_QLD_weekly_MA250,after_tax
2020-04-13,RISK,BUY,29799.545474926497,12.109460408117469,360856.4161085185,180.42820805425924,0.0,QQQ_MA_QLD_weekly_MA250,after_tax
2022-01-24,RISK,SELL,29799.545474926497,33.0985388893131,986321.4147857088,493.1607073928544,624791.4097617432,QQQ_MA_QLD_weekly_MA250,after_tax
2022-02-07,RISK,BUY,24755.100013730636,35.35053920649568,875106.1335961067,437.55306679805335,0.0,QQQ_MA_QLD_weekly_MA250,after_tax
2022-02-14,RISK,SELL,24755.100013730636,32.92568096903573,815078.525408667,407.5392627043335,-60872.70051694196,QQQ_MA_QLD_weekly_MA250,after_tax
2022-04-04,RISK,BUY,22848.845625211212,35.636979984686924,814263.8542188533,407.13192710942667,0.0,QQQ_MA_QLD_weekly_MA250,after_tax
2022-04-11,RISK,SELL,22848.845625211212,32.13056588579699,734146.3397752532,367.0731698876266,-80891.71954059717,QQQ_MA_QLD_weekly_MA250,after_tax
2023-02-06,RISK,BUY,32955.92459569509,22.254346352673895,733412.560325203,366.7062801626015,0.0,QQQ_MA_QLD_weekly_MA250,after_tax
2023-02-13,RISK,SELL,32955.92459569509,21.863046936889546,720516.9262842744,360.2584631421372,-13622.59878423321,QQQ_MA_QLD_weekly_MA250,after_tax
2023-02-21,RISK,BUY,33874.60071963746,21.248863577575406,719796.7694364141,359.89838471820707,0.0,QQQ_MA_QLD_weekly_MA250,after_tax
2023-02-27,RISK,SELL,33874.60071963746,20.897190853861844,707883.9963366298,353.9419981683149,-12626.613482670859,QQQ_MA_QLD_weekly_MA250,after_tax
2023-03-06,RISK,BUY,32581.947112888927,21.704548953296303,707176.4661054089,353.5882330527044,0.0,QQQ_MA_QLD_weekly_MA250,after_tax
2023-03-13,RISK,SELL,32581.947112888927,19.663863781418385,640686.9697612259,320.34348488061295,-67163.42806211638,QQQ_MA_QLD_weekly_MA250,after_tax
2023-03-20,RISK,BUY,28895.582933683603,22.150326727921968,640046.6029748578,320.0233014874289,0.0,QQQ_MA_QLD_weekly_MA250,after_tax
2025-03-17,RISK,SELL,28895.582933683603,46.43712415836783,1341827.77231988,670.91388615994,700790.232157375,QQQ_MA_QLD_weekly_MA250,after_tax
2025-05-05,RISK,BUY,27176.776700955154,45.84592882420591,1245944.5703033276,622.9722851516639,0.0,QQQ_MA_QLD_weekly_MA250,after_tax
2026-03-30,RISK,SELL,27176.776700955154,58.98053339656102,1602900.7858215668,801.4503929107834,355531.7928401767,QQQ_MA_QLD_weekly_MA250,after_tax
2026-04-06,RISK,BUY,24341.897603313086,62.8179660593232,1529108.4974644422,764.5542487322211,0.0,QQQ_MA_QLD_weekly_MA250,after_tax
2006-10-02,RISK,BUY,94756.78486983792,1.0548059975314907,99950.02498750626,49.97501249375313,0.0,QQQ_MA_QLD_monthly_MA150,pre_tax
2008-02-01,RISK,SELL,94756.78486983792,1.1752651317284033,111364.34525221004,55.68217262610502,11308.663079583901,QQQ_MA_QLD_monthly_MA150,pre_tax
2008-06-02,RISK,BUY,81026.19331509163,1.3730502694192561,111253.03656130329,55.626518280651645,0.0,QQQ_MA_QLD_monthly_MA150,pre_tax
2008-07-01,RISK,SELL,81026.19331509163,1.0997216982783382,89106.2629175015,44.553131458750755,-22246.9532935412,QQQ_MA_QLD_monthly_MA150,pre_tax
2008-09-02,RISK,BUY,75164.15760149881,1.184303849414458,89017.20118545003,44.50860059272502,0.0,QQQ_MA_QLD_monthly_MA150,pre_tax
2008-10-01,RISK,SELL,75164.15760149881,0.7878055975470611,59214.744093370246,29.607372046685125,-29876.573064719203,QQQ_MA_QLD_monthly_MA150,pre_tax
2009-05-01,RISK,BUY,113424.86211359293,0.5215396152089603,59155.558941852636,29.57777947092632,0.0,QQQ_MA_QLD_monthly_MA150,pre_tax
2010-06-01,RISK,SELL,113424.86211359293,0.8771206385986804,99487.2874900419,49.74364374502095,40252.40712497331,QQQ_MA_QLD_monthly_MA150,pre_tax
2010-10-01,RISK,BUY,96612.36018720834,1.0287281019607608,99387.84992133621,49.693924960668106,0.0,QQQ_MA_QLD_monthly_MA150,pre_tax
2011-09-01,RISK,SELL,96612.36018720834,1.2346873260889206,119286.05666668396,59.64302833334198,19788.869792053738,QQQ_MA_QLD_monthly_MA150,pre_tax
2011-11-01,RISK,BUY,92842.07917820287,1.2835433165440844,119166.830223239,59.5834151116195,0.0,QQQ_MA_QLD_monthly_MA150,pre_tax
2012-11-01,RISK,SELL,92842.07917820287,1.6803473550440442,156006.94218388293,78.00347109194146,36702.525074440375,QQQ_MA_QLD_monthly_MA150,pre_tax
2012-12-03,RISK,BUY,90304.2335803821,1.725843928097357,155851.0132061879,77.92550660309395,0.0,QQQ_MA_QLD_monthly_MA150,pre_tax
2015-09-01,RISK,SELL,90304.2335803821,4.004880768822511,361657.68840932834,180.82884420466416,205547.9208523327,QQQ_MA_QLD_monthly_MA150,pre_tax
2015-11-02,RISK,BUY,72599.01314323042,4.976599485541127,361296.211459394,180.64810572969702,0.0,QQQ_MA_QLD_monthly_MA150,pre_tax
2016-02-01,RISK,SELL,72599.01314323042,4.097667973657485,297486.6510761541,148.74332553807704,-64138.951814507716,QQQ_MA_QLD_monthly_MA150,pre_tax
2016-04-01,RISK,BUY,66306.76495514855,4.482036083272873,297189.313094069,148.5946565470345,0.0,QQQ_MA_QLD_monthly_MA150,pre_tax
2016-05-02,RISK,SELL,66306.76495514855,4.257564817205552,282305.3496157585,141.15267480787927,-15173.710809665383,QQQ_MA_QLD_monthly_MA150,pre_tax
2016-06-01,RISK,BUY,61612.64783351948,4.57735863114206,282023.1853482765,141.01159267413826,0.0,QQQ_MA_QLD_monthly_MA150,pre_tax
2018-11-01,RISK,SELL,61612.64783351948,10.25087243510065,631583.3933301886,315.7916966650943,349103.40469257283,QQQ_MA_QLD_monthly_MA150,pre_tax
2019-03-01,RISK,BUY,60341.60097340665,10.456337176880792,630952.1255707381,315.47606278536904,0.0,QQQ_MA_QLD_monthly_MA150,pre_tax
2020-04-01,RISK,SELL,60341.60097340665,10.422928032946222,628936.1643385752,314.4680821692876,-2645.9053771175677,QQQ_MA_QLD_monthly_MA150,pre_tax
2020-05-01,RISK,BUY,45461.37587452934,13.820689110229623,628307.5424851633,314.1537712425817,0.0,QQQ_MA_QLD_monthly_MA150,pre_tax
2022-02-01,RISK,SELL,45461.37587452934,36.61481947444583,1664560.0707058187,832.2800353529094,1035106.09441406,QQQ_MA_QLD_monthly_MA150,pre_tax
2022-12-01,RISK,BUY,78360.18406321121,21.221189847611882,1662896.3424992163,831.4481712496082,0.0,QQQ_MA_QLD_monthly_MA150,pre_tax
2023-01-03,RISK,SELL,78360.18406321121,17.65290193599126,1383284.6449540928,691.6423224770464,-281134.78803885006,QQQ_MA_QLD_monthly_MA150,pre_tax
2023-02-01,RISK,BUY,65801.06483317583,21.001211076284598,1381902.051605813,690.9510258029065,0.0,QQQ_MA_QLD_monthly_MA150,pre_tax
2023-11-01,RISK,SELL,65801.06483317583,28.142424338743723,1851801.488476421,925.9007442382106,468282.58510056697,QQQ_MA_QLD_monthly_MA150,pre_tax
2023-12-01,RISK,BUY,54532.373981984536,33.92389652864048,1849950.61242597,924.975306212985,0.0,QQQ_MA_QLD_monthly_MA150,pre_tax
2025-04-01,RISK,SELL,54532.373981984536,44.0057077774389,2399735.713861224,1199.8678569306119,547660.2582721107,QQQ_MA_QLD_monthly_MA150,pre_tax
2025-06-02,RISK,BUY,46244.608455395464,51.840360584475505,2397337.1774155856,1198.6685887077929,0.0,QQQ_MA_QLD_monthly_MA150,pre_tax
2026-04-01,RISK,SELL,46244.608455395464,61.85860985691658,2860627.1924281735,1430.3135962140868,460661.03282766603,QQQ_MA_QLD_monthly_MA150,pre_tax
2026-05-01,RISK,BUY,35122.5792614275,81.36555045013495,2857767.9948345423,1428.883997417271,0.0,QQQ_MA_QLD_monthly_MA150,pre_tax
2006-10-02,RISK,BUY,94756.78486983792,1.0548059975314907,99950.02498750626,49.97501249375313,0.0,QQQ_MA_QLD_monthly_MA150,after_tax
2008-02-01,RISK,SELL,94756.78486983792,1.1752651317284033,111364.34525221004,55.68217262610502,11308.663079583901,QQQ_MA_QLD_monthly_MA150,after_tax
2008-06-02,RISK,BUY,79353.85337797624,1.3730502694192561,108956.82976008642,54.47841488004321,0.0,QQQ_MA_QLD_monthly_MA150,after_tax
2008-07-01,RISK,SELL,79353.85337797624,1.0997216982783382,87267.15440175828,43.63357720087914,-21787.78735040904,QQQ_MA_QLD_monthly_MA150,after_tax
2008-09-02,RISK,BUY,73612.80713748523,1.184303849414458,87179.93085912784,43.58996542956392,0.0,QQQ_MA_QLD_monthly_MA150,after_tax
2008-10-01,RISK,SELL,73612.80713748523,0.7878055975470611,57992.58151406312,28.99629075703156,-29259.935601251316,QQQ_MA_QLD_monthly_MA150,after_tax
2009-05-01,RISK,BUY,111083.82992370926,0.5215396152089603,57934.61791434891,28.967308957174456,0.0,QQQ_MA_QLD_monthly_MA150,after_tax
2010-06-01,RISK,SELL,111083.82992370926,0.8771206385986804,97433.91984067106,48.71695992033553,39421.617657444636,QQQ_MA_QLD_monthly_MA150,after_tax
2010-10-01,RISK,BUY,94618.32959352438,1.0287281019607608,97336.53461344402,48.66826730672201,0.0,QQQ_MA_QLD_monthly_MA150,after_tax
2011-09-01,RISK,SELL,94618.32959352438,1.2346873260889206,116824.0523648288,58.41202618241441,19380.43745789565,QQQ_MA_QLD_monthly_MA150,after_tax
2011-11-01,RISK,BUY,89699.17873820041,1.2835433165440844,115132.78136891038,57.56639068445519,0.0,QQQ_MA_QLD_monthly_MA150,after_tax
2012-11-01,RISK,SELL,89699.17873820041,1.6803473550440442,150725.77774235804,75.36288887117902,35460.06709389204,QQQ_MA_QLD_monthly_MA150,after_tax
2012-12-03,RISK,BUY,83075.30732171555,1.725843928097357,143375.0147160047,71.68750735800235,0.0,QQQ_MA_QLD_monthly_MA150,after_tax
2015-09-01,RISK,SELL,83075.30732171555,4.004880768822511,332706.70065675856,166.3533503283793,189093.64508306747,QQQ_MA_QLD_monthly_MA150,after_tax
2015-11-02,RISK,BUY,59072.26102281597,4.976599485541127,293978.9838158971,146.98949190794855,0.0,QQQ_MA_QLD_monthly_MA150,after_tax
2016-02-01,RISK,SELL,59072.26102281597,4.097667973657485,242058.51212472832,121.02925606236417,-52188.490439139074,QQQ_MA_QLD_monthly_MA150,after_tax
2016-04-01,RISK,BUY,53952.39353021806,4.482036083272873,241816.57458137526,120.90828729068762,0.0,QQQ_MA_QLD_monthly_MA150,after_tax
2016-05-02,RISK,SELL,53952.39353021806,4.257564817205552,229705.81249828485,114.85290624914244,-12346.523276630236,QQQ_MA_QLD_monthly_MA150,after_tax
2016-06-01,RISK,BUY,50132.89103459222,4.57735863114206,229476.22148129507,114.73811074064754,0.0,QQQ_MA_QLD_monthly_MA150,after_tax
2018-11-01,RISK,SELL,50132.89103459222,10.25087243510065,513905.8707984059,256.95293539920294,284057.95827097096,QQQ_MA_QLD_monthly_MA150,after_tax
2019-03-01,RISK,BUY,44835.81722115402,10.456337176880792,468818.4224653848,234.40921123269243,0.0,QQQ_MA_QLD_monthly_MA150,after_tax
2020-04-01,RISK,SELL,44835.81722115402,10.422928032946222,467320.4961944193,233.66024809720963,-1965.995730295428,QQQ_MA_QLD_monthly_MA150,after_tax
2020-05-01,RISK,BUY,33779.31487483874,13.820689110229623,466853.40924170124,233.42670462085061,0.0,QQQ_MA_QLD_monthly_MA150,after_tax
2022-02-01,RISK,SELL,33779.31487483874,36.61481947444583,1236823.516112683,618.4117580563416,769118.2684083047,QQQ_MA_QLD_monthly_MA150,after_tax
2022-12-01,RISK,BUY,50883.96168210515,21.221189847611882,1079818.211054562,539.909105527281,0.0,QQQ_MA_QLD_monthly_MA150,after_tax
2023-01-03,RISK,SELL,50883.96168210515,17.65290193599126,898249.5856889391,449.12479284446954,-182557.65926399454,QQQ_MA_QLD_monthly_MA150,after_tax
2023-02-01,RISK,BUY,42728.57321151913,21.001211076284598,897351.7850035928,448.67589250179645,0.0,QQQ_MA_QLD_monthly_MA150,after_tax
2023-11-01,RISK,SELL,42728.57321151913,28.142424338743723,1202485.638707649,601.2428193538245,304083.93499220023,QQQ_MA_QLD_monthly_MA150,after_tax
2023-12-01,RISK,BUY,34683.752438823496,33.92389652864048,1176608.0289596303,588.3040144798151,0.0,QQQ_MA_QLD_monthly_MA150,after_tax
2025-04-01,RISK,SELL,34683.752438823496,44.0057077774389,1526283.0744479005,763.1415372239503,348323.59993656655,QQQ_MA_QLD_monthly_MA150,after_tax
2025-06-02,RISK,BUY,28048.24198174946,51.840360584475505,1454030.9780945159,727.0154890472579,0.0,QQQ_MA_QLD_monthly_MA150,after_tax
2026-04-01,RISK,SELL,28048.24198174946,61.85860985691658,1735025.2579214284,867.5126289607142,279399.75170890475,QQQ_MA_QLD_monthly_MA150,after_tax
2026-05-01,RISK,BUY,20605.273322120178,81.36555045013495,1676559.406029789,838.2797030148945,0.0,QQQ_MA_QLD_monthly_MA150,after_tax
2006-10-02,RISK,BUY,94756.78486983792,1.0548059975314907,99950.02498750626,49.97501249375313,0.0,QQQ_MA_QLD_monthly_MA175,pre_tax
2008-02-01,RISK,SELL,94756.78486983792,1.1752651317284033,111364.34525221004,55.68217262610502,11308.663079583901,QQQ_MA_QLD_monthly_MA175,pre_tax
2008-06-02,RISK,BUY,81026.19331509163,1.3730502694192561,111253.03656130329,55.626518280651645,0.0,QQQ_MA_QLD_monthly_MA175,pre_tax
2008-07-01,RISK,SELL,81026.19331509163,1.0997216982783382,89106.2629175015,44.553131458750755,-22246.9532935412,QQQ_MA_QLD_monthly_MA175,pre_tax
2009-05-01,RISK,BUY,170681.57161903102,0.5215396152089603,89017.20118545003,44.50860059272502,0.0,QQQ_MA_QLD_monthly_MA175,pre_tax
2010-07-01,RISK,SELL,170681.57161903102,0.7762022502958725,132483.41997472802,66.24170998736402,43355.46847869789,QQQ_MA_QLD_monthly_MA175,pre_tax
2010-08-02,RISK,BUY,146037.3559134422,0.9062818340932217,132351.002763359,66.1755013816795,0.0,QQQ_MA_QLD_monthly_MA175,pre_tax
2010-09-01,RISK,SELL,146037.3559134422,0.8158979594631174,119151.58069516651,59.57579034758326,-13325.173359921755,QQQ_MA_QLD_monthly_MA175,pre_tax
2010-10-01,RISK,BUY,115708.40578148121,1.0287281019607608,119032.48866048869,59.51624433024434,0.0,QQQ_MA_QLD_monthly_MA175,pre_tax
2011-09-01,RISK,SELL,115708.40578148121,1.2346873260889206,142863.70214034885,71.43185107017443,23700.265384459737,QQQ_MA_QLD_monthly_MA175,pre_tax
2011-11-01,RISK,BUY,111192.90482430681,1.2835433165440844,142720.9098343615,71.36045491718075,0.0,QQQ_MA_QLD_monthly_MA175,pre_tax
2012-11-01,RISK,SELL,111192.90482430681,1.6803473550440442,186842.7035211881,93.42135176059405,43957.01188014881,QQQ_MA_QLD_monthly_MA175,pre_tax
2012-12-03,RISK,BUY,108153.43795201035,1.725843928097357,186655.95419233132,93.32797709616567,0.0,QQQ_MA_QLD_monthly_MA175,pre_tax
2015-09-01,RISK,SELL,108153.43795201035,4.004880768822511,433141.62373604503,216.57081186802253,246175.77075474954,QQQ_MA_QLD_monthly_MA175,pre_tax
2015-11-02,RISK,BUY,86948.66842953092,4.976599485541127,432708.6985748896,216.35434928744482,0.0,QQQ_MA_QLD_monthly_MA175,pre_tax
2016-02-01,RISK,SELL,86948.66842953092,4.097667973657485,356286.7739758525,178.14338698792628,-76816.42233531241,QQQ_MA_QLD_monthly_MA175,pre_tax
2016-04-01,RISK,BUY,79412.71748895176,4.482036083272873,355930.6652562365,177.96533262811826,0.0,QQQ_MA_QLD_monthly_MA175,pre_tax
2016-05-02,RISK,SELL,79412.71748895176,4.257564817205552,338104.79201964504,169.05239600982253,-18172.890965229482,QQQ_MA_QLD_monthly_MA175,pre_tax
2016-06-01,RISK,BUY,73790.77835359909,4.57735863114206,337766.85619553743,168.88342809776873,0.0,QQQ_MA_QLD_monthly_MA175,pre_tax
2018-11-01,RISK,SELL,73790.77835359909,10.25087243510065,756419.8557895307,378.20992789476537,418105.9062380008,QQQ_MA_QLD_monthly_MA175,pre_tax
2019-03-01,RISK,BUY,72268.50102208344,10.456337176880792,755663.8139546586,377.8319069773293,0.0,QQQ_MA_QLD_monthly_MA175,pre_tax
2020-04-01,RISK,SELL,72268.50102208344,10.422928032946222,753249.3852020762,376.6246926010381,-3168.8853521607816,QQQ_MA_QLD_monthly_MA175,pre_tax
2020-05-01,RISK,BUY,54447.10507932453,13.820689110229623,752496.5122533485,376.2482561266742,0.0,QQQ_MA_QLD_monthly_MA175,pre_tax
2022-02-01,RISK,SELL,54447.10507932453,36.61481947444583,1993570.9233856504,996.7854616928253,1239701.3774144824,QQQ_MA_QLD_monthly_MA175,pre_tax
2023-02-01,RISK,BUY,94831.59525969207,21.001211076284598,1991578.348749583,995.7891743747915,0.0,QQQ_MA_QLD_monthly_MA175,pre_tax
2025-04-01,RISK,SELL,94831.59525969207,44.0057077774389,4173131.4690663693,2086.5657345331847,2178470.7654078784,QQQ_MA_QLD_monthly_MA175,pre_tax
2025-06-02,RISK,BUY,80419.20187508773,51.840360584475505,4168960.4231202765,2084.4802115601383,0.0,QQQ_MA_QLD_monthly_MA175,pre_tax
2026-04-01,RISK,SELL,80419.20187508773,61.85860985691658,4974620.033795666,2487.310016897833,801087.8204469313,QQQ_MA_QLD_monthly_MA175,pre_tax
2026-05-01,RISK,BUY,61078.03452856272,81.36555045013495,4969647.899828854,2484.823949914427,0.0,QQQ_MA_QLD_monthly_MA175,pre_tax
2006-10-02,RISK,BUY,94756.78486983792,1.0548059975314907,99950.02498750626,49.97501249375313,0.0,QQQ_MA_QLD_monthly_MA175,after_tax
2008-02-01,RISK,SELL,94756.78486983792,1.1752651317284033,111364.34525221004,55.68217262610502,11308.663079583901,QQQ_MA_QLD_monthly_MA175,after_tax
2008-06-02,RISK,BUY,79353.85337797624,1.3730502694192561,108956.82976008642,54.47841488004321,0.0,QQQ_MA_QLD_monthly_MA175,after_tax
2008-07-01,RISK,SELL,79353.85337797624,1.0997216982783382,87267.15440175828,43.63357720087914,-21787.78735040904,QQQ_MA_QLD_monthly_MA175,after_tax
2009-05-01,RISK,BUY,167158.78970037258,0.5215396152089603,87179.93085912784,43.58996542956392,0.0,QQQ_MA_QLD_monthly_MA175,after_tax
2010-07-01,RISK,SELL,167158.78970037258,0.7762022502958725,129749.02872216371,64.87451436108185,42460.63338324522,QQQ_MA_QLD_monthly_MA175,after_tax
2010-08-02,RISK,BUY,138391.55761562072,0.9062818340932217,125421.75465890252,62.71087732945126,0.0,QQQ_MA_QLD_monthly_MA175,after_tax
2010-09-01,RISK,SELL,138391.55761562072,0.8158979594631174,112913.3894655074,56.4566947327537,-12627.532765457305,QQQ_MA_QLD_monthly_MA175,after_tax
2010-10-01,RISK,BUY,109650.48226982816,1.0287281019607608,112800.53250452239,56.4002662522612,0.0,QQQ_MA_QLD_monthly_MA175,after_tax
2011-09-01,RISK,SELL,109650.48226982816,1.2346873260889206,135384.06075809474,67.69203037904737,22459.435956941044,QQQ_MA_QLD_monthly_MA175,after_tax
2011-11-01,RISK,BUY,103816.04553669908,1.2835433165440844,133252.39139866643,66.62619569933321,0.0,QQQ_MA_QLD_monthly_MA175,after_tax
2012-11-01,RISK,SELL,103816.04553669908,1.6803473550440442,174447.01752872436,87.22350876436218,41040.77642559426,QQQ_MA_QLD_monthly_MA175,after_tax
2012-12-03,RISK,BUY,96149.70849463902,1.725843928097357,165939.39059380363,82.96969529690182,0.0,QQQ_MA_QLD_monthly_MA175,after_tax
2015-09-01,RISK,SELL,96149.70849463902,4.004880768822511,385068.1184780703,192.53405923903514,218853.22412973075,QQQ_MA_QLD_monthly_MA175,after_tax
2015-11-02,RISK,BUY,68369.06008024253,4.976599485541127,340245.4292222654,170.1227146111327,0.0,QQQ_MA_QLD_monthly_MA175,after_tax
2016-02-01,RISK,SELL,68369.06008024253,4.097667973657485,280153.7078798743,140.07685393993714,-60401.920910942135,QQQ_MA_QLD_monthly_MA175,after_tax
2016-04-01,RISK,BUY,62443.427268099,4.482036083272873,279873.694178845,139.93684708942249,0.0,QQQ_MA_QLD_monthly_MA175,after_tax
2016-05-02,RISK,SELL,62443.427268099,4.257564817205552,265856.9390023921,132.92846950119605,-14289.620493043505,QQQ_MA_QLD_monthly_MA175,after_tax
2016-06-01,RISK,BUY,58022.81104182625,4.57735863114206,265591.2149254282,132.79560746271412,0.0,QQQ_MA_QLD_monthly_MA175,after_tax
2018-11-01,RISK,SELL,58022.81104182625,10.25087243510065,594784.4343157103,297.39221715785516,328763.03156566154,QQQ_MA_QLD_monthly_MA175,after_tax
2019-03-01,RISK,BUY,51892.08315821676,10.456337176880792,542601.1183130515,271.30055915652576,0.0,QQQ_MA_QLD_monthly_MA175,after_tax
2020-04-01,RISK,SELL,51892.08315821676,10.422928032946222,540867.448237754,270.433724118877,-2275.4043585729087,QQQ_MA_QLD_monthly_MA175,after_tax
2020-05-01,RISK,BUY,39095.50723401765,13.820689110229623,540326.8510880911,270.1634255440456,0.0,QQQ_MA_QLD_monthly_MA175,after_tax
2022-02-01,RISK,SELL,39095.50723401765,36.61481947444583,1431474.9396354472,715.7374698177236,890162.1876519943,QQQ_MA_QLD_monthly_MA175,after_tax
2023-02-01,RISK,BUY,59508.95486640818,21.001211076284598,1249760.1220785317,624.8800610392658,0.0,QQQ_MA_QLD_monthly_MA175,after_tax
2025-04-01,RISK,SELL,59508.95486640818,44.0057077774389,2618733.677991959,1309.3668389959794,1367039.309013392,QQQ_MA_QLD_monthly_MA175,after_tax
2025-06-02,RISK,BUY,45110.430920202685,51.840360584475505,2338541.0050243805,1169.2705025121902,0.0,QQQ_MA_QLD_monthly_MA175,after_tax
2026-04-01,RISK,SELL,45110.430920202685,61.85860985691658,2790468.5467702043,1395.2342733851021,449363.0369699262,QQQ_MA_QLD_monthly_MA175,after_tax
2026-05-01,RISK,BUY,33139.78677858729,81.36555045013495,2696436.993039859,1348.2184965199294,0.0,QQQ_MA_QLD_monthly_MA175,after_tax
2006-10-02,RISK,BUY,94756.78486983792,1.0548059975314907,99950.02498750626,49.97501249375313,0.0,QQQ_MA_QLD_monthly_MA200,pre_tax
2008-02-01,RISK,SELL,94756.78486983792,1.1752651317284033,111364.34525221004,55.68217262610502,11308.663079583901,QQQ_MA_QLD_monthly_MA200,pre_tax
2008-06-02,RISK,BUY,81026.19331509163,1.3730502694192561,111253.03656130329,55.626518280651645,0.0,QQQ_MA_QLD_monthly_MA200,pre_tax
2008-07-01,RISK,SELL,81026.19331509163,1.0997216982783382,89106.2629175015,44.553131458750755,-22246.9532935412,QQQ_MA_QLD_monthly_MA200,pre_tax
2009-05-01,RISK,BUY,170681.57161903102,0.5215396152089603,89017.20118545003,44.50860059272502,0.0,QQQ_MA_QLD_monthly_MA200,pre_tax
2010-07-01,RISK,SELL,170681.57161903102,0.7762022502958725,132483.41997472802,66.24170998736402,43355.46847869789,QQQ_MA_QLD_monthly_MA200,pre_tax
2010-08-02,RISK,BUY,146037.3559134422,0.9062818340932217,132351.002763359,66.1755013816795,0.0,QQQ_MA_QLD_monthly_MA200,pre_tax
2010-09-01,RISK,SELL,146037.3559134422,0.8158979594631174,119151.58069516651,59.57579034758326,-13325.173359921755,QQQ_MA_QLD_monthly_MA200,pre_tax
2010-10-01,RISK,BUY,115708.40578148121,1.0287281019607608,119032.48866048869,59.51624433024434,0.0,QQQ_MA_QLD_monthly_MA200,pre_tax
2011-09-01,RISK,SELL,115708.40578148121,1.2346873260889206,142863.70214034885,71.43185107017443,23700.265384459737,QQQ_MA_QLD_monthly_MA200,pre_tax
2011-11-01,RISK,BUY,111192.90482430681,1.2835433165440844,142720.9098343615,71.36045491718075,0.0,QQQ_MA_QLD_monthly_MA200,pre_tax
2012-01-03,RISK,SELL,111192.90482430681,1.290871759931478,143535.78074244628,71.76789037122315,671.7425627963676,QQQ_MA_QLD_monthly_MA200,pre_tax
2012-02-01,RISK,BUY,97295.83602674054,1.4737765000993321,143392.31669372818,71.6961583468641,0.0,QQQ_MA_QLD_monthly_MA200,pre_tax
2015-09-01,RISK,SELL,97295.83602674054,4.004880768822511,389658.22259000165,194.82911129500084,245999.3806266316,QQQ_MA_QLD_monthly_MA200,pre_tax
2015-11-02,RISK,BUY,78219.82866616607,4.976599485541127,389268.7590991571,194.63437954957857,0.0,QQQ_MA_QLD_monthly_MA200,pre_tax
2016-02-01,RISK,SELL,78219.82866616607,4.097667973657485,320518.88683032437,160.2594434151622,-69104.7660917975,QQQ_MA_QLD_monthly_MA200,pre_tax
2016-04-01,RISK,BUY,71440.41729557705,4.482036083272873,320198.5281228478,160.0992640614239,0.0,QQQ_MA_QLD_monthly_MA200,pre_tax
2016-05-02,RISK,SELL,71440.41729557705,4.257564817205552,304162.2072041318,152.08110360206592,-16348.50128637941,QQQ_MA_QLD_monthly_MA200,pre_tax
2016-06-01,RISK,BUY,66382.8686995879,4.57735863114206,303858.19700202876,151.92909850101438,0.0,QQQ_MA_QLD_monthly_MA200,pre_tax
2018-11-01,RISK,SELL,66382.8686995879,10.25087243510065,680482.3189155112,340.24115945775566,376131.9516555238,QQQ_MA_QLD_monthly_MA200,pre_tax
2019-03-01,RISK,BUY,65013.41389131735,10.456337176880792,679802.1766677197,339.9010883338599,0.0,QQQ_MA_QLD_monthly_MA200,pre_tax
2020-04-01,RISK,SELL,65013.41389131735,10.422928032946222,677630.134165347,338.81506708267347,-2850.758657789207,QQQ_MA_QLD_monthly_MA200,pre_tax
2020-05-01,RISK,BUY,48981.12078766518,13.820689110229623,676952.8426769259,338.47642133846296,0.0,QQQ_MA_QLD_monthly_MA200,pre_tax
2022-02-01,RISK,SELL,48981.12078766518,36.61481947444583,1793434.8952963867,896.7174476481933,1115246.858750474,QQQ_MA_QLD_monthly_MA200,pre_tax
2023-02-01,RISK,BUY,85311.3827656157,21.001211076284598,1791642.3566704034,895.8211783352017,0.0,QQQ_MA_QLD_monthly_MA200,pre_tax
2025-04-01,RISK,SELL,85311.3827656157,44.0057077774389,3754187.7800729214,1877.0938900364608,1959772.5083341463,QQQ_MA_QLD_monthly_MA200,pre_tax
2025-06-02,RISK,BUY,72345.85998562274,51.840360584475505,3750435.468448661,1875.2177342243303,0.0,QQQ_MA_QLD_monthly_MA200,pre_tax
2026-04-01,RISK,SELL,72345.85998562274,61.85860985691658,4475214.32761375,2237.6071638068747,720666.0342670581,QQQ_MA_QLD_monthly_MA200,pre_tax
2026-05-01,RISK,BUY,54946.36642954882,81.36555045013495,4470741.349775055,2235.370674887528,0.0,QQQ_MA_QLD_monthly_MA200,pre_tax
2006-10-02,RISK,BUY,94756.78486983792,1.0548059975314907,99950.02498750626,49.97501249375313,0.0,QQQ_MA_QLD_monthly_MA200,after_tax
2008-02-01,RISK,SELL,94756.78486983792,1.1752651317284033,111364.34525221004,55.68217262610502,11308.663079583901,QQQ_MA_QLD_monthly_MA200,after_tax
2008-06-02,RISK,BUY,79353.85337797624,1.3730502694192561,108956.82976008642,54.47841488004321,0.0,QQQ_MA_QLD_monthly_MA200,after_tax
2008-07-01,RISK,SELL,79353.85337797624,1.0997216982783382,87267.15440175828,43.63357720087914,-21787.78735040904,QQQ_MA_QLD_monthly_MA200,after_tax
2009-05-01,RISK,BUY,167158.78970037258,0.5215396152089603,87179.93085912784,43.58996542956392,0.0,QQQ_MA_QLD_monthly_MA200,after_tax
2010-07-01,RISK,SELL,167158.78970037258,0.7762022502958725,129749.02872216371,64.87451436108185,42460.63338324522,QQQ_MA_QLD_monthly_MA200,after_tax
2010-08-02,RISK,BUY,138391.55761562072,0.9062818340932217,125421.75465890252,62.71087732945126,0.0,QQQ_MA_QLD_monthly_MA200,after_tax
2010-09-01,RISK,SELL,138391.55761562072,0.8158979594631174,112913.3894655074,56.4566947327537,-12627.532765457305,QQQ_MA_QLD_monthly_MA200,after_tax
2010-10-01,RISK,BUY,109650.48226982816,1.0287281019607608,112800.53250452239,56.4002662522612,0.0,QQQ_MA_QLD_monthly_MA200,after_tax
2011-09-01,RISK,SELL,109650.48226982816,1.2346873260889206,135384.06075809474,67.69203037904737,22459.435956941044,QQQ_MA_QLD_monthly_MA200,after_tax
2011-11-01,RISK,BUY,103816.04553669908,1.2835433165440844,133252.39139866643,66.62619569933321,0.0,QQQ_MA_QLD_monthly_MA200,after_tax
2012-01-03,RISK,SELL,103816.04553669908,1.290871759931478,134013.2014110852,67.00660070554261,627.1772160139226,QQQ_MA_QLD_monthly_MA200,after_tax
2012-02-01,RISK,BUY,90754.53964426022,1.4737765000993321,133751.9078050439,66.87595390252196,0.0,QQQ_MA_QLD_monthly_MA200,after_tax
2015-09-01,RISK,SELL,90754.53964426022,4.004880768822511,363461.110504638,181.730555252319,229460.59619043922,QQQ_MA_QLD_monthly_MA200,after_tax
2015-11-02,RISK,BUY,63598.89069825717,4.976599485541127,316506.206729933,158.2531033649665,0.0,QQQ_MA_QLD_monthly_MA200,after_tax
2016-02-01,RISK,SELL,63598.89069825717,4.097667973657485,260607.13757439132,130.30356878719567,-56187.62582769382,QQQ_MA_QLD_monthly_MA200,after_tax
2016-04-01,RISK,BUY,58086.694492909155,4.482036083272873,260346.6606752665,130.17333033763325,0.0,QQQ_MA_QLD_monthly_MA200,after_tax
2016-05-02,RISK,SELL,58086.694492909155,4.257564817205552,247307.86682077748,123.65393341038875,-13292.62111823706,QQQ_MA_QLD_monthly_MA200,after_tax
2016-06-01,RISK,BUY,53974.50854412339,4.57735863114206,247060.68254609406,123.53034127304703,0.0,QQQ_MA_QLD_monthly_MA200,after_tax
2018-11-01,RISK,SELL,53974.50854412339,10.25087243510065,553285.8018330589,276.64290091652947,305824.9460447753,QQQ_MA_QLD_monthly_MA200,after_tax
2019-03-01,RISK,BUY,48271.526930615524,10.456337176880792,504743.3616293975,252.37168081469875,0.0,QQQ_MA_QLD_monthly_MA200,after_tax
2020-04-01,RISK,SELL,48271.526930615524,10.422928032946222,503130.65123823105,251.56532561911553,-2116.647397600289,QQQ_MA_QLD_monthly_MA200,after_tax
2020-05-01,RISK,BUY,36367.779350059325,13.820689110229623,502627.7720265986,251.3138860132993,0.0,QQQ_MA_QLD_monthly_MA200,after_tax
2022-02-01,RISK,SELL,36367.779350059325,36.61481947444583,1331599.6755889012,665.7998377944506,828054.7898384947,QQQ_MA_QLD_monthly_MA200,after_tax
2023-02-01,RISK,BUY,55356.96280853107,21.001211076284598,1162563.2604839972,581.2816302419986,0.0,QQQ_MA_QLD_monthly_MA200,after_tax
2025-04-01,RISK,SELL,55356.96280853107,44.0057077774389,2436022.3287987714,1218.0111643993857,1271659.7755201329,QQQ_MA_QLD_monthly_MA200,after_tax
2025-06-02,RISK,BUY,41963.036526727585,51.840360584475505,2175378.9447650746,1087.6894723825374,0.0,QQQ_MA_QLD_monthly_MA200,after_tax
2026-04-01,RISK,SELL,41963.036526727585,61.85860985691658,2595775.1049183817,1297.8875524591908,418010.58312846534,QQQ_MA_QLD_monthly_MA200,after_tax
2026-05-01,RISK,BUY,30827.594742727717,81.36555045013495,2508304.215295727,1254.1521076478634,0.0,QQQ_MA_QLD_monthly_MA200,after_tax
2006-10-02,RISK,BUY,94756.78486983792,1.0548059975314907,99950.02498750626,49.97501249375313,0.0,QQQ_MA_QLD_monthly_MA225,pre_tax
2008-02-01,RISK,SELL,94756.78486983792,1.1752651317284033,111364.34525221004,55.68217262610502,11308.663079583901,QQQ_MA_QLD_monthly_MA225,pre_tax
2008-06-02,RISK,BUY,81026.19331509163,1.3730502694192561,111253.03656130329,55.626518280651645,0.0,QQQ_MA_QLD_monthly_MA225,pre_tax
2008-07-01,RISK,SELL,81026.19331509163,1.0997216982783382,89106.2629175015,44.553131458750755,-22246.9532935412,QQQ_MA_QLD_monthly_MA225,pre_tax
2009-06-01,RISK,BUY,158093.35857902508,0.5630673039370822,89017.20118545003,44.50860059272502,0.0,QQQ_MA_QLD_monthly_MA225,pre_tax
2010-07-01,RISK,SELL,158093.35857902508,0.7762022502958725,122712.42068587155,61.356210342935775,33589.35468948586,QQQ_MA_QLD_monthly_MA225,pre_tax
2010-08-02,RISK,BUY,135266.7183419716,0.9062818340932217,122589.76959073325,61.29488479536663,0.0,QQQ_MA_QLD_monthly_MA225,pre_tax
2010-09-01,RISK,SELL,135266.7183419716,0.8158979594631174,110363.83947848686,55.18191973924343,-12342.406916781023,QQQ_MA_QLD_monthly_MA225,pre_tax
2010-10-01,RISK,BUY,107174.60773474272,1.0287281019607608,110253.53079335095,55.126765396675474,0.0,QQQ_MA_QLD_monthly_MA225,pre_tax
2011-09-01,RISK,SELL,107174.60773474272,1.2346873260889206,132327.12984863843,66.16356492431922,21952.308724966482,QQQ_MA_QLD_monthly_MA225,pre_tax
2011-11-01,RISK,BUY,102992.13680238045,1.2835433165440844,132194.86884928946,66.09743442464473,0.0,QQQ_MA_QLD_monthly_MA225,pre_tax
2012-01-03,RISK,SELL,102992.13680238045,1.290871759931478,132949.6408931924,66.47482044659621,622.1997890316998,QQQ_MA_QLD_monthly_MA225,pre_tax
2012-02-01,RISK,BUY,90120.01323467096,1.4737765000993321,132816.75769389886,66.40837884694943,0.0,QQQ_MA_QLD_monthly_MA225,pre_tax
2015-09-01,RISK,SELL,90120.01323467096,4.004880768822511,360919.90788956394,180.45995394478197,227856.28186287335,QQQ_MA_QLD_monthly_MA225,pre_tax
2015-11-02,RISK,BUY,72450.91139019767,4.976599485541127,360559.1683514435,180.27958417572174,0.0,QQQ_MA_QLD_monthly_MA225,pre_tax
2016-02-01,RISK,SELL,72450.91139019767,4.097667973657485,296879.7792659093,148.43988963295465,-64008.108559342916,QQQ_MA_QLD_monthly_MA225,pre_tax
2016-04-01,RISK,BUY,66171.49936815753,4.482036083272873,296583.04785235017,148.29152392617507,0.0,QQQ_MA_QLD_monthly_MA225,pre_tax
2016-05-02,RISK,SELL,66171.49936815753,4.257564817205552,281729.44761160685,140.86472380580344,-15142.756488475308,QQQ_MA_QLD_monthly_MA225,pre_tax
2016-06-01,RISK,BUY,61486.95823034083,4.57735863114206,281447.8589583219,140.72392947916097,0.0,QQQ_MA_QLD_monthly_MA225,pre_tax
2018-11-01,RISK,SELL,61486.95823034083,10.25087243510065,630294.9652415859,315.1474826207929,348391.234871164,QQQ_MA_QLD_monthly_MA225,pre_tax
2019-03-01,RISK,BUY,60218.50430172968,10.456337176880792,629664.9852663319,314.832492633166,0.0,QQQ_MA_QLD_monthly_MA225,pre_tax
2019-06-03,RISK,SELL,60218.50430172968,10.22687271903491,615846.9788244456,307.9234894122228,-14440.762423931621,QQQ_MA_QLD_monthly_MA225,pre_tax
2019-07-01,RISK,BUY,50061.553186215475,12.289499635113815,615231.4396152259,307.61571980761295,0.0,QQQ_MA_QLD_monthly_MA225,pre_tax
2020-04-01,RISK,SELL,50061.553186215475,10.422928032946222,521787.96607743355,260.8939830387168,-94011.98324063863,QQQ_MA_QLD_monthly_MA225,pre_tax
2020-05-01,RISK,BUY,37716.38553747172,13.820689110229623,521266.4388749574,260.6332194374787,0.0,QQQ_MA_QLD_monthly_MA225,pre_tax
2022-03-01,RISK,SELL,37716.38553747172,32.654064465527455,1231593.2847472888,615.7966423736444,709450.4160105204,QQQ_MA_QLD_monthly_MA225,pre_tax
2023-03-01,RISK,BUY,59654.59597271359,20.624769758129208,1230362.3069514397,615.1811534757198,0.0,QQQ_MA_QLD_monthly_MA225,pre_tax
2025-04-01,RISK,SELL,59654.59597271359,44.0057077774389,2625142.7179564177,1312.571358978209,1392852.658492524,QQQ_MA_QLD_monthly_MA225,pre_tax
2025-06-02,RISK,BUY,50588.36122253403,51.840360584475505,2622518.8871538625,1311.2594435769313,0.0,QQQ_MA_QLD_monthly_MA225,pre_tax
2026-04-01,RISK,SELL,50588.36122253403,61.85860985691658,3129325.7001655004,1564.6628500827503,503930.8907179781,QQQ_MA_QLD_monthly_MA225,pre_tax
2026-05-01,RISK,BUY,38421.64062126196,81.36555045013495,3126197.9383462444,1563.0989691731222,0.0,QQQ_MA_QLD_monthly_MA225,pre_tax
2006-10-02,RISK,BUY,94756.78486983792,1.0548059975314907,99950.02498750626,49.97501249375313,0.0,QQQ_MA_QLD_monthly_MA225,after_tax
2008-02-01,RISK,SELL,94756.78486983792,1.1752651317284033,111364.34525221004,55.68217262610502,11308.663079583901,QQQ_MA_QLD_monthly_MA225,after_tax
2008-06-02,RISK,BUY,79353.85337797624,1.3730502694192561,108956.82976008642,54.47841488004321,0.0,QQQ_MA_QLD_monthly_MA225,after_tax
2008-07-01,RISK,SELL,79353.85337797624,1.0997216982783382,87267.15440175828,43.63357720087914,-21787.78735040904,QQQ_MA_QLD_monthly_MA225,after_tax
2009-06-01,RISK,BUY,154830.3910554704,0.5630673039370822,87179.93085912784,43.58996542956392,0.0,QQQ_MA_QLD_monthly_MA225,after_tax
2010-07-01,RISK,SELL,154830.3910554704,0.7762022502958725,120179.69795144605,60.08984897572303,32896.08727791293,QQQ_MA_QLD_monthly_MA225,after_tax
2010-08-02,RISK,BUY,129986.11526026465,0.9062818340932217,117804.05494472556,58.90202747236278,0.0,QQQ_MA_QLD_monthly_MA225,after_tax
2010-09-01,RISK,SELL,129986.11526026465,0.8158979594631174,106055.40619938751,53.02770309969375,-11860.578475910108,QQQ_MA_QLD_monthly_MA225,after_tax
2010-10-01,RISK,BUY,102990.67712104933,1.0287281019607608,105949.40379439063,52.97470189719532,0.0,QQQ_MA_QLD_monthly_MA225,after_tax
2011-09-01,RISK,SELL,102990.67712104933,1.2346873260889206,127161.28374667578,63.58064187333789,21095.32460851461,QQQ_MA_QLD_monthly_MA225,after_tax
2011-11-01,RISK,BUY,97510.60464598071,1.2835433165440844,125159.08488552108,62.57954244276054,0.0,QQQ_MA_QLD_monthly_MA225,after_tax
2012-01-03,RISK,SELL,97510.60464598071,1.290871759931478,125873.68583133968,62.93684291566984,589.0845604601636,QQQ_MA_QLD_monthly_MA225,after_tax
2012-02-01,RISK,BUY,85242.41112565903,1.4737765000993321,125628.26232880213,62.81413116440107,0.0,QQQ_MA_QLD_monthly_MA225,after_tax
2015-09-01,RISK,SELL,85242.41112565903,4.004880768822511,341385.6930052139,170.69284650260695,215523.9236987448,QQQ_MA_QLD_monthly_MA225,after_tax
2015-11-02,RISK,BUY,59736.105866298254,4.976599485541127,297282.67372245016,148.64133686122508,0.0,QQQ_MA_QLD_monthly_MA225,after_tax
2016-02-01,RISK,SELL,59736.105866298254,4.097667973657485,244778.72787934335,122.38936393967168,-52774.97654390772,QQQ_MA_QLD_monthly_MA225,after_tax
2016-04-01,RISK,BUY,54558.70210243826,4.482036083272873,244534.07147966386,122.26703573983194,0.0,QQQ_MA_QLD_monthly_MA225,after_tax
2016-05-02,RISK,SELL,54558.70210243826,4.257564817205552,232287.2105437397,116.14360527186984,-12485.27157693592,QQQ_MA_QLD_monthly_MA225,after_tax
2016-06-01,RISK,BUY,50696.27663429559,4.57735863114206,232055.03941875845,116.02751970937922,0.0,QQQ_MA_QLD_monthly_MA225,after_tax
2018-11-01,RISK,SELL,50696.27663429559,10.25087243510065,519681.0647127378,259.8405323563689,287250.1572419136,QQQ_MA_QLD_monthly_MA225,after_tax
2019-03-01,RISK,BUY,45339.67513263774,10.456337176880792,474086.9306770976,237.0434653385488,0.0,QQQ_MA_QLD_monthly_MA225,after_tax
2019-06-03,RISK,SELL,45339.67513263774,10.22687271903491,463683.0867038784,231.8415433519392,-10872.728981909633,QQQ_MA_QLD_monthly_MA225,after_tax
2019-07-01,RISK,BUY,37692.31043543337,12.289499635113815,463219.63534285506,231.60981767142755,0.0,QQQ_MA_QLD_monthly_MA225,after_tax
2020-04-01,RISK,SELL,37692.31043543337,10.422928032946222,392864.2390639899,196.43211953199494,-70783.43821606861,QQQ_MA_QLD_monthly_MA225,after_tax
2020-05-01,RISK,BUY,28397.39524047204,13.820689110229623,392471.57115887845,196.23578557943924,0.0,QQQ_MA_QLD_monthly_MA225,after_tax
2022-03-01,RISK,SELL,28397.39524047204,32.654064465527455,927290.3748354366,463.6451874177183,534158.9227035609,QQQ_MA_QLD_monthly_MA225,after_tax
2023-03-01,RISK,BUY,40460.26030237766,20.624769758129208,834483.5530905145,417.24177654525727,0.0,QQQ_MA_QLD_monthly_MA225,after_tax
2025-04-01,RISK,SELL,40460.26030237766,44.0057077774389,1780482.391465543,890.2411957327715,944691.3554027505,QQQ_MA_QLD_monthly_MA225,after_tax
2025-06-02,RISK,BUY,30610.988064103407,51.840360584475505,1586884.6590901965,793.4423295450982,0.0,QQQ_MA_QLD_monthly_MA225,after_tax
2026-04-01,RISK,SELL,30610.988064103407,61.85860985691658,1893553.1679921027,946.7765839960514,304928.289988365,QQQ_MA_QLD_monthly_MA225,after_tax
2026-05-01,RISK,BUY,22487.961139647414,81.36555045013495,1829745.336628656,914.8726683143279,0.0,QQQ_MA_QLD_monthly_MA225,after_tax
2006-10-02,RISK,BUY,94756.78486983792,1.0548059975314907,99950.02498750626,49.97501249375313,0.0,QQQ_MA_QLD_monthly_MA250,pre_tax
2008-02-01,RISK,SELL,94756.78486983792,1.1752651317284033,111364.34525221004,55.68217262610502,11308.663079583901,QQQ_MA_QLD_monthly_MA250,pre_tax
2008-06-02,RISK,BUY,81026.19331509163,1.3730502694192561,111253.03656130329,55.626518280651645,0.0,QQQ_MA_QLD_monthly_MA250,pre_tax
2008-07-01,RISK,SELL,81026.19331509163,1.0997216982783382,89106.2629175015,44.553131458750755,-22246.9532935412,QQQ_MA_QLD_monthly_MA250,pre_tax
2009-07-01,RISK,BUY,151598.49060018803,0.5871905507305863,89017.20118545003,44.50860059272502,0.0,QQQ_MA_QLD_monthly_MA250,pre_tax
2010-07-01,RISK,SELL,151598.49060018803,0.7762022502958725,117671.08954532363,58.83554477266182,28550.544214508205,QQQ_MA_QLD_monthly_MA250,pre_tax
2010-08-02,RISK,BUY,129709.62546053666,0.9062818340932217,117553.47726192001,58.776738630960004,0.0,QQQ_MA_QLD_monthly_MA250,pre_tax
2010-09-01,RISK,SELL,129709.62546053666,0.8158979594631174,105829.81873597708,52.91490936798854,-11835.350173941872,QQQ_MA_QLD_monthly_MA250,pre_tax
2010-10-01,RISK,BUY,102771.60855642585,1.0287281019607608,105724.04180570625,52.862020902853125,0.0,QQQ_MA_QLD_monthly_MA250,pre_tax
2011-10-03,RISK,SELL,102771.60855642585,1.0937673872989817,112408.23377927559,56.204116889637795,6575.125835776838,QQQ_MA_QLD_monthly_MA250,pre_tax
2011-11-01,RISK,BUY,87488.96922612606,1.2835433165440844,112295.88172152519,56.147940860762596,0.0,QQQ_MA_QLD_monthly_MA250,pre_tax
2012-01-03,RISK,SELL,87488.96922612606,1.290871759931478,112937.03967952028,56.46851983976014,528.5414972945728,QQQ_MA_QLD_monthly_MA250,pre_tax
2012-02-01,RISK,BUY,76554.45657637785,1.4737765000993321,112824.15908014045,56.41207954007023,0.0,QQQ_MA_QLD_monthly_MA250,pre_tax
2015-09-01,RISK,SELL,76554.45657637785,4.004880768822511,306591.4709103937,153.29573545519685,193557.604015258,QQQ_MA_QLD_monthly_MA250,pre_tax
2015-11-02,RISK,BUY,61545.04366856952,4.976599485541127,306285.0326586092,153.1425163293046,0.0,QQQ_MA_QLD_monthly_MA250,pre_tax
2016-02-01,RISK,SELL,61545.04366856952,4.097667973657485,252191.15437804867,126.09557718902434,-54373.116374078876,QQQ_MA_QLD_monthly_MA250,pre_tax
2016-04-01,RISK,BUY,56210.85698004031,4.482036083272873,251939.08925623153,125.96954462811577,0.0,QQQ_MA_QLD_monthly_MA250,pre_tax
2016-05-02,RISK,SELL,56210.85698004031,4.257564817205552,239321.36702319272,119.66068351159636,-12863.352461178525,QQQ_MA_QLD_monthly_MA250,pre_tax
2016-06-01,RISK,BUY,52231.46895907546,4.57735863114206,239082.1652570526,119.54108262852631,0.0,QQQ_MA_QLD_monthly_MA250,pre_tax
2018-12-03,RISK,SELL,52231.46895907546,10.514471592529176,549186.2966062684,274.59314830313417,309709.9971182841,QQQ_MA_QLD_monthly_MA250,pre_tax
2019-03-01,RISK,BUY,52469.36623071344,10.456337176880792,548637.3847655825,274.31869238279126,0.0,QQQ_MA_QLD_monthly_MA250,pre_tax
2019-06-03,RISK,SELL,52469.36623071344,10.22687271903491,536597.5300899348,268.2987650449674,-12582.47213307547,QQQ_MA_QLD_monthly_MA250,pre_tax
2019-07-01,RISK,BUY,43619.44884988501,12.289499635113815,536061.2007245276,268.0306003622638,0.0,QQQ_MA_QLD_monthly_MA250,pre_tax
2020-04-01,RISK,SELL,43619.44884988501,10.422928032946222,454642.3761991303,227.32118809956518,-81914.17631385906,QQQ_MA_QLD_monthly_MA250,pre_tax
2020-05-01,RISK,BUY,32862.90266773604,13.820689110229623,454187.9610305155,227.09398051525775,0.0,QQQ_MA_QLD_monthly_MA250,pre_tax
2022-03-01,RISK,SELL,32862.90266773604,32.654064465527455,1073107.3422366069,536.5536711183034,618155.7335544578,QQQ_MA_QLD_monthly_MA250,pre_tax
2022-04-01,RISK,BUY,30057.09129442219,35.6666172610934,1072034.7711798986,536.0173855899493,0.0,QQQ_MA_QLD_monthly_MA250,pre_tax
2022-05-02,RISK,SELL,30057.09129442219,26.20424332902578,787623.3340417815,393.81166702089075,-285341.26619072794,QQQ_MA_QLD_monthly_MA250,pre_tax
2023-04-03,RISK,BUY,32492.703439676265,24.215778344925518,786836.1043225994,393.41805216129967,0.0,QQQ_MA_QLD_monthly_MA250,pre_tax
2025-04-01,RISK,SELL,32492.703439676265,44.0057077774389,1429864.4124653775,714.9322062326887,641919.957884384,QQQ_MA_QLD_monthly_MA250,pre_tax
2025-06-02,RISK,BUY,27554.500904756445,51.840360584475505,1428435.2626278307,714.2176313139154,0.0,QQQ_MA_QLD_monthly_MA250,pre_tax
2006-10-02,RISK,BUY,94756.78486983792,1.0548059975314907,99950.02498750626,49.97501249375313,0.0,QQQ_MA_QLD_monthly_MA250,after_tax
2008-02-01,RISK,SELL,94756.78486983792,1.1752651317284033,111364.34525221004,55.68217262610502,11308.663079583901,QQQ_MA_QLD_monthly_MA250,after_tax
2008-06-02,RISK,BUY,79353.85337797624,1.3730502694192561,108956.82976008642,54.47841488004321,0.0,QQQ_MA_QLD_monthly_MA250,after_tax
2008-07-01,RISK,SELL,79353.85337797624,1.0997216982783382,87267.15440175828,43.63357720087914,-21787.78735040904,QQQ_MA_QLD_monthly_MA250,after_tax
2009-07-01,RISK,BUY,148469.5738898693,0.5871905507305863,87179.93085912784,43.58996542956392,0.0,QQQ_MA_QLD_monthly_MA250,after_tax
2010-07-01,RISK,SELL,148469.5738898693,0.7762022502958725,115242.41735378587,57.62120867689294,27961.275320551576,QQQ_MA_QLD_monthly_MA250,after_tax
2010-08-02,RISK,BUY,125649.34099148908,0.9062818340932217,113873.71520637134,56.93685760318567,0.0,QQQ_MA_QLD_monthly_MA250,after_tax
2010-09-01,RISK,SELL,125649.34099148908,0.8158979594631174,102517.04092284138,51.25852046142069,-11464.869661594566,QQQ_MA_QLD_monthly_MA250,after_tax
2010-10-01,RISK,BUY,99554.56152079433,1.0287281019607608,102414.57511482255,51.20728755741128,0.0,QQQ_MA_QLD_monthly_MA250,after_tax
2011-10-03,RISK,SELL,99554.56152079433,1.0937673872989817,108889.53264829496,54.44476632414748,6369.305479590854,QQQ_MA_QLD_monthly_MA250,after_tax
2011-11-01,RISK,BUY,84750.31277175293,1.2835433165440844,108780.69753320422,54.39034876660211,0.0,QQQ_MA_QLD_monthly_MA250,after_tax
2012-01-03,RISK,SELL,84750.31277175293,1.290871759931478,109401.78540241593,54.70089270120797,511.9966277439089,QQQ_MA_QLD_monthly_MA250,after_tax
2012-02-01,RISK,BUY,74158.08182801338,1.4737765000993321,109292.43829056945,54.646219145284725,0.0,QQQ_MA_QLD_monthly_MA250,after_tax
2015-09-01,RISK,SELL,74158.08182801338,4.004880768822511,296994.2757657769,148.49713788288847,187498.69411817932,QQQ_MA_QLD_monthly_MA250,after_tax
2015-11-02,RISK,BUY,52155.45133266354,4.976599485541127,259556.79227029867,129.77839613514934,0.0,QQQ_MA_QLD_monthly_MA250,after_tax
2016-02-01,RISK,SELL,52155.45133266354,4.097667973657485,213715.722577507,106.8578612887535,-46077.705950215575,QQQ_MA_QLD_monthly_MA250,after_tax
2016-04-01,RISK,BUY,47635.07247435746,4.482036083272873,213502.11365938856,106.75105682969428,0.0,QQQ_MA_QLD_monthly_MA250,after_tax
2016-05-02,RISK,SELL,47635.07247435746,4.257564817205552,202809.40863186092,101.40470431593046,-10900.86078867325,QQQ_MA_QLD_monthly_MA250,after_tax
2016-06-01,RISK,BUY,44262.79802478697,4.57735863114206,202606.70057725636,101.30335028862818,0.0,QQQ_MA_QLD_monthly_MA250,after_tax
2018-12-03,RISK,SELL,44262.79802478697,10.514471592529176,465399.93243747915,232.69996621873958,262459.22854371544,QQQ_MA_QLD_monthly_MA250,after_tax
2019-03-01,RISK,BUY,40474.23325697518,10.456337176880792,423212.22991065454,211.60611495532729,0.0,QQQ_MA_QLD_monthly_MA250,after_tax
2019-06-03,RISK,SELL,40474.23325697518,10.22687271903491,413924.831919615,206.9624159598075,-9705.966521954688,QQQ_MA_QLD_monthly_MA250,after_tax
2019-07-01,RISK,BUY,33647.51423769844,12.289499635113815,413511.11394668184,206.75555697334093,0.0,QQQ_MA_QLD_monthly_MA250,after_tax
2020-04-01,RISK,SELL,33647.51423769844,10.422928032946222,350705.6193870642,175.3528096935321,-63187.60292628454,QQQ_MA_QLD_monthly_MA250,after_tax
2020-05-01,RISK,BUY,25350.044866687065,13.820689110229623,350355.08903285424,175.17754451642713,0.0,QQQ_MA_QLD_monthly_MA250,after_tax
2022-03-01,RISK,SELL,25350.044866687065,32.654064465527455,827781.9992808128,413.8909996404064,476837.84170380165,QQQ_MA_QLD_monthly_MA250,after_tax
2022-04-01,RISK,BUY,20886.03908630169,35.6666172610934,744934.3621913593,372.4671810956796,0.0,QQQ_MA_QLD_monthly_MA250,after_tax
2022-05-02,RISK,SELL,20886.03908630169,26.20424332902578,547302.8503969928,273.6514251984964,-198277.6304006608,QQQ_MA_QLD_monthly_MA250,after_tax
2023-04-03,RISK,BUY,22578.494619225727,24.215778344925518,546755.8210612637,273.3779105306318,0.0,QQQ_MA_QLD_monthly_MA250,after_tax
2025-04-01,RISK,SELL,22578.494619225727,44.0057077774389,993582.6362681239,496.79131813406195,446056.6459781955,QQQ_MA_QLD_monthly_MA250,after_tax
2025-06-02,RISK,BUY,18176.540211377836,51.840360584475505,942278.3987360457,471.13919936802284,0.0,QQQ_MA_QLD_monthly_MA250,after_tax
2006-06-21,RISK,BUY,100704.2593271069,0.9925104027909014,99950.02498750626,49.97501249375313,0.0,QQQ_MA_QLD_bimonthly_MA150,pre_tax
2006-07-03,RISK,SELL,100704.2593271069,0.9901980630484073,99717.16252642576,49.85858126321288,-332.6960548374627,QQQ_MA_QLD_bimonthly_MA150,pre_tax
2006-11-01,RISK,BUY,85660.09907603578,1.1629392946316672,99617.49519756378,49.80874759878189,0.0,QQQ_MA_QLD_bimonthly_MA150,pre_tax
2008-03-03,RISK,SELL,85660.09907603578,1.0403559681792183,89116.99530857697,44.55849765428849,-10594.867134239888,QQQ_MA_QLD_bimonthly_MA150,pre_tax
2008-09-02,RISK,BUY,75173.21073769625,1.184303849414458,89027.92284949793,44.51396142474897,0.0,QQQ_MA_QLD_bimonthly_MA150,pre_tax
2008-11-03,RISK,SELL,75173.21073769625,0.5303951745115353,39871.508227812825,19.935754113906412,-49220.86433722376,QQQ_MA_QLD_bimonthly_MA150,pre_tax
2009-05-01,RISK,BUY,76373.21400679652,0.5215396152089603,39831.656645376235,19.915828322688117,0.0,QQQ_MA_QLD_bimonthly_MA150,pre_tax
2010-07-01,RISK,SELL,76373.21400679652,0.7762022502958725,59281.06057440371,29.640530287201855,19399.847570417587,QQQ_MA_QLD_bimonthly_MA150,pre_tax
2010-11-01,RISK,BUY,51472.03883396787,1.1505627226187236,59221.80913954674,29.61090456977337,0.0,QQQ_MA_QLD_bimonthly_MA150,pre_tax
2011-09-01,RISK,SELL,51472.03883396787,1.2346873260889206,63551.87399625687,31.775936998128437,4268.678015142228,QQQ_MA_QLD_bimonthly_MA150,pre_tax
2011-11-01,RISK,BUY,49463.351227801766,1.2835433165440844,63488.35388231759,31.744176941158795,0.0,QQQ_MA_QLD_bimonthly_MA150,pre_tax
2012-11-01,RISK,SELL,49463.351227801766,1.6803473550440442,83115.61140725127,41.55780570362564,19553.955542288895,QQQ_MA_QLD_bimonthly_MA150,pre_tax
2013-01-02,RISK,BUY,47179.57571365217,1.7599254778557578,83032.5373328812,41.5162686664406,0.0,QQQ_MA_QLD_bimonthly_MA150,pre_tax
2015-09-01,RISK,SELL,47179.57571365217,4.004880768822511,188948.5754568112,94.4742877284056,105780.04756753516,QQQ_MA_QLD_bimonthly_MA150,pre_tax
2015-11-02,RISK,BUY,37929.45802788547,4.976599485541127,188759.7213084286,94.3798606542143,0.0,QQQ_MA_QLD_bimonthly_MA150,pre_tax
2016-03-01,RISK,SELL,37929.45802788547,4.061998270463953,154069.39290890587,77.03469645445294,-34861.74295663138,QQQ_MA_QLD_bimonthly_MA150,pre_tax
2016-07-01,RISK,BUY,35160.731907737114,4.377479994332151,153915.40051219534,76.95770025609767,0.0,QQQ_MA_QLD_bimonthly_MA150,pre_tax
2018-11-01,RISK,SELL,35160.731907737114,10.25087243510065,360428.1775109863,180.21408875549315,206255.60520977937,QQQ_MA_QLD_bimonthly_MA150,pre_tax
2019-03-01,RISK,BUY,34435.3786002254,10.456337176880792,360067.9294575021,180.03396472875104,0.0,QQQ_MA_QLD_bimonthly_MA150,pre_tax
2022-03-01,RISK,SELL,34435.3786002254,32.654064465527455,1124455.0727066046,562.2275363533023,763644.8817480204,QQQ_MA_QLD_bimonthly_MA150,pre_tax
2023-03-01,RISK,BUY,54465.15004792733,20.624769758129208,1123331.1795804612,561.6655897902307,0.0,QQQ_MA_QLD_bimonthly_MA150,pre_tax
2023-11-01,RISK,SELL,54465.15004792733,28.142424338743723,1532781.364322119,766.3906821610594,408122.1284697063,QQQ_MA_QLD_bimonthly_MA150,pre_tax
2024-01-02,RISK,BUY,41261.388792737525,37.11095030410107,1531249.348965475,765.6246744827375,0.0,QQQ_MA_QLD_bimonthly_MA150,pre_tax
2025-05-01,RISK,SELL,41261.388792737525,45.64644299625848,1883435.631474152,941.717815737076,350478.9400184569,QQQ_MA_QLD_bimonthly_MA150,pre_tax
2025-07-01,RISK,BUY,32252.769688512144,58.337722783542695,1881553.1370898702,940.7765685449351,0.0,QQQ_MA_QLD_bimonthly_MA150,pre_tax
2006-06-21,RISK,BUY,100704.2593271069,0.9925104027909014,99950.02498750626,49.97501249375313,0.0,QQQ_MA_QLD_bimonthly_MA150,after_tax
2006-07-03,RISK,SELL,100704.2593271069,0.9901980630484073,99717.16252642576,49.85858126321288,-332.6960548374627,QQQ_MA_QLD_bimonthly_MA150,after_tax
2006-11-01,RISK,BUY,85660.09907603578,1.1629392946316672,99617.49519756378,49.80874759878189,0.0,QQQ_MA_QLD_bimonthly_MA150,after_tax
2008-03-03,RISK,SELL,85660.09907603578,1.0403559681792183,89116.99530857697,44.55849765428849,-10594.867134239888,QQQ_MA_QLD_bimonthly_MA150,after_tax
2008-09-02,RISK,BUY,75173.21073769625,1.184303849414458,89027.92284949793,44.51396142474897,0.0,QQQ_MA_QLD_bimonthly_MA150,after_tax
2008-11-03,RISK,SELL,75173.21073769625,0.5303951745115353,39871.508227812825,19.935754113906412,-49220.86433722376,QQQ_MA_QLD_bimonthly_MA150,after_tax
2009-05-01,RISK,BUY,76373.21400679652,0.5215396152089603,39831.656645376235,19.915828322688117,0.0,QQQ_MA_QLD_bimonthly_MA150,after_tax
2010-07-01,RISK,SELL,76373.21400679652,0.7762022502958725,59281.06057440371,29.640530287201855,19399.847570417587,QQQ_MA_QLD_bimonthly_MA150,after_tax
2010-11-01,RISK,BUY,51472.03883396787,1.1505627226187236,59221.80913954674,29.61090456977337,0.0,QQQ_MA_QLD_bimonthly_MA150,after_tax
2011-09-01,RISK,SELL,51472.03883396787,1.2346873260889206,63551.87399625687,31.775936998128437,4268.678015142228,QQQ_MA_QLD_bimonthly_MA150,after_tax
2011-11-01,RISK,BUY,49463.351227801766,1.2835433165440844,63488.35388231759,31.744176941158795,0.0,QQQ_MA_QLD_bimonthly_MA150,after_tax
2012-11-01,RISK,SELL,49463.351227801766,1.6803473550440442,83115.61140725127,41.55780570362564,19553.955542288895,QQQ_MA_QLD_bimonthly_MA150,after_tax
2013-01-02,RISK,BUY,47179.57571365217,1.7599254778557578,83032.5373328812,41.5162686664406,0.0,QQQ_MA_QLD_bimonthly_MA150,after_tax
2015-09-01,RISK,SELL,47179.57571365217,4.004880768822511,188948.5754568112,94.4742877284056,105780.04756753516,QQQ_MA_QLD_bimonthly_MA150,after_tax
2015-11-02,RISK,BUY,34304.15326707175,4.976599485541127,170718.03150083323,85.35901575041662,0.0,QQQ_MA_QLD_bimonthly_MA150,after_tax
2016-03-01,RISK,SELL,34304.15326707175,4.061998270463953,139343.4112405758,69.67170562028791,-31529.650981628103,QQQ_MA_QLD_bimonthly_MA150,after_tax
2016-07-01,RISK,BUY,31800.062512326815,4.377479994332151,139204.13746622243,69.60206873311121,0.0,QQQ_MA_QLD_bimonthly_MA150,after_tax
2018-11-01,RISK,SELL,31800.062512326815,10.25087243510065,325978.3842420885,162.98919212104425,186541.65551501192,QQQ_MA_QLD_bimonthly_MA150,after_tax
2019-03-01,RISK,BUY,28133.90698328704,10.456337176880792,294177.61752025044,147.08880876012523,0.0,QQQ_MA_QLD_bimonthly_MA150,after_tax
2022-03-01,RISK,SELL,28133.90698328704,32.654064465527455,918686.4122994081,459.3432061497041,623902.3627642478,QQQ_MA_QLD_bimonthly_MA150,after_tax
2023-03-01,RISK,BUY,38356.101449582886,20.624769758129208,791085.761217093,395.5428806085465,0.0,QQQ_MA_QLD_bimonthly_MA150,after_tax
2023-11-01,RISK,SELL,38356.101449582886,28.142424338743723,1079433.6829740647,539.7168414870324,287412.6620348762,QQQ_MA_QLD_bimonthly_MA150,after_tax
2024-01-02,RISK,BUY,27485.04356366687,37.11095030410107,1019996.085797294,509.99804289864704,0.0,QQQ_MA_QLD_bimonthly_MA150,after_tax
2025-05-01,RISK,SELL,27485.04356366687,45.64644299625848,1254594.474278601,627.2972371393005,233461.09320126905,QQQ_MA_QLD_bimonthly_MA150,after_tax
2025-07-01,RISK,BUY,20671.64315169312,58.337722783542695,1205936.587663792,602.9682938318961,0.0,QQQ_MA_QLD_bimonthly_MA150,after_tax
2006-06-21,RISK,BUY,100704.2593271069,0.9925104027909014,99950.02498750626,49.97501249375313,0.0,QQQ_MA_QLD_bimonthly_MA175,pre_tax
2006-07-03,RISK,SELL,100704.2593271069,0.9901980630484073,99717.16252642576,49.85858126321288,-332.6960548374627,QQQ_MA_QLD_bimonthly_MA175,pre_tax
2006-11-01,RISK,BUY,85660.09907603578,1.1629392946316672,99617.49519756378,49.80874759878189,0.0,QQQ_MA_QLD_bimonthly_MA175,pre_tax
2008-03-03,RISK,SELL,85660.09907603578,1.0403559681792183,89116.99530857697,44.55849765428849,-10594.867134239888,QQQ_MA_QLD_bimonthly_MA175,pre_tax
2009-05-01,RISK,BUY,170702.12933647996,0.5215396152089603,89027.92284949793,44.51396142474897,0.0,QQQ_MA_QLD_bimonthly_MA175,pre_tax
2010-07-01,RISK,SELL,170702.12933647996,0.7762022502958725,132499.37692127284,66.24968846063642,43360.69042188952,QQQ_MA_QLD_bimonthly_MA175,pre_tax
2010-11-01,RISK,BUY,115045.39575179323,1.1505627226187236,132366.94376093175,66.18347188046587,0.0,QQQ_MA_QLD_bimonthly_MA175,pre_tax
2011-09-01,RISK,SELL,115045.39575179323,1.2346873260889206,142045.09205962325,71.02254602981162,9540.942280781193,QQQ_MA_QLD_bimonthly_MA175,pre_tax
2011-11-01,RISK,BUY,110555.76864884274,1.2835433165440844,141903.11795461611,70.95155897730805,0.0,QQQ_MA_QLD_bimonthly_MA175,pre_tax
2012-11-01,RISK,SELL,110555.76864884274,1.6803473550440442,185772.09343394416,92.88604671697207,43705.137873633765,QQQ_MA_QLD_bimonthly_MA175,pre_tax
2013-01-02,RISK,BUY,105451.29127072485,1.7599254778557578,185586.41418013713,92.79320709006856,0.0,QQQ_MA_QLD_bimonthly_MA175,pre_tax
2015-09-01,RISK,SELL,105451.29127072485,4.004880768822511,422319.8484576271,211.15992422881357,236429.48114617114,QQQ_MA_QLD_bimonthly_MA175,pre_tax
2015-11-02,RISK,BUY,84776.30978529346,4.976599485541127,421897.7396635666,210.9488698317833,0.0,QQQ_MA_QLD_bimonthly_MA175,pre_tax
2016-03-01,RISK,SELL,84776.30978529346,4.061998270463953,344361.2237241783,172.18061186208914,-77919.64542108221,QQQ_MA_QLD_bimonthly_MA175,pre_tax
2016-07-01,RISK,BUY,78587.91702999057,4.377479994332151,344017.03459501866,172.00851729750934,0.0,QQQ_MA_QLD_bimonthly_MA175,pre_tax
2018-11-01,RISK,SELL,78587.91702999057,10.25087243510065,805594.7124147073,402.79735620735363,461002.87194618373,QQQ_MA_QLD_bimonthly_MA175,pre_tax
2019-03-01,RISK,BUY,76966.67644553001,10.456337176880792,804789.5202983507,402.39476014917534,0.0,QQQ_MA_QLD_bimonthly_MA175,pre_tax
2022-03-01,RISK,SELL,76966.67644553001,32.654064465527455,2513274.8143497305,1256.6374071748653,1706826.2618840558,QQQ_MA_QLD_bimonthly_MA175,pre_tax
2023-03-01,RISK,BUY,121735.31268416569,20.624769758129208,2510762.7955447836,1255.381397772392,0.0,QQQ_MA_QLD_bimonthly_MA175,pre_tax
2025-05-01,RISK,SELL,121735.31268416569,45.64644299625848,5556784.011069471,2778.3920055347357,3041987.44212138,QQQ_MA_QLD_bimonthly_MA175,pre_tax
2025-07-01,RISK,BUY,95156.78259604487,58.337722783542695,5551230.004061906,2775.615002030953,0.0,QQQ_MA_QLD_bimonthly_MA175,pre_tax
2006-06-21,RISK,BUY,100704.2593271069,0.9925104027909014,99950.02498750626,49.97501249375313,0.0,QQQ_MA_QLD_bimonthly_MA175,after_tax
2006-07-03,RISK,SELL,100704.2593271069,0.9901980630484073,99717.16252642576,49.85858126321288,-332.6960548374627,QQQ_MA_QLD_bimonthly_MA175,after_tax
2006-11-01,RISK,BUY,85660.09907603578,1.1629392946316672,99617.49519756378,49.80874759878189,0.0,QQQ_MA_QLD_bimonthly_MA175,after_tax
2008-03-03,RISK,SELL,85660.09907603578,1.0403559681792183,89116.99530857697,44.55849765428849,-10594.867134239888,QQQ_MA_QLD_bimonthly_MA175,after_tax
2009-05-01,RISK,BUY,170702.12933647996,0.5215396152089603,89027.92284949793,44.51396142474897,0.0,QQQ_MA_QLD_bimonthly_MA175,after_tax
2010-07-01,RISK,SELL,170702.12933647996,0.7762022502958725,132499.37692127284,66.24968846063642,43360.69042188952,QQQ_MA_QLD_bimonthly_MA175,after_tax
2010-11-01,RISK,BUY,109321.6773317904,1.1505627226187236,125781.44671211037,62.89072335605518,0.0,QQQ_MA_QLD_bimonthly_MA175,after_tax
2011-09-01,RISK,SELL,109321.6773317904,1.2346873260889206,134978.08946834406,67.48904473417203,9066.262988143484,QQQ_MA_QLD_bimonthly_MA175,after_tax
2011-11-01,RISK,BUY,103621.19161797971,1.2835433165440844,133002.28795359176,66.50114397679589,0.0,QQQ_MA_QLD_bimonthly_MA175,after_tax
2012-11-01,RISK,SELL,103621.19161797971,1.6803473550440442,174119.5952617843,87.05979763089215,40963.74636658488,QQQ_MA_QLD_bimonthly_MA175,after_tax
2013-01-02,RISK,BUY,94110.76690779385,1.7599254778557578,165627.93642157092,82.81396821078546,0.0,QQQ_MA_QLD_bimonthly_MA175,after_tax
2015-09-01,RISK,SELL,94110.76690779385,4.004880768822511,376902.4005281616,188.4512002640808,211003.19893811582,QQQ_MA_QLD_bimonthly_MA175,after_tax
2015-11-02,RISK,BUY,67050.16337537498,4.976599485541127,333681.8085593396,166.84090427966981,0.0,QQQ_MA_QLD_bimonthly_MA175,after_tax
2016-03-01,RISK,SELL,67050.16337537498,4.061998270463953,272357.6476650986,136.1788238325493,-61627.18062235322,QQQ_MA_QLD_bimonthly_MA175,after_tax
2016-07-01,RISK,BUY,62155.7212095752,4.377479994332151,272085.426128202,136.042713064101,0.0,QQQ_MA_QLD_bimonthly_MA175,after_tax
2018-11-01,RISK,SELL,62155.7212095752,10.25087243510065,637150.3692310352,318.5751846155176,364610.32520515355,QQQ_MA_QLD_bimonthly_MA175,after_tax
2019-03-01,RISK,BUY,54989.93212077678,10.456337176880792,574993.2715886295,287.4966357943147,0.0,QQQ_MA_QLD_bimonthly_MA175,after_tax
2022-03-01,RISK,SELL,54989.93212077678,32.654064465527455,1795644.788426824,897.8223942134119,1219466.1978081868,QQQ_MA_QLD_bimonthly_MA175,after_tax
2023-03-01,RISK,BUY,74970.01452315747,20.624769758129208,1546239.2883037257,773.1196441518629,0.0,QQQ_MA_QLD_bimonthly_MA175,after_tax
2025-05-01,RISK,SELL,74970.01452315747,45.64644299625848,3422114.494359978,1711.057247179989,1873391.0291649206,QQQ_MA_QLD_bimonthly_MA175,after_tax
2025-07-01,RISK,BUY,52081.30780769039,58.337722783542695,3038304.8970894,1519.1524485447,0.0,QQQ_MA_QLD_bimonthly_MA175,after_tax
2006-06-21,RISK,BUY,100704.2593271069,0.9925104027909014,99950.02498750626,49.97501249375313,0.0,QQQ_MA_QLD_bimonthly_MA200,pre_tax
2006-07-03,RISK,SELL,100704.2593271069,0.9901980630484073,99717.16252642576,49.85858126321288,-332.6960548374627,QQQ_MA_QLD_bimonthly_MA200,pre_tax
2006-11-01,RISK,BUY,85660.09907603578,1.1629392946316672,99617.49519756378,49.80874759878189,0.0,QQQ_MA_QLD_bimonthly_MA200,pre_tax
2008-03-03,RISK,SELL,85660.09907603578,1.0403559681792183,89116.99530857697,44.55849765428849,-10594.867134239888,QQQ_MA_QLD_bimonthly_MA200,pre_tax
2009-05-01,RISK,BUY,170702.12933647996,0.5215396152089603,89027.92284949793,44.51396142474897,0.0,QQQ_MA_QLD_bimonthly_MA200,pre_tax
2010-07-01,RISK,SELL,170702.12933647996,0.7762022502958725,132499.37692127284,66.24968846063642,43360.69042188952,QQQ_MA_QLD_bimonthly_MA200,pre_tax
2010-11-01,RISK,BUY,115045.39575179323,1.1505627226187236,132366.94376093175,66.18347188046587,0.0,QQQ_MA_QLD_bimonthly_MA200,pre_tax
2011-09-01,RISK,SELL,115045.39575179323,1.2346873260889206,142045.09205962325,71.02254602981162,9540.942280781193,QQQ_MA_QLD_bimonthly_MA200,pre_tax
2011-11-01,RISK,BUY,110555.76864884274,1.2835433165440844,141903.11795461611,70.95155897730805,0.0,QQQ_MA_QLD_bimonthly_MA200,pre_tax
2012-01-03,RISK,SELL,110555.76864884274,1.290871759931478,142713.31964630896,71.35665982315447,667.8934728923778,QQQ_MA_QLD_bimonthly_MA200,pre_tax
2012-03-01,RISK,BUY,85812.7749871264,1.6614155371277806,142570.67764766197,71.28533882383098,0.0,QQQ_MA_QLD_bimonthly_MA200,pre_tax
2015-09-01,RISK,SELL,85812.7749871264,4.004880768822511,343669.9322652359,171.83496613261798,200856.13431261753,QQQ_MA_QLD_bimonthly_MA200,pre_tax
2015-11-02,RISK,BUY,68988.1584964901,4.976599485541127,343326.43408206233,171.66321704103117,0.0,QQQ_MA_QLD_bimonthly_MA200,pre_tax
2016-03-01,RISK,SELL,68988.1584964901,4.061998270463953,280229.7804952358,140.11489024761792,-63408.43169411528,QQQ_MA_QLD_bimonthly_MA200,pre_tax
2016-07-01,RISK,BUY,63952.24903873464,4.377479994332151,279949.6907596084,139.9748453798042,0.0,QQQ_MA_QLD_bimonthly_MA200,pre_tax
2018-11-01,RISK,SELL,63952.24903873464,10.25087243510065,655566.346833857,327.7831734169285,375148.8980554518,QQQ_MA_QLD_bimonthly_MA200,pre_tax
2019-03-01,RISK,BUY,62632.937043615115,10.456337176880792,654911.1081063868,327.45555405319345,0.0,QQQ_MA_QLD_bimonthly_MA200,pre_tax
2022-03-01,RISK,SELL,62632.937043615115,32.654064465527455,2045219.9638875306,1022.6099819437653,1388958.7902451467,QQQ_MA_QLD_bimonthly_MA200,pre_tax
2023-03-01,RISK,BUY,99064.17332088095,20.624769758129208,2043175.7660225756,1021.5878830112878,0.0,QQQ_MA_QLD_bimonthly_MA200,pre_tax
2025-05-01,RISK,SELL,99064.17332088095,45.64644299625848,4521927.140463062,2260.963570231531,2475468.822987243,QQQ_MA_QLD_bimonthly_MA200,pre_tax
2025-07-01,RISK,BUY,77435.44412793964,58.337722783542695,4517407.473156252,2258.703736578126,0.0,QQQ_MA_QLD_bimonthly_MA200,pre_tax
2006-06-21,RISK,BUY,100704.2593271069,0.9925104027909014,99950.02498750626,49.97501249375313,0.0,QQQ_MA_QLD_bimonthly_MA200,after_tax
2006-07-03,RISK,SELL,100704.2593271069,0.9901980630484073,99717.16252642576,49.85858126321288,-332.6960548374627,QQQ_MA_QLD_bimonthly_MA200,after_tax
2006-11-01,RISK,BUY,85660.09907603578,1.1629392946316672,99617.49519756378,49.80874759878189,0.0,QQQ_MA_QLD_bimonthly_MA200,after_tax
2008-03-03,RISK,SELL,85660.09907603578,1.0403559681792183,89116.99530857697,44.55849765428849,-10594.867134239888,QQQ_MA_QLD_bimonthly_MA200,after_tax
2009-05-01,RISK,BUY,170702.12933647996,0.5215396152089603,89027.92284949793,44.51396142474897,0.0,QQQ_MA_QLD_bimonthly_MA200,after_tax
2010-07-01,RISK,SELL,170702.12933647996,0.7762022502958725,132499.37692127284,66.24968846063642,43360.69042188952,QQQ_MA_QLD_bimonthly_MA200,after_tax
2010-11-01,RISK,BUY,109321.6773317904,1.1505627226187236,125781.44671211037,62.89072335605518,0.0,QQQ_MA_QLD_bimonthly_MA200,after_tax
2011-09-01,RISK,SELL,109321.6773317904,1.2346873260889206,134978.08946834406,67.48904473417203,9066.262988143484,QQQ_MA_QLD_bimonthly_MA200,after_tax
2011-11-01,RISK,BUY,103621.19161797971,1.2835433165440844,133002.28795359176,66.50114397679589,0.0,QQQ_MA_QLD_bimonthly_MA200,after_tax
2012-01-03,RISK,SELL,103621.19161797971,1.290871759931478,133761.6699900984,66.8808349950492,626.0000575348095,QQQ_MA_QLD_bimonthly_MA200,after_tax
2012-03-01,RISK,BUY,80353.68866286371,1.6614155371277806,133500.86681001016,66.75043340500508,0.0,QQQ_MA_QLD_bimonthly_MA200,after_tax
2015-09-01,RISK,SELL,80353.68866286371,4.004880768822511,321806.94242985436,160.90347121492718,188078.42171522425,QQQ_MA_QLD_bimonthly_MA200,after_tax
2015-11-02,RISK,BUY,56925.669883731636,4.976599485541127,283296.2594574629,141.64812972873145,0.0,QQQ_MA_QLD_bimonthly_MA200,after_tax
2016-03-01,RISK,SELL,56925.669883731636,4.061998270463953,231231.9726127198,115.6159863063599,-52321.55096077817,QQQ_MA_QLD_bimonthly_MA200,after_tax
2016-07-01,RISK,BUY,52770.28255923688,4.377479994332151,231000.8561983143,115.50042809915715,0.0,QQQ_MA_QLD_bimonthly_MA200,after_tax
2018-11-01,RISK,SELL,52770.28255923688,10.25087243510065,540941.434878954,270.47071743947697,309554.6075351011,QQQ_MA_QLD_bimonthly_MA200,after_tax
2019-03-01,RISK,BUY,46686.51894718285,10.456337176880792,488169.98372657754,244.08499186328876,0.0,QQQ_MA_QLD_bimonthly_MA200,after_tax
2022-03-01,RISK,SELL,46686.51894718285,32.654064465527455,1524504.5993723776,762.2522996861888,1035328.2783542506,QQQ_MA_QLD_bimonthly_MA200,after_tax
2023-03-01,RISK,BUY,63649.63309681064,20.624769758129208,1312759.02781112,656.37951390556,0.0,QQQ_MA_QLD_bimonthly_MA200,after_tax
2025-05-01,RISK,SELL,63649.63309681064,45.64644299625848,2905379.348886334,1452.689674443167,1590511.2518868651,QQQ_MA_QLD_bimonthly_MA200,after_tax
2025-07-01,RISK,BUY,44217.09338388345,58.337722783542695,2579524.5361230127,1289.7622680615063,0.0,QQQ_MA_QLD_bimonthly_MA200,after_tax
2006-06-21,RISK,BUY,100704.2593271069,0.9925104027909014,99950.02498750626,49.97501249375313,0.0,QQQ_MA_QLD_bimonthly_MA225,pre_tax
2006-07-03,RISK,SELL,100704.2593271069,0.9901980630484073,99717.16252642576,49.85858126321288,-332.6960548374627,QQQ_MA_QLD_bimonthly_MA225,pre_tax
2006-11-01,RISK,BUY,85660.09907603578,1.1629392946316672,99617.49519756378,49.80874759878189,0.0,QQQ_MA_QLD_bimonthly_MA225,pre_tax
2008-03-03,RISK,SELL,85660.09907603578,1.0403559681792183,89116.99530857697,44.55849765428849,-10594.867134239888,QQQ_MA_QLD_bimonthly_MA225,pre_tax
2009-07-01,RISK,BUY,151616.74985867672,0.5871905507305863,89027.92284949793,44.51396142474897,0.0,QQQ_MA_QLD_bimonthly_MA225,pre_tax
2010-07-01,RISK,SELL,151616.74985867672,0.7762022502958725,117685.26242285129,58.84263121142565,28553.982980717177,QQQ_MA_QLD_bimonthly_MA225,pre_tax
2010-11-01,RISK,BUY,102182.72647149971,1.1505627226187236,117567.63597365303,58.78381798682651,0.0,QQQ_MA_QLD_bimonthly_MA225,pre_tax
2011-09-01,RISK,SELL,102182.72647149971,1.2346873260889206,126163.71731957154,63.08185865978577,8474.2156692719,QQQ_MA_QLD_bimonthly_MA225,pre_tax
2011-11-01,RISK,BUY,98195.06286078395,1.2835433165440844,126037.61665258546,63.018808326292735,0.0,QQQ_MA_QLD_bimonthly_MA225,pre_tax
2012-01-03,RISK,SELL,98195.06286078395,1.290871759931478,126757.2336116823,63.37861680584115,593.2195339647151,QQQ_MA_QLD_bimonthly_MA225,pre_tax
2012-03-01,RISK,BUY,76218.46365053869,1.6614155371277806,126630.53972501395,63.31526986250697,0.0,QQQ_MA_QLD_bimonthly_MA225,pre_tax
2015-09-01,RISK,SELL,76218.46365053869,4.004880768822511,305245.85930324,152.62292965162,178399.38137871193,QQQ_MA_QLD_bimonthly_MA225,pre_tax
2015-11-02,RISK,BUY,61274.92615722031,4.976599485541127,304940.7659905931,152.47038299529657,0.0,QQQ_MA_QLD_bimonthly_MA225,pre_tax
2016-03-01,RISK,SELL,61274.92615722031,4.061998270463953,248898.6440734353,124.44932203671766,-56319.04162218986,QQQ_MA_QLD_bimonthly_MA225,pre_tax
2016-07-01,RISK,BUY,56802.05737968782,4.377479994332151,248649.86981649036,124.32493490824518,0.0,QQQ_MA_QLD_bimonthly_MA225,pre_tax
2018-11-01,RISK,SELL,56802.05737968782,10.25087243510065,582270.6442504474,291.1353221252237,333205.3141769235,QQQ_MA_QLD_bimonthly_MA225,pre_tax
2019-03-01,RISK,BUY,55630.25127787113,10.456337176880792,581688.6645960241,290.84433229801203,0.0,QQQ_MA_QLD_bimonthly_MA225,pre_tax
2022-03-01,RISK,SELL,55630.25127787113,32.654064465527455,1816553.811461095,908.2769057305475,1233666.0256270422,QQQ_MA_QLD_bimonthly_MA225,pre_tax
2023-03-01,RISK,BUY,87988.28722717513,20.624769758129208,1814738.165472628,907.3690827363141,0.0,QQQ_MA_QLD_bimonthly_MA225,pre_tax
2025-05-01,RISK,SELL,87988.28722717513,45.64644299625848,4016352.3372536674,2008.1761686268337,2198698.6265296764,QQQ_MA_QLD_bimonthly_MA225,pre_tax
2025-07-01,RISK,BUY,68777.76163763617,58.337722783542695,4012337.9920889963,2006.1689960444983,0.0,QQQ_MA_QLD_bimonthly_MA225,pre_tax
2006-06-21,RISK,BUY,100704.2593271069,0.9925104027909014,99950.02498750626,49.97501249375313,0.0,QQQ_MA_QLD_bimonthly_MA225,after_tax
2006-07-03,RISK,SELL,100704.2593271069,0.9901980630484073,99717.16252642576,49.85858126321288,-332.6960548374627,QQQ_MA_QLD_bimonthly_MA225,after_tax
2006-11-01,RISK,BUY,85660.09907603578,1.1629392946316672,99617.49519756378,49.80874759878189,0.0,QQQ_MA_QLD_bimonthly_MA225,after_tax
2008-03-03,RISK,SELL,85660.09907603578,1.0403559681792183,89116.99530857697,44.55849765428849,-10594.867134239888,QQQ_MA_QLD_bimonthly_MA225,after_tax
2009-07-01,RISK,BUY,151616.74985867672,0.5871905507305863,89027.92284949793,44.51396142474897,0.0,QQQ_MA_QLD_bimonthly_MA225,after_tax
2010-07-01,RISK,SELL,151616.74985867672,0.7762022502958725,117685.26242285129,58.84263121142565,28553.982980717177,QQQ_MA_QLD_bimonthly_MA225,after_tax
2010-11-01,RISK,BUY,99072.05931578852,1.1505627226187236,113988.61830181732,56.99430915090866,0.0,QQQ_MA_QLD_bimonthly_MA225,after_tax
2011-09-01,RISK,SELL,99072.05931578852,1.2346873260889206,122323.01600673386,61.16150800336693,8216.24188776227,QQQ_MA_QLD_bimonthly_MA225,after_tax
2011-11-01,RISK,BUY,93906.03119994265,1.2835433165440844,120532.45872986666,60.26622936493333,0.0,QQQ_MA_QLD_bimonthly_MA225,after_tax
2012-01-03,RISK,SELL,93906.03119994265,1.290871759931478,121220.64376325025,60.610321881625126,567.3084821370285,QQQ_MA_QLD_bimonthly_MA225,after_tax
2012-03-01,RISK,BUY,72820.00792293604,1.6614155371277806,120984.29257693402,60.49214628846701,0.0,QQQ_MA_QLD_bimonthly_MA225,after_tax
2015-09-01,RISK,SELL,72820.00792293604,4.004880768822511,291635.4493160695,145.81772465803473,170444.84686818894,QQQ_MA_QLD_bimonthly_MA225,after_tax
2015-11-02,RISK,BUY,51588.51822402505,4.976599485541127,256735.3932535121,128.36769662675604,0.0,QQQ_MA_QLD_bimonthly_MA225,after_tax
2016-03-01,RISK,SELL,51588.51822402505,4.061998270463953,209552.47180178785,104.77623590089392,-47416.06538425191,QQQ_MA_QLD_bimonthly_MA225,after_tax
2016-07-01,RISK,BUY,47822.72547788043,4.377479994332151,209343.02405386002,104.67151202693002,0.0,QQQ_MA_QLD_bimonthly_MA225,after_tax
2018-11-01,RISK,SELL,47822.72547788043,10.25087243510065,490224.65837259,245.11232918629503,280531.85047751677,QQQ_MA_QLD_bimonthly_MA225,after_tax
2019-03-01,RISK,BUY,42309.354258672276,10.456337176880792,442400.8738647746,221.2004369323873,0.0,QQQ_MA_QLD_bimonthly_MA225,after_tax
2022-03-01,RISK,SELL,42309.354258672276,32.654064465527455,1381572.381457523,690.7861907287615,938259.5209650873,QQQ_MA_QLD_bimonthly_MA225,after_tax
2023-03-01,RISK,BUY,57682.06616933843,20.624769758129208,1189679.3339157791,594.8396669578896,0.0,QQQ_MA_QLD_bimonthly_MA225,after_tax
2025-05-01,RISK,SELL,57682.06616933843,45.64644299625848,2632981.145305116,1316.490572652558,1441390.4811497263,QQQ_MA_QLD_bimonthly_MA225,after_tax
2025-07-01,RISK,BUY,40071.45339715688,58.337722783542695,2337677.3398169884,1168.8386699084942,0.0,QQQ_MA_QLD_bimonthly_MA225,after_tax
2006-06-21,RISK,BUY,100704.2593271069,0.9925104027909014,99950.02498750626,49.97501249375313,0.0,QQQ_MA_QLD_bimonthly_MA250,pre_tax
2006-07-03,RISK,SELL,100704.2593271069,0.9901980630484073,99717.16252642576,49.85858126321288,-332.6960548374627,QQQ_MA_QLD_bimonthly_MA250,pre_tax
2006-11-01,RISK,BUY,85660.09907603578,1.1629392946316672,99617.49519756378,49.80874759878189,0.0,QQQ_MA_QLD_bimonthly_MA250,pre_tax
2008-03-03,RISK,SELL,85660.09907603578,1.0403559681792183,89116.99530857697,44.55849765428849,-10594.867134239888,QQQ_MA_QLD_bimonthly_MA250,pre_tax
2009-07-01,RISK,BUY,151616.74985867672,0.5871905507305863,89027.92284949793,44.51396142474897,0.0,QQQ_MA_QLD_bimonthly_MA250,pre_tax
2010-07-01,RISK,SELL,151616.74985867672,0.7762022502958725,117685.26242285129,58.84263121142565,28553.982980717177,QQQ_MA_QLD_bimonthly_MA250,pre_tax
2010-11-01,RISK,BUY,102182.72647149971,1.1505627226187236,117567.63597365303,58.78381798682651,0.0,QQQ_MA_QLD_bimonthly_MA250,pre_tax
2012-01-03,RISK,SELL,102182.72647149971,1.290871759931478,131904.79595486168,65.95239797743083,14212.423765244384,QQQ_MA_QLD_bimonthly_MA250,pre_tax
2012-03-01,RISK,BUY,79313.66604777954,1.6614155371277806,131772.95707834506,65.88647853917253,0.0,QQQ_MA_QLD_bimonthly_MA250,pre_tax
2015-09-01,RISK,SELL,79313.66604777954,4.004880768822511,317641.77585956326,158.82088792978163,185644.11141474926,QQQ_MA_QLD_bimonthly_MA250,pre_tax
2015-11-02,RISK,BUY,63763.27726335343,4.976599485541127,317324.2928252209,158.66214641261047,0.0,QQQ_MA_QLD_bimonthly_MA250,pre_tax
2016-03-01,RISK,SELL,63763.27726335343,4.061998270463953,259006.32196285512,129.50316098142756,-58606.13616975982,QQQ_MA_QLD_bimonthly_MA250,pre_tax
2016-07-01,RISK,BUY,59108.767010781,4.377479994332151,258747.44507933402,129.373722539667,0.0,QQQ_MA_QLD_bimonthly_MA250,pre_tax
2019-01-02,RISK,SELL,59108.767010781,7.930691094749013,468773.3721539951,234.38668607699756,209662.16666604442,QQQ_MA_QLD_bimonthly_MA250,pre_tax
2019-03-01,RISK,BUY,44786.699695073476,10.456337176880792,468304.83305139246,234.15241652569622,0.0,QQQ_MA_QLD_bimonthly_MA250,pre_tax
2022-03-01,RISK,SELL,44786.699695073476,32.654064465527455,1462467.779041148,731.233889520574,993197.5596837092,QQQ_MA_QLD_bimonthly_MA250,pre_tax
2023-05-01,RISK,BUY,59469.189574996584,24.56744496724792,1461006.0421305622,730.5030210652811,0.0,QQQ_MA_QLD_bimonthly_MA250,pre_tax
2025-05-01,RISK,SELL,59469.189574996584,45.64644299625848,2714556.9719687705,1357.2784859843853,1251463.1483311583,QQQ_MA_QLD_bimonthly_MA250,pre_tax
2025-07-01,RISK,BUY,46485.25246107155,58.337722783542695,2711843.7715969877,1355.9218857984938,0.0,QQQ_MA_QLD_bimonthly_MA250,pre_tax
2006-06-21,RISK,BUY,100704.2593271069,0.9925104027909014,99950.02498750626,49.97501249375313,0.0,QQQ_MA_QLD_bimonthly_MA250,after_tax
2006-07-03,RISK,SELL,100704.2593271069,0.9901980630484073,99717.16252642576,49.85858126321288,-332.6960548374627,QQQ_MA_QLD_bimonthly_MA250,after_tax
2006-11-01,RISK,BUY,85660.09907603578,1.1629392946316672,99617.49519756378,49.80874759878189,0.0,QQQ_MA_QLD_bimonthly_MA250,after_tax
2008-03-03,RISK,SELL,85660.09907603578,1.0403559681792183,89116.99530857697,44.55849765428849,-10594.867134239888,QQQ_MA_QLD_bimonthly_MA250,after_tax
2009-07-01,RISK,BUY,151616.74985867672,0.5871905507305863,89027.92284949793,44.51396142474897,0.0,QQQ_MA_QLD_bimonthly_MA250,after_tax
2010-07-01,RISK,SELL,151616.74985867672,0.7762022502958725,117685.26242285129,58.84263121142565,28553.982980717177,QQQ_MA_QLD_bimonthly_MA250,after_tax
2010-11-01,RISK,BUY,99072.05931578852,1.1505627226187236,113988.61830181732,56.99430915090866,0.0,QQQ_MA_QLD_bimonthly_MA250,after_tax
2012-01-03,RISK,SELL,99072.05931578852,1.290871759931478,127889.32356900771,63.94466178450386,13779.76629625498,QQQ_MA_QLD_bimonthly_MA250,after_tax
2012-03-01,RISK,BUY,75215.10111273282,1.6614155371277806,124963.53761533134,62.481768807665674,0.0,QQQ_MA_QLD_bimonthly_MA250,after_tax
2015-09-01,RISK,SELL,75215.10111273282,4.004880768822511,301227.5119714244,150.6137559857122,176050.8788312997,QQQ_MA_QLD_bimonthly_MA250,after_tax
2015-11-02,RISK,BUY,53285.29514281955,4.976599485541127,265179.5723946629,132.58978619733145,0.0,QQQ_MA_QLD_bimonthly_MA250,after_tax
2016-03-01,RISK,SELL,53285.29514281955,4.061998270463953,216444.77671129428,108.22238835564714,-48975.6078579216,QQQ_MA_QLD_bimonthly_MA250,after_tax
2016-07-01,RISK,BUY,49395.64324288272,4.377479994332151,216228.4401028872,108.1142200514436,0.0,QQQ_MA_QLD_bimonthly_MA250,after_tax
2019-01-02,RISK,SELL,49395.64324288272,7.930691094749013,391741.5879857292,195.8707939928646,175209.1628687977,QQQ_MA_QLD_bimonthly_MA250,after_tax
2019-03-01,RISK,BUY,34975.77641664724,10.456337176880792,365718.511235659,182.85925561782952,0.0,QQQ_MA_QLD_bimonthly_MA250,after_tax
2022-03-01,RISK,SELL,34975.77641664724,32.654064465527455,1142101.257841074,571.050628920537,775628.8367208764,QQQ_MA_QLD_bimonthly_MA250,after_tax
2023-05-01,RISK,BUY,40031.41049491601,24.56744496724792,983469.4742951598,491.7347371475799,0.0,QQQ_MA_QLD_bimonthly_MA250,after_tax
2025-05-01,RISK,SELL,40031.41049491601,45.64644299625848,1827291.497216007,913.6457486080035,842416.6424350915,QQQ_MA_QLD_bimonthly_MA250,after_tax
2025-07-01,RISK,BUY,28359.243809420248,58.337722783542695,1654413.7037048577,827.2068518524289,0.0,QQQ_MA_QLD_bimonthly_MA250,after_tax
2006-06-21,RISK,BUY,100704.2593271069,0.9925104027909014,99950.02498750626,49.97501249375313,0.0,QQQ_MA_QLD_quarterly_MA150,pre_tax
2006-07-03,RISK,SELL,100704.2593271069,0.9901980630484073,99717.16252642576,49.85858126321288,-332.6960548374627,QQQ_MA_QLD_quarterly_MA150,pre_tax
2006-10-02,RISK,BUY,94441.53278488516,1.0548059975314907,99617.49519756378,49.80874759878189,0.0,QQQ_MA_QLD_quarterly_MA150,pre_tax
2008-04-01,RISK,SELL,94441.53278488516,1.105673796684275,104421.5281189464,52.2107640594732,4702.013409724357,QQQ_MA_QLD_quarterly_MA150,pre_tax
2009-07-01,RISK,BUY,177654.6959853272,0.5871905507305863,104317.15877549918,52.15857938774959,0.0,QQQ_MA_QLD_quarterly_MA150,pre_tax
2010-07-01,RISK,SELL,177654.6959853272,0.7762022502958725,137895.9747994401,68.94798739972005,33457.70945715344,QQQ_MA_QLD_quarterly_MA150,pre_tax
2010-10-01,RISK,BUY,133911.13499826007,1.0287281019607608,137758.14773817128,68.87907386908564,0.0,QQQ_MA_QLD_quarterly_MA150,pre_tax
2011-10-03,RISK,SELL,133911.13499826007,1.0937673872989817,146467.63225728815,73.23381612864408,8567.371629119152,QQQ_MA_QLD_quarterly_MA150,pre_tax
2012-01-03,RISK,BUY,113350.71566676414,1.290871759931478,146321.2378222484,73.1606189111242,0.0,QQQ_MA_QLD_quarterly_MA150,pre_tax
2015-10-01,RISK,SELL,113350.71566676414,4.0128714863326636,454861.85485455894,227.43092742727947,308240.0254859722,QQQ_MA_QLD_quarterly_MA150,pre_tax
2016-01-04,RISK,BUY,98702.57472596348,4.603803108263218,454407.2203169732,227.2036101584866,0.0,QQQ_MA_QLD_quarterly_MA150,pre_tax
2019-01-02,RISK,SELL,98702.57472596348,7.930691094749013,782779.6304079975,391.38981520399875,327753.8166656619,QQQ_MA_QLD_quarterly_MA150,pre_tax
2019-04-01,RISK,BUY,69203.22630921389,11.300011338744342,781997.2419718077,390.99862098590387,0.0,QQQ_MA_QLD_quarterly_MA150,pre_tax
2020-04-01,RISK,SELL,69203.22630921389,10.422928032946222,721300.2474686269,360.65012373431347,-61448.64324790088,QQQ_MA_QLD_quarterly_MA150,pre_tax
2020-07-01,RISK,BUY,39423.79789126156,18.277775004796442,720579.3076910472,360.2896538455236,0.0,QQQ_MA_QLD_quarterly_MA150,pre_tax
2022-04-01,RISK,SELL,39423.79789126156,35.6666172610934,1406113.5103663271,703.0567551831635,684470.8562662511,QQQ_MA_QLD_quarterly_MA150,pre_tax
2023-04-03,RISK,BUY,58007.9681748377,24.215778344925518,1404708.0995613632,702.3540497806816,0.0,QQQ_MA_QLD_quarterly_MA150,pre_tax
2025-04-01,RISK,SELL,58007.9681748377,44.0057077774389,2552681.6962648835,1276.3408481324418,1145994.9018056071,QQQ_MA_QLD_quarterly_MA150,pre_tax
2025-07-01,RISK,BUY,43713.22994100512,58.337722783542695,2550130.290271615,1275.0651451358076,0.0,QQQ_MA_QLD_quarterly_MA150,pre_tax
2026-04-01,RISK,SELL,43713.22994100512,61.85860985691658,2704039.6365063204,1352.0198182531603,151282.2612713161,QQQ_MA_QLD_quarterly_MA150,pre_tax
2026-07-01,RISK,BUY,28456.093326976188,94.93000030517578,2701336.94821396,1350.66847410698,0.0,QQQ_MA_QLD_quarterly_MA150,pre_tax
2006-06-21,RISK,BUY,100704.2593271069,0.9925104027909014,99950.02498750626,49.97501249375313,0.0,QQQ_MA_QLD_quarterly_MA150,after_tax
2006-07-03,RISK,SELL,100704.2593271069,0.9901980630484073,99717.16252642576,49.85858126321288,-332.6960548374627,QQQ_MA_QLD_quarterly_MA150,after_tax
2006-10-02,RISK,BUY,94441.53278488516,1.0548059975314907,99617.49519756378,49.80874759878189,0.0,QQQ_MA_QLD_quarterly_MA150,after_tax
2008-04-01,RISK,SELL,94441.53278488516,1.105673796684275,104421.5281189464,52.2107640594732,4702.013409724357,QQQ_MA_QLD_quarterly_MA150,after_tax
2009-07-01,RISK,BUY,176143.80105023857,0.5871905507305863,103429.97554646843,51.71498777323421,0.0,QQQ_MA_QLD_quarterly_MA150,after_tax
2010-07-01,RISK,SELL,176143.80105023857,0.7762022502958725,136723.21475086367,68.36160737543183,33173.162609246574,QQQ_MA_QLD_quarterly_MA150,after_tax
2010-10-01,RISK,BUY,126224.60639700982,1.0287281019607608,129850.79975954002,64.92539987977001,0.0,QQQ_MA_QLD_quarterly_MA150,after_tax
2011-10-03,RISK,SELL,126224.60639700982,1.0937673872989817,138060.35795169976,69.03017897584988,8075.6026133041305,QQQ_MA_QLD_quarterly_MA150,after_tax
2012-01-03,RISK,BUY,105574.10272510057,1.290871759931478,136282.62778793724,68.14131389396861,0.0,QQQ_MA_QLD_quarterly_MA150,after_tax
2015-10-01,RISK,SELL,105574.10272510057,4.0128714863326636,423655.30652071163,211.82765326035582,287092.70976562006,QQQ_MA_QLD_quarterly_MA150,after_tax
2016-01-04,RISK,BUY,79268.83866094143,4.603803108263218,364938.1258156577,182.46906290782886,0.0,QQQ_MA_QLD_quarterly_MA150,after_tax
2019-01-02,RISK,SELL,79268.83866094143,7.930691094749013,628656.6728594245,314.32833642971224,263221.74964442925,QQQ_MA_QLD_quarterly_MA150,after_tax
2019-04-01,RISK,BUY,50847.87422602038,11.300011338744342,574581.5553050765,287.2907776525383,0.0,QQQ_MA_QLD_quarterly_MA150,after_tax
2020-04-01,RISK,SELL,50847.87422602038,10.422928032946222,529983.7336861115,264.9918668430558,-45150.10426346061,QQQ_MA_QLD_quarterly_MA150,after_tax
2020-07-01,RISK,BUY,28967.09335096441,18.277775004796442,529454.0148118625,264.72700740593126,0.0,QQQ_MA_QLD_quarterly_MA150,after_tax
2022-04-01,RISK,SELL,28967.09335096441,35.6666172610934,1033158.2317152111,516.5791158576055,502922.910780085,QQQ_MA_QLD_quarterly_MA150,after_tax
2023-04-03,RISK,BUY,38783.61892062454,24.215778344925518,939175.5191959033,469.5877595979517,0.0,QQQ_MA_QLD_quarterly_MA150,after_tax
2025-04-01,RISK,SELL,38783.61892062454,44.0057077774389,1706700.6007725538,853.3503003862769,766202.1435166663,QQQ_MA_QLD_quarterly_MA150,after_tax
2025-07-01,RISK,BUY,26559.46275924897,58.337722783542695,1549418.5757288923,774.7092878644462,0.0,QQQ_MA_QLD_quarterly_MA150,after_tax
2026-04-01,RISK,SELL,26559.46275924897,61.85860985691658,1642931.4448336873,821.4657224168436,91916.69409451378,QQQ_MA_QLD_quarterly_MA150,after_tax
2026-07-01,RISK,BUY,17092.86616027321,94.93000030517578,1622625.7898110645,811.3128949055323,0.0,QQQ_MA_QLD_quarterly_MA150,after_tax
2006-06-21,RISK,BUY,100704.2593271069,0.9925104027909014,99950.02498750626,49.97501249375313,0.0,QQQ_MA_QLD_quarterly_MA175,pre_tax
2006-07-03,RISK,SELL,100704.2593271069,0.9901980630484073,99717.16252642576,49.85858126321288,-332.6960548374627,QQQ_MA_QLD_quarterly_MA175,pre_tax
2006-10-02,RISK,BUY,94441.53278488516,1.0548059975314907,99617.49519756378,49.80874759878189,0.0,QQQ_MA_QLD_quarterly_MA175,pre_tax
2008-04-01,RISK,SELL,94441.53278488516,1.105673796684275,104421.5281189464,52.2107640594732,4702.013409724357,QQQ_MA_QLD_quarterly_MA175,pre_tax
2009-07-01,RISK,BUY,177654.6959853272,0.5871905507305863,104317.15877549918,52.15857938774959,0.0,QQQ_MA_QLD_quarterly_MA175,pre_tax
2010-07-01,RISK,SELL,177654.6959853272,0.7762022502958725,137895.9747994401,68.94798739972005,33457.70945715344,QQQ_MA_QLD_quarterly_MA175,pre_tax
2010-10-01,RISK,BUY,133911.13499826007,1.0287281019607608,137758.14773817128,68.87907386908564,0.0,QQQ_MA_QLD_quarterly_MA175,pre_tax
2011-10-03,RISK,SELL,133911.13499826007,1.0937673872989817,146467.63225728815,73.23381612864408,8567.371629119152,QQQ_MA_QLD_quarterly_MA175,pre_tax
2012-01-03,RISK,BUY,113350.71566676414,1.290871759931478,146321.2378222484,73.1606189111242,0.0,QQQ_MA_QLD_quarterly_MA175,pre_tax
2015-10-01,RISK,SELL,113350.71566676414,4.0128714863326636,454861.85485455894,227.43092742727947,308240.0254859722,QQQ_MA_QLD_quarterly_MA175,pre_tax
2016-01-04,RISK,BUY,98702.57472596348,4.603803108263218,454407.2203169732,227.2036101584866,0.0,QQQ_MA_QLD_quarterly_MA175,pre_tax
2019-01-02,RISK,SELL,98702.57472596348,7.930691094749013,782779.6304079975,391.38981520399875,327753.8166656619,QQQ_MA_QLD_quarterly_MA175,pre_tax
2019-04-01,RISK,BUY,69203.22630921389,11.300011338744342,781997.2419718077,390.99862098590387,0.0,QQQ_MA_QLD_quarterly_MA175,pre_tax
2020-04-01,RISK,SELL,69203.22630921389,10.422928032946222,721300.2474686269,360.65012373431347,-61448.64324790088,QQQ_MA_QLD_quarterly_MA175,pre_tax
2020-07-01,RISK,BUY,39423.79789126156,18.277775004796442,720579.3076910472,360.2896538455236,0.0,QQQ_MA_QLD_quarterly_MA175,pre_tax
2022-04-01,RISK,SELL,39423.79789126156,35.6666172610934,1406113.5103663271,703.0567551831635,684470.8562662511,QQQ_MA_QLD_quarterly_MA175,pre_tax
2023-04-03,RISK,BUY,58007.9681748377,24.215778344925518,1404708.0995613632,702.3540497806816,0.0,QQQ_MA_QLD_quarterly_MA175,pre_tax
2025-04-01,RISK,SELL,58007.9681748377,44.0057077774389,2552681.6962648835,1276.3408481324418,1145994.9018056071,QQQ_MA_QLD_quarterly_MA175,pre_tax
2025-07-01,RISK,BUY,43713.22994100512,58.337722783542695,2550130.290271615,1275.0651451358076,0.0,QQQ_MA_QLD_quarterly_MA175,pre_tax
2026-04-01,RISK,SELL,43713.22994100512,61.85860985691658,2704039.6365063204,1352.0198182531603,151282.2612713161,QQQ_MA_QLD_quarterly_MA175,pre_tax
2026-07-01,RISK,BUY,28456.093326976188,94.93000030517578,2701336.94821396,1350.66847410698,0.0,QQQ_MA_QLD_quarterly_MA175,pre_tax
2006-06-21,RISK,BUY,100704.2593271069,0.9925104027909014,99950.02498750626,49.97501249375313,0.0,QQQ_MA_QLD_quarterly_MA175,after_tax
2006-07-03,RISK,SELL,100704.2593271069,0.9901980630484073,99717.16252642576,49.85858126321288,-332.6960548374627,QQQ_MA_QLD_quarterly_MA175,after_tax
2006-10-02,RISK,BUY,94441.53278488516,1.0548059975314907,99617.49519756378,49.80874759878189,0.0,QQQ_MA_QLD_quarterly_MA175,after_tax
2008-04-01,RISK,SELL,94441.53278488516,1.105673796684275,104421.5281189464,52.2107640594732,4702.013409724357,QQQ_MA_QLD_quarterly_MA175,after_tax
2009-07-01,RISK,BUY,176143.80105023857,0.5871905507305863,103429.97554646843,51.71498777323421,0.0,QQQ_MA_QLD_quarterly_MA175,after_tax
2010-07-01,RISK,SELL,176143.80105023857,0.7762022502958725,136723.21475086367,68.36160737543183,33173.162609246574,QQQ_MA_QLD_quarterly_MA175,after_tax
2010-10-01,RISK,BUY,126224.60639700982,1.0287281019607608,129850.79975954002,64.92539987977001,0.0,QQQ_MA_QLD_quarterly_MA175,after_tax
2011-10-03,RISK,SELL,126224.60639700982,1.0937673872989817,138060.35795169976,69.03017897584988,8075.6026133041305,QQQ_MA_QLD_quarterly_MA175,after_tax
2012-01-03,RISK,BUY,105574.10272510057,1.290871759931478,136282.62778793724,68.14131389396861,0.0,QQQ_MA_QLD_quarterly_MA175,after_tax
2015-10-01,RISK,SELL,105574.10272510057,4.0128714863326636,423655.30652071163,211.82765326035582,287092.70976562006,QQQ_MA_QLD_quarterly_MA175,after_tax
2016-01-04,RISK,BUY,79268.83866094143,4.603803108263218,364938.1258156577,182.46906290782886,0.0,QQQ_MA_QLD_quarterly_MA175,after_tax
2019-01-02,RISK,SELL,79268.83866094143,7.930691094749013,628656.6728594245,314.32833642971224,263221.74964442925,QQQ_MA_QLD_quarterly_MA175,after_tax
2019-04-01,RISK,BUY,50847.87422602038,11.300011338744342,574581.5553050765,287.2907776525383,0.0,QQQ_MA_QLD_quarterly_MA175,after_tax
2020-04-01,RISK,SELL,50847.87422602038,10.422928032946222,529983.7336861115,264.9918668430558,-45150.10426346061,QQQ_MA_QLD_quarterly_MA175,after_tax
2020-07-01,RISK,BUY,28967.09335096441,18.277775004796442,529454.0148118625,264.72700740593126,0.0,QQQ_MA_QLD_quarterly_MA175,after_tax
2022-04-01,RISK,SELL,28967.09335096441,35.6666172610934,1033158.2317152111,516.5791158576055,502922.910780085,QQQ_MA_QLD_quarterly_MA175,after_tax
2023-04-03,RISK,BUY,38783.61892062454,24.215778344925518,939175.5191959033,469.5877595979517,0.0,QQQ_MA_QLD_quarterly_MA175,after_tax
2025-04-01,RISK,SELL,38783.61892062454,44.0057077774389,1706700.6007725538,853.3503003862769,766202.1435166663,QQQ_MA_QLD_quarterly_MA175,after_tax
2025-07-01,RISK,BUY,26559.46275924897,58.337722783542695,1549418.5757288923,774.7092878644462,0.0,QQQ_MA_QLD_quarterly_MA175,after_tax
2026-04-01,RISK,SELL,26559.46275924897,61.85860985691658,1642931.4448336873,821.4657224168436,91916.69409451378,QQQ_MA_QLD_quarterly_MA175,after_tax
2026-07-01,RISK,BUY,17092.86616027321,94.93000030517578,1622625.7898110645,811.3128949055323,0.0,QQQ_MA_QLD_quarterly_MA175,after_tax
2006-06-21,RISK,BUY,100704.2593271069,0.9925104027909014,99950.02498750626,49.97501249375313,0.0,QQQ_MA_QLD_quarterly_MA200,pre_tax
2006-07-03,RISK,SELL,100704.2593271069,0.9901980630484073,99717.16252642576,49.85858126321288,-332.6960548374627,QQQ_MA_QLD_quarterly_MA200,pre_tax
2006-10-02,RISK,BUY,94441.53278488516,1.0548059975314907,99617.49519756378,49.80874759878189,0.0,QQQ_MA_QLD_quarterly_MA200,pre_tax
2008-04-01,RISK,SELL,94441.53278488516,1.105673796684275,104421.5281189464,52.2107640594732,4702.013409724357,QQQ_MA_QLD_quarterly_MA200,pre_tax
2009-07-01,RISK,BUY,177654.6959853272,0.5871905507305863,104317.15877549918,52.15857938774959,0.0,QQQ_MA_QLD_quarterly_MA200,pre_tax
2010-07-01,RISK,SELL,177654.6959853272,0.7762022502958725,137895.9747994401,68.94798739972005,33457.70945715344,QQQ_MA_QLD_quarterly_MA200,pre_tax
2010-10-01,RISK,BUY,133911.13499826007,1.0287281019607608,137758.14773817128,68.87907386908564,0.0,QQQ_MA_QLD_quarterly_MA200,pre_tax
2011-10-03,RISK,SELL,133911.13499826007,1.0937673872989817,146467.63225728815,73.23381612864408,8567.371629119152,QQQ_MA_QLD_quarterly_MA200,pre_tax
2012-04-02,RISK,BUY,80753.31601547326,1.8119533047313074,146321.2378222484,73.1606189111242,0.0,QQQ_MA_QLD_quarterly_MA200,pre_tax
2015-10-01,RISK,SELL,80753.31601547326,4.0128714863326636,324052.6792653035,162.02633963265174,177496.25448451133,QQQ_MA_QLD_quarterly_MA200,pre_tax
2016-01-04,RISK,BUY,70317.68755495967,4.603803108263218,323728.78853140515,161.86439426570257,0.0,QQQ_MA_QLD_quarterly_MA200,pre_tax
2019-01-02,RISK,SELL,70317.68755495967,7.930691094749013,557667.8584954621,278.8339292477311,233498.37164054357,QQQ_MA_QLD_quarterly_MA200,pre_tax
2019-04-01,RISK,BUY,49301.761974466724,11.300011338744342,557110.4693315487,278.5552346657743,0.0,QQQ_MA_QLD_quarterly_MA200,pre_tax
2020-04-01,RISK,SELL,49301.761974466724,10.422928032946222,513868.7169573113,256.93435847865567,-43777.241967381735,QQQ_MA_QLD_quarterly_MA200,pre_tax
2020-07-01,RISK,BUY,28086.301801592108,18.277775004796442,513355.10504630953,256.67755252315476,0.0,QQQ_MA_QLD_quarterly_MA200,pre_tax
2022-04-01,RISK,SELL,28086.301801592108,35.6666172610934,1001743.3766369438,500.8716883184719,487630.72234979266,QQQ_MA_QLD_quarterly_MA200,pre_tax
2023-04-03,RISK,BUY,41326.03625732281,24.215778344925518,1000742.1338816845,500.37106694084224,0.0,QQQ_MA_QLD_quarterly_MA200,pre_tax
2025-04-01,RISK,SELL,41326.03625732281,44.0057077774389,1818581.4751395925,909.2907375697963,816429.6794533974,QQQ_MA_QLD_quarterly_MA200,pre_tax
2025-07-01,RISK,BUY,31142.178950688984,58.337722783542695,1816763.8025007725,908.3819012503862,0.0,QQQ_MA_QLD_quarterly_MA200,pre_tax
2026-04-01,RISK,SELL,31142.178950688984,61.85860985691658,1926411.8978049497,963.2059489024748,107776.50745402416,QQQ_MA_QLD_quarterly_MA200,pre_tax
2026-07-01,RISK,BUY,20272.689797166306,94.93000030517578,1924486.4486317313,962.2432243158656,0.0,QQQ_MA_QLD_quarterly_MA200,pre_tax
2006-06-21,RISK,BUY,100704.2593271069,0.9925104027909014,99950.02498750626,49.97501249375313,0.0,QQQ_MA_QLD_quarterly_MA200,after_tax
2006-07-03,RISK,SELL,100704.2593271069,0.9901980630484073,99717.16252642576,49.85858126321288,-332.6960548374627,QQQ_MA_QLD_quarterly_MA200,after_tax
2006-10-02,RISK,BUY,94441.53278488516,1.0548059975314907,99617.49519756378,49.80874759878189,0.0,QQQ_MA_QLD_quarterly_MA200,after_tax
2008-04-01,RISK,SELL,94441.53278488516,1.105673796684275,104421.5281189464,52.2107640594732,4702.013409724357,QQQ_MA_QLD_quarterly_MA200,after_tax
2009-07-01,RISK,BUY,176143.80105023857,0.5871905507305863,103429.97554646843,51.71498777323421,0.0,QQQ_MA_QLD_quarterly_MA200,after_tax
2010-07-01,RISK,SELL,176143.80105023857,0.7762022502958725,136723.21475086367,68.36160737543183,33173.162609246574,QQQ_MA_QLD_quarterly_MA200,after_tax
2010-10-01,RISK,BUY,126224.60639700982,1.0287281019607608,129850.79975954002,64.92539987977001,0.0,QQQ_MA_QLD_quarterly_MA200,after_tax
2011-10-03,RISK,SELL,126224.60639700982,1.0937673872989817,138060.35795169976,69.03017897584988,8075.6026133041305,QQQ_MA_QLD_quarterly_MA200,after_tax
2012-04-02,RISK,BUY,75213.1014811921,1.8119533047313074,136282.62778793724,68.14131389396861,0.0,QQQ_MA_QLD_quarterly_MA200,after_tax
2015-10-01,RISK,SELL,75213.1014811921,4.0128714863326636,301820.5103325208,150.9102551662604,165318.83097552336,QQQ_MA_QLD_quarterly_MA200,after_tax
2016-01-04,RISK,BUY,58202.120662313704,4.603803108263218,267951.1040126707,133.97555200633536,0.0,QQQ_MA_QLD_quarterly_MA200,after_tax
2019-01-02,RISK,SELL,58202.120662313704,7.930691094749013,461583.0400321188,230.7915200160594,193267.16894742573,QQQ_MA_QLD_quarterly_MA200,after_tax
2019-04-01,RISK,BUY,37334.394714467,11.300011338744342,421879.08359863394,210.93954179931697,0.0,QQQ_MA_QLD_quarterly_MA200,after_tax
2020-04-01,RISK,SELL,37334.394714467,10.422928032946222,389133.7092624974,194.5668546312487,-33150.88073256711,QQQ_MA_QLD_quarterly_MA200,after_tax
2020-07-01,RISK,BUY,21268.714048665144,18.277775004796442,388744.77002285473,194.37238501142738,0.0,QQQ_MA_QLD_quarterly_MA200,after_tax
2022-04-01,RISK,SELL,21268.714048665144,35.6666172610934,758583.08360938,379.29154180469,369264.64965970913,QQQ_MA_QLD_quarterly_MA200,after_tax
2023-04-03,RISK,BUY,28476.371122258268,24.215778344925518,689577.4911644441,344.7887455822221,0.0,QQQ_MA_QLD_quarterly_MA200,after_tax
2025-04-01,RISK,SELL,28476.371122258268,44.0057077774389,1253122.8661679972,626.5614330839986,562574.0248248868,QQQ_MA_QLD_quarterly_MA200,after_tax
2025-07-01,RISK,BUY,19500.942392407156,58.337722783542695,1137640.5713060845,568.8202856530422,0.0,QQQ_MA_QLD_quarterly_MA200,after_tax
2026-04-01,RISK,SELL,19500.942392407156,61.85860985691658,1206301.1872941197,603.1505936470598,67488.64510873519,QQQ_MA_QLD_quarterly_MA200,after_tax
2026-07-01,RISK,BUY,12550.216144584363,94.93000030517578,1191392.0224354155,595.6960112177078,0.0,QQQ_MA_QLD_quarterly_MA200,after_tax
2006-06-21,RISK,BUY,100704.2593271069,0.9925104027909014,99950.02498750626,49.97501249375313,0.0,QQQ_MA_QLD_quarterly_MA225,pre_tax
2006-07-03,RISK,SELL,100704.2593271069,0.9901980630484073,99717.16252642576,49.85858126321288,-332.6960548374627,QQQ_MA_QLD_quarterly_MA225,pre_tax
2006-10-02,RISK,BUY,94441.53278488516,1.0548059975314907,99617.49519756378,49.80874759878189,0.0,QQQ_MA_QLD_quarterly_MA225,pre_tax
2008-04-01,RISK,SELL,94441.53278488516,1.105673796684275,104421.5281189464,52.2107640594732,4702.013409724357,QQQ_MA_QLD_quarterly_MA225,pre_tax
2009-07-01,RISK,BUY,177654.6959853272,0.5871905507305863,104317.15877549918,52.15857938774959,0.0,QQQ_MA_QLD_quarterly_MA225,pre_tax
2010-07-01,RISK,SELL,177654.6959853272,0.7762022502958725,137895.9747994401,68.94798739972005,33457.70945715344,QQQ_MA_QLD_quarterly_MA225,pre_tax
2010-10-01,RISK,BUY,133911.13499826007,1.0287281019607608,137758.14773817128,68.87907386908564,0.0,QQQ_MA_QLD_quarterly_MA225,pre_tax
2011-10-03,RISK,SELL,133911.13499826007,1.0937673872989817,146467.63225728815,73.23381612864408,8567.371629119152,QQQ_MA_QLD_quarterly_MA225,pre_tax
2012-04-02,RISK,BUY,80753.31601547326,1.8119533047313074,146321.2378222484,73.1606189111242,0.0,QQQ_MA_QLD_quarterly_MA225,pre_tax
2015-10-01,RISK,SELL,80753.31601547326,4.0128714863326636,324052.6792653035,162.02633963265174,177496.25448451133,QQQ_MA_QLD_quarterly_MA225,pre_tax
2016-01-04,RISK,BUY,70317.68755495967,4.603803108263218,323728.78853140515,161.86439426570257,0.0,QQQ_MA_QLD_quarterly_MA225,pre_tax
2019-01-02,RISK,SELL,70317.68755495967,7.930691094749013,557667.8584954621,278.8339292477311,233498.37164054357,QQQ_MA_QLD_quarterly_MA225,pre_tax
2019-04-01,RISK,BUY,49301.761974466724,11.300011338744342,557110.4693315487,278.5552346657743,0.0,QQQ_MA_QLD_quarterly_MA225,pre_tax
2020-04-01,RISK,SELL,49301.761974466724,10.422928032946222,513868.7169573113,256.93435847865567,-43777.241967381735,QQQ_MA_QLD_quarterly_MA225,pre_tax
2020-07-01,RISK,BUY,28086.301801592108,18.277775004796442,513355.10504630953,256.67755252315476,0.0,QQQ_MA_QLD_quarterly_MA225,pre_tax
2022-04-01,RISK,SELL,28086.301801592108,35.6666172610934,1001743.3766369438,500.8716883184719,487630.72234979266,QQQ_MA_QLD_quarterly_MA225,pre_tax
2023-04-03,RISK,BUY,41326.03625732281,24.215778344925518,1000742.1338816845,500.37106694084224,0.0,QQQ_MA_QLD_quarterly_MA225,pre_tax
2025-04-01,RISK,SELL,41326.03625732281,44.0057077774389,1818581.4751395925,909.2907375697963,816429.6794533974,QQQ_MA_QLD_quarterly_MA225,pre_tax
2025-07-01,RISK,BUY,31142.178950688984,58.337722783542695,1816763.8025007725,908.3819012503862,0.0,QQQ_MA_QLD_quarterly_MA225,pre_tax
2026-04-01,RISK,SELL,31142.178950688984,61.85860985691658,1926411.8978049497,963.2059489024748,107776.50745402416,QQQ_MA_QLD_quarterly_MA225,pre_tax
2026-07-01,RISK,BUY,20272.689797166306,94.93000030517578,1924486.4486317313,962.2432243158656,0.0,QQQ_MA_QLD_quarterly_MA225,pre_tax
2006-06-21,RISK,BUY,100704.2593271069,0.9925104027909014,99950.02498750626,49.97501249375313,0.0,QQQ_MA_QLD_quarterly_MA225,after_tax
2006-07-03,RISK,SELL,100704.2593271069,0.9901980630484073,99717.16252642576,49.85858126321288,-332.6960548374627,QQQ_MA_QLD_quarterly_MA225,after_tax
2006-10-02,RISK,BUY,94441.53278488516,1.0548059975314907,99617.49519756378,49.80874759878189,0.0,QQQ_MA_QLD_quarterly_MA225,after_tax
2008-04-01,RISK,SELL,94441.53278488516,1.105673796684275,104421.5281189464,52.2107640594732,4702.013409724357,QQQ_MA_QLD_quarterly_MA225,after_tax
2009-07-01,RISK,BUY,176143.80105023857,0.5871905507305863,103429.97554646843,51.71498777323421,0.0,QQQ_MA_QLD_quarterly_MA225,after_tax
2010-07-01,RISK,SELL,176143.80105023857,0.7762022502958725,136723.21475086367,68.36160737543183,33173.162609246574,QQQ_MA_QLD_quarterly_MA225,after_tax
2010-10-01,RISK,BUY,126224.60639700982,1.0287281019607608,129850.79975954002,64.92539987977001,0.0,QQQ_MA_QLD_quarterly_MA225,after_tax
2011-10-03,RISK,SELL,126224.60639700982,1.0937673872989817,138060.35795169976,69.03017897584988,8075.6026133041305,QQQ_MA_QLD_quarterly_MA225,after_tax
2012-04-02,RISK,BUY,75213.1014811921,1.8119533047313074,136282.62778793724,68.14131389396861,0.0,QQQ_MA_QLD_quarterly_MA225,after_tax
2015-10-01,RISK,SELL,75213.1014811921,4.0128714863326636,301820.5103325208,150.9102551662604,165318.83097552336,QQQ_MA_QLD_quarterly_MA225,after_tax
2016-01-04,RISK,BUY,58202.120662313704,4.603803108263218,267951.1040126707,133.97555200633536,0.0,QQQ_MA_QLD_quarterly_MA225,after_tax
2019-01-02,RISK,SELL,58202.120662313704,7.930691094749013,461583.0400321188,230.7915200160594,193267.16894742573,QQQ_MA_QLD_quarterly_MA225,after_tax
2019-04-01,RISK,BUY,37334.394714467,11.300011338744342,421879.08359863394,210.93954179931697,0.0,QQQ_MA_QLD_quarterly_MA225,after_tax
2020-04-01,RISK,SELL,37334.394714467,10.422928032946222,389133.7092624974,194.5668546312487,-33150.88073256711,QQQ_MA_QLD_quarterly_MA225,after_tax
2020-07-01,RISK,BUY,21268.714048665144,18.277775004796442,388744.77002285473,194.37238501142738,0.0,QQQ_MA_QLD_quarterly_MA225,after_tax
2022-04-01,RISK,SELL,21268.714048665144,35.6666172610934,758583.08360938,379.29154180469,369264.64965970913,QQQ_MA_QLD_quarterly_MA225,after_tax
2023-04-03,RISK,BUY,28476.371122258268,24.215778344925518,689577.4911644441,344.7887455822221,0.0,QQQ_MA_QLD_quarterly_MA225,after_tax
2025-04-01,RISK,SELL,28476.371122258268,44.0057077774389,1253122.8661679972,626.5614330839986,562574.0248248868,QQQ_MA_QLD_quarterly_MA225,after_tax
2025-07-01,RISK,BUY,19500.942392407156,58.337722783542695,1137640.5713060845,568.8202856530422,0.0,QQQ_MA_QLD_quarterly_MA225,after_tax
2026-04-01,RISK,SELL,19500.942392407156,61.85860985691658,1206301.1872941197,603.1505936470598,67488.64510873519,QQQ_MA_QLD_quarterly_MA225,after_tax
2026-07-01,RISK,BUY,12550.216144584363,94.93000030517578,1191392.0224354155,595.6960112177078,0.0,QQQ_MA_QLD_quarterly_MA225,after_tax
2006-06-21,RISK,BUY,100704.2593271069,0.9925104027909014,99950.02498750626,49.97501249375313,0.0,QQQ_MA_QLD_quarterly_MA250,pre_tax
2006-07-03,RISK,SELL,100704.2593271069,0.9901980630484073,99717.16252642576,49.85858126321288,-332.6960548374627,QQQ_MA_QLD_quarterly_MA250,pre_tax
2006-10-02,RISK,BUY,94441.53278488516,1.0548059975314907,99617.49519756378,49.80874759878189,0.0,QQQ_MA_QLD_quarterly_MA250,pre_tax
2008-04-01,RISK,SELL,94441.53278488516,1.105673796684275,104421.5281189464,52.2107640594732,4702.013409724357,QQQ_MA_QLD_quarterly_MA250,pre_tax
2009-07-01,RISK,BUY,177654.6959853272,0.5871905507305863,104317.15877549918,52.15857938774959,0.0,QQQ_MA_QLD_quarterly_MA250,pre_tax
2010-07-01,RISK,SELL,177654.6959853272,0.7762022502958725,137895.9747994401,68.94798739972005,33457.70945715344,QQQ_MA_QLD_quarterly_MA250,pre_tax
2010-10-01,RISK,BUY,133911.13499826007,1.0287281019607608,137758.14773817128,68.87907386908564,0.0,QQQ_MA_QLD_quarterly_MA250,pre_tax
2011-10-03,RISK,SELL,133911.13499826007,1.0937673872989817,146467.63225728815,73.23381612864408,8567.371629119152,QQQ_MA_QLD_quarterly_MA250,pre_tax
2012-04-02,RISK,BUY,80753.31601547326,1.8119533047313074,146321.2378222484,73.1606189111242,0.0,QQQ_MA_QLD_quarterly_MA250,pre_tax
2015-10-01,RISK,SELL,80753.31601547326,4.0128714863326636,324052.6792653035,162.02633963265174,177496.25448451133,QQQ_MA_QLD_quarterly_MA250,pre_tax
2016-01-04,RISK,BUY,70317.68755495967,4.603803108263218,323728.78853140515,161.86439426570257,0.0,QQQ_MA_QLD_quarterly_MA250,pre_tax
2019-01-02,RISK,SELL,70317.68755495967,7.930691094749013,557667.8584954621,278.8339292477311,233498.37164054357,QQQ_MA_QLD_quarterly_MA250,pre_tax
2019-04-01,RISK,BUY,49301.761974466724,11.300011338744342,557110.4693315487,278.5552346657743,0.0,QQQ_MA_QLD_quarterly_MA250,pre_tax
2020-04-01,RISK,SELL,49301.761974466724,10.422928032946222,513868.7169573113,256.93435847865567,-43777.241967381735,QQQ_MA_QLD_quarterly_MA250,pre_tax
2020-07-01,RISK,BUY,28086.301801592108,18.277775004796442,513355.10504630953,256.67755252315476,0.0,QQQ_MA_QLD_quarterly_MA250,pre_tax
2022-07-01,RISK,SELL,28086.301801592108,20.238405744279785,568421.9717169174,284.2109858584587,54525.97813222621,QQQ_MA_QLD_quarterly_MA250,pre_tax
2023-04-03,RISK,BUY,23449.745274578265,24.215778344925518,567853.8338141518,283.9269169070759,0.0,QQQ_MA_QLD_quarterly_MA250,pre_tax
2025-04-01,RISK,SELL,23449.745274578265,44.0057077774389,1031922.6380084698,515.961319004235,463268.91595840675,QQQ_MA_QLD_quarterly_MA250,pre_tax
2025-07-01,RISK,BUY,17671.091394824674,58.337722783542695,1030891.2310739288,515.4456155369644,0.0,QQQ_MA_QLD_quarterly_MA250,pre_tax
2006-06-21,RISK,BUY,100704.2593271069,0.9925104027909014,99950.02498750626,49.97501249375313,0.0,QQQ_MA_QLD_quarterly_MA250,after_tax
2006-07-03,RISK,SELL,100704.2593271069,0.9901980630484073,99717.16252642576,49.85858126321288,-332.6960548374627,QQQ_MA_QLD_quarterly_MA250,after_tax
2006-10-02,RISK,BUY,94441.53278488516,1.0548059975314907,99617.49519756378,49.80874759878189,0.0,QQQ_MA_QLD_quarterly_MA250,after_tax
2008-04-01,RISK,SELL,94441.53278488516,1.105673796684275,104421.5281189464,52.2107640594732,4702.013409724357,QQQ_MA_QLD_quarterly_MA250,after_tax
2009-07-01,RISK,BUY,176143.80105023857,0.5871905507305863,103429.97554646843,51.71498777323421,0.0,QQQ_MA_QLD_quarterly_MA250,after_tax
2010-07-01,RISK,SELL,176143.80105023857,0.7762022502958725,136723.21475086367,68.36160737543183,33173.162609246574,QQQ_MA_QLD_quarterly_MA250,after_tax
2010-10-01,RISK,BUY,126224.60639700982,1.0287281019607608,129850.79975954002,64.92539987977001,0.0,QQQ_MA_QLD_quarterly_MA250,after_tax
2011-10-03,RISK,SELL,126224.60639700982,1.0937673872989817,138060.35795169976,69.03017897584988,8075.6026133041305,QQQ_MA_QLD_quarterly_MA250,after_tax
2012-04-02,RISK,BUY,75213.1014811921,1.8119533047313074,136282.62778793724,68.14131389396861,0.0,QQQ_MA_QLD_quarterly_MA250,after_tax
2015-10-01,RISK,SELL,75213.1014811921,4.0128714863326636,301820.5103325208,150.9102551662604,165318.83097552336,QQQ_MA_QLD_quarterly_MA250,after_tax
2016-01-04,RISK,BUY,58202.120662313704,4.603803108263218,267951.1040126707,133.97555200633536,0.0,QQQ_MA_QLD_quarterly_MA250,after_tax
2019-01-02,RISK,SELL,58202.120662313704,7.930691094749013,461583.0400321188,230.7915200160594,193267.16894742573,QQQ_MA_QLD_quarterly_MA250,after_tax
2019-04-01,RISK,BUY,37334.394714467,11.300011338744342,421879.08359863394,210.93954179931697,0.0,QQQ_MA_QLD_quarterly_MA250,after_tax
2020-04-01,RISK,SELL,37334.394714467,10.422928032946222,389133.7092624974,194.5668546312487,-33150.88073256711,QQQ_MA_QLD_quarterly_MA250,after_tax
2020-07-01,RISK,BUY,21268.714048665144,18.277775004796442,388744.77002285473,194.37238501142738,0.0,QQQ_MA_QLD_quarterly_MA250,after_tax
2022-07-01,RISK,SELL,21268.714048665144,20.238405744279785,430444.8645759488,215.2224322879744,41290.49973579467,QQQ_MA_QLD_quarterly_MA250,after_tax
2023-04-03,RISK,BUY,17689.37142935661,24.215778344925518,428361.89759435796,214.18094879717898,0.0,QQQ_MA_QLD_quarterly_MA250,after_tax
2025-04-01,RISK,SELL,17689.37142935661,44.0057077774389,778433.3098868437,389.2166549434218,349468.0146887451,QQQ_MA_QLD_quarterly_MA250,after_tax
2025-07-01,RISK,BUY,12113.882478942067,58.337722783542695,706696.3178889373,353.34815894446865,0.0,QQQ_MA_QLD_quarterly_MA250,after_tax
2006-07-03,RISK,BUY,26561.98909254052,3.7628968462898555,99950.02498750626,49.97501249375313,0.0,SPY_MA_SSO_weekly_MA150,pre_tax
2006-07-10,RISK,SELL,26561.98909254052,3.74251664753973,99408.68637060162,49.70434318530081,-641.0179725836933,SPY_MA_SSO_weekly_MA150,pre_tax
2006-07-31,RISK,BUY,26338.21066816539,3.770541917783663,99309.32736373445,49.65466368186723,0.0,SPY_MA_SSO_weekly_MA150,pre_tax
2006-08-14,RISK,SELL,26338.21066816539,3.7445535718769354,98624.8408343259,49.312420417162954,-783.4536135075759,SPY_MA_SSO_weekly_MA150,pre_tax
2006-08-21,RISK,BUY,25442.89838332274,3.87244659774493,98526.26528126812,49.26313264063406,0.0,SPY_MA_SSO_weekly_MA150,pre_tax
2007-07-30,RISK,SELL,25442.89838332274,4.723080073547987,120168.84636757792,60.084423183788964,21533.233530485377,SPY_MA_SSO_weekly_MA150,pre_tax
2007-08-27,RISK,BUY,25045.964326942667,4.793136970432656,120048.73757560634,60.02436878780317,0.0,SPY_MA_SSO_weekly_MA150,pre_tax
2007-09-10,RISK,SELL,25045.964326942667,4.694201265522469,117570.7974397649,58.78539871988245,-2596.749903349133,SPY_MA_SSO_weekly_MA150,pre_tax
2007-09-17,RISK,BUY,24479.898651952404,4.797948188767453,117453.28539834585,58.72664269917293,0.0,SPY_MA_SSO_weekly_MA150,pre_tax
2007-11-12,RISK,SELL,24479.898651952404,4.5567274088454495,111548.2251531103,55.77411257655515,-6019.561000511283,SPY_MA_SSO_weekly_MA150,pre_tax
2007-12-10,RISK,BUY,22438.36127876637,4.96634898109294,111436.73267419664,55.718366337098324,0.0,SPY_MA_SSO_weekly_MA150,pre_tax
2007-12-17,RISK,SELL,22438.36127876637,4.623212556946891,103737.31362130358,51.86865681065179,-7807.006076040809,SPY_MA_SSO_weekly_MA150,pre_tax
2008-05-05,RISK,BUY,24569.407203732942,4.2179946504640204,103633.62815041772,51.81681407520886,0.0,SPY_MA_SSO_weekly_MA150,pre_tax
2008-05-12,RISK,SELL,24569.407203732942,4.102356812678575,100792.4750257079,50.39623751285395,-2943.3661762978736,SPY_MA_SSO_weekly_MA150,pre_tax
2008-05-19,RISK,BUY,23358.978648504923,4.310622242388963,100691.73292173419,50.34586646086709,0.0,SPY_MA_SSO_weekly_MA150,pre_tax
2008-05-27,RISK,SELL,23358.978648504923,4.010858229107273,93689.55173589707,46.844775867948535,-7099.371828165953,SPY_MA_SSO_weekly_MA150,pre_tax
2008-06-02,RISK,BUY,22703.31603459592,4.122565569844617,93595.90900552635,46.797954502763176,0.0,SPY_MA_SSO_weekly_MA150,pre_tax
2008-06-09,RISK,SELL,22703.31603459592,3.939567323516588,89441.24198536428,44.72062099268214,-4246.185595657531,SPY_MA_SSO_weekly_MA150,pre_tax
2009-05-04,RISK,BUY,64661.97670812681,1.3818297860730402,89351.84544165077,44.67592272082539,0.0,SPY_MA_SSO_weekly_MA150,pre_tax
2010-05-10,RISK,SELL,64661.97670812681,2.3488728128826355,151882.75911696928,75.94137955848464,62410.29637303918,SPY_MA_SSO_weekly_MA150,pre_tax
2010-05-17,RISK,BUY,66484.34309816686,2.28220578245382,151730.95226128015,75.86547613064008,0.0,SPY_MA_SSO_weekly_MA150,pre_tax
2010-05-24,RISK,SELL,66484.34309816686,2.055191413354062,136638.05105783793,68.31902552891897,-15237.085705101781,SPY_MA_SSO_weekly_MA150,pre_tax
2010-08-09,RISK,BUY,61590.76293656919,2.2162654720196064,136501.4812916632,68.2507406458316,0.0,SPY_MA_SSO_weekly_MA150,pre_tax
2010-08-16,RISK,SELL,61590.76293656919,2.0089226735914303,123731.08014706855,61.86554007353428,-12900.517425314,SPY_MA_SSO_weekly_MA150,pre_tax
2010-09-20,RISK,BUY,55484.46974793347,2.227783945004684,123607.41090154427,61.803705450772135,0.0,SPY_MA_SSO_weekly_MA150,pre_tax
2011-06-13,RISK,SELL,55484.46974793347,2.855559785443192,158439.22052883817,79.21961026441909,34690.78631157872,SPY_MA_SSO_weekly_MA150,pre_tax
2011-07-05,RISK,BUY,50274.290999662844,3.1483459506050733,158280.8604883296,79.1404302441648,0.0,SPY_MA_SSO_weekly_MA150,pre_tax
2011-08-01,RISK,SELL,50274.290999662844,3.0057389664693024,151111.39546930353,75.55569773465177,-7324.1611470048665,SPY_MA_SSO_weekly_MA150,pre_tax
2011-10-31,RISK,BUY,54614.42958875373,2.7641112564665318,150960.359591773,75.48017979588651,0.0,SPY_MA_SSO_weekly_MA150,pre_tax
2011-11-07,RISK,SELL,54614.42958875373,2.682216743232983,146487.7374650741,73.24386873253705,-4621.346175227314,SPY_MA_SSO_weekly_MA150,pre_tax
2011-11-14,RISK,BUY,53998.583562970445,2.710095585455834,146341.32293487416,73.17066146743709,0.0,SPY_MA_SSO_weekly_MA150,pre_tax
2011-11-21,RISK,SELL,53998.583562970445,2.4551177255152337,132572.87965816428,66.28643982908214,-13907.900378006394,SPY_MA_SSO_weekly_MA150,pre_tax
2011-12-05,RISK,BUY,48629.53338034923,2.723455559319376,132440.3730318193,66.22018651590965,0.0,SPY_MA_SSO_weekly_MA150,pre_tax
2011-12-19,RISK,SELL,48629.53338034923,2.549790093014672,123995.10244114077,61.99755122057039,-8573.488328415013,SPY_MA_SSO_weekly_MA150,pre_tax
2011-12-27,RISK,BUY,45532.496155016765,2.7205002968329346,123871.16930526757,61.935584652633786,0.0,SPY_MA_SSO_weekly_MA150,pre_tax
2012-05-21,RISK,SELL,45532.496155016765,2.892865918861253,131719.40632752902,65.85970316376451,7720.441734445063,SPY_MA_SSO_weekly_MA150,pre_tax
2012-05-29,RISK,BUY,43440.85130949254,3.0291246322614582,131587.75274799127,65.79387637399563,0.0,SPY_MA_SSO_weekly_MA150,pre_tax
2012-06-04,RISK,SELL,43440.85130949254,2.809597552610207,122051.30952245413,61.02565476122707,-9663.262756672353,SPY_MA_SSO_weekly_MA150,pre_tax
2012-06-11,RISK,BUY,39763.13111956579,3.066391297039797,121929.31920808887,60.964659604044435,0.0,SPY_MA_SSO_weekly_MA150,pre_tax
2012-11-19,RISK,SELL,39763.13111956579,3.2693421032372085,129999.27872573813,64.99963936286906,7943.99521868235,SPY_MA_SSO_weekly_MA150,pre_tax
2012-11-26,RISK,BUY,38234.44512584231,3.396658274671566,129869.34441416818,64.93467220708409,0.0,SPY_MA_SSO_weekly_MA150,pre_tax
2014-10-13,RISK,SELL,38234.44512584231,6.457072794227311,246882.59542445338,123.44129771222669,116824.87504036586,SPY_MA_SSO_weekly_MA150,pre_tax
2014-10-27,RISK,BUY,36233.65378010398,6.806816604955954,246635.83620863684,123.31791810431842,0.0,SPY_MA_SSO_weekly_MA150,pre_tax
2015-08-24,RISK,SELL,36233.65378010398,6.25295796116513,226567.5138664022,113.2837569332011,-20304.924017272162,SPY_MA_SSO_weekly_MA150,pre_tax
2015-10-26,RISK,BUY,29498.55149442637,7.67295504738412,226341.0595796792,113.17052978983959,0.0,SPY_MA_SSO_weekly_MA150,pre_tax
2015-11-16,RISK,SELL,29498.55149442637,7.298464383441565,215294.1274451878,107.6470637225939,-11267.749728003837,SPY_MA_SSO_weekly_MA150,pre_tax
2015-11-23,RISK,BUY,27543.09930930683,7.808814051595654,215078.9409110097,107.53947045550485,0.0,SPY_MA_SSO_weekly_MA150,pre_tax
2015-12-14,RISK,SELL,27543.09930930683,7.261842286542456,200013.64326676264,100.00682163338132,-15272.843936335936,SPY_MA_SSO_weekly_MA150,pre_tax
2015-12-28,RISK,BUY,26527.28847646635,7.532384237371399,199813.7295803391,99.90686479016955,0.0,SPY_MA_SSO_weekly_MA150,pre_tax
2016-01-11,RISK,SELL,26527.28847646635,6.680310498069525,177210.52369465688,88.60526184732844,-22791.718012319703,SPY_MA_SSO_weekly_MA150,pre_tax
2016-03-07,RISK,BUY,25077.196927199715,7.059537086456668,177033.4017319436,88.5167008659718,0.0,SPY_MA_SSO_weekly_MA150,pre_tax
2016-11-07,RISK,SELL,25077.196927199715,8.031190723787757,201399.7513403252,100.6998756701626,24177.13303184547,SPY_MA_SSO_weekly_MA150,pre_tax
2016-11-14,RISK,BUY,23789.1413794464,8.45757520329714,201198.45223853577,100.59922611926788,0.0,SPY_MA_SSO_weekly_MA150,pre_tax
2018-03-26,RISK,SELL,23789.1413794464,12.513112141762292,297676.1938372505,148.83809691862527,96228.30427567687,SPY_MA_SSO_weekly_MA150,pre_tax
2018-04-02,RISK,BUY,23744.93863125949,12.523875973115315,297378.6664071284,148.6893332035642,0.0,SPY_MA_SSO_weekly_MA150,pre_tax
2018-04-09,RISK,SELL,23744.93863125949,12.397096417478012,294368.2936388223,147.18414681941113,-3306.2462483290583,SPY_MA_SSO_weekly_MA150,pre_tax
2018-04-16,RISK,BUY,22786.869278929167,12.90541797805032,294074.072455775,147.0370362278875,0.0,SPY_MA_SSO_weekly_MA150,pre_tax
2018-10-29,RISK,SELL,22786.869278929167,12.981956136431302,295818.1374656524,147.90906873282623,1449.1189049167442,SPY_MA_SSO_weekly_MA150,pre_tax
2018-11-12,RISK,BUY,21474.73224134745,13.761404046488598,295522.467163338,147.761233581669,0.0,SPY_MA_SSO_weekly_MA150,pre_tax
2018-11-19,RISK,SELL,21474.73224134745,13.341703825966086,286509.51730598253,143.25475865299126,-9303.965849590139,SPY_MA_SSO_weekly_MA150,pre_tax
2019-02-19,RISK,BUY,21153.916162317088,13.530504175946032,286223.1509718436,143.1115754859218,0.0,SPY_MA_SSO_weekly_MA150,pre_tax
2020-03-02,RISK,SELL,21153.916162317088,15.436006553204635,326531.988507468,163.26599425373402,40002.459965884744,SPY_MA_SSO_weekly_MA150,pre_tax
2020-06-01,RISK,BUY,22228.263536003404,14.675263282487325,326205.61970336264,163.10280985168131,0.0,SPY_MA_SSO_weekly_MA150,pre_tax
2022-01-24,RISK,SELL,22228.263536003404,29.372715778559456,652904.467093945,326.45223354697254,326209.2923471837,SPY_MA_SSO_weekly_MA150,pre_tax
2022-03-28,RISK,BUY,20389.184756390445,31.990091644616108,652251.8889159401,326.12594445797004,0.0,SPY_MA_SSO_weekly_MA150,pre_tax
2022-04-11,RISK,SELL,20389.184756390445,30.831597703822,628631.1419179301,314.31557095896505,-24261.188513426925,SPY_MA_SSO_weekly_MA150,pre_tax
2022-08-15,RISK,BUY,22850.87215518216,27.48266327296765,628002.8249345039,314.00141246725195,0.0,SPY_MA_SSO_weekly_MA150,pre_tax
2022-08-29,RISK,SELL,22850.87215518216,24.542612796202953,560820.1073601715,280.41005368008575,-67777.12904047966,SPY_MA_SSO_weekly_MA150,pre_tax
2022-11-14,RISK,BUY,23889.363301562793,23.452260340738302,560259.5675227301,280.12978376136505,0.0,SPY_MA_SSO_weekly_MA150,pre_tax
2022-12-19,RISK,SELL,23889.363301562793,21.91895481657033,523629.87480358826,261.8149374017941,-37171.63744030497,SPY_MA_SSO_weekly_MA150,pre_tax
2023-01-09,RISK,BUY,23153.873592968084,22.59261304647311,523106.50661288004,261.55325330644,0.0,SPY_MA_SSO_weekly_MA150,pre_tax
2023-03-13,RISK,SELL,23153.873592968084,21.268237470504747,492442.0819372942,246.22104096864712,-31172.19896986091,SPY_MA_SSO_weekly_MA150,pre_tax
2023-03-20,RISK,BUY,21945.703627528426,22.416683206103855,491949.8859533489,245.97494297667444,0.0,SPY_MA_SSO_weekly_MA150,pre_tax
2023-10-23,RISK,SELL,21945.703627528426,24.997019936267407,548577.191092744,274.288595546372,56107.041600872006,SPY_MA_SSO_weekly_MA150,pre_tax
2023-11-06,RISK,BUY,20426.245503738082,26.82964365393923,548028.8880531711,274.0144440265856,0.0,SPY_MA_SSO_weekly_MA150,pre_tax
2025-03-10,RISK,SELL,20426.245503738082,42.226907323859635,862537.1758607526,431.2685879303763,313803.0047756245,SPY_MA_SSO_weekly_MA150,pre_tax
2025-05-19,RISK,BUY,19568.19388304415,44.0344711876856,861675.0697379533,430.83753486897666,0.0,SPY_MA_SSO_weekly_MA150,pre_tax
2026-03-16,RISK,SELL,19568.19388304415,54.62378355836002,1068888.787295428,534.444393647714,206248.4356289584,SPY_MA_SSO_weekly_MA150,pre_tax
2026-04-13,RISK,BUY,19058.039788358874,56.0299193696557,1067820.4326854378,533.910216342719,0.0,SPY_MA_SSO_weekly_MA150,pre_tax
2006-07-03,RISK,BUY,26561.98909254052,3.7628968462898555,99950.02498750626,49.97501249375313,0.0,SPY_MA_SSO_weekly_MA150,after_tax
2006-07-10,RISK,SELL,26561.98909254052,3.74251664753973,99408.68637060162,49.70434318530081,-641.0179725836933,SPY_MA_SSO_weekly_MA150,after_tax
2006-07-31,RISK,BUY,26338.21066816539,3.770541917783663,99309.32736373445,49.65466368186723,0.0,SPY_MA_SSO_weekly_MA150,after_tax
2006-08-14,RISK,SELL,26338.21066816539,3.7445535718769354,98624.8408343259,49.312420417162954,-783.4536135075759,SPY_MA_SSO_weekly_MA150,after_tax
2006-08-21,RISK,BUY,25442.89838332274,3.87244659774493,98526.26528126812,49.26313264063406,0.0,SPY_MA_SSO_weekly_MA150,after_tax
2007-07-30,RISK,SELL,25442.89838332274,4.723080073547987,120168.84636757792,60.084423183788964,21533.233530485377,SPY_MA_SSO_weekly_MA150,after_tax
2007-08-27,RISK,BUY,24194.110209804017,4.793136970432656,115965.68411333382,57.98284205666691,0.0,SPY_MA_SSO_weekly_MA150,after_tax
2007-09-10,RISK,SELL,24194.110209804017,4.694201265522469,113572.02276505211,56.786011382526056,-2508.4302017208975,SPY_MA_SSO_weekly_MA150,after_tax
2007-09-17,RISK,BUY,23647.297352134607,4.797948188767453,113458.50749991962,56.72925374995981,0.0,SPY_MA_SSO_weekly_MA150,after_tax
2007-11-12,RISK,SELL,23647.297352134607,4.5567274088454495,107754.28798959019,53.87714399479509,-5814.825908074185,SPY_MA_SSO_weekly_MA150,after_tax
2007-12-10,RISK,BUY,21675.195996421862,4.96634898109294,107646.5875518195,53.82329377590975,0.0,SPY_MA_SSO_weekly_MA150,after_tax
2007-12-17,RISK,SELL,21675.195996421862,4.623212556946891,100209.03830494253,50.10451915247126,-7541.477059805358,SPY_MA_SSO_weekly_MA150,after_tax
2008-05-05,RISK,BUY,23733.761572007694,4.2179946504640204,100108.879346117,50.0544396730585,0.0,SPY_MA_SSO_weekly_MA150,after_tax
2008-05-12,RISK,SELL,23733.761572007694,4.102356812678575,97364.35847541475,48.68217923770737,-2843.25748961301,SPY_MA_SSO_weekly_MA150,after_tax
2008-05-19,RISK,BUY,22564.50166713841,4.310622242388963,97267.04277478966,48.63352138739483,0.0,SPY_MA_SSO_weekly_MA150,after_tax
2008-05-27,RISK,SELL,22564.50166713841,4.010858229107273,90503.01719734688,45.25150859867344,-6857.910607428843,SPY_MA_SSO_weekly_MA150,after_tax
2008-06-02,RISK,BUY,21931.139208648518,4.122565569844617,90412.5594090437,45.20627970452185,0.0,SPY_MA_SSO_weekly_MA150,after_tax
2008-06-09,RISK,SELL,21931.139208648518,3.939567323516588,86399.19939388514,43.19959969694257,-4101.765894560012,SPY_MA_SSO_weekly_MA150,after_tax
2009-05-04,RISK,BUY,62462.71736390234,1.3818297860730402,86312.84337250194,43.15642168625097,0.0,SPY_MA_SSO_weekly_MA150,after_tax
2010-05-10,RISK,SELL,62462.71736390234,2.3488728128826355,146716.97863484232,73.35848931742116,60287.62035133672,SPY_MA_SSO_weekly_MA150,after_tax
2010-05-17,RISK,BUY,61498.836447590016,2.28220578245382,140353.0001548717,70.17650007743585,0.0,SPY_MA_SSO_weekly_MA150,after_tax
2010-05-24,RISK,SELL,61498.836447590016,2.055191413354062,126391.88059835281,63.19594029917641,-14094.491996895507,SPY_MA_SSO_weekly_MA150,after_tax
2010-08-09,RISK,BUY,56972.21450959624,2.2162654720196064,126265.55188211259,63.132775941056295,0.0,SPY_MA_SSO_weekly_MA150,after_tax
2010-08-16,RISK,SELL,56972.21450959624,2.0089226735914303,114452.77349304255,57.22638674652128,-11933.137551757623,SPY_MA_SSO_weekly_MA150,after_tax
2010-09-20,RISK,BUY,51323.81808106484,2.227783945004684,114338.37791733736,57.169188958668684,0.0,SPY_MA_SSO_weekly_MA150,after_tax
2011-06-13,RISK,SELL,51323.81808106484,2.855559785443192,146558.23094769093,73.27911547384547,32089.404725921064,SPY_MA_SSO_weekly_MA150,after_tax
2011-07-05,RISK,BUY,46113.39224686492,3.1483459506050733,145180.91174908055,72.59045587454028,0.0,SPY_MA_SSO_weekly_MA150,after_tax
2011-08-01,RISK,SELL,46113.39224686492,3.0057389664693024,138604.8199524853,69.30240997624264,-6717.984662446048,SPY_MA_SSO_weekly_MA150,after_tax
2011-10-31,RISK,BUY,50094.323836051226,2.7641112564665318,138466.28440030888,69.23314220015445,0.0,SPY_MA_SSO_weekly_MA150,after_tax
2011-11-07,RISK,SELL,50094.323836051226,2.682216743232983,134363.8341339917,67.18191706699585,-4238.865325584338,SPY_MA_SSO_weekly_MA150,after_tax
2011-11-14,RISK,BUY,49529.447658069745,2.710095585455834,134229.5374482006,67.1147687241003,0.0,SPY_MA_SSO_weekly_MA150,after_tax
2011-11-21,RISK,SELL,49529.447658069745,2.4551177255152337,121600.62488030602,60.80031244015301,-12756.827649058847,SPY_MA_SSO_weekly_MA150,after_tax
2011-12-05,RISK,BUY,44604.76125988714,2.723455559319376,121479.08502535318,60.73954251267659,0.0,SPY_MA_SSO_weekly_MA150,after_tax
2011-12-19,RISK,SELL,44604.76125988714,2.549790093014672,113732.77836174489,56.866389180872446,-7863.912595301837,SPY_MA_SSO_weekly_MA150,after_tax
2011-12-27,RISK,BUY,41764.04705914674,2.7205002968329346,113619.10242135335,56.80955121067668,0.0,SPY_MA_SSO_weekly_MA150,after_tax
2012-05-21,RISK,SELL,41764.04705914674,2.892865918861253,120817.78837112314,60.40889418556157,7081.467504373548,SPY_MA_SSO_weekly_MA150,after_tax
2012-05-29,RISK,BUY,39845.514996637125,3.0291246322614582,120697.03096145685,60.34851548072843,0.0,SPY_MA_SSO_weekly_MA150,after_tax
2012-06-04,RISK,SELL,39845.514996637125,2.809597552610207,111949.86141704497,55.974930708522486,-8863.492990601138,SPY_MA_SSO_weekly_MA150,after_tax
2012-06-11,RISK,BUY,36472.17744537372,3.066391297039797,111837.96750258516,55.91898375129258,0.0,SPY_MA_SSO_weekly_MA150,after_tax
2012-11-19,RISK,SELL,36472.17744537372,3.2693421032372085,119240.02531889881,59.62001265944941,7286.518819902907,SPY_MA_SSO_weekly_MA150,after_tax
2012-11-26,RISK,BUY,35070.01153812438,3.396658274671566,119120.84488379747,59.56042244189874,0.0,SPY_MA_SSO_weekly_MA150,after_tax
2014-10-13,RISK,SELL,35070.01153812438,6.457072794227311,226449.6173960608,113.22480869803042,107155.98728112342,SPY_MA_SSO_weekly_MA150,after_tax
2014-10-27,RISK,BUY,30816.097423813553,6.806816604955954,209759.52364435449,104.87976182217724,0.0,SPY_MA_SSO_weekly_MA150,after_tax
2015-08-24,RISK,SELL,30816.097423813553,6.25295796116513,192691.7617182752,96.34588085913761,-17268.98756876058,SPY_MA_SSO_weekly_MA150,after_tax
2015-10-26,RISK,BUY,25088.00912627739,7.67295504738412,192499.16625428895,96.24958312714448,0.0,SPY_MA_SSO_weekly_MA150,after_tax
2015-11-16,RISK,SELL,25088.00912627739,7.298464383441565,183103.94105959247,91.55197052979624,-9583.02674835344,SPY_MA_SSO_weekly_MA150,after_tax
2015-11-23,RISK,BUY,23424.930779005066,7.808814051595654,182920.9286247503,91.46046431237515,0.0,SPY_MA_SSO_weekly_MA150,after_tax
2015-12-14,RISK,SELL,23424.930779005066,7.261842286542456,170108.1528903089,85.05407644515445,-12989.290275198902,SPY_MA_SSO_weekly_MA150,after_tax
2015-12-28,RISK,BUY,22561.001190811945,7.532384237371399,169938.12974898927,84.96906487449463,0.0,SPY_MA_SSO_weekly_MA150,after_tax
2016-01-11,RISK,SELL,22561.001190811945,6.680310498069525,150714.49310194008,75.35724655097005,-19383.962958474644,SPY_MA_SSO_weekly_MA150,after_tax
2016-03-07,RISK,BUY,21327.723345667146,7.059537086456668,150563.8539284249,75.28192696421246,0.0,SPY_MA_SSO_weekly_MA150,after_tax
2016-11-07,RISK,SELL,21327.723345667146,8.031190723787757,171287.01389323358,85.6435069466168,20562.23453089784,SPY_MA_SSO_weekly_MA150,after_tax
2016-11-14,RISK,BUY,20232.25432430543,8.45757520329714,171115.81248004694,85.55790624002347,0.0,SPY_MA_SSO_weekly_MA150,after_tax
2018-03-26,RISK,SELL,20232.25432430543,12.513112141762292,253168.46724068894,126.58423362034448,81840.51262078164,SPY_MA_SSO_weekly_MA150,after_tax
2018-04-02,RISK,BUY,19494.62805271445,12.523875973115315,244148.3038742103,122.07415193710516,0.0,SPY_MA_SSO_weekly_MA150,after_tax
2018-04-09,RISK,SELL,19494.62805271445,12.397096417478012,241676.7835923727,120.83839179618636,-2714.432825570897,SPY_MA_SSO_weekly_MA150,after_tax
2018-04-16,RISK,BUY,18708.051765345288,12.90541797805032,241435.22758678312,120.71761379339156,0.0,SPY_MA_SSO_weekly_MA150,after_tax
2018-10-29,RISK,SELL,18708.051765345288,12.981956136431302,242867.1074157987,121.43355370789935,1189.7286615142948,SPY_MA_SSO_weekly_MA150,after_tax
2018-11-12,RISK,BUY,17630.78540980409,13.761404046488598,242624.3616812502,121.31218084062509,0.0,SPY_MA_SSO_weekly_MA150,after_tax
2018-11-19,RISK,SELL,17630.78540980409,13.341703825966086,235224.7171567703,117.61235857838514,-7638.569063898874,SPY_MA_SSO_weekly_MA150,after_tax
2019-02-19,RISK,BUY,17367.3949571628,13.530504175946032,234989.6099931953,117.49480499659765,0.0,SPY_MA_SSO_weekly_MA150,after_tax
2020-03-02,RISK,SELL,17367.3949571628,15.436006553204635,268083.22237085813,134.04161118542908,32842.07596148082,SPY_MA_SSO_weekly_MA150,after_tax
2020-06-01,RISK,BUY,17921.813275681114,14.675263282487325,263007.32832019695,131.50366416009848,0.0,SPY_MA_SSO_weekly_MA150,after_tax
2022-01-24,RISK,SELL,17921.813275681114,29.372715778559456,526412.3275829949,263.2061637914975,263010.28943484643,SPY_MA_SSO_weekly_MA150,after_tax
2022-03-28,RISK,BUY,14769.646339230083,31.990091644616108,472482.3399505392,236.2411699752696,0.0,SPY_MA_SSO_weekly_MA150,after_tax
2022-04-11,RISK,SELL,14769.646339230083,30.831597703822,455371.7941588692,227.6858970794346,-17574.47285872465,SPY_MA_SSO_weekly_MA150,after_tax
2022-08-15,RISK,BUY,16552.85899399292,27.48266327296765,454916.64993682137,227.4583249684107,0.0,SPY_MA_SSO_weekly_MA150,after_tax
2022-08-29,RISK,SELL,16552.85899399292,24.542612796202953,406250.40895971376,203.12520447985688,-49096.82450655586,SPY_MA_SSO_weekly_MA150,after_tax
2022-11-14,RISK,BUY,17305.127764996927,23.452260340738302,405844.3615744467,202.92218078722337,0.0,SPY_MA_SSO_weekly_MA150,after_tax
2022-12-19,RISK,SELL,17305.127764996927,21.91895481657033,379310.31357594434,189.65515678797217,-26926.62533607753,SPY_MA_SSO_weekly_MA150,after_tax
2023-01-09,RISK,BUY,16772.349087875835,22.59261304647311,378931.192822745,189.4655964113725,0.0,SPY_MA_SSO_weekly_MA150,after_tax
2023-03-13,RISK,SELL,16772.349087875835,21.268237470504747,356718.30333914695,178.3591516695735,-22580.714231678983,SPY_MA_SSO_weekly_MA150,after_tax
2023-03-20,RISK,BUY,15897.167303001836,22.416683206103855,356361.76330582454,178.18088165291226,0.0,SPY_MA_SSO_weekly_MA150,after_tax
2023-10-23,RISK,SELL,15897.167303001836,24.997019936267407,397381.80800331524,198.69090400165763,40643.172911836125,SPY_MA_SSO_weekly_MA150,after_tax
2023-11-06,RISK,BUY,14796.492637300957,26.82964365393923,396984.62478692015,198.49231239346008,0.0,SPY_MA_SSO_weekly_MA150,after_tax
2025-03-10,RISK,SELL,14796.492637300957,42.226907323859635,624810.1233134789,312.40506165673946,227314.60115250858,SPY_MA_SSO_weekly_MA150,after_tax
2025-05-19,RISK,BUY,13475.059129540276,44.0344711876856,593367.102992101,296.6835514960505,0.0,SPY_MA_SSO_weekly_MA150,after_tax
2026-03-16,RISK,SELL,13475.059129540276,54.62378355836002,736058.7133281111,368.02935666405557,142026.89742785005,SPY_MA_SSO_weekly_MA150,after_tax
2026-04-13,RISK,BUY,12609.061111783116,56.0299193696557,706484.6774202692,353.2423387101346,0.0,SPY_MA_SSO_weekly_MA150,after_tax
2006-07-03,RISK,BUY,26561.98909254052,3.7628968462898555,99950.02498750626,49.97501249375313,0.0,SPY_MA_SSO_weekly_MA175,pre_tax
2006-07-17,RISK,SELL,26561.98909254052,3.5376846540380225,93967.94119340593,46.98397059670297,-6079.042777190785,SPY_MA_SSO_weekly_MA175,pre_tax
2006-07-31,RISK,BUY,24896.691844201097,3.770541917783663,93874.02021270289,46.937010106351444,0.0,SPY_MA_SSO_weekly_MA175,pre_tax
2006-08-14,RISK,SELL,24896.691844201097,3.7445535718769354,93226.99637312259,46.613498186561294,-740.5743478732184,SPY_MA_SSO_weekly_MA175,pre_tax
2006-08-21,RISK,BUY,24050.380971344533,3.87244659774493,93133.81596695255,46.56690798347628,0.0,SPY_MA_SSO_weekly_MA175,pre_tax
2007-08-06,RISK,SELL,24050.380971344533,4.600617678341657,110646.60786761946,55.32330393380973,17410.901688749625,SPY_MA_SSO_weekly_MA175,pre_tax
2007-08-27,RISK,BUY,23061.30979299562,4.793136970432656,110536.01655540796,55.26800827770398,0.0,SPY_MA_SSO_weekly_MA175,pre_tax
2007-09-10,RISK,SELL,23061.30979299562,4.694201265522469,108254.42961488575,54.127214807442876,-2390.982163607361,SPY_MA_SSO_weekly_MA175,pre_tax
2007-09-17,RISK,BUY,22540.099440552174,4.797948188767453,108146.22928543559,54.0731146427178,0.0,SPY_MA_SSO_weekly_MA175,pre_tax
2007-11-12,RISK,SELL,22540.099440552174,4.5567274088454495,102709.08891886608,51.35454445943304,-5542.568025671644,SPY_MA_SSO_weekly_MA175,pre_tax
2007-12-10,RISK,BUY,20660.334493096118,4.96634898109294,102606.43115882724,51.30321557941362,0.0,SPY_MA_SSO_weekly_MA175,pre_tax
2007-12-17,RISK,SELL,20660.334493096118,4.623212556946891,95517.11785920495,47.75855892960248,-7188.375074131312,SPY_MA_SSO_weekly_MA175,pre_tax
2008-05-19,RISK,BUY,22136.397742696725,4.310622242388963,95421.64847603733,47.71082423801867,0.0,SPY_MA_SSO_weekly_MA175,pre_tax
2008-05-27,RISK,SELL,22136.397742696725,4.010858229107273,88785.95304908683,44.39297652454342,-6727.799227713054,SPY_MA_SSO_weekly_MA175,pre_tax
2009-05-11,RISK,BUY,60035.906704693836,1.4774027133980838,88697.21146682889,44.348605733414445,0.0,SPY_MA_SSO_weekly_MA175,pre_tax
2009-05-18,RISK,SELL,60035.906704693836,1.4062910569470146,84427.95869451626,42.21397934725813,-4355.815357393294,SPY_MA_SSO_weekly_MA175,pre_tax
2009-05-26,RISK,BUY,61646.755261936145,1.368175381986125,84343.57292870466,42.17178646435233,0.0,SPY_MA_SSO_weekly_MA175,pre_tax
2010-05-24,RISK,SELL,61646.755261936145,2.055191413354062,126695.8820754705,63.34794103773525,42246.78941926375,SPY_MA_SSO_weekly_MA175,pre_tax
2010-06-21,RISK,BUY,56512.285529313565,2.2396767061212737,126569.24950967793,63.284624754838966,0.0,SPY_MA_SSO_weekly_MA175,pre_tax
2010-06-28,RISK,SELL,56512.285529313565,2.0405987436998854,115318.89885472647,57.659449427363235,-11371.29472913366,SPY_MA_SSO_weekly_MA175,pre_tax
2010-08-09,RISK,BUY,51980.9738684079,2.2162654720196064,115203.63758650587,57.60181879325293,0.0,SPY_MA_SSO_weekly_MA175,pre_tax
2010-08-16,RISK,SELL,51980.9738684079,2.0089226735914303,104425.75699960827,52.21287849980414,-10887.69528419066,SPY_MA_SSO_weekly_MA175,pre_tax
2010-09-13,RISK,BUY,47602.75923482119,2.1914986674361345,104321.38342939378,52.160691714696895,0.0,SPY_MA_SSO_weekly_MA175,pre_tax
2011-06-27,RISK,SELL,47602.75923482119,2.8370465060367924,135051.2417648601,67.52562088243006,30610.1720228692,SPY_MA_SSO_weekly_MA175,pre_tax
2011-07-05,RISK,BUY,42853.06002951834,3.1483459506050733,134916.2580149702,67.4581290074851,0.0,SPY_MA_SSO_weekly_MA175,pre_tax
2011-08-08,RISK,SELL,42853.06002951834,2.388938567399874,102373.32783561836,51.18666391780918,-32661.57497227713,SPY_MA_SSO_weekly_MA175,pre_tax
2011-10-31,RISK,BUY,36999.59812746576,2.7641112564665318,102271.00566886613,51.13550283443306,0.0,SPY_MA_SSO_weekly_MA175,pre_tax
2011-11-07,RISK,SELL,36999.59812746576,2.682216743232983,99240.94159038039,49.620470795190194,-3130.8200521153485,SPY_MA_SSO_weekly_MA175,pre_tax
2011-11-14,RISK,BUY,36582.38136563271,2.710095585455834,99141.75024446298,49.57087512223149,0.0,SPY_MA_SSO_weekly_MA175,pre_tax
2011-11-21,RISK,SELL,36582.38136563271,2.4551177255152337,89814.05293232304,44.907026466161525,-9422.175213728318,SPY_MA_SSO_weekly_MA175,pre_tax
2011-12-12,RISK,BUY,33981.358711287874,2.640397181474984,89724.2837639749,44.862141881987455,0.0,SPY_MA_SSO_weekly_MA175,pre_tax
2011-12-19,RISK,SELL,33981.358711287874,2.549790093014672,86645.33178921965,43.32266589460983,-3167.136782531845,SPY_MA_SSO_weekly_MA175,pre_tax
2011-12-27,RISK,BUY,31817.210187116325,2.7205002968329346,86558.72975844583,43.27936487922292,0.0,SPY_MA_SSO_weekly_MA175,pre_tax
2012-06-04,RISK,SELL,31817.210187116325,2.809597552610207,89393.55587260658,44.69677793630329,2746.8499713452184,SPY_MA_SSO_weekly_MA175,pre_tax
2012-06-11,RISK,BUY,29123.552195503005,3.066391297039797,89304.2069911747,44.65210349558735,0.0,SPY_MA_SSO_weekly_MA175,pre_tax
2012-11-19,RISK,SELL,29123.552195503005,3.2693421032372085,95214.85538858442,47.607427694292205,5818.388866219844,SPY_MA_SSO_weekly_MA175,pre_tax
2012-11-26,RISK,BUY,28003.902784724243,3.396658274671566,95119.6881168317,47.559844058415855,0.0,SPY_MA_SSO_weekly_MA175,pre_tax
2014-10-20,RISK,SELL,28003.902784724243,6.294836199085759,176279.98096496065,88.13999048248033,81024.59301358805,SPY_MA_SSO_weekly_MA175,pre_tax
2014-10-27,RISK,BUY,25871.681183788518,6.806816604955954,176103.7890799382,88.0518945399691,0.0,SPY_MA_SSO_weekly_MA175,pre_tax
2015-08-24,RISK,SELL,25871.681183788518,6.25295796116513,161774.5348268965,80.88726741344826,-14498.193414995127,SPY_MA_SSO_weekly_MA175,pre_tax
2015-10-26,RISK,BUY,21062.659710747423,7.67295504738412,161612.8411389136,80.80642056945679,0.0,SPY_MA_SSO_weekly_MA175,pre_tax
2015-11-16,RISK,SELL,21062.659710747423,7.298464383441565,153725.07171943967,76.86253585971984,-8045.43837590309,SPY_MA_SSO_weekly_MA175,pre_tax
2015-11-23,RISK,BUY,19666.42084920222,7.808814051595654,153571.42347184403,76.78571173592202,0.0,SPY_MA_SSO_weekly_MA175,pre_tax
2015-12-14,RISK,SELL,19666.42084920222,7.261842286542456,142814.44654767687,71.40722327383844,-10905.169859176909,SPY_MA_SSO_weekly_MA175,pre_tax
2015-12-28,RISK,BUY,18941.108017938197,7.532384237371399,142671.7034726667,71.33585173633335,0.0,SPY_MA_SSO_weekly_MA175,pre_tax
2016-01-04,RISK,SELL,18941.108017938197,7.20648781811078,136498.86419279204,68.24943209639602,-6312.4245637074055,SPY_MA_SSO_weekly_MA175,pre_tax
2016-03-07,RISK,BUY,19316.05881149452,7.059537086456668,136362.4335439237,68.18121677196184,0.0,SPY_MA_SSO_weekly_MA175,pre_tax
2016-11-07,RISK,SELL,19316.05881149452,8.031190723787757,155130.95234701358,77.5654761735068,18622.772110144404,SPY_MA_SSO_weekly_MA175,pre_tax
2016-11-14,RISK,BUY,18323.916157548665,8.45757520329714,154975.89892137938,77.48794946068969,0.0,SPY_MA_SSO_weekly_MA175,pre_tax
2018-03-26,RISK,SELL,18323.916157548665,12.513112141762292,229289.21775565646,114.64460887782823,74121.18627593855,SPY_MA_SSO_weekly_MA175,pre_tax
2018-04-02,RISK,BUY,18289.868377564053,12.523875973115315,229060.04312521603,114.53002156260801,0.0,SPY_MA_SSO_weekly_MA175,pre_tax
2018-10-29,RISK,SELL,18289.868377564053,12.981956136431302,237438.26901863847,118.71913450931923,8144.976737350487,SPY_MA_SSO_weekly_MA175,pre_tax
2018-11-12,RISK,BUY,17236.68228969335,13.761404046488598,237200.94940942444,118.60047470471223,0.0,SPY_MA_SSO_weekly_MA175,pre_tax
2018-11-19,RISK,SELL,17236.68228969335,13.341703825966086,229966.71005136365,114.98335502568183,-7467.82318779116,SPY_MA_SSO_weekly_MA175,pre_tax
2018-12-03,RISK,BUY,16387.27455789963,14.019223114587883,229736.8582672044,114.8684291336022,0.0,SPY_MA_SSO_weekly_MA175,pre_tax
2018-12-10,RISK,SELL,16387.27455789963,12.33801637864248,202186.46189667683,101.09323094833842,-27766.358030609525,SPY_MA_SSO_weekly_MA175,pre_tax
2019-02-19,RISK,BUY,14928.074656417399,13.530504175946032,201984.37647748974,100.99218823874487,0.0,SPY_MA_SSO_weekly_MA175,pre_tax
2020-03-02,RISK,SELL,14928.074656417399,15.436006553204635,230429.858223187,115.2149291115935,28229.27462834693,SPY_MA_SSO_weekly_MA175,pre_tax
2020-06-01,RISK,BUY,15686.22920701001,14.675263282487325,230199.54352231428,115.09977176115714,0.0,SPY_MA_SSO_weekly_MA175,pre_tax
2022-01-24,RISK,SELL,15686.22920701001,29.372715778559456,460747.1521348431,230.37357606742157,230202.13526470022,SPY_MA_SSO_weekly_MA175,pre_tax
2022-02-07,RISK,BUY,14500.961670271892,31.74180069621029,460286.6352411551,230.14331762057756,0.0,SPY_MA_SSO_weekly_MA175,pre_tax
2022-02-14,RISK,SELL,14500.961670271892,30.35537291856893,440182.0991789774,220.0910495894887,-20554.770429387747,SPY_MA_SSO_weekly_MA175,pre_tax
2022-03-28,RISK,BUY,13746.198102401046,31.990091644616108,439742.1370608575,219.87106853042874,0.0,SPY_MA_SSO_weekly_MA175,pre_tax
2022-04-11,RISK,SELL,13746.198102401046,30.831597703822,423817.2498502704,211.9086249251352,-16356.66690404265,SPY_MA_SSO_weekly_MA175,pre_tax
2022-08-15,RISK,BUY,15405.84477558985,27.48266327296765,423393.6444031437,211.69682220157188,0.0,SPY_MA_SSO_weekly_MA175,pre_tax
2022-08-22,RISK,SELL,15405.84477558985,26.470198507064936,407795.7693788926,203.8978846894463,-16013.469731142162,SPY_MA_SSO_weekly_MA175,pre_tax
2022-11-28,RISK,BUY,17206.671786211835,23.676175292188198,407388.17740550044,203.69408870275024,0.0,SPY_MA_SSO_weekly_MA175,pre_tax
2022-12-12,RISK,SELL,17206.671786211835,22.98983715856044,395578.5824058064,197.7892912029032,-12211.078379599669,SPY_MA_SSO_weekly_MA175,pre_tax
2023-01-17,RISK,BUY,16797.70043040145,23.526029836716287,395183.2015138466,197.5916007569233,0.0,SPY_MA_SSO_weekly_MA175,pre_tax
2023-03-13,RISK,SELL,16797.70043040145,21.268237470504747,357257.48171217786,178.62874085608894,-38301.94014328171,SPY_MA_SSO_weekly_MA175,pre_tax
2023-03-27,RISK,BUY,15355.454615063636,23.24258133131526,356900.40276993683,178.4502013849684,0.0,SPY_MA_SSO_weekly_MA175,pre_tax
2023-10-23,RISK,SELL,15355.454615063636,24.997019936267407,383840.6051431951,191.92030257159755,26569.831869301677,SPY_MA_SSO_weekly_MA175,pre_tax
2023-11-06,RISK,BUY,14292.286595694002,26.82964365393923,383456.9563624423,191.72847818122113,0.0,SPY_MA_SSO_weekly_MA175,pre_tax
2025-03-17,RISK,SELL,14292.286595694002,41.39679408362681,591654.8451861242,295.8274225930621,207710.33292290766,SPY_MA_SSO_weekly_MA175,pre_tax
2025-05-19,RISK,BUY,13422.745183001403,44.0344711876856,591063.4860205209,295.53174301026047,0.0,SPY_MA_SSO_weekly_MA175,pre_tax
2026-03-16,RISK,SELL,13422.745183001403,54.62378355836002,733201.1276352882,366.6005638176441,141475.50930793933,SPY_MA_SSO_weekly_MA175,pre_tax
2026-04-13,RISK,BUY,13072.806478491795,56.0299193696557,732468.292925008,366.234146462504,0.0,SPY_MA_SSO_weekly_MA175,pre_tax
2006-07-03,RISK,BUY,26561.98909254052,3.7628968462898555,99950.02498750626,49.97501249375313,0.0,SPY_MA_SSO_weekly_MA175,after_tax
2006-07-17,RISK,SELL,26561.98909254052,3.5376846540380225,93967.94119340593,46.98397059670297,-6079.042777190785,SPY_MA_SSO_weekly_MA175,after_tax
2006-07-31,RISK,BUY,24896.691844201097,3.770541917783663,93874.02021270289,46.937010106351444,0.0,SPY_MA_SSO_weekly_MA175,after_tax
2006-08-14,RISK,SELL,24896.691844201097,3.7445535718769354,93226.99637312259,46.613498186561294,-740.5743478732184,SPY_MA_SSO_weekly_MA175,after_tax
2006-08-21,RISK,BUY,24050.380971344533,3.87244659774493,93133.81596695255,46.56690798347628,0.0,SPY_MA_SSO_weekly_MA175,after_tax
2007-08-06,RISK,SELL,24050.380971344533,4.600617678341657,110646.60786761946,55.32330393380973,17410.901688749625,SPY_MA_SSO_weekly_MA175,after_tax
2007-08-27,RISK,BUY,22612.63824442831,4.793136970432656,108385.47236838873,54.192736184194366,0.0,SPY_MA_SSO_weekly_MA175,after_tax
2007-09-10,RISK,SELL,22612.63824442831,4.694201265522469,106148.27506379718,53.074137531898586,-2344.4641783076513,SPY_MA_SSO_weekly_MA175,after_tax
2007-09-17,RISK,BUY,22101.56835053034,4.797948188767453,106042.1798363471,53.02108991817355,0.0,SPY_MA_SSO_weekly_MA175,after_tax
2007-11-12,RISK,SELL,22101.56835053034,4.5567274088454495,100710.8222813327,50.35541114066635,-5434.734056073241,SPY_MA_SSO_weekly_MA175,after_tax
2007-12-10,RISK,BUY,20258.375352260526,4.96634898109294,100610.16178929739,50.3050808946487,0.0,SPY_MA_SSO_weekly_MA175,after_tax
2007-12-17,RISK,SELL,20258.375352260526,4.623212556946891,93658.77531191426,46.82938765595713,-7048.520945933749,SPY_MA_SSO_weekly_MA175,after_tax
2008-05-19,RISK,BUY,21705.720910198073,4.310622242388963,93565.16334258701,46.78258167129351,0.0,SPY_MA_SSO_weekly_MA175,after_tax
2008-05-27,RISK,SELL,21705.720910198073,4.010858229107273,87058.56933137376,43.52928466568688,-6596.90587755022,SPY_MA_SSO_weekly_MA175,after_tax
2009-05-11,RISK,BUY,58867.87230107038,1.4774027133980838,86971.55426957329,43.485777134786645,0.0,SPY_MA_SSO_weekly_MA175,after_tax
2009-05-18,RISK,SELL,58867.87230107038,1.4062910569470146,82785.36235849415,41.39268117924708,-4271.070369393172,SPY_MA_SSO_weekly_MA175,after_tax
2009-05-26,RISK,BUY,60447.38083802881,1.368175381986125,82702.61836813085,41.35130918406542,0.0,SPY_MA_SSO_weekly_MA175,after_tax
2010-05-24,RISK,SELL,60447.38083802881,2.055191413354062,124230.93805805966,62.11546902902983,41424.852911715716,SPY_MA_SSO_weekly_MA175,after_tax
2010-06-21,RISK,BUY,53986.80417656663,2.2396767061212737,120912.98775218696,60.45649387609348,0.0,SPY_MA_SSO_weekly_MA175,after_tax
2010-06-28,RISK,SELL,53986.80417656663,2.0405987436998854,110165.40477907358,55.08270238953679,-10863.122169379014,SPY_MA_SSO_weekly_MA175,after_tax
2010-08-09,RISK,BUY,49657.99260915242,2.2162654720196064,110055.29442946932,55.02764721473466,0.0,SPY_MA_SSO_weekly_MA175,after_tax
2010-08-16,RISK,SELL,49657.99260915242,2.0089226735914303,99759.06727756196,49.879533638780984,-10401.134332760877,SPY_MA_SSO_weekly_MA175,after_tax
2010-09-13,RISK,BUY,45475.436305641764,2.1914986674361345,99659.35806489074,49.82967903244537,0.0,SPY_MA_SSO_weekly_MA175,after_tax
2011-06-27,RISK,SELL,45475.436305641764,2.8370465060367924,129015.92768141966,64.50796384070983,29242.231973655784,SPY_MA_SSO_weekly_MA175,after_tax
2011-07-05,RISK,BUY,40423.4675817142,3.1483459506050733,127267.06047030535,63.633530235152676,0.0,SPY_MA_SSO_weekly_MA175,after_tax
2011-08-08,RISK,SELL,40423.4675817142,2.388938567399874,96569.18073399557,48.28459036699778,-30809.79785691193,SPY_MA_SSO_weekly_MA175,after_tax
2011-10-31,RISK,BUY,34901.872921369446,2.7641112564665318,96472.65981372172,48.23632990686086,0.0,SPY_MA_SSO_weekly_MA175,after_tax
2011-11-07,RISK,SELL,34901.872921369446,2.682216743232983,93614.387919887,46.8071939599435,-2953.3154177015385,SPY_MA_SSO_weekly_MA175,after_tax
2011-11-14,RISK,BUY,34508.31063585498,2.710095585455834,93520.82031576918,46.760410157884586,0.0,SPY_MA_SSO_weekly_MA175,after_tax
2011-11-21,RISK,SELL,34508.31063585498,2.4551177255152337,84721.96511967342,42.360982559836714,-8887.976588813486,SPY_MA_SSO_weekly_MA175,after_tax
2011-12-12,RISK,BUY,32054.7552800697,2.640397181474984,84637.2854943664,42.3186427471832,0.0,SPY_MA_SSO_weekly_MA175,after_tax
2011-12-19,RISK,SELL,32054.7552800697,2.549790093014672,81732.89744713147,40.86644872356574,-2987.573138705673,SPY_MA_SSO_weekly_MA175,after_tax
2011-12-27,RISK,BUY,30013.305086113814,2.7205002968329346,81651.20539571006,40.82560269785503,0.0,SPY_MA_SSO_weekly_MA175,after_tax
2012-06-04,RISK,SELL,30013.305086113814,2.809597552610207,84325.30851568886,42.16265425784443,2591.1148630231037,SPY_MA_SSO_weekly_MA175,after_tax
2012-06-11,RISK,BUY,27472.366436103708,3.066391297039797,84241.02534875664,42.12051267437832,0.0,SPY_MA_SSO_weekly_MA175,after_tax
2012-11-19,RISK,SELL,27472.366436103708,3.2693421032372085,89816.56426511459,44.9082821325573,5488.510121551022,SPY_MA_SSO_weekly_MA175,after_tax
2012-11-26,RISK,BUY,26416.196546991374,3.396658274671566,89726.7925866887,44.86339629334435,0.0,SPY_MA_SSO_weekly_MA175,after_tax
2014-10-20,RISK,SELL,26416.196546991374,6.294836199085759,166285.63026616554,83.14281513308276,76430.83146805041,SPY_MA_SSO_weekly_MA175,after_tax
2014-10-27,RISK,BUY,23245.311062398665,6.806816604955954,158226.56932690158,79.11328466345078,0.0,SPY_MA_SSO_weekly_MA175,after_tax
2015-08-24,RISK,SELL,23245.311062398665,6.25295796116513,145351.9528673856,72.67597643369281,-13026.405720613111,SPY_MA_SSO_weekly_MA175,after_tax
2015-10-26,RISK,BUY,18924.478594942244,7.67295504738412,145206.67355417483,72.60333677708742,0.0,SPY_MA_SSO_weekly_MA175,after_tax
2015-11-16,RISK,SELL,18924.478594942244,7.298464383441565,138119.63300038825,69.05981650019413,-7228.703707063891,SPY_MA_SSO_weekly_MA175,after_tax
2015-11-23,RISK,BUY,17669.97926714576,7.808814051595654,137981.5823926917,68.99079119634585,0.0,SPY_MA_SSO_weekly_MA175,after_tax
2015-12-14,RISK,SELL,17669.97926714576,7.261842286542456,128316.60264448758,64.15830132224379,-9798.128840722711,SPY_MA_SSO_weekly_MA175,after_tax
2015-12-28,RISK,BUY,17018.296747540273,7.532384237371399,128188.3501680813,64.09417508404066,0.0,SPY_MA_SSO_weekly_MA175,after_tax
2016-01-04,RISK,SELL,17018.296747540273,7.20648781811078,122642.14819614329,61.32107409807165,-5671.617221120134,SPY_MA_SSO_weekly_MA175,after_tax
2016-03-07,RISK,BUY,17355.184318448166,7.059537086456668,122519.56733837603,61.25978366918802,0.0,SPY_MA_SSO_weekly_MA175,after_tax
2016-11-07,RISK,SELL,17355.184318448166,8.031190723787757,139382.79530794767,69.69139765397384,16732.276788248477,SPY_MA_SSO_weekly_MA175,after_tax
2016-11-14,RISK,BUY,16463.759271679406,8.45757520329714,139243.4821692091,69.62174108460455,0.0,SPY_MA_SSO_weekly_MA175,after_tax
2018-03-26,RISK,SELL,16463.759271679406,12.513112141762292,206012.8660415031,103.00643302075154,66596.75569818862,SPY_MA_SSO_weekly_MA175,after_tax
2018-04-02,RISK,BUY,15661.365616549847,12.523875973115315,196141.00055128295,98.07050027564148,0.0,SPY_MA_SSO_weekly_MA175,after_tax
2018-10-29,RISK,SELL,15661.365616549847,12.981956136431302,203315.1614706635,101.65758073533175,6974.432838369568,SPY_MA_SSO_weekly_MA175,after_tax
2018-11-12,RISK,BUY,14656.6294600077,13.761404046488598,201695.79995883396,100.84789997941698,0.0,SPY_MA_SSO_weekly_MA175,after_tax
2018-11-19,RISK,SELL,14656.6294600077,13.341703825966086,195544.40934235198,97.772204671176,-6350.010721132567,SPY_MA_SSO_weekly_MA175,after_tax
2018-12-03,RISK,BUY,13934.364340994029,14.019223114587883,195348.96265635264,97.67448132817633,0.0,SPY_MA_SSO_weekly_MA175,after_tax
2018-12-10,RISK,SELL,13934.364340994029,12.33801637864248,171922.41546515605,85.96120773257803,-23610.182880257344,SPY_MA_SSO_weekly_MA175,after_tax
2019-02-19,RISK,BUY,12693.583087115892,13.530504175946032,171750.5789679395,85.87528948396975,0.0,SPY_MA_SSO_weekly_MA175,after_tax
2020-03-02,RISK,SELL,12693.583087115892,15.436006553204635,195938.23171636843,97.96911585818422,24003.8083430868,SPY_MA_SSO_weekly_MA175,after_tax
2020-06-01,RISK,BUY,13338.254151691872,14.675263282487325,195742.39140480786,97.87119570240394,0.0,SPY_MA_SSO_weekly_MA175,after_tax
2022-01-24,RISK,SELL,13338.254151691872,29.372715778559456,391780.748179836,195.89037408991803,195744.59520523582,SPY_MA_SSO_weekly_MA175,after_tax
2022-02-07,RISK,BUY,11116.349694644641,31.74180069621029,352852.9564767883,176.42647823839417,0.0,SPY_MA_SSO_weekly_MA175,after_tax
2022-02-14,RISK,SELL,11116.349694644641,30.35537291856893,337440.9404741579,168.72047023707896,-15757.162951105856,SPY_MA_SSO_weekly_MA175,after_tax
2022-03-28,RISK,BUY,10537.75249895447,31.990091644616108,337103.66816983593,168.55183408491797,0.0,SPY_MA_SSO_weekly_MA175,after_tax
2022-04-11,RISK,SELL,10537.75249895447,30.831597703822,324895.7457502092,162.4478728751046,-12538.922126586724,SPY_MA_SSO_weekly_MA175,after_tax
2022-08-15,RISK,BUY,11810.027621682553,27.48266327296765,324571.01237114856,162.2855061855743,0.0,SPY_MA_SSO_weekly_MA175,after_tax
2022-08-22,RISK,SELL,11810.027621682553,26.470198507064936,312613.7755198572,156.3068877599286,-12275.829245236877,SPY_MA_SSO_weekly_MA175,after_tax
2022-11-28,RISK,BUY,13190.530738980993,23.676175292188198,312301.3179731107,156.15065898655536,0.0,SPY_MA_SSO_weekly_MA175,after_tax
2022-12-12,RISK,SELL,13190.530738980993,22.98983715856044,303248.15372415894,151.62407686207948,-9360.938984800363,SPY_MA_SSO_weekly_MA175,after_tax
2023-01-17,RISK,BUY,12877.015765998109,23.526029836716287,302945.05711873755,151.47252855936878,0.0,SPY_MA_SSO_weekly_MA175,after_tax
2023-03-13,RISK,SELL,12877.015765998109,21.268237470504747,273871.4292226814,136.9357146113407,-29362.036139226868,SPY_MA_SSO_weekly_MA175,after_tax
2023-03-27,RISK,BUY,11771.398828757257,23.24258133131526,273597.69466073974,136.79884733036988,0.0,SPY_MA_SSO_weekly_MA175,after_tax
2023-10-23,RISK,SELL,11771.398828757257,24.997019936267407,294249.89120019996,147.12494560009998,20368.27274652972,SPY_MA_SSO_weekly_MA175,after_tax
2023-11-06,RISK,BUY,10956.380641949374,26.82964365393923,293955.7883604196,146.9778941802098,0.0,SPY_MA_SSO_weekly_MA175,after_tax
2025-03-17,RISK,SELL,10956.380641949374,41.39679408362681,453559.03333661315,226.77951666830657,159229.487565345,SPY_MA_SSO_weekly_MA175,after_tax
2025-05-19,RISK,BUY,9827.2863112477,44.0344711876856,432739.3559257739,216.36967796288695,0.0,SPY_MA_SSO_weekly_MA175,after_tax
2026-03-16,RISK,SELL,9827.2863112477,54.62378355836002,536803.5604316286,268.4017802158143,103579.433047676,SPY_MA_SSO_weekly_MA175,after_tax
2026-04-13,RISK,BUY,9195.71873268206,56.0299193696557,515235.37913820834,257.6176895691042,0.0,SPY_MA_SSO_weekly_MA175,after_tax
2006-07-03,RISK,BUY,26561.98909254052,3.7628968462898555,99950.02498750626,49.97501249375313,0.0,SPY_MA_SSO_weekly_MA200,pre_tax
2006-07-17,RISK,SELL,26561.98909254052,3.5376846540380225,93967.94119340593,46.98397059670297,-6079.042777190785,SPY_MA_SSO_weekly_MA200,pre_tax
2006-07-31,RISK,BUY,24896.691844201097,3.770541917783663,93874.02021270289,46.937010106351444,0.0,SPY_MA_SSO_weekly_MA200,pre_tax
2007-08-06,RISK,SELL,24896.691844201097,4.600617678341657,114540.16063065613,57.270080315328066,20561.93332753156,SPY_MA_SSO_weekly_MA200,pre_tax
2007-08-13,RISK,BUY,24490.33847562802,4.672278328262296,114425.67771148507,57.21283885574254,0.0,SPY_MA_SSO_weekly_MA200,pre_tax
2007-11-12,RISK,SELL,24490.33847562802,4.5567274088454495,111595.79658379649,55.79789829189824,-2942.891864836245,SPY_MA_SSO_weekly_MA200,pre_tax
2007-12-03,RISK,BUY,23442.532411302655,4.755640499977495,111484.25655722598,55.74212827861299,0.0,SPY_MA_SSO_weekly_MA200,pre_tax
2007-12-17,RISK,SELL,23442.532411302655,4.623212556946891,108379.8102105689,54.18990510528445,-3214.3783800409874,SPY_MA_SSO_weekly_MA200,pre_tax
2007-12-24,RISK,BUY,22582.835355773183,4.794414999598489,108271.48456318204,54.13574228159102,0.0,SPY_MA_SSO_weekly_MA200,pre_tax
2007-12-31,RISK,SELL,22582.835355773183,4.687996727926458,105868.2582551666,52.9341291275833,-2510.2961794246075,SPY_MA_SSO_weekly_MA200,pre_tax
2008-05-19,RISK,BUY,24535.307655716264,4.310622242388963,105762.44290458673,52.88122145229337,0.0,SPY_MA_SSO_weekly_MA200,pre_tax
2008-05-27,RISK,SELL,24535.307655716264,4.010858229107273,98407.64061460826,49.20382030730413,-7456.887331738064,SPY_MA_SSO_weekly_MA200,pre_tax
2009-06-01,RISK,BUY,64050.963979909946,1.5348603056787682,98309.28215322435,49.15464107661218,0.0,SPY_MA_SSO_weekly_MA200,pre_tax
2010-05-24,RISK,SELL,64050.963979909946,2.055191413354062,131636.99118856122,65.81849559428062,33212.73589866597,SPY_MA_SSO_weekly_MA200,pre_tax
2010-06-21,RISK,BUY,58716.25115515879,2.2396767061212737,131505.41998297547,65.75270999148773,0.0,SPY_MA_SSO_weekly_MA200,pre_tax
2010-06-28,RISK,SELL,58716.25115515879,2.0405987436998854,119816.30834198397,59.908154170991985,-11814.77250515396,SPY_MA_SSO_weekly_MA200,pre_tax
2010-08-09,RISK,BUY,54008.21942273084,2.2162654720196064,119696.55191185705,59.84827595592853,0.0,SPY_MA_SSO_weekly_MA200,pre_tax
2010-08-16,RISK,SELL,54008.21942273084,2.0089226735914303,108498.33655862506,54.24916827931253,-11312.312797467224,SPY_MA_SSO_weekly_MA200,pre_tax
2010-09-13,RISK,BUY,49459.25546508799,2.1914986674361345,108389.89244412369,54.194946222061844,0.0,SPY_MA_SSO_weekly_MA200,pre_tax
2011-08-08,RISK,SELL,49459.25546508799,2.388938567399874,118155.1228954317,59.07756144771585,9651.957943638248,SPY_MA_SSO_weekly_MA200,pre_tax
2011-10-31,RISK,BUY,42703.42828800058,2.7641112564665318,118037.02682057371,59.01851341028686,0.0,SPY_MA_SSO_weekly_MA200,pre_tax
2011-11-07,RISK,SELL,42703.42828800058,2.682216743232983,114539.85034752415,57.269925173762076,-3613.4649116336077,SPY_MA_SSO_weekly_MA200,pre_tax
2011-11-14,RISK,BUY,42221.89370462185,2.710095585455834,114425.36773848115,57.21268386924057,0.0,SPY_MA_SSO_weekly_MA200,pre_tax
2011-11-21,RISK,SELL,42221.89370462185,2.4551177255152337,103659.71963903715,51.829859819518575,-10874.690643132752,SPY_MA_SSO_weekly_MA200,pre_tax
2011-12-12,RISK,BUY,39219.89935828792,2.640397181474984,103556.11172335596,51.778055861677984,0.0,SPY_MA_SSO_weekly_MA200,pre_tax
2011-12-19,RISK,SELL,39219.89935828792,2.549790093014672,100002.51083279503,50.00125541639751,-3655.3802018390124,SPY_MA_SSO_weekly_MA200,pre_tax
2011-12-27,RISK,BUY,36722.12732876041,2.7205002968329346,99902.55829822952,49.95127914911476,0.0,SPY_MA_SSO_weekly_MA200,pre_tax
2012-11-19,RISK,SELL,36722.12732876041,3.2693421032372085,120057.19699635415,60.028598498177075,20044.658820477343,SPY_MA_SSO_weekly_MA200,pre_tax
2012-11-26,RISK,BUY,35310.352145905556,3.396658274671566,119937.199797957,59.9685998989785,0.0,SPY_MA_SSO_weekly_MA200,pre_tax
2014-10-20,RISK,SELL,35310.352145905556,6.294836199085759,222272.8828905118,111.1364414452559,102164.57805121056,SPY_MA_SSO_weekly_MA200,pre_tax
2014-10-27,RISK,BUY,32621.816331418428,6.806816604955954,222050.7210885223,111.02536054426115,0.0,SPY_MA_SSO_weekly_MA200,pre_tax
2015-08-24,RISK,SELL,32621.816331418428,6.25295796116513,203982.8461372095,101.99142306860476,-18280.89173492565,SPY_MA_SSO_weekly_MA200,pre_tax
2015-10-26,RISK,BUY,26558.081465757827,7.67295504738412,203778.96523152516,101.88948261576259,0.0,SPY_MA_SSO_weekly_MA200,pre_tax
2015-11-16,RISK,SELL,26558.081465757827,7.298464383441565,193833.21167037304,96.91660583518653,-10144.559649603063,SPY_MA_SSO_weekly_MA200,pre_tax
2015-11-23,RISK,BUY,24797.552361655493,7.808814051595654,193639.4753268744,96.81973766343721,0.0,SPY_MA_SSO_weekly_MA200,pre_tax
2015-12-14,RISK,SELL,24797.552361655493,7.261842286542456,180075.9143426206,90.03795717131031,-13750.418679088529,SPY_MA_SSO_weekly_MA200,pre_tax
2015-12-28,RISK,BUY,23882.99942648937,7.532384237371399,179895.9284212387,89.94796421061935,0.0,SPY_MA_SSO_weekly_MA200,pre_tax
2016-01-04,RISK,SELL,23882.99942648937,7.20648781811078,172112.5444269424,86.0562722134712,-7959.388230720389,SPY_MA_SSO_weekly_MA200,pre_tax
2016-03-14,RISK,BUY,23687.740082799886,7.2586290331946985,171940.51789578106,85.97025894789053,0.0,SPY_MA_SSO_weekly_MA200,pre_tax
2018-10-29,RISK,SELL,23687.740082799886,12.981956136431302,307513.2027260937,153.75660136304685,135332.95797000168,SPY_MA_SSO_weekly_MA200,pre_tax
2018-11-12,RISK,BUY,22323.728172309326,13.761404046488598,307205.8432031291,153.60292160156453,0.0,SPY_MA_SSO_weekly_MA200,pre_tax
2018-11-19,RISK,SELL,22323.728172309326,13.341703825966086,297836.5695663262,148.9182847831631,-9671.794843187556,SPY_MA_SSO_weekly_MA200,pre_tax
2018-12-03,RISK,BUY,21223.6355330571,14.019223114587883,297538.8818406228,148.7694409203114,0.0,SPY_MA_SSO_weekly_MA200,pre_tax
2018-12-10,RISK,SELL,21223.6355330571,12.33801637864248,261857.562821197,130.9287814105985,-35961.01724175672,SPY_MA_SSO_weekly_MA200,pre_tax
2019-02-19,RISK,BUY,19333.783332832474,13.530504175946032,261595.83612172556,130.79791806086277,0.0,SPY_MA_SSO_weekly_MA200,pre_tax
2019-06-03,RISK,SELL,19333.783332832474,13.331679925472988,257751.81114176693,128.87590557088348,-4103.698803590378,SPY_MA_SSO_weekly_MA200,pre_tax
2019-06-10,RISK,BUY,17499.08555531545,14.714722510966272,257494.18814212497,128.7470940710625,0.0,SPY_MA_SSO_weekly_MA200,pre_tax
2020-03-02,RISK,SELL,17499.08555531545,15.436006553204635,270115.99930693785,135.05799965346893,12358.00607108837,SPY_MA_SSO_weekly_MA200,pre_tax
2020-06-01,RISK,BUY,18387.814453738298,14.675263282487325,269846.0182981354,134.9230091490677,0.0,SPY_MA_SSO_weekly_MA200,pre_tax
2022-01-24,RISK,SELL,18387.814453738298,29.372715778559456,540100.0477385425,270.0500238692713,269849.0564073888,SPY_MA_SSO_weekly_MA200,pre_tax
2022-01-31,RISK,BUY,17622.287125781655,30.618058470769444,539560.2176058703,269.78010880293516,0.0,SPY_MA_SSO_weekly_MA200,pre_tax
2022-02-14,RISK,SELL,17622.287125781655,30.35537291856893,534931.0973811983,267.4655486905992,-5166.365882165614,SPY_MA_SSO_weekly_MA200,pre_tax
2022-03-21,RISK,BUY,17258.94164844845,30.96345329284668,534396.4336156999,267.1982168078499,0.0,SPY_MA_SSO_weekly_MA200,pre_tax
2022-04-18,RISK,SELL,17258.94164844845,29.80452373661742,514394.5360300768,257.1972680150384,-20526.293070445943,SPY_MA_SSO_weekly_MA200,pre_tax
2022-12-05,RISK,BUY,21237.35273802397,24.197008210101163,513880.39856278035,256.94019928139016,0.0,SPY_MA_SSO_weekly_MA200,pre_tax
2022-12-12,RISK,SELL,21237.35273802397,22.98983715856044,488243.28112607874,244.12164056303936,-26138.179276545998,SPY_MA_SSO_weekly_MA200,pre_tax
2023-01-17,RISK,BUY,20732.57941224618,23.526029836716287,487755.28184459347,243.87764092229673,0.0,SPY_MA_SSO_weekly_MA200,pre_tax
2023-03-13,RISK,SELL,20732.57941224618,21.268237470504747,440945.4223157495,220.47271115787476,-47274.20988092414,SPY_MA_SSO_weekly_MA200,pre_tax
2023-03-20,RISK,BUY,19650.75266514086,22.416683206103855,440504.6972559637,220.25234862798186,0.0,SPY_MA_SSO_weekly_MA200,pre_tax
2023-10-30,RISK,SELL,19650.75266514086,24.234643293041422,476228.9812794718,238.1144906397359,35265.91718424042,SPY_MA_SSO_weekly_MA200,pre_tax
2023-11-06,RISK,BUY,17732.3633675557,26.82964365393923,475752.99029368523,237.87649514684261,0.0,SPY_MA_SSO_weekly_MA200,pre_tax
2025-03-17,RISK,SELL,17732.3633675557,41.39679408362681,734062.9949427505,367.0314974713753,257705.0966564471,SPY_MA_SSO_weekly_MA200,pre_tax
2025-05-19,RISK,BUY,16653.52799787816,44.0344711876856,733329.2987958812,366.6646493979406,0.0,SPY_MA_SSO_weekly_MA200,pre_tax
2026-03-23,RISK,SELL,16653.52799787816,53.139928955486916,884967.2946654576,442.48364733272876,150828.84757284564,SPY_MA_SSO_weekly_MA200,pre_tax
2026-04-13,RISK,BUY,15778.762125295929,56.0299193696557,884082.7696333082,442.0413848166541,0.0,SPY_MA_SSO_weekly_MA200,pre_tax
2006-07-03,RISK,BUY,26561.98909254052,3.7628968462898555,99950.02498750626,49.97501249375313,0.0,SPY_MA_SSO_weekly_MA200,after_tax
2006-07-17,RISK,SELL,26561.98909254052,3.5376846540380225,93967.94119340593,46.98397059670297,-6079.042777190785,SPY_MA_SSO_weekly_MA200,after_tax
2006-07-31,RISK,BUY,24896.691844201097,3.770541917783663,93874.02021270289,46.937010106351444,0.0,SPY_MA_SSO_weekly_MA200,after_tax
2007-08-06,RISK,SELL,24896.691844201097,4.600617678341657,114540.16063065613,57.270080315328066,20561.93332753156,SPY_MA_SSO_weekly_MA200,after_tax
2007-08-13,RISK,BUY,23860.939145308155,4.672278328262296,111484.94886060877,55.742474430304384,0.0,SPY_MA_SSO_weekly_MA200,after_tax
2007-11-12,RISK,SELL,23860.939145308155,4.5567274088454495,108727.79540421898,54.36389770210949,-2867.2598285222048,SPY_MA_SSO_weekly_MA200,after_tax
2007-12-03,RISK,BUY,22840.06159550078,4.755640499977495,108619.12194554412,54.30956097277206,0.0,SPY_MA_SSO_weekly_MA200,after_tax
2007-12-17,RISK,SELL,22840.06159550078,4.623212556946891,105594.45956975965,52.797229784879825,-3131.7691665421153,SPY_MA_SSO_weekly_MA200,after_tax
2007-12-24,RISK,BUY,22002.458671155604,4.794414999598489,105488.91788103427,52.744458940517134,0.0,SPY_MA_SSO_weekly_MA200,after_tax
2007-12-31,RISK,SELL,22002.458671155604,4.687996727926458,103147.45425671458,51.57372712835729,-2445.7818103885656,SPY_MA_SSO_weekly_MA200,after_tax
2008-05-19,RISK,BUY,23904.752621817184,4.310622242388963,103044.35835041103,51.522179175205515,0.0,SPY_MA_SSO_weekly_MA200,after_tax
2008-05-27,RISK,SELL,23904.752621817184,4.010858229107273,95878.57376798912,47.93928688399456,-7265.246048481116,SPY_MA_SSO_weekly_MA200,after_tax
2009-06-01,RISK,BUY,62404.86040010783,1.5348603056787682,95782.74310955036,47.891371554775176,0.0,SPY_MA_SSO_weekly_MA200,after_tax
2010-05-24,RISK,SELL,62404.86040010783,2.055191413354062,128253.93324586053,64.12696662293027,32359.171798132462,SPY_MA_SSO_weekly_MA200,after_tax
2010-06-21,RISK,BUY,55697.84498556612,2.2396767061212737,124745.16599532602,62.37258299766302,0.0,SPY_MA_SSO_weekly_MA200,after_tax
2010-06-28,RISK,SELL,55697.84498556612,2.0405987436998854,113656.95250433718,56.82847625216859,-11207.414550238682,SPY_MA_SSO_weekly_MA200,after_tax
2010-08-09,RISK,BUY,51231.83742444037,2.2162654720196064,113543.35235190907,56.77167617595453,0.0,SPY_MA_SSO_weekly_MA200,after_tax
2010-08-16,RISK,SELL,51231.83742444037,2.0089226735914303,102920.79981170825,51.460399905854125,-10730.784616282632,SPY_MA_SSO_weekly_MA200,after_tax
2010-09-13,RISK,BUY,46916.72049559915,2.1914986674361345,102817.9304465791,51.408965223289556,0.0,SPY_MA_SSO_weekly_MA200,after_tax
2011-08-08,RISK,SELL,46916.72049559915,2.388938567399874,112081.16304785694,56.04058152392847,9155.783054530606,SPY_MA_SSO_weekly_MA200,after_tax
2011-10-31,RISK,BUY,40508.18780736008,2.7641112564665318,111969.13789738432,55.984568948692164,0.0,SPY_MA_SSO_weekly_MA200,after_tax
2011-11-07,RISK,SELL,40508.18780736008,2.682216743232983,108651.7395749274,54.3258697874637,-3427.708761193091,SPY_MA_SSO_weekly_MA200,after_tax
2011-11-14,RISK,BUY,40051.407307029025,2.710095585455834,108543.1421340729,54.27157106703645,0.0,SPY_MA_SSO_weekly_MA200,after_tax
2011-11-21,RISK,SELL,40051.407307029025,2.4551177255152337,98330.92001131731,49.16546000565866,-10315.659153828266,SPY_MA_SSO_weekly_MA200,after_tax
2011-12-12,RISK,BUY,37203.73545366408,2.640397181474984,98232.63823219556,49.116319116097785,0.0,SPY_MA_SSO_weekly_MA200,after_tax
2011-12-19,RISK,SELL,37203.73545366408,2.549790093014672,94861.71608289139,47.430858041445696,-3467.4693264617235,SPY_MA_SSO_weekly_MA200,after_tax
2011-12-27,RISK,BUY,34834.365533532815,2.7205002968329346,94766.90177396296,47.383450886981485,0.0,SPY_MA_SSO_weekly_MA200,after_tax
2012-11-19,RISK,SELL,34834.365533532815,3.2693421032372085,113885.4578783339,56.94272893916695,19014.229924544794,SPY_MA_SSO_weekly_MA200,after_tax
2012-11-26,RISK,BUY,33495.16499293069,3.396658274671566,113771.62933472737,56.88581466736369,0.0,SPY_MA_SSO_weekly_MA200,after_tax
2014-10-20,RISK,SELL,33495.16499293069,6.294836199085759,210846.57709185017,105.42328854592509,96912.63865390951,SPY_MA_SSO_weekly_MA200,after_tax
2014-10-27,RISK,BUY,28381.42372699506,6.806816604955954,193187.14629720087,96.59357314860044,0.0,SPY_MA_SSO_weekly_MA200,after_tax
2015-08-24,RISK,SELL,28381.42372699506,6.25295796116513,177467.84944291468,88.73392472145734,-15904.624352156243,SPY_MA_SSO_weekly_MA200,after_tax
2015-10-26,RISK,BUY,23105.891952735208,7.67295504738412,177290.47028305172,88.64523514152586,0.0,SPY_MA_SSO_weekly_MA200,after_tax
2015-11-16,RISK,SELL,23105.891952735208,7.298464383441565,168637.529464687,84.3187647323435,-8825.904818238603,SPY_MA_SSO_weekly_MA200,after_tax
2015-11-23,RISK,BUY,21574.207696420144,7.808814051595654,168468.97621184873,84.23448810592437,0.0,SPY_MA_SSO_weekly_MA200,after_tax
2015-12-14,RISK,SELL,21574.207696420144,7.261842286542456,156668.49374851352,78.33424687425676,-11963.0511983154,SPY_MA_SSO_weekly_MA200,after_tax
2015-12-28,RISK,BUY,20778.53420877568,7.532384237371399,156511.90354986434,78.25595177493217,0.0,SPY_MA_SSO_weekly_MA200,after_tax
2016-01-04,RISK,SELL,20778.53420877568,7.20648781811078,149740.25365374004,74.87012682687002,-6924.775974726072,SPY_MA_SSO_weekly_MA200,after_tax
2016-03-14,RISK,BUY,20608.655925065003,7.2586290331946985,149590.58823279678,74.7952941163984,0.0,SPY_MA_SSO_weekly_MA200,after_tax
2018-10-29,RISK,SELL,20608.655925065003,12.981956136431302,267540.66724999895,133.77033362499947,117741.51338946074,SPY_MA_SSO_weekly_MA200,after_tax
2018-11-12,RISK,BUY,18328.26544277779,13.761404046488598,252222.6662293594,126.1113331146797,0.0,SPY_MA_SSO_weekly_MA200,after_tax
2018-11-19,RISK,SELL,18328.26544277779,13.341703825966086,244530.28918123042,122.26514459061521,-7940.753525834269,SPY_MA_SSO_weekly_MA200,after_tax
2018-12-03,RISK,BUY,17425.06550465674,14.019223114587883,244285.88109609176,122.14294054804589,0.0,SPY_MA_SSO_weekly_MA200,after_tax
2018-12-10,RISK,SELL,17425.06550465674,12.33801637864248,214990.74359537297,107.49537179768649,-29524.77581306451,SPY_MA_SSO_weekly_MA200,after_tax
2019-02-19,RISK,BUY,15873.455822529377,13.530504175946032,214775.8602934286,107.3879301467143,0.0,SPY_MA_SSO_weekly_MA200,after_tax
2019-06-03,RISK,SELL,15873.455822529377,13.331679925472988,211619.8323370972,105.80991616854861,-3369.2258026466297,SPY_MA_SSO_weekly_MA200,after_tax
2019-06-10,RISK,BUY,14367.129118761426,14.714722510966272,211408.31826179777,105.70415913089889,0.0,SPY_MA_SSO_weekly_MA200,after_tax
2020-03-02,RISK,SELL,14367.129118761426,15.436006553204635,221771.0992279385,110.88554961396926,10146.191257395869,SPY_MA_SSO_weekly_MA200,after_tax
2020-06-01,RISK,BUY,15096.794837284478,14.675263282487325,221549.43895884513,110.77471947942257,0.0,SPY_MA_SSO_weekly_MA200,after_tax
2022-01-24,RISK,SELL,15096.794837284478,29.372715778559456,443433.8639227807,221.71693196139037,221551.93331249474,SPY_MA_SSO_weekly_MA200,after_tax
2022-01-31,RISK,BUY,13202.539795580335,30.618058470769444,404236.13542373915,202.11806771186957,0.0,SPY_MA_SSO_weekly_MA200,after_tax
2022-02-14,RISK,SELL,13202.539795580335,30.35537291856893,400768.01896708785,200.38400948354393,-3870.6185338467476,SPY_MA_SSO_weekly_MA200,after_tax
2022-03-21,RISK,BUY,12930.322966414184,30.96345329284668,400367.4512319883,200.18372561599418,0.0,SPY_MA_SSO_weekly_MA200,after_tax
2022-04-18,RISK,SELL,12930.322966414184,29.80452373661742,385382.1177746209,192.69105888731045,-15378.208241870743,SPY_MA_SSO_weekly_MA200,after_tax
2022-12-05,RISK,BUY,15910.931008854595,24.197008210101163,384996.9282516078,192.4984641258039,0.0,SPY_MA_SSO_weekly_MA200,after_tax
2022-12-12,RISK,SELL,15910.931008854595,22.98983715856044,365789.71293465694,182.89485646732848,-19582.608637543977,SPY_MA_SSO_weekly_MA200,after_tax
2023-01-17,RISK,BUY,15532.757059368849,23.526029836716287,365424.10602517705,182.71205301258854,0.0,SPY_MA_SSO_weekly_MA200,after_tax
2023-03-13,RISK,SELL,15532.757059368849,21.268237470504747,330354.3657103157,165.17718285515787,-35417.62955072906,SPY_MA_SSO_weekly_MA200,after_tax
2023-03-20,RISK,BUY,14722.25723158627,22.416683206103855,330024.176439241,165.0120882196205,0.0,SPY_MA_SSO_weekly_MA200,after_tax
2023-10-30,RISK,SELL,14722.25723158627,24.234643293041422,356788.6524758928,178.39432623794642,26421.06962219422,SPY_MA_SSO_weekly_MA200,after_tax
2023-11-06,RISK,BUY,13285.008430451438,26.82964365393923,356432.0421285906,178.2160210642953,0.0,SPY_MA_SSO_weekly_MA200,after_tax
2025-03-17,RISK,SELL,13285.008430451438,41.39679408362681,549956.7583946444,274.97837919732217,193071.52186579217,SPY_MA_SSO_weekly_MA200,after_tax
2025-05-19,RISK,BUY,11807.013591379122,44.0344711876856,519915.5998021962,259.9577999010981,0.0,SPY_MA_SSO_weekly_MA200,after_tax
2026-03-23,RISK,SELL,11807.013591379122,53.139928955486916,627423.8634223549,313.71193171117744,106934.59388854646,SPY_MA_SSO_weekly_MA200,after_tax
2026-04-13,RISK,BUY,10799.298903622435,56.0299193696557,605083.8468187762,302.5419234093881,0.0,SPY_MA_SSO_weekly_MA200,after_tax
2006-06-21,RISK,BUY,27674.981572808407,3.6115660899196587,99950.02498750626,49.97501249375313,0.0,SPY_MA_SSO_weekly_MA225,pre_tax
2006-06-26,RISK,SELL,27674.981572808407,3.6049437205465584,99766.75103713738,49.88337551856869,-283.13233838119777,SPY_MA_SSO_weekly_MA225,pre_tax
2006-07-03,RISK,BUY,26486.78351170225,3.7628968462898555,99667.03414454655,49.833517072273274,0.0,SPY_MA_SSO_weekly_MA225,pre_tax
2006-07-17,RISK,SELL,26486.78351170225,3.5376846540380225,93701.88756417637,46.85094378208819,-6061.831041224534,SPY_MA_SSO_weekly_MA225,pre_tax
2006-07-31,RISK,BUY,24826.20125840305,3.770541917783663,93608.23250414222,46.80411625207111,0.0,SPY_MA_SSO_weekly_MA225,pre_tax
2007-11-12,RISK,SELL,24826.20125840305,4.5567274088454495,113126.23173167856,56.56311586583928,19414.631995418444,SPY_MA_SSO_weekly_MA225,pre_tax
2007-12-03,RISK,BUY,23764.02548412357,4.755640499977495,113013.16203479533,56.506581017397664,0.0,SPY_MA_SSO_weekly_MA225,pre_tax
2007-12-17,RISK,SELL,23764.02548412357,4.623212556946891,109866.141021806,54.933070510903,-3258.460664517639,SPY_MA_SSO_weekly_MA225,pre_tax
2007-12-24,RISK,BUY,22892.538463106244,4.794414999598489,109756.32978640191,54.87816489320096,0.0,SPY_MA_SSO_weekly_MA225,pre_tax
2008-01-07,RISK,SELL,22892.538463106244,4.364260865738536,99909.00973194878,49.95450486597439,-9952.152724212312,SPY_MA_SSO_weekly_MA225,pre_tax
2008-05-19,RISK,BUY,23154.23273936487,4.310622242388963,99809.15065175694,49.90457532587847,0.0,SPY_MA_SSO_weekly_MA225,pre_tax
2008-05-27,RISK,SELL,23154.23273936487,4.010858229107273,92868.34492134664,46.43417246067332,-7037.14447819686,SPY_MA_SSO_weekly_MA225,pre_tax
2009-06-15,RISK,BUY,60133.55865835608,1.5428244237878694,92775.52298739227,46.38776149369613,0.0,SPY_MA_SSO_weekly_MA225,pre_tax
2009-06-22,RISK,SELL,60133.55865835608,1.4654557587423136,88123.06982955663,44.06153491477831,-4742.902454244118,SPY_MA_SSO_weekly_MA225,pre_tax
2009-07-20,RISK,BUY,55975.15781350392,1.5727510959871545,88034.99079924222,44.01749539962111,0.0,SPY_MA_SSO_weekly_MA225,pre_tax
2010-06-07,RISK,SELL,55975.15781350392,1.997146043709488,111790.5649732536,55.8952824866268,23655.661396125128,SPY_MA_SSO_weekly_MA225,pre_tax
2010-06-14,RISK,BUY,52689.61455145028,2.1195605856364197,111678.83027562917,55.83941513781458,0.0,SPY_MA_SSO_weekly_MA225,pre_tax
2010-06-28,RISK,SELL,52689.61455145028,2.0405987436998854,107518.36125972064,53.75918062986032,-4270.067611676204,SPY_MA_SSO_weekly_MA225,pre_tax
2010-07-26,RISK,BUY,50444.33745921343,2.1292954182939177,107410.8966307754,53.7054483153877,0.0,SPY_MA_SSO_weekly_MA225,pre_tax
2010-08-16,RISK,SELL,50444.33745921343,2.0089226735914303,101338.77327611137,50.669386638055684,-6176.498189617472,SPY_MA_SSO_weekly_MA225,pre_tax
2010-09-07,RISK,BUY,48051.96641737232,2.1068333451240258,101237.48514689988,50.61874257344994,0.0,SPY_MA_SSO_weekly_MA225,pre_tax
2011-08-08,RISK,SELL,48051.96641737232,2.388938567399874,114793.1958138643,57.39659790693215,13447.695326484012,SPY_MA_SSO_weekly_MA225,pre_tax
2011-10-31,RISK,BUY,41488.36618557902,2.7641112564665318,114678.4599859644,57.3392299929822,0.0,SPY_MA_SSO_weekly_MA225,pre_tax
2011-11-07,RISK,SELL,41488.36618557902,2.682216743232983,111280.79043234118,55.64039521617059,-3510.649178832362,SPY_MA_SSO_weekly_MA225,pre_tax
2011-11-14,RISK,BUY,41020.532947659565,2.710095585455834,111169.56525449778,55.58478262724889,0.0,SPY_MA_SSO_weekly_MA225,pre_tax
2011-11-21,RISK,SELL,41020.532947659565,2.4551177255152337,100710.23754988065,50.35511877494033,-10565.267606019319,SPY_MA_SSO_weekly_MA225,pre_tax
2011-12-27,RISK,BUY,36982.013109650834,2.7205002968329346,100609.57764228458,50.30478882114229,0.0,SPY_MA_SSO_weekly_MA225,pre_tax
2015-08-24,RISK,SELL,36982.013109650834,6.25295796116513,231246.9732939044,115.6234866469522,130471.46737615172,SPY_MA_SSO_weekly_MA225,pre_tax
2015-10-26,RISK,BUY,30107.80598344216,7.67295504738412,231015.8418863143,115.50792094315716,0.0,SPY_MA_SSO_weekly_MA225,pre_tax
2015-11-16,RISK,SELL,30107.80598344216,7.298464383441565,219740.74963372143,109.87037481686072,-11500.470548352896,SPY_MA_SSO_weekly_MA225,pre_tax
2015-11-23,RISK,BUY,28111.966458555617,7.808814051595654,219521.11869955482,109.76055934977741,0.0,SPY_MA_SSO_weekly_MA225,pre_tax
2015-12-14,RISK,SELL,28111.966458555617,7.261842286542456,204144.66678660235,102.07233339330118,-15588.284805695555,SPY_MA_SSO_weekly_MA225,pre_tax
2015-12-28,RISK,BUY,27075.175364700768,7.532384237371399,203940.62414113848,101.97031207056925,0.0,SPY_MA_SSO_weekly_MA225,pre_tax
2016-01-04,RISK,SELL,27075.175364700768,7.20648781811078,195116.9214389292,97.55846071946459,-9023.231474999338,SPY_MA_SSO_weekly_MA225,pre_tax
2016-03-14,RISK,BUY,26853.81786778078,7.2586290331946985,194921.90202719613,97.46095101359806,0.0,SPY_MA_SSO_weekly_MA225,pre_tax
2018-10-29,RISK,SELL,26853.81786778078,12.981956136431302,348615.08565524523,174.30754282762263,153421.41513420787,SPY_MA_SSO_weekly_MA225,pre_tax
2018-11-12,RISK,BUY,25307.493596838864,13.761404046488598,348266.64479002263,174.13332239501133,0.0,SPY_MA_SSO_weekly_MA225,pre_tax
2018-11-19,RISK,SELL,25307.493596838864,13.341703825966086,337645.08414655726,168.82254207327864,-10964.516507933673,SPY_MA_SSO_weekly_MA225,pre_tax
2018-12-03,RISK,BUY,24060.363762211186,14.019223114587883,337307.6078005837,168.65380390029185,0.0,SPY_MA_SSO_weekly_MA225,pre_tax
2018-12-10,RISK,SELL,24060.363762211186,12.33801637864248,296857.1621742576,148.4285810871288,-40767.52801131352,SPY_MA_SSO_weekly_MA225,pre_tax
2019-02-19,RISK,BUY,21917.915955689226,13.530504175946032,296560.4533664872,148.28022668324363,0.0,SPY_MA_SSO_weekly_MA225,pre_tax
2019-06-03,RISK,SELL,21917.915955689226,13.331679925472988,292202.64015466615,146.10132007733307,-4652.194758581638,SPY_MA_SSO_weekly_MA225,pre_tax
2019-06-10,RISK,BUY,19837.994452513027,14.714722510966272,291910.58354281745,145.95529177140872,0.0,SPY_MA_SSO_weekly_MA225,pre_tax
2020-03-02,RISK,SELL,19837.994452513027,15.436006553204635,306219.4123714283,153.10970618571415,14009.763830653741,SPY_MA_SSO_weekly_MA225,pre_tax
2020-06-01,RISK,BUY,20845.509896732627,14.675263282487325,305913.34599224647,152.95667299612325,0.0,SPY_MA_SSO_weekly_MA225,pre_tax
2022-02-22,RISK,SELL,20845.509896732627,29.22190675239836,609145.546408518,304.572773204259,302774.6709700711,SPY_MA_SSO_weekly_MA225,pre_tax
2022-03-21,RISK,BUY,19653.386188137465,30.96345329284668,608536.7052826724,304.2683526413362,0.0,SPY_MA_SSO_weekly_MA225,pre_tax
2022-04-18,RISK,SELL,19653.386188137465,29.80452373661742,585759.8151492521,292.87990757462603,-23374.03839363635,SPY_MA_SSO_weekly_MA225,pre_tax
2022-12-05,RISK,BUY,24183.74796531084,24.197008210101163,585174.3480676437,292.58717403382184,0.0,SPY_MA_SSO_weekly_MA225,pre_tax
2022-12-12,RISK,SELL,24183.74796531084,22.98983715856044,555980.4276061635,277.99021380308176,-29764.49784931715,SPY_MA_SSO_weekly_MA225,pre_tax
2023-01-17,RISK,BUY,23608.944173105345,23.526029836716287,555424.7250298455,277.71236251492275,0.0,SPY_MA_SSO_weekly_MA225,pre_tax
2023-01-23,RISK,SELL,23608.944173105345,23.262130994653113,549194.3520002288,274.5971760001144,-6782.682568131713,SPY_MA_SSO_weekly_MA225,pre_tax
2023-01-30,RISK,BUY,22920.831590902184,23.936541304458817,548645.4321081747,274.3227160540873,0.0,SPY_MA_SSO_weekly_MA225,pre_tax
2023-03-13,RISK,SELL,22920.831590902184,21.268237470504747,487485.6892967548,243.7428446483774,-61677.808372122294,SPY_MA_SSO_weekly_MA225,pre_tax
2023-03-27,RISK,BUY,20952.85546327628,23.24258133131526,486998.4472284922,243.4992236142461,0.0,SPY_MA_SSO_weekly_MA225,pre_tax
2023-10-30,RISK,SELL,20952.85546327628,24.234643293041422,507784.9781231548,253.8924890615774,20289.1391819868,SPY_MA_SSO_weekly_MA225,pre_tax
2023-11-06,RISK,BUY,18907.349402538843,26.82964365393923,507277.4469106379,253.63872345531897,0.0,SPY_MA_SSO_weekly_MA225,pre_tax
2025-03-17,RISK,SELL,18907.349402538843,41.39679408362681,782703.6498840848,391.3518249420424,274781.21242504957,SPY_MA_SSO_weekly_MA225,pre_tax
2025-03-24,RISK,BUY,18271.2692135521,42.79512978827348,781921.3373904476,390.96066869522383,0.0,SPY_MA_SSO_weekly_MA225,pre_tax
2025-03-31,RISK,SELL,18271.2692135521,39.608746505981244,723702.0706221244,361.85103531106216,-58972.07847232965,SPY_MA_SSO_weekly_MA225,pre_tax
2025-05-19,RISK,BUY,16418.47195439663,44.0344711876856,722978.7302217025,361.4893651108512,0.0,SPY_MA_SSO_weekly_MA225,pre_tax
2026-03-30,RISK,SELL,16418.47195439663,50.2013687583798,824229.765031782,412.114882515891,100477.43056245276,SPY_MA_SSO_weekly_MA225,pre_tax
2026-04-06,RISK,BUY,15649.15878656806,52.61662677245129,823405.9471756783,411.70297358783915,0.0,SPY_MA_SSO_weekly_MA225,pre_tax
2006-06-21,RISK,BUY,27674.981572808407,3.6115660899196587,99950.02498750626,49.97501249375313,0.0,SPY_MA_SSO_weekly_MA225,after_tax
2006-06-26,RISK,SELL,27674.981572808407,3.6049437205465584,99766.75103713738,49.88337551856869,-283.13233838119777,SPY_MA_SSO_weekly_MA225,after_tax
2006-07-03,RISK,BUY,26486.78351170225,3.7628968462898555,99667.03414454655,49.833517072273274,0.0,SPY_MA_SSO_weekly_MA225,after_tax
2006-07-17,RISK,SELL,26486.78351170225,3.5376846540380225,93701.88756417637,46.85094378208819,-6061.831041224534,SPY_MA_SSO_weekly_MA225,after_tax
2006-07-31,RISK,BUY,24826.20125840305,3.770541917783663,93608.23250414222,46.80411625207111,0.0,SPY_MA_SSO_weekly_MA225,after_tax
2007-11-12,RISK,SELL,24826.20125840305,4.5567274088454495,113126.23173167856,56.56311586583928,19414.631995418444,SPY_MA_SSO_weekly_MA225,after_tax
2007-12-03,RISK,BUY,23205.998381114136,4.755640499977495,110359.38574363856,55.17969287181928,0.0,SPY_MA_SSO_weekly_MA225,after_tax
2007-12-17,RISK,SELL,23205.998381114136,4.623212556946891,107286.2631120561,53.64313155602805,-3181.9454560103186,SPY_MA_SSO_weekly_MA225,after_tax
2007-12-24,RISK,BUY,22354.975627734188,4.794414999598489,107179.03046526744,53.58951523263372,0.0,SPY_MA_SSO_weekly_MA225,after_tax
2008-01-07,RISK,SELL,22354.975627734188,4.364260865738536,97562.94528665907,48.781472643329536,-9718.45616648432,SPY_MA_SSO_weekly_MA225,after_tax
2008-05-19,RISK,BUY,22610.524796172078,4.310622242388963,97465.43109846652,48.73271554923326,0.0,SPY_MA_SSO_weekly_MA225,after_tax
2008-05-27,RISK,SELL,22610.524796172078,4.010858229107273,90687.60944316084,45.34380472158042,-6871.898175576498,SPY_MA_SSO_weekly_MA225,after_tax
2009-06-15,RISK,BUY,58721.50178465055,1.5428244237878694,90596.96715486184,45.29848357743092,0.0,SPY_MA_SSO_weekly_MA225,after_tax
2009-06-22,RISK,SELL,58721.50178465055,1.4654557587423136,86053.76295231319,43.026881476156596,-4631.5295676022215,SPY_MA_SSO_weekly_MA225,after_tax
2009-07-20,RISK,BUY,54660.748553337406,1.5727510959871545,85967.75219473967,42.98387609736984,0.0,SPY_MA_SSO_weekly_MA225,after_tax
2010-06-07,RISK,SELL,54660.748553337406,1.997146043709488,109165.49771949691,54.582748859748456,23100.17889980013,SPY_MA_SSO_weekly_MA225,after_tax
2010-06-14,RISK,BUY,51452.35645363884,2.1195605856364197,109056.38677724855,54.52819338862428,0.0,SPY_MA_SSO_weekly_MA225,after_tax
2010-06-28,RISK,SELL,51452.35645363884,2.0405987436998854,104993.6139396941,52.49680696984705,-4169.797837912949,SPY_MA_SSO_weekly_MA225,after_tax
2010-07-26,RISK,BUY,49259.80298232519,2.1292954182939177,104888.6727963261,52.444336398163045,0.0,SPY_MA_SSO_weekly_MA225,after_tax
2010-08-16,RISK,SELL,49259.80298232519,2.0089226735914303,98959.13510783984,49.47956755391992,-6031.46159243834,SPY_MA_SSO_weekly_MA225,after_tax
2010-09-07,RISK,BUY,46923.609623120145,2.1068333451240258,98860.22542757214,49.430112713786066,0.0,SPY_MA_SSO_weekly_MA225,after_tax
2011-08-08,RISK,SELL,46923.609623120145,2.388938567399874,112097.62075028759,56.048810375143795,13131.916399626527,SPY_MA_SSO_weekly_MA225,after_tax
2011-10-31,RISK,BUY,40394.61787167697,2.7641112564665318,111655.21795976645,55.82760897988322,0.0,SPY_MA_SSO_weekly_MA225,after_tax
2011-11-07,RISK,SELL,40394.61787167697,2.682216743232983,108347.12039191026,54.173560195955126,-3418.0987370320217,SPY_MA_SSO_weekly_MA225,after_tax
2011-11-14,RISK,BUY,39939.11801446653,2.710095585455834,108238.82741800531,54.11941370900266,0.0,SPY_MA_SSO_weekly_MA225,after_tax
2011-11-21,RISK,SELL,39939.11801446653,2.4551177255152337,98055.23657876156,49.027618289380776,-10286.737871242149,SPY_MA_SSO_weekly_MA225,after_tax
2011-12-27,RISK,BUY,36007.064751779755,2.7205002968329346,97957.23034529953,48.97861517264976,0.0,SPY_MA_SSO_weekly_MA225,after_tax
2015-08-24,RISK,SELL,36007.064751779755,6.25295796116513,225150.66219782954,112.57533109891477,127031.87790625847,SPY_MA_SSO_weekly_MA225,after_tax
2015-10-26,RISK,BUY,26315.12107259824,7.67295504738412,201914.74105651685,100.95737052825842,0.0,SPY_MA_SSO_weekly_MA225,after_tax
2015-11-16,RISK,SELL,26315.12107259824,7.298464383441565,192059.97389431082,96.02998694715541,-10051.754519681446,SPY_MA_SSO_weekly_MA225,after_tax
2015-11-23,RISK,BUY,24570.69775700526,7.808814051595654,191868.00990241248,95.93400495120625,0.0,SPY_MA_SSO_weekly_MA225,after_tax
2015-12-14,RISK,SELL,24570.69775700526,7.261842286542456,178428.53198167466,89.21426599083733,-13624.626191679854,SPY_MA_SSO_weekly_MA225,after_tax
2015-12-28,RISK,BUY,23664.51139534256,7.532384237371399,178250.19261937417,89.12509630968708,0.0,SPY_MA_SSO_weekly_MA225,after_tax
2016-01-04,RISK,SELL,23664.51139534256,7.20648781811078,170538.0130920799,85.26900654603995,-7886.57363015,SPY_MA_SSO_weekly_MA225,after_tax
2016-03-14,RISK,BUY,23471.03833606417,7.2586290331946985,170367.5603053812,85.1837801526906,0.0,SPY_MA_SSO_weekly_MA225,after_tax
2018-10-29,RISK,SELL,23471.03833606417,12.981956136431302,304699.9901552826,152.3499950776413,134094.89607467107,SPY_MA_SSO_weekly_MA225,after_tax
2018-11-12,RISK,BUY,20606.653724806172,13.761404046488598,283576.487953137,141.7882439765685,0.0,SPY_MA_SSO_weekly_MA225,after_tax
2018-11-19,RISK,SELL,20606.653724806172,13.341703825966086,274927.8708406048,137.46393542030242,-8927.86929192912,SPY_MA_SSO_weekly_MA225,after_tax
2018-12-03,RISK,BUY,19591.176923292438,14.019223114587883,274653.08036500204,137.32654018250102,0.0,SPY_MA_SSO_weekly_MA225,after_tax
2018-12-10,RISK,SELL,19591.176923292438,12.33801637864248,241716.2617564647,120.85813087823234,-33195.00327959811,SPY_MA_SSO_weekly_MA225,after_tax
2019-02-19,RISK,BUY,17846.68650571971,13.530504175946032,241474.66629244023,120.73733314622012,0.0,SPY_MA_SSO_weekly_MA225,after_tax
2019-06-03,RISK,SELL,17846.68650571971,13.331679925472988,237926.31222451312,118.96315611225657,-3788.054557185591,SPY_MA_SSO_weekly_MA225,after_tax
2019-06-10,RISK,BUY,16153.108197511268,14.714722510966272,237688.50481599287,118.84425240799644,0.0,SPY_MA_SSO_weekly_MA225,after_tax
2020-03-02,RISK,SELL,16153.108197511268,15.436006553204635,249339.48399140744,124.66974199570372,11407.465181010892,SPY_MA_SSO_weekly_MA225,after_tax
2020-06-01,RISK,BUY,16973.478725394,14.675263282487325,249090.26911485434,124.54513455742718,0.0,SPY_MA_SSO_weekly_MA225,after_tax
2022-02-22,RISK,SELL,16973.478725394,29.22190675239836,495997.4125772809,247.99870628864045,246534.59962158048,SPY_MA_SSO_weekly_MA225,after_tax
2022-03-21,RISK,BUY,14612.35797704807,30.96345329284668,452449.0637206835,226.22453186034176,0.0,SPY_MA_SSO_weekly_MA225,after_tax
2022-04-18,RISK,SELL,14612.35797704807,29.80452373661742,435514.3701748801,217.75718508744004,-17378.675262751174,SPY_MA_SSO_weekly_MA225,after_tax
2022-12-05,RISK,BUY,17980.697021520216,24.197008210101163,435079.0734530662,217.5395367265331,0.0,SPY_MA_SSO_weekly_MA225,after_tax
2022-12-12,RISK,SELL,17980.697021520216,22.98983715856044,413373.2965221625,206.68664826108125,-22130.003115891246,SPY_MA_SSO_weekly_MA225,after_tax
2023-01-17,RISK,BUY,17553.328490832053,23.526029836716287,412960.1298089969,206.48006490449848,0.0,SPY_MA_SSO_weekly_MA225,after_tax
2023-01-23,RISK,SELL,17553.328490832053,23.262130994653113,408327.82674591185,204.16391337295593,-5042.947041362524,SPY_MA_SSO_weekly_MA225,after_tax
2023-01-30,RISK,BUY,17041.71449803663,23.936541304458817,407919.7029810484,203.9598514905242,0.0,SPY_MA_SSO_weekly_MA225,after_tax
2023-03-13,RISK,SELL,17041.71449803663,21.268237470504747,362447.2308487866,181.2236154243933,-45857.65559917671,SPY_MA_SSO_weekly_MA225,after_tax
2023-03-27,RISK,BUY,15578.51770376044,23.24258133131526,362084.9647509867,181.04248237549336,0.0,SPY_MA_SSO_weekly_MA225,after_tax
2023-10-30,RISK,SELL,15578.51770376044,24.234643293041422,377539.819584965,188.7699097924825,15085.042441810307,SPY_MA_SSO_weekly_MA225,after_tax
2023-11-06,RISK,BUY,14057.677146434096,26.82964365393923,377162.46844095207,188.58123422047603,0.0,SPY_MA_SSO_weekly_MA225,after_tax
2025-03-17,RISK,SELL,14057.677146434096,41.39679408362681,581942.7661250388,290.9713830625194,204300.74506680376,SPY_MA_SSO_weekly_MA225,after_tax
2025-03-24,RISK,BUY,12972.799332068093,42.79512978827348,555172.6311330815,277.58631556654075,0.0,SPY_MA_SSO_weekly_MA225,after_tax
2025-03-31,RISK,SELL,12972.799332068093,39.608746505981244,513836.3202168479,256.91816010842393,-41870.81539190863,SPY_MA_SSO_weekly_MA225,after_tax
2025-05-19,RISK,BUY,11657.293180574152,44.0344711876856,513322.74068639625,256.66137034319814,0.0,SPY_MA_SSO_weekly_MA225,after_tax
2026-03-30,RISK,SELL,11657.293180574152,50.2013687583798,585212.0736825492,292.6060368412746,71340.06558896851,SPY_MA_SSO_weekly_MA225,after_tax
2026-04-06,RISK,BUY,10997.35013870693,52.61662677245129,578643.467734308,289.321733867154,0.0,SPY_MA_SSO_weekly_MA225,after_tax
2006-06-21,RISK,BUY,27674.981572808407,3.6115660899196587,99950.02498750626,49.97501249375313,0.0,SPY_MA_SSO_weekly_MA250,pre_tax
2006-07-17,RISK,SELL,27674.981572808407,3.5376846540380225,97905.35761090936,48.95267880545468,-2143.595067896109,SPY_MA_SSO_weekly_MA250,pre_tax
2006-07-31,RISK,BUY,25939.905539892454,3.770541917783663,97807.50118151316,48.90375059075658,0.0,SPY_MA_SSO_weekly_MA250,pre_tax
2007-11-12,RISK,SELL,25939.905539892454,4.5567274088454495,118201.07855648985,59.10053927824493,20285.573085107695,SPY_MA_SSO_weekly_MA250,pre_tax
2007-12-03,RISK,BUY,24830.080522170665,4.755640499977495,118082.93654893716,59.04146827446858,0.0,SPY_MA_SSO_weekly_MA250,pre_tax
2008-01-07,RISK,SELL,24830.080522170665,4.364260865738536,108364.9487160461,54.18247435802305,-9831.211775523552,SPY_MA_SSO_weekly_MA250,pre_tax
2009-07-20,RISK,BUY,68832.65775426356,1.5727510959871545,108256.63792272672,54.12831896136336,0.0,SPY_MA_SSO_weekly_MA250,pre_tax
2010-06-07,RISK,SELL,68832.65775426356,1.997146043709488,137468.87011193667,68.73443505596833,29089.36943519264,SPY_MA_SSO_weekly_MA250,pre_tax
2010-06-14,RISK,BUY,64792.424841526576,2.1195605856364197,137331.46994190977,68.66573497095489,0.0,SPY_MA_SSO_weekly_MA250,pre_tax
2010-07-06,RISK,SELL,64792.424841526576,1.8753010405129344,121505.30172267089,60.75265086133545,-15955.586605071163,SPY_MA_SSO_weekly_MA250,pre_tax
2010-07-26,RISK,BUY,57006.583539495834,2.1292954182939177,121383.85714323794,60.69192857161897,0.0,SPY_MA_SSO_weekly_MA250,pre_tax
2010-08-16,RISK,SELL,57006.583539495834,2.0089226735914303,114521.81821647719,57.26090910823859,-6979.991764440609,SPY_MA_SSO_weekly_MA250,pre_tax
2010-09-07,RISK,BUY,54302.99168908336,2.1068333451240258,114407.35363055367,57.203676815276836,0.0,SPY_MA_SSO_weekly_MA250,pre_tax
2011-08-08,RISK,SELL,54302.99168908336,2.388938567399874,129726.51117124608,64.86325558562304,15197.090608291517,SPY_MA_SSO_weekly_MA250,pre_tax
2011-10-31,RISK,BUY,46885.540221193405,2.7641112564665318,129596.84949091502,64.79842474545751,0.0,SPY_MA_SSO_weekly_MA250,pre_tax
2011-11-07,RISK,SELL,46885.540221193405,2.682216743232983,125757.18099680841,62.87859049840421,-3967.34550935046,SPY_MA_SSO_weekly_MA250,pre_tax
2011-11-14,RISK,BUY,46356.84709321701,2.710095585455834,125631.48666297852,62.815743331489266,0.0,SPY_MA_SSO_weekly_MA250,pre_tax
2011-11-21,RISK,SELL,46356.84709321701,2.4551177255152337,113811.51699755642,56.90575849877821,-11939.691167252357,SPY_MA_SSO_weekly_MA250,pre_tax
2011-12-12,RISK,BUY,43060.8558271391,2.640397181474984,113697.76235787872,56.84888117893936,0.0,SPY_MA_SSO_weekly_MA250,pre_tax
2011-12-19,RISK,SELL,43060.8558271391,2.549790093014672,109796.14358477239,54.8980717923862,-4013.3657260776527,SPY_MA_SSO_weekly_MA250,pre_tax
2011-12-27,RISK,BUY,40318.467319968804,2.7205002968329346,109686.4023118241,54.843201155912055,0.0,SPY_MA_SSO_weekly_MA250,pre_tax
2015-08-24,RISK,SELL,40318.467319968804,6.25295796116513,252109.68121037507,126.05484060518754,142242.38085678988,SPY_MA_SSO_weekly_MA250,pre_tax
2015-10-26,RISK,BUY,32824.08093956881,7.67295504738412,251857.6975210094,125.9288487605047,0.0,SPY_MA_SSO_weekly_MA250,pre_tax
2015-11-16,RISK,SELL,32824.08093956881,7.298464383441565,239565.3856566461,119.78269282832305,-12538.023405952117,SPY_MA_SSO_weekly_MA250,pre_tax
2015-11-23,RISK,BUY,30648.18017339227,7.808814051595654,239325.93999382088,119.66296999691045,0.0,SPY_MA_SSO_weekly_MA250,pre_tax
2015-12-14,RISK,SELL,30648.18017339227,7.261842286542456,222562.2507887121,111.28112539435605,-16994.633300500078,SPY_MA_SSO_weekly_MA250,pre_tax
2015-12-28,RISK,BUY,29517.85155360405,7.532384237371399,222339.79976343602,111.16989988171801,0.0,SPY_MA_SSO_weekly_MA250,pre_tax
2016-01-11,RISK,SELL,29517.85155360405,6.680310498069525,197188.41361399897,98.5942068069995,-25361.15025612578,SPY_MA_SSO_weekly_MA250,pre_tax
2016-03-14,RISK,BUY,27138.91601905142,7.2586290331946985,196991.32374531933,98.49566187265967,0.0,SPY_MA_SSO_weekly_MA250,pre_tax
2018-10-29,RISK,SELL,27138.91601905142,12.981956136431302,352316.2173496183,176.15810867480917,155050.23983375152,SPY_MA_SSO_weekly_MA250,pre_tax
2018-11-05,RISK,BUY,26437.77655182859,13.312922760821145,351964.0772023424,175.9820386011712,0.0,SPY_MA_SSO_weekly_MA250,pre_tax
2018-11-26,RISK,SELL,26437.77655182859,12.619813119780225,333639.79938658443,166.81989969329223,-18667.07975405245,SPY_MA_SSO_weekly_MA250,pre_tax
2018-12-03,RISK,BUY,23774.949838475935,14.019223114587883,333306.3263237293,166.65316316186465,0.0,SPY_MA_SSO_weekly_MA250,pre_tax
2018-12-10,RISK,SELL,23774.949838475935,12.33801637864248,293335.7205085195,146.66786025425975,-40283.92683862592,SPY_MA_SSO_weekly_MA250,pre_tax
2019-02-04,RISK,BUY,22646.125291531233,12.940073748163908,293042.531382574,146.521265691287,0.0,SPY_MA_SSO_weekly_MA250,pre_tax
2020-03-02,RISK,SELL,22646.125291531233,15.436006553204635,349565.73840476933,174.78286920238466,56201.902887301694,SPY_MA_SSO_weekly_MA250,pre_tax
2020-05-26,RISK,BUY,24050.59266802263,14.520072423254659,349216.34736188606,174.60817368094303,0.0,SPY_MA_SSO_weekly_MA250,pre_tax
2022-03-07,RISK,SELL,24050.59266802263,29.11002223647778,700113.2873666082,350.05664368330406,350372.2751873578,SPY_MA_SSO_weekly_MA250,pre_tax
2022-03-21,RISK,BUY,22588.356581096403,30.96345329284668,699413.5239609444,349.7067619804722,0.0,SPY_MA_SSO_weekly_MA250,pre_tax
2022-04-18,RISK,SELL,22588.356581096403,29.80452373661742,673235.2098924661,336.61760494623303,-26864.63843540498,SPY_MA_SSO_weekly_MA250,pre_tax
2023-01-30,RISK,BUY,28097.723166323583,23.936541304458817,672562.3111319538,336.2811555659769,0.0,SPY_MA_SSO_weekly_MA250,pre_tax
2023-02-27,RISK,SELL,28097.723166323583,23.428290087812076,658281.6091476666,329.1408045738333,-14946.123944427003,SPY_MA_SSO_weekly_MA250,pre_tax
2023-03-06,RISK,BUY,27389.750775773507,24.009844481553653,657623.6565148354,328.81182825741774,0.0,SPY_MA_SSO_weekly_MA250,pre_tax
2023-03-13,RISK,SELL,27389.750775773507,21.268237470504747,582531.7237570926,291.26586187854633,-75712.01044787874,SPY_MA_SSO_weekly_MA250,pre_tax
2023-03-27,RISK,BUY,25038.074508942922,23.24258133131526,581949.4831536373,290.97474157681864,0.0,SPY_MA_SSO_weekly_MA250,pre_tax
2023-10-30,RISK,SELL,25038.074508942922,24.234643293041422,606788.804468825,303.3944022344125,24244.95217137644,SPY_MA_SSO_weekly_MA250,pre_tax
2023-11-06,RISK,BUY,22593.752146914372,26.82964365393923,606182.318907137,303.09115945356854,0.0,SPY_MA_SSO_weekly_MA250,pre_tax
2025-03-31,RISK,SELL,22593.752146914372,39.608746505981244,894910.2014061009,447.45510070305045,287977.3362388072,SPY_MA_SSO_weekly_MA250,pre_tax
2025-05-05,RISK,BUY,22112.397129155503,40.43052108798316,894015.7384361798,447.0078692180899,0.0,SPY_MA_SSO_weekly_MA250,pre_tax
2026-03-30,RISK,SELL,22112.397129155503,50.2013687583798,1110072.6024124743,555.0363012062372,215054.81980587007,SPY_MA_SSO_weekly_MA250,pre_tax
2026-04-06,RISK,BUY,21076.286196849247,52.61662677245129,1108963.0845689836,554.4815422844919,0.0,SPY_MA_SSO_weekly_MA250,pre_tax
2006-06-21,RISK,BUY,27674.981572808407,3.6115660899196587,99950.02498750626,49.97501249375313,0.0,SPY_MA_SSO_weekly_MA250,after_tax
2006-07-17,RISK,SELL,27674.981572808407,3.5376846540380225,97905.35761090936,48.95267880545468,-2143.595067896109,SPY_MA_SSO_weekly_MA250,after_tax
2006-07-31,RISK,BUY,25939.905539892454,3.770541917783663,97807.50118151316,48.90375059075658,0.0,SPY_MA_SSO_weekly_MA250,after_tax
2007-11-12,RISK,SELL,25939.905539892454,4.5567274088454495,118201.07855648985,59.10053927824493,20285.573085107695,SPY_MA_SSO_weekly_MA250,after_tax
2007-12-03,RISK,BUY,24055.484338181966,4.755640499977495,114399.23556523248,57.19961778261624,0.0,SPY_MA_SSO_weekly_MA250,after_tax
2008-01-07,RISK,SELL,24055.484338181966,4.364260865738536,104984.40890351382,52.49220445175691,-9524.518483953041,SPY_MA_SSO_weekly_MA250,after_tax
2009-07-20,RISK,BUY,66685.36250152986,1.5727510959871545,104879.47696058177,52.439738480290885,0.0,SPY_MA_SSO_weekly_MA250,after_tax
2010-06-07,RISK,SELL,66685.36250152986,1.997146043709488,133180.4078932634,66.59020394663169,28181.900990254697,SPY_MA_SSO_weekly_MA250,after_tax
2010-06-14,RISK,BUY,60983.838744042754,2.1195605856364197,129258.94096268024,64.62947048134012,0.0,SPY_MA_SSO_weekly_MA250,after_tax
2010-07-06,RISK,SELL,60983.838744042754,1.8753010405129344,114363.05625117639,57.181528125588194,-15017.69571011077,SPY_MA_SSO_weekly_MA250,after_tax
2010-07-26,RISK,BUY,53655.65969207684,2.1292954182939177,114248.75034787686,57.12437517393843,0.0,SPY_MA_SSO_weekly_MA250,after_tax
2010-08-16,RISK,SELL,53655.65969207684,2.0089226735914303,107790.07132191895,53.89503566095948,-6569.698436792809,SPY_MA_SSO_weekly_MA250,after_tax
2010-09-07,RISK,BUY,51110.98861612121,2.1068333451240258,107682.33511869865,53.84116755934933,0.0,SPY_MA_SSO_weekly_MA250,after_tax
2011-08-08,RISK,SELL,51110.98861612121,2.388938567399874,122101.01192298789,61.05050596149395,14303.785130768389,SPY_MA_SSO_weekly_MA250,after_tax
2011-10-31,RISK,BUY,44129.54494711303,2.7641112564665318,121978.97193106088,60.98948596553044,0.0,SPY_MA_SSO_weekly_MA250,after_tax
2011-11-07,RISK,SELL,44129.54494711303,2.682216743232983,118365.00432839905,59.182502164199526,-3734.139590791543,SPY_MA_SSO_weekly_MA250,after_tax
2011-11-14,RISK,BUY,43631.92911408232,2.710095585455834,118246.69847699636,59.12334923849818,0.0,SPY_MA_SSO_weekly_MA250,after_tax
2011-11-21,RISK,SELL,43631.92911408232,2.4551177255152337,107121.52256640769,53.560761283203846,-11237.860021110391,SPY_MA_SSO_weekly_MA250,after_tax
2011-12-12,RISK,BUY,40529.68065889804,2.640397181474984,107014.45457783557,53.50722728891778,0.0,SPY_MA_SSO_weekly_MA250,after_tax
2011-12-19,RISK,SELL,40529.68065889804,2.549790093014672,103342.17821710659,51.671089108553296,-3777.4546771264577,SPY_MA_SSO_weekly_MA250,after_tax
2011-12-27,RISK,BUY,37948.49344598172,2.7205002968329346,103238.88768415595,51.61944384207798,0.0,SPY_MA_SSO_weekly_MA250,after_tax
2015-08-24,RISK,SELL,37948.49344598172,6.25295796116513,237290.33420727417,118.64516710363708,133881.18191217247,SPY_MA_SSO_weekly_MA250,after_tax
2015-10-26,RISK,BUY,28040.665562784277,7.67295504738412,215154.7663619757,107.57738318098785,0.0,SPY_MA_SSO_weekly_MA250,after_tax
2015-11-16,RISK,SELL,28040.665562784277,7.298464383441565,204653.79889797748,102.32689944898874,-10710.871746628196,SPY_MA_SSO_weekly_MA250,after_tax
2015-11-23,RISK,BUY,26181.856300325642,7.808814051595654,204449.24737484107,102.22462368742053,0.0,SPY_MA_SSO_weekly_MA250,after_tax
2015-12-14,RISK,SELL,26181.856300325642,7.261842286542456,190128.51122188277,95.06425561094139,-14518.025032256672,SPY_MA_SSO_weekly_MA250,after_tax
2015-12-28,RISK,BUY,25216.24916384929,7.532384237371399,189938.4777274081,94.96923886370406,0.0,SPY_MA_SSO_weekly_MA250,after_tax
2016-01-11,RISK,SELL,25216.24916384929,6.680310498069525,168452.37401119928,84.22618700559964,-21665.299142078147,SPY_MA_SSO_weekly_MA250,after_tax
2016-03-14,RISK,BUY,23183.993155139542,7.2586290331946985,168284.00582128303,84.14200291064152,0.0,SPY_MA_SSO_weekly_MA250,after_tax
2018-10-29,RISK,SELL,23183.993155139542,12.981956136431302,300973.58220734505,150.48679110367254,132454.9475920477,SPY_MA_SSO_weekly_MA250,after_tax
2018-11-05,RISK,BUY,21280.058775566282,13.312922760821145,283299.7788248481,141.64988941242407,0.0,SPY_MA_SSO_weekly_MA250,after_tax
2018-11-26,RISK,SELL,21280.058775566282,12.619813119780225,268550.3649255857,134.27518246279286,-15025.33897113771,SPY_MA_SSO_weekly_MA250,after_tax
2018-12-03,RISK,BUY,19136.720100386607,14.019223114587883,268281.9487687385,134.14097438436926,0.0,SPY_MA_SSO_weekly_MA250,after_tax
2018-12-10,RISK,SELL,19136.720100386607,12.33801637864248,236109.1660320667,118.05458301603336,-32424.978294072178,SPY_MA_SSO_weekly_MA250,after_tax
2019-02-04,RISK,BUY,18228.116736590346,12.940073748163908,235873.1748616199,117.93658743080995,0.0,SPY_MA_SSO_weekly_MA250,after_tax
2020-03-02,RISK,SELL,18228.116736590346,15.436006553204635,281369.32939858764,140.68466469929382,45237.53328483764,SPY_MA_SSO_weekly_MA250,after_tax
2020-05-26,RISK,BUY,19358.58806278192,14.520072423254659,281088.10068354657,140.5440503417733,0.0,SPY_MA_SSO_weekly_MA250,after_tax
2022-03-07,RISK,SELL,19358.58806278192,29.11002223647778,563528.928974395,281.76446448719753,282018.5197760195,SPY_MA_SSO_weekly_MA250,after_tax
2022-03-21,RISK,BUY,16346.741066611017,30.96345329284668,506151.55350626895,253.07577675313448,0.0,SPY_MA_SSO_weekly_MA250,after_tax
2022-04-18,RISK,SELL,16346.741066611017,29.80452373661742,487206.8321361468,243.6034160680734,-19441.400562943367,SPY_MA_SSO_weekly_MA250,after_tax
2023-01-30,RISK,BUY,20333.759276032975,23.936541304458817,486719.8687856859,243.35993439284297,0.0,SPY_MA_SSO_weekly_MA250,after_tax
2023-02-27,RISK,SELL,20333.759276032975,23.428290087812076,476385.21089464024,238.19260544732012,-10816.21043088584,SPY_MA_SSO_weekly_MA250,after_tax
2023-03-06,RISK,BUY,19821.413842265698,24.009844481553653,475909.0637573143,237.95453187865715,0.0,SPY_MA_SSO_weekly_MA250,after_tax
2023-03-13,RISK,SELL,19821.413842265698,21.268237470504747,421566.5365984568,210.7832682992284,-54791.26495903538,SPY_MA_SSO_weekly_MA250,after_tax
2023-03-27,RISK,BUY,18119.552847272138,23.24258133131526,421145.1807397877,210.57259036989385,0.0,SPY_MA_SSO_weekly_MA250,after_tax
2023-10-30,RISK,SELL,18119.552847272138,24.234643293041422,439120.8998830533,219.56044994152666,17545.58610295417,SPY_MA_SSO_weekly_MA250,after_tax
2023-11-06,RISK,BUY,16350.645729485337,26.82964365393923,438681.9984338948,219.3409992169474,0.0,SPY_MA_SSO_weekly_MA250,after_tax
2025-03-31,RISK,SELL,16350.645729485337,39.608746505981244,647628.5819082895,323.8142909541447,208403.42818422354,SPY_MA_SSO_weekly_MA250,after_tax
2025-05-05,RISK,BUY,15294.675953092914,40.43052108798316,618371.718655392,309.185859327696,0.0,SPY_MA_SSO_weekly_MA250,after_tax
2026-03-30,RISK,SELL,15294.675953092914,50.2013687583798,767813.6675611414,383.9068337805707,148748.85621264123,SPY_MA_SSO_weekly_MA250,after_tax
2026-04-06,RISK,BUY,14003.995586220537,52.61662677245129,736843.0090832212,368.4215045416106,0.0,SPY_MA_SSO_weekly_MA250,after_tax
2006-06-21,RISK,BUY,27674.981572808407,3.6115660899196587,99950.02498750626,49.97501249375313,0.0,SPY_MA_SSO_monthly_MA150,pre_tax
2007-08-01,RISK,SELL,27674.981572808407,4.683506037415258,129615.94328160418,64.8079716408021,29551.13530996337,SPY_MA_SSO_monthly_MA150,pre_tax
2007-09-04,RISK,BUY,27114.805158801733,4.7754867259989835,129486.39211390643,64.74319605695322,0.0,SPY_MA_SSO_monthly_MA150,pre_tax
2007-12-03,RISK,SELL,27114.805158801733,4.755640499977495,128948.26556219622,64.4741327810981,-667.3438805482583,SPY_MA_SSO_monthly_MA150,pre_tax
2008-06-02,RISK,BUY,31247.382135246717,4.122565569844617,128819.38173854587,64.40969086927294,0.0,SPY_MA_SSO_monthly_MA150,pre_tax
2008-07-01,RISK,SELL,31247.382135246717,3.391604265077398,105978.75452240604,52.989377261203025,-22958.026284270294,SPY_MA_SSO_monthly_MA150,pre_tax
2009-05-01,RISK,BUY,78492.14229484908,1.3488334709107208,105872.82873077947,52.93641436538974,0.0,SPY_MA_SSO_monthly_MA150,pre_tax
2010-06-01,RISK,SELL,78492.14229484908,2.0448479079924367,160504.4929654668,80.25224648273341,54498.47557383921,SPY_MA_SSO_monthly_MA150,pre_tax
2010-10-01,RISK,BUY,69496.24022549819,2.307233717455286,160344.06868464177,80.17203434232088,0.0,SPY_MA_SSO_monthly_MA150,pre_tax
2011-08-01,RISK,SELL,69496.24022549819,3.0057389664693024,208887.55726889128,104.44377863444564,48358.872771272756,SPY_MA_SSO_monthly_MA150,pre_tax
2011-12-01,RISK,BUY,79067.8908433789,2.639235369469576,208678.77410320524,104.33938705160263,0.0,SPY_MA_SSO_monthly_MA150,pre_tax
2012-06-01,RISK,SELL,79067.8908433789,2.855599306782755,225786.21428112735,112.89310714056367,16890.20768372994,SPY_MA_SSO_monthly_MA150,pre_tax
2012-07-02,RISK,BUY,70572.41245099368,3.1961574370178565,225560.54090353503,112.78027045176752,0.0,SPY_MA_SSO_monthly_MA150,pre_tax
2015-07-01,RISK,SELL,70572.41245099368,7.761558175480756,547751.88482241,273.87594241120496,321804.68770601193,SPY_MA_SSO_monthly_MA150,pre_tax
2015-08-03,RISK,BUY,68897.41898605324,7.942306326270798,547204.4066766604,273.6022033383302,0.0,SPY_MA_SSO_monthly_MA150,pre_tax
2015-09-01,RISK,SELL,68897.41898605324,6.626267773461516,456532.7471019601,228.26637355098006,-91173.52815158956,SPY_MA_SSO_monthly_MA150,pre_tax
2015-11-02,RISK,BUY,58904.38482563961,7.742656915222327,456076.4425071556,228.0382212535778,0.0,SPY_MA_SSO_monthly_MA150,pre_tax
2016-02-01,RISK,SELL,58904.38482563961,6.613946455477509,389590.4472296223,194.79522361481114,-66908.8287224017,SPY_MA_SSO_monthly_MA150,pre_tax
2016-04-01,RISK,BUY,52088.31480079423,7.4719455403524195,389201.0514802674,194.6005257401337,0.0,SPY_MA_SSO_monthly_MA150,pre_tax
2018-11-01,RISK,SELL,52088.31480079423,13.243374467740427,689825.0583004641,344.91252915023205,300084.4937653063,SPY_MA_SSO_monthly_MA150,pre_tax
2019-03-01,RISK,BUY,49557.83675481948,13.905683199848397,689135.5779823227,344.56778899116136,0.0,SPY_MA_SSO_monthly_MA150,pre_tax
2020-03-02,RISK,SELL,49557.83675481948,15.436006553204635,764975.092910039,382.4875464550195,75112.4595922702,SPY_MA_SSO_monthly_MA150,pre_tax
2020-06-01,RISK,BUY,52074.73865395623,14.675263282487325,764210.5001135273,382.1052500567637,0.0,SPY_MA_SSO_monthly_MA150,pre_tax
2022-03-01,RISK,SELL,52074.73865395623,29.635400614170223,1543255.7418882083,771.6278709441042,777891.5086536802,SPY_MA_SSO_monthly_MA150,pre_tax
2022-04-01,RISK,BUY,47945.41834869291,32.15559088829184,1541713.25738857,770.8566286942851,0.0,SPY_MA_SSO_monthly_MA150,pre_tax
2022-05-02,RISK,SELL,47945.41834869291,26.382579479570605,1264923.8102656535,632.4619051328268,-278192.76565674366,SPY_MA_SSO_monthly_MA150,pre_tax
2022-12-01,RISK,BUY,50942.77887177374,24.805468931758373,1263659.5186012203,631.8297593006101,0.0,SPY_MA_SSO_monthly_MA150,pre_tax
2023-01-03,RISK,SELL,50942.77887177374,21.942644766542635,1117819.300203865,558.9096501019325,-147030.95780675812,SPY_MA_SSO_monthly_MA150,pre_tax
2023-02-01,RISK,BUY,46115.93963057575,24.215098911127928,1116702.039533996,558.351019766998,0.0,SPY_MA_SSO_monthly_MA150,pre_tax
2023-11-01,RISK,SELL,46115.93963057575,24.88461812655356,1147577.5472540748,573.7887736270375,29743.367926684674,SPY_MA_SSO_monthly_MA150,pre_tax
2023-12-01,RISK,BUY,39228.70465328799,29.224277307682,1146430.5432088436,573.2152716044218,0.0,SPY_MA_SSO_monthly_MA150,pre_tax
2025-04-01,RISK,SELL,39228.70465328799,40.71270051197146,1597106.5040218954,798.5532520109477,449304.19228943647,SPY_MA_SSO_monthly_MA150,pre_tax
2025-06-02,RISK,BUY,36392.77319964595,43.84140188820704,1595510.1956720485,797.7550978360242,0.0,SPY_MA_SSO_monthly_MA150,pre_tax
2026-04-01,RISK,SELL,36392.77319964595,52.347155776245074,1905058.1678114233,952.5290839057117,307797.68795763305,SPY_MA_SSO_monthly_MA150,pre_tax
2026-05-01,RISK,BUY,30062.95250312469,63.30562713355779,1903154.0616966693,951.5770308483346,0.0,SPY_MA_SSO_monthly_MA150,pre_tax
2006-06-21,RISK,BUY,27674.981572808407,3.6115660899196587,99950.02498750626,49.97501249375313,0.0,SPY_MA_SSO_monthly_MA150,after_tax
2007-08-01,RISK,SELL,27674.981572808407,4.683506037415258,129615.94328160418,64.8079716408021,29551.13530996337,SPY_MA_SSO_monthly_MA150,after_tax
2007-09-04,RISK,BUY,25858.323186176633,4.7754867259989835,123486.07913217825,61.743039566089124,0.0,SPY_MA_SSO_monthly_MA150,after_tax
2007-12-03,RISK,SELL,25858.323186176633,4.755640499977495,122972.88900568869,61.48644450284434,-636.4196105584997,SPY_MA_SSO_monthly_MA150,after_tax
2008-06-02,RISK,BUY,29799.3993039218,4.122565569844617,122849.97757239964,61.424988786199826,0.0,SPY_MA_SSO_monthly_MA150,after_tax
2008-07-01,RISK,SELL,29799.3993039218,3.391604265077398,101067.76977592563,50.53388488796281,-21894.166670148174,SPY_MA_SSO_monthly_MA150,after_tax
2009-05-01,RISK,BUY,74854.86881238823,1.3488334709107208,100966.75251478028,50.48337625739014,0.0,SPY_MA_SSO_monthly_MA150,after_tax
2010-06-01,RISK,SELL,74854.86881238823,2.0448479079924367,153066.82189406035,76.53341094703018,51973.05259207565,SPY_MA_SSO_monthly_MA150,after_tax
2010-10-01,RISK,BUY,63684.741839759576,2.307233717455286,146935.58366012867,73.46779183006434,0.0,SPY_MA_SSO_monthly_MA150,after_tax
2011-08-01,RISK,SELL,63684.741839759576,3.0057389664693024,191419.71011730327,95.70985505865164,44314.94881028589,SPY_MA_SSO_monthly_MA150,after_tax
2011-12-01,RISK,BUY,69046.62818929604,2.639235369469576,182230.30325980516,91.11515162990258,0.0,SPY_MA_SSO_monthly_MA150,after_tax
2012-06-01,RISK,SELL,69046.62818929604,2.855599306782755,197169.5035930404,98.5847517965202,14749.500429808802,SPY_MA_SSO_monthly_MA150,after_tax
2012-07-02,RISK,BUY,60690.86797720293,3.1961574370178565,193977.569044406,96.988784522203,0.0,SPY_MA_SSO_monthly_MA150,after_tax
2015-07-01,RISK,SELL,60690.86797720293,7.761558175480756,471055.70252548263,235.5278512627413,276745.6168452917,SPY_MA_SSO_monthly_MA150,after_tax
2015-08-03,RISK,BUY,52175.28631301125,7.942306326270798,414392.1065588195,207.19605327940974,0.0,SPY_MA_SSO_monthly_MA150,after_tax
2015-09-01,RISK,SELL,52175.28631301125,6.626267773461516,345727.41826703417,172.8637091335171,-69044.74805419822,SPY_MA_SSO_monthly_MA150,after_tax
2015-11-02,RISK,BUY,44607.66729145071,7.742656915222327,345381.8636260876,172.69093181304382,0.0,SPY_MA_SSO_monthly_MA150,after_tax
2016-02-01,RISK,SELL,44607.66729145071,6.613946455477509,295032.7229694104,147.51636148470521,-50669.34794997494,SPY_MA_SSO_monthly_MA150,after_tax
2016-04-01,RISK,BUY,39445.929590538704,7.4719455403524195,294737.8376890812,147.36891884454062,0.0,SPY_MA_SSO_monthly_MA150,after_tax
2018-11-01,RISK,SELL,39445.929590538704,13.243374467740427,522397.21679562685,261.1986083978134,227250.8115793033,SPY_MA_SSO_monthly_MA150,after_tax
2019-03-01,RISK,BUY,35959.39208987319,13.905683199848397,500039.91446091095,250.01995723045547,0.0,SPY_MA_SSO_monthly_MA150,after_tax
2020-03-02,RISK,SELL,35959.39208987319,15.436006553204635,555069.4119485375,277.5347059742687,54501.9428244218,SPY_MA_SSO_monthly_MA150,after_tax
2020-06-01,RISK,BUY,37031.57299839014,14.675263282487325,543448.0835160239,271.724041758012,0.0,SPY_MA_SSO_monthly_MA150,after_tax
2022-03-01,RISK,SELL,37031.57299839014,29.635400614170223,1097445.5011801806,548.7227505900903,553176.9708718085,SPY_MA_SSO_monthly_MA150,after_tax
2022-04-01,RISK,BUY,30602.0457463773,32.15559088829184,984026.8633652999,492.01343168265,0.0,SPY_MA_SSO_monthly_MA150,after_tax
2022-05-02,RISK,SELL,30602.0457463773,26.382579479570605,807360.9041412546,403.6804520706273,-177561.65310779843,SPY_MA_SSO_monthly_MA150,after_tax
2022-12-01,RISK,BUY,32515.16626977357,24.805468931758373,806553.946715826,403.27697335791305,0.0,SPY_MA_SSO_monthly_MA150,after_tax
2023-01-03,RISK,SELL,32515.16626977357,21.942644766542635,713468.7429827106,356.7343714913553,-93845.2150779647,SPY_MA_SSO_monthly_MA150,after_tax
2023-02-01,RISK,BUY,29434.34728107916,24.215098911127928,712755.6307958213,356.37781539791064,0.0,SPY_MA_SSO_monthly_MA150,after_tax
2023-11-01,RISK,SELL,29434.34728107916,24.88461812655356,732462.4918940149,366.23124594700744,18984.252036848688,SPY_MA_SSO_monthly_MA150,after_tax
2023-12-01,RISK,BUY,25038.442790097582,29.224277307682,731730.3954503428,365.8651977251714,0.0,SPY_MA_SSO_monthly_MA150,after_tax
2025-04-01,RISK,SELL,25038.442790097582,40.71270051197146,1019382.622599374,509.691311299687,286776.6706400064,SPY_MA_SSO_monthly_MA150,after_tax
2025-06-02,RISK,BUY,23069.248871002856,43.84140188820704,1011388.2110127027,505.6941055063513,0.0,SPY_MA_SSO_monthly_MA150,after_tax
2026-04-01,RISK,SELL,23069.248871002856,52.347155776245074,1207609.5642913524,603.8047821456762,195111.85439099767,SPY_MA_SSO_monthly_MA150,after_tax
2026-05-01,RISK,BUY,18430.99020457181,63.30562713355779,1166785.3935928792,583.3926967964396,0.0,SPY_MA_SSO_monthly_MA150,after_tax
2006-06-21,RISK,BUY,27674.981572808407,3.6115660899196587,99950.02498750626,49.97501249375313,0.0,SPY_MA_SSO_monthly_MA175,pre_tax
2007-12-03,RISK,SELL,27674.981572808407,4.755640499977495,131612.2632037785,65.80613160188925,31546.457072176607,SPY_MA_SSO_monthly_MA175,pre_tax
2009-06-01,RISK,BUY,85662.98589347803,1.5348603056787682,131480.7167138197,65.74035835690985,0.0,SPY_MA_SSO_monthly_MA175,pre_tax
2010-06-01,RISK,SELL,85662.98589347803,2.0448479079924367,175167.77749666417,87.58388874833209,43533.73653573921,SPY_MA_SSO_monthly_MA175,pre_tax
2010-10-01,RISK,BUY,75845.24096340385,2.307233717455286,174992.6972592862,87.4963486296431,0.0,SPY_MA_SSO_monthly_MA175,pre_tax
2011-09-01,RISK,SELL,75845.24096340385,2.569805461092331,194907.51442561898,97.45375721280949,19729.86706049033,SPY_MA_SSO_monthly_MA175,pre_tax
2012-01-03,RISK,BUY,69871.50203590187,2.7867256126281554,194712.70431624804,97.35635215812403,0.0,SPY_MA_SSO_monthly_MA175,pre_tax
2015-09-01,RISK,SELL,69871.50203590187,6.626267773461516,462987.2822238472,231.4936411119236,267945.72791432915,SPY_MA_SSO_monthly_MA175,pre_tax
2015-11-02,RISK,BUY,59737.18471371715,7.742656915222327,462524.52631957555,231.26226315978778,0.0,SPY_MA_SSO_monthly_MA175,pre_tax
2016-01-04,RISK,SELL,59737.18471371715,7.20648781811078,430495.2939276362,215.24764696381808,-32475.74230206298,SPY_MA_SSO_monthly_MA175,pre_tax
2016-04-01,RISK,BUY,57557.3003645716,7.4719455403524195,430065.0137737855,215.03250688689275,0.0,SPY_MA_SSO_monthly_MA175,pre_tax
2018-11-01,RISK,SELL,57557.3003645716,13.243374467740427,762252.8820802344,381.1264410401172,331591.7093585219,SPY_MA_SSO_monthly_MA175,pre_tax
2018-12-03,RISK,BUY,54317.632575641655,14.019223114587883,761491.0101341272,380.7455050670636,0.0,SPY_MA_SSO_monthly_MA175,pre_tax
2019-01-02,RISK,SELL,54317.632575641655,10.809249178341002,587132.825287683,293.56641264384155,-175032.4967641551,SPY_MA_SSO_monthly_MA175,pre_tax
2019-03-01,RISK,BUY,42180.306961724316,13.905683199848397,586545.9858820982,293.2729929410491,0.0,SPY_MA_SSO_monthly_MA175,pre_tax
2020-03-02,RISK,SELL,42180.306961724316,15.436006553204635,651095.4946773596,325.5477473386798,63930.68805498164,SPY_MA_SSO_monthly_MA175,pre_tax
2020-06-01,RISK,BUY,44322.52505779185,14.675263282487325,650444.7245677371,325.22236228386856,0.0,SPY_MA_SSO_monthly_MA175,pre_tax
2022-03-01,RISK,SELL,44322.52505779185,29.635400614170223,1313515.7863192596,656.7578931596298,662089.0814960791,SPY_MA_SSO_monthly_MA175,pre_tax
2022-04-01,RISK,BUY,40807.92455412177,32.15559088829184,1312202.9269626187,656.1014634813093,0.0,SPY_MA_SSO_monthly_MA175,pre_tax
2022-05-02,RISK,SELL,40807.92455412177,26.382579479570605,1076618.3129454383,538.3091564727192,-236779.0246371345,SPY_MA_SSO_monthly_MA175,pre_tax
2022-12-01,RISK,BUY,43359.07680808305,24.805468931758373,1075542.2326726292,537.7711163363145,0.0,SPY_MA_SSO_monthly_MA175,pre_tax
2023-01-03,RISK,SELL,43359.07680808305,21.942644766542635,951412.8198050037,475.7064099025019,-125142.89039386436,SPY_MA_SSO_monthly_MA175,pre_tax
2023-02-01,RISK,BUY,39250.79496648656,24.215098911127928,950461.8824538742,475.23094122693715,0.0,SPY_MA_SSO_monthly_MA175,pre_tax
2023-11-01,RISK,SELL,39250.79496648656,24.88461812655356,976741.0439046687,488.37052195233434,25315.559987615212,SPY_MA_SSO_monthly_MA175,pre_tax
2023-12-01,RISK,BUY,33388.84245841486,29.224277307682,975764.7909872228,487.8823954936114,0.0,SPY_MA_SSO_monthly_MA175,pre_tax
2025-04-01,RISK,SELL,33388.84245841486,40.71270051197146,1359349.9434508411,679.6749717254206,382417.5950963994,SPY_MA_SSO_monthly_MA175,pre_tax
2025-06-02,RISK,BUY,30975.087801833786,43.84140188820704,1357991.2728426945,678.9956364213473,0.0,SPY_MA_SSO_monthly_MA175,pre_tax
2026-04-01,RISK,SELL,30975.087801833786,52.347155776245074,1621457.7463454618,810.7288731727309,261976.74899317324,SPY_MA_SSO_monthly_MA175,pre_tax
2026-05-01,RISK,BUY,25587.56894557586,63.30562713355779,1619837.0989228277,809.9185494614139,0.0,SPY_MA_SSO_monthly_MA175,pre_tax
2006-06-21,RISK,BUY,27674.981572808407,3.6115660899196587,99950.02498750626,49.97501249375313,0.0,SPY_MA_SSO_monthly_MA175,after_tax
2007-12-03,RISK,SELL,27674.981572808407,4.755640499977495,131612.2632037785,65.80613160188925,31546.457072176607,SPY_MA_SSO_monthly_MA175,after_tax
2009-06-01,RISK,BUY,81489.66796968962,1.5348603056787682,125075.25668961914,62.53762834480957,0.0,SPY_MA_SSO_monthly_MA175,after_tax
2010-06-01,RISK,SELL,81489.66796968962,2.0448479079924367,166633.97707081807,83.31698853540904,41412.86576431872,SPY_MA_SSO_monthly_MA175,after_tax
2010-10-01,RISK,BUY,68505.67669106333,2.307233717455286,158058.60709871197,79.02930354935599,0.0,SPY_MA_SSO_monthly_MA175,after_tax
2011-09-01,RISK,SELL,68505.67669106333,2.569805461092331,176046.26207652016,88.02313103826008,17820.602543220564,SPY_MA_SSO_monthly_MA175,after_tax
2012-01-03,RISK,BUY,61811.56007231413,2.7867256126281554,172251.85761002163,86.12592880501082,0.0,SPY_MA_SSO_monthly_MA175,after_tax
2015-09-01,RISK,SELL,61811.56007231413,6.626267773461516,409579.9485345557,204.78997426727784,237037.17502146174,SPY_MA_SSO_monthly_MA175,after_tax
2015-11-02,RISK,BUY,46630.057374331955,7.742656915222327,361040.53618658514,180.52026809329257,0.0,SPY_MA_SSO_monthly_MA175,after_tax
2016-01-04,RISK,SELL,46630.057374331955,7.20648781811078,336038.94042592996,168.019470212965,-25350.135498961434,SPY_MA_SSO_monthly_MA175,after_tax
2016-04-01,RISK,BUY,44928.46844346417,7.4719455403524195,335703.0694210065,167.85153471050324,0.0,SPY_MA_SSO_monthly_MA175,after_tax
2018-11-01,RISK,SELL,44928.46844346417,13.243374467740427,595004.5318588548,297.50226592942744,258836.10863720835,SPY_MA_SSO_monthly_MA175,after_tax
2018-12-03,RISK,BUY,39017.91484820869,14.019223114587883,547000.853723029,273.50042686151454,0.0,SPY_MA_SSO_monthly_MA175,after_tax
2019-01-02,RISK,SELL,39017.91484820869,10.809249178341002,421754.364013579,210.8771820067895,-125730.86731831828,SPY_MA_SSO_monthly_MA175,after_tax
2019-03-01,RISK,BUY,30299.325417247746,13.905683199848397,421332.82042136154,210.66641021068077,0.0,SPY_MA_SSO_monthly_MA175,after_tax
2020-03-02,RISK,SELL,30299.325417247746,15.436006553204635,467700.585698316,233.850292849158,45923.24857389461,SPY_MA_SSO_monthly_MA175,after_tax
2020-06-01,RISK,BUY,31838.14217518093,14.675263282487325,467233.1188460438,233.61655942302193,0.0,SPY_MA_SSO_monthly_MA175,after_tax
2022-03-01,RISK,SELL,31838.14217518093,29.635400614170223,943536.0981723957,471.7680490861979,475597.59471784264,SPY_MA_SSO_monthly_MA175,after_tax
2022-04-01,RISK,BUY,26814.263350300414,32.15559088829184,862228.4822631779,431.1142411315889,0.0,SPY_MA_SSO_monthly_MA175,after_tax
2022-05-02,RISK,SELL,26814.263350300414,26.382579479570605,707429.4340254378,353.7147170127189,-155583.87719588436,SPY_MA_SSO_monthly_MA175,after_tax
2022-12-01,RISK,BUY,28490.58649419628,24.805468931758373,706722.3581293605,353.36117906468024,0.0,SPY_MA_SSO_monthly_MA175,after_tax
2023-01-03,RISK,SELL,28490.58649419628,21.942644766542635,625158.8186326063,312.57940931630316,-82229.4800851352,SPY_MA_SSO_monthly_MA175,after_tax
2023-02-01,RISK,BUY,25791.097303764058,24.215098911127928,624533.9722371715,312.26698611858575,0.0,SPY_MA_SSO_monthly_MA175,after_tax
2023-11-01,RISK,SELL,25791.097303764058,24.88461812655356,641801.6074689537,320.9008037344769,16634.467441929155,SPY_MA_SSO_monthly_MA175,after_tax
2023-12-01,RISK,BUY,21939.297928622538,29.224277307682,641160.1266019184,320.5800633009592,0.0,SPY_MA_SSO_monthly_MA175,after_tax
2025-04-01,RISK,SELL,21939.297928622538,40.71270051197146,893208.0660109252,446.6040330054626,251280.75531270052,SPY_MA_SSO_monthly_MA175,after_tax
2025-06-02,RISK,BUY,20213.841899570394,43.84140188820704,886203.166423744,443.101583211872,0.0,SPY_MA_SSO_monthly_MA175,after_tax
2026-04-01,RISK,SELL,20213.841899570394,52.347155776245074,1058137.130753201,529.0685653766005,170961.79418086843,SPY_MA_SSO_monthly_MA175,after_tax
2026-05-01,RISK,BUY,16149.685849375006,63.30562713355779,1022365.9907046286,511.1829953523143,0.0,SPY_MA_SSO_monthly_MA175,after_tax
2006-06-21,RISK,BUY,27674.981572808407,3.6115660899196587,99950.02498750626,49.97501249375313,0.0,SPY_MA_SSO_monthly_MA200,pre_tax
2008-01-02,RISK,SELL,27674.981572808407,4.656629587952916,128872.13803799136,64.43606901899568,28807.701968972353,SPY_MA_SSO_monthly_MA200,pre_tax
2009-06-01,RISK,BUY,83879.50996418903,1.5348603056787682,128743.33030382046,64.37166515191024,0.0,SPY_MA_SSO_monthly_MA200,pre_tax
2010-06-01,RISK,SELL,83879.50996418903,2.0448479079924367,171520.84047370267,85.76042023685133,42627.37808449345,SPY_MA_SSO_monthly_MA200,pre_tax
2010-10-01,RISK,BUY,74266.1673390317,2.307233717455286,171349.40535079045,85.67470267539522,0.0,SPY_MA_SSO_monthly_MA200,pre_tax
2011-09-01,RISK,SELL,74266.1673390317,2.569805461092331,190849.6024022406,95.4248012011203,19319.09754757362,SPY_MA_SSO_monthly_MA200,pre_tax
2012-01-03,RISK,BUY,68416.7997426704,2.7867256126281554,190658.848176951,95.3294240884755,0.0,SPY_MA_SSO_monthly_MA200,pre_tax
2015-09-01,RISK,SELL,68416.7997426704,6.626267773461516,453348.035298227,226.6740176491135,262367.18367953843,SPY_MA_SSO_monthly_MA200,pre_tax
2015-11-02,RISK,BUY,58493.47566121125,7.742656915222327,452894.9138236661,226.44745691183306,0.0,SPY_MA_SSO_monthly_MA200,pre_tax
2016-01-04,RISK,SELL,58493.47566121125,7.20648781811078,421532.51979147823,210.76625989573913,-31799.607748995477,SPY_MA_SSO_monthly_MA200,pre_tax
2016-04-01,RISK,BUY,56358.97580601935,7.4719455403524195,421111.19793261617,210.55559896630808,0.0,SPY_MA_SSO_monthly_MA200,pre_tax
2018-11-01,RISK,SELL,56358.97580601935,13.243374467740427,746383.0212174371,373.19151060871854,324688.07617524586,SPY_MA_SSO_monthly_MA200,pre_tax
2018-12-03,RISK,BUY,53186.75686282114,14.019223114587883,745637.0112012278,372.8185056006139,0.0,SPY_MA_SSO_monthly_MA200,pre_tax
2019-01-02,RISK,SELL,53186.75686282114,10.809249178341002,574908.9079180721,287.454453959036,-171388.37624271528,SPY_MA_SSO_monthly_MA200,pre_tax
2019-03-01,RISK,BUY,41302.126480719344,13.905683199848397,574334.2863209526,287.1671431604763,0.0,SPY_MA_SSO_monthly_MA200,pre_tax
2019-06-03,RISK,SELL,41302.126480719344,13.331679925472988,550626.7304823524,275.3133652411762,-24270.03634700179,SPY_MA_SSO_monthly_MA200,pre_tax
2019-07-01,RISK,BUY,35317.80620494333,15.575043810355778,550076.3789276475,275.03818946382376,0.0,SPY_MA_SSO_monthly_MA200,pre_tax
2020-03-02,RISK,SELL,35317.80620494333,15.436006553204635,545165.8880243165,272.58294401215824,-5458.1120368068805,SPY_MA_SSO_monthly_MA200,pre_tax
2020-06-01,RISK,BUY,37111.49736120472,14.675263282487325,544620.9945830129,272.31049729150646,0.0,SPY_MA_SSO_monthly_MA200,pre_tax
2022-03-01,RISK,SELL,37111.49736120472,29.635400614170223,1099814.091691023,549.9070458455114,554370.8795648732,SPY_MA_SSO_monthly_MA200,pre_tax
2022-04-01,RISK,BUY,34168.70276302758,32.15559088829184,1098714.8272315618,549.3574136157808,0.0,SPY_MA_SSO_monthly_MA200,pre_tax
2022-05-02,RISK,SELL,34168.70276302758,26.382579479570605,901458.5163593988,450.72925817969946,-198256.3975439584,SPY_MA_SSO_monthly_MA200,pre_tax
2022-12-01,RISK,BUY,36304.79676979879,24.805468931758373,900557.5083470457,450.2787541735229,0.0,SPY_MA_SSO_monthly_MA200,pre_tax
2023-01-03,RISK,SELL,36304.79676979879,21.942644766542635,796623.2588412195,398.31162942060973,-104782.83988942043,SPY_MA_SSO_monthly_MA200,pre_tax
2023-02-01,RISK,BUY,32864.909477170586,24.215098911127928,795827.0336949514,397.9135168474757,0.0,SPY_MA_SSO_monthly_MA200,pre_tax
2023-11-01,RISK,SELL,32864.909477170586,24.88461812655356,817830.722103141,408.9153610515705,21196.859530290472,SPY_MA_SSO_monthly_MA200,pre_tax
2023-12-01,RISK,BUY,27956.66395751317,29.224277307682,817013.3000920435,408.5066500460217,0.0,SPY_MA_SSO_monthly_MA200,pre_tax
2025-04-01,RISK,SELL,27956.66395751317,40.71270051197146,1138191.2870160607,569.0956435080303,320200.3846304632,SPY_MA_SSO_monthly_MA200,pre_tax
2025-06-02,RISK,BUY,25935.61372511996,43.84140188820704,1137053.6645402827,568.5268322701413,0.0,SPY_MA_SSO_monthly_MA200,pre_tax
2026-04-01,RISK,SELL,25935.61372511996,52.347155776245074,1357655.6118213744,678.8278059106872,219354.59264291078,SPY_MA_SSO_monthly_MA200,pre_tax
2026-05-01,RISK,BUY,21424.614147438908,63.30562713355779,1356298.6346981146,678.1493173490574,0.0,SPY_MA_SSO_monthly_MA200,pre_tax
2006-06-21,RISK,BUY,27674.981572808407,3.6115660899196587,99950.02498750626,49.97501249375313,0.0,SPY_MA_SSO_monthly_MA200,after_tax
2008-01-02,RISK,SELL,27674.981572808407,4.656629587952916,128872.13803799136,64.43606901899568,28807.701968972353,SPY_MA_SSO_monthly_MA200,after_tax
2009-06-01,RISK,BUY,80068.50517543568,1.5348603056787682,122893.97032881124,61.44698516440562,0.0,SPY_MA_SSO_monthly_MA200,after_tax
2010-06-01,RISK,SELL,80068.50517543568,2.0448479079924367,163727.91530407124,81.86395765203562,40690.63403244356,SPY_MA_SSO_monthly_MA200,after_tax
2010-10-01,RISK,BUY,67310.95199363616,2.307233717455286,155302.09799373144,77.65104899686573,0.0,SPY_MA_SSO_monthly_MA200,after_tax
2011-09-01,RISK,SELL,67310.95199363616,2.569805461092331,172976.05202456994,86.48802601228498,17509.81495582935,SPY_MA_SSO_monthly_MA200,after_tax
2012-01-03,RISK,BUY,60733.579370978616,2.7867256126281554,169247.8211796911,84.62391058984555,0.0,SPY_MA_SSO_monthly_MA200,after_tax
2015-09-01,RISK,SELL,60733.579370978616,6.626267773461516,402436.9597528827,201.21847987644136,232903.29618272532,SPY_MA_SSO_monthly_MA200,after_tax
2015-11-02,RISK,BUY,45816.838910133825,7.742656915222327,354744.064621175,177.3720323105875,0.0,SPY_MA_SSO_monthly_MA200,after_tax
2016-01-04,RISK,SELL,45816.838910133825,7.20648781811078,330178.4914702234,165.08924573511172,-24908.034428997256,SPY_MA_SSO_monthly_MA200,after_tax
2016-04-01,RISK,BUY,44144.92533492663,7.4719455403524195,329848.4779854956,164.9242389927478,0.0,SPY_MA_SSO_monthly_MA200,after_tax
2018-11-01,RISK,SELL,44144.92533492663,13.243374467740427,584627.7770608749,292.31388853043745,254322.06094785605,SPY_MA_SSO_monthly_MA200,after_tax
2018-12-03,RISK,BUY,38337.45056024194,14.019223114587883,537461.2730485139,268.73063652425697,0.0,SPY_MA_SSO_monthly_MA200,after_tax
2019-01-02,RISK,SELL,38337.45056024194,10.809249178341002,414399.05596798396,207.199527983992,-123538.14724503824,SPY_MA_SSO_monthly_MA200,after_tax
2019-03-01,RISK,BUY,29770.911508505338,13.905683199848397,413984.864007996,206.992432003998,0.0,SPY_MA_SSO_monthly_MA200,after_tax
2019-06-03,RISK,SELL,29770.911508505338,13.331679925472988,396896.2633209734,198.4481316604867,-17494.041250687093,SPY_MA_SSO_monthly_MA200,after_tax
2019-07-01,RISK,BUY,25457.364373060627,15.575043810355778,396499.5654066096,198.24978270330482,0.0,SPY_MA_SSO_monthly_MA200,after_tax
2020-03-02,RISK,SELL,25457.364373060627,15.436006553204635,392960.0432898821,196.48002164494105,-3934.2519210758037,SPY_MA_SSO_monthly_MA200,after_tax
2020-06-01,RISK,BUY,26750.27166953057,14.675263282487325,392567.2796284229,196.28363981421145,0.0,SPY_MA_SSO_monthly_MA200,after_tax
2022-03-01,RISK,SELL,26750.27166953057,29.635400614170223,792755.0174644266,396.3775087322133,399595.07668745716,SPY_MA_SSO_monthly_MA200,after_tax
2022-04-01,RISK,BUY,23021.212849668813,32.15559088829184,740260.7021462375,370.13035107311873,0.0,SPY_MA_SSO_monthly_MA200,after_tax
2022-05-02,RISK,SELL,23021.212849668813,26.382579479570605,607358.9777224995,303.67948886124975,-133575.53426367242,SPY_MA_SSO_monthly_MA200,after_tax
2022-12-01,RISK,BUY,24460.409272718054,24.805468931758373,606751.9222725021,303.3759611362511,0.0,SPY_MA_SSO_monthly_MA200,after_tax
2023-01-03,RISK,SELL,24460.409272718054,21.942644766542635,536726.0715154978,268.3630357577489,-70597.58975389844,SPY_MA_SSO_monthly_MA200,after_tax
2023-02-01,RISK,BUY,22142.780239749514,24.215098911127928,536189.6136729035,268.09480683645177,0.0,SPY_MA_SSO_monthly_MA200,after_tax
2023-11-01,RISK,SELL,22142.780239749514,24.88461812655356,551014.6305263627,275.50731526318134,14281.414731359575,SPY_MA_SSO_monthly_MA200,after_tax
2023-12-01,RISK,BUY,18835.84273000208,29.224277307682,550463.8912654668,275.2319456327334,0.0,SPY_MA_SSO_monthly_MA200,after_tax
2025-04-01,RISK,SELL,18835.84273000208,40.71270051197146,766858.0239571697,383.42901197858487,215735.47173409164,SPY_MA_SSO_monthly_MA200,after_tax
2025-06-02,RISK,BUY,17354.463585304875,43.84140188820704,760844.0125976055,380.4220062988027,0.0,SPY_MA_SSO_monthly_MA200,after_tax
2026-04-01,RISK,SELL,17354.463585304875,52.347155776245074,908456.8087131269,454.2284043565635,146778.14570486615,SPY_MA_SSO_monthly_MA200,after_tax
2026-05-01,RISK,BUY,13865.208621872549,63.30562713355779,877745.7271452543,438.8728635726271,0.0,SPY_MA_SSO_monthly_MA200,after_tax
2006-06-21,RISK,BUY,27674.981572808407,3.6115660899196587,99950.02498750626,49.97501249375313,0.0,SPY_MA_SSO_monthly_MA225,pre_tax
2008-01-02,RISK,SELL,27674.981572808407,4.656629587952916,128872.13803799136,64.43606901899568,28807.701968972353,SPY_MA_SSO_monthly_MA225,pre_tax
2009-08-03,RISK,BUY,73627.34189219405,1.7485804457307157,128743.33030382046,64.37166515191024,0.0,SPY_MA_SSO_monthly_MA225,pre_tax
2010-07-01,RISK,SELL,73627.34189219405,1.858598368654811,136843.65752922188,68.42182876461094,7967.533731484902,SPY_MA_SSO_monthly_MA225,pre_tax
2010-08-02,RISK,BUY,62693.579125792596,2.1805563530681473,136706.88225932763,68.35344112966382,0.0,SPY_MA_SSO_monthly_MA225,pre_tax
2010-09-01,RISK,SELL,62693.579125792596,1.9726372228813862,123671.68781919795,61.83584390959898,-13165.383725168955,SPY_MA_SSO_monthly_MA225,pre_tax
2010-10-01,RISK,BUY,53548.14165622757,2.307233717455286,123548.07793632019,61.77403896816009,0.0,SPY_MA_SSO_monthly_MA225,pre_tax
2011-09-01,RISK,SELL,53548.14165622757,2.569805461092331,137608.30685951936,68.80415342975968,13929.650730801266,SPY_MA_SSO_monthly_MA225,pre_tax
2012-01-03,RISK,BUY,49330.57158533093,2.7867256126281554,137470.7673224284,68.7353836612142,0.0,SPY_MA_SSO_monthly_MA225,pre_tax
2015-09-01,RISK,SELL,49330.57158533093,6.626267773461516,326877.5767423147,163.43878837115733,189174.6352478539,SPY_MA_SSO_monthly_MA225,pre_tax
2015-11-02,RISK,BUY,42175.55628490681,7.742656915222327,326550.8625226822,163.27543126134108,0.0,SPY_MA_SSO_monthly_MA225,pre_tax
2016-01-04,RISK,SELL,42175.55628490681,7.20648781811078,303937.6325892265,151.96881629461325,-22928.47418101167,SPY_MA_SSO_monthly_MA225,pre_tax
2016-04-01,RISK,BUY,40636.51765256121,7.4719455403524195,303633.8468495071,151.81692342475355,0.0,SPY_MA_SSO_monthly_MA225,pre_tax
2018-11-01,RISK,SELL,40636.51765256121,13.243374467740427,538164.6203378123,269.0823101689062,234109.87425471155,SPY_MA_SSO_monthly_MA225,pre_tax
2018-12-03,RISK,BUY,38349.25232810343,14.019223114587883,537626.7246653108,268.8133623326554,0.0,SPY_MA_SSO_monthly_MA225,pre_tax
2019-01-02,RISK,SELL,38349.25232810343,10.809249178341002,414526.62421754375,207.26331210877188,-123576.17712220846,SPY_MA_SSO_monthly_MA225,pre_tax
2019-03-01,RISK,BUY,29780.07616034092,13.905683199848397,414112.3047530585,207.05615237652924,0.0,SPY_MA_SSO_monthly_MA225,pre_tax
2019-06-03,RISK,SELL,29780.07616034092,13.331679925472988,397018.44352587376,198.50922176293687,-17499.426601324172,SPY_MA_SSO_monthly_MA225,pre_tax
2019-07-01,RISK,BUY,25465.201146249918,15.575043810355778,396621.62349236466,198.31081174618234,0.0,SPY_MA_SSO_monthly_MA225,pre_tax
2020-03-02,RISK,SELL,25465.201146249918,15.436006553204635,393081.0117721879,196.54050588609394,-3935.463037809008,SPY_MA_SSO_monthly_MA225,pre_tax
2020-06-01,RISK,BUY,26758.506450191835,14.675263282487325,392688.1272027005,196.34406360135023,0.0,SPY_MA_SSO_monthly_MA225,pre_tax
2022-03-01,RISK,SELL,26758.506450191835,29.635400614170223,792999.058488293,396.4995292441465,399718.087692747,SPY_MA_SSO_monthly_MA225,pre_tax
2022-04-01,RISK,BUY,24636.662982910177,32.15559088829184,792206.4557311833,396.10322786559163,0.0,SPY_MA_SSO_monthly_MA225,pre_tax
2022-05-02,RISK,SELL,24636.662982910177,26.382579479570605,649978.7192580227,324.98935962901135,-142948.8290606552,SPY_MA_SSO_monthly_MA225,pre_tax
2022-12-01,RISK,BUY,26176.851046519692,24.805468931758373,649329.0653657109,324.66453268285545,0.0,SPY_MA_SSO_monthly_MA225,pre_tax
2023-01-03,RISK,SELL,26176.851046519692,21.942644766542635,574389.3436204814,287.1946718102407,-75551.58094972256,SPY_MA_SSO_monthly_MA225,pre_tax
2023-02-01,RISK,BUY,23696.58878677193,24.215098911127928,573815.2413280072,286.9076206640036,0.0,SPY_MA_SSO_monthly_MA225,pre_tax
2025-04-01,RISK,SELL,23696.58878677193,40.71270051197146,964752.1224311867,482.3760612155934,390167.5974212999,SPY_MA_SSO_monthly_MA225,pre_tax
2025-06-02,RISK,BUY,21983.508987722398,43.84140188820704,963787.8524437492,481.8939262218746,0.0,SPY_MA_SSO_monthly_MA225,pre_tax
2006-06-21,RISK,BUY,27674.981572808407,3.6115660899196587,99950.02498750626,49.97501249375313,0.0,SPY_MA_SSO_monthly_MA225,after_tax
2008-01-02,RISK,SELL,27674.981572808407,4.656629587952916,128872.13803799136,64.43606901899568,28807.701968972353,SPY_MA_SSO_monthly_MA225,after_tax
2009-08-03,RISK,BUY,70282.13693505818,1.7485804457307157,122893.97032881124,61.44698516440562,0.0,SPY_MA_SSO_monthly_MA225,after_tax
2010-07-01,RISK,SELL,70282.13693505818,1.858598368654811,130626.26505307318,65.31313252653659,7605.534606570989,SPY_MA_SSO_monthly_MA225,after_tax
2010-08-02,RISK,BUY,59136.93158071851,2.1805563530681473,128951.4118592921,64.47570592964605,0.0,SPY_MA_SSO_monthly_MA225,after_tax
2010-09-01,RISK,SELL,59136.93158071851,1.9726372228813862,116655.71248311512,58.32785624155756,-12418.502938348174,SPY_MA_SSO_monthly_MA225,after_tax
2010-10-01,RISK,BUY,50510.32073069443,2.307233717455286,116539.1150693389,58.26955753466945,0.0,SPY_MA_SSO_monthly_MA225,after_tax
2011-09-01,RISK,SELL,50510.32073069443,2.569805461092331,129801.69805526374,64.90084902763188,13139.412579362528,SPY_MA_SSO_monthly_MA225,after_tax
2012-01-03,RISK,BUY,46479.48869989313,2.7867256126281554,129525.58162185313,64.76279081092656,0.0,SPY_MA_SSO_monthly_MA225,after_tax
2015-09-01,RISK,SELL,46479.48869989313,6.626267773461516,307985.53809907055,153.99276904953527,178241.20091735697,SPY_MA_SSO_monthly_MA225,after_tax
2015-11-02,RISK,BUY,35063.68747642077,7.742656915222327,271486.10231250373,135.74305115625188,0.0,SPY_MA_SSO_monthly_MA225,after_tax
2016-01-04,RISK,SELL,35063.68747642077,7.20648781811078,252686.03665686978,126.3430183284349,-19062.1517251186,SPY_MA_SSO_monthly_MA225,after_tax
2016-04-01,RISK,BUY,33784.16980381058,7.4719455403524195,252433.47690009134,126.21673845004567,0.0,SPY_MA_SSO_monthly_MA225,after_tax
2018-11-01,RISK,SELL,33784.16980381058,13.243374467740427,447416.41179359215,223.70820589679607,194633.009949154,SPY_MA_SSO_monthly_MA225,after_tax
2018-12-03,RISK,BUY,29339.70167002797,14.019223114587883,411319.82382756885,205.65991191378444,0.0,SPY_MA_SSO_monthly_MA225,after_tax
2019-01-02,RISK,SELL,29339.70167002797,10.809249178341002,317140.14616952,158.57007308476,-94543.9076430474,SPY_MA_SSO_monthly_MA225,after_tax
2019-03-01,RISK,BUY,22783.71799219705,13.905683199848397,316823.1645141782,158.4115822570891,0.0,SPY_MA_SSO_monthly_MA225,after_tax
2019-06-03,RISK,SELL,22783.71799219705,13.331679925472988,303745.23578421114,151.87261789210558,-13388.21293011622,SPY_MA_SSO_monthly_MA225,after_tax
2019-07-01,RISK,BUY,19482.554658587185,15.575043810355778,303441.64234514645,151.72082117257324,0.0,SPY_MA_SSO_monthly_MA225,after_tax
2020-03-02,RISK,SELL,19482.554658587185,15.436006553204635,300732.8413831193,150.36642069155965,-3010.8882038912852,SPY_MA_SSO_monthly_MA225,after_tax
2020-06-01,RISK,BUY,20472.018324300258,14.675263282487325,300432.25883301126,150.21612941650562,0.0,SPY_MA_SSO_monthly_MA225,after_tax
2022-03-01,RISK,SELL,20472.018324300258,29.635400614170223,606696.4644212719,303.34823221063596,305810.64122663357,SPY_MA_SSO_monthly_MA225,after_tax
2022-04-01,RISK,BUY,17618.164672430295,32.15559088829184,566522.4954092248,283.2612477046124,0.0,SPY_MA_SSO_monthly_MA225,after_tax
2022-05-02,RISK,SELL,17618.164672430295,26.382579479570605,464812.6297545553,232.40631487727765,-102225.53321725136,SPY_MA_SSO_monthly_MA225,after_tax
2022-12-01,RISK,BUY,18719.58360039173,24.805468931758373,464348.04941497056,232.17402470748527,0.0,SPY_MA_SSO_monthly_MA225,after_tax
2023-01-03,RISK,SELL,18719.58360039173,21.942644766542635,410757.1731209929,205.37858656049644,-54028.428905245615,SPY_MA_SSO_monthly_MA225,after_tax
2023-02-01,RISK,BUY,16945.899033071793,24.215098911127928,410346.62122382055,205.17331061191027,0.0,SPY_MA_SSO_monthly_MA225,after_tax
2025-04-01,RISK,SELL,16945.899033071793,40.71270051197146,689913.3122395587,344.9566561197793,279016.5610490064,SPY_MA_SSO_monthly_MA225,after_tax
2025-06-02,RISK,BUY,15152.275167041347,43.84140188820704,664296.9851189591,332.14849255947956,0.0,SPY_MA_SSO_monthly_MA225,after_tax
2006-06-21,RISK,BUY,27674.981572808407,3.6115660899196587,99950.02498750626,49.97501249375313,0.0,SPY_MA_SSO_monthly_MA250,pre_tax
2008-02-01,RISK,SELL,27674.981572808407,4.0886922900300675,113154.48378346593,56.57724189173297,13097.906541574179,SPY_MA_SSO_monthly_MA250,pre_tax
2009-08-03,RISK,BUY,64647.51800504719,1.7485804457307157,113041.38584864988,56.52069292432494,0.0,SPY_MA_SSO_monthly_MA250,pre_tax
2010-07-01,RISK,SELL,64647.51800504719,1.858598368654811,120153.77150176323,60.076885750881615,6995.78807443814,SPY_MA_SSO_monthly_MA250,pre_tax
2010-08-02,RISK,BUY,55047.27158655206,2.1805563530681473,120033.6777771238,60.0168388885619,0.0,SPY_MA_SSO_monthly_MA250,pre_tax
2010-09-01,RISK,SELL,55047.27158655206,1.9726372228813862,108588.2969496935,54.29414847484675,-11559.691814793696,SPY_MA_SSO_monthly_MA250,pre_tax
2010-10-01,RISK,BUY,47017.24064582595,2.307233717455286,108479.76291975878,54.23988145987939,0.0,SPY_MA_SSO_monthly_MA250,pre_tax
2011-09-01,RISK,SELL,47017.24064582595,2.569805461092331,120825.16177713584,60.41258088856792,12230.74639502859,SPY_MA_SSO_monthly_MA250,pre_tax
2012-01-03,RISK,BUY,43314.058783100765,2.7867256126281554,120704.39699774841,60.3521984988742,0.0,SPY_MA_SSO_monthly_MA250,pre_tax
2015-09-01,RISK,SELL,43314.058783100765,6.626267773461516,287010.5518522783,143.50527592613915,166102.29738010486,SPY_MA_SSO_monthly_MA250,pre_tax
2015-11-02,RISK,BUY,37031.69181760807,7.742656915222327,286723.68473398517,143.3618423669926,0.0,SPY_MA_SSO_monthly_MA250,pre_tax
2016-02-01,RISK,SELL,37031.69181760807,6.613946455477509,244925.6268374044,122.4628134187022,-42063.88255236647,SPY_MA_SSO_monthly_MA250,pre_tax
2016-04-01,RISK,BUY,32746.601576627534,7.4719455403524195,244680.8236121796,122.3404118060898,0.0,SPY_MA_SSO_monthly_MA250,pre_tax
2018-11-01,RISK,SELL,32746.601576627534,13.243374467740427,433675.5072251775,216.83775361258876,188655.50544757917,SPY_MA_SSO_monthly_MA250,pre_tax
2018-12-03,RISK,BUY,30903.427736771355,14.019223114587883,433242.04844734125,216.62102422367062,0.0,SPY_MA_SSO_monthly_MA250,pre_tax
2019-01-02,RISK,SELL,30903.427736771355,10.809249178341002,334042.8508716163,167.02142543580814,-99582.84002538444,SPY_MA_SSO_monthly_MA250,pre_tax
2019-03-01,RISK,BUY,23998.028012197152,13.905683199848397,333708.9749587012,166.85448747935058,0.0,SPY_MA_SSO_monthly_MA250,pre_tax
2020-03-02,RISK,SELL,23998.028012197152,15.436006553204635,370433.71766026365,185.21685883013183,36372.67135525297,SPY_MA_SSO_monthly_MA250,pre_tax
2020-06-01,RISK,BUY,25216.819756038996,14.675263282487325,370063.4690669001,185.03173453345005,0.0,SPY_MA_SSO_monthly_MA250,pre_tax
2022-05-02,RISK,SELL,25216.819756038996,26.382579479570605,665284.7514357051,332.6423757178526,294703.6082585537,SPY_MA_SSO_monthly_MA250,pre_tax
2023-02-01,RISK,BUY,27446.503588510404,24.215098911127928,664619.799160407,332.30989958020353,0.0,SPY_MA_SSO_monthly_MA250,pre_tax
2023-03-01,RISK,SELL,27446.503588510404,22.90537948080204,628672.5801160258,314.3362900580129,-36593.86523401947,SPY_MA_SSO_monthly_MA250,pre_tax
2023-04-03,RISK,BUY,25671.828624672813,24.46433524067336,628044.2217151102,314.0221108575551,0.0,SPY_MA_SSO_monthly_MA250,pre_tax
2025-05-01,RISK,SELL,25671.828624672813,40.148345804981716,1030681.4530695922,515.3407265347961,401807.86851708964,SPY_MA_SSO_monthly_MA250,pre_tax
2025-06-02,RISK,BUY,23485.82030577528,43.84140188820704,1029651.2866997076,514.8256433498539,0.0,SPY_MA_SSO_monthly_MA250,pre_tax
2006-06-21,RISK,BUY,27674.981572808407,3.6115660899196587,99950.02498750626,49.97501249375313,0.0,SPY_MA_SSO_monthly_MA250,after_tax
2008-02-01,RISK,SELL,27674.981572808407,4.0886922900300675,113154.48378346593,56.57724189173297,13097.906541574179,SPY_MA_SSO_monthly_MA250,after_tax
2009-08-03,RISK,BUY,63126.56427058521,1.7485804457307157,110381.87588970855,55.19093794485428,0.0,SPY_MA_SSO_monthly_MA250,after_tax
2010-07-01,RISK,SELL,63126.56427058521,1.858598368654811,117326.92937209275,58.663464686046375,6831.199079753307,SPY_MA_SSO_monthly_MA250,after_tax
2010-08-02,RISK,BUY,53116.07579099198,2.1805563530681473,115822.59651609678,57.91129825804839,0.0,SPY_MA_SSO_monthly_MA250,after_tax
2010-09-01,RISK,SELL,53116.07579099198,1.9726372228813862,104778.74823869964,52.389374119349824,-11154.148949774535,SPY_MA_SSO_monthly_MA250,after_tax
2010-10-01,RISK,BUY,45367.75839471584,2.307233717455286,104674.02185365348,52.33701092682674,0.0,SPY_MA_SSO_monthly_MA250,after_tax
2011-09-01,RISK,SELL,45367.75839471584,2.569805461092331,116586.31328025823,58.29315664012911,11801.661259037792,SPY_MA_SSO_monthly_MA250,after_tax
2012-01-03,RISK,BUY,41747.313878473695,2.7867256126281554,116338.3088435695,58.16915442178475,0.0,SPY_MA_SSO_monthly_MA250,after_tax
2015-09-01,RISK,SELL,41747.313878473695,6.626267773461516,276628.88058151293,138.31444029075647,160094.0881432309,SPY_MA_SSO_monthly_MA250,after_tax
2015-11-02,RISK,BUY,31493.77946617151,7.742656915222327,243845.52937023973,121.92276468511987,0.0,SPY_MA_SSO_monthly_MA250,after_tax
2016-02-01,RISK,SELL,31493.77946617151,6.613946455477509,208298.17106987542,104.14908553493771,-35773.430150584376,SPY_MA_SSO_monthly_MA250,after_tax
2016-04-01,RISK,BUY,27849.5039708263,7.4719455403524195,208089.97699584256,104.04498849792128,0.0,SPY_MA_SSO_monthly_MA250,after_tax
2018-11-01,RISK,SELL,27849.5039708263,13.243374467740427,368821.40982647665,184.41070491323833,160442.97713722292,SPY_MA_SSO_monthly_MA250,after_tax
2018-12-03,RISK,BUY,24476.30717058405,14.019223114587883,343138.811245605,171.5694056228025,0.0,SPY_MA_SSO_monthly_MA250,after_tax
2019-01-02,RISK,SELL,24476.30717058405,10.809249178341002,264570.5031724576,132.2852515862288,-78872.16273035639,SPY_MA_SSO_monthly_MA250,after_tax
2019-03-01,RISK,BUY,19007.053525518884,13.905683199848397,264306.0648884272,132.1530324442136,0.0,SPY_MA_SSO_monthly_MA250,after_tax
2020-03-02,RISK,SELL,19007.053525518884,15.436006553204635,293393.00277702074,146.69650138851037,28808.08835476084,SPY_MA_SSO_monthly_MA250,after_tax
2020-06-01,RISK,BUY,19972.367838006907,14.675263282487325,293099.7563974335,146.54987819871675,0.0,SPY_MA_SSO_monthly_MA250,after_tax
2022-05-02,RISK,SELL,19972.367838006907,26.382579479570605,526922.581881437,263.46129094071847,233412.814314864,SPY_MA_SSO_monthly_MA250,after_tax
2023-02-01,RISK,BUY,20200.918536277946,24.215098911127928,489167.2404516081,244.58362022580405,0.0,SPY_MA_SSO_monthly_MA250,after_tax
2023-03-01,RISK,SELL,20200.918536277946,22.90537948080204,462709.7049342145,231.35485246710724,-26933.473990086524,SPY_MA_SSO_monthly_MA250,after_tax
2023-04-03,RISK,BUY,18894.73888912381,24.46433524067336,462247.2264685131,231.12361323425654,0.0,SPY_MA_SSO_monthly_MA250,after_tax
2025-05-01,RISK,SELL,18894.73888912381,40.148345804981716,758592.5108153789,379.29625540768944,295734.8644782238,SPY_MA_SSO_monthly_MA250,after_tax
2025-06-02,RISK,BUY,16040.87813120503,43.84140188820704,703254.5847899112,351.6272923949556,0.0,SPY_MA_SSO_monthly_MA250,after_tax
2006-06-21,RISK,BUY,27674.981572808407,3.6115660899196587,99950.02498750626,49.97501249375313,0.0,SPY_MA_SSO_bimonthly_MA150,pre_tax
2008-01-02,RISK,SELL,27674.981572808407,4.656629587952916,128872.13803799136,64.43606901899568,28807.701968972353,SPY_MA_SSO_bimonthly_MA150,pre_tax
2009-05-01,RISK,BUY,95447.90597233184,1.3488334709107208,128743.33030382046,64.37166515191024,0.0,SPY_MA_SSO_bimonthly_MA150,pre_tax
2010-07-01,RISK,SELL,95447.90597233184,1.858598368654811,177399.32233169375,88.69966116584688,48502.92070155553,SPY_MA_SSO_bimonthly_MA150,pre_tax
2010-11-01,RISK,BUY,71695.49192206016,2.471871060698667,177222.01166469557,88.61100583234779,0.0,SPY_MA_SSO_bimonthly_MA150,pre_tax
2011-09-01,RISK,SELL,71695.49192206016,2.569805461092331,184243.4666770113,92.12173333850566,6840.722273144871,SPY_MA_SSO_bimonthly_MA150,pre_tax
2012-01-03,RISK,BUY,66048.59640718048,2.7867256126281554,184059.3152860298,92.0296576430149,0.0,SPY_MA_SSO_bimonthly_MA150,pre_tax
2015-07-01,RISK,SELL,66048.59640718048,7.761558175480756,512640.0234231805,256.32001171159027,328232.3584677961,SPY_MA_SSO_bimonthly_MA150,pre_tax
2015-11-02,RISK,BUY,66143.65652503766,7.742656915222327,512127.63959167316,256.0638197958366,0.0,SPY_MA_SSO_bimonthly_MA150,pre_tax
2016-03-01,RISK,SELL,66143.65652503766,6.765636673670625,447503.9483164681,223.75197415823405,-65103.507069159125,SPY_MA_SSO_bimonthly_MA150,pre_tax
2016-05-02,RISK,BUY,58459.12668542079,7.64733743653064,447056.6680083058,223.5283340041529,0.0,SPY_MA_SSO_bimonthly_MA150,pre_tax
2018-11-01,RISK,SELL,58459.12668542079,13.243374467740427,774196.1057521048,387.0980528760524,326528.81135691877,SPY_MA_SSO_bimonthly_MA150,pre_tax
2019-03-01,RISK,BUY,55619.15120857818,13.905683199848397,773422.2965509533,386.71114827547666,0.0,SPY_MA_SSO_bimonthly_MA150,pre_tax
2020-03-02,RISK,SELL,55619.15120857818,15.436006553204635,858537.5825392923,429.26879126964616,84299.30604879383,SPY_MA_SSO_bimonthly_MA150,pre_tax
2020-07-01,RISK,BUY,56192.29918844728,15.263292059552349,857679.4740110172,428.83973700550865,0.0,SPY_MA_SSO_bimonthly_MA150,pre_tax
2022-03-01,RISK,SELL,56192.29918844728,29.635400614170223,1665281.2978809474,832.6406489404737,806340.343483984,SPY_MA_SSO_bimonthly_MA150,pre_tax
2023-03-01,RISK,BUY,72629.96232836702,22.90537948080204,1663616.8488076031,831.8084244038016,0.0,SPY_MA_SSO_bimonthly_MA150,pre_tax
2023-11-01,RISK,SELL,72629.96232836702,24.88461812655356,1807368.877087384,903.6844385436921,142016.53541683336,SPY_MA_SSO_bimonthly_MA150,pre_tax
2024-01-02,RISK,BUY,57471.35530358662,31.41673624896121,1805562.411443119,902.7812057215594,0.0,SPY_MA_SSO_bimonthly_MA150,pre_tax
2025-05-01,RISK,SELL,57471.35530358662,40.148345804981716,2307379.8466093657,1153.689923304683,499760.96403722046,SPY_MA_SSO_bimonthly_MA150,pre_tax
2025-07-01,RISK,BUY,47790.284564295674,48.23310095119738,2305073.619876123,1152.5368099380617,0.0,SPY_MA_SSO_bimonthly_MA150,pre_tax
2006-06-21,RISK,BUY,27674.981572808407,3.6115660899196587,99950.02498750626,49.97501249375313,0.0,SPY_MA_SSO_bimonthly_MA150,after_tax
2008-01-02,RISK,SELL,27674.981572808407,4.656629587952916,128872.13803799136,64.43606901899568,28807.701968972353,SPY_MA_SSO_bimonthly_MA150,after_tax
2009-05-01,RISK,BUY,91111.29948890895,1.3488334709107208,122893.97032881124,61.44698516440562,0.0,SPY_MA_SSO_bimonthly_MA150,after_tax
2010-07-01,RISK,SELL,91111.29948890895,1.858598368654811,169339.3125961061,84.66965629805304,46299.22562583239,SPY_MA_SSO_bimonthly_MA150,after_tax
2010-11-01,RISK,BUY,64634.87244897096,2.471871060698667,159769.0707185609,79.88453535928045,0.0,SPY_MA_SSO_bimonthly_MA150,after_tax
2011-09-01,RISK,SELL,64634.87244897096,2.569805461092331,166099.04819637182,83.04952409818591,6167.043418353453,SPY_MA_SSO_bimonthly_MA150,after_tax
2012-01-03,RISK,BUY,59094.7392322669,2.7867256126281554,164680.82339014005,82.34041169507003,0.0,SPY_MA_SSO_bimonthly_MA150,after_tax
2015-07-01,RISK,SELL,59094.7392322669,7.761558175480756,458667.2564161045,229.33362820805226,293674.7589860613,SPY_MA_SSO_bimonthly_MA150,after_tax
2015-11-02,RISK,BUY,51478.27297024626,7.742656915222327,398578.60619677976,199.2893030983899,0.0,SPY_MA_SSO_bimonthly_MA150,after_tax
2016-03-01,RISK,SELL,51478.27297024626,6.765636673670625,348283.29150472535,174.14164575236268,-50668.74564090517,SPY_MA_SSO_bimonthly_MA150,after_tax
2016-05-02,RISK,BUY,45497.55848431431,7.64733743653064,347935.1822678391,173.96759113391954,0.0,SPY_MA_SSO_bimonthly_MA150,after_tax
2018-11-01,RISK,SELL,45497.55848431431,13.243374467740427,602541.204375695,301.2706021878475,254130.78391453414,SPY_MA_SSO_bimonthly_MA150,after_tax
2019-03-01,RISK,BUY,40316.3440075033,13.905683199848397,560626.3075444472,280.31315377222364,0.0,SPY_MA_SSO_bimonthly_MA150,after_tax
2020-03-02,RISK,SELL,40316.3440075033,15.436006553204635,622323.3503010734,311.1616751505367,61105.56792770338,SPY_MA_SSO_bimonthly_MA150,after_tax
2020-07-01,RISK,BUY,39918.907608619484,15.263292059552349,609293.9455286457,304.6469727643228,0.0,SPY_MA_SSO_bimonthly_MA150,after_tax
2022-03-01,RISK,SELL,39918.907608619484,29.635400614170223,1183012.8190614863,591.5064095307431,572822.7201505456,SPY_MA_SSO_bimonthly_MA150,after_tax
2023-03-01,RISK,BUY,46518.31322584315,22.90537948080204,1065519.6172447498,532.7598086223749,0.0,SPY_MA_SSO_bimonthly_MA150,after_tax
2023-11-01,RISK,SELL,46518.31322584315,24.88461812655356,1157590.4605165126,578.7952302582563,90959.28823288227,SPY_MA_SSO_bimonthly_MA150,after_tax
2024-01-02,RISK,BUY,36221.59522593649,31.41673624896121,1137964.3037298794,568.9821518649397,0.0,SPY_MA_SSO_bimonthly_MA150,after_tax
2025-05-01,RISK,SELL,36221.59522593649,40.148345804981716,1454237.1307389732,727.1185653694866,314976.7262918593,SPY_MA_SSO_bimonthly_MA150,after_tax
2025-07-01,RISK,BUY,28794.086401256776,48.23310095119738,1388828.0761893177,694.4140380946588,0.0,SPY_MA_SSO_bimonthly_MA150,after_tax
2006-06-21,RISK,BUY,27674.981572808407,3.6115660899196587,99950.02498750626,49.97501249375313,0.0,SPY_MA_SSO_bimonthly_MA175,pre_tax
2008-01-02,RISK,SELL,27674.981572808407,4.656629587952916,128872.13803799136,64.43606901899568,28807.701968972353,SPY_MA_SSO_bimonthly_MA175,pre_tax
2009-07-01,RISK,BUY,85749.26430752262,1.501392826439982,128743.33030382046,64.37166515191024,0.0,SPY_MA_SSO_bimonthly_MA175,pre_tax
2010-07-01,RISK,SELL,85749.26430752262,1.858598368654811,159373.44275531176,79.68672137765589,30486.054064961732,SPY_MA_SSO_bimonthly_MA175,pre_tax
2010-11-01,RISK,BUY,64410.37782709142,2.471871060698667,159214.14895945438,79.60707447972719,0.0,SPY_MA_SSO_bimonthly_MA175,pre_tax
2011-09-01,RISK,SELL,64410.37782709142,2.569805461092331,165522.14069107993,82.76107034553996,6145.623586800299,SPY_MA_SSO_bimonthly_MA175,pre_tax
2012-01-03,RISK,BUY,59337.274011039706,2.7867256126281554,165356.70127009935,82.67835063504968,0.0,SPY_MA_SSO_bimonthly_MA175,pre_tax
2015-09-01,RISK,SELL,59337.274011039706,6.626267773461516,393184.66654440796,196.59233327220397,227548.69459040134,SPY_MA_SSO_bimonthly_MA175,pre_tax
2015-11-02,RISK,BUY,50730.86444004873,7.742656915222327,392791.67837194976,196.3958391859749,0.0,SPY_MA_SSO_bimonthly_MA175,pre_tax
2016-01-04,RISK,SELL,50730.86444004873,7.20648781811078,365591.35658944055,182.7956782947203,-27579.51329998992,SPY_MA_SSO_bimonthly_MA175,pre_tax
2016-05-02,RISK,BUY,47758.5762323663,7.64733743653064,365225.94793717726,182.61297396858865,0.0,SPY_MA_SSO_bimonthly_MA175,pre_tax
2018-11-01,RISK,SELL,47758.5762323663,13.243374467740427,632484.7090913546,316.2423545456773,266759.9058256631,SPY_MA_SSO_bimonthly_MA175,pre_tax
2019-03-01,RISK,BUY,45438.43918963035,13.905683199848397,631852.5404665758,315.9262702332879,0.0,SPY_MA_SSO_bimonthly_MA175,pre_tax
2020-03-02,RISK,SELL,45438.43918963035,15.436006553204635,701388.0450985244,350.69402254926223,68868.8843391661,SPY_MA_SSO_bimonthly_MA175,pre_tax
2020-07-01,RISK,BUY,45906.676281783686,15.263292059552349,700687.0075721891,350.3435037860946,0.0,SPY_MA_SSO_bimonthly_MA175,pre_tax
2022-03-01,RISK,SELL,45906.676281783686,29.635400614170223,1360462.742475686,680.231371237843,658745.1600284728,SPY_MA_SSO_bimonthly_MA175,pre_tax
2023-03-01,RISK,BUY,59335.53560043644,22.90537948080204,1359102.9596246358,679.5514798123179,0.0,SPY_MA_SSO_bimonthly_MA175,pre_tax
2023-11-01,RISK,SELL,59335.53560043644,24.88461812655356,1476542.1447513846,738.2710723756924,116021.36257456103,SPY_MA_SSO_bimonthly_MA175,pre_tax
2024-01-02,RISK,BUY,46951.60976683336,31.41673624896121,1475066.3405087548,737.5331702543774,0.0,SPY_MA_SSO_bimonthly_MA175,pre_tax
2025-05-01,RISK,SELL,46951.60976683336,40.148345804981716,1885029.4650193828,942.5147325096914,408283.0766078639,SPY_MA_SSO_bimonthly_MA175,pre_tax
2025-07-01,RISK,BUY,39042.5939958423,48.23310095119738,1883145.3775980743,941.5726887990371,0.0,SPY_MA_SSO_bimonthly_MA175,pre_tax
2006-06-21,RISK,BUY,27674.981572808407,3.6115660899196587,99950.02498750626,49.97501249375313,0.0,SPY_MA_SSO_bimonthly_MA175,after_tax
2008-01-02,RISK,SELL,27674.981572808407,4.656629587952916,128872.13803799136,64.43606901899568,28807.701968972353,SPY_MA_SSO_bimonthly_MA175,after_tax
2009-07-01,RISK,BUY,81853.3085842767,1.501392826439982,122893.97032881124,61.44698516440562,0.0,SPY_MA_SSO_bimonthly_MA175,after_tax
2010-07-01,RISK,SELL,81853.3085842767,1.858598368654811,152132.42580373553,76.06621290186777,29100.942276857997,SPY_MA_SSO_bimonthly_MA175,after_tax
2010-11-01,RISK,BUY,59093.481758019574,2.471871060698667,146071.46743357318,73.0357337167866,0.0,SPY_MA_SSO_bimonthly_MA175,after_tax
2011-09-01,RISK,SELL,59093.481758019574,2.569805461092331,151858.75213671874,75.92937606835937,5638.319593360415,SPY_MA_SSO_bimonthly_MA175,after_tax
2012-01-03,RISK,BUY,54028.324997065654,2.7867256126281554,150562.11707672087,75.28105853836044,0.0,SPY_MA_SSO_bimonthly_MA175,after_tax
2015-09-01,RISK,SELL,54028.324997065654,6.626267773461516,358006.14878216136,179.00307439108067,207189.74757251103,SPY_MA_SSO_bimonthly_MA175,after_tax
2015-11-02,RISK,BUY,40758.45831273005,7.742656915222327,315578.7591088602,157.78937955443013,0.0,SPY_MA_SSO_bimonthly_MA175,after_tax
2016-01-04,RISK,SELL,40758.45831273005,7.20648781811078,293725.3333156652,146.8626666578326,-22158.077839407313,SPY_MA_SSO_bimonthly_MA175,after_tax
2016-05-02,RISK,BUY,38370.446865588085,7.64733743653064,293431.75477162155,146.71587738581078,0.0,SPY_MA_SSO_bimonthly_MA175,after_tax
2018-11-01,RISK,SELL,38370.446865588085,13.243374467740427,508154.19633551996,254.07709816775997,214321.64858834486,SPY_MA_SSO_bimonthly_MA175,after_tax
2019-03-01,RISK,BUY,33700.44960874981,13.905683199848397,468627.77595172974,234.31388797586487,0.0,SPY_MA_SSO_bimonthly_MA175,after_tax
2020-03-02,RISK,SELL,33700.44960874981,15.436006553204635,520200.3610066047,260.10018050330234,51078.17098639574,SPY_MA_SSO_bimonthly_MA175,after_tax
2020-07-01,RISK,BUY,33368.232348901685,15.263292059552349,509309.0758522889,254.65453792614446,0.0,SPY_MA_SSO_bimonthly_MA175,after_tax
2022-03-01,RISK,SELL,33368.232348901685,29.635400614170223,988880.9334464157,494.44046672320786,478822.76258947747,SPY_MA_SSO_bimonthly_MA175,after_tax
2023-03-01,RISK,BUY,38884.67839394871,22.90537948080204,890668.314602339,445.3341573011695,0.0,SPY_MA_SSO_bimonthly_MA175,after_tax
2023-11-01,RISK,SELL,38884.67839394871,24.88461812655356,967630.3728072615,483.8151864036308,76032.90886121779,SPY_MA_SSO_bimonthly_MA175,after_tax
2024-01-02,RISK,BUY,30277.647309315136,31.41673624896121,951224.8597558237,475.6124298779119,0.0,SPY_MA_SSO_bimonthly_MA175,after_tax
2025-05-01,RISK,SELL,30277.647309315136,40.148345804981716,1215597.4543356583,607.7987271678292,263289.183422789,SPY_MA_SSO_bimonthly_MA175,after_tax
2025-07-01,RISK,BUY,24068.989430563088,48.23310095119738,1160921.996997652,580.460998498826,0.0,SPY_MA_SSO_bimonthly_MA175,after_tax
2006-06-21,RISK,BUY,27674.981572808407,3.6115660899196587,99950.02498750626,49.97501249375313,0.0,SPY_MA_SSO_bimonthly_MA200,pre_tax
2008-01-02,RISK,SELL,27674.981572808407,4.656629587952916,128872.13803799136,64.43606901899568,28807.701968972353,SPY_MA_SSO_bimonthly_MA200,pre_tax
2009-07-01,RISK,BUY,85749.26430752262,1.501392826439982,128743.33030382046,64.37166515191024,0.0,SPY_MA_SSO_bimonthly_MA200,pre_tax
2010-07-01,RISK,SELL,85749.26430752262,1.858598368654811,159373.44275531176,79.68672137765589,30486.054064961732,SPY_MA_SSO_bimonthly_MA200,pre_tax
2010-11-01,RISK,BUY,64410.37782709142,2.471871060698667,159214.14895945438,79.60707447972719,0.0,SPY_MA_SSO_bimonthly_MA200,pre_tax
2011-09-01,RISK,SELL,64410.37782709142,2.569805461092331,165522.14069107993,82.76107034553996,6145.623586800299,SPY_MA_SSO_bimonthly_MA200,pre_tax
2012-01-03,RISK,BUY,59337.274011039706,2.7867256126281554,165356.70127009935,82.67835063504968,0.0,SPY_MA_SSO_bimonthly_MA200,pre_tax
2015-09-01,RISK,SELL,59337.274011039706,6.626267773461516,393184.66654440796,196.59233327220397,227548.69459040134,SPY_MA_SSO_bimonthly_MA200,pre_tax
2015-11-02,RISK,BUY,50730.86444004873,7.742656915222327,392791.67837194976,196.3958391859749,0.0,SPY_MA_SSO_bimonthly_MA200,pre_tax
2016-01-04,RISK,SELL,50730.86444004873,7.20648781811078,365591.35658944055,182.7956782947203,-27579.51329998992,SPY_MA_SSO_bimonthly_MA200,pre_tax
2016-05-02,RISK,BUY,47758.5762323663,7.64733743653064,365225.94793717726,182.61297396858865,0.0,SPY_MA_SSO_bimonthly_MA200,pre_tax
2018-11-01,RISK,SELL,47758.5762323663,13.243374467740427,632484.7090913546,316.2423545456773,266759.9058256631,SPY_MA_SSO_bimonthly_MA200,pre_tax
2019-03-01,RISK,BUY,45438.43918963035,13.905683199848397,631852.5404665758,315.9262702332879,0.0,SPY_MA_SSO_bimonthly_MA200,pre_tax
2020-03-02,RISK,SELL,45438.43918963035,15.436006553204635,701388.0450985244,350.69402254926223,68868.8843391661,SPY_MA_SSO_bimonthly_MA200,pre_tax
2020-07-01,RISK,BUY,45906.676281783686,15.263292059552349,700687.0075721891,350.3435037860946,0.0,SPY_MA_SSO_bimonthly_MA200,pre_tax
2022-03-01,RISK,SELL,45906.676281783686,29.635400614170223,1360462.742475686,680.231371237843,658745.1600284728,SPY_MA_SSO_bimonthly_MA200,pre_tax
2023-03-01,RISK,BUY,59335.53560043644,22.90537948080204,1359102.9596246358,679.5514798123179,0.0,SPY_MA_SSO_bimonthly_MA200,pre_tax
2023-11-01,RISK,SELL,59335.53560043644,24.88461812655356,1476542.1447513846,738.2710723756924,116021.36257456103,SPY_MA_SSO_bimonthly_MA200,pre_tax
2024-01-02,RISK,BUY,46951.60976683336,31.41673624896121,1475066.3405087548,737.5331702543774,0.0,SPY_MA_SSO_bimonthly_MA200,pre_tax
2025-05-01,RISK,SELL,46951.60976683336,40.148345804981716,1885029.4650193828,942.5147325096914,408283.0766078639,SPY_MA_SSO_bimonthly_MA200,pre_tax
2025-07-01,RISK,BUY,39042.5939958423,48.23310095119738,1883145.3775980743,941.5726887990371,0.0,SPY_MA_SSO_bimonthly_MA200,pre_tax
2006-06-21,RISK,BUY,27674.981572808407,3.6115660899196587,99950.02498750626,49.97501249375313,0.0,SPY_MA_SSO_bimonthly_MA200,after_tax
2008-01-02,RISK,SELL,27674.981572808407,4.656629587952916,128872.13803799136,64.43606901899568,28807.701968972353,SPY_MA_SSO_bimonthly_MA200,after_tax
2009-07-01,RISK,BUY,81853.3085842767,1.501392826439982,122893.97032881124,61.44698516440562,0.0,SPY_MA_SSO_bimonthly_MA200,after_tax
2010-07-01,RISK,SELL,81853.3085842767,1.858598368654811,152132.42580373553,76.06621290186777,29100.942276857997,SPY_MA_SSO_bimonthly_MA200,after_tax
2010-11-01,RISK,BUY,59093.481758019574,2.471871060698667,146071.46743357318,73.0357337167866,0.0,SPY_MA_SSO_bimonthly_MA200,after_tax
2011-09-01,RISK,SELL,59093.481758019574,2.569805461092331,151858.75213671874,75.92937606835937,5638.319593360415,SPY_MA_SSO_bimonthly_MA200,after_tax
2012-01-03,RISK,BUY,54028.324997065654,2.7867256126281554,150562.11707672087,75.28105853836044,0.0,SPY_MA_SSO_bimonthly_MA200,after_tax
2015-09-01,RISK,SELL,54028.324997065654,6.626267773461516,358006.14878216136,179.00307439108067,207189.74757251103,SPY_MA_SSO_bimonthly_MA200,after_tax
2015-11-02,RISK,BUY,40758.45831273005,7.742656915222327,315578.7591088602,157.78937955443013,0.0,SPY_MA_SSO_bimonthly_MA200,after_tax
2016-01-04,RISK,SELL,40758.45831273005,7.20648781811078,293725.3333156652,146.8626666578326,-22158.077839407313,SPY_MA_SSO_bimonthly_MA200,after_tax
2016-05-02,RISK,BUY,38370.446865588085,7.64733743653064,293431.75477162155,146.71587738581078,0.0,SPY_MA_SSO_bimonthly_MA200,after_tax
2018-11-01,RISK,SELL,38370.446865588085,13.243374467740427,508154.19633551996,254.07709816775997,214321.64858834486,SPY_MA_SSO_bimonthly_MA200,after_tax
2019-03-01,RISK,BUY,33700.44960874981,13.905683199848397,468627.77595172974,234.31388797586487,0.0,SPY_MA_SSO_bimonthly_MA200,after_tax
2020-03-02,RISK,SELL,33700.44960874981,15.436006553204635,520200.3610066047,260.10018050330234,51078.17098639574,SPY_MA_SSO_bimonthly_MA200,after_tax
2020-07-01,RISK,BUY,33368.232348901685,15.263292059552349,509309.0758522889,254.65453792614446,0.0,SPY_MA_SSO_bimonthly_MA200,after_tax
2022-03-01,RISK,SELL,33368.232348901685,29.635400614170223,988880.9334464157,494.44046672320786,478822.76258947747,SPY_MA_SSO_bimonthly_MA200,after_tax
2023-03-01,RISK,BUY,38884.67839394871,22.90537948080204,890668.314602339,445.3341573011695,0.0,SPY_MA_SSO_bimonthly_MA200,after_tax
2023-11-01,RISK,SELL,38884.67839394871,24.88461812655356,967630.3728072615,483.8151864036308,76032.90886121779,SPY_MA_SSO_bimonthly_MA200,after_tax
2024-01-02,RISK,BUY,30277.647309315136,31.41673624896121,951224.8597558237,475.6124298779119,0.0,SPY_MA_SSO_bimonthly_MA200,after_tax
2025-05-01,RISK,SELL,30277.647309315136,40.148345804981716,1215597.4543356583,607.7987271678292,263289.183422789,SPY_MA_SSO_bimonthly_MA200,after_tax
2025-07-01,RISK,BUY,24068.989430563088,48.23310095119738,1160921.996997652,580.460998498826,0.0,SPY_MA_SSO_bimonthly_MA200,after_tax
2006-06-21,RISK,BUY,27674.981572808407,3.6115660899196587,99950.02498750626,49.97501249375313,0.0,SPY_MA_SSO_bimonthly_MA225,pre_tax
2008-01-02,RISK,SELL,27674.981572808407,4.656629587952916,128872.13803799136,64.43606901899568,28807.701968972353,SPY_MA_SSO_bimonthly_MA225,pre_tax
2009-09-01,RISK,BUY,70829.32730734395,1.817655697126347,128743.33030382046,64.37166515191024,0.0,SPY_MA_SSO_bimonthly_MA225,pre_tax
2010-07-01,RISK,SELL,70829.32730734395,1.858598368654811,131643.27218634714,65.82163609317357,2769.748581281601,SPY_MA_SSO_bimonthly_MA225,pre_tax
2010-11-01,RISK,BUY,53203.29882648941,2.471871060698667,131511.69470290252,65.75584735145127,0.0,SPY_MA_SSO_bimonthly_MA225,pre_tax
2011-09-01,RISK,SELL,53203.29882648941,2.569805461092331,136722.12787243968,68.36106393621985,5076.316258249484,SPY_MA_SSO_bimonthly_MA225,pre_tax
2012-01-03,RISK,BUY,49012.889339562294,2.7867256126281554,136585.47407146773,68.29273703573386,0.0,SPY_MA_SSO_bimonthly_MA225,pre_tax
2015-09-01,RISK,SELL,49012.889339562294,6.626267773461516,324772.5291149771,162.38626455748854,187956.37604191617,SPY_MA_SSO_bimonthly_MA225,pre_tax
2015-11-02,RISK,BUY,41903.951375282886,7.742656915222327,324447.91889097414,162.22395944548708,0.0,SPY_MA_SSO_bimonthly_MA225,pre_tax
2016-01-04,RISK,SELL,41903.951375282886,7.20648781811078,301980.3151166826,150.9901575583413,-22780.81789129536,SPY_MA_SSO_bimonthly_MA225,pre_tax
2016-05-02,RISK,BUY,39448.826237897556,7.64733743653064,301678.48571626615,150.83924285813308,0.0,SPY_MA_SSO_bimonthly_MA225,pre_tax
2018-11-01,RISK,SELL,39448.826237897556,13.243374467740427,522435.5781813011,261.21778909065057,220345.03543308622,SPY_MA_SSO_bimonthly_MA225,pre_tax
2019-03-01,RISK,BUY,37532.38127099396,13.905683199848397,521913.4036903653,260.9567018451827,0.0,SPY_MA_SSO_bimonthly_MA225,pre_tax
2020-03-02,RISK,SELL,37532.38127099396,15.436006553204635,579350.0832564377,289.6750416282188,56886.04782259901,SPY_MA_SSO_bimonthly_MA225,pre_tax
2020-07-01,RISK,BUY,37919.14748438826,15.263292059552349,578771.0227034577,289.3855113517289,0.0,SPY_MA_SSO_bimonthly_MA225,pre_tax
2022-03-01,RISK,SELL,37919.14748438826,29.635400614170223,1123749.1266476512,561.8745633238256,544126.8438695179,SPY_MA_SSO_bimonthly_MA225,pre_tax
2023-03-01,RISK,BUY,49011.453403585394,22.90537948080204,1122625.9391147702,561.3129695573851,0.0,SPY_MA_SSO_bimonthly_MA225,pre_tax
2025-05-01,RISK,SELL,49011.453403585394,40.148345804981716,1967728.7796518945,983.8643898259472,843557.663177741,SPY_MA_SSO_bimonthly_MA225,pre_tax
2025-07-01,RISK,BUY,40755.45622152553,48.23310095119738,1965762.0342449462,982.8810171224732,0.0,SPY_MA_SSO_bimonthly_MA225,pre_tax
2006-06-21,RISK,BUY,27674.981572808407,3.6115660899196587,99950.02498750626,49.97501249375313,0.0,SPY_MA_SSO_bimonthly_MA225,after_tax
2008-01-02,RISK,SELL,27674.981572808407,4.656629587952916,128872.13803799136,64.43606901899568,28807.701968972353,SPY_MA_SSO_bimonthly_MA225,after_tax
2009-09-01,RISK,BUY,67611.24811651761,1.817655697126347,122893.97032881124,61.44698516440562,0.0,SPY_MA_SSO_bimonthly_MA225,after_tax
2010-07-01,RISK,SELL,67611.24811651761,1.858598368654811,125662.15545207531,62.831077726037655,2643.9070603736327,SPY_MA_SSO_bimonthly_MA225,after_tax
2010-11-01,RISK,BUY,50568.86533648918,2.471871060698667,124999.71479763556,62.49985739881778,0.0,SPY_MA_SSO_bimonthly_MA225,after_tax
2011-09-01,RISK,SELL,50568.86533648918,2.569805461092331,129952.14630295258,64.97607315147629,4824.955574766718,SPY_MA_SSO_bimonthly_MA225,after_tax
2012-01-03,RISK,BUY,46234.390153562155,2.7867256126281554,128842.55922517466,64.42127961258733,0.0,SPY_MA_SSO_bimonthly_MA225,after_tax
2015-09-01,RISK,SELL,46234.390153562155,6.626267773461516,306361.44950019533,153.18072475009768,177301.288270658,SPY_MA_SSO_bimonthly_MA225,after_tax
2015-11-02,RISK,BUY,34878.787446969836,7.742656915222327,270054.48482085066,135.02724241042534,0.0,SPY_MA_SSO_bimonthly_MA225,after_tax
2016-01-04,RISK,SELL,34878.787446969836,7.20648781811078,251353.55684706333,125.67677842353167,-18961.631994621275,SPY_MA_SSO_bimonthly_MA225,after_tax
2016-05-02,RISK,BUY,32835.26207496672,7.64733743653064,251102.3289041877,125.55116445209386,0.0,SPY_MA_SSO_bimonthly_MA225,after_tax
2018-11-01,RISK,SELL,32835.26207496672,13.243374467740427,434849.6714051798,217.4248357025899,183404.36650083738,SPY_MA_SSO_bimonthly_MA225,after_tax
2019-03-01,RISK,BUY,28838.942085397306,13.905683199848397,401025.1924583102,200.51259622915512,0.0,SPY_MA_SSO_bimonthly_MA225,after_tax
2020-03-02,RISK,SELL,28838.942085397306,15.436006553204635,445158.0990176817,222.57904950884088,43709.81491363351,SPY_MA_SSO_bimonthly_MA225,after_tax
2020-07-01,RISK,BUY,28554.649311034973,15.263292059552349,435837.95209242206,217.91897604621104,0.0,SPY_MA_SSO_bimonthly_MA225,after_tax
2022-03-01,RISK,SELL,28554.649311034973,29.635400614170223,846228.4717296612,423.1142358648306,409749.4864253281,SPY_MA_SSO_bimonthly_MA225,after_tax
2023-03-01,RISK,BUY,33275.31238399959,22.90537948080204,762183.6574977422,381.09182874887114,0.0,SPY_MA_SSO_bimonthly_MA225,after_tax
2025-05-01,RISK,SELL,33275.31238399959,40.148345804981716,1335948.7483616062,667.9743741808031,572716.0246609342,SPY_MA_SSO_bimonthly_MA225,after_tax
2025-07-01,RISK,BUY,25259.092353082702,48.23310095119738,1218324.3514018557,609.1621757009278,0.0,SPY_MA_SSO_bimonthly_MA225,after_tax
2006-06-21,RISK,BUY,27674.981572808407,3.6115660899196587,99950.02498750626,49.97501249375313,0.0,SPY_MA_SSO_bimonthly_MA250,pre_tax
2008-03-03,RISK,SELL,27674.981572808407,3.778400478516024,104567.16361762144,52.28358180881072,4514.880035812617,SPY_MA_SSO_bimonthly_MA250,pre_tax
2009-09-01,RISK,BUY,57471.08700322557,1.817655697126347,104462.6487114569,52.231324355728454,0.0,SPY_MA_SSO_bimonthly_MA250,pre_tax
2010-07-01,RISK,SELL,57471.08700322557,1.858598368654811,106815.66854901376,53.40783427450688,2247.3806789266237,SPY_MA_SSO_bimonthly_MA250,pre_tax
2010-11-01,RISK,BUY,43169.284983435784,2.471871060698667,106708.90626160846,53.35445313080423,0.0,SPY_MA_SSO_bimonthly_MA250,pre_tax
2011-09-01,RISK,SELL,43169.284983435784,2.569805461092331,110936.66430188443,55.46833215094222,4118.935254994256,SPY_MA_SSO_bimonthly_MA250,pre_tax
2012-01-03,RISK,BUY,39769.17661932092,2.7867256126281554,110825.7830781944,55.4128915390972,0.0,SPY_MA_SSO_bimonthly_MA250,pre_tax
2015-09-01,RISK,SELL,39769.17661932092,6.626267773461516,263521.2134097054,131.7606067048527,152508.25683326702,SPY_MA_SSO_bimonthly_MA250,pre_tax
2015-11-02,RISK,BUY,34000.96720978056,7.742656915222327,263257.823891055,131.6289119455275,0.0,SPY_MA_SSO_bimonthly_MA250,pre_tax
2016-03-01,RISK,SELL,34000.96720978056,6.765636673670625,230038.19069476373,115.01909534738186,-33466.28120358416,SPY_MA_SSO_bimonthly_MA250,pre_tax
2016-05-02,RISK,BUY,30050.755491435513,7.64733743653064,229808.26746568352,114.90413373284176,0.0,SPY_MA_SSO_bimonthly_MA250,pre_tax
2018-11-01,RISK,SELL,30050.755491435513,13.243374467740427,397973.4080115875,198.98670400579377,167851.24970816536,SPY_MA_SSO_bimonthly_MA250,pre_tax
2019-03-01,RISK,BUY,28590.87380152388,13.905683199848397,397575.6334908363,198.78781674541816,0.0,SPY_MA_SSO_bimonthly_MA250,pre_tax
2020-03-02,RISK,SELL,28590.87380152388,15.436006553204635,441328.9153621693,220.66445768108466,43333.82959690655,SPY_MA_SSO_bimonthly_MA250,pre_tax
2020-07-01,RISK,BUY,28885.498965805575,15.263292059552349,440887.8070009878,220.44390350049392,0.0,SPY_MA_SSO_bimonthly_MA250,pre_tax
2022-05-02,RISK,SELL,28885.498965805575,26.382579479570605,762073.9722724201,381.03698613621003,320584.6843817955,SPY_MA_SSO_bimonthly_MA250,pre_tax
2023-05-01,RISK,BUY,30325.68665095787,25.10453556779278,761312.2791467105,380.6561395733553,0.0,SPY_MA_SSO_bimonthly_MA250,pre_tax
2025-05-01,RISK,SELL,30325.68665095787,40.148345804981716,1217526.1544361743,608.7630772180871,455224.4560726724,SPY_MA_SSO_bimonthly_MA250,pre_tax
2025-07-01,RISK,BUY,25217.31368611894,48.23310095119738,1216309.236740586,608.1546183702931,0.0,SPY_MA_SSO_bimonthly_MA250,pre_tax
2006-06-21,RISK,BUY,27674.981572808407,3.6115660899196587,99950.02498750626,49.97501249375313,0.0,SPY_MA_SSO_bimonthly_MA250,after_tax
2008-03-03,RISK,SELL,27674.981572808407,3.778400478516024,104567.16361762144,52.28358180881072,4514.880035812617,SPY_MA_SSO_bimonthly_MA250,after_tax
2009-09-01,RISK,BUY,56966.73433018088,1.817655697126347,103545.90920193633,51.77295460096817,0.0,SPY_MA_SSO_bimonthly_MA250,after_tax
2010-07-01,RISK,SELL,56966.73433018088,1.858598368654811,105878.27949366621,52.939139746833106,2227.6581973820867,SPY_MA_SSO_bimonthly_MA250,after_tax
2010-11-01,RISK,BUY,42607.45360058956,2.471871060698667,105320.13152535855,52.660065762679274,0.0,SPY_MA_SSO_bimonthly_MA250,after_tax
2011-09-01,RISK,SELL,42607.45360058956,2.569805461092331,109492.86694603314,54.74643347301657,4065.3289214388933,SPY_MA_SSO_bimonthly_MA250,after_tax
2012-01-03,RISK,BUY,38955.38529708722,2.7867256126281554,108557.96995719122,54.27898497859561,0.0,SPY_MA_SSO_bimonthly_MA250,after_tax
2015-09-01,RISK,SELL,38955.38529708722,6.626267773461516,258128.81419686557,129.06440709843278,149387.50084759732,SPY_MA_SSO_bimonthly_MA250,after_tax
2015-11-02,RISK,BUY,29387.57490212587,7.742656915222327,227537.91003755896,113.76895501877948,0.0,SPY_MA_SSO_bimonthly_MA250,after_tax
2016-03-01,RISK,SELL,29387.57490212587,6.765636673670625,198825.6545080652,99.4128272540326,-28925.437311766582,SPY_MA_SSO_bimonthly_MA250,after_tax
2016-05-02,RISK,BUY,25973.344299923254,7.64733743653064,198626.92821670283,99.31346410835141,0.0,SPY_MA_SSO_bimonthly_MA250,after_tax
2018-11-01,RISK,SELL,25973.344299923254,13.243374467740427,343974.724743435,171.9873623717175,145076.4957002521,SPY_MA_SSO_bimonthly_MA250,after_tax
2019-03-01,RISK,BUY,23015.526958046452,13.905683199848397,320046.6265561644,160.0233132780822,0.0,SPY_MA_SSO_bimonthly_MA250,after_tax
2020-03-02,RISK,SELL,23015.526958046452,15.436006553204635,355267.82494986296,177.6339124749315,34883.54116794554,SPY_MA_SSO_bimonthly_MA250,after_tax
2020-07-01,RISK,BUY,22788.641103740887,15.263292059552349,347829.68480671657,173.91484240335828,0.0,SPY_MA_SSO_bimonthly_MA250,after_tax
2022-05-02,RISK,SELL,22788.641103740887,26.382579479570605,601223.1351508535,300.61156757542676,252918.9239341581,SPY_MA_SSO_bimonthly_MA250,after_tax
2023-05-01,RISK,BUY,21879.210192817987,25.10453556779278,549267.4104808135,274.63370524040675,0.0,SPY_MA_SSO_bimonthly_MA250,after_tax
2025-05-01,RISK,SELL,21879.210192817987,40.148345804981716,878414.0967611372,439.2070483805686,328432.8455267028,SPY_MA_SSO_bimonthly_MA250,after_tax
2025-07-01,RISK,BUY,16811.034683379385,48.23310095119738,810848.3329775183,405.42416648875917,0.0,SPY_MA_SSO_bimonthly_MA250,after_tax
2006-06-21,RISK,BUY,27674.981572808407,3.6115660899196587,99950.02498750626,49.97501249375313,0.0,SPY_MA_SSO_quarterly_MA150,pre_tax
2008-01-02,RISK,SELL,27674.981572808407,4.656629587952916,128872.13803799136,64.43606901899568,28807.701968972353,SPY_MA_SSO_quarterly_MA150,pre_tax
2009-07-01,RISK,BUY,85749.26430752262,1.501392826439982,128743.33030382046,64.37166515191024,0.0,SPY_MA_SSO_quarterly_MA150,pre_tax
2010-07-01,RISK,SELL,85749.26430752262,1.858598368654811,159373.44275531176,79.68672137765589,30486.054064961732,SPY_MA_SSO_quarterly_MA150,pre_tax
2010-10-01,RISK,BUY,69006.51102440381,2.307233717455286,159214.14895945438,79.60707447972719,0.0,SPY_MA_SSO_quarterly_MA150,pre_tax
2011-10-03,RISK,SELL,69006.51102440381,2.1786472784216535,150340.8474366912,75.1704237183456,-9028.079020961246,SPY_MA_SSO_quarterly_MA150,pre_tax
2012-01-03,RISK,BUY,53895.00173304374,2.7867256126281554,150190.58172211182,75.09529086105591,0.0,SPY_MA_SSO_quarterly_MA150,pre_tax
2015-07-01,RISK,SELL,53895.00173304374,7.761558175480756,418309.19131865515,209.15459565932758,267834.3597100229,SPY_MA_SSO_quarterly_MA150,pre_tax
2016-01-04,RISK,BUY,57988.17700450364,7.20648781811078,417891.0911774071,208.94554558870357,0.0,SPY_MA_SSO_quarterly_MA150,pre_tax
2019-01-02,RISK,SELL,57988.17700450364,10.809249178341002,626808.6546394236,313.4043273197118,208395.21358910808,SPY_MA_SSO_quarterly_MA150,pre_tax
2019-04-01,RISK,BUY,43502.20913746927,14.394261157030419,626182.1592324877,313.09107961624386,0.0,SPY_MA_SSO_quarterly_MA150,pre_tax
2020-04-01,RISK,SELL,43502.20913746927,9.974667954092526,433920.0914157458,216.9600457078729,-192792.11894206598,SPY_MA_SSO_quarterly_MA150,pre_tax
2020-07-01,RISK,BUY,28400.582684562974,15.263292059552349,433486.38817595,216.74319408797498,0.0,SPY_MA_SSO_quarterly_MA150,pre_tax
2022-07-01,RISK,SELL,28400.582684562974,21.777797193569835,618502.1298836236,309.25106494181176,184489.74744864373,SPY_MA_SSO_quarterly_MA150,pre_tax
2023-04-03,RISK,BUY,25256.5185512578,24.46433524067336,617883.9368502566,308.9419684251283,0.0,SPY_MA_SSO_quarterly_MA150,pre_tax
2025-04-01,RISK,SELL,25256.5185512578,40.71270051197146,1028261.0757524101,514.130537876205,409554.06639585213,SPY_MA_SSO_quarterly_MA150,pre_tax
2025-07-01,RISK,BUY,21297.269059885275,48.23310095119738,1027233.3285502589,513.6166642751294,0.0,SPY_MA_SSO_quarterly_MA150,pre_tax
2026-04-01,RISK,SELL,21297.269059885275,52.347155776245074,1114851.461086419,557.4257305432095,86547.09014134167,SPY_MA_SSO_quarterly_MA150,pre_tax
2026-07-01,RISK,BUY,16600.644322042997,67.08999633789062,1113737.1667724894,556.8685833862447,0.0,SPY_MA_SSO_quarterly_MA150,pre_tax
2006-06-21,RISK,BUY,27674.981572808407,3.6115660899196587,99950.02498750626,49.97501249375313,0.0,SPY_MA_SSO_quarterly_MA150,after_tax
2008-01-02,RISK,SELL,27674.981572808407,4.656629587952916,128872.13803799136,64.43606901899568,28807.701968972353,SPY_MA_SSO_quarterly_MA150,after_tax
2009-07-01,RISK,BUY,81853.3085842767,1.501392826439982,122893.97032881124,61.44698516440562,0.0,SPY_MA_SSO_quarterly_MA150,after_tax
2010-07-01,RISK,SELL,81853.3085842767,1.858598368654811,152132.42580373553,76.06621290186777,29100.942276857997,SPY_MA_SSO_quarterly_MA150,after_tax
2010-10-01,RISK,BUY,63310.217048439976,2.307233717455286,146071.46743357318,73.0357337167866,0.0,SPY_MA_SSO_quarterly_MA150,after_tax
2011-10-03,RISK,SELL,63310.217048439976,2.1786472784216535,137930.6320688679,68.96531603443395,-8282.836414456513,SPY_MA_SSO_quarterly_MA150,after_tax
2012-01-03,RISK,BUY,49446.12047315902,2.7867256126281554,137792.77036764965,68.89638518382482,0.0,SPY_MA_SSO_quarterly_MA150,after_tax
2015-07-01,RISK,SELL,49446.12047315902,7.761558175480756,383778.9406042538,191.8894703021269,245725.38438111817,SPY_MA_SSO_quarterly_MA150,after_tax
2016-01-04,RISK,BUY,46511.28461900163,7.20648781811078,335183.00601151853,167.59150300575928,0.0,SPY_MA_SSO_quarterly_MA150,after_tax
2019-01-02,RISK,SELL,46511.28461900163,10.809249178341002,502752.0650515278,251.37603252576392,167150.09150447772,SPY_MA_SSO_quarterly_MA150,after_tax
2019-04-01,RISK,BUY,32534.493283433974,14.394261157030419,468309.99293340073,234.15499646670037,0.0,SPY_MA_SSO_quarterly_MA150,after_tax
2020-04-01,RISK,SELL,32534.493283433974,9.974667954092526,324520.7675569074,162.2603837784537,-144185.6407567385,SPY_MA_SSO_quarterly_MA150,after_tax
2020-07-01,RISK,BUY,21240.267676444688,15.263292059552349,324196.4089686446,162.0982044843223,0.0,SPY_MA_SSO_quarterly_MA150,after_tax
2022-07-01,RISK,SELL,21240.267676444688,21.777797193569835,462566.2417947492,231.2831208973746,137976.4515007229,SPY_MA_SSO_quarterly_MA150,after_tax
2023-04-03,RISK,BUY,18888.880575517025,24.46433524067336,462103.90672049165,231.05195336024582,0.0,SPY_MA_SSO_quarterly_MA150,after_tax
2025-04-01,RISK,SELL,18888.880575517025,40.71270051197146,769017.3378774198,384.5086689387099,306297.8705346292,SPY_MA_SSO_quarterly_MA150,after_tax
2025-07-01,RISK,BUY,14664.538285536197,48.23310095119738,707316.1555289663,353.65807776448315,0.0,SPY_MA_SSO_quarterly_MA150,after_tax
2026-04-01,RISK,SELL,14664.538285536197,52.347155776245074,767646.8700196731,383.8234350098366,59593.23297793255,SPY_MA_SSO_quarterly_MA150,after_tax
2026-07-01,RISK,BUY,11250.25089967232,67.08999633789062,754779.2916593667,377.38964582968333,0.0,SPY_MA_SSO_quarterly_MA150,after_tax
2006-06-21,RISK,BUY,27674.981572808407,3.6115660899196587,99950.02498750626,49.97501249375313,0.0,SPY_MA_SSO_quarterly_MA175,pre_tax
2008-01-02,RISK,SELL,27674.981572808407,4.656629587952916,128872.13803799136,64.43606901899568,28807.701968972353,SPY_MA_SSO_quarterly_MA175,pre_tax
2009-07-01,RISK,BUY,85749.26430752262,1.501392826439982,128743.33030382046,64.37166515191024,0.0,SPY_MA_SSO_quarterly_MA175,pre_tax
2010-07-01,RISK,SELL,85749.26430752262,1.858598368654811,159373.44275531176,79.68672137765589,30486.054064961732,SPY_MA_SSO_quarterly_MA175,pre_tax
2010-10-01,RISK,BUY,69006.51102440381,2.307233717455286,159214.14895945438,79.60707447972719,0.0,SPY_MA_SSO_quarterly_MA175,pre_tax
2011-10-03,RISK,SELL,69006.51102440381,2.1786472784216535,150340.8474366912,75.1704237183456,-9028.079020961246,SPY_MA_SSO_quarterly_MA175,pre_tax
2012-01-03,RISK,BUY,53895.00173304374,2.7867256126281554,150190.58172211182,75.09529086105591,0.0,SPY_MA_SSO_quarterly_MA175,pre_tax
2015-10-01,RISK,SELL,53895.00173304374,6.602641012861533,355849.34883083805,177.92467441541902,205405.74714344973,SPY_MA_SSO_quarterly_MA175,pre_tax
2016-04-01,RISK,BUY,47577.12370866619,7.4719455403524195,355493.67731776374,177.74683865888187,0.0,SPY_MA_SSO_quarterly_MA175,pre_tax
2019-01-02,RISK,SELL,47577.12370866619,10.809249178341002,514272.98535572825,257.1364926778641,158344.4247066278,SPY_MA_SSO_quarterly_MA175,pre_tax
2019-04-01,RISK,BUY,35691.93053909766,14.394261157030419,513758.96937836125,256.87948468918063,0.0,SPY_MA_SSO_quarterly_MA175,pre_tax
2020-04-01,RISK,SELL,35691.93053909766,9.974667954092526,356015.1557680338,178.0075778840169,-158178.7006729006,SPY_MA_SSO_quarterly_MA175,pre_tax
2020-07-01,RISK,BUY,23301.61259728364,15.263292059552349,355659.3185308844,177.8296592654422,0.0,SPY_MA_SSO_quarterly_MA175,pre_tax
2022-07-01,RISK,SELL,23301.61259728364,21.777797193569835,507457.7934267752,253.7288967133876,151366.91633991193,SPY_MA_SSO_quarterly_MA175,pre_tax
2023-04-03,RISK,BUY,20722.02593073568,24.46433524067336,506950.5892354441,253.47529461772206,0.0,SPY_MA_SSO_quarterly_MA175,pre_tax
2025-04-01,RISK,SELL,20722.02593073568,40.71270051197146,843649.6357193484,421.8248178596742,336023.74637142697,SPY_MA_SSO_quarterly_MA175,pre_tax
2025-07-01,RISK,BUY,17473.610260936737,48.23310095119738,842806.40769764,421.40320384882,0.0,SPY_MA_SSO_quarterly_MA175,pre_tax
2026-04-01,RISK,SELL,17473.610260936737,52.347155776245074,914693.7983026498,457.34689915132486,71008.64050200954,SPY_MA_SSO_quarterly_MA175,pre_tax
2026-07-01,RISK,BUY,13620.205865276059,67.08999633789062,913779.5616226871,456.8897808113436,0.0,SPY_MA_SSO_quarterly_MA175,pre_tax
2006-06-21,RISK,BUY,27674.981572808407,3.6115660899196587,99950.02498750626,49.97501249375313,0.0,SPY_MA_SSO_quarterly_MA175,after_tax
2008-01-02,RISK,SELL,27674.981572808407,4.656629587952916,128872.13803799136,64.43606901899568,28807.701968972353,SPY_MA_SSO_quarterly_MA175,after_tax
2009-07-01,RISK,BUY,81853.3085842767,1.501392826439982,122893.97032881124,61.44698516440562,0.0,SPY_MA_SSO_quarterly_MA175,after_tax
2010-07-01,RISK,SELL,81853.3085842767,1.858598368654811,152132.42580373553,76.06621290186777,29100.942276857997,SPY_MA_SSO_quarterly_MA175,after_tax
2010-10-01,RISK,BUY,63310.217048439976,2.307233717455286,146071.46743357318,73.0357337167866,0.0,SPY_MA_SSO_quarterly_MA175,after_tax
2011-10-03,RISK,SELL,63310.217048439976,2.1786472784216535,137930.6320688679,68.96531603443395,-8282.836414456513,SPY_MA_SSO_quarterly_MA175,after_tax
2012-01-03,RISK,BUY,49446.12047315902,2.7867256126281554,137792.77036764965,68.89638518382482,0.0,SPY_MA_SSO_quarterly_MA175,after_tax
2015-10-01,RISK,SELL,49446.12047315902,6.602641012861533,326474.9829629721,163.23749148148605,188450.07871865714,SPY_MA_SSO_quarterly_MA175,after_tax
2016-04-01,RISK,BUY,38753.7604014888,7.4719455403524195,289565.9872037904,144.7829936018952,0.0,SPY_MA_SSO_quarterly_MA175,after_tax
2019-01-02,RISK,SELL,38753.7604014888,10.809249178341002,418899.05277741683,209.44952638870842,128978.83305363584,SPY_MA_SSO_quarterly_MA175,after_tax
2019-04-01,RISK,BUY,27253.320148410225,14.394261157030419,392291.4076123758,196.1457038061879,0.0,SPY_MA_SSO_quarterly_MA175,after_tax
2020-04-01,RISK,SELL,27253.320148410225,9.974667954092526,271842.81912697165,135.92140956348584,-120780.65559877385,SPY_MA_SSO_quarterly_MA175,after_tax
2020-07-01,RISK,BUY,17792.433709696852,15.263292059552349,271571.1121613275,135.78555608066375,0.0,SPY_MA_SSO_quarterly_MA175,after_tax
2022-07-01,RISK,SELL,17792.433709696852,21.777797193569835,387480.01290981343,193.74000645490673,115579.37518595037,SPY_MA_SSO_quarterly_MA175,after_tax
2023-04-03,RISK,BUY,15822.736351998832,24.46433524067336,387092.7265400885,193.54636327004425,0.0,SPY_MA_SSO_quarterly_MA175,after_tax
2025-04-01,RISK,SELL,15822.736351998832,40.71270051197146,644186.3263788123,322.09316318940614,256577.96031226445,SPY_MA_SSO_quarterly_MA175,after_tax
2025-07-01,RISK,BUY,12284.111919082374,48.23310095119738,592500.8102889071,296.25040514445357,0.0,SPY_MA_SSO_quarterly_MA175,after_tax
2026-04-01,RISK,SELL,12284.111919082374,52.347155776245074,643038.3202010338,321.51916010051696,49919.740346881794,SPY_MA_SSO_quarterly_MA175,after_tax
2026-07-01,RISK,BUY,9424.049941322704,67.08999633789062,632259.4760514386,316.1297380257193,0.0,SPY_MA_SSO_quarterly_MA175,after_tax
2006-06-21,RISK,BUY,27674.981572808407,3.6115660899196587,99950.02498750626,49.97501249375313,0.0,SPY_MA_SSO_quarterly_MA200,pre_tax
2008-01-02,RISK,SELL,27674.981572808407,4.656629587952916,128872.13803799136,64.43606901899568,28807.701968972353,SPY_MA_SSO_quarterly_MA200,pre_tax
2009-07-01,RISK,BUY,85749.26430752262,1.501392826439982,128743.33030382046,64.37166515191024,0.0,SPY_MA_SSO_quarterly_MA200,pre_tax
2010-07-01,RISK,SELL,85749.26430752262,1.858598368654811,159373.44275531176,79.68672137765589,30486.054064961732,SPY_MA_SSO_quarterly_MA200,pre_tax
2010-10-01,RISK,BUY,69006.51102440381,2.307233717455286,159214.14895945438,79.60707447972719,0.0,SPY_MA_SSO_quarterly_MA200,pre_tax
2011-10-03,RISK,SELL,69006.51102440381,2.1786472784216535,150340.8474366912,75.1704237183456,-9028.079020961246,SPY_MA_SSO_quarterly_MA200,pre_tax
2012-01-03,RISK,BUY,53895.00173304374,2.7867256126281554,150190.58172211182,75.09529086105591,0.0,SPY_MA_SSO_quarterly_MA200,pre_tax
2015-10-01,RISK,SELL,53895.00173304374,6.602641012861533,355849.34883083805,177.92467441541902,205405.74714344973,SPY_MA_SSO_quarterly_MA200,pre_tax
2016-04-01,RISK,BUY,47577.12370866619,7.4719455403524195,355493.67731776374,177.74683865888187,0.0,SPY_MA_SSO_quarterly_MA200,pre_tax
2019-01-02,RISK,SELL,47577.12370866619,10.809249178341002,514272.98535572825,257.1364926778641,158344.4247066278,SPY_MA_SSO_quarterly_MA200,pre_tax
2019-04-01,RISK,BUY,35691.93053909766,14.394261157030419,513758.96937836125,256.87948468918063,0.0,SPY_MA_SSO_quarterly_MA200,pre_tax
2020-04-01,RISK,SELL,35691.93053909766,9.974667954092526,356015.1557680338,178.0075778840169,-158178.7006729006,SPY_MA_SSO_quarterly_MA200,pre_tax
2020-07-01,RISK,BUY,23301.61259728364,15.263292059552349,355659.3185308844,177.8296592654422,0.0,SPY_MA_SSO_quarterly_MA200,pre_tax
2022-07-01,RISK,SELL,23301.61259728364,21.777797193569835,507457.7934267752,253.7288967133876,151366.91633991193,SPY_MA_SSO_quarterly_MA200,pre_tax
2023-04-03,RISK,BUY,20722.02593073568,24.46433524067336,506950.5892354441,253.47529461772206,0.0,SPY_MA_SSO_quarterly_MA200,pre_tax
2025-04-01,RISK,SELL,20722.02593073568,40.71270051197146,843649.6357193484,421.8248178596742,336023.74637142697,SPY_MA_SSO_quarterly_MA200,pre_tax
2025-07-01,RISK,BUY,17473.610260936737,48.23310095119738,842806.40769764,421.40320384882,0.0,SPY_MA_SSO_quarterly_MA200,pre_tax
2026-04-01,RISK,SELL,17473.610260936737,52.347155776245074,914693.7983026498,457.34689915132486,71008.64050200954,SPY_MA_SSO_quarterly_MA200,pre_tax
2026-07-01,RISK,BUY,13620.205865276059,67.08999633789062,913779.5616226871,456.8897808113436,0.0,SPY_MA_SSO_quarterly_MA200,pre_tax
2006-06-21,RISK,BUY,27674.981572808407,3.6115660899196587,99950.02498750626,49.97501249375313,0.0,SPY_MA_SSO_quarterly_MA200,after_tax
2008-01-02,RISK,SELL,27674.981572808407,4.656629587952916,128872.13803799136,64.43606901899568,28807.701968972353,SPY_MA_SSO_quarterly_MA200,after_tax
2009-07-01,RISK,BUY,81853.3085842767,1.501392826439982,122893.97032881124,61.44698516440562,0.0,SPY_MA_SSO_quarterly_MA200,after_tax
2010-07-01,RISK,SELL,81853.3085842767,1.858598368654811,152132.42580373553,76.06621290186777,29100.942276857997,SPY_MA_SSO_quarterly_MA200,after_tax
2010-10-01,RISK,BUY,63310.217048439976,2.307233717455286,146071.46743357318,73.0357337167866,0.0,SPY_MA_SSO_quarterly_MA200,after_tax
2011-10-03,RISK,SELL,63310.217048439976,2.1786472784216535,137930.6320688679,68.96531603443395,-8282.836414456513,SPY_MA_SSO_quarterly_MA200,after_tax
2012-01-03,RISK,BUY,49446.12047315902,2.7867256126281554,137792.77036764965,68.89638518382482,0.0,SPY_MA_SSO_quarterly_MA200,after_tax
2015-10-01,RISK,SELL,49446.12047315902,6.602641012861533,326474.9829629721,163.23749148148605,188450.07871865714,SPY_MA_SSO_quarterly_MA200,after_tax
2016-04-01,RISK,BUY,38753.7604014888,7.4719455403524195,289565.9872037904,144.7829936018952,0.0,SPY_MA_SSO_quarterly_MA200,after_tax
2019-01-02,RISK,SELL,38753.7604014888,10.809249178341002,418899.05277741683,209.44952638870842,128978.83305363584,SPY_MA_SSO_quarterly_MA200,after_tax
2019-04-01,RISK,BUY,27253.320148410225,14.394261157030419,392291.4076123758,196.1457038061879,0.0,SPY_MA_SSO_quarterly_MA200,after_tax
2020-04-01,RISK,SELL,27253.320148410225,9.974667954092526,271842.81912697165,135.92140956348584,-120780.65559877385,SPY_MA_SSO_quarterly_MA200,after_tax
2020-07-01,RISK,BUY,17792.433709696852,15.263292059552349,271571.1121613275,135.78555608066375,0.0,SPY_MA_SSO_quarterly_MA200,after_tax
2022-07-01,RISK,SELL,17792.433709696852,21.777797193569835,387480.01290981343,193.74000645490673,115579.37518595037,SPY_MA_SSO_quarterly_MA200,after_tax
2023-04-03,RISK,BUY,15822.736351998832,24.46433524067336,387092.7265400885,193.54636327004425,0.0,SPY_MA_SSO_quarterly_MA200,after_tax
2025-04-01,RISK,SELL,15822.736351998832,40.71270051197146,644186.3263788123,322.09316318940614,256577.96031226445,SPY_MA_SSO_quarterly_MA200,after_tax
2025-07-01,RISK,BUY,12284.111919082374,48.23310095119738,592500.8102889071,296.25040514445357,0.0,SPY_MA_SSO_quarterly_MA200,after_tax
2026-04-01,RISK,SELL,12284.111919082374,52.347155776245074,643038.3202010338,321.51916010051696,49919.740346881794,SPY_MA_SSO_quarterly_MA200,after_tax
2026-07-01,RISK,BUY,9424.049941322704,67.08999633789062,632259.4760514386,316.1297380257193,0.0,SPY_MA_SSO_quarterly_MA200,after_tax
2006-06-21,RISK,BUY,27674.981572808407,3.6115660899196587,99950.02498750626,49.97501249375313,0.0,SPY_MA_SSO_quarterly_MA225,pre_tax
2008-01-02,RISK,SELL,27674.981572808407,4.656629587952916,128872.13803799136,64.43606901899568,28807.701968972353,SPY_MA_SSO_quarterly_MA225,pre_tax
2009-10-01,RISK,BUY,65886.78604371022,1.9540083533352246,128743.33030382046,64.37166515191024,0.0,SPY_MA_SSO_quarterly_MA225,pre_tax
2010-07-01,RISK,SELL,65886.78604371022,1.858598368654811,122457.0730567484,61.2285365283742,-6411.857448752344,SPY_MA_SSO_quarterly_MA225,pre_tax
2010-10-01,RISK,BUY,53022.230152112905,2.307233717455286,122334.67718162922,61.16733859081461,0.0,SPY_MA_SSO_quarterly_MA225,pre_tax
2011-10-03,RISK,SELL,53022.230152112905,2.1786472784216535,115516.73741674732,57.75836870837366,-6936.865472181089,SPY_MA_SSO_quarterly_MA225,pre_tax
2012-01-03,RISK,BUY,41411.06605038155,2.7867256126281554,115401.27840883454,57.70063920441727,0.0,SPY_MA_SSO_quarterly_MA225,pre_tax
2015-10-01,RISK,SELL,41411.06605038155,6.602641012861533,273422.4030905671,136.71120154528356,157826.7128409829,SPY_MA_SSO_quarterly_MA225,pre_tax
2016-04-01,RISK,BUY,36556.62582860225,7.4719455403524195,273149.1173303567,136.57455866517833,0.0,SPY_MA_SSO_quarterly_MA225,pre_tax
2019-01-02,RISK,SELL,36556.62582860225,10.809249178341002,395149.6777007383,197.57483885036916,121666.41097286611,SPY_MA_SSO_quarterly_MA225,pre_tax
2019-04-01,RISK,BUY,27424.452091890318,14.394261157030419,394754.7254991384,197.37736274956922,0.0,SPY_MA_SSO_quarterly_MA225,pre_tax
2020-04-01,RISK,SELL,27424.452091890318,9.974667954092526,273549.8034395241,136.77490171976206,-121539.07432408369,SPY_MA_SSO_quarterly_MA225,pre_tax
2020-07-01,RISK,BUY,17904.157849852993,15.263292059552349,273276.390342633,136.6381951713165,0.0,SPY_MA_SSO_quarterly_MA225,pre_tax
2022-07-01,RISK,SELL,17904.157849852993,21.777797193569835,389913.1185757598,194.9565592878799,116305.13347866759,SPY_MA_SSO_quarterly_MA225,pre_tax
2023-04-03,RISK,BUY,15922.092159230584,24.46433524067336,389523.4003163138,194.76170015815688,0.0,SPY_MA_SSO_quarterly_MA225,pre_tax
2025-04-01,RISK,SELL,15922.092159230584,40.71270051197146,648231.3696027638,324.1156848013819,258189.09190149046,SPY_MA_SSO_quarterly_MA225,pre_tax
2025-07-01,RISK,BUY,13426.121261456918,48.23310095119738,647583.462186869,323.7917310934345,0.0,SPY_MA_SSO_quarterly_MA225,pre_tax
2006-06-21,RISK,BUY,27674.981572808407,3.6115660899196587,99950.02498750626,49.97501249375313,0.0,SPY_MA_SSO_quarterly_MA225,after_tax
2008-01-02,RISK,SELL,27674.981572808407,4.656629587952916,128872.13803799136,64.43606901899568,28807.701968972353,SPY_MA_SSO_quarterly_MA225,after_tax
2009-10-01,RISK,BUY,62893.267635754,1.9540083533352246,122893.97032881124,61.44698516440562,0.0,SPY_MA_SSO_quarterly_MA225,after_tax
2010-07-01,RISK,SELL,62893.267635754,1.858598368654811,116893.32462718281,58.4466623135914,-6120.5393491064315,SPY_MA_SSO_quarterly_MA225,after_tax
2010-10-01,RISK,BUY,50613.20352443763,2.307233717455286,116776.48972000921,58.388244860004605,0.0,SPY_MA_SSO_quarterly_MA225,after_tax
2011-10-03,RISK,SELL,50613.20352443763,2.1786472784216535,110268.31811071729,55.134159055358644,-6621.694013207292,SPY_MA_SSO_quarterly_MA225,after_tax
2012-01-03,RISK,BUY,39529.58425473487,2.7867256126281554,110158.10489921233,55.079052449606166,0.0,SPY_MA_SSO_quarterly_MA225,after_tax
2015-10-01,RISK,SELL,39529.58425473487,6.602641012861533,260999.65422167798,130.499827110839,150655.9704429052,SPY_MA_SSO_quarterly_MA225,after_tax
2016-04-01,RISK,BUY,31147.92655330532,7.4719455403524195,232735.6109011944,116.3678054505972,0.0,SPY_MA_SSO_quarterly_MA225,after_tax
2019-01-02,RISK,SELL,31147.92655330532,10.809249178341002,336685.6995033414,168.3428497516707,103665.37794694476,SPY_MA_SSO_quarterly_MA225,after_tax
2019-04-01,RISK,BUY,21904.568886269586,14.394261157030419,315300.08508112736,157.65004254056367,0.0,SPY_MA_SSO_quarterly_MA225,after_tax
2020-04-01,RISK,SELL,21904.568886269586,9.974667954092526,218490.80131808546,109.24540065904273,-97076.1792062415,SPY_MA_SSO_quarterly_MA225,after_tax
2020-07-01,RISK,BUY,14300.48110564519,15.263292059552349,218272.41970757264,109.13620985378633,0.0,SPY_MA_SSO_quarterly_MA225,after_tax
2022-07-01,RISK,SELL,14300.48110564519,21.777797193569835,311432.9772892183,155.71648864460914,92895.70488314726,SPY_MA_SSO_quarterly_MA225,after_tax
2023-04-03,RISK,BUY,12717.357610164725,24.46433524067336,311121.6999505984,155.56084997529922,0.0,SPY_MA_SSO_quarterly_MA225,after_tax
2025-04-01,RISK,SELL,12717.357610164725,40.71270051197146,517757.9716862776,258.8789858431388,206221.83189986076,SPY_MA_SSO_quarterly_MA225,after_tax
2025-07-01,RISK,BUY,9873.225510612929,48.23310095119738,476216.2827673307,238.10814138366536,0.0,SPY_MA_SSO_quarterly_MA225,after_tax
2006-06-21,RISK,BUY,27674.981572808407,3.6115660899196587,99950.02498750626,49.97501249375313,0.0,SPY_MA_SSO_quarterly_MA250,pre_tax
2008-04-01,RISK,SELL,27674.981572808407,3.8087700831023192,105407.64186492063,52.70382093246032,5354.93804398815,SPY_MA_SSO_quarterly_MA250,pre_tax
2009-10-01,RISK,BUY,53890.39751073803,1.9540083533352246,105302.2869005379,52.651143450268954,0.0,SPY_MA_SSO_quarterly_MA250,pre_tax
2010-07-01,RISK,SELL,53890.39751073803,1.858598368654811,100160.604899617,50.0803024498085,-5244.413446820981,SPY_MA_SSO_quarterly_MA250,pre_tax
2010-10-01,RISK,BUY,43368.16577921364,2.307233717455286,100060.49434999221,50.030247174996106,0.0,SPY_MA_SSO_quarterly_MA250,pre_tax
2011-10-03,RISK,SELL,43368.16577921364,2.1786472784216535,94483.93634502288,47.24196817251144,-5673.830220316828,SPY_MA_SSO_quarterly_MA250,pre_tax
2012-01-03,RISK,BUY,33871.11353888132,2.7867256126281554,94389.49962703686,47.19474981351843,0.0,SPY_MA_SSO_quarterly_MA250,pre_tax
2015-10-01,RISK,SELL,33871.11353888132,6.602641012861533,223638.80340310736,111.81940170155369,129090.28962455543,SPY_MA_SSO_quarterly_MA250,pre_tax
2016-01-04,RISK,BUY,31001.964063791856,7.20648781811078,223415.2763632242,111.7076381816121,0.0,SPY_MA_SSO_quarterly_MA250,pre_tax
2019-01-02,RISK,SELL,31001.964063791856,10.809249178341002,335107.9545834994,167.5539772917497,111413.41660480187,SPY_MA_SSO_quarterly_MA250,pre_tax
2019-04-01,RISK,BUY,23257.394766361376,14.394261157030419,334773.0140991581,167.38650704957905,0.0,SPY_MA_SSO_quarterly_MA250,pre_tax
2020-04-01,RISK,SELL,23257.394766361376,9.974667954092526,231984.79027170406,115.99239513585204,-103071.60272963948,SPY_MA_SSO_quarterly_MA250,pre_tax
2020-07-01,RISK,BUY,15183.67862657915,15.263292059552349,231752.92141586027,115.87646070793014,0.0,SPY_MA_SSO_quarterly_MA250,pre_tax
2022-07-01,RISK,SELL,15183.67862657915,21.777797193569835,330667.0737819817,165.33353689099087,98632.94236852255,SPY_MA_SSO_quarterly_MA250,pre_tax
2023-04-03,RISK,BUY,13502.7814452897,24.46433524067336,330336.5719591112,165.1682859795556,0.0,SPY_MA_SSO_quarterly_MA250,pre_tax
2006-06-21,RISK,BUY,27674.981572808407,3.6115660899196587,99950.02498750626,49.97501249375313,0.0,SPY_MA_SSO_quarterly_MA250,after_tax
2008-04-01,RISK,SELL,27674.981572808407,3.8087700831023192,105407.64186492063,52.70382093246032,5354.93804398815,SPY_MA_SSO_quarterly_MA250,after_tax
2009-10-01,RISK,BUY,53333.9454332551,1.9540083533352246,104214.97489290552,52.10748744645276,0.0,SPY_MA_SSO_quarterly_MA250,after_tax
2010-07-01,RISK,SELL,53333.9454332551,1.858598368654811,99126.38397617264,49.563191988086324,-5190.261596167416,SPY_MA_SSO_quarterly_MA250,after_tax
2010-10-01,RISK,BUY,42920.36232889285,2.307233717455286,99027.30713061926,49.51365356530963,0.0,SPY_MA_SSO_quarterly_MA250,after_tax
2011-10-03,RISK,SELL,42920.36232889285,2.1786472784216535,93508.33057671368,46.75416528835684,-5615.244372759247,SPY_MA_SSO_quarterly_MA250,after_tax
2012-01-03,RISK,BUY,33521.37309594592,2.7867256126281554,93414.86897693686,46.70743448846844,0.0,SPY_MA_SSO_quarterly_MA250,after_tax
2015-10-01,RISK,SELL,33521.37309594592,6.602641012861533,221329.59281072574,110.66479640536286,127757.35160289504,SPY_MA_SSO_quarterly_MA250,after_tax
2016-01-04,RISK,BUY,27386.638930807512,7.20648781811078,197361.47983386277,98.68073991693139,0.0,SPY_MA_SSO_quarterly_MA250,after_tax
2019-01-02,RISK,SELL,27386.638930807512,10.809249178341002,296029.0043603528,148.0145021801764,98420.82928439297,SPY_MA_SSO_quarterly_MA250,after_tax
2019-04-01,RISK,BUY,19156.865428442215,14.394261157030419,275748.92392708466,137.87446196354233,0.0,SPY_MA_SSO_quarterly_MA250,after_tax
2020-04-01,RISK,SELL,19156.865428442215,9.974667954092526,191083.37168994555,95.54168584497278,-84898.96838494763,SPY_MA_SSO_quarterly_MA250,after_tax
2020-07-01,RISK,BUY,12506.632453037992,15.263292059552349,190892.3838121945,95.44619190609724,0.0,SPY_MA_SSO_quarterly_MA250,after_tax
2022-07-01,RISK,SELL,12506.632453037992,21.777797193569835,272366.9051367802,136.1834525683901,81242.89168011124,SPY_MA_SSO_quarterly_MA250,after_tax
2023-04-03,RISK,BUY,11122.095559525578,24.46433524067336,272094.6743470383,136.04733717351917,0.0,SPY_MA_SSO_quarterly_MA250,after_tax
