date,asset,side,shares,price,notional,transaction_cost,realized_gain,strategy,model,frequency,tax_mode
2013-01-07,RISK,BUY,57259.813836045876,1.7455527409449292,99950.02498750626,49.97501249375313,0.0,FIXED_QLD_MA200_weekly,FIXED_QLD_MA200,weekly,pre_tax
2015-08-24,RISK,SELL,57259.813836045876,3.432666745387014,196553.85880204593,98.27692940102297,96455.58187264488,FIXED_QLD_MA200_weekly,FIXED_QLD_MA200,weekly,pre_tax
2015-10-12,RISK,BUY,44632.07191266245,4.399468694962183,196357.40317105938,98.1787015855297,0.0,FIXED_QLD_MA200_weekly,FIXED_QLD_MA200,weekly,pre_tax
2016-01-11,RISK,SELL,44632.07191266245,4.215746027529573,188157.47986622097,94.07873993311048,-8392.180746357073,FIXED_QLD_MA200_weekly,FIXED_QLD_MA200,weekly,pre_tax
2016-03-21,RISK,BUY,42915.91090813426,4.379947027582518,187969.41641807882,93.98470820903941,0.0,FIXED_QLD_MA200_weekly,FIXED_QLD_MA200,weekly,pre_tax
2016-05-02,RISK,SELL,42915.91090813426,4.257564817205552,182717.2723808004,91.3586361904002,-5437.487381677842,FIXED_QLD_MA200_weekly,FIXED_QLD_MA200,weekly,pre_tax
2016-05-31,RISK,BUY,39638.06818561934,4.605033867105126,182534.64642139932,91.26732321069966,0.0,FIXED_QLD_MA200_weekly,FIXED_QLD_MA200,weekly,pre_tax
2016-06-20,RISK,SELL,39638.06818561934,4.412542996675287,174904.68017419212,87.45234008709606,-7808.685910504981,FIXED_QLD_MA200_weekly,FIXED_QLD_MA200,weekly,pre_tax
2016-07-05,RISK,BUY,39887.589768488375,4.38055705839344,174729.8629026537,87.36493145132685,0.0,FIXED_QLD_MA200_weekly,FIXED_QLD_MA200,weekly,pre_tax
2018-10-29,RISK,SELL,39887.589768488375,10.144939535035777,404657.18639962625,202.32859319981313,229637.6299723214,FIXED_QLD_MA200_weekly,FIXED_QLD_MA200,weekly,pre_tax
2019-02-19,RISK,BUY,39990.435263591426,10.1087354707727,404252.73144070606,202.12636572035302,0.0,FIXED_QLD_MA200_weekly,FIXED_QLD_MA200,weekly,pre_tax
2019-03-11,RISK,SELL,39990.435263591426,10.137084270374908,405386.4122759987,202.69320613799934,728.8612634342862,FIXED_QLD_MA200_weekly,FIXED_QLD_MA200,weekly,pre_tax
2019-03-18,RISK,BUY,37158.16944214247,10.898847670260327,404981.2284556329,202.49061422781648,0.0,FIXED_QLD_MA200_weekly,FIXED_QLD_MA200,weekly,pre_tax
2020-03-16,RISK,SELL,37158.16944214247,9.445307493430235,350970.3362740186,175.4851681370093,-54388.86796397914,FIXED_QLD_MA200_weekly,FIXED_QLD_MA200,weekly,pre_tax
2020-04-13,RISK,BUY,28954.183714096736,12.109460408117469,350619.54133521405,175.30977066760704,0.0,FIXED_QLD_MA200_weekly,FIXED_QLD_MA200,weekly,pre_tax
2022-01-24,RISK,SELL,28954.183714096736,33.0985388893131,958341.1756693468,479.1705878346734,607067.1539756304,FIXED_QLD_MA200_weekly,FIXED_QLD_MA200,weekly,pre_tax
2023-01-30,RISK,BUY,46021.23239226592,20.803078571744038,957383.3134247998,478.69165671239995,0.0,FIXED_QLD_MA200_weekly,FIXED_QLD_MA200,weekly,pre_tax
2023-03-13,RISK,SELL,46021.23239226592,19.663863781418385,904955.2448145164,452.4776224072582,-53359.23788940301,FIXED_QLD_MA200_weekly,FIXED_QLD_MA200,weekly,pre_tax
2023-03-20,RISK,BUY,40814.32987088097,22.150326727921968,904050.7418211986,452.0253709105993,0.0,FIXED_QLD_MA200_weekly,FIXED_QLD_MA200,weekly,pre_tax
2025-03-10,RISK,SELL,40814.32987088097,47.364473139597685,1933149.2308800211,966.5746154400106,1027679.8890724718,FIXED_QLD_MA200_weekly,FIXED_QLD_MA200,weekly,pre_tax
2025-05-19,RISK,BUY,37567.573127228665,51.406489346552455,1931217.0477407107,965.6085238703554,0.0,FIXED_QLD_MA200_weekly,FIXED_QLD_MA200,weekly,pre_tax
2026-03-23,RISK,SELL,37567.573127228665,64.02386157339181,2405221.101545962,1202.610550772981,471835.83473060816,FIXED_QLD_MA200_weekly,FIXED_QLD_MA200,weekly,pre_tax
2026-04-13,RISK,BUY,35416.480100039975,67.84460442333032,2402817.0824539624,1201.4085412269812,0.0,FIXED_QLD_MA200_weekly,FIXED_QLD_MA200,weekly,pre_tax
2013-01-07,RISK,BUY,57259.813836045876,1.7455527409449292,99950.02498750626,49.97501249375313,0.0,FIXED_QLD_MA200_weekly,FIXED_QLD_MA200,weekly,after_tax
2015-08-24,RISK,SELL,57259.813836045876,3.432666745387014,196553.85880204593,98.27692940102297,96455.58187264488,FIXED_QLD_MA200_weekly,FIXED_QLD_MA200,weekly,after_tax
2015-10-12,RISK,BUY,40180.36189131017,4.399468694962183,176772.24429307054,88.38612214653527,0.0,FIXED_QLD_MA200_weekly,FIXED_QLD_MA200,weekly,after_tax
2016-01-11,RISK,SELL,40180.36189131017,4.215746027529573,169390.20102799145,84.69510051399573,-7555.124487739609,FIXED_QLD_MA200_weekly,FIXED_QLD_MA200,weekly,after_tax
2016-03-21,RISK,BUY,38635.37490615222,4.379947027582518,169220.8954797376,84.6104477398688,0.0,FIXED_QLD_MA200_weekly,FIXED_QLD_MA200,weekly,after_tax
2016-05-02,RISK,SELL,38635.37490615222,4.257564817205552,164492.61289997993,82.24630644998996,-4895.139333947533,FIXED_QLD_MA200_weekly,FIXED_QLD_MA200,weekly,after_tax
2016-05-31,RISK,BUY,35684.472087408525,4.605033867105126,164328.2024922838,82.1641012461419,0.0,FIXED_QLD_MA200_weekly,FIXED_QLD_MA200,weekly,after_tax
2016-06-20,RISK,SELL,35684.472087408525,4.412542996675287,157459.26739934925,78.72963369967462,-7029.828827880352,FIXED_QLD_MA200_weekly,FIXED_QLD_MA200,weekly,after_tax
2016-07-05,RISK,BUY,35909.10578846075,4.38055705839344,157301.88682223848,78.65094341111924,0.0,FIXED_QLD_MA200_weekly,FIXED_QLD_MA200,weekly,after_tax
2018-10-29,RISK,SELL,35909.10578846075,10.144939535035777,364295.7069811375,182.14785349056876,206733.02136199738,FIXED_QLD_MA200_weekly,FIXED_QLD_MA200,weekly,after_tax
2019-02-19,RISK,BUY,32240.44911613635,10.1087354707727,325910.1715739299,162.95508578696496,0.0,FIXED_QLD_MA200_weekly,FIXED_QLD_MA200,weekly,after_tax
2019-03-11,RISK,SELL,32240.44911613635,10.137084270374908,326824.1496050084,163.4120748025042,587.6108704890357,FIXED_QLD_MA200_weekly,FIXED_QLD_MA200,weekly,after_tax
2019-03-18,RISK,BUY,29946.117715252294,10.898847670260327,326378.175294219,163.1890876471095,0.0,FIXED_QLD_MA200_weekly,FIXED_QLD_MA200,weekly,after_tax
2020-03-16,RISK,SELL,29946.117715252294,9.445307493430235,282850.2900550164,141.4251450275082,-43832.499471877236,FIXED_QLD_MA200_weekly,FIXED_QLD_MA200,weekly,after_tax
2020-04-13,RISK,BUY,23334.44857130154,12.109460408117469,282567.5811194292,141.28379055971462,0.0,FIXED_QLD_MA200_weekly,FIXED_QLD_MA200,weekly,after_tax
2022-01-24,RISK,SELL,23334.44857130154,33.0985388893131,772336.1534979005,386.1680767489502,489241.12051116256,FIXED_QLD_MA200_weekly,FIXED_QLD_MA200,weekly,after_tax
2023-01-30,RISK,BUY,32741.531950530683,20.803078571744038,681124.6617261576,340.56233086307884,0.0,FIXED_QLD_MA200_weekly,FIXED_QLD_MA200,weekly,after_tax
2023-03-13,RISK,SELL,32741.531950530683,19.663863781418385,643825.0242701932,321.9125121350966,-37962.11229896266,FIXED_QLD_MA200_weekly,FIXED_QLD_MA200,weekly,after_tax
2023-03-20,RISK,BUY,29037.112133735976,22.150326727921968,643181.5209975593,321.5907604987797,0.0,FIXED_QLD_MA200_weekly,FIXED_QLD_MA200,weekly,after_tax
2025-03-10,RISK,SELL,29037.112133735976,47.364473139597685,1375327.5177098236,687.6637588549117,731136.7421929106,FIXED_QLD_MA200_weekly,FIXED_QLD_MA200,weekly,after_tax
2025-05-19,RISK,BUY,23989.283087622083,51.406489346552455,1233204.8254752755,616.6024127376378,0.0,FIXED_QLD_MA200_weekly,FIXED_QLD_MA200,weekly,after_tax
2026-03-23,RISK,SELL,23989.283087622083,64.02386157339181,1535886.5396468255,767.9432698234127,301297.1684889889,FIXED_QLD_MA200_weekly,FIXED_QLD_MA200,weekly,after_tax
2026-04-13,RISK,BUY,21713.937348081054,67.84460442333032,1473173.4898535374,736.5867449267687,0.0,FIXED_QLD_MA200_weekly,FIXED_QLD_MA200,weekly,after_tax
2015-01-02,RISK,BUY,23563.55391272712,4.241721149436689,99950.02498750626,49.97501249375313,0.0,MODEL_A_QLD_TREND_weekly,MODEL_A_QLD_TREND,weekly,pre_tax
2015-08-24,RISK,SELL,23563.55391272712,3.432666745387014,80885.82791935244,40.44291395967622,-19154.61499460727,MODEL_A_QLD_TREND_weekly,MODEL_A_QLD_TREND,weekly,pre_tax
2015-08-31,RISK,BUY,18924.84784169657,4.269782414635874,80804.9825141357,40.40249125706785,0.0,MODEL_A_QLD_TREND_weekly,MODEL_A_QLD_TREND,weekly,pre_tax
2015-09-08,RISK,SELL,18924.84784169657,4.186809861271527,79234.73956667837,39.617369783339186,-1650.2628084977478,MODEL_A_QLD_TREND_weekly,MODEL_A_QLD_TREND,weekly,pre_tax
2015-10-12,RISK,BUY,17992.06902308987,4.399468694962183,79155.5444246827,39.57777221234135,0.0,MODEL_A_QLD_TREND_weekly,MODEL_A_QLD_TREND,weekly,pre_tax
2016-01-04,RISK,SELL,17992.06902308987,4.603803108263218,82831.9432925875,41.41597164629375,3595.4051240461704,MODEL_A_QLD_TREND_weekly,MODEL_A_QLD_TREND,weekly,pre_tax
2018-01-02,RISK,BUY,9070.825248965471,9.122560569007376,82749.15274456893,41.374576372284466,0.0,MODEL_A_QLD_TREND_weekly,MODEL_A_QLD_TREND,weekly,pre_tax
2018-10-29,RISK,SELL,9070.825248965471,10.144939535035777,92022.97368363055,46.01148684181528,9186.434875847524,MODEL_A_QLD_TREND_weekly,MODEL_A_QLD_TREND,weekly,pre_tax
2018-11-12,RISK,BUY,8972.428688489264,10.24594342180483,91930.99669843951,45.96549834921976,0.0,MODEL_A_QLD_TREND_weekly,MODEL_A_QLD_TREND,weekly,pre_tax
2018-11-19,RISK,SELL,8972.428688489264,9.803736210172024,87963.32402652848,43.98166201326424,-4057.6198322735145,MODEL_A_QLD_TREND_weekly,MODEL_A_QLD_TREND,weekly,pre_tax
2019-02-19,RISK,BUY,8693.016541609733,10.1087354707727,87875.40466218414,43.93770233109207,0.0,MODEL_A_QLD_TREND_weekly,MODEL_A_QLD_TREND,weekly,pre_tax
2019-06-03,RISK,SELL,8693.016541609733,10.22687271903491,88902.37371550778,44.45118685775389,938.5801641347934,MODEL_A_QLD_TREND_weekly,MODEL_A_QLD_TREND,weekly,pre_tax
2019-06-10,RISK,BUY,7893.199097625435,11.251903654309574,88813.51577076466,44.406757885382326,0.0,MODEL_A_QLD_TREND_weekly,MODEL_A_QLD_TREND,weekly,pre_tax
2020-03-16,RISK,SELL,7893.199097625435,9.445307493430235,74553.69258393829,37.27684629196914,-14341.506791003718,MODEL_A_QLD_TREND_weekly,MODEL_A_QLD_TREND,weekly,pre_tax
2020-04-13,RISK,BUY,6150.495037718204,12.109460408117469,74479.17614957155,37.23958807478577,0.0,MODEL_A_QLD_TREND_weekly,MODEL_A_QLD_TREND,weekly,pre_tax
2021-01-04,RISK,SELL,6150.495037718204,28.69823650064393,176508.36118847394,88.25418059423697,101903.69127023338,MODEL_A_QLD_TREND_weekly,MODEL_A_QLD_TREND,weekly,pre_tax
2015-01-02,RISK,BUY,23563.55391272712,4.241721149436689,99950.02498750626,49.97501249375313,0.0,MODEL_A_QLD_TREND_weekly,MODEL_A_QLD_TREND,weekly,after_tax
2015-08-24,RISK,SELL,23563.55391272712,3.432666745387014,80885.82791935244,40.44291395967622,-19154.61499460727,MODEL_A_QLD_TREND_weekly,MODEL_A_QLD_TREND,weekly,after_tax
2015-08-31,RISK,BUY,18924.84784169657,4.269782414635874,80804.9825141357,40.40249125706785,0.0,MODEL_A_QLD_TREND_weekly,MODEL_A_QLD_TREND,weekly,after_tax
2015-09-08,RISK,SELL,18924.84784169657,4.186809861271527,79234.73956667837,39.617369783339186,-1650.2628084977478,MODEL_A_QLD_TREND_weekly,MODEL_A_QLD_TREND,weekly,after_tax
2015-10-12,RISK,BUY,17992.06902308987,4.399468694962183,79155.5444246827,39.57777221234135,0.0,MODEL_A_QLD_TREND_weekly,MODEL_A_QLD_TREND,weekly,after_tax
2016-01-04,RISK,SELL,17992.06902308987,4.603803108263218,82831.9432925875,41.41597164629375,3595.4051240461704,MODEL_A_QLD_TREND_weekly,MODEL_A_QLD_TREND,weekly,after_tax
2018-01-02,RISK,BUY,9070.825248965471,9.122560569007376,82749.15274456893,41.374576372284466,0.0,MODEL_A_QLD_TREND_weekly,MODEL_A_QLD_TREND,weekly,after_tax
2018-10-29,RISK,SELL,9070.825248965471,10.144939535035777,92022.97368363055,46.01148684181528,9186.434875847524,MODEL_A_QLD_TREND_weekly,MODEL_A_QLD_TREND,weekly,after_tax
2018-11-12,RISK,BUY,8972.428688489264,10.24594342180483,91930.99669843951,45.96549834921976,0.0,MODEL_A_QLD_TREND_weekly,MODEL_A_QLD_TREND,weekly,after_tax
2018-11-19,RISK,SELL,8972.428688489264,9.803736210172024,87963.32402652848,43.98166201326424,-4057.6198322735145,MODEL_A_QLD_TREND_weekly,MODEL_A_QLD_TREND,weekly,after_tax
2019-02-19,RISK,BUY,8693.016541609733,10.1087354707727,87875.40466218414,43.93770233109207,0.0,MODEL_A_QLD_TREND_weekly,MODEL_A_QLD_TREND,weekly,after_tax
2019-06-03,RISK,SELL,8693.016541609733,10.22687271903491,88902.37371550778,44.45118685775389,938.5801641347934,MODEL_A_QLD_TREND_weekly,MODEL_A_QLD_TREND,weekly,after_tax
2019-06-10,RISK,BUY,7893.199097625435,11.251903654309574,88813.51577076466,44.406757885382326,0.0,MODEL_A_QLD_TREND_weekly,MODEL_A_QLD_TREND,weekly,after_tax
2020-03-16,RISK,SELL,7893.199097625435,9.445307493430235,74553.69258393829,37.27684629196914,-14341.506791003718,MODEL_A_QLD_TREND_weekly,MODEL_A_QLD_TREND,weekly,after_tax
2020-04-13,RISK,BUY,6150.495037718204,12.109460408117469,74479.17614957155,37.23958807478577,0.0,MODEL_A_QLD_TREND_weekly,MODEL_A_QLD_TREND,weekly,after_tax
2021-01-04,RISK,SELL,6150.495037718204,28.69823650064393,176508.36118847394,88.25418059423697,101903.69127023338,MODEL_A_QLD_TREND_weekly,MODEL_A_QLD_TREND,weekly,after_tax
2013-01-07,QLD,BUY,57259.81383604587,1.7455527409449292,99950.02498750624,49.97501249375312,0.0,PHASE7A_FIXED_weekly,PHASE7A_FIXED,weekly,pre_tax
2013-01-22,QLD,SELL,11461.127086718789,1.7816377383767974,20419.576542030714,10.209788271015357,393.36195231927616,PHASE7A_FIXED_weekly,PHASE7A_FIXED,weekly,pre_tax
2013-01-22,TQQQ,BUY,36482.89292811053,0.5591433555001009,20399.167170174624,10.199583585087312,0.0,PHASE7A_FIXED_weekly,PHASE7A_FIXED,weekly,pre_tax
2013-01-28,QLD,SELL,25.701482321568616,1.773993250562953,45.59425616792578,0.02279712808396289,0.6857344806236947,PHASE7A_FIXED_weekly,PHASE7A_FIXED,weekly,pre_tax
2013-01-28,TQQQ,BUY,82.04260529064578,0.5551833042862209,45.54868469751091,0.022774342348755455,0.0,PHASE7A_FIXED_weekly,PHASE7A_FIXED,weekly,pre_tax
2013-02-04,QLD,BUY,26.314104652032306,1.7853071878212097,46.97876017635281,0.023489380088176404,0.0,PHASE7A_FIXED_weekly,PHASE7A_FIXED,weekly,pre_tax
2013-02-04,TQQQ,SELL,83.92491498882313,0.5603313681510755,47.02576243764997,0.02351288121882499,0.053474026861583535,PHASE7A_FIXED_weekly,PHASE7A_FIXED,weekly,pre_tax
2013-02-11,QLD,BUY,101.24142383359914,1.82506235643291,184.77191155037144,0.09238595577518573,0.0,PHASE7A_FIXED_weekly,PHASE7A_FIXED,weekly,pre_tax
2013-02-11,TQQQ,SELL,319.3617888091824,0.5791449771863408,184.95677589408297,0.09247838794704148,6.208829847682936,PHASE7A_FIXED_weekly,PHASE7A_FIXED,weekly,pre_tax
2013-02-19,QLD,SELL,21.258861834740824,1.8177232000051282,38.64272636271198,0.01932136318135599,1.492171405099496,PHASE7A_FIXED_weekly,PHASE7A_FIXED,weekly,pre_tax
2013-02-19,TQQQ,BUY,67.08141379658338,0.5754813556126264,38.60410294806934,0.01930205147403467,0.0,PHASE7A_FIXED_weekly,PHASE7A_FIXED,weekly,pre_tax
2013-02-25,QLD,SELL,57.90835043550473,1.7999865828999693,104.23425382177811,0.05211712691088906,3.038034823191551,PHASE7A_FIXED_weekly,PHASE7A_FIXED,weekly,pre_tax
2013-02-25,TQQQ,BUY,183.88685327926288,0.5662725192263578,104.13007165905583,0.052065035829527914,0.0,PHASE7A_FIXED_weekly,PHASE7A_FIXED,weekly,pre_tax
2013-03-04,QLD,SELL,58.79435534980087,1.7764398434251778,104.44463541188452,0.05222231770594226,1.70079397090754,PHASE7A_FIXED_weekly,PHASE7A_FIXED,weekly,pre_tax
2013-03-04,TQQQ,BUY,187.90490432181028,0.5552821697192505,104.34024297270298,0.052170121486351494,0.0,PHASE7A_FIXED_weekly,PHASE7A_FIXED,weekly,pre_tax
2013-03-11,QLD,BUY,207.72957887241225,1.8580898131329662,385.98021438923024,0.19299010719461512,0.0,PHASE7A_FIXED_weekly,PHASE7A_FIXED,weekly,pre_tax
2013-03-11,TQQQ,SELL,650.4515474101955,0.5939971843077116,386.3663876902501,0.19318319384512506,22.27151272664953,PHASE7A_FIXED_weekly,PHASE7A_FIXED,weekly,pre_tax
2013-03-18,QLD,SELL,91.40076491933105,1.8229220994347066,166.61647427668504,0.08330823713834253,6.843995235233776,PHASE7A_FIXED_weekly,PHASE7A_FIXED,weekly,pre_tax
2013-03-18,TQQQ,BUY,288.4917597289394,0.5769660153392772,166.44994106902232,0.08322497053451115,0.0,PHASE7A_FIXED_weekly,PHASE7A_FIXED,weekly,pre_tax
2013-03-25,QLD,BUY,121.44448233652456,1.870414767943609,227.1515532475023,0.11357577662375115,0.0,PHASE7A_FIXED_weekly,PHASE7A_FIXED,weekly,pre_tax
2013-03-25,TQQQ,SELL,379.0662291848161,0.5998392917309032,227.37881843332434,0.11368940921666218,15.138997879447176,PHASE7A_FIXED_weekly,PHASE7A_FIXED,weekly,pre_tax
2013-04-01,QLD,BUY,24.567724047060768,1.8829799221519419,46.260531113584875,0.02313026555679244,0.0,PHASE7A_FIXED_weekly,PHASE7A_FIXED,weekly,pre_tax
2013-04-01,TQQQ,SELL,76.4791617388294,0.6054827711716175,46.30681478650877,0.023153407393254385,3.4857874357342644,PHASE7A_FIXED_weekly,PHASE7A_FIXED,weekly,pre_tax
2013-04-08,QLD,SELL,149.62959574912364,1.8195400106246804,272.25703623912705,0.13612851811956353,10.638332862237307,PHASE7A_FIXED_weekly,PHASE7A_FIXED,weekly,pre_tax
2013-04-08,TQQQ,BUY,472.5404113800903,0.5755802227983802,271.9849152633906,0.1359924576316953,0.0,PHASE7A_FIXED_weekly,PHASE7A_FIXED,weekly,pre_tax
2013-04-15,QLD,BUY,215.0231579927484,1.9169989776030836,412.199174033085,0.20609958701654252,0.0,PHASE7A_FIXED_weekly,PHASE7A_FIXED,weekly,pre_tax
2013-04-15,TQQQ,SELL,664.8241549017948,0.6206326535634494,412.61157940977864,0.20630578970488933,40.227554825411495,PHASE7A_FIXED_weekly,PHASE7A_FIXED,weekly,pre_tax
2013-04-22,QLD,BUY,11267.19925106763,1.840380403779218,20735.932707140746,10.367966353570374,0.0,PHASE7A_FIXED_weekly,PHASE7A_FIXED,weekly,pre_tax
2013-04-22,TQQQ,SELL,35590.733078874226,0.583204593369881,20756.679013000812,10.378339506500406,822.1180909860195,PHASE7A_FIXED_weekly,PHASE7A_FIXED,weekly,pre_tax
2013-05-13,QLD,SELL,11480.68256838046,2.0941410372074203,24042.168501597407,12.021084250798705,3748.477137171369,PHASE7A_FIXED_weekly,PHASE7A_FIXED,weekly,pre_tax
2013-05-13,TQQQ,BUY,33958.84942712444,0.7072718526496423,24018.13834817255,12.009069174086275,0.0,PHASE7A_FIXED_weekly,PHASE7A_FIXED,weekly,pre_tax
2013-05-20,QLD,BUY,147.0551883219838,2.160339919665576,317.68919372592063,0.15884459686296032,0.0,PHASE7A_FIXED_weekly,PHASE7A_FIXED,weekly,pre_tax
2013-05-20,TQQQ,SELL,428.96651448716875,0.7413330204197524,318.00704184370625,0.15900352092185313,14.300398926071917,PHASE7A_FIXED_weekly,PHASE7A_FIXED,weekly,pre_tax
2013-05-28,QLD,BUY,10.02493885383187,2.1692273496483625,21.7463715402846,0.0108731857701423,0.0,PHASE7A_FIXED_weekly,PHASE7A_FIXED,weekly,pre_tax
2013-05-28,TQQQ,SELL,29.211352206636775,0.7451941504271336,21.768128790452465,0.010884064395226233,1.0865473488712332,PHASE7A_FIXED_weekly,PHASE7A_FIXED,weekly,pre_tax
2013-06-03,QLD,SELL,122.36296915182018,2.112836042229576,258.53289145819144,0.12926644572909574,42.07321520513823,PHASE7A_FIXED_weekly,PHASE7A_FIXED,weekly,pre_tax
2013-06-03,TQQQ,BUY,360.6262786944807,0.7161832152209614,258.27448776858364,0.12913724388429182,0.0,PHASE7A_FIXED_weekly,PHASE7A_FIXED,weekly,pre_tax
2013-06-10,QLD,BUY,27.782051687997235,2.125094546770123,59.03948654024862,0.02951974327012431,0.0,PHASE7A_FIXED_weekly,PHASE7A_FIXED,weekly,pre_tax
2013-06-10,TQQQ,SELL,81.79508329718172,0.7225196574049574,59.098555561289686,0.029549277780644843,1.180953701252694,PHASE7A_FIXED_weekly,PHASE7A_FIXED,weekly,pre_tax
2013-06-17,QLD,SELL,100.31324177661843,2.084640188853546,209.11701528172125,0.10455850764086062,31.642914754139213,PHASE7A_FIXED_weekly,PHASE7A_FIXED,weekly,pre_tax
2013-06-17,TQQQ,BUY,298.00011711072233,0.7010332908529925,208.90800277270682,0.10445400138635341,0.0,PHASE7A_FIXED_weekly,PHASE7A_FIXED,weekly,pre_tax
2013-06-24,QLD,SELL,365.87761950776815,1.926805953464703,704.9751755070611,0.35248758775353056,57.69368175727806,PHASE7A_FIXED_weekly,PHASE7A_FIXED,weekly,pre_tax
2013-06-24,TQQQ,BUY,1132.0540656361538,0.6221174182588511,704.270552643,0.3521352763215,0.0,PHASE7A_FIXED_weekly,PHASE7A_FIXED,weekly,pre_tax
2013-07-01,QLD,BUY,241.79050583135907,2.031007298066212,491.07828194661124,0.24553914097330562,0.0,PHASE7A_FIXED_weekly,PHASE7A_FIXED,weekly,pre_tax
2013-07-01,TQQQ,SELL,730.1881545192754,0.673209504766815,491.56960589051596,0.24578480294525798,-23.403708546451522,PHASE7A_FIXED_weekly,PHASE7A_FIXED,weekly,pre_tax
2013-07-08,QLD,BUY,144.63149966220487,2.0990448288762686,303.58800145857094,0.15179400072928548,0.0,PHASE7A_FIXED_weekly,PHASE7A_FIXED,weekly,pre_tax
2013-07-08,TQQQ,SELL,429.9686083605072,0.7067765772219833,303.89174132993867,0.15194587066496934,0.6443833633493875,PHASE7A_FIXED_weekly,PHASE7A_FIXED,weekly,pre_tax
2013-07-15,QLD,BUY,295.6484997719528,2.2394097960556003,662.078146578453,0.3310390732892265,0.0,PHASE7A_FIXED_weekly,PHASE7A_FIXED,weekly,pre_tax
2013-07-15,TQQQ,SELL,851.4525982338984,0.7783645939942512,662.7405559296785,0.33137027796483925,62.19937701966361,PHASE7A_FIXED_weekly,PHASE7A_FIXED,weekly,pre_tax
2013-07-22,QLD,SELL,64.14001224395989,2.210601573709873,141.78801200426824,0.07089400600213412,27.95806735413537,PHASE7A_FIXED_weekly,PHASE7A_FIXED,weekly,pre_tax
2013-07-22,TQQQ,BUY,185.63974120153608,0.7630170885503573,141.64629485083788,0.07082314742541894,0.0,PHASE7A_FIXED_weekly,PHASE7A_FIXED,weekly,pre_tax
2013-07-29,QLD,BUY,43.92080877935663,2.228377160847293,97.8721271698596,0.0489360635849298,0.0,PHASE7A_FIXED_weekly,PHASE7A_FIXED,weekly,pre_tax
2013-07-29,TQQQ,SELL,126.76952805500626,0.7728201702782017,97.97004825755721,0.04898502412877861,8.516894550541986,PHASE7A_FIXED_weekly,PHASE7A_FIXED,weekly,pre_tax
2013-08-05,QLD,BUY,197.11347090203896,2.327367769714437,458.75553915394994,0.22937776957697498,0.0,PHASE7A_FIXED_weekly,PHASE7A_FIXED,weekly,pre_tax
2013-08-05,TQQQ,SELL,557.0235946794304,0.8244076706478698,459.2145241855724,0.2296072620927862,66.14420683218017,PHASE7A_FIXED_weekly,PHASE7A_FIXED,weekly,pre_tax
2013-08-12,QLD,SELL,87.11445921774468,2.2853817818704756,199.08979803373222,0.09954489901686611,44.24029477128844,PHASE7A_FIXED_weekly,PHASE7A_FIXED,weekly,pre_tax
2013-08-12,TQQQ,BUY,248.0149161605719,0.8019308306525197,198.89080773086243,0.09944540386543121,0.0,PHASE7A_FIXED_weekly,PHASE7A_FIXED,weekly,pre_tax
2013-08-19,QLD,SELL,83.88781761780874,2.242781306431278,188.14202919053787,0.09407101459526894,39.029799765445645,PHASE7A_FIXED_weekly,PHASE7A_FIXED,weekly,pre_tax
2013-08-19,TQQQ,BUY,241.01288920202757,0.7798503300286558,187.95398118536104,0.09397699059268053,0.0,PHASE7A_FIXED_weekly,PHASE7A_FIXED,weekly,pre_tax
2013-08-26,QLD,BUY,138.64472132872172,2.314495651864937,320.8926046693523,0.16044630233467616,0.0,PHASE7A_FIXED_weekly,PHASE7A_FIXED,weekly,pre_tax
2013-08-26,TQQQ,SELL,393.2191271497065,0.8168820782675005,321.21365780058477,0.16060682890029238,43.235980155697426,PHASE7A_FIXED_weekly,PHASE7A_FIXED,weekly,pre_tax
2013-09-03,QLD,SELL,92.8504002724869,2.2755741912440164,211.28797450674756,0.10564398725337379,46.093122627675825,PHASE7A_FIXED_weekly,PHASE7A_FIXED,weekly,pre_tax
2013-09-03,TQQQ,BUY,265.4725746159392,0.7950982975503721,211.07679212344738,0.10553839606172369,0.0,PHASE7A_FIXED_weekly,PHASE7A_FIXED,weekly,pre_tax
2013-09-09,QLD,BUY,134.79149414992963,2.344224736129904,315.98155480617424,0.15799077740308712,0.0,PHASE7A_FIXED_weekly,PHASE7A_FIXED,weekly,pre_tax
2013-09-09,TQQQ,SELL,380.60391084252836,0.8310416299469332,316.297694430752,0.158148847215376,46.963448806423635,PHASE7A_FIXED_weekly,PHASE7A_FIXED,weekly,pre_tax
2013-09-16,QLD,BUY,181.25912492813296,2.43126367080699,440.68872544003534,0.22034436272001767,0.0,PHASE7A_FIXED_weekly,PHASE7A_FIXED,weekly,pre_tax
2013-09-16,TQQQ,SELL,501.9870806224319,0.8787669078517136,441.1296346200834,0.22056481731004168,85.88664584667761,PHASE7A_FIXED_weekly,PHASE7A_FIXED,weekly,pre_tax
2013-09-23,QLD,BUY,91.81233053429561,2.486428912570203,228.28483317092468,0.11414241658546234,0.0,PHASE7A_FIXED_weekly,PHASE7A_FIXED,weekly,pre_tax
2013-09-23,TQQQ,SELL,251.7827153522571,0.9075810938169251,228.513232203597,0.1142566161017985,50.32963204229888,PHASE7A_FIXED_weekly,PHASE7A_FIXED,weekly,pre_tax
2013-09-30,QLD,SELL,129.61003176193205,2.417471474897767,313.3285546450643,0.15666427732253216,81.99993844968955,PHASE7A_FIXED_weekly,PHASE7A_FIXED,weekly,pre_tax
2013-09-30,TQQQ,BUY,359.7245408970673,0.8701529839911787,313.0153826764399,0.15650769133821996,0.0,PHASE7A_FIXED_weekly,PHASE7A_FIXED,weekly,pre_tax
2013-10-07,QLD,BUY,49.76203924855589,2.4453607176581658,121.68613600898243,0.06084306800449121,0.0,PHASE7A_FIXED_weekly,PHASE7A_FIXED,weekly,pre_tax
2013-10-07,TQQQ,SELL,137.6505687131083,0.8849065002582803,121.8078830184786,0.06090394150923931,24.145262534655647,PHASE7A_FIXED_weekly,PHASE7A_FIXED,weekly,pre_tax
2013-10-14,QLD,SELL,18.024956335946893,2.443522551547473,44.044387297544745,0.02202219364877237,11.860343566749021,PHASE7A_FIXED_weekly,PHASE7A_FIXED,weekly,pre_tax
2013-10-14,TQQQ,BUY,49.857066122930604,0.8825301675997789,44.000364921503206,0.022000182460751604,0.0,PHASE7A_FIXED_weekly,PHASE7A_FIXED,weekly,pre_tax
2013-10-21,QLD,BUY,411.26899758625586,2.6681677235562495,1097.334665058981,0.5486673325294905,0.0,PHASE7A_FIXED_weekly,PHASE7A_FIXED,weekly,pre_tax
2013-10-21,TQQQ,SELL,1091.5559065585653,1.0062998533248901,1098.4325486658017,0.5492162743329009,323.6170582256109,PHASE7A_FIXED_weekly,PHASE7A_FIXED,weekly,pre_tax
2013-10-28,QLD,BUY,63.005250701764446,2.7061705763141153,170.5029556024092,0.08525147780120461,0.0,PHASE7A_FIXED_weekly,PHASE7A_FIXED,weekly,pre_tax
2013-10-28,TQQQ,SELL,166.10732452592958,1.0274895724146895,170.67354385209546,0.08533677192604773,52.76437552047078,PHASE7A_FIXED_weekly,PHASE7A_FIXED,weekly,pre_tax
2013-11-04,QLD,BUY,19.707146381803064,2.7168974567490034,53.54229588450107,0.026771147942250537,0.0,PHASE7A_FIXED_weekly,PHASE7A_FIXED,weekly,pre_tax
2013-11-04,TQQQ,SELL,51.84720340936172,1.0337272107370947,53.595864964878274,0.026797932482439137,16.79262638608063,PHASE7A_FIXED_weekly,PHASE7A_FIXED,weekly,pre_tax
2013-11-11,QLD,SELL,97.66144832451842,2.669393711036787,260.69685596821364,0.1303484279841068,85.39331835228155,PHASE7A_FIXED_weekly,PHASE7A_FIXED,weekly,pre_tax
2013-11-11,TQQQ,BUY,259.11179234251904,1.0051116818770063,260.4362893955549,0.13021814469777745,0.0,PHASE7A_FIXED_weekly,PHASE7A_FIXED,weekly,pre_tax
2013-11-18,QLD,BUY,178.99464725494602,2.7693052877710036,495.6908231258276,0.24784541156291381,0.0,PHASE7A_FIXED_weekly,PHASE7A_FIXED,weekly,pre_tax
2013-11-18,TQQQ,SELL,466.9378213046326,1.0626399046707395,496.18676191831764,0.24809338095915884,163.577808970405,PHASE7A_FIXED_weekly,PHASE7A_FIXED,weekly,pre_tax
2013-11-25,QLD,BUY,25.52694932439174,2.793209532216917,71.3021181813092,0.0356510590906546,0.0,PHASE7A_FIXED_weekly,PHASE7A_FIXED,weekly,pre_tax
2013-11-25,TQQQ,SELL,66.41122671118224,1.074719734944923,71.37345596840896,0.03568672798420448,24.06703770500659,PHASE7A_FIXED_weekly,PHASE7A_FIXED,weekly,pre_tax
2013-12-02,QLD,BUY,181.31392724010144,2.894959132804149,524.8964095683186,0.2624482047841593,0.0,PHASE7A_FIXED_weekly,PHASE7A_FIXED,weekly,pre_tax
2013-12-02,TQQQ,SELL,462.7969708551054,1.1353176482260185,525.4215685573436,0.2627107842786718,195.7454069443836,PHASE7A_FIXED_weekly,PHASE7A_FIXED,weekly,pre_tax
2013-12-09,QLD,BUY,55.25075426657562,2.9268320581647203,161.70967882519471,0.08085483941259736,0.0,PHASE7A_FIXED_weekly,PHASE7A_FIXED,weekly,pre_tax
2013-12-09,TQQQ,SELL,140.20593027625515,1.1545265530521647,161.871469399317,0.0809357346996585,61.99359844784228,PHASE7A_FIXED_weekly,PHASE7A_FIXED,weekly,pre_tax
2013-12-16,QLD,SELL,127.92417034857837,2.8554245046866518,365.27781075504026,0.18263890537752014,134.3894842120933,PHASE7A_FIXED_weekly,PHASE7A_FIXED,weekly,pre_tax
2013-12-16,TQQQ,BUY,328.4078194817527,1.111157207120736,364.91271549195517,0.1824563577459776,0.0,PHASE7A_FIXED_weekly,PHASE7A_FIXED,weekly,pre_tax
2013-12-23,QLD,BUY,241.62098115004494,3.002224521275395,725.4004344632849,0.3627002172316425,0.0,PHASE7A_FIXED_weekly,PHASE7A_FIXED,weekly,pre_tax
2013-12-23,TQQQ,SELL,606.0178431958594,1.1981927692922718,726.1261977793765,0.3630630988896883,291.7833923832954,PHASE7A_FIXED_weekly,PHASE7A_FIXED,weekly,pre_tax
2013-12-30,QLD,BUY,17.818182658364147,3.014178439097202,53.70718199273688,0.02685359099636844,0.0,PHASE7A_FIXED_weekly,PHASE7A_FIXED,weekly,pre_tax
2013-12-30,TQQQ,SELL,44.60660558232158,1.2052232027053833,53.76091604174144,0.02688045802087072,21.790482414920668,PHASE7A_FIXED_weekly,PHASE7A_FIXED,weekly,pre_tax
2014-01-06,QLD,SELL,80.04259913413576,2.9636089736382116,237.2149650672509,0.11860748253362545,92.21775186225635,PHASE7A_FIXED_weekly,PHASE7A_FIXED,weekly,pre_tax
2014-01-06,TQQQ,BUY,201.6792328930441,1.175023651424406,236.97786865045782,0.11848893432522892,0.0,PHASE7A_FIXED_weekly,PHASE7A_FIXED,weekly,pre_tax
2014-01-13,QLD,BUY,59.33429206793392,2.99579069555701,177.75312010457856,0.08887656005228928,0.0,PHASE7A_FIXED_weekly,PHASE7A_FIXED,weekly,pre_tax
2014-01-13,TQQQ,SELL,148.86849162616303,1.1952224423184905,177.93096214569232,0.08896548107284616,70.7731953130981,PHASE7A_FIXED_weekly,PHASE7A_FIXED,weekly,pre_tax
2014-01-21,QLD,BUY,111.72019023751973,3.0828278024051787,344.41410855422146,0.17220705427711072,0.0,PHASE7A_FIXED_weekly,PHASE7A_FIXED,weekly,pre_tax
2014-01-21,TQQQ,SELL,277.04060074321666,1.2444338267787682,344.75869495597,0.172379347477985,145.33391019170622,PHASE7A_FIXED_weekly,PHASE7A_FIXED,weekly,pre_tax
2014-01-27,QLD,SELL,193.01085400399234,2.964835712640941,572.2454728783632,0.2861227364391816,221.74272487897517,PHASE7A_FIXED_weekly,PHASE7A_FIXED,weekly,pre_tax
2014-01-27,TQQQ,BUY,487.5482066293139,1.17254766936287,571.673513385249,0.2858367566926245,0.0,PHASE7A_FIXED_weekly,PHASE7A_FIXED,weekly,pre_tax
2014-02-03,QLD,SELL,82.65066841428111,2.919170613887869,241.27140245315968,0.12063570122657984,91.18180092798103,PHASE7A_FIXED_weekly,PHASE7A_FIXED,weekly,pre_tax
2014-02-03,TQQQ,BUY,210.61214783315214,1.1444271097653773,241.03025162617269,0.12051512581308635,0.0,PHASE7A_FIXED_weekly,PHASE7A_FIXED,weekly,pre_tax
2014-02-10,QLD,BUY,11964.393938652991,2.990579052723181,35780.46589146383,17.890232945731913,0.0,PHASE7A_FIXED_weekly,PHASE7A_FIXED,weekly,pre_tax
2014-02-10,TQQQ,SELL,30163.596054637932,1.1874003415130188,35816.26425653783,17.908132128268914,13793.19356407121,PHASE7A_FIXED_weekly,PHASE7A_FIXED,weekly,pre_tax
2014-03-03,QLD,SELL,11862.595569098381,3.1671084273014936,37570.12639656084,18.78506319828042,13206.69107862496,PHASE7A_FIXED_weekly,PHASE7A_FIXED,weekly,pre_tax
2014-03-03,TQQQ,BUY,29050.857972059028,1.2919609838008337,37532.57504583967,18.766287522919836,0.0,PHASE7A_FIXED_weekly,PHASE7A_FIXED,weekly,pre_tax
2014-03-10,QLD,BUY,102.61785311782204,3.2388234882754663,332.3611129944038,0.1661805564972019,0.0,PHASE7A_FIXED_weekly,PHASE7A_FIXED,weekly,pre_tax
2014-03-10,TQQQ,SELL,249.11018731028008,1.3355280406764232,332.69364037103514,0.16634682018551758,10.525730557314123,PHASE7A_FIXED_weekly,PHASE7A_FIXED,weekly,pre_tax
2014-03-17,QLD,SELL,138.12356271937253,3.147187805687347,434.70079226850066,0.21735039613425033,150.66904663057878,PHASE7A_FIXED_weekly,PHASE7A_FIXED,weekly,pre_tax
2014-03-17,TQQQ,BUY,339.56472851812947,1.2788910986520652,434.2663087180408,0.21713315435902042,0.0,PHASE7A_FIXED_weekly,PHASE7A_FIXED,weekly,pre_tax
2014-03-24,QLD,BUY,31.14615591471793,3.1664957840750363,98.62417139409808,0.04931208569704904,0.0,PHASE7A_FIXED_weekly,PHASE7A_FIXED,weekly,pre_tax
2014-03-24,TQQQ,SELL,76.47178164956838,1.2909709015887865,98.7228449022441,0.04936142245112205,-0.16282197018372965,PHASE7A_FIXED_weekly,PHASE7A_FIXED,weekly,pre_tax
2014-03-31,QLD,SELL,180.87699828475195,3.0512611965608785,551.9029662166722,0.2759514831083361,179.83112674699558,PHASE7A_FIXED_weekly,PHASE7A_FIXED,weekly,pre_tax
2014-03-31,TQQQ,BUY,451.8261356988536,1.220273232338035,551.3513390640437,0.2756756695320219,0.0,PHASE7A_FIXED_weekly,PHASE7A_FIXED,weekly,pre_tax
2014-04-07,QLD,BUY,11509.715121168205,2.918251266868102,33588.240733640065,16.79412036682003,0.0,PHASE7A_FIXED_weekly,PHASE7A_FIXED,weekly,pre_tax
2014-04-07,TQQQ,SELL,29516.66686731616,1.1390800298703385,33621.84577689532,16.810922888447664,-4511.579067518176,PHASE7A_FIXED_weekly,PHASE7A_FIXED,weekly,pre_tax
2014-05-12,QLD,SELL,11754.886044560673,3.008048050975346,35359.26205577803,17.679631027889016,9188.290961526376,PHASE7A_FIXED_weekly,PHASE7A_FIXED,weekly,pre_tax
2014-05-12,TQQQ,BUY,29753.93127116828,1.1872017899949578,35323.920464517934,17.661960232258966,0.0,PHASE7A_FIXED_weekly,PHASE7A_FIXED,weekly,pre_tax
2014-05-19,QLD,BUY,0.7948389962286542,3.016322838225061,2.397491017036373,0.0011987455085181865,0.0,PHASE7A_FIXED_weekly,PHASE7A_FIXED,weekly,pre_tax
2014-05-19,TQQQ,SELL,2.0157511459050816,1.1905684450477378,2.3998897073834087,0.0011999448536917044,0.0043898422425150095,PHASE7A_FIXED_weekly,PHASE7A_FIXED,weekly,pre_tax
2014-05-27,QLD,BUY,306.1035124490333,3.2130796324172826,983.5349612613791,0.49176748063068954,0.0,PHASE7A_FIXED_weekly,PHASE7A_FIXED,weekly,pre_tax
2014-05-27,TQQQ,SELL,751.779114230233,1.3095854481727636,984.5189882361228,0.4922594941180614,91.06696189200076,PHASE7A_FIXED_weekly,PHASE7A_FIXED,weekly,pre_tax
2014-06-02,QLD,BUY,114.83144303418433,3.293069380194802,378.1479089394561,0.18907395446972805,0.0,PHASE7A_FIXED_weekly,PHASE7A_FIXED,weekly,pre_tax
2014-06-02,TQQQ,SELL,278.6354243201507,1.3585000792359487,378.52624601686693,0.18926312300843348,47.3751101477165,PHASE7A_FIXED_weekly,PHASE7A_FIXED,weekly,pre_tax
2014-06-09,QLD,BUY,150.9851329787726,3.395432690204156,512.6598562509462,0.2563299281254731,0.0,PHASE7A_FIXED_weekly,PHASE7A_FIXED,weekly,pre_tax
2014-06-09,TQQQ,SELL,360.61272343865693,1.4230578657123893,513.1727725653473,0.25658638628267366,84.58205538235367,PHASE7A_FIXED_weekly,PHASE7A_FIXED,weekly,pre_tax
2014-06-16,QLD,SELL,72.95134432583728,3.3454766649757683,244.05702012070105,0.12202851006035052,80.70059340252465,PHASE7A_FIXED_weekly,PHASE7A_FIXED,weekly,pre_tax
2014-06-16,TQQQ,BUY,175.2320504498927,1.3913726652297482,243.81308506814094,0.12190654253407048,0.0,PHASE7A_FIXED_weekly,PHASE7A_FIXED,weekly,pre_tax
2014-06-23,QLD,BUY,77.12737394029301,3.4049321767298646,262.6134772359801,0.13130673861799005,0.0,PHASE7A_FIXED_weekly,PHASE7A_FIXED,weekly,pre_tax
2014-06-23,TQQQ,SELL,184.1369214442339,1.4276127787073247,262.87622208561515,0.1314381110428076,43.79681951787198,PHASE7A_FIXED_weekly,PHASE7A_FIXED,weekly,pre_tax
2014-06-30,QLD,BUY,105.07836656110305,3.47431529777931,365.07537640890223,0.18253768820445113,0.0,PHASE7A_FIXED_weekly,PHASE7A_FIXED,weekly,pre_tax
2014-06-30,TQQQ,SELL,248.12440362454456,1.4728121421191083,365.4406344142917,0.18272031720714585,70.22564854419515,PHASE7A_FIXED_weekly,PHASE7A_FIXED,weekly,pre_tax
2014-07-07,QLD,BUY,178.19150923098655,3.6136802154261245,643.9271314649377,0.32196356573246887,0.0,PHASE7A_FIXED_weekly,PHASE7A_FIXED,weekly,pre_tax
2014-07-07,TQQQ,SELL,413.04000296382407,1.5605543678476572,644.571380721005,0.3222856903605025,153.1239736871398,PHASE7A_FIXED_weekly,PHASE7A_FIXED,weekly,pre_tax
2014-07-14,QLD,BUY,1.545492896265446,3.620434602307532,5.595355959259905,0.0027976779796299524,0.0,PHASE7A_FIXED_weekly,PHASE7A_FIXED,weekly,pre_tax
2014-07-14,TQQQ,SELL,3.5818047707915377,1.5637240086101705,5.600954114241176,0.002800477057120588,1.339209491190988,PHASE7A_FIXED_weekly,PHASE7A_FIXED,weekly,pre_tax
2014-07-21,QLD,BUY,12.728910675603057,3.63302056470564,46.24439425076707,0.023122197125383537,0.0,PHASE7A_FIXED_weekly,PHASE7A_FIXED,weekly,pre_tax
2014-07-21,TQQQ,SELL,29.4610499101082,1.5712495623881213,46.29066177875211,0.023145330889376054,11.236861769903605,PHASE7A_FIXED_weekly,PHASE7A_FIXED,weekly,pre_tax
2014-07-28,QLD,BUY,92.48346959432376,3.7020886962685684,342.38200737684383,0.1711910036884219,0.0,PHASE7A_FIXED_weekly,PHASE7A_FIXED,weekly,pre_tax
2014-07-28,TQQQ,SELL,212.0023523006848,1.616607348652173,342.72456066083396,0.17136228033041698,90.47184971776514,PHASE7A_FIXED_weekly,PHASE7A_FIXED,weekly,pre_tax
2014-08-04,QLD,SELL,207.90839698856303,3.555049050348329,739.1245492736343,0.3695622746368172,270.8486839368717,PHASE7A_FIXED_weekly,PHASE7A_FIXED,weekly,pre_tax
2014-08-04,TQQQ,BUY,486.17582757538213,1.5187628677147547,738.3857941019814,0.36919289705099073,0.0,PHASE7A_FIXED_weekly,PHASE7A_FIXED,weekly,pre_tax
2014-08-11,QLD,BUY,40.78875534437333,3.5777655337910415,145.93260303733405,0.07296630151866702,0.0,PHASE7A_FIXED_weekly,PHASE7A_FIXED,weekly,pre_tax
2014-08-11,TQQQ,SELL,95.16499476151397,1.5350035904404336,146.078608643169,0.0730393043215845,32.30225421465744,PHASE7A_FIXED_weekly,PHASE7A_FIXED,weekly,pre_tax
2014-08-18,QLD,BUY,258.8333152064752,3.7763759719132777,977.4519122763886,0.4887259561381943,0.0,PHASE7A_FIXED_weekly,PHASE7A_FIXED,weekly,pre_tax
2014-08-18,TQQQ,SELL,587.9483276613685,1.6641425906438432,978.4298531591048,0.4892149265795524,275.4588680779305,PHASE7A_FIXED_weekly,PHASE7A_FIXED,weekly,pre_tax
2014-08-25,QLD,BUY,159.67138033030122,3.9046903831698,623.4673032431747,0.31173365162158734,0.0,PHASE7A_FIXED_weekly,PHASE7A_FIXED,weekly,pre_tax
2014-08-25,TQQQ,SELL,356.76400588903226,1.7493106707352304,624.0910824359307,0.31204554121796535,197.51673016915038,PHASE7A_FIXED_weekly,PHASE7A_FIXED,weekly,pre_tax
2014-09-02,QLD,BUY,47.959752451678234,3.944290594561665,189.1672005126602,0.0945836002563301,0.0,PHASE7A_FIXED_weekly,PHASE7A_FIXED,weekly,pre_tax
2014-09-02,TQQQ,SELL,106.62854019553095,1.7758515871716078,189.3564623440252,0.0946782311720126,61.861803295663776,PHASE7A_FIXED_weekly,PHASE7A_FIXED,weekly,pre_tax
2014-09-08,QLD,SELL,14.467650798229718,3.9317047714842928,56.882531675568316,0.02844126583778416,24.05550180344211,PHASE7A_FIXED_weekly,PHASE7A_FIXED,weekly,pre_tax
2014-09-08,TQQQ,BUY,32.149719542816754,1.7675326061638696,56.825677570952394,0.028412838785476197,0.0,PHASE7A_FIXED_weekly,PHASE7A_FIXED,weekly,pre_tax
2014-09-15,QLD,SELL,34.93570464795771,3.905305029864297,136.43458308352274,0.06821729154176137,57.16609890695427,PHASE7A_FIXED_weekly,PHASE7A_FIXED,weekly,pre_tax
2014-09-15,TQQQ,BUY,77.91541281842834,1.7493100755466315,136.29821668365184,0.06814910834182593,0.0,PHASE7A_FIXED_weekly,PHASE7A_FIXED,weekly,pre_tax
2014-09-22,QLD,BUY,33.369001836144115,3.9332403583174833,131.24830473869224,0.06562415236934613,0.0,PHASE7A_FIXED_weekly,PHASE7A_FIXED,weekly,pre_tax
2014-09-22,TQQQ,SELL,74.31276558343114,1.7679279955320815,131.37961870036088,0.06568980935018044,42.35437843943504,PHASE7A_FIXED_weekly,PHASE7A_FIXED,weekly,pre_tax
2014-09-29,QLD,SELL,212.67296272807104,3.779446075757672,803.7859944023658,0.4018929972011829,321.0027618640782,PHASE7A_FIXED_weekly,PHASE7A_FIXED,weekly,pre_tax
2014-09-29,TQQQ,BUY,483.3257165424622,1.6613695125606291,802.9826101001672,0.4014913050500836,0.0,PHASE7A_FIXED_weekly,PHASE7A_FIXED,weekly,pre_tax
2014-10-06,QLD,BUY,59.193685878353214,3.827026828691524,226.53582394559635,0.11326791197279817,0.0,PHASE7A_FIXED_weekly,PHASE7A_FIXED,weekly,pre_tax
2014-10-06,TQQQ,SELL,133.96778706088313,1.6926641700146003,226.76247309410246,0.11338123654705123,65.1737756775358,PHASE7A_FIXED_weekly,PHASE7A_FIXED,weekly,pre_tax
2014-10-13,QLD,BUY,11463.871340671974,3.5031706016553885,40159.89706180181,20.079948530900904,0.0,PHASE7A_FIXED_weekly,PHASE7A_FIXED,weekly,pre_tax
2014-10-13,TQQQ,SELL,27170.554028796363,1.4795457246198058,40200.0770488571,20.10003852442855,7430.508657971905,PHASE7A_FIXED_weekly,PHASE7A_FIXED,weekly,pre_tax
2014-11-17,QLD,SELL,11916.16203648141,4.166539199596304,49649.156233741116,24.82457811687056,19739.964033301876,PHASE7A_FIXED_weekly,PHASE7A_FIXED,weekly,pre_tax
2014-11-17,TQQQ,BUY,25952.995374157355,1.9111293773460951,49599.531889679434,24.799765944839717,0.0,PHASE7A_FIXED_weekly,PHASE7A_FIXED,weekly,pre_tax
2014-11-24,QLD,BUY,111.9010673300177,4.261087233893229,476.8202094589651,0.23841010472948257,0.0,PHASE7A_FIXED_weekly,PHASE7A_FIXED,weekly,pre_tax
2014-11-24,TQQQ,SELL,241.36628582007577,1.9774810992184992,477.2972681977699,0.23864863409888495,15.54577893224417,PHASE7A_FIXED_weekly,PHASE7A_FIXED,weekly,pre_tax
2014-12-01,QLD,BUY,145.6845576044925,4.389092925698782,639.4230611654348,0.3197115305827174,0.0,PHASE7A_FIXED_weekly,PHASE7A_FIXED,weekly,pre_tax
2014-12-01,TQQQ,SELL,309.5085731040373,2.06799701112928,640.0628040980373,0.32003140204901864,47.936090633091375,PHASE7A_FIXED_weekly,PHASE7A_FIXED,weekly,pre_tax
2014-12-08,QLD,SELL,76.26085547304083,4.339978222880609,330.97045201124274,0.16548522600562138,138.80152715161316,PHASE7A_FIXED_weekly,PHASE7A_FIXED,weekly,pre_tax
2014-12-08,TQQQ,BUY,162.9905068924915,2.0285822362643273,330.63964696182666,0.16531982348091334,0.0,PHASE7A_FIXED_weekly,PHASE7A_FIXED,weekly,pre_tax
2014-12-15,QLD,SELL,180.13499052436157,4.178817999103117,752.7513406714716,0.37637567033573577,298.84559446746204,PHASE7A_FIXED_weekly,PHASE7A_FIXED,weekly,pre_tax
2014-12-15,TQQQ,BUY,392.3861272416337,1.916476942762366,751.9989655184108,0.3759994827592054,0.0,PHASE7A_FIXED_weekly,PHASE7A_FIXED,weekly,pre_tax
2014-12-22,QLD,BUY,12020.511739426931,4.281650165010174,51467.62607262406,25.73381303631203,0.0,PHASE7A_FIXED_weekly,PHASE7A_FIXED,weekly,pre_tax
2014-12-22,TQQQ,SELL,25957.497149367366,1.9847491130953927,51519.11944538306,25.75955972269153,1839.167820943958,PHASE7A_FIXED_weekly,PHASE7A_FIXED,weekly,pre_tax
2015-02-23,QLD,SELL,11937.286824242448,4.607534795605177,55001.4644078163,27.50073220390815,20670.0099822981,PHASE7A_FIXED_weekly,PHASE7A_FIXED,weekly,pre_tax
2015-02-23,TQQQ,BUY,24929.844497721737,2.2040446515989554,54946.49043039724,27.473245215198624,0.0,PHASE7A_FIXED_weekly,PHASE7A_FIXED,weekly,pre_tax
2015-03-02,QLD,BUY,19.17815205097946,4.624734788922491,88.69386697740993,0.044346933488704963,0.0,PHASE7A_FIXED_weekly,PHASE7A_FIXED,weekly,pre_tax
2015-03-02,TQQQ,SELL,40.05128319156744,2.216723114432778,88.78260521344055,0.04439130260672027,0.419259994530432,PHASE7A_FIXED_weekly,PHASE7A_FIXED,weekly,pre_tax
2015-03-09,QLD,SELL,89.46352712149944,4.539960658332593,406.1608934872784,0.2030804467436392,148.80513931310517,PHASE7A_FIXED_weekly,PHASE7A_FIXED,weekly,pre_tax
2015-03-09,TQQQ,BUY,188.2235482449496,2.1557076112746962,405.75493557276786,0.20287746778638394,0.0,PHASE7A_FIXED_weekly,PHASE7A_FIXED,weekly,pre_tax
2015-03-16,QLD,SELL,178.07569215427208,4.378093468951566,779.6320247996482,0.3898160123998241,267.3840042572255,PHASE7A_FIXED_weekly,PHASE7A_FIXED,weekly,pre_tax
2015-03-16,TQQQ,BUY,381.78701933900834,2.040019023550085,778.8527823960612,0.38942639119803063,0.0,PHASE7A_FIXED_weekly,PHASE7A_FIXED,weekly,pre_tax
2015-03-23,QLD,BUY,258.66796042948584,4.629342965925713,1197.462703124591,0.5987313515622955,0.0,PHASE7A_FIXED_weekly,PHASE7A_FIXED,weekly,pre_tax
2015-03-23,TQQQ,SELL,540.928918255301,2.215930271808422,1198.660764858505,0.5993303824292525,6.758404321427054,PHASE7A_FIXED_weekly,PHASE7A_FIXED,weekly,pre_tax
2015-03-30,QLD,SELL,212.11101128916715,4.4301993281197305,939.6940597000648,0.4698470298500324,327.51459397526077,PHASE7A_FIXED_weekly,PHASE7A_FIXED,weekly,pre_tax
2015-03-30,TQQQ,BUY,452.73791872015784,2.0735060979790685,938.7548352525992,0.4693774176262996,0.0,PHASE7A_FIXED_weekly,PHASE7A_FIXED,weekly,pre_tax
2015-04-06,QLD,SELL,163.04858002242614,4.2891463335903905,699.3392192003084,0.34966960960015425,228.7716947604353,PHASE7A_FIXED_weekly,PHASE7A_FIXED,weekly,pre_tax
2015-04-06,TQQQ,BUY,354.08960660401704,1.973060537349548,698.6402294760119,0.34932011473800595,0.0,PHASE7A_FIXED_weekly,PHASE7A_FIXED,weekly,pre_tax
2015-04-13,QLD,BUY,301.43265020841204,4.565725370923395,1376.258698681224,0.688129349340612,0.0,PHASE7A_FIXED_weekly,PHASE7A_FIXED,weekly,pre_tax
2015-04-13,TQQQ,SELL,635.6707794487893,2.167215625434398,1377.6356458534792,0.6888178229267397,-19.58202596863797,PHASE7A_FIXED_weekly,PHASE7A_FIXED,weekly,pre_tax
2015-04-20,QLD,SELL,118.58576227489934,4.454169338832416,528.2010663469264,0.2641005331734632,184.6823145338921,PHASE7A_FIXED_weekly,PHASE7A_FIXED,weekly,pre_tax
2015-04-20,TQQQ,BUY,252.72076644944943,2.087969012845931,527.673129249124,0.263836564624562,0.0,PHASE7A_FIXED_weekly,PHASE7A_FIXED,weekly,pre_tax
2015-04-27,QLD,BUY,379.75033372374895,4.827860887949266,1833.3817833705689,0.9166908916852845,0.0,PHASE7A_FIXED_weekly,PHASE7A_FIXED,weekly,pre_tax
2015-04-27,TQQQ,SELL,779.7335731551226,2.353645072479458,1835.2160823033555,0.9176080411516778,122.11186867826119,PHASE7A_FIXED_weekly,PHASE7A_FIXED,weekly,pre_tax
2015-05-04,QLD,SELL,151.56713693871257,4.691108057539869,711.0178173514432,0.3555089086757216,269.6147716129279,PHASE7A_FIXED_weekly,PHASE7A_FIXED,weekly,pre_tax
2015-05-04,TQQQ,BUY,315.5767963555804,2.250821869885175,710.3071548654407,0.35515357743272036,0.0,PHASE7A_FIXED_weekly,PHASE7A_FIXED,weekly,pre_tax
2015-05-11,QLD,SELL,59.939352261323265,4.631795061447061,277.62679579033284,0.13881339789516642,103.06954177280414,PHASE7A_FIXED_weekly,PHASE7A_FIXED,weekly,pre_tax
2015-05-11,TQQQ,BUY,125.58691424280386,2.20842521221935,277.34930773863744,0.1386746538693187,0.0,PHASE7A_FIXED_weekly,PHASE7A_FIXED,weekly,pre_tax
2015-05-18,QLD,BUY,56.8259410095114,4.681579242104753,266.0351458431978,0.1330175729215989,0.0,PHASE7A_FIXED_weekly,PHASE7A_FIXED,weekly,pre_tax
2015-05-18,TQQQ,SELL,118.5947876649282,2.2454723290669243,266.30131407316367,0.13315065703658183,5.658394587467141,PHASE7A_FIXED_weekly,PHASE7A_FIXED,weekly,pre_tax
2015-05-26,QLD,BUY,65.0021758123155,4.75164645417625,308.86735821233015,0.15443367910616507,0.0,PHASE7A_FIXED_weekly,PHASE7A_FIXED,weekly,pre_tax
2015-05-26,TQQQ,SELL,134.74050013874484,2.2946061485826554,309.17638008146605,0.15458819004073301,13.045744089259937,PHASE7A_FIXED_weekly,PHASE7A_FIXED,weekly,pre_tax
2015-06-01,QLD,BUY,29.57636780075558,4.784836091338641,141.51807210376137,0.07075903605188069,0.0,PHASE7A_FIXED_weekly,PHASE7A_FIXED,weekly,pre_tax
2015-06-01,TQQQ,SELL,61.118510768158586,2.3177865296430693,141.65966097028286,0.07082983048514142,7.333612804653887,PHASE7A_FIXED_weekly,PHASE7A_FIXED,weekly,pre_tax
2015-06-08,QLD,SELL,127.17575887306428,4.664370964060142,593.194917019835,0.2965974585099175,222.0933634936875,PHASE7A_FIXED_weekly,PHASE7A_FIXED,weekly,pre_tax
2015-06-08,TQQQ,BUY,265.8094180139562,2.2294244612543532,592.6020185520974,0.29630100927604874,0.0,PHASE7A_FIXED_weekly,PHASE7A_FIXED,weekly,pre_tax
2015-06-15,QLD,SELL,122.3706358879143,4.5506655106369625,556.8678322498454,0.2784339161249227,199.79468630312874,PHASE7A_FIXED_weekly,PHASE7A_FIXED,weekly,pre_tax
2015-06-15,TQQQ,BUY,259.086095732574,2.1472060904674724,556.3112427124215,0.27815562135621075,0.0,PHASE7A_FIXED_weekly,PHASE7A_FIXED,weekly,pre_tax
2015-06-22,QLD,BUY,253.0171210737958,4.809421964831682,1216.8660995707905,0.6084330497853953,0.0,PHASE7A_FIXED_weekly,PHASE7A_FIXED,weekly,pre_tax
2015-06-22,TQQQ,SELL,522.8561247107106,2.3296725749969482,1218.0835744077267,0.6090417872038634,69.02205341095812,PHASE7A_FIXED_weekly,PHASE7A_FIXED,weekly,pre_tax
2015-06-29,QLD,SELL,232.31670852419907,4.5764792653782065,1063.1925995619094,0.5315962997809547,382.9681159458141,PHASE7A_FIXED_weekly,PHASE7A_FIXED,weekly,pre_tax
2015-06-29,TQQQ,BUY,491.03221948193016,2.163055490358006,1062.1299382930665,0.5310649691465332,0.0,PHASE7A_FIXED_weekly,PHASE7A_FIXED,weekly,pre_tax
2015-07-06,QLD,SELL,77.21975864807773,4.509486092271611,348.22142767207697,0.1741107138360385,122.12417502497887,PHASE7A_FIXED_weekly,PHASE7A_FIXED,weekly,pre_tax
2015-07-06,TQQQ,BUY,164.5475604581758,2.114120557603214,347.8733802680872,0.17393669013404361,0.0,PHASE7A_FIXED_weekly,PHASE7A_FIXED,weekly,pre_tax
2015-07-13,QLD,BUY,97.73821184416525,4.615814767459187,451.1414815753524,0.2255707407876762,0.0,PHASE7A_FIXED_weekly,PHASE7A_FIXED,weekly,pre_tax
2015-07-13,TQQQ,SELL,206.5619023095298,2.186234943091079,451.5928487404599,0.22579642437022995,-2.107231445081651,PHASE7A_FIXED_weekly,PHASE7A_FIXED,weekly,pre_tax
2015-07-20,QLD,BUY,12463.558371832729,5.071864819835995,63213.48323607081,31.606741618035404,0.0,PHASE7A_FIXED_weekly,PHASE7A_FIXED,weekly,pre_tax
2015-07-20,TQQQ,SELL,25140.785981721496,2.51689539013875,63276.72834185974,31.638364170929872,8052.43446481365,PHASE7A_FIXED_weekly,PHASE7A_FIXED,weekly,pre_tax
2015-08-03,QLD,SELL,12028.47704747275,4.897928675218715,58914.622650026926,29.457311325013464,18299.80364457881,PHASE7A_FIXED_weekly,PHASE7A_FIXED,weekly,pre_tax
2015-08-03,TQQQ,BUY,24624.810190220876,2.3900991323514877,58855.73746996699,29.427868734983495,0.0,PHASE7A_FIXED_weekly,PHASE7A_FIXED,weekly,pre_tax
2015-08-10,QLD,SELL,88.92788020179955,4.808806338042727,427.636953943118,0.213818476971559,127.37100347658667,PHASE7A_FIXED_weekly,PHASE7A_FIXED,weekly,pre_tax
2015-08-10,TQQQ,BUY,183.7524521308759,2.3249188010646913,427.20953070081305,0.21360476535040654,0.0,PHASE7A_FIXED_weekly,PHASE7A_FIXED,weekly,pre_tax
2015-08-17,QLD,SELL,80.09863466130541,4.7418123145022575,379.81269221179537,0.18990634610589768,109.36146798608941,PHASE7A_FIXED_weekly,PHASE7A_FIXED,weekly,pre_tax
2015-08-17,TQQQ,BUY,166.90061531218302,2.2734072527013827,379.4330693310403,0.18971653466552016,0.0,PHASE7A_FIXED_weekly,PHASE7A_FIXED,weekly,pre_tax
2015-08-24,QLD,SELL,47896.79181176969,3.432666745387014,164413.72446298684,82.20686223149342,2722.6445907500834,PHASE7A_FIXED_weekly,PHASE7A_FIXED,weekly,pre_tax
2015-08-24,TQQQ,SELL,24975.463257663938,1.4868782050520213,37135.471978898066,18.567735989449034,-22575.307017125226,PHASE7A_FIXED_weekly,PHASE7A_FIXED,weekly,pre_tax
2015-10-12,QLD,BUY,45766.378153853395,4.399468694962183,201347.74796967913,100.67387398483956,0.0,PHASE7A_FIXED_weekly,PHASE7A_FIXED,weekly,pre_tax
2015-11-02,QLD,SELL,9160.60044872068,4.976599485541127,45588.63948035115,22.794319740175574,5243.919371957221,PHASE7A_FIXED_weekly,PHASE7A_FIXED,weekly,pre_tax
2015-11-02,TQQQ,BUY,19070.69727657054,2.3881179048314816,45543.07362379908,22.77153681189954,0.0,PHASE7A_FIXED_weekly,PHASE7A_FIXED,weekly,pre_tax
2015-11-09,QLD,BUY,49.832516331605866,5.036831518695193,250.99798891492537,0.12549899445746268,0.0,PHASE7A_FIXED_weekly,PHASE7A_FIXED,weekly,pre_tax
2015-11-09,TQQQ,SELL,103.24656555880628,2.4334863935258513,251.24911246562988,0.12562455623281493,4.435233600142717,PHASE7A_FIXED_weekly,PHASE7A_FIXED,weekly,pre_tax
2015-11-16,QLD,BUY,8775.678507945537,4.632409496902468,40652.53646196978,20.32626823098489,0.0,PHASE7A_FIXED_weekly,PHASE7A_FIXED,weekly,pre_tax
2015-11-16,TQQQ,SELL,18967.450711011734,2.1454232281855012,40693.209334868174,20.346604667434086,-4646.294176100984,PHASE7A_FIXED_weekly,PHASE7A_FIXED,weekly,pre_tax
2015-11-23,QLD,SELL,9093.528933434935,5.039289653206947,45824.92626539667,22.91246313269834,5359.579569142692,PHASE7A_FIXED_weekly,PHASE7A_FIXED,weekly,pre_tax
2015-11-23,TQQQ,BUY,18816.75328802578,2.4328917714660125,45779.12424014395,22.889562120071975,0.0,PHASE7A_FIXED_weekly,PHASE7A_FIXED,weekly,pre_tax
2015-11-30,QLD,BUY,10.056381127039293,5.049125151231975,50.77592687890865,0.025387963439454327,0.0,PHASE7A_FIXED_weekly,PHASE7A_FIXED,weekly,pre_tax
2015-11-30,TQQQ,SELL,20.821956597365222,2.441015952017404,50.82672820638254,0.025413364103191272,0.11841918729126576,PHASE7A_FIXED_weekly,PHASE7A_FIXED,weekly,pre_tax
2015-12-07,QLD,BUY,9102.710464596612,5.094605531546941,46374.71908500412,23.18735954250206,0.0,PHASE7A_FIXED_weekly,PHASE7A_FIXED,weekly,pre_tax
2015-12-07,TQQQ,SELL,18795.93133142841,2.469742849370174,46421.11700304813,23.210558501524066,646.5755379375727,PHASE7A_FIXED_weekly,PHASE7A_FIXED,weekly,pre_tax
2016-01-11,QLD,SELL,45450.52664169857,4.215746027529573,191607.87713886774,95.80393856943387,-16544.68259908971,PHASE7A_FIXED_weekly,PHASE7A_FIXED,weekly,pre_tax
2016-03-21,QLD,BUY,43702.89499218907,4.379947027582518,191416.36501778942,95.70818250889471,0.0,PHASE7A_FIXED_weekly,PHASE7A_FIXED,weekly,pre_tax
2016-03-28,QLD,SELL,8747.573560005032,4.4051624608245925,38534.48266983591,19.267241334917955,182.14966139117558,PHASE7A_FIXED_weekly,PHASE7A_FIXED,weekly,pre_tax
2016-03-28,TQQQ,BUY,19790.990987539302,1.9451258135085925,38495.96744477861,19.247983722389304,0.0,PHASE7A_FIXED_weekly,PHASE7A_FIXED,weekly,pre_tax
2016-04-04,QLD,BUY,167.0235651830504,4.629632586230848,773.2577400399023,0.38662887001995117,0.0,PHASE7A_FIXED_weekly,PHASE7A_FIXED,weekly,pre_tax
2016-04-04,TQQQ,SELL,369.7978970308781,2.093120028039378,774.0313846021745,0.3870156923010873,53.98128189627197,PHASE7A_FIXED_weekly,PHASE7A_FIXED,weekly,pre_tax
2016-04-11,QLD,SELL,62.60565416354035,4.555833562751335,285.22094045626,0.14261047022813,10.657402880946876,PHASE7A_FIXED_weekly,PHASE7A_FIXED,weekly,pre_tax
2016-04-11,TQQQ,BUY,139.5778612662617,2.0414115782408455,284.93586205504107,0.14246793102752053,0.0,PHASE7A_FIXED_weekly,PHASE7A_FIXED,weekly,pre_tax
2016-04-18,QLD,BUY,53.59594497128305,4.6234829385361875,247.79993714945158,0.1238999685747258,0.0,PHASE7A_FIXED_weekly,PHASE7A_FIXED,weekly,pre_tax
2016-04-18,TQQQ,SELL,118.8212046681755,2.0875723465458815,248.04786104855157,0.12402393052427578,16.604405891936988,PHASE7A_FIXED_weekly,PHASE7A_FIXED,weekly,pre_tax
2016-04-25,QLD,SELL,122.13195345388964,4.480188765663077,547.1742057926022,0.27358710289630106,11.511376729348251,PHASE7A_FIXED_weekly,PHASE7A_FIXED,weekly,pre_tax
2016-04-25,TQQQ,BUY,275.0020280283711,1.987720995936969,546.6273050372401,0.27331365251862005,0.0,PHASE7A_FIXED_weekly,PHASE7A_FIXED,weekly,pre_tax
2016-05-02,QLD,SELL,34991.203334720936,4.257564817205552,148977.31622959342,74.4886581147967,-4487.937898672339,PHASE7A_FIXED_weekly,PHASE7A_FIXED,weekly,pre_tax
2016-05-02,TQQQ,SELL,19716.95177513488,1.8462639247363741,36402.696768198344,18.201348384099173,-2011.7164391228837,PHASE7A_FIXED_weekly,PHASE7A_FIXED,weekly,pre_tax
2016-05-31,QLD,BUY,32172.571316162423,4.605033867105126,148155.7805027829,74.07789025139145,0.0,PHASE7A_FIXED_weekly,PHASE7A_FIXED,weekly,pre_tax
2016-05-31,TQQQ,BUY,17898.865478843087,2.06934596885354,37038.945125695725,18.519472562847863,0.0,PHASE7A_FIXED_weekly,PHASE7A_FIXED,weekly,pre_tax
2016-06-06,QLD,SELL,11.869846884691801,4.600728468294781,54.60994247670169,0.027304971238350847,-0.10573991934535741,PHASE7A_FIXED_weekly,PHASE7A_FIXED,weekly,pre_tax
2016-06-06,TQQQ,BUY,26.436976998457464,2.0636005330250002,54.55535982558649,0.027277679912793246,0.0,PHASE7A_FIXED_weekly,PHASE7A_FIXED,weekly,pre_tax
2016-06-13,QLD,SELL,105.16756917032151,4.439601034137069,466.9020488462411,0.23345102442312055,-17.873770037508713,PHASE7A_FIXED_weekly,PHASE7A_FIXED,weekly,pre_tax
2016-06-13,TQQQ,BUY,238.12351582844903,1.9587959572536524,466.43538013179204,0.23321769006589602,0.0,PHASE7A_FIXED_weekly,PHASE7A_FIXED,weekly,pre_tax
2016-06-20,QLD,SELL,32055.533900107406,4.412542996675287,141446.4216156062,70.7232108078031,-6314.9292429517345,PHASE7A_FIXED_weekly,PHASE7A_FIXED,weekly,pre_tax
2016-06-20,TQQQ,SELL,18163.425971669996,1.9393802365216821,35225.78935698142,17.61289467849071,-2370.5393712829987,PHASE7A_FIXED_weekly,PHASE7A_FIXED,weekly,pre_tax
2016-07-05,QLD,BUY,40290.68100263577,4.38055705839344,176495.6270535746,88.2478135267873,0.0,PHASE7A_FIXED_weekly,PHASE7A_FIXED,weekly,pre_tax
2016-08-01,QLD,SELL,8064.584644020614,5.025425873905194,40527.9723323597,20.26398616617985,5162.671474224985,PHASE7A_FIXED_weekly,PHASE7A_FIXED,weekly,pre_tax
2016-08-01,TQQQ,BUY,17274.732711368186,2.3437389909507877,40487.46461388664,20.24373230694332,0.0,PHASE7A_FIXED_weekly,PHASE7A_FIXED,weekly,pre_tax
2016-08-08,QLD,BUY,85.13522458502713,5.156493055209271,438.999194326374,0.21949959716318698,0.0,PHASE7A_FIXED_weekly,PHASE7A_FIXED,weekly,pre_tax
2016-08-08,TQQQ,SELL,180.3447959765704,2.436657019962877,439.43841313008306,0.21971920656504154,16.326223213092558,PHASE7A_FIXED_weekly,PHASE7A_FIXED,weekly,pre_tax
2016-08-15,QLD,BUY,23.597133658344124,5.200794927022488,122.72385302258772,0.06136192651129386,0.0,PHASE7A_FIXED_weekly,PHASE7A_FIXED,weekly,pre_tax
2016-08-15,TQQQ,SELL,49.80458921703747,2.4665726632714584,122.84663826820906,0.06142331913410453,5.997892793978952,PHASE7A_FIXED_weekly,PHASE7A_FIXED,weekly,pre_tax
2016-08-22,QLD,SELL,15.742906614382962,5.174951733590464,81.46878187585389,0.04073439093792695,12.389258645692948,PHASE7A_FIXED_weekly,PHASE7A_FIXED,weekly,pre_tax
2016-08-22,TQQQ,BUY,33.24176766145901,2.4483461480429956,81.38735380807339,0.04069367690403669,0.0,PHASE7A_FIXED_weekly,PHASE7A_FIXED,weekly,pre_tax
2016-08-29,QLD,SELL,15.372116784217448,5.150339082887622,79.17161386046791,0.03958580693023396,11.719297312451427,PHASE7A_FIXED_weekly,PHASE7A_FIXED,weekly,pre_tax
2016-08-29,TQQQ,BUY,32.53614524388788,2.4309112594572135,79.09248181270232,0.03954624090635116,0.0,PHASE7A_FIXED_weekly,PHASE7A_FIXED,weekly,pre_tax
2016-09-06,QLD,BUY,30.40776920385124,5.190950395944928,157.8452215885336,0.07892261079426681,0.0,PHASE7A_FIXED_weekly,PHASE7A_FIXED,weekly,pre_tax
2016-09-06,TQQQ,SELL,64.18665046934953,2.461620050537492,158.0031457721925,0.07900157288609626,7.388474252931789,PHASE7A_FIXED_weekly,PHASE7A_FIXED,weekly,pre_tax
2016-09-12,QLD,SELL,209.50533847937598,4.86851615922151,1019.980125830014,0.509990062915007,100.5482456654284,PHASE7A_FIXED_weekly,PHASE7A_FIXED,weekly,pre_tax
2016-09-12,TQQQ,BUY,456.1186171643463,2.233981725574329,1018.9606554393831,0.5094803277196915,0.0,PHASE7A_FIXED_weekly,PHASE7A_FIXED,weekly,pre_tax
2016-09-19,QLD,BUY,220.763734294047,5.232177424013039,1155.0750266141258,0.5775375133070629,0.0,PHASE7A_FIXED_weekly,PHASE7A_FIXED,weekly,pre_tax
2016-09-19,TQQQ,SELL,465.5813131401966,2.483412986807347,1156.2306794671822,0.5781153397335911,65.07086643185448,PHASE7A_FIXED_weekly,PHASE7A_FIXED,weekly,pre_tax
2016-09-26,QLD,SELL,0.6573029514597051,5.237716282530616,3.442766371415928,0.0017213831857079641,0.5542082869208127,PHASE7A_FIXED_weekly,PHASE7A_FIXED,weekly,pre_tax
2016-09-26,TQQQ,BUY,1.3835947225495235,2.485789566514749,3.4393253255984746,0.0017196626627992374,0.0,PHASE7A_FIXED_weekly,PHASE7A_FIXED,weekly,pre_tax
2016-10-03,QLD,BUY,8137.8344031573515,5.310325534770665,43214.54982882168,21.607274914410837,0.0,PHASE7A_FIXED_weekly,PHASE7A_FIXED,weekly,pre_tax
2016-10-03,TQQQ,SELL,17038.095487357277,2.538886228735653,43257.78599673446,21.62889299836723,3325.774661756058,PHASE7A_FIXED_weekly,PHASE7A_FIXED,weekly,pre_tax
2016-10-10,QLD,SELL,8102.990544596112,5.35401465397999,43383.530116828886,21.691765058414443,6273.71959065818,PHASE7A_FIXED_weekly,PHASE7A_FIXED,weekly,pre_tax
2016-10-10,TQQQ,BUY,16860.03970463861,2.570585184073603,43340.16826763669,21.670084133818346,0.0,PHASE7A_FIXED_weekly,PHASE7A_FIXED,weekly,pre_tax
2016-10-17,QLD,SELL,113.61495053555963,5.178643387971311,588.3713123656635,0.29418565618283177,68.05124795402585,PHASE7A_FIXED_weekly,PHASE7A_FIXED,weekly,pre_tax
2016-10-17,TQQQ,BUY,240.6187899553719,2.4427985661510285,587.783235091978,0.293891617545989,0.0,PHASE7A_FIXED_weekly,PHASE7A_FIXED,weekly,pre_tax
2016-10-24,QLD,BUY,99.71616272562993,5.338014959924156,532.2863683756441,0.26614318418782207,0.0,PHASE7A_FIXED_weekly,PHASE7A_FIXED,weekly,pre_tax
2016-10-24,TQQQ,SELL,208.38354183702194,2.5569146023876628,532.8189210203418,0.2664094605101709,-3.0080958716699744,PHASE7A_FIXED_weekly,PHASE7A_FIXED,weekly,pre_tax
2016-10-31,QLD,SELL,72.28562078324347,5.210024691103474,376.60986909244093,0.18830493454622046,45.39369904780352,PHASE7A_FIXED_weekly,PHASE7A_FIXED,weekly,pre_tax
2016-10-31,TQQQ,BUY,152.45943989127346,2.4677609185924814,376.2334474341842,0.1881167237170921,0.0,PHASE7A_FIXED_weekly,PHASE7A_FIXED,weekly,pre_tax
2016-11-07,QLD,SELL,126.78921810945901,5.02542720063857,637.1699854349717,0.31858499271748586,56.2274293815925,PHASE7A_FIXED_weekly,PHASE7A_FIXED,weekly,pre_tax
2016-11-07,TQQQ,BUY,272.76467937681815,2.3336347481999473,636.5331338753604,0.3182665669376802,0.0,PHASE7A_FIXED_weekly,PHASE7A_FIXED,weekly,pre_tax
2016-11-14,QLD,BUY,9.16029760853827,5.056194026797675,46.316242051980225,0.023158121025990113,0.0,PHASE7A_FIXED_weekly,PHASE7A_FIXED,weekly,pre_tax
2016-11-14,TQQQ,SELL,19.718121672677484,2.3512676426965347,46.362581463719835,0.023181290731859917,-4.2469672723497665,PHASE7A_FIXED_weekly,PHASE7A_FIXED,weekly,pre_tax
2016-11-21,QLD,BUY,8147.112795046846,5.206948772820019,42421.59897019545,21.210799485097727,0.0,PHASE7A_FIXED_weekly,PHASE7A_FIXED,weekly,pre_tax
2016-11-21,TQQQ,SELL,17297.780950352375,2.454883774540502,42464.04179057583,21.232020895287913,-1934.2316985228504,PHASE7A_FIXED_weekly,PHASE7A_FIXED,weekly,pre_tax
2016-12-12,QLD,SELL,8071.026770627383,5.317707758193007,42919.36167474868,21.459680837374343,4908.681670734884,PHASE7A_FIXED_weekly,PHASE7A_FIXED,weekly,pre_tax
2016-12-12,TQQQ,BUY,16944.763985194724,2.5303665367952664,42876.46376203033,21.438231881015167,0.0,PHASE7A_FIXED_weekly,PHASE7A_FIXED,weekly,pre_tax
2016-12-19,QLD,BUY,66.90911015403998,5.416778091093362,362.4318019769562,0.1812159009884781,0.0,PHASE7A_FIXED_weekly,PHASE7A_FIXED,weekly,pre_tax
2016-12-19,TQQQ,SELL,139.3077621192132,2.604265617123467,362.7944150854819,0.18139720754274094,9.937068445855662,PHASE7A_FIXED_weekly,PHASE7A_FIXED,weekly,pre_tax
2016-12-27,QLD,BUY,29.80151650567566,5.480086680153014,163.31489365111338,0.08165744682555669,0.0,PHASE7A_FIXED_weekly,PHASE7A_FIXED,weekly,pre_tax
2016-12-27,TQQQ,SELL,61.76310073768786,2.6468601525911613,163.47829024305975,0.08173914512152987,7.035126140920138,PHASE7A_FIXED_weekly,PHASE7A_FIXED,weekly,pre_tax
2017-01-03,QLD,SELL,68.85182662723285,5.3735643682520084,369.97972225316335,0.18498986112658167,45.5678854207067,PHASE7A_FIXED_weekly,PHASE7A_FIXED,weekly,pre_tax
2017-01-03,TQQQ,BUY,143.93966196149066,2.5678115565344943,369.60992742838425,0.18480496371419214,0.0,PHASE7A_FIXED_weekly,PHASE7A_FIXED,weekly,pre_tax
2017-01-09,QLD,BUY,152.80694822809969,5.614935571025934,858.0011691058753,0.42900058455293766,0.0,PHASE7A_FIXED_weekly,PHASE7A_FIXED,weekly,pre_tax
2017-01-09,TQQQ,SELL,312.6864255763013,2.746712134712095,858.8595994901771,0.42942979974508855,66.72344998871496,PHASE7A_FIXED_weekly,PHASE7A_FIXED,weekly,pre_tax
2017-01-17,QLD,BUY,35.35494564376392,5.687590751598305,201.08446186673245,0.10054223093336623,0.0,PHASE7A_FIXED_weekly,PHASE7A_FIXED,weekly,pre_tax
2017-01-17,TQQQ,SELL,71.95376154190946,2.797430497137292,201.28564692108193,0.10064282346054097,19.001602897674303,PHASE7A_FIXED_weekly,PHASE7A_FIXED,weekly,pre_tax
2017-01-23,QLD,BUY,12.170288659367195,5.717147628024228,69.57933694127132,0.03478966847063566,0.0,PHASE7A_FIXED_weekly,PHASE7A_FIXED,weekly,pre_tax
2017-01-23,TQQQ,SELL,24.72238481931909,2.8172424138790846,69.64895108522614,0.03482447554261307,7.018258712851866,PHASE7A_FIXED_weekly,PHASE7A_FIXED,weekly,pre_tax
2017-01-30,QLD,BUY,115.6472139259752,5.922805130704926,684.9559119924961,0.3424779559962481,0.0,PHASE7A_FIXED_weekly,PHASE7A_FIXED,weekly,pre_tax
2017-01-30,TQQQ,SELL,230.8101634245974,2.970585005359575,685.641210553702,0.342820605276851,100.89835716185712,PHASE7A_FIXED_weekly,PHASE7A_FIXED,weekly,pre_tax
2017-02-06,QLD,BUY,11.19166405177469,5.925267690489681,66.31360540879541,0.033156802704397706,0.0,PHASE7A_FIXED_weekly,PHASE7A_FIXED,weekly,pre_tax
2017-02-06,TQQQ,SELL,22.29815302927775,2.976926030618418,66.37995218756987,0.033189976093784934,9.888930510980384,PHASE7A_FIXED_weekly,PHASE7A_FIXED,weekly,pre_tax
2017-02-13,QLD,BUY,113.6467629939894,6.146934137355129,698.579167047661,0.34928958352383055,0.0,PHASE7A_FIXED_weekly,PHASE7A_FIXED,weekly,pre_tax
2017-02-13,TQQQ,SELL,222.5472150757007,3.142156128267635,699.2780956790084,0.3496390478395042,135.44980449076326,PHASE7A_FIXED_weekly,PHASE7A_FIXED,weekly,pre_tax
2017-02-21,QLD,BUY,119.44385031565024,6.3655219066817015,760.3224458026816,0.3801612229013408,0.0,PHASE7A_FIXED_weekly,PHASE7A_FIXED,weekly,pre_tax
2017-02-21,TQQQ,SELL,229.70334966705417,3.3133306488696763,761.0831485998788,0.3805415742999394,179.1049724809244,PHASE7A_FIXED_weekly,PHASE7A_FIXED,weekly,pre_tax
2017-02-27,QLD,SELL,6.711207983669875,6.3605958199685535,42.68728144787019,0.021343640723935096,10.919005817660496,PHASE7A_FIXED_weekly,PHASE7A_FIXED,weekly,pre_tax
2017-02-27,TQQQ,BUY,12.893750994092226,3.307386308219195,42.644615499448264,0.021322307749724132,0.0,PHASE7A_FIXED_weekly,PHASE7A_FIXED,weekly,pre_tax
2017-03-06,QLD,BUY,17.10593357164407,6.411701361317262,109.67813756791293,0.05483906878395647,0.0,PHASE7A_FIXED_weekly,PHASE7A_FIXED,weekly,pre_tax
2017-03-06,TQQQ,SELL,32.84454078515227,3.342652019101876,109.78787057196314,0.05489393528598157,26.551360374307936,PHASE7A_FIXED_weekly,PHASE7A_FIXED,weekly,pre_tax
2017-03-13,QLD,BUY,38.64158794071082,6.48374253253472,250.54210725586745,0.12527105362793373,0.0,PHASE7A_FIXED_weekly,PHASE7A_FIXED,weekly,pre_tax
2017-03-13,TQQQ,SELL,73.7602777550933,3.4001061591641935,250.79277469675435,0.1253963873483772,63.86314926676526,PHASE7A_FIXED_weekly,PHASE7A_FIXED,weekly,pre_tax
2017-03-20,QLD,BUY,33.29095020647344,6.539776432852064,217.71537158754654,0.10885768579377328,0.0,PHASE7A_FIXED_weekly,PHASE7A_FIXED,weekly,pre_tax
2017-03-20,TQQQ,SELL,63.226559696743614,3.4468615233311923,217.93319587130827,0.10896659793565414,57.697544577515174,PHASE7A_FIXED_weekly,PHASE7A_FIXED,weekly,pre_tax
2017-03-27,QLD,SELL,104.21955499831849,6.343906905908513,661.1591546845448,0.3305795773422724,167.32765215207732,PHASE7A_FIXED_weekly,PHASE7A_FIXED,weekly,pre_tax
2017-03-27,TQQQ,BUY,200.71389877992812,3.290745334325408,660.4983259443106,0.33024916297215534,0.0,PHASE7A_FIXED_weekly,PHASE7A_FIXED,weekly,pre_tax
2017-04-03,QLD,BUY,140.56981396772704,6.616113662910593,930.0258667846792,0.4650129333923396,0.0,PHASE7A_FIXED_weekly,PHASE7A_FIXED,weekly,pre_tax
2017-04-03,TQQQ,SELL,265.5698216794756,3.50550507587653,930.9563578970265,0.46547817894851323,255.3519252954608,PHASE7A_FIXED_weekly,PHASE7A_FIXED,weekly,pre_tax
2017-04-10,QLD,SELL,18.493811210194092,6.575467675706307,121.60545781324618,0.06080272890662309,33.824052979426405,PHASE7A_FIXED_weekly,PHASE7A_FIXED,weekly,pre_tax
2017-04-10,TQQQ,BUY,34.967427154545256,3.474202222283895,121.48391312787135,0.060741956563935676,0.0,PHASE7A_FIXED_weekly,PHASE7A_FIXED,weekly,pre_tax
2017-04-17,QLD,SELL,72.28493894265326,6.4405957058687155,465.55806735303486,0.23277903367651742,122.46040800354587,PHASE7A_FIXED_weekly,PHASE7A_FIXED,weekly,pre_tax
2017-04-17,TQQQ,BUY,138.1887570584888,3.365633730619098,465.0927419483778,0.2325463709741889,0.0,PHASE7A_FIXED_weekly,PHASE7A_FIXED,weekly,pre_tax
2017-04-24,QLD,BUY,157.99533016390606,6.756529368809768,1067.5000883872272,0.5337500441936136,0.0,PHASE7A_FIXED_weekly,PHASE7A_FIXED,weekly,pre_tax
2017-04-24,TQQQ,SELL,295.5390022861496,3.615658556828978,1068.5681224926157,0.5342840612463079,313.9497757269141,PHASE7A_FIXED_weekly,PHASE7A_FIXED,weekly,pre_tax
2017-05-01,QLD,BUY,113.95953142890251,7.002870669988695,798.0438602091162,0.3990219301045581,0.0,PHASE7A_FIXED_weekly,PHASE7A_FIXED,weekly,pre_tax
2017-05-01,TQQQ,SELL,209.54934051729165,3.8121919225269503,798.8423032908686,0.3994211516454343,263.7661835919327,PHASE7A_FIXED_weekly,PHASE7A_FIXED,weekly,pre_tax
2017-05-08,QLD,BUY,58.67138873846122,7.117417250698618,417.5887543295685,0.20879437716478425,0.0,PHASE7A_FIXED_weekly,PHASE7A_FIXED,weekly,pre_tax
2017-05-08,TQQQ,SELL,106.93785264672591,3.9088736274107685,418.0065519827258,0.2090032759913629,144.93972027481968,PHASE7A_FIXED_weekly,PHASE7A_FIXED,weekly,pre_tax
2017-05-15,QLD,BUY,46.215420901906704,7.225809480688159,333.9438265069912,0.16697191325349559,0.0,PHASE7A_FIXED_weekly,PHASE7A_FIXED,weekly,pre_tax
2017-05-15,TQQQ,SELL,83.65216365410149,3.996046519145181,334.27793738893524,0.16713896869446762,120.66768961111596,PHASE7A_FIXED_weekly,PHASE7A_FIXED,weekly,pre_tax
2017-05-22,QLD,SELL,34.161675881408,7.162992031920372,244.69981213557185,0.12234990606778592,81.6865497084557,PHASE7A_FIXED_weekly,PHASE7A_FIXED,weekly,pre_tax
2017-05-22,TQQQ,BUY,62.02919863340275,3.9409703816585977,244.4552346122582,0.1222276173061291,0.0,PHASE7A_FIXED_weekly,PHASE7A_FIXED,weekly,pre_tax
2017-05-30,QLD,BUY,136.07332510473006,7.472150453646138,1016.760357910447,0.5083801789552236,0.0,PHASE7A_FIXED_weekly,PHASE7A_FIXED,weekly,pre_tax
2017-05-30,TQQQ,SELL,242.59640488408465,4.195353296307422,1017.7776269027745,0.5088888134513873,396.8831711191497,PHASE7A_FIXED_weekly,PHASE7A_FIXED,weekly,pre_tax
2017-06-05,QLD,BUY,104.15050431975702,7.718492072190833,803.8848419067217,0.40194242095336086,0.0,PHASE7A_FIXED_weekly,PHASE7A_FIXED,weekly,pre_tax
2017-06-05,TQQQ,SELL,182.82589566409408,4.401395797729492,804.6891288920742,0.4023445644460371,336.7508082994865,PHASE7A_FIXED_weekly,PHASE7A_FIXED,weekly,pre_tax
2017-06-12,QLD,BUY,8072.142590788144,7.220265952381607,58283.01631103709,29.141508155518547,0.0,PHASE7A_FIXED_weekly,PHASE7A_FIXED,weekly,pre_tax
2017-06-12,TQQQ,SELL,14665.20250421669,3.978214993394017,58341.32848343432,29.170664241717162,20809.211414615653,PHASE7A_FIXED_weekly,PHASE7A_FIXED,weekly,pre_tax
2017-06-19,QLD,SELL,8311.226612737117,7.320650261606718,60843.58327680669,30.421791638403345,17080.31705132456,PHASE7A_FIXED_weekly,PHASE7A_FIXED,weekly,pre_tax
2017-06-19,TQQQ,BUY,14955.659327101215,4.064198626801665,60782.77010011827,30.391385050059135,0.0,PHASE7A_FIXED_weekly,PHASE7A_FIXED,weekly,pre_tax
2017-06-26,QLD,BUY,108.86340280069774,7.585915126366153,825.8285340135044,0.4129142670067522,0.0,PHASE7A_FIXED_weekly,PHASE7A_FIXED,weekly,pre_tax
2017-06-26,TQQQ,SELL,193.11910212757414,4.280543802042788,826.6547756682558,0.41332738783412787,40.974621409526264,PHASE7A_FIXED_weekly,PHASE7A_FIXED,weekly,pre_tax
2017-07-03,QLD,BUY,8093.325112960736,7.176964264944985,58085.50512030104,29.042752560150518,0.0,PHASE7A_FIXED_weekly,PHASE7A_FIXED,weekly,pre_tax
2017-07-03,TQQQ,SELL,14762.540224973642,3.938591786821451,58143.619682702476,29.07180984135124,-1913.3467854363118,PHASE7A_FIXED_weekly,PHASE7A_FIXED,weekly,pre_tax
2017-07-24,QLD,SELL,8289.401542011066,7.783616917139101,64521.52607535629,32.260763037678146,17712.397899632906,PHASE7A_FIXED_weekly,PHASE7A_FIXED,weekly,pre_tax
2017-07-24,TQQQ,BUY,14520.497522202946,4.439037759922617,64457.03679392168,32.228518396960844,0.0,PHASE7A_FIXED_weekly,PHASE7A_FIXED,weekly,pre_tax
2017-07-31,QLD,BUY,5.927147542815687,7.794703143348245,46.20035558307427,0.023100177791537134,0.0,PHASE7A_FIXED_weekly,PHASE7A_FIXED,weekly,pre_tax
2017-07-31,TQQQ,SELL,10.39402975747862,4.449340643559765,46.24657905031927,0.023123289525159636,0.06089544430158866,PHASE7A_FIXED_weekly,PHASE7A_FIXED,weekly,pre_tax
2017-08-07,QLD,SELL,19.25700347384645,7.754052922593373,149.3198240667698,0.0746599120333849,40.57099092598489,PHASE7A_FIXED_weekly,PHASE7A_FIXED,weekly,pre_tax
2017-08-07,TQQQ,BUY,33.80036022771374,4.413283700539122,149.17057886531984,0.07458528943265992,0.0,PHASE7A_FIXED_weekly,PHASE7A_FIXED,weekly,pre_tax
2017-08-14,QLD,SELL,44.77988496157786,7.671525025909822,343.5300081401074,0.17176500407005368,90.6493010575196,PHASE7A_FIXED_weekly,PHASE7A_FIXED,weekly,pre_tax
2017-08-14,TQQQ,BUY,79.13341865134011,4.3368106125081844,343.1866498111849,0.17159332490559245,0.0,PHASE7A_FIXED_weekly,PHASE7A_FIXED,weekly,pre_tax
2017-08-21,QLD,SELL,97.18128428497744,7.457194450602668,724.699733872374,0.36234986693618704,175.90856239144438,PHASE7A_FIXED_weekly,PHASE7A_FIXED,weekly,pre_tax
2017-08-21,TQQQ,BUY,174.29449648476498,4.153747885955635,723.9753963072944,0.36198769815364723,0.0,PHASE7A_FIXED_weekly,PHASE7A_FIXED,weekly,pre_tax
2017-08-28,QLD,BUY,45.94178921138492,7.572981535169841,347.91632139048306,0.17395816069524153,0.0,PHASE7A_FIXED_weekly,PHASE7A_FIXED,weekly,pre_tax
2017-08-28,TQQQ,SELL,81.98978058497502,4.247656345367432,348.2644117570526,0.1741322058785263,-15.722105532083026,PHASE7A_FIXED_weekly,PHASE7A_FIXED,weekly,pre_tax
2017-09-05,QLD,BUY,8423.670009592797,7.903099728500219,66573.10416578827,33.28655208289414,0.0,PHASE7A_FIXED_weekly,PHASE7A_FIXED,weekly,pre_tax
2017-09-05,TQQQ,SELL,14715.34198722431,4.52858728196827,66639.7105731577,33.31985528657885,1310.1595596559348,PHASE7A_FIXED_weekly,PHASE7A_FIXED,weekly,pre_tax
2017-09-11,QLD,SELL,8294.389376607709,7.876000433239346,65326.61432361815,32.66330716180908,14651.187411687424,PHASE7A_FIXED_weekly,PHASE7A_FIXED,weekly,pre_tax
2017-09-11,TQQQ,BUY,14489.569237769994,4.504020739702974,65261.320356278266,32.63066017813913,0.0,PHASE7A_FIXED_weekly,PHASE7A_FIXED,weekly,pre_tax
2017-09-18,QLD,BUY,37.00006115771787,7.965919650916246,294.73951426136773,0.14736975713068387,0.0,PHASE7A_FIXED_weekly,PHASE7A_FIXED,weekly,pre_tax
2017-09-18,TQQQ,SELL,64.40547958797328,4.580889748924834,295.03440121913445,0.14751720060956722,4.658226395869318,PHASE7A_FIXED_weekly,PHASE7A_FIXED,weekly,pre_tax
2017-09-25,QLD,SELL,100.817152547967,7.731882274453167,779.506354746467,0.3897531773732335,163.35125653031963,PHASE7A_FIXED_weekly,PHASE7A_FIXED,weekly,pre_tax
2017-09-25,TQQQ,BUY,177.8399018565398,4.3788105471311685,778.7272379501883,0.38936361897509414,0.0,PHASE7A_FIXED_weekly,PHASE7A_FIXED,weekly,pre_tax
2017-10-02,QLD,BUY,82.02695502100367,7.936358197549608,650.9952969009755,0.3254976484504878,0.0,PHASE7A_FIXED_weekly,PHASE7A_FIXED,weekly,pre_tax
2017-10-02,TQQQ,SELL,143.20705174482873,4.550380794232349,651.6466178583069,0.32582330892915345,6.209237897252656,PHASE7A_FIXED_weekly,PHASE7A_FIXED,weekly,pre_tax
2017-10-09,QLD,BUY,90.76841008123702,8.174088862294116,741.9490498931846,0.3709745249465923,0.0,PHASE7A_FIXED_weekly,PHASE7A_FIXED,weekly,pre_tax
2017-10-09,TQQQ,SELL,156.32724594234466,4.750876058912164,742.691370103159,0.3713456850515795,38.105310489767305,PHASE7A_FIXED_weekly,PHASE7A_FIXED,weekly,pre_tax
2017-10-16,QLD,BUY,43.513385119830915,8.25908428809845,359.38071536517236,0.17969035768258618,0.0,PHASE7A_FIXED_weekly,PHASE7A_FIXED,weekly,pre_tax
2017-10-16,TQQQ,SELL,74.45405490136311,4.83170831108246,359.7402758607059,0.17987013793035295,24.16371490852198,PHASE7A_FIXED_weekly,PHASE7A_FIXED,weekly,pre_tax
2017-10-23,QLD,BUY,6.911670257164925,8.291110048459407,57.305418720818125,0.028652709360409062,0.0,PHASE7A_FIXED_weekly,PHASE7A_FIXED,weekly,pre_tax
2017-10-23,TQQQ,SELL,11.814017796872209,4.855482173197868,57.36275280655536,0.028681376403277684,4.11490855794841,PHASE7A_FIXED_weekly,PHASE7A_FIXED,weekly,pre_tax
2017-10-30,QLD,BUY,233.13211378199586,8.325600545044653,1940.9648535707965,0.9704824267853983,0.0,PHASE7A_FIXED_weekly,PHASE7A_FIXED,weekly,pre_tax
2017-10-30,TQQQ,SELL,385.0031291872871,5.046470124784721,1942.9067893922766,0.9714533946961383,207.59359123137887,PHASE7A_FIXED_weekly,PHASE7A_FIXED,weekly,pre_tax
2017-11-06,QLD,SELL,63.12785494935464,8.743174543520157,551.9378543802304,0.27596892719011523,164.27630950152377,PHASE7A_FIXED_weekly,PHASE7A_FIXED,weekly,pre_tax
2017-11-06,TQQQ,BUY,105.03114606052479,5.249739844210151,551.386192356993,0.2756930961784965,0.0,PHASE7A_FIXED_weekly,PHASE7A_FIXED,weekly,pre_tax
2017-11-13,QLD,SELL,0.036395534692062685,8.733318574306209,0.31785379914799705,0.00015892689957399853,0.09435281223292999,PHASE7A_FIXED_weekly,PHASE7A_FIXED,weekly,pre_tax
2017-11-13,TQQQ,BUY,0.06055465513385436,5.243793454619734,0.31753610423766077,0.00015876805211883038,0.0,PHASE7A_FIXED_weekly,PHASE7A_FIXED,weekly,pre_tax
2017-11-20,QLD,BUY,25.645808121432218,8.838020873280891,226.65818748937454,0.11332909374468728,0.0,PHASE7A_FIXED_weekly,PHASE7A_FIXED,weekly,pre_tax
2017-11-20,TQQQ,SELL,42.591466581110055,5.327005085176363,226.88495906269236,0.11344247953134619,34.66763043736446,PHASE7A_FIXED_weekly,PHASE7A_FIXED,weekly,pre_tax
2017-11-27,QLD,BUY,94.83542002112958,9.078216552734375,860.9364798213355,0.4304682399106678,0.0,PHASE7A_FIXED_weekly,PHASE7A_FIXED,weekly,pre_tax
2017-11-27,TQQQ,SELL,155.29865020689869,5.549293865958283,861.797846984744,0.43089892349237197,160.91033990177726,PHASE7A_FIXED_weekly,PHASE7A_FIXED,weekly,pre_tax
2017-12-04,QLD,SELL,36.02004066271877,8.988295437782181,323.7587671574438,0.1618793835787219,102.18506667577999,PHASE7A_FIXED_weekly,PHASE7A_FIXED,weekly,pre_tax
2017-12-04,TQQQ,BUY,59.18414550185857,5.4648954960191976,323.43517018885177,0.16171758509442588,0.0,PHASE7A_FIXED_weekly,PHASE7A_FIXED,weekly,pre_tax
2017-12-11,QLD,SELL,35.924265163313194,8.898375779960249,319.6676110420958,0.15983380552104792,98.68467917571594,PHASE7A_FIXED_weekly,PHASE7A_FIXED,weekly,pre_tax
2017-12-11,TQQQ,BUY,59.34416505687418,5.381289009273227,319.34810318505333,0.15967405159252668,0.0,PHASE7A_FIXED_weekly,PHASE7A_FIXED,weekly,pre_tax
2017-12-18,QLD,BUY,158.54268459779027,9.345514139190843,1481.6629005739233,0.7408314502869616,0.0,PHASE7A_FIXED_weekly,PHASE7A_FIXED,weekly,pre_tax
2017-12-18,TQQQ,SELL,256.35779887530185,5.785450301037767,1483.1453046764946,0.7415726523382473,324.1244417007046,PHASE7A_FIXED_weekly,PHASE7A_FIXED,weekly,pre_tax
2017-12-26,QLD,SELL,77.5185692646207,9.132414518528943,707.9317074078135,0.35396585370390676,229.9094825877854,PHASE7A_FIXED_weekly,PHASE7A_FIXED,weekly,pre_tax
2017-12-26,TQQQ,BUY,126.54943231095386,5.588520758842097,707.2241294894484,0.3536120647447242,0.0,PHASE7A_FIXED_weekly,PHASE7A_FIXED,weekly,pre_tax
2018-01-02,QLD,BUY,0.5782275299430719,9.122560569007376,5.2749156645732,0.0026374578322866,0.0,PHASE7A_FIXED_weekly,PHASE7A_FIXED,weekly,pre_tax
2018-01-02,TQQQ,SELL,0.9457675588624175,5.582971386026868,5.280193218961358,0.0026400966094806792,0.9950176287393416,PHASE7A_FIXED_weekly,PHASE7A_FIXED,weekly,pre_tax
2018-01-08,QLD,BUY,214.45416143057182,9.758159340651222,2092.6778785052593,1.0463389392526297,0.0,PHASE7A_FIXED_weekly,PHASE7A_FIXED,weekly,pre_tax
2018-01-08,TQQQ,SELL,339.91312185336744,6.162667659972773,2094.771603246132,1.0473858016230662,554.5616658841516,PHASE7A_FIXED_weekly,PHASE7A_FIXED,weekly,pre_tax
2018-01-16,QLD,BUY,153.91717396054153,10.188051028868305,1568.116022529197,0.7840580112645985,0.0,PHASE7A_FIXED_weekly,PHASE7A_FIXED,weekly,pre_tax
2018-01-16,TQQQ,SELL,238.5286615907845,6.5806973155068365,1569.6849230019143,0.7848424615009572,488.8170834717557,PHASE7A_FIXED_weekly,PHASE7A_FIXED,weekly,pre_tax
2018-01-22,QLD,BUY,23.307118936588232,10.269348884679383,239.34893585654208,0.11967446792827105,0.0,PHASE7A_FIXED_weekly,PHASE7A_FIXED,weekly,pre_tax
2018-01-22,TQQQ,SELL,35.99595310368597,6.655981683178515,239.58840452668665,0.11979420226334332,76.47512915832576,PHASE7A_FIXED_weekly,PHASE7A_FIXED,weekly,pre_tax
2018-01-29,QLD,BUY,166.45438606783011,10.795317800503456,1796.927996889921,0.8984639984449605,0.0,PHASE7A_FIXED_weekly,PHASE7A_FIXED,weekly,pre_tax
2018-01-29,TQQQ,SELL,250.92722798431396,7.168316640044203,1798.7258238001232,0.8993629119000616,661.6014444061828,PHASE7A_FIXED_weekly,PHASE7A_FIXED,weekly,pre_tax
2018-02-05,QLD,SELL,306.7803303580949,9.85547136669199,3023.464761708514,1.5117323808542569,1111.2602974131526,PHASE7A_FIXED_weekly,PHASE7A_FIXED,weekly,pre_tax
2018-02-05,TQQQ,BUY,483.22193958975475,6.250632598528159,3020.442807923726,1.5102214039618629,0.0,PHASE7A_FIXED_weekly,PHASE7A_FIXED,weekly,pre_tax
2018-02-12,QLD,BUY,8108.201657679986,9.17183490449371,74367.08697658306,37.18354348829153,0.0,PHASE7A_FIXED_weekly,PHASE7A_FIXED,weekly,pre_tax
2018-02-12,TQQQ,SELL,13345.030895886643,5.578217978397442,74441.49126570419,37.22074563285209,13142.686778883093,PHASE7A_FIXED_weekly,PHASE7A_FIXED,weekly,pre_tax
2018-05-29,QLD,SELL,8399.408399574728,10.332168327834353,86784.10143863183,43.39205071931592,29642.657457840756,PHASE7A_FIXED_weekly,PHASE7A_FIXED,weekly,pre_tax
2018-05-29,TQQQ,BUY,13311.551831661905,6.512941676818378,86697.36070755884,43.34868035377942,0.0,PHASE7A_FIXED_weekly,PHASE7A_FIXED,weekly,pre_tax
2018-06-04,QLD,BUY,156.98221508194055,10.853210714076496,1703.761058646778,0.8518805293233891,0.0,PHASE7A_FIXED_weekly,PHASE7A_FIXED,weekly,pre_tax
2018-06-04,TQQQ,SELL,243.58572998357434,7.001500753460113,1705.4656720121275,0.8527328360060638,117.36005666152782,PHASE7A_FIXED_weekly,PHASE7A_FIXED,weekly,pre_tax
2018-06-11,QLD,BUY,40.078926891194364,10.988703959102068,440.4154626058298,0.2202077313029149,0.0,PHASE7A_FIXED_weekly,PHASE7A_FIXED,weekly,pre_tax
2018-06-11,TQQQ,SELL,61.82187451249625,7.131069736444679,440.85609838634264,0.22042804919317133,37.792086154151036,PHASE7A_FIXED_weekly,PHASE7A_FIXED,weekly,pre_tax
2018-06-18,QLD,BUY,53.94504906761866,11.175939795656538,602.886620653444,0.301443310326722,0.0,PHASE7A_FIXED_weekly,PHASE7A_FIXED,weekly,pre_tax
2018-06-18,TQQQ,SELL,82.55037123666652,7.310564444802488,603.4898088680202,0.3017449044340101,65.27348782283968,PHASE7A_FIXED_weekly,PHASE7A_FIXED,weekly,pre_tax
2018-06-25,QLD,SELL,68.81969070651802,10.945594768120593,753.272446540941,0.3766362232704705,282.94786031992925,PHASE7A_FIXED_weekly,PHASE7A_FIXED,weekly,pre_tax
2018-06-25,TQQQ,BUY,106.18177212777532,7.087087882060342,752.519550542449,0.3762597752712245,0.0,PHASE7A_FIXED_weekly,PHASE7A_FIXED,weekly,pre_tax
2018-07-02,QLD,SELL,161.50768004178735,10.468897923895538,1690.8074162826524,0.8454037081413263,587.0770335035362,PHASE7A_FIXED_weekly,PHASE7A_FIXED,weekly,pre_tax
2018-07-02,TQQQ,BUY,255.29413244064685,6.6163583067869185,1689.1174538476334,0.8445587269238167,0.0,PHASE7A_FIXED_weekly,PHASE7A_FIXED,weekly,pre_tax
2018-07-09,QLD,BUY,8695.364474030108,11.2633949989397,97939.32473074866,48.96966236537433,0.0,PHASE7A_FIXED_weekly,PHASE7A_FIXED,weekly,pre_tax
2018-07-09,TQQQ,SELL,13285.06976049759,7.379510594754066,98037.31304963883,49.01865652481942,11332.738225147463,PHASE7A_FIXED_weekly,PHASE7A_FIXED,weekly,pre_tax
2018-08-06,QLD,SELL,8462.786055310497,11.673577258146755,98790.9868358341,49.39549341791705,33223.63761569451,PHASE7A_FIXED_weekly,PHASE7A_FIXED,weekly,pre_tax
2018-08-06,TQQQ,BUY,12724.088601019963,7.756331185236726,98692.24521980628,49.34612260990314,0.0,PHASE7A_FIXED_weekly,PHASE7A_FIXED,weekly,pre_tax
2018-08-13,QLD,BUY,33.25471189958083,11.76595979934898,391.2736033494002,0.1956368016747001,0.0,PHASE7A_FIXED_weekly,PHASE7A_FIXED,weekly,pre_tax
2018-08-13,TQQQ,SELL,49.85437616316154,7.856182402234167,391.66507268739224,0.19583253634369613,4.5888440699188076,PHASE7A_FIXED_weekly,PHASE7A_FIXED,weekly,pre_tax
2018-08-20,QLD,SELL,31.45137024910534,11.692051576037423,367.73104308958864,0.18386552154479432,123.92963087017692,PHASE7A_FIXED_weekly,PHASE7A_FIXED,weekly,pre_tax
2018-08-20,TQQQ,BUY,47.27610906818336,7.770594980443895,367.3634958201437,0.18368174791007186,0.0,PHASE7A_FIXED_weekly,PHASE7A_FIXED,weekly,pre_tax
2018-08-27,QLD,BUY,117.43301451424061,12.093615217199284,1420.1896913310047,0.7100948456655024,0.0,PHASE7A_FIXED_weekly,PHASE7A_FIXED,weekly,pre_tax
2018-08-27,TQQQ,SELL,173.8519390457833,8.177133940956242,1421.6105914723303,0.7108052957361651,71.76312305182,PHASE7A_FIXED_weekly,PHASE7A_FIXED,weekly,pre_tax
2018-09-04,QLD,BUY,89.37428042214574,12.43604493020413,1111.4625669344678,0.5557312834672339,0.0,PHASE7A_FIXED_weekly,PHASE7A_FIXED,weekly,pre_tax
2018-09-04,TQQQ,SELL,130.59181837703318,8.519481536725536,1112.5745855105488,0.5562872927552744,98.59152228641258,PHASE7A_FIXED_weekly,PHASE7A_FIXED,weekly,pre_tax
2018-09-10,QLD,SELL,147.4748004682678,11.898990984131665,1754.8013211585348,0.8774006605792675,607.5712516197696,PHASE7A_FIXED_weekly,PHASE7A_FIXED,weekly,pre_tax
2018-09-10,TQQQ,BUY,219.81635254307093,7.975054524008105,1753.0473967995786,0.8765236983997893,0.0,PHASE7A_FIXED_weekly,PHASE7A_FIXED,weekly,pre_tax
2018-09-17,QLD,BUY,44.3448192761122,12.091151334530519,536.1799207698787,0.2680899603849393,0.0,PHASE7A_FIXED_weekly,PHASE7A_FIXED,weekly,pre_tax
2018-09-17,TQQQ,SELL,65.79885463687934,8.156925707545948,536.71636891464,0.26835818445732,25.58122777747654,PHASE7A_FIXED_weekly,PHASE7A_FIXED,weekly,pre_tax
2018-09-24,QLD,SELL,49.15242259292141,11.91131020069104,585.4697526197415,0.2927348763098708,202.82705896752435,PHASE7A_FIXED_weekly,PHASE7A_FIXED,weekly,pre_tax
2018-09-24,TQQQ,BUY,73.31740017831156,7.977432015227334,584.8845754556969,0.29244228772784847,0.0,PHASE7A_FIXED_weekly,PHASE7A_FIXED,weekly,pre_tax
2018-10-01,QLD,BUY,179.3616157392017,12.535821919423654,2248.4452740867273,1.1242226370433637,0.0,PHASE7A_FIXED_weekly,PHASE7A_FIXED,weekly,pre_tax
2018-10-01,TQQQ,SELL,261.1577025256717,8.618144601438527,2250.694844145706,1.1253474220728532,221.5941937263686,PHASE7A_FIXED_weekly,PHASE7A_FIXED,weekly,pre_tax
2018-10-08,QLD,SELL,294.4636287093172,11.53685097047102,3397.183000643505,1.6985915003217524,1097.504536346991,PHASE7A_FIXED_weekly,PHASE7A_FIXED,weekly,pre_tax
2018-10-08,TQQQ,BUY,447.2145444647758,7.5887234827016306,3393.7875153855566,1.6968937576927783,0.0,PHASE7A_FIXED_weekly,PHASE7A_FIXED,weekly,pre_tax
2018-10-15,QLD,BUY,8116.353060535167,10.786695632814256,87548.6301124533,43.774315056226655,0.0,PHASE7A_FIXED_weekly,PHASE7A_FIXED,weekly,pre_tax
2018-10-15,TQQQ,SELL,12830.458316525774,6.830326741009901,87636.22253877886,43.81811126938943,-11963.033518772138,PHASE7A_FIXED_weekly,PHASE7A_FIXED,weekly,pre_tax
2018-10-29,QLD,SELL,41874.88927450113,10.144939535035777,424818.21972613217,212.40910986306608,73563.42734150605,PHASE7A_FIXED_weekly,PHASE7A_FIXED,weekly,pre_tax
2019-02-19,QLD,BUY,41982.85878945098,10.1087354707727,424393.6138093645,212.19680690468226,0.0,PHASE7A_FIXED_weekly,PHASE7A_FIXED,weekly,pre_tax
2019-03-04,QLD,SELL,8403.291031078457,10.568502567026812,88810.20283342607,44.40510141671304,3776.6782918619033,PHASE7A_FIXED_weekly,PHASE7A_FIXED,weekly,pre_tax
2019-03-04,TQQQ,BUY,14071.369319714955,6.305103291489752,88721.43701350268,44.36071850675134,0.0,PHASE7A_FIXED_weekly,PHASE7A_FIXED,weekly,pre_tax
2019-03-11,QLD,SELL,33579.56775837252,10.137084270374908,340398.9081293865,170.19945406469324,612.0174992000261,PHASE7A_FIXED_weekly,PHASE7A_FIXED,weekly,pre_tax
2019-03-11,TQQQ,SELL,14071.369319714953,5.919440078616988,83294.62751214216,41.647313756071085,-5512.817533623334,PHASE7A_FIXED_weekly,PHASE7A_FIXED,weekly,pre_tax
2019-03-18,QLD,BUY,31068.976585608114,10.898847670260327,338616.04307742766,169.30802153871383,0.0,PHASE7A_FIXED_weekly,PHASE7A_FIXED,weekly,pre_tax
2019-03-18,TQQQ,BUY,12844.313878435049,6.5907771774003985,84654.01076935692,42.32700538467846,0.0,PHASE7A_FIXED_weekly,PHASE7A_FIXED,weekly,pre_tax
2019-03-25,QLD,BUY,7734.3359857648875,10.876921248886285,84125.76342959196,42.06288171479598,0.0,PHASE7A_FIXED_weekly,PHASE7A_FIXED,weekly,pre_tax
2019-03-25,TQQQ,SELL,12844.313878435049,6.556203163045512,84209.93127694524,42.10496563847262,-528.5114634348317,PHASE7A_FIXED_weekly,PHASE7A_FIXED,weekly,pre_tax
2019-04-08,QLD,SELL,7766.8729074039575,11.656489549266151,90534.47287563264,45.26723643781632,5830.8773409097075,PHASE7A_FIXED_weekly,PHASE7A_FIXED,weekly,pre_tax
2019-04-08,TQQQ,BUY,12435.53436486516,7.2730275188582025,90443.98364737116,45.221991823685585,0.0,PHASE7A_FIXED_weekly,PHASE7A_FIXED,weekly,pre_tax
2019-04-15,QLD,BUY,44.633703929972604,11.836578969382698,528.3103612631676,0.2641551806315838,0.0,PHASE7A_FIXED_weekly,PHASE7A_FIXED,weekly,pre_tax
2019-04-15,TQQQ,SELL,71.09444272146835,7.438541124564955,528.83893591167,0.264419467955835,11.24414217341106,PHASE7A_FIXED_weekly,PHASE7A_FIXED,weekly,pre_tax
2019-04-22,QLD,BUY,24.074664610975606,11.919221690421303,286.9512646207586,0.1434756323103793,0.0,PHASE7A_FIXED_weekly,PHASE7A_FIXED,weekly,pre_tax
2019-04-22,TQQQ,SELL,38.19908041353336,7.519509797701204,287.23835943274025,0.14361917971637014,9.13286572879708,PHASE7A_FIXED_weekly,PHASE7A_FIXED,weekly,pre_tax
2019-04-29,QLD,BUY,129.4126078069412,12.436057272923641,1609.3826025255257,0.8046913012627629,0.0,PHASE7A_FIXED_weekly,PHASE7A_FIXED,weekly,pre_tax
2019-04-29,TQQQ,SELL,201.15019930411174,8.008904767656814,1610.9927902218187,0.8054963951109094,146.48487339661008,PHASE7A_FIXED_weekly,PHASE7A_FIXED,weekly,pre_tax
2019-05-06,QLD,SELL,131.62110573421342,11.95746045974605,1573.8541674849112,0.7869270837424556,137.2847255687076,PHASE7A_FIXED_weekly,PHASE7A_FIXED,weekly,pre_tax
2019-05-06,TQQQ,BUY,208.56509016969582,7.538563134281121,1572.2810998512869,0.7861405499256434,0.0,PHASE7A_FIXED_weekly,PHASE7A_FIXED,weekly,pre_tax
2019-05-13,QLD,SELL,238.69916409095646,11.092783645354453,2647.838183587941,1.3239190917939705,42.67588922079361,PHASE7A_FIXED_weekly,PHASE7A_FIXED,weekly,pre_tax
2019-05-13,TQQQ,BUY,393.32017557471914,6.725288538267069,2645.1916686618497,1.322595834330925,0.0,PHASE7A_FIXED_weekly,PHASE7A_FIXED,weekly,pre_tax
2019-05-20,QLD,BUY,7692.989569537576,11.095248705878257,85355.63256574672,42.677816282873366,0.0,PHASE7A_FIXED_weekly,PHASE7A_FIXED,weekly,pre_tax
2019-05-20,TQQQ,SELL,12726.97590817046,6.713380422337946,85441.03089747827,42.720515448739135,-7051.482092838065,PHASE7A_FIXED_weekly,PHASE7A_FIXED,weekly,pre_tax
2019-07-08,QLD,SELL,7717.6169960986945,12.224098904075394,94340.91346408369,47.17045673204184,9810.311007349575,PHASE7A_FIXED_weekly,PHASE7A_FIXED,weekly,pre_tax
2019-07-08,TQQQ,BUY,12216.35417851473,7.714791035058345,94246.61969750299,47.1233098487515,0.0,PHASE7A_FIXED_weekly,PHASE7A_FIXED,weekly,pre_tax
2019-07-15,QLD,BUY,126.80770314239423,12.748552523451886,1616.6146638891078,0.8083073319445538,0.0,PHASE7A_FIXED_weekly,PHASE7A_FIXED,weekly,pre_tax
2019-07-15,TQQQ,SELL,197.0731252474388,8.21132808054273,1618.2320872646087,0.8091160436323044,96.2848023211501,PHASE7A_FIXED_weekly,PHASE7A_FIXED,weekly,pre_tax
2019-07-22,QLD,SELL,86.52223898702137,12.419071802455734,1074.5258984890534,0.5372629492445267,126.20387228094678,PHASE7A_FIXED_weekly,PHASE7A_FIXED,weekly,pre_tax
2019-07-22,TQQQ,BUY,136.09620830411322,7.887449055056751,1073.4519095850846,0.5367259547925424,0.0,PHASE7A_FIXED_weekly,PHASE7A_FIXED,weekly,pre_tax
2019-07-29,QLD,BUY,112.43046706472035,12.881825253255178,1448.3096298695891,0.7241548149347946,0.0,PHASE7A_FIXED_weekly,PHASE7A_FIXED,weekly,pre_tax
2019-07-29,TQQQ,SELL,174.03222151380115,8.33040371148486,1449.7586640165246,0.7248793320082623,105.40365356425863,PHASE7A_FIXED_weekly,PHASE7A_FIXED,weekly,pre_tax
2019-08-05,QLD,SELL,380.2552584362145,11.365227903184238,4321.6876735117985,2.160843836755899,151.45424297795148,PHASE7A_FIXED_weekly,PHASE7A_FIXED,weekly,pre_tax
2019-08-05,TQQQ,BUY,625.7838777529681,6.899136106070583,4317.368145602362,2.158684072801181,0.0,PHASE7A_FIXED_weekly,PHASE7A_FIXED,weekly,pre_tax
2019-08-12,QLD,BUY,7684.5161200743505,11.568838153185672,88900.92327868647,44.45046163934324,0.0,PHASE7A_FIXED_weekly,PHASE7A_FIXED,weekly,pre_tax
2019-08-12,TQQQ,SELL,12607.128917810574,7.058694271694462,88989.8686746631,44.49493433733155,-7877.116432220939,PHASE7A_FIXED_weekly,PHASE7A_FIXED,weekly,pre_tax
2019-09-30,QLD,SELL,7665.447240503605,11.80453783637358,90487.06198325026,45.24353099162513,5475.492100581692,PHASE7A_FIXED_weekly,PHASE7A_FIXED,weekly,pre_tax
2019-09-30,TQQQ,BUY,12527.468695894455,7.215872762213537,90396.62014218753,45.198310071093765,0.0,PHASE7A_FIXED_weekly,PHASE7A_FIXED,weekly,pre_tax
2019-10-07,QLD,BUY,7650.166815159984,11.855128002053752,90693.7068307855,45.34685341539275,0.0,PHASE7A_FIXED_weekly,PHASE7A_FIXED,weekly,pre_tax
2019-10-07,TQQQ,SELL,12527.468695894455,7.246830793271636,90784.4459071544,45.392222953577196,297.23523194219814,PHASE7A_FIXED_weekly,PHASE7A_FIXED,weekly,pre_tax
2019-11-04,QLD,SELL,7662.3887098331425,13.36185613897666,102383.73562170943,51.19186781085472,16210.748022169606,PHASE7A_FIXED_weekly,PHASE7A_FIXED,weekly,pre_tax
2019-11-04,TQQQ,BUY,11829.979917325669,8.645949001365215,102281.40305237242,51.14070152618621,0.0,PHASE7A_FIXED_weekly,PHASE7A_FIXED,weekly,pre_tax
2019-11-11,QLD,SELL,2.8097281836646255,13.360621459974235,37.539714667364024,0.018769857333682013,5.9408663438054,PHASE7A_FIXED_weekly,PHASE7A_FIXED,weekly,pre_tax
2019-11-11,TQQQ,BUY,4.3399356055258975,8.641186672319883,37.5021937131969,0.01875109685659845,0.0,PHASE7A_FIXED_weekly,PHASE7A_FIXED,weekly,pre_tax
2019-11-18,QLD,BUY,72.90238731968654,13.665422843497815,996.2419490239699,0.498120974511985,0.0,PHASE7A_FIXED_weekly,PHASE7A_FIXED,weekly,pre_tax
2019-11-18,TQQQ,SELL,111.50262843523265,8.943633915521245,997.2386893431103,0.49861934467155516,32.21220284233666,PHASE7A_FIXED_weekly,PHASE7A_FIXED,weekly,pre_tax
2019-11-25,QLD,BUY,3.5876285192751043,13.659252839290929,49.00432503822958,0.02450216251911479,0.0,PHASE7A_FIXED_weekly,PHASE7A_FIXED,weekly,pre_tax
2019-11-25,TQQQ,SELL,5.4839923789134986,8.944825318546535,49.0533538776217,0.024526676938810853,1.5908111918836956,PHASE7A_FIXED_weekly,PHASE7A_FIXED,weekly,pre_tax
2019-12-02,QLD,BUY,64.96607450775325,13.987499166283902,908.7129130139365,0.45435645650696826,0.0,PHASE7A_FIXED_weekly,PHASE7A_FIXED,weekly,pre_tax
2019-12-02,TQQQ,SELL,98.26530897442554,9.25679764307557,909.622080510555,0.45481104025527747,59.14579275155424,PHASE7A_FIXED_weekly,PHASE7A_FIXED,weekly,pre_tax
2019-12-09,QLD,SELL,16.26505115270622,13.907286612379417,226.20272814569762,0.1131013640728488,43.08474729795925,PHASE7A_FIXED_weekly,PHASE7A_FIXED,weekly,pre_tax
2019-12-09,TQQQ,BUY,24.617806237806512,9.179397882960492,225.97663846245268,0.11298831923122635,0.0,PHASE7A_FIXED_weekly,PHASE7A_FIXED,weekly,pre_tax
2019-12-16,QLD,BUY,109.26944913670086,14.431742223756133,1576.948522872699,0.7884742614363495,0.0,PHASE7A_FIXED_weekly,PHASE7A_FIXED,weekly,pre_tax
2019-12-16,TQQQ,SELL,162.81878573884023,9.694988530353978,1578.5262602642179,0.7892631301321089,169.12677448198303,PHASE7A_FIXED_weekly,PHASE7A_FIXED,weekly,pre_tax
2019-12-23,QLD,BUY,110.07543846788066,14.97964358706487,1648.8908359387424,0.8244454179693712,0.0,PHASE7A_FIXED_weekly,PHASE7A_FIXED,weekly,pre_tax
2019-12-23,TQQQ,SELL,161.14266198938677,10.242728593754872,1650.5405516324681,0.8252702758162341,255.60587344282615,PHASE7A_FIXED_weekly,PHASE7A_FIXED,weekly,pre_tax
2019-12-30,QLD,BUY,44.13204522432241,15.174711910473649,669.691072299087,0.3348455361495435,0.0,PHASE7A_FIXED_weekly,PHASE7A_FIXED,weekly,pre_tax
2019-12-30,TQQQ,SELL,64.1486341243704,10.450122711649358,670.3610983843682,0.3351805491921841,115.05051136276245,PHASE7A_FIXED_weekly,PHASE7A_FIXED,weekly,pre_tax
2020-01-06,QLD,SELL,37.03478657127488,15.01175603024246,555.9571806400781,0.2779785903200391,137.87091720207704,PHASE7A_FIXED_weekly,PHASE7A_FIXED,weekly,pre_tax
2020-01-06,TQQQ,BUY,54.04731214066002,10.276209478351275,555.4015012992604,0.27770075064963023,0.0,PHASE7A_FIXED_weekly,PHASE7A_FIXED,weekly,pre_tax
2020-01-13,QLD,BUY,193.81042096013877,15.983321331971775,3097.7342356906156,1.5488671178453077,0.0,PHASE7A_FIXED_weekly,PHASE7A_FIXED,weekly,pre_tax
2020-01-13,TQQQ,SELL,274.8005791071081,11.283940993296087,3100.833519568201,1.5504167597841005,719.7332327668095,PHASE7A_FIXED_weekly,PHASE7A_FIXED,weekly,pre_tax
2020-01-21,QLD,BUY,86.1534238668999,16.480830313613342,1419.8799596871831,0.7099399798435916,0.0,PHASE7A_FIXED_weekly,PHASE7A_FIXED,weekly,pre_tax
2020-01-21,TQQQ,SELL,120.48858194556274,11.796143061788696,1421.3005499419087,0.7106502749709543,377.25661979669417,PHASE7A_FIXED_weekly,PHASE7A_FIXED,weekly,pre_tax
2020-01-27,QLD,SELL,150.20163478287304,15.73024493152256,2362.708504249691,1.1813542521248455,660.481763202857,PHASE7A_FIXED_weekly,PHASE7A_FIXED,weekly,pre_tax
2020-01-27,TQQQ,BUY,214.80094761532314,10.988531487935157,2360.3469765092887,1.1801734882546444,0.0,PHASE7A_FIXED_weekly,PHASE7A_FIXED,weekly,pre_tax
2020-02-03,QLD,BUY,7846.060430998926,16.053688887033797,125958.21314812306,62.97910657406153,0.0,PHASE7A_FIXED_weekly,PHASE7A_FIXED,weekly,pre_tax
2020-02-03,TQQQ,SELL,11129.134746231142,11.329203684462643,126084.23437188308,63.04211718594154,29150.39712399315,PHASE7A_FIXED_weekly,PHASE7A_FIXED,weekly,pre_tax
2020-03-16,QLD,SELL,38943.56669992317,9.445307493430235,367833.9623716845,183.91698118584225,-110552.86350157924,PHASE7A_FIXED_weekly,PHASE7A_FIXED,weekly,pre_tax
2020-04-13,QLD,BUY,30345.39111156875,12.109460408117469,367466.31223438156,183.7331561171908,0.0,PHASE7A_FIXED_weekly,PHASE7A_FIXED,weekly,pre_tax
2020-12-14,QLD,SELL,6073.934941907476,26.45611231618312,160692.7050242934,80.3463525121467,87023.50793392111,PHASE7A_FIXED_weekly,PHASE7A_FIXED,weekly,pre_tax
2020-12-14,TQQQ,BUY,8256.361636487121,19.44344248634088,160532.09262546862,80.26604631273432,0.0,PHASE7A_FIXED_weekly,PHASE7A_FIXED,weekly,pre_tax
2020-12-21,QLD,BUY,57.38674794062627,27.162332424584665,1558.7579243291402,0.7793789621645701,0.0,PHASE7A_FIXED_weekly,PHASE7A_FIXED,weekly,pre_tax
2020-12-21,TQQQ,SELL,77.24860683320145,20.1986485709859,1560.3174620220962,0.780158731011048,56.807469757717946,PHASE7A_FIXED_weekly,PHASE7A_FIXED,weekly,pre_tax
2020-12-28,QLD,BUY,89.9436510074781,28.177216316346065,2534.361710719648,1.2671808553598238,0.0,PHASE7A_FIXED_weekly,PHASE7A_FIXED,weekly,pre_tax
2020-12-28,TQQQ,SELL,118.87447583542573,21.34097603725484,2536.89734024505,1.268448670122525,223.14419305790884,PHASE7A_FIXED_weekly,PHASE7A_FIXED,weekly,pre_tax
2021-01-04,QLD,BUY,42.98105358784777,28.69823650064393,1233.4804409109056,0.6167402204554528,0.0,PHASE7A_FIXED_weekly,PHASE7A_FIXED,weekly,pre_tax
2021-01-04,TQQQ,SELL,56.310152271719765,21.9270324903814,1234.7145384003234,0.6173572692001617,138.6865424352966,PHASE7A_FIXED_weekly,PHASE7A_FIXED,weekly,pre_tax
2021-01-11,QLD,BUY,1.7135665438281946,28.801945682037925,49.35405051789712,0.024677025258948562,0.0,PHASE7A_FIXED_weekly,PHASE7A_FIXED,weekly,pre_tax
2021-01-11,TQQQ,SELL,2.2441837351752083,22.013985968830763,49.40342925762525,0.024701714628812623,5.722252830643795,PHASE7A_FIXED_weekly,PHASE7A_FIXED,weekly,pre_tax
2021-01-19,QLD,BUY,6068.918785940367,28.4685923477818,172773.57490873116,86.38678745436557,0.0,PHASE7A_FIXED_weekly,PHASE7A_FIXED,weekly,pre_tax
2021-01-19,TQQQ,SELL,8001.6842178115985,21.613754080505558,172946.43491364236,86.47321745682117,17201.884669862786,PHASE7A_FIXED_weekly,PHASE7A_FIXED,weekly,pre_tax
2021-06-21,QLD,SELL,6111.36664492723,33.12323704962659,202428.24607710575,101.21412303855288,107791.48161864834,PHASE7A_FIXED_weekly,PHASE7A_FIXED,weekly,pre_tax
2021-06-21,TQQQ,BUY,7672.920103149497,26.35579626478353,202225.91899456998,101.11295949728499,0.0,PHASE7A_FIXED_weekly,PHASE7A_FIXED,weekly,pre_tax
2021-06-28,QLD,BUY,111.25835879963775,34.76778207001583,3868.2063722134335,1.9341031861067168,0.0,PHASE7A_FIXED_weekly,PHASE7A_FIXED,weekly,pre_tax
2021-06-28,TQQQ,SELL,136.8465781264878,28.295018893910548,3872.0765136559785,1.9360382568279892,261.63659249833825,PHASE7A_FIXED_weekly,PHASE7A_FIXED,weekly,pre_tax
2021-07-06,QLD,BUY,120.68487223985454,36.41234007813994,4394.418610284454,2.197209305142227,0.0,PHASE7A_FIXED_weekly,PHASE7A_FIXED,weekly,pre_tax
2021-07-06,TQQQ,SELL,144.8747305807862,30.36288805900584,4398.815227203042,2.199407613601521,576.4177920452836,PHASE7A_FIXED_weekly,PHASE7A_FIXED,weekly,pre_tax
2021-07-12,QLD,BUY,41.89067285898124,37.05436287912863,1552.2321933675557,0.7761160966837779,0.0,PHASE7A_FIXED_weekly,PHASE7A_FIXED,weekly,pre_tax
2021-07-12,TQQQ,SELL,49.86318376756751,31.16097057315902,1553.7852020651917,0.7768926010325958,238.1673050164428,PHASE7A_FIXED_weekly,PHASE7A_FIXED,weekly,pre_tax
2021-07-19,QLD,SELL,114.49349939418157,35.325845904994864,4044.579716722481,2.0222898583612405,2245.590895080571,PHASE7A_FIXED_weekly,PHASE7A_FIXED,weekly,pre_tax
2021-07-19,TQQQ,BUY,139.23642168509272,29.019254512468283,4040.537158285064,2.020268579142532,0.0,PHASE7A_FIXED_weekly,PHASE7A_FIXED,weekly,pre_tax
2021-07-26,QLD,BUY,179.40642301737438,38.05689226704757,6827.65091278858,3.41382545639429,0.0,PHASE7A_FIXED_weekly,PHASE7A_FIXED,weekly,pre_tax
2021-07-26,TQQQ,SELL,210.91119789481544,32.40454773123484,6834.481979234464,3.417240989617232,1259.0916304315608,PHASE7A_FIXED_weekly,PHASE7A_FIXED,weekly,pre_tax
2021-08-02,QLD,SELL,18.68530352922152,37.78527151144591,706.0292671254138,0.3530146335627069,409.3816760797559,PHASE7A_FIXED_weekly,PHASE7A_FIXED,weekly,pre_tax
2021-08-02,TQQQ,BUY,22.005626339001147,32.05196615768487,705.3235906963237,0.35266179534816183,0.0,PHASE7A_FIXED_weekly,PHASE7A_FIXED,weekly,pre_tax
2021-08-09,QLD,BUY,27.956432182700212,38.234686872341314,1068.905430573388,0.534452715286694,0.0,PHASE7A_FIXED_weekly,PHASE7A_FIXED,weekly,pre_tax
2021-08-09,TQQQ,SELL,32.80463340342167,32.61657759029203,1069.9748707237886,0.5349874353618943,202.22894393647104,PHASE7A_FIXED_weekly,PHASE7A_FIXED,weekly,pre_tax
2021-08-16,QLD,SELL,10.202531796864898,38.04208024344797,388.1255333026638,0.19406276665133193,225.89107770822773,PHASE7A_FIXED_weekly,PHASE7A_FIXED,weekly,pre_tax
2021-08-16,TQQQ,BUY,11.972572075398528,32.38548904056978,387.7376017352508,0.1938688008676254,0.0,PHASE7A_FIXED_weekly,PHASE7A_FIXED,weekly,pre_tax
2021-08-23,QLD,BUY,11.347557382713847,38.25937067668189,434.15040418016724,0.21707520209008363,0.0,PHASE7A_FIXED_weekly,PHASE7A_FIXED,weekly,pre_tax
2021-08-23,TQQQ,SELL,13.312376361116236,32.645168674586614,434.58477176821907,0.21729238588410954,82.31572785215707,PHASE7A_FIXED_weekly,PHASE7A_FIXED,weekly,pre_tax
2021-08-30,QLD,BUY,104.79277908810708,39.918751220516846,4183.196878124727,2.0915984390623636,0.0,PHASE7A_FIXED_weekly,PHASE7A_FIXED,weekly,pre_tax
2021-08-30,TQQQ,SELL,120.38892614351454,34.7821207629659,4187.382167647505,2.0936910838237526,1001.5494382461297,PHASE7A_FIXED_weekly,PHASE7A_FIXED,weekly,pre_tax
2021-09-07,QLD,BUY,61.33896591865595,40.931155384509594,2510.674745141645,1.2553373725708226,0.0,PHASE7A_FIXED_weekly,PHASE7A_FIXED,weekly,pre_tax
2021-09-07,TQQQ,SELL,69.60902164682692,36.10432407171353,2513.186675851961,1.2565933379259804,671.0883478522702,PHASE7A_FIXED_weekly,PHASE7A_FIXED,weekly,pre_tax
2021-09-13,QLD,SELL,36.223842611134316,40.34346483230473,1461.3953204732388,0.7306976602366194,879.0791286652787,PHASE7A_FIXED_weekly,PHASE7A_FIXED,weekly,pre_tax
2021-09-13,TQQQ,BUY,41.325524694819485,35.32767378676539,1459.9346554855001,0.7299673277427501,0.0,PHASE7A_FIXED_weekly,PHASE7A_FIXED,weekly,pre_tax
2021-09-20,QLD,SELL,149.05570090389548,37.97787903963498,5660.819379096152,2.8304096895480764,3264.8515434207325,PHASE7A_FIXED_weekly,PHASE7A_FIXED,weekly,pre_tax
2021-09-20,TQQQ,BUY,175.29074685805963,32.26160815716858,5655.161388712149,2.8275806943560746,0.0,PHASE7A_FIXED_weekly,PHASE7A_FIXED,weekly,pre_tax
2021-09-27,QLD,BUY,30.715007885327708,38.521121749606785,1183.176558290841,0.5915882791454206,0.0,PHASE7A_FIXED_weekly,PHASE7A_FIXED,weekly,pre_tax
2021-09-27,TQQQ,SELL,35.97005458811001,32.92628660966353,1184.3603267333528,0.5921801633666764,225.65925962045353,PHASE7A_FIXED_weekly,PHASE7A_FIXED,weekly,pre_tax
2021-10-04,QLD,BUY,5980.137750071034,36.08638590969491,215801.55864219798,107.900779321099,0.0,PHASE7A_FIXED_weekly,PHASE7A_FIXED,weekly,pre_tax
2021-10-04,TQQQ,SELL,7248.170292289223,29.803034344460897,216017.4681555969,108.00873407779845,22845.077098857033,PHASE7A_FIXED_weekly,PHASE7A_FIXED,weekly,pre_tax
2021-11-08,QLD,SELL,6157.303635410364,44.457313271984376,273737.1766301668,136.86858831508343,150606.1005432844,PHASE7A_FIXED_weekly,PHASE7A_FIXED,weekly,pre_tax
2021-11-08,TQQQ,BUY,6732.430209110951,40.618850513095424,273463.5762537255,136.73178812686277,0.0,PHASE7A_FIXED_weekly,PHASE7A_FIXED,weekly,pre_tax
2021-11-15,QLD,SELL,35.80943416207759,43.840006794069204,1569.8858369572554,0.7849429184786277,853.7954232467195,PHASE7A_FIXED_weekly,PHASE7A_FIXED,weekly,pre_tax
2021-11-15,TQQQ,BUY,39.44101746777492,39.76359729950116,1568.3167356711929,0.7841583678355964,0.0,PHASE7A_FIXED_weekly,PHASE7A_FIXED,weekly,pre_tax
2021-11-22,QLD,BUY,118.34129003961614,45.98335350031876,5441.729373575421,2.7208646867877104,0.0,PHASE7A_FIXED_weekly,PHASE7A_FIXED,weekly,pre_tax
2021-11-22,TQQQ,SELL,127.52987273383609,42.712924496860964,5447.173825174628,2.7235869125873142,262.3789129677451,PHASE7A_FIXED_weekly,PHASE7A_FIXED,weekly,pre_tax
2021-11-29,QLD,SELL,129.77661933333664,43.77579335120935,5681.074469754705,2.8405372348773525,3069.7084234116787,PHASE7A_FIXED_weekly,PHASE7A_FIXED,weekly,pre_tax
2021-11-29,TQQQ,BUY,143.33819573497945,39.594444490539864,5675.396234402782,2.8376981172013913,0.0,PHASE7A_FIXED_weekly,PHASE7A_FIXED,weekly,pre_tax
2021-12-06,QLD,BUY,5928.3426744508915,41.03487780255561,243268.81721776805,121.63440860888403,0.0,PHASE7A_FIXED_weekly,PHASE7A_FIXED,weekly,pre_tax
2021-12-06,TQQQ,SELL,6787.67954957987,35.87561934112143,243512.20773024196,121.75610386512099,-32275.119916740285,PHASE7A_FIXED_weekly,PHASE7A_FIXED,weekly,pre_tax
2022-01-24,QLD,SELL,30485.69554654801,33.0985388893131,1009031.9796151784,504.5159898075892,271531.29371087346,PHASE7A_FIXED_weekly,PHASE7A_FIXED,weekly,pre_tax
2023-01-30,QQQ,BUY,3511.491378403049,287.0641967396339,1008023.4518994212,504.0117259497106,0.0,PHASE7A_FIXED_weekly,PHASE7A_FIXED,weekly,pre_tax
2023-03-13,QQQ,SELL,3511.491378403049,280.9883548940412,986688.1856420819,493.34409282104093,-22332.62207611001,PHASE7A_FIXED_weekly,PHASE7A_FIXED,weekly,pre_tax
2023-03-20,QQQ,BUY,3300.758454610761,298.62893759374526,985701.990553984,492.85099527699197,0.0,PHASE7A_FIXED_weekly,PHASE7A_FIXED,weekly,pre_tax
2023-05-01,QQQ,SELL,3300.758454610761,316.12889554696204,1043465.1247233971,521.7325623616986,56748.55061177455,PHASE7A_FIXED_weekly,PHASE7A_FIXED,weekly,pre_tax
2023-05-01,QLD,BUY,42431.03759712111,24.56744496724792,1042422.1810705003,521.2110905352502,0.0,PHASE7A_FIXED_weekly,PHASE7A_FIXED,weekly,pre_tax
2023-05-08,QQQ,BUY,3289.4655275608284,316.45279521060826,1040960.5609455623,520.4802804727811,0.0,PHASE7A_FIXED_weekly,PHASE7A_FIXED,weekly,pre_tax
2023-05-08,QLD,SELL,42431.03759712111,24.557543280955663,1042002.0422471587,521.0010211235793,-1462.3509350004133,PHASE7A_FIXED_weekly,PHASE7A_FIXED,weekly,pre_tax
2023-05-15,QQQ,SELL,3289.4655275608284,319.4856341539702,1050936.9801003954,525.4684900501977,8930.470384310123,PHASE7A_FIXED_weekly,PHASE7A_FIXED,weekly,pre_tax
2023-05-15,QLD,BUY,41989.87626826259,25.00332607837959,1049886.5683261822,524.9432841630911,0.0,PHASE7A_FIXED_weekly,PHASE7A_FIXED,weekly,pre_tax
2023-08-21,QLD,SELL,8404.69564997433,29.847468799596637,250858.89118271437,125.4294455913572,40483.04313831349,PHASE7A_FIXED_weekly,PHASE7A_FIXED,weekly,pre_tax
2023-08-21,TQQQ,BUY,14065.164236084158,17.817648870061486,250608.15765829413,125.30407882914707,0.0,PHASE7A_FIXED_weekly,PHASE7A_FIXED,weekly,pre_tax
2023-08-28,QLD,BUY,8527.150409573303,31.016400367574903,264481.51109785587,132.24075554892792,0.0,PHASE7A_FIXED_weekly,PHASE7A_FIXED,weekly,pre_tax
2023-08-28,TQQQ,SELL,14065.16423608416,18.822824993159813,264746.12491586246,132.37306245793124,13880.290116281216,PHASE7A_FIXED_weekly,PHASE7A_FIXED,weekly,pre_tax
2023-10-02,QLD,SELL,8429.206200535249,29.498387262247412,248647.9888167259,124.32399440836295,27391.878829045203,PHASE7A_FIXED_weekly,PHASE7A_FIXED,weekly,pre_tax
2023-10-02,TQQQ,BUY,14359.627300678514,17.298461853396137,248399.46508977303,124.19973254488652,0.0,PHASE7A_FIXED_weekly,PHASE7A_FIXED,weekly,pre_tax
2023-10-09,QLD,BUY,8470.043158631604,30.06958251416561,254690.66165701696,127.34533082850848,0.0,PHASE7A_FIXED_weekly,PHASE7A_FIXED,weekly,pre_tax
2023-10-09,TQQQ,SELL,14359.627300678514,17.754324286373574,254945.47972770955,127.47273986385478,6294.34216552776,PHASE7A_FIXED_weekly,PHASE7A_FIXED,weekly,pre_tax
2023-11-27,QLD,SELL,8437.380128028577,34.19210462141803,288491.7840682266,144.2458920341133,60473.116571222534,PHASE7A_FIXED_weekly,PHASE7A_FIXED,weekly,pre_tax
2023-11-27,TQQQ,BUY,13503.406886276072,21.34301653539552,288203.43645796395,144.10171822898198,0.0,PHASE7A_FIXED_weekly,PHASE7A_FIXED,weekly,pre_tax
2023-12-04,QLD,SELL,56.8882838986654,33.620911034256366,1912.6359318485484,0.9563179659242742,375.2566256088172,PHASE7A_FIXED_weekly,PHASE7A_FIXED,weekly,pre_tax
2023-12-04,TQQQ,BUY,91.81952912010402,20.809562737548525,1910.7242517569684,0.9553621258784842,0.0,PHASE7A_FIXED_weekly,PHASE7A_FIXED,weekly,pre_tax
2023-12-11,QLD,BUY,84.7088119546398,34.56461440046356,2927.9274215335026,1.4639637107667514,0.0,PHASE7A_FIXED_weekly,PHASE7A_FIXED,weekly,pre_tax
2023-12-11,TQQQ,SELL,135.2926727505166,21.66308606420707,2930.856813651044,1.465428406825522,40.88153881594238,PHASE7A_FIXED_weekly,PHASE7A_FIXED,weekly,pre_tax
2023-12-18,QLD,BUY,230.55704216015852,37.02820803126328,8537.114120179089,4.268557060089544,0.0,PHASE7A_FIXED_weekly,PHASE7A_FIXED,weekly,pre_tax
2023-12-18,TQQQ,SELL,356.06031372956176,24.0005841018334,8545.655504991533,4.2728277524957665,939.4652842200342,PHASE7A_FIXED_weekly,PHASE7A_FIXED,weekly,pre_tax
2023-12-26,QLD,BUY,55.32689910153553,37.747364744802056,2088.444640584523,1.0442223202922614,0.0,PHASE7A_FIXED_weekly,PHASE7A_FIXED,weekly,pre_tax
2023-12-26,TQQQ,SELL,84.75333160527181,24.666099731700786,2090.534129969543,1.0452670649847715,279.99816483204427,PHASE7A_FIXED_weekly,PHASE7A_FIXED,weekly,pre_tax
2024-01-02,QLD,SELL,59.67975434936845,37.11095030410107,2214.772397820372,1.107386198910186,595.622446448568,PHASE7A_FIXED_weekly,PHASE7A_FIXED,weekly,pre_tax
2024-01-02,TQQQ,BUY,92.04514023772975,24.037757197623048,2212.558732255711,1.1062793661278556,0.0,PHASE7A_FIXED_weekly,PHASE7A_FIXED,weekly,pre_tax
2024-01-08,QLD,SELL,143.88842544400157,35.63924217786914,5128.07444099104,2.5640372204955204,1224.3952007625962,PHASE7A_FIXED_weekly,PHASE7A_FIXED,weekly,pre_tax
2024-01-08,TQQQ,BUY,226.71948473099133,22.59597994139991,5122.948929306003,2.561474464653002,0.0,PHASE7A_FIXED_weekly,PHASE7A_FIXED,weekly,pre_tax
2024-01-16,QLD,BUY,160.0476519950062,37.434134397051366,5991.2453147135675,2.9956226573567837,0.0,PHASE7A_FIXED_weekly,PHASE7A_FIXED,weekly,pre_tax
2024-01-16,TQQQ,SELL,246.84148894000666,24.295913879401525,5997.239557149645,2.998619778574823,714.2807417473255,PHASE7A_FIXED_weekly,PHASE7A_FIXED,weekly,pre_tax
2024-01-22,QLD,BUY,8781.690972673852,40.19358356638597,352967.62996434374,176.48381498217188,0.0,PHASE7A_FIXED_weekly,PHASE7A_FIXED,weekly,pre_tax
2024-01-22,TQQQ,SELL,13091.04323333954,26.98950479871544,353320.7741664088,176.6603870832044,73125.59870700083,PHASE7A_FIXED_weekly,PHASE7A_FIXED,weekly,pre_tax
2024-01-29,QLD,SELL,8560.377433931892,40.28805278255973,344880.93789688125,172.44046894844064,89258.3031735076,PHASE7A_FIXED_weekly,PHASE7A_FIXED,weekly,pre_tax
2024-01-29,TQQQ,BUY,12719.652253848999,27.08692206652259,344536.22931327624,172.26811465663812,0.0,PHASE7A_FIXED_weekly,PHASE7A_FIXED,weekly,pre_tax
2024-02-05,QLD,BUY,8610.67059783256,41.10842432458611,353971.1006549385,176.98555032746924,0.0,PHASE7A_FIXED_weekly,PHASE7A_FIXED,weekly,pre_tax
2024-02-05,TQQQ,SELL,12719.652253848999,27.85652011221149,354325.24882968084,177.16262441484042,9439.588777333185,PHASE7A_FIXED_weekly,PHASE7A_FIXED,weekly,pre_tax
2024-04-08,QLD,SELL,8570.444116033043,42.945823169584926,368064.77749196463,184.03238874598233,92675.17605699276,PHASE7A_FIXED_weekly,PHASE7A_FIXED,weekly,pre_tax
2024-04-08,TQQQ,BUY,12492.528844378747,29.433343819761816,367696.89665489143,183.8484483274457,0.0,PHASE7A_FIXED_weekly,PHASE7A_FIXED,weekly,pre_tax
2024-04-15,QLD,SELL,7.4841130604357335,42.985626894864346,321.7092916548718,0.1608546458274359,81.22604931032424,PHASE7A_FIXED_weekly,PHASE7A_FIXED,weekly,pre_tax
2024-04-15,TQQQ,BUY,10.920984351642206,29.42845926605658,321.387743137544,0.16069387156877202,0.0,PHASE7A_FIXED_weekly,PHASE7A_FIXED,weekly,pre_tax
2024-04-22,QLD,BUY,8047.934347123489,38.224366155143876,307627.189277007,153.8135946385035,0.0,PHASE7A_FIXED_weekly,PHASE7A_FIXED,weekly,pre_tax
2024-04-22,TQQQ,SELL,12503.44982873039,24.628000637812097,307934.9703568236,153.9674851784118,-60421.29066858286,PHASE7A_FIXED_weekly,PHASE7A_FIXED,weekly,pre_tax
2024-05-28,QLD,SELL,8464.360515170596,45.8712333455066,388270.6563118829,194.13532815594144,106398.75447957548,PHASE7A_FIXED_weekly,PHASE7A_FIXED,weekly,pre_tax
2024-05-28,TQQQ,BUY,12047.792644178327,32.19532333844661,387882.57969387993,193.94128984693998,0.0,PHASE7A_FIXED_weekly,PHASE7A_FIXED,weekly,pre_tax
2024-06-03,QLD,SELL,76.66463460128443,44.896092455917376,3441.942523158388,1.7209712615791941,888.9688015392761,PHASE7A_FIXED_weekly,PHASE7A_FIXED,weekly,pre_tax
2024-06-03,TQQQ,BUY,110.37084983306532,31.154080139342216,3438.5023007466225,1.7192511503733112,0.0,PHASE7A_FIXED_weekly,PHASE7A_FIXED,weekly,pre_tax
2024-06-10,QLD,BUY,93.52131471386454,46.26925094116378,4327.161178843351,2.1635805894216755,0.0,PHASE7A_FIXED_weekly,PHASE7A_FIXED,weekly,pre_tax
2024-06-10,TQQQ,SELL,133.06301760149069,32.552174020713835,4331.490504685033,2.1657452523425165,44.43426351556147,PHASE7A_FIXED_weekly,PHASE7A_FIXED,weekly,pre_tax
2024-06-17,QLD,BUY,248.71145598215514,49.781730682474176,12381.286719349679,6.19064335967484,0.0,PHASE7A_FIXED_weekly,PHASE7A_FIXED,weekly,pre_tax
2024-06-17,TQQQ,SELL,341.3164143118787,36.31139224521406,12393.674199808622,6.196837099904311,1396.418493402735,PHASE7A_FIXED_weekly,PHASE7A_FIXED,weekly,pre_tax
2024-06-24,QLD,SELL,19.133673622089766,49.61256673069125,949.2706593791954,0.4746353296895977,309.0733889219637,PHASE7A_FIXED_weekly,PHASE7A_FIXED,weekly,pre_tax
2024-06-24,TQQQ,BUY,26.279113098061927,36.08652466996588,948.3218631180353,0.4741609315590176,0.0,PHASE7A_FIXED_weekly,PHASE7A_FIXED,weekly,pre_tax
2024-07-01,QLD,BUY,15.352429067172425,49.91913156297313,766.3799264153931,0.38318996320769655,0.0,PHASE7A_FIXED_weekly,PHASE7A_FIXED,weekly,pre_tax
2024-07-01,TQQQ,SELL,21.080448895546592,36.39138300728357,767.146689723304,0.383573344861652,87.7466379884633,PHASE7A_FIXED_weekly,PHASE7A_FIXED,weekly,pre_tax
2024-07-08,QLD,BUY,222.616620879816,53.325766232604096,11871.20188452932,5.93560094226466,0.0,PHASE7A_FIXED_weekly,PHASE7A_FIXED,weekly,pre_tax
2024-07-08,TQQQ,SELL,296.001418043757,40.14534492273014,11883.079024983861,5.94153951249193,2342.7181059593636,PHASE7A_FIXED_weekly,PHASE7A_FIXED,weekly,pre_tax
2024-07-15,QLD,SELL,17.66412615628431,53.24109569029931,940.457430972252,0.47022871548612605,346.9845101341024,PHASE7A_FIXED_weekly,PHASE7A_FIXED,weekly,pre_tax
2024-07-15,TQQQ,BUY,23.50056713080141,39.978500872159046,939.5174435349763,0.4697587217674882,0.0,PHASE7A_FIXED_weekly,PHASE7A_FIXED,weekly,pre_tax
2024-07-22,QLD,BUY,8268.743958939704,49.84940205901204,412191.9421322122,206.0959710661061,0.0,PHASE7A_FIXED_weekly,PHASE7A_FIXED,weekly,pre_tax
2024-07-22,TQQQ,SELL,11416.48187538758,36.14111113888206,412604.34027341526,206.30217013670764,44481.89756447358,PHASE7A_FIXED_weekly,PHASE7A_FIXED,weekly,pre_tax
2024-10-07,QLD,SELL,8518.628473847679,49.610794395000156,422615.9257434511,211.30796287172555,109442.43700341981,PHASE7A_FIXED_weekly,PHASE7A_FIXED,weekly,pre_tax
2024-10-07,TQQQ,BUY,12070.41658863484,34.977543477463364,422193.5210200701,211.09676051003507,0.0,PHASE7A_FIXED_weekly,PHASE7A_FIXED,weekly,pre_tax
2024-10-14,QLD,BUY,137.31125271912526,51.633891914245396,7089.914381508948,3.544957190754474,0.0,PHASE7A_FIXED_weekly,PHASE7A_FIXED,weekly,pre_tax
2024-10-14,TQQQ,SELL,191.09458320362788,37.13871802979339,7097.007842620427,3.5485039213102136,406.0982368403262,PHASE7A_FIXED_weekly,PHASE7A_FIXED,weekly,pre_tax
2024-10-21,QLD,SELL,45.792621599158345,51.03095405700844,2336.8411689766217,1.1684205844883109,650.5724587097505,PHASE7A_FIXED_weekly,PHASE7A_FIXED,weekly,pre_tax
2024-10-21,TQQQ,BUY,64.03037284869862,36.45934564775332,2334.5054956452223,1.1672527478226111,0.0,PHASE7A_FIXED_weekly,PHASE7A_FIXED,weekly,pre_tax
2024-10-28,QLD,BUY,60.44155732716407,52.037518607895755,3145.2286641024984,1.5726143320512493,0.0,PHASE7A_FIXED_weekly,PHASE7A_FIXED,weekly,pre_tax
2024-10-28,TQQQ,SELL,83.93891396332235,37.50793663524432,3148.3754661675193,1.5741877330837597,208.68911663357542,PHASE7A_FIXED_weekly,PHASE7A_FIXED,weekly,pre_tax
2024-11-04,QLD,BUY,8318.157130985712,49.53106365990128,412007.1703879151,206.00358519395755,0.0,PHASE7A_FIXED_weekly,PHASE7A_FIXED,weekly,pre_tax
2024-11-04,TQQQ,SELL,11859.413464316587,34.77569821693606,412419.3836649418,206.20969183247092,-2901.6432922042536,PHASE7A_FIXED_weekly,PHASE7A_FIXED,weekly,pre_tax
2024-12-09,QLD,SELL,8508.918478850772,57.22482720661451,486921.3896674046,243.4606948337023,152137.26332991902,PHASE7A_FIXED_weekly,PHASE7A_FIXED,weekly,pre_tax
2024-12-09,TQQQ,BUY,11324.890163812157,42.952708995900835,486434.7116167633,243.21735580838165,0.0,PHASE7A_FIXED_weekly,PHASE7A_FIXED,weekly,pre_tax
2024-12-16,QLD,BUY,80.4545443390783,58.80443942240292,4731.08437884436,2.36554218942218,0.0,PHASE7A_FIXED_weekly,PHASE7A_FIXED,weekly,pre_tax
2024-12-16,TQQQ,SELL,106.03927988845376,44.660976903370994,4735.817829948326,2.367908914974163,176.4982526841256,PHASE7A_FIXED_weekly,PHASE7A_FIXED,weekly,pre_tax
2024-12-23,QLD,BUY,8270.713067073186,55.85517228040317,461962.1032431545,230.98105162157725,0.0,PHASE7A_FIXED_weekly,PHASE7A_FIXED,weekly,pre_tax
2024-12-23,TQQQ,SELL,11218.850883923704,41.21850813666118,462424.29644299764,231.21214822149884,-19927.89300944634,PHASE7A_FIXED_weekly,PHASE7A_FIXED,weekly,pre_tax
2025-03-10,QLD,SELL,42352.8228622323,47.364473139597685,2006019.1408443404,1003.0095704221702,201264.42840311155,PHASE7A_FIXED_weekly,PHASE7A_FIXED,weekly,pre_tax
2025-05-19,QLD,BUY,38983.679875548834,51.406489346552455,2004014.1242118124,1002.0070621059062,0.0,PHASE7A_FIXED_weekly,PHASE7A_FIXED,weekly,pre_tax
2025-06-16,QLD,SELL,7802.975235668017,54.36879453617587,424238.3573589029,212.11917867945147,22702.11307478103,PHASE7A_FIXED_weekly,PHASE7A_FIXED,weekly,pre_tax
2025-06-16,TQQQ,BUY,11526.814251185404,36.767689821247174,423814.3310147165,211.90716550735823,0.0,PHASE7A_FIXED_weekly,PHASE7A_FIXED,weekly,pre_tax
2025-06-23,QLD,SELL,44.58265506223841,53.66063561368547,2392.3336079854053,1.1961668039927027,98.15373979218202,PHASE7A_FIXED_weekly,PHASE7A_FIXED,weekly,pre_tax
2025-06-23,TQQQ,BUY,66.33281847557843,36.02956311627878,2389.942469946516,1.1949712349732582,0.0,PHASE7A_FIXED_weekly,PHASE7A_FIXED,weekly,pre_tax
2025-06-30,QLD,BUY,275.1308503984738,58.66722550106384,16141.163642626721,8.070581821313361,0.0,PHASE7A_FIXED_weekly,PHASE7A_FIXED,weekly,pre_tax
2025-06-30,TQQQ,SELL,392.8072695111216,41.132927353908336,16157.312880888057,8.078656440444028,1701.0568673013358,PHASE7A_FIXED_weekly,PHASE7A_FIXED,weekly,pre_tax
2025-07-07,QLD,BUY,17.793145920812343,59.06662963911166,1050.981160219293,0.5254905801096466,0.0,PHASE7A_FIXED_weekly,PHASE7A_FIXED,weekly,pre_tax
2025-07-07,TQQQ,SELL,25.331661497602582,41.53034601508509,1052.0326671324437,0.5260163335662219,119.7613230607581,PHASE7A_FIXED_weekly,PHASE7A_FIXED,weekly,pre_tax
2025-07-14,QLD,SELL,1.4629416436134643,59.101574335683345,86.46215429878794,0.04323107714939397,11.07724725866138,PHASE7A_FIXED_weekly,PHASE7A_FIXED,weekly,pre_tax
2025-07-14,TQQQ,BUY,2.0790759588992596,41.54525234381802,86.37573535443516,0.043187867677217585,0.0,PHASE7A_FIXED_weekly,PHASE7A_FIXED,weekly,pre_tax
2025-07-21,QLD,BUY,83.71060285647414,60.77906536925349,5087.85220311326,2.54392610155663,0.0,PHASE7A_FIXED_weekly,PHASE7A_FIXED,weekly,pre_tax
2025-07-21,TQQQ,SELL,117.63649615111005,43.29389914820423,5092.942600514274,2.5464713002571373,763.4036989826636,PHASE7A_FIXED_weekly,PHASE7A_FIXED,weekly,pre_tax
2025-07-28,QLD,BUY,57.2963483805257,61.917366481467795,3547.6390007268637,1.7738195003634318,0.0,PHASE7A_FIXED_weekly,PHASE7A_FIXED,weekly,pre_tax
2025-07-28,TQQQ,SELL,79.79118572910329,44.506023841914356,3551.1884144340875,1.7755942072170439,614.4745319807191,PHASE7A_FIXED_weekly,PHASE7A_FIXED,weekly,pre_tax
2025-08-04,QLD,SELL,110.4827249889892,59.945312786431714,6622.921506962273,3.311460753481137,924.9135692413444,PHASE7A_FIXED_weekly,PHASE7A_FIXED,weekly,pre_tax
2025-08-04,TQQQ,BUY,156.28399526838137,42.33512128928771,6616.301895261393,3.3081509476306965,0.0,PHASE7A_FIXED_weekly,PHASE7A_FIXED,weekly,pre_tax
2025-08-11,QLD,BUY,163.1299527614037,63.23539584893618,10315.587137685623,5.157793568842812,0.0,PHASE7A_FIXED_weekly,PHASE7A_FIXED,weekly,pre_tax
2025-08-11,TQQQ,SELL,225.37031206752212,45.81751602714535,10325.907885196444,5.1629539425982225,2013.3792323814462,PHASE7A_FIXED_weekly,PHASE7A_FIXED,weekly,pre_tax
2025-08-18,QLD,BUY,9.076272452623622,63.53494513716212,576.6604723273776,0.2883302361636888,0.0,PHASE7A_FIXED_weekly,PHASE7A_FIXED,weekly,pre_tax
2025-08-18,TQQQ,SELL,12.52123563995852,46.10067551415114,577.2374212739524,0.2886187106369762,115.40405645795643,PHASE7A_FIXED_weekly,PHASE7A_FIXED,weekly,pre_tax
2025-08-25,QLD,BUY,7803.11372923358,62.117062095230814,484706.50005495036,242.35325002747518,0.0,PHASE7A_FIXED_weekly,PHASE7A_FIXED,weekly,pre_tax
2025-08-25,TQQQ,SELL,10898.051980291844,44.52093364088533,485191.44902949216,242.59572451474608,83236.21256248066,PHASE7A_FIXED_weekly,PHASE7A_FIXED,weekly,pre_tax
2025-09-02,QLD,SELL,7892.996685765719,60.05515345622622,474015.1271931452,237.00756359657262,49976.03115936167,PHASE7A_FIXED_weekly,PHASE7A_FIXED,weekly,pre_tax
2025-09-02,TQQQ,BUY,11200.000778260046,42.280474647309575,473541.34895507136,236.7706744775357,0.0,PHASE7A_FIXED_weekly,PHASE7A_FIXED,weekly,pre_tax
2025-09-08,QLD,BUY,184.48303319357325,63.694706258950376,11750.59260902484,5.87529630451242,0.0,PHASE7A_FIXED_weekly,PHASE7A_FIXED,weekly,pre_tax
2025-09-08,TQQQ,SELL,254.8427627675728,46.15531927268112,11762.349079869455,5.881174539934728,976.2074985997074,PHASE7A_FIXED_weekly,PHASE7A_FIXED,weekly,pre_tax
2025-09-15,QLD,BUY,104.05566099244346,65.85648272074249,6852.7398401442915,3.426369920072146,0.0,PHASE7A_FIXED_weekly,PHASE7A_FIXED,weekly,pre_tax
2025-09-15,TQQQ,SELL,141.42020415682407,48.50506367860168,6859.596008067601,3.4297980040338008,873.8631969153881,PHASE7A_FIXED_weekly,PHASE7A_FIXED,weekly,pre_tax
2025-09-22,QLD,BUY,98.38892684415822,68.02822637302506,6693.224187953398,3.346612093976699,0.0,PHASE7A_FIXED_weekly,PHASE7A_FIXED,weekly,pre_tax
2025-09-22,TQQQ,SELL,131.68176012465776,50.87964160021056,6699.920760427485,3.3499603802137425,1126.219695923346,PHASE7A_FIXED_weekly,PHASE7A_FIXED,weekly,pre_tax
2025-09-29,QLD,BUY,7.088327112650952,68.2634178237408,483.87343536224216,0.2419367176811211,0.0,PHASE7A_FIXED_weekly,PHASE7A_FIXED,weekly,pre_tax
2025-09-29,TQQQ,SELL,9.476346554396816,51.112266533804245,484.3575508550275,0.24217877542751376,83.25060962218484,PHASE7A_FIXED_weekly,PHASE7A_FIXED,weekly,pre_tax
2025-10-06,QLD,BUY,91.57457770388483,70.31595750070778,6439.154113971628,3.219577056985814,0.0,PHASE7A_FIXED_weekly,PHASE7A_FIXED,weekly,pre_tax
2025-10-06,TQQQ,SELL,120.69368348432738,53.404588402587386,6445.596489272662,3.2227982446363312,1336.8359732661913,PHASE7A_FIXED_weekly,PHASE7A_FIXED,weekly,pre_tax
2025-10-13,QLD,BUY,7847.723806431486,68.10360658618899,534458.2947102794,267.22914735513973,0.0,PHASE7A_FIXED_weekly,PHASE7A_FIXED,weekly,pre_tax
2025-10-13,TQQQ,SELL,10541.886021172268,50.74927003510959,534993.0203678184,267.4965101839092,88786.72123230672,PHASE7A_FIXED_weekly,PHASE7A_FIXED,weekly,pre_tax
2025-12-29,QLD,SELL,7981.13068703324,71.7171071740682,572383.6048522075,286.1918024261037,119640.58637199644,PHASE7A_FIXED_weekly,PHASE7A_FIXED,weekly,pre_tax
2025-12-29,TQQQ,BUY,10574.24299827612,54.075881118804844,571811.507296134,285.905753648067,0.0,PHASE7A_FIXED_weekly,PHASE7A_FIXED,weekly,pre_tax
2026-01-05,QLD,SELL,16.027707103832043,71.44735261268555,1145.137241020333,0.5725686205101665,235.94084709362363,PHASE7A_FIXED_weekly,PHASE7A_FIXED,weekly,pre_tax
2026-01-05,TQQQ,BUY,21.288645914367695,53.73722127107424,1143.9926760619273,0.5719963380309637,0.0,PHASE7A_FIXED_weekly,PHASE7A_FIXED,weekly,pre_tax
2026-01-12,QLD,BUY,21.334758138857723,72.06680231057176,1537.5277971369214,0.7687638985684607,0.0,PHASE7A_FIXED_weekly,PHASE7A_FIXED,weekly,pre_tax
2026-01-12,TQQQ,SELL,28.299637402681174,54.384657731909684,1539.0660940819653,0.7695330470409827,7.2228350243581,PHASE7A_FIXED_weekly,PHASE7A_FIXED,weekly,pre_tax
2026-01-20,QLD,SELL,130.86363392825697,69.24927057704316,9062.211194592994,4.531105597296497,1637.5646691753368,PHASE7A_FIXED_weekly,PHASE7A_FIXED,weekly,pre_tax
2026-01-20,TQQQ,BUY,176.86322151524806,51.187315455856556,9053.153512240038,4.526576756120019,0.0,PHASE7A_FIXED_weekly,PHASE7A_FIXED,weekly,pre_tax
2026-01-26,QLD,BUY,117.40997311713308,72.06680194039414,8461.36127845943,4.230680639229715,0.0,PHASE7A_FIXED_weekly,PHASE7A_FIXED,weekly,pre_tax
2026-01-26,TQQQ,SELL,156.1109593542361,54.25517149834525,8469.826872535283,4.234913436267641,27.064665939816436,PHASE7A_FIXED_weekly,PHASE7A_FIXED,weekly,pre_tax
2026-02-02,QLD,SELL,53.46650224684371,70.92780907290941,3792.2618631604128,1.8961309315802064,755.7225115548775,PHASE7A_FIXED_weekly,PHASE7A_FIXED,weekly,pre_tax
2026-02-02,TQQQ,BUY,71.54763903700017,52.950335573229424,3788.4714964814484,1.8942357482407242,0.0,PHASE7A_FIXED_weekly,PHASE7A_FIXED,weekly,pre_tax
2026-02-09,QLD,BUY,7781.053245540795,68.24016341386157,530980.3450076617,265.4901725038309,0.0,PHASE7A_FIXED_weekly,PHASE7A_FIXED,weekly,pre_tax
2026-02-09,TQQQ,SELL,10659.53190798582,49.86256390653135,531511.590975653,265.7557954878265,-44874.587344072934,PHASE7A_FIXED_weekly,PHASE7A_FIXED,weekly,pre_tax
2026-03-23,QLD,SELL,39612.054313186956,64.02386157339181,2536116.68198516,1268.05834099258,196943.89854381437,PHASE7A_FIXED_weekly,PHASE7A_FIXED,weekly,pre_tax
2026-04-13,QLD,BUY,37343.89571968023,67.84460442333032,2533581.832727804,1266.790916363902,0.0,PHASE7A_FIXED_weekly,PHASE7A_FIXED,weekly,pre_tax
2013-01-07,QLD,BUY,57259.81383604587,1.7455527409449292,99950.02498750624,49.97501249375312,0.0,PHASE7A_FIXED_weekly,PHASE7A_FIXED,weekly,after_tax
2013-01-22,QLD,SELL,11497.1328723367,1.7816377383767974,20483.725808487492,10.241862904243746,394.59772136871493,PHASE7A_FIXED_weekly,PHASE7A_FIXED,weekly,after_tax
2013-01-22,TQQQ,BUY,36454.21098732301,0.5591433555001009,20383.12985356043,10.191564926780215,0.0,PHASE7A_FIXED_weekly,PHASE7A_FIXED,weekly,after_tax
2013-01-28,QLD,SELL,25.74422167475769,1.773993250562953,45.67007549201662,0.02283503774600831,0.6868747980495385,PHASE7A_FIXED_weekly,PHASE7A_FIXED,weekly,after_tax
2013-01-28,TQQQ,BUY,81.92782277175202,0.5551833042862209,45.48495935939718,0.022742479679698592,0.0,PHASE7A_FIXED_weekly,PHASE7A_FIXED,weekly,after_tax
2013-02-04,QLD,BUY,26.2885182371923,1.7853071878212097,46.933080566028366,0.023466540283014183,0.0,PHASE7A_FIXED_weekly,PHASE7A_FIXED,weekly,after_tax
2013-02-04,TQQQ,SELL,83.8626932703279,0.5603313681510755,46.99089765699682,0.02349544882849841,0.053433925099949056,PHASE7A_FIXED_weekly,PHASE7A_FIXED,weekly,after_tax
2013-02-11,QLD,BUY,100.60863746652792,1.82506235643291,183.6170369721658,0.0918085184860829,0.0,PHASE7A_FIXED_weekly,PHASE7A_FIXED,weekly,after_tax
2013-02-11,TQQQ,SELL,319.54594314914846,0.5791449771863408,185.06342795510136,0.09253171397755068,6.212408321365298,PHASE7A_FIXED_weekly,PHASE7A_FIXED,weekly,after_tax
2013-02-19,QLD,SELL,21.376051432439002,1.8177232000051282,38.855744613247225,0.019427872306623614,1.500417552177047,PHASE7A_FIXED_weekly,PHASE7A_FIXED,weekly,after_tax
2013-02-19,TQQQ,BUY,66.92180452803662,0.5754813556126264,38.51225078983771,0.019256125394918853,0.0,PHASE7A_FIXED_weekly,PHASE7A_FIXED,weekly,after_tax
2013-02-25,QLD,SELL,58.13734669729281,1.7999865828999693,104.64644402053091,0.05232322201026546,3.0501044841542804,PHASE7A_FIXED_weekly,PHASE7A_FIXED,weekly,after_tax
2013-02-25,TQQQ,BUY,183.52034979405164,0.5662725192263578,103.92253080718001,0.05196126540359001,0.0,PHASE7A_FIXED_weekly,PHASE7A_FIXED,weekly,after_tax
2013-03-04,QLD,SELL,58.902750031664866,1.7764398434251778,104.63719204356312,0.05231859602178156,1.7039862044546428,PHASE7A_FIXED_weekly,PHASE7A_FIXED,weekly,after_tax
2013-03-04,TQQQ,BUY,187.6282384416066,0.5552821697192505,104.18661534245621,0.052093307671228106,0.0,PHASE7A_FIXED_weekly,PHASE7A_FIXED,weekly,after_tax
2013-03-11,QLD,BUY,205.61048324072598,1.8580898131329662,382.0427443829394,0.19102137219146972,0.0,PHASE7A_FIXED_weekly,PHASE7A_FIXED,weekly,after_tax
2013-03-11,TQQQ,SELL,651.4486230509998,0.5939971843077116,386.9586478134297,0.19347932390671485,22.30569891409189,PHASE7A_FIXED_weekly,PHASE7A_FIXED,weekly,after_tax
2013-03-18,QLD,SELL,91.93663995549963,1.8229220994347066,167.59333272265212,0.08379666636132606,6.884645773538084,PHASE7A_FIXED_weekly,PHASE7A_FIXED,weekly,after_tax
2013-03-18,TQQQ,BUY,287.76028726166385,0.5769660153392772,166.02790631424796,0.08301395315712398,0.0,PHASE7A_FIXED_weekly,PHASE7A_FIXED,weekly,after_tax
2013-03-25,QLD,BUY,120.02162356445709,1.870414767943609,224.4902171875292,0.1122451085937646,0.0,PHASE7A_FIXED_weekly,PHASE7A_FIXED,weekly,after_tax
2013-03-25,TQQQ,SELL,379.76427819159375,0.5998392917309032,227.7975356551433,0.11389876782757165,15.166992819073943,PHASE7A_FIXED_weekly,PHASE7A_FIXED,weekly,after_tax
2013-04-01,QLD,BUY,24.244276996603066,1.8829799221519419,45.65148681169376,0.02282574340584688,0.0,PHASE7A_FIXED_weekly,PHASE7A_FIXED,weekly,after_tax
2013-04-01,TQQQ,SELL,76.64494496125269,0.6054827711716175,46.40719367143538,0.02320359683571769,3.4933670662319747,PHASE7A_FIXED_weekly,PHASE7A_FIXED,weekly,after_tax
2013-04-08,QLD,SELL,150.4503159469451,1.8195400106246804,273.750369476591,0.1368751847382955,10.698208855198091,PHASE7A_FIXED_weekly,PHASE7A_FIXED,weekly,after_tax
2013-04-08,TQQQ,BUY,471.358274948074,0.5755802227983802,271.3045009124726,0.1356522504562363,0.0,PHASE7A_FIXED_weekly,PHASE7A_FIXED,weekly,after_tax
2013-04-15,QLD,BUY,211.40466993045305,1.9169989776030836,405.26253611719585,0.20263126805859794,0.0,PHASE7A_FIXED_weekly,PHASE7A_FIXED,weekly,after_tax
2013-04-15,TQQQ,SELL,666.8507125856066,0.6206326535634494,413.8693272826822,0.2069346636413411,40.35060415356935,PHASE7A_FIXED_weekly,PHASE7A_FIXED,weekly,after_tax
2013-04-22,QLD,BUY,11165.337699738688,1.840380403779218,20548.468704176412,10.274234352088206,0.0,PHASE7A_FIXED_weekly,PHASE7A_FIXED,weekly,after_tax
2013-04-22,TQQQ,SELL,35555.210569859264,0.583204593369881,20735.962122575267,10.367981061287633,821.3202214397601,PHASE7A_FIXED_weekly,PHASE7A_FIXED,weekly,after_tax
2013-05-13,QLD,SELL,11749.007238232505,2.0941410372074203,24604.078204029705,12.302039102014852,3837.6907758927678,PHASE7A_FIXED_weekly,PHASE7A_FIXED,weekly,after_tax
2013-05-13,TQQQ,BUY,33650.77949880652,0.7072718526496423,23800.249159225492,11.900124579612747,0.0,PHASE7A_FIXED_weekly,PHASE7A_FIXED,weekly,after_tax
2013-05-20,QLD,BUY,144.65345004024977,2.160339919665576,312.5006226393016,0.15625031131965078,0.0,PHASE7A_FIXED_weekly,PHASE7A_FIXED,weekly,after_tax
2013-05-20,TQQQ,SELL,425.8528253540622,0.7413330204197524,315.6987612740122,0.1578493806370061,14.196598290750927,PHASE7A_FIXED_weekly,PHASE7A_FIXED,weekly,after_tax
2013-05-28,QLD,BUY,9.852957328647665,2.1692273496483625,21.373304512220784,0.010686652256110393,0.0,PHASE7A_FIXED_weekly,PHASE7A_FIXED,weekly,after_tax
2013-05-28,TQQQ,SELL,29.004477565978252,0.7451941504271336,21.61396701836202,0.010806983509181009,1.0788524263367967,PHASE7A_FIXED_weekly,PHASE7A_FIXED,weekly,after_tax
2013-06-03,QLD,SELL,124.54627341939502,2.112836042229576,263.1458554058772,0.13157292770293863,42.84211194329904,PHASE7A_FIXED_weekly,PHASE7A_FIXED,weekly,after_tax
2013-06-03,TQQQ,BUY,354.9145108779642,0.7161832152209614,254.18381552915525,0.12709190776457763,0.0,PHASE7A_FIXED_weekly,PHASE7A_FIXED,weekly,after_tax
2013-06-10,QLD,BUY,27.43779175681999,2.125094546770123,58.3079016378324,0.0291539508189162,0.0,PHASE7A_FIXED_weekly,PHASE7A_FIXED,weekly,after_tax
2013-06-10,TQQQ,SELL,81.11097304759512,0.7225196574049574,58.60427245813116,0.029302136229065582,1.1711283940307646,PHASE7A_FIXED_weekly,PHASE7A_FIXED,weekly,after_tax
2013-06-17,QLD,SELL,101.90118490124199,2.084640188853546,212.4273053369252,0.1062136526684626,32.15876318030855,PHASE7A_FIXED_weekly,PHASE7A_FIXED,weekly,after_tax
2013-06-17,TQQQ,BUY,293.4028940276974,0.7010332908529925,205.68519634602853,0.10284259817301426,0.0,PHASE7A_FIXED_weekly,PHASE7A_FIXED,weekly,after_tax
2013-06-24,QLD,SELL,367.3947701850888,1.926805953464703,707.8984304644255,0.35394921523221273,57.98680102332009,PHASE7A_FIXED_weekly,PHASE7A_FIXED,weekly,after_tax
2013-06-24,TQQQ,BUY,1117.8223496626931,0.6221174182588511,695.4167542441974,0.3477083771220987,0.0,PHASE7A_FIXED_weekly,PHASE7A_FIXED,weekly,after_tax
2013-07-01,QLD,BUY,239.53390823462055,2.031007298066212,486.4951157588366,0.24324755787941832,0.0,PHASE7A_FIXED_weekly,PHASE7A_FIXED,weekly,after_tax
2013-07-01,TQQQ,SELL,723.3734087169471,0.673209504766815,486.9818542438188,0.24349092712190942,-23.19156512795977,PHASE7A_FIXED_weekly,PHASE7A_FIXED,weekly,after_tax
2013-07-08,QLD,BUY,143.28167373158095,2.0990448288762686,300.7546563190117,0.15037732815950586,0.0,PHASE7A_FIXED_weekly,PHASE7A_FIXED,weekly,after_tax
2013-07-08,TQQQ,SELL,425.95577036686956,0.7067765772219833,301.05556142784917,0.15052778071392459,0.6346713607620732,PHASE7A_FIXED_weekly,PHASE7A_FIXED,weekly,after_tax
2013-07-15,QLD,BUY,290.04495964472727,2.2394097960556003,649.5295239249535,0.3247647619624768,0.0,PHASE7A_FIXED_weekly,PHASE7A_FIXED,weekly,after_tax
2013-07-15,TQQQ,SELL,845.5519160748381,0.7783645939942512,658.1476738566525,0.32907383692832626,61.7609859790616,PHASE7A_FIXED_weekly,PHASE7A_FIXED,weekly,after_tax
2013-07-22,QLD,SELL,65.64250141728458,2.210601573709873,145.10941693530185,0.07255470846765093,28.624382061909795,PHASE7A_FIXED_weekly,PHASE7A_FIXED,weekly,after_tax
2013-07-22,TQQQ,BUY,182.37107002922343,0.7630170885503573,139.1522428895114,0.0695761214447557,0.0,PHASE7A_FIXED_weekly,PHASE7A_FIXED,weekly,after_tax
2013-07-29,QLD,BUY,42.88895877213973,2.228377160847293,95.57277618035732,0.04778638809017866,0.0,PHASE7A_FIXED_weekly,PHASE7A_FIXED,weekly,after_tax
2013-07-29,TQQQ,SELL,126.01773973906808,0.7728201702782017,97.38905108322069,0.04869452554161035,8.465636176400333,PHASE7A_FIXED_weekly,PHASE7A_FIXED,weekly,after_tax
2013-08-05,QLD,BUY,190.64955596947485,2.327367769714437,443.7116318737244,0.2218558159368622,0.0,PHASE7A_FIXED_weekly,PHASE7A_FIXED,weekly,after_tax
2013-08-05,TQQQ,SELL,555.00464130774,0.8244076706478698,457.5500835392704,0.2287750417696352,65.9011607574182,PHASE7A_FIXED_weekly,PHASE7A_FIXED,weekly,after_tax
2013-08-12,QLD,SELL,89.51756984803279,2.2853817818704756,204.58182328801195,0.10229091164400597,45.48165384750509,PHASE7A_FIXED_weekly,PHASE7A_FIXED,weekly,after_tax
2013-08-12,TQQQ,BUY,243.3406420561838,0.8019308306525197,195.14236321563294,0.09757118160781647,0.0,PHASE7A_FIXED_weekly,PHASE7A_FIXED,weekly,after_tax
2013-08-19,QLD,SELL,85.98174745841185,2.242781306431278,192.83825589402113,0.09641912794701057,40.024158423152095,PHASE7A_FIXED_weekly,PHASE7A_FIXED,weekly,after_tax
2013-08-19,TQQQ,BUY,236.60779837181312,0.7798503300286558,184.5186696476121,0.09225933482380606,0.0,PHASE7A_FIXED_weekly,PHASE7A_FIXED,weekly,after_tax
2013-08-26,QLD,BUY,134.2795304969458,2.314495651864937,310.78938946964627,0.15539469473482315,0.0,PHASE7A_FIXED_weekly,PHASE7A_FIXED,weekly,after_tax
2013-08-26,TQQQ,SELL,391.5513604745524,0.8168820782675005,319.8512890929196,0.1599256445464598,43.054783578781645,PHASE7A_FIXED_weekly,PHASE7A_FIXED,weekly,after_tax
2013-09-03,QLD,SELL,95.32763809261122,2.2755741912440164,216.92511295579607,0.10846255647789804,47.348516319153774,PHASE7A_FIXED_weekly,PHASE7A_FIXED,weekly,after_tax
2013-09-03,TQQQ,BUY,260.4637097338065,0.7950982975503721,207.09425218300385,0.10354712609150192,0.0,PHASE7A_FIXED_weekly,PHASE7A_FIXED,weekly,after_tax
2013-09-09,QLD,BUY,130.22449156517368,2.344224736129904,305.27547437702015,0.15263773718851006,0.0,PHASE7A_FIXED_weekly,PHASE7A_FIXED,weekly,after_tax
2013-09-09,TQQQ,SELL,379.15165151919354,0.8310416299469332,315.0908064755822,0.15754540323779112,46.788820862312264,PHASE7A_FIXED_weekly,PHASE7A_FIXED,weekly,after_tax
2013-09-16,QLD,BUY,173.73736347775562,2.43126367080699,422.4013400852564,0.21120067004262819,0.0,PHASE7A_FIXED_weekly,PHASE7A_FIXED,weekly,after_tax
2013-09-16,TQQQ,SELL,500.982504175159,0.8787669078517136,440.2468460818127,0.22012342304090635,85.72080681003725,PHASE7A_FIXED_weekly,PHASE7A_FIXED,weekly,after_tax
2013-09-23,QLD,BUY,87.60728033127532,2.486428912570203,217.82927476732584,0.10891463738366293,0.0,PHASE7A_FIXED_weekly,PHASE7A_FIXED,weekly,after_tax
2013-09-23,TQQQ,SELL,251.5107008964676,0.9075810938169251,228.26635702627755,0.11413317851313877,50.2782891609677,PHASE7A_FIXED_weekly,PHASE7A_FIXED,weekly,after_tax
2013-09-30,QLD,SELL,134.00789806279988,2.417471474897767,323.96027097782644,0.1619801354889132,84.84091488321354,PHASE7A_FIXED_weekly,PHASE7A_FIXED,weekly,after_tax
2013-09-30,TQQQ,BUY,352.13308440476646,0.8701529839911787,306.4096541568251,0.15320482707841257,0.0,PHASE7A_FIXED_weekly,PHASE7A_FIXED,weekly,after_tax
2013-10-07,QLD,BUY,47.65291857208334,2.4453607176581658,116.52857515793585,0.05826428757896793,0.0,PHASE7A_FIXED_weekly,PHASE7A_FIXED,weekly,after_tax
2013-10-07,TQQQ,SELL,137.35117044566258,0.8849065002582803,121.54294354544982,0.06077147177272491,24.097133291553988,PHASE7A_FIXED_weekly,PHASE7A_FIXED,weekly,after_tax
2013-10-14,QLD,SELL,18.657635378654305,2.443522551547473,45.590352806291776,0.02279517640314589,12.285222556427197,PHASE7A_FIXED_weekly,PHASE7A_FIXED,weekly,after_tax
2013-10-14,TQQQ,BUY,48.78053023375915,0.8825301675997789,43.05028952280554,0.02152514476140277,0.0,PHASE7A_FIXED_weekly,PHASE7A_FIXED,weekly,after_tax
2013-10-21,QLD,BUY,387.30620043045434,2.6681677235562495,1033.397903121746,0.516698951560873,0.0,PHASE7A_FIXED_weekly,PHASE7A_FIXED,weekly,after_tax
2013-10-21,TQQQ,SELL,1093.4403246389975,1.0062998533248901,1100.3288383037434,0.5501644191518718,324.2139887341911,PHASE7A_FIXED_weekly,PHASE7A_FIXED,weekly,after_tax
2013-10-28,QLD,BUY,59.15796042306876,2.7061705763141153,160.0915318516636,0.0800457659258318,0.0,PHASE7A_FIXED_weekly,PHASE7A_FIXED,weekly,after_tax
2013-10-28,TQQQ,SELL,166.42280874561854,1.0274895724146895,170.99770059808725,0.08549885029904362,52.87041166724189,PHASE7A_FIXED_weekly,PHASE7A_FIXED,weekly,after_tax
2013-11-04,QLD,BUY,18.488958021452365,2.7168974567490034,50.23260302642302,0.025116301513211512,0.0,PHASE7A_FIXED_weekly,PHASE7A_FIXED,weekly,after_tax
2013-11-04,TQQQ,SELL,51.95103039050385,1.0337272107370947,53.70319374049359,0.026851596870246797,16.828071945291004,PHASE7A_FIXED_weekly,PHASE7A_FIXED,weekly,after_tax
2013-11-11,QLD,SELL,102.04928385202273,2.669393711036787,272.4097165303974,0.1362048582651987,89.32283469980678,PHASE7A_FIXED_weekly,PHASE7A_FIXED,weekly,after_tax
2013-11-11,TQQQ,BUY,252.70881046749156,1.0051116818770063,254.00057751411805,0.12700028875705902,0.0,PHASE7A_FIXED_weekly,PHASE7A_FIXED,weekly,after_tax
2013-11-18,QLD,BUY,167.4226032117055,2.7693052877710036,463.6443003665627,0.23182215018328134,0.0,PHASE7A_FIXED_weekly,PHASE7A_FIXED,weekly,after_tax
2013-11-18,TQQQ,SELL,468.123422805602,1.0626399046707395,497.4466293842852,0.2487233146921426,164.0255158890971,PHASE7A_FIXED_weekly,PHASE7A_FIXED,weekly,after_tax
2013-11-25,QLD,BUY,23.839932085726428,2.793209532216917,66.58992554925499,0.03329496277462749,0.0,PHASE7A_FIXED_weekly,PHASE7A_FIXED,weekly,after_tax
2013-11-25,TQQQ,SELL,66.58673333554367,1.074719734944923,71.56207640122375,0.035781038200611875,24.135244159573496,PHASE7A_FIXED_weekly,PHASE7A_FIXED,weekly,after_tax
2013-12-02,QLD,BUY,168.26511664274983,2.894959132804149,487.120636157284,0.243560318078642,0.0,PHASE7A_FIXED_weekly,PHASE7A_FIXED,weekly,after_tax
2013-12-02,TQQQ,SELL,464.6824564955751,1.1353176482260185,527.5621936804455,0.2637810968402228,196.5750239146579,PHASE7A_FIXED_weekly,PHASE7A_FIXED,weekly,after_tax
2013-12-09,QLD,BUY,51.16680305934452,2.9268320581647203,149.7566395078902,0.07487831975394511,0.0,PHASE7A_FIXED_weekly,PHASE7A_FIXED,weekly,after_tax
2013-12-09,TQQQ,SELL,140.80450832465337,1.1545265530521647,162.5625436502669,0.08128127182513345,62.26800172689011,PHASE7A_FIXED_weekly,PHASE7A_FIXED,weekly,after_tax
2013-12-16,QLD,SELL,134.51917369628038,2.8554245046866518,384.1093449225591,0.19205467246127955,141.51595069835813,PHASE7A_FIXED_weekly,PHASE7A_FIXED,weekly,after_tax
2013-12-16,TQQQ,BUY,319.47849249059726,1.111157207120736,354.9908294509951,0.17749541472549754,0.0,PHASE7A_FIXED_weekly,PHASE7A_FIXED,weekly,after_tax
2013-12-23,QLD,BUY,222.94760001021487,3.002224521275395,669.3387517101655,0.3346693758550828,0.0,PHASE7A_FIXED_weekly,PHASE7A_FIXED,weekly,after_tax
2013-12-23,TQQQ,SELL,608.9302313900147,1.1981927692922718,729.6158002549855,0.36480790012749276,293.2688716164857,PHASE7A_FIXED_weekly,PHASE7A_FIXED,weekly,after_tax
2013-12-30,QLD,BUY,16.42524873759259,3.014178439097202,49.508630601660116,0.024754315300830058,0.0,PHASE7A_FIXED_weekly,PHASE7A_FIXED,weekly,after_tax
2013-12-30,TQQQ,SELL,44.812263319074155,1.2052232027053833,54.008779517891526,0.027004389758945764,21.8970721690791,PHASE7A_FIXED_weekly,PHASE7A_FIXED,weekly,after_tax
2014-01-06,QLD,SELL,84.43012362236023,2.9636089736382116,250.21787201261031,0.12510893600630515,97.43305500318895,PHASE7A_FIXED_weekly,PHASE7A_FIXED,weekly,after_tax
2014-01-06,TQQQ,BUY,195.89745755398172,1.175023651424406,230.18414587983716,0.11509207293991858,0.0,PHASE7A_FIXED_weekly,PHASE7A_FIXED,weekly,after_tax
2014-01-13,QLD,BUY,54.76233041568824,2.99579069555701,164.0564799263375,0.08202823996316874,0.0,PHASE7A_FIXED_weekly,PHASE7A_FIXED,weekly,after_tax
2014-01-13,TQQQ,SELL,149.487583522021,1.1952224423184905,178.67091467347927,0.08933545733673964,71.09559955630927,PHASE7A_FIXED_weekly,PHASE7A_FIXED,weekly,after_tax
2014-01-21,QLD,BUY,102.66161733485217,3.0828278024051787,316.4880881597637,0.15824404407988185,0.0,PHASE7A_FIXED_weekly,PHASE7A_FIXED,weekly,after_tax
2014-01-21,TQQQ,SELL,278.44331847714875,1.2444338267787682,346.5042843534975,0.17325214217674875,146.1220773194753,PHASE7A_FIXED_weekly,PHASE7A_FIXED,weekly,after_tax
2014-01-27,QLD,SELL,203.47659296895998,2.964835712640941,603.2746695208771,0.3016373347604385,234.2138188287818,PHASE7A_FIXED_weekly,PHASE7A_FIXED,weekly,after_tax
2014-01-27,TQQQ,BUY,473.4263279241192,1.17254766936287,555.1149374224478,0.27755746871122394,0.0,PHASE7A_FIXED_weekly,PHASE7A_FIXED,weekly,after_tax
2014-02-03,QLD,SELL,86.96408089605497,2.919170613887869,253.86298941553105,0.12693149470776552,96.131659332997,PHASE7A_FIXED_weekly,PHASE7A_FIXED,weekly,after_tax
2014-02-03,TQQQ,BUY,204.5476416948194,1.1444271097653773,234.08986639412615,0.11704493319706308,0.0,PHASE7A_FIXED_weekly,PHASE7A_FIXED,weekly,after_tax
2014-02-10,QLD,BUY,10887.142099860364,2.990579052723181,32558.85910786307,16.279429553931536,0.0,PHASE7A_FIXED_weekly,PHASE7A_FIXED,weekly,after_tax
2014-02-10,TQQQ,SELL,29780.570997206552,1.1874003415130188,35361.460172535764,17.680730086267882,13628.554787263074,PHASE7A_FIXED_weekly,PHASE7A_FIXED,weekly,after_tax
2014-03-03,QLD,SELL,12236.632627846486,3.1671084273014936,38754.74231744502,19.37737115872251,13829.721933662699,PHASE7A_FIXED_weekly,PHASE7A_FIXED,weekly,after_tax
2014-03-03,TQQQ,BUY,27793.33388097597,1.2919609838008337,35907.90298397076,17.95395149198538,0.0,PHASE7A_FIXED_weekly,PHASE7A_FIXED,weekly,after_tax
2014-03-10,QLD,BUY,97.67003222635692,3.2388234882754663,316.3359944753465,0.15816799723767327,0.0,PHASE7A_FIXED_weekly,PHASE7A_FIXED,weekly,after_tax
2014-03-10,TQQQ,SELL,238.63361719437904,1.3355280406764232,318.70188721113664,0.1593509436055683,10.083060767710355,PHASE7A_FIXED_weekly,PHASE7A_FIXED,weekly,after_tax
2014-03-17,QLD,SELL,140.16298323957665,3.147187805687347,441.1192316603556,0.2205596158301778,155.2570945706283,PHASE7A_FIXED_weekly,PHASE7A_FIXED,weekly,after_tax
2014-03-17,TQQQ,BUY,319.92842620104966,1.2788910986520652,409.15361647428654,0.20457680823714328,0.0,PHASE7A_FIXED_weekly,PHASE7A_FIXED,weekly,after_tax
2014-03-24,QLD,BUY,29.79232767391021,3.1664957840750363,94.33727997721871,0.04716863998860936,0.0,PHASE7A_FIXED_weekly,PHASE7A_FIXED,weekly,after_tax
2014-03-24,TQQQ,SELL,73.14778693556029,1.2909709015887865,94.43166444942472,0.04721583222471236,-0.1559119311769126,PHASE7A_FIXED_weekly,PHASE7A_FIXED,weekly,after_tax
2014-03-31,QLD,SELL,182.85682073695378,3.0512611965608785,557.9439216411556,0.2789719608205778,184.8807584801461,PHASE7A_FIXED_weekly,PHASE7A_FIXED,weekly,after_tax
2014-03-31,TQQQ,BUY,426.03422270343987,1.220273232338035,519.8781580249488,0.25993907901247437,0.0,PHASE7A_FIXED_weekly,PHASE7A_FIXED,weekly,after_tax
2014-04-07,QLD,BUY,11007.023900642622,2.918251266868102,32121.26144249781,16.060630721248906,0.0,PHASE7A_FIXED_weekly,PHASE7A_FIXED,weekly,after_tax
2014-04-07,TQQQ,SELL,28227.51512575052,1.1390800298703385,32153.398772605335,16.076699386302668,-4315.031316582001,PHASE7A_FIXED_weekly,PHASE7A_FIXED,weekly,after_tax
2014-05-12,QLD,SELL,11502.626011759796,3.008048050975346,34600.451755772374,17.300225877886188,9146.949669088623,PHASE7A_FIXED_weekly,PHASE7A_FIXED,weekly,after_tax
2014-05-12,TQQQ,BUY,28289.00294974781,1.1872017899949578,33584.75493911324,16.79237746955662,0.0,PHASE7A_FIXED_weekly,PHASE7A_FIXED,weekly,after_tax
2014-05-19,QLD,BUY,0.7554804420258991,3.016322838225061,2.278772911115084,0.001139386455557542,0.0,PHASE7A_FIXED_weekly,PHASE7A_FIXED,weekly,after_tax
2014-05-19,TQQQ,SELL,1.9166484797478107,1.1905684450477378,2.2819012002364616,0.0011409506001182309,0.004174019435653742,PHASE7A_FIXED_weekly,PHASE7A_FIXED,weekly,after_tax
2014-05-27,QLD,BUY,286.63792472934404,3.2130796324172826,920.9904778262135,0.46049523891310673,0.0,PHASE7A_FIXED_weekly,PHASE7A_FIXED,weekly,after_tax
2014-05-27,TQQQ,SELL,717.4610059515086,1.3095854481727636,939.5764930254882,0.4697882465127441,86.90982876650261,PHASE7A_FIXED_weekly,PHASE7A_FIXED,weekly,after_tax
2014-06-02,QLD,BUY,106.93364918623219,3.293069380194802,352.139925847674,0.176069962923837,0.0,PHASE7A_FIXED_weekly,PHASE7A_FIXED,weekly,after_tax
2014-06-02,TQQQ,SELL,266.2444477642965,1.3585000792359487,361.69310338392825,0.18084655169196412,45.26832892776336,PHASE7A_FIXED_weekly,PHASE7A_FIXED,weekly,after_tax
2014-06-09,QLD,BUY,139.65691781434515,3.395432690204156,474.1956641599827,0.23709783207999136,0.0,PHASE7A_FIXED_weekly,PHASE7A_FIXED,weekly,after_tax
2014-06-09,TQQQ,SELL,345.1179818339066,1.4230578657123893,491.1228586475263,0.24556142932376315,80.94774908264489,PHASE7A_FIXED_weekly,PHASE7A_FIXED,weekly,after_tax
2014-06-16,QLD,SELL,73.3341399628802,3.3454766649757683,245.3376539918827,0.12266882699594135,82.1240011800954,PHASE7A_FIXED_weekly,PHASE7A_FIXED,weekly,after_tax
2014-06-16,TQQQ,BUY,164.16686297673724,1.3913726652297482,228.41728568234976,0.11420864284117488,0.0,PHASE7A_FIXED_weekly,PHASE7A_FIXED,weekly,after_tax
2014-06-23,QLD,BUY,71.30647079619303,3.4049321767298646,242.79369682300603,0.12139684841150301,0.0,PHASE7A_FIXED_weekly,PHASE7A_FIXED,weekly,after_tax
2014-06-23,TQQQ,SELL,176.20722248622985,1.4276127787073247,251.5556825218664,0.1257778412609332,41.913910948594165,PHASE7A_FIXED_weekly,PHASE7A_FIXED,weekly,after_tax
2014-06-30,QLD,BUY,96.72239790499219,3.47431529777931,336.04410667921184,0.16802205333960593,0.0,PHASE7A_FIXED_weekly,PHASE7A_FIXED,weekly,after_tax
2014-06-30,TQQQ,SELL,237.67707070693046,1.4728121421191083,350.053675640469,0.1750268378202345,67.27304981610571,PHASE7A_FIXED_weekly,PHASE7A_FIXED,weekly,after_tax
2014-07-07,QLD,BUY,162.7378453447823,3.6136802154261245,588.0825320235163,0.2940412660117581,0.0,PHASE7A_FIXED_weekly,PHASE7A_FIXED,weekly,after_tax
2014-07-07,TQQQ,SELL,396.3578986619159,1.5605543678476572,618.538049987772,0.309269024993886,146.94662896033807,PHASE7A_FIXED_weekly,PHASE7A_FIXED,weekly,after_tax
2014-07-14,QLD,BUY,1.4108787328668098,3.620434602307532,5.107994184130803,0.0025539970920654014,0.0,PHASE7A_FIXED_weekly,PHASE7A_FIXED,weekly,after_tax
2014-07-14,TQQQ,SELL,3.4368588708914087,1.5637240086101705,5.374298730617738,0.0026871493653088693,1.2850770369163478,PHASE7A_FIXED_weekly,PHASE7A_FIXED,weekly,after_tax
2014-07-21,QLD,BUY,11.612887347353972,3.63302056470564,42.18985854854691,0.021094929274273453,0.0,PHASE7A_FIXED_weekly,PHASE7A_FIXED,weekly,after_tax
2014-07-21,TQQQ,SELL,28.273028781965102,1.5712495623881213,44.42398410104943,0.022211992050524713,10.784241354661669,PHASE7A_FIXED_weekly,PHASE7A_FIXED,weekly,after_tax
2014-07-28,QLD,BUY,84.06417620960255,3.7020886962685684,311.2130365066987,0.15560651825334934,0.0,PHASE7A_FIXED_weekly,PHASE7A_FIXED,weekly,after_tax
2014-07-28,TQQQ,SELL,203.6285278219371,1.616607348652173,329.187374472167,0.1645936872360835,86.90198257455279,PHASE7A_FIXED_weekly,PHASE7A_FIXED,weekly,after_tax
2014-08-04,QLD,SELL,210.194674521155,3.555049050348329,747.2523780447082,0.3736261890223541,276.76571180607016,PHASE7A_FIXED_weekly,PHASE7A_FIXED,weekly,after_tax
2014-08-04,TQQQ,BUY,454.5203585464172,1.5187628677147547,690.3086431806951,0.34515432159034753,0.0,PHASE7A_FIXED_weekly,PHASE7A_FIXED,weekly,after_tax
2014-08-11,QLD,BUY,37.33708487144295,3.5777655337910415,133.5833353852795,0.06679166769263975,0.0,PHASE7A_FIXED_weekly,PHASE7A_FIXED,weekly,after_tax
2014-08-11,TQQQ,SELL,91.21269039664874,1.5350035904404336,140.01180725258746,0.07000590362629373,30.970584769932255,PHASE7A_FIXED_weekly,PHASE7A_FIXED,weekly,after_tax
2014-08-18,QLD,BUY,234.45776120579376,3.7763759719132777,885.4006558461406,0.4427003279230703,0.0,PHASE7A_FIXED_weekly,PHASE7A_FIXED,weekly,after_tax
2014-08-18,TQQQ,SELL,564.911133008436,1.6641425906438432,940.0926763682073,0.4700463381841037,264.7269202853555,PHASE7A_FIXED_weekly,PHASE7A_FIXED,weekly,after_tax
2014-08-25,QLD,BUY,143.71505027314365,3.9046903831698,561.1627747183084,0.28058138735915417,0.0,PHASE7A_FIXED_weekly,PHASE7A_FIXED,weekly,after_tax
2014-08-25,TQQQ,SELL,343.19244199574376,1.7493106707352304,600.3502008988362,0.3001751004494181,190.0402150760614,PHASE7A_FIXED_weekly,PHASE7A_FIXED,weekly,after_tax
2014-09-02,QLD,BUY,43.081962819227755,3.944290594561665,169.92778074313537,0.0849638903715677,0.0,PHASE7A_FIXED_weekly,PHASE7A_FIXED,weekly,after_tax
2014-09-02,TQQQ,SELL,102.59767803678633,1.7758515871716078,182.1982493817486,0.0910991246908743,59.534361917696415,PHASE7A_FIXED_weekly,PHASE7A_FIXED,weekly,after_tax
2014-09-08,QLD,SELL,14.758838705735805,3.9317047714842928,58.02739656090853,0.029013698280454265,24.75561679136766,PHASE7A_FIXED_weekly,PHASE7A_FIXED,weekly,after_tax
2014-09-08,TQQQ,BUY,29.952945548454462,1.7675326061638696,52.94280790754419,0.026471403953772097,0.0,PHASE7A_FIXED_weekly,PHASE7A_FIXED,weekly,after_tax
2014-09-15,QLD,SELL,35.613960224348816,3.905305029864297,139.08337799753645,0.06954168899876823,58.797054201616696,PHASE7A_FIXED_weekly,PHASE7A_FIXED,weekly,after_tax
2014-09-15,TQQQ,BUY,72.60331582545619,1.7493100755466315,127.00571189156472,0.06350285594578235,0.0,PHASE7A_FIXED_weekly,PHASE7A_FIXED,weekly,after_tax
2014-09-22,QLD,BUY,29.993991076084658,3.9332403583174833,117.97357620747061,0.05898678810373531,0.0,PHASE7A_FIXED_weekly,PHASE7A_FIXED,weekly,after_tax
2014-09-22,TQQQ,SELL,71.48165798867585,1.7679279955320815,126.37442432522948,0.06318721216261475,40.75153392811049,PHASE7A_FIXED_weekly,PHASE7A_FIXED,weekly,after_tax
2014-09-29,QLD,SELL,216.04694767433577,3.779446075757672,816.5377885671915,0.40826889428359575,329.2677741715489,PHASE7A_FIXED_weekly,PHASE7A_FIXED,weekly,after_tax
2014-09-29,TQQQ,BUY,450.751222722409,1.6613695125606291,748.8643391804362,0.37443216959021813,0.0,PHASE7A_FIXED_weekly,PHASE7A_FIXED,weekly,after_tax
2014-10-06,QLD,BUY,53.51497181360288,3.827026828691524,204.80323286732892,0.10240161643366447,0.0,PHASE7A_FIXED_weekly,PHASE7A_FIXED,weekly,after_tax
2014-10-06,TQQQ,SELL,128.63451553398755,1.6926641700146003,217.73503547156724,0.10886751773578363,62.61645813497394,PHASE7A_FIXED_weekly,PHASE7A_FIXED,weekly,after_tax
2014-10-13,QLD,BUY,10469.166616830154,3.5031706016553885,36675.2767159114,18.3376383579557,0.0,PHASE7A_FIXED_weekly,PHASE7A_FIXED,weekly,after_tax
2014-10-13,TQQQ,SELL,25782.64684704769,1.4795457246198058,38146.604911931725,19.073302455965862,7058.41622055838,PHASE7A_FIXED_weekly,PHASE7A_FIXED,weekly,after_tax
2014-11-17,QLD,SELL,12010.948457530809,4.166539199596304,50044.08757263288,25.02204378631644,20128.50618881657,PHASE7A_FIXED_weekly,PHASE7A_FIXED,weekly,after_tax
2014-11-17,TQQQ,BUY,24020.878197864797,1.9111293773460951,45907.00599359174,22.95350299679587,0.0,PHASE7A_FIXED_weekly,PHASE7A_FIXED,weekly,after_tax
2014-11-24,QLD,BUY,103.02104747468448,4.261087233893229,438.9816702166863,0.21949083510834316,0.0,PHASE7A_FIXED_weekly,PHASE7A_FIXED,weekly,after_tax
2014-11-24,TQQQ,SELL,223.6932735559211,1.9774810992184992,442.34922047914733,0.22117461023957366,14.407505868166814,PHASE7A_FIXED_weekly,PHASE7A_FIXED,weekly,after_tax
2014-12-01,QLD,BUY,133.18979228863572,4.389092925698782,584.5823751093412,0.2922911875546706,0.0,PHASE7A_FIXED_weekly,PHASE7A_FIXED,weekly,after_tax
2014-12-01,TQQQ,SELL,287.33716561188027,2.06799701112928,594.2123996717273,0.29710619983586367,44.502225818464765,PHASE7A_FIXED_weekly,PHASE7A_FIXED,weekly,after_tax
2014-12-08,QLD,SELL,75.80273191443248,4.339978222880609,328.982205743494,0.16449110287174698,139.42800341198725,PHASE7A_FIXED_weekly,PHASE7A_FIXED,weekly,after_tax
2014-12-08,TQQQ,BUY,148.05549363797698,2.0285822362643273,300.34274437534623,0.15017137218767312,0.0,PHASE7A_FIXED_weekly,PHASE7A_FIXED,weekly,after_tax
2014-12-15,QLD,SELL,178.34040319723294,4.178817999103117,745.2520868479041,0.37262604342395206,299.3039965844167,PHASE7A_FIXED_weekly,PHASE7A_FIXED,weekly,after_tax
2014-12-15,TQQQ,BUY,356.76609076202976,1.916476942762366,683.7339869048956,0.3418669934524478,0.0,PHASE7A_FIXED_weekly,PHASE7A_FIXED,weekly,after_tax
2014-12-22,QLD,BUY,11040.110935633835,4.281650165010174,47269.89280928724,23.634946404643618,0.0,PHASE7A_FIXED_weekly,PHASE7A_FIXED,weekly,after_tax
2014-12-22,TQQQ,SELL,24014.669343097004,1.9847491130953927,47663.093679990896,23.831546839995447,1701.8674745706442,PHASE7A_FIXED_weekly,PHASE7A_FIXED,weekly,after_tax
2015-02-23,QLD,SELL,11752.956044555236,4.607534795605177,54152.153926506435,27.076076963253218,20556.15423318846,PHASE7A_FIXED_weekly,PHASE7A_FIXED,weekly,after_tax
2015-02-23,TQQQ,BUY,22651.144120119145,2.2040446515989554,49924.13305054573,24.962066525272867,0.0,PHASE7A_FIXED_weekly,PHASE7A_FIXED,weekly,after_tax
2015-03-02,QLD,BUY,17.411797072890103,4.624734788922491,80.52494366065366,0.04026247183032683,0.0,PHASE7A_FIXED_weekly,PHASE7A_FIXED,weekly,after_tax
2015-03-02,TQQQ,SELL,36.39739642272273,2.216723114432778,80.68294995542237,0.040341474977711185,0.38101081935685877,PHASE7A_FIXED_weekly,PHASE7A_FIXED,weekly,after_tax
2015-03-09,QLD,SELL,86.49168972450384,4.539960658332593,392.6688686219568,0.1963344343109784,145.3725028170268,PHASE7A_FIXED_weekly,PHASE7A_FIXED,weekly,after_tax
2015-03-09,TQQQ,BUY,168.2782623105648,2.1557076112746962,362.7587308749644,0.1813793654374822,0.0,PHASE7A_FIXED_weekly,PHASE7A_FIXED,weekly,after_tax
2015-03-16,QLD,SELL,171.44958622103712,4.378093468951566,750.6223136887711,0.37531115684438554,260.4288677649805,PHASE7A_FIXED_weekly,PHASE7A_FIXED,weekly,after_tax
2015-03-16,TQQQ,BUY,341.6597462124019,2.040019023550085,696.992381854594,0.348496190927297,0.0,PHASE7A_FIXED_weekly,PHASE7A_FIXED,weekly,after_tax
2015-03-23,QLD,BUY,234.7287204422625,4.629342965925713,1086.639750880131,0.5433198754400655,0.0,PHASE7A_FIXED_weekly,PHASE7A_FIXED,weekly,after_tax
2015-03-23,TQQQ,SELL,491.4282357799925,2.215930271808422,1088.9707040862922,0.5444853520431462,6.119359973795435,PHASE7A_FIXED_weekly,PHASE7A_FIXED,weekly,after_tax
2015-03-30,QLD,SELL,204.36547854313503,4.4301993281197305,905.379805732664,0.452689902866332,319.10628408703684,PHASE7A_FIXED_weekly,PHASE7A_FIXED,weekly,after_tax
2015-03-30,TQQQ,BUY,404.9570119996441,2.0735060979790685,839.6808338006449,0.4198404169003225,0.0,PHASE7A_FIXED_weekly,PHASE7A_FIXED,weekly,after_tax
2015-04-06,QLD,SELL,156.47779555389792,4.2891463335903905,671.156163088308,0.33557808154415397,222.2714807542568,PHASE7A_FIXED_weekly,PHASE7A_FIXED,weekly,after_tax
2015-04-06,TQQQ,BUY,316.9459046619633,1.973060537349548,625.353456963072,0.312676728481536,0.0,PHASE7A_FIXED_weekly,PHASE7A_FIXED,weekly,after_tax
2015-04-13,QLD,BUY,273.65657471382525,4.565725370923395,1249.4407660909055,0.6247203830454527,0.0,PHASE7A_FIXED_weekly,PHASE7A_FIXED,weekly,after_tax
2015-04-13,TQQQ,SELL,577.0957062194342,2.167215625434398,1250.6908318898568,0.6253454159449284,-17.845636303484405,PHASE7A_FIXED_weekly,PHASE7A_FIXED,weekly,after_tax
2015-04-20,QLD,SELL,113.53196661809596,4.454169338832416,505.6906046876684,0.2528453023438342,178.7720780361262,PHASE7A_FIXED_weekly,PHASE7A_FIXED,weekly,after_tax
2015-04-20,TQQQ,BUY,226.30091499981535,2.087969012845931,472.5092980982954,0.2362546490491477,0.0,PHASE7A_FIXED_weekly,PHASE7A_FIXED,weekly,after_tax
2015-04-27,QLD,BUY,340.9733912987122,4.827860887949266,1646.1720996824733,0.8230860498412367,0.0,PHASE7A_FIXED_weekly,PHASE7A_FIXED,weekly,after_tax
2015-04-27,TQQQ,SELL,709.7036486973991,2.353645072479458,1670.3904956773258,0.835195247838663,111.05151216974102,PHASE7A_FIXED_weekly,PHASE7A_FIXED,weekly,after_tax
2015-05-04,QLD,SELL,146.7015446276451,4.691108057539869,688.1927980562905,0.34409639902814526,263.49714154596546,PHASE7A_FIXED_weekly,PHASE7A_FIXED,weekly,after_tax
2015-05-04,TQQQ,BUY,281.6758912407885,2.250821869885175,634.0022562241647,0.31700112811208236,0.0,PHASE7A_FIXED_weekly,PHASE7A_FIXED,weekly,after_tax
2015-05-11,QLD,SELL,57.9236713301073,4.631795061447061,268.2905748076737,0.13414528740383685,100.6053627697902,PHASE7A_FIXED_weekly,PHASE7A_FIXED,weekly,after_tax
2015-05-11,TQQQ,BUY,112.11366877053999,2.20842521221935,247.59465274726972,0.12379732637363486,0.0,PHASE7A_FIXED_weekly,PHASE7A_FIXED,weekly,after_tax
2015-05-18,QLD,BUY,51.385172473279106,4.681579242104753,240.56375680287601,0.12028187840143802,0.0,PHASE7A_FIXED_weekly,PHASE7A_FIXED,weekly,after_tax
2015-05-18,TQQQ,SELL,107.70400291541468,2.2454723290669243,241.846358276307,0.12092317913815351,5.126243740827963,PHASE7A_FIXED_weekly,PHASE7A_FIXED,weekly,after_tax
2015-05-26,QLD,BUY,58.576874698145936,4.75164645417625,278.33659895617166,0.13916829947808584,0.0,PHASE7A_FIXED_weekly,PHASE7A_FIXED,weekly,after_tax
2015-05-26,TQQQ,SELL,122.47081782984887,2.2946061485826554,281.0222916143175,0.14051114580715876,11.84353045983924,PHASE7A_FIXED_weekly,PHASE7A_FIXED,weekly,after_tax
2015-06-01,QLD,BUY,26.610620825519796,4.784836091338641,127.32745893887477,0.06366372946943738,0.0,PHASE7A_FIXED_weekly,PHASE7A_FIXED,weekly,after_tax
2015-06-01,TQQQ,SELL,55.57409404332975,2.3177865296430693,128.80888657074684,0.06440444328537342,6.661872799194834,PHASE7A_FIXED_weekly,PHASE7A_FIXED,weekly,after_tax
2015-06-08,QLD,SELL,122.95308658217209,4.664370964060142,573.4988069954561,0.28674940349772804,216.84334621075928,PHASE7A_FIXED_weekly,PHASE7A_FIXED,weekly,after_tax
2015-06-08,TQQQ,BUY,237.23426967774276,2.2294244612543532,528.8958838673716,0.2644479419336858,0.0,PHASE7A_FIXED_weekly,PHASE7A_FIXED,weekly,after_tax
2015-06-15,QLD,SELL,117.96958487604562,4.5506655106369625,536.8401211995806,0.2684200605997903,194.64723130182287,PHASE7A_FIXED_weekly,PHASE7A_FIXED,weekly,after_tax
2015-06-15,TQQQ,BUY,231.36145521506805,2.1472060904674724,496.78072573721147,0.24839036286860575,0.0,PHASE7A_FIXED_weekly,PHASE7A_FIXED,weekly,after_tax
2015-06-22,QLD,BUY,227.38490623665456,4.809421964831682,1093.589962525759,0.5467949812628795,0.0,PHASE7A_FIXED_weekly,PHASE7A_FIXED,weekly,after_tax
2015-06-22,TQQQ,SELL,475.35748658286377,2.3296725749969482,1107.4272998115775,0.5537136499057888,62.69667070967086,PHASE7A_FIXED_weekly,PHASE7A_FIXED,weekly,after_tax
2015-06-29,QLD,SELL,223.96868919509237,4.5764792653782065,1024.9880621952761,0.5124940310976381,373.0764432244068,PHASE7A_FIXED_weekly,PHASE7A_FIXED,weekly,after_tax
2015-06-29,TQQQ,BUY,438.3664623761734,2.163055490358006,948.2109832315982,0.4741054916157991,0.0,PHASE7A_FIXED_weekly,PHASE7A_FIXED,weekly,after_tax
2015-07-06,QLD,SELL,74.3008996163671,4.509486092271611,335.05887346327654,0.16752943673163828,118.7917581144267,PHASE7A_FIXED_weekly,PHASE7A_FIXED,weekly,after_tax
2015-07-06,TQQQ,BUY,146.9185357004594,2.114120557603214,310.6034966173029,0.15530174830865145,0.0,PHASE7A_FIXED_weekly,PHASE7A_FIXED,weekly,after_tax
2015-07-13,QLD,BUY,88.61454987609396,4.615814767459187,409.0283479298232,0.20451417396491162,0.0,PHASE7A_FIXED_weekly,PHASE7A_FIXED,weekly,after_tax
2015-07-13,TQQQ,SELL,187.27977164031947,2.186234943091079,409.43758089418407,0.20471879044709204,-1.9349870319264106,PHASE7A_FIXED_weekly,PHASE7A_FIXED,weekly,after_tax
2015-07-20,QLD,BUY,11008.0268259035,5.071864819835995,55831.22399411086,27.91561199705543,0.0,PHASE7A_FIXED_weekly,PHASE7A_FIXED,weekly,after_tax
2015-07-20,TQQQ,SELL,22793.945083152972,2.51689539013875,57369.975302863546,28.684987651431772,7297.778989514246,PHASE7A_FIXED_weekly,PHASE7A_FIXED,weekly,after_tax
2015-08-03,QLD,SELL,11433.207590733977,4.897928675218715,55999.03530838422,27.99951765419211,17656.049363761707,PHASE7A_FIXED_weekly,PHASE7A_FIXED,weekly,after_tax
2015-08-03,TQQQ,BUY,21906.217042887267,2.3900991323514877,52358.03034730823,26.179015173654115,0.0,PHASE7A_FIXED_weekly,PHASE7A_FIXED,weekly,after_tax
2015-08-10,QLD,SELL,83.20339732946732,4.808806338042727,400.10902442462975,0.20005451221231488,121.07759087405809,PHASE7A_FIXED_weekly,PHASE7A_FIXED,weekly,after_tax
2015-08-10,TQQQ,BUY,161.34950386526592,2.3249188010646913,375.12449507881684,0.18756224753940842,0.0,PHASE7A_FIXED_weekly,PHASE7A_FIXED,weekly,after_tax
2015-08-17,QLD,SELL,74.8093844054257,4.7418123145022575,354.73206021398073,0.17736603010699037,103.85334678362659,PHASE7A_FIXED_weekly,PHASE7A_FIXED,weekly,after_tax
2015-08-17,TQQQ,BUY,146.60384375388588,2.2734072527013827,333.2902416639845,0.16664512083199226,0.0,PHASE7A_FIXED_weekly,PHASE7A_FIXED,weekly,after_tax
2015-08-24,QLD,SELL,42601.311674920405,3.432666745387014,146236.10589636685,73.11805294818342,3397.3933554385894,PHASE7A_FIXED_weekly,PHASE7A_FIXED,weekly,after_tax
2015-08-24,TQQQ,SELL,22214.170390506413,1.4868782050520213,33029.76579695594,16.514882898477968,-20079.727392535606,PHASE7A_FIXED_weekly,PHASE7A_FIXED,weekly,after_tax
2015-10-12,QLD,BUY,40706.43703291782,4.399468694962183,179086.69540977123,89.54334770488562,0.0,PHASE7A_FIXED_weekly,PHASE7A_FIXED,weekly,after_tax
2015-11-02,QLD,SELL,8147.802391004155,4.976599485541127,40548.34918736204,20.274174593681018,4664.150460031573,PHASE7A_FIXED_weekly,PHASE7A_FIXED,weekly,after_tax
2015-11-02,TQQQ,BUY,16962.23667192668,2.3881179048314816,40507.82110221726,20.253910551108632,0.0,PHASE7A_FIXED_weekly,PHASE7A_FIXED,weekly,after_tax
2015-11-09,QLD,BUY,44.32302205399986,5.036831518695193,223.24759448540863,0.11162379724270431,0.0,PHASE7A_FIXED_weekly,PHASE7A_FIXED,weekly,after_tax
2015-11-09,TQQQ,SELL,91.83160191648997,2.4334863935258513,223.47095375946083,0.11173547687973041,3.944873170071341,PHASE7A_FIXED_weekly,PHASE7A_FIXED,weekly,after_tax
2015-11-16,QLD,BUY,7805.437507069539,4.632409496902468,36157.98283522765,18.078991417613828,0.0,PHASE7A_FIXED_weekly,PHASE7A_FIXED,weekly,after_tax
2015-11-16,TQQQ,SELL,16870.40507001019,2.1454232281855012,36194.15890609831,18.097079453049155,-4132.598841010606,PHASE7A_FIXED_weekly,PHASE7A_FIXED,weekly,after_tax
2015-11-23,QLD,SELL,8088.146317619823,5.039289653206947,40758.51205200545,20.379256026002725,4767.02323965416,PHASE7A_FIXED_weekly,PHASE7A_FIXED,weekly,after_tax
2015-11-23,TQQQ,BUY,16736.36878819696,2.4328917714660125,40717.77390902498,20.358886954512492,0.0,PHASE7A_FIXED_weekly,PHASE7A_FIXED,weekly,after_tax
2015-11-30,QLD,BUY,8.944545354904927,5.049125151231975,45.162128917785594,0.022581064458892797,0.0,PHASE7A_FIXED_weekly,PHASE7A_FIXED,weekly,after_tax
2015-11-30,TQQQ,SELL,18.51987636608164,2.441015952017404,45.2073136389954,0.022603656819497702,0.1053267351581945,PHASE7A_FIXED_weekly,PHASE7A_FIXED,weekly,after_tax
2015-12-07,QLD,BUY,8096.312736619425,5.094605531546941,41247.519653115276,20.623759826557638,0.0,PHASE7A_FIXED_weekly,PHASE7A_FIXED,weekly,after_tax
2015-12-07,TQQQ,SELL,16717.84891183088,2.469742849370174,41288.787806845256,20.64439390342263,575.0900002093512,PHASE7A_FIXED_weekly,PHASE7A_FIXED,weekly,after_tax
2016-01-11,QLD,SELL,40425.50613539171,4.215746027529573,170423.66690114996,85.21183345057499,-14715.498748566662,PHASE7A_FIXED_weekly,PHASE7A_FIXED,weekly,after_tax
2016-03-21,QLD,BUY,38871.09303636209,4.379947027582518,170253.32840349764,85.12666420174882,0.0,PHASE7A_FIXED_weekly,PHASE7A_FIXED,weekly,after_tax
2016-03-28,QLD,SELL,7780.439848530612,4.4051624608245925,34274.10154945083,17.137050774725417,162.01115362594157,PHASE7A_FIXED_weekly,PHASE7A_FIXED,weekly,after_tax
2016-03-28,TQQQ,BUY,17602.894547282023,1.9451258135085925,34239.84457638791,17.11992228819396,0.0,PHASE7A_FIXED_weekly,PHASE7A_FIXED,weekly,after_tax
2016-04-04,QLD,BUY,148.55740203607633,4.629632586230848,687.7661893920158,0.3438830946960079,0.0,PHASE7A_FIXED_weekly,PHASE7A_FIXED,weekly,after_tax
2016-04-04,TQQQ,SELL,328.91295788774204,2.093120028039378,688.4542996365053,0.34422714981825264,48.013099159382946,PHASE7A_FIXED_weekly,PHASE7A_FIXED,weekly,after_tax
2016-04-11,QLD,SELL,55.68395887796861,4.555833562751335,253.68684876311454,0.12684342438155727,9.479118007750046,PHASE7A_FIXED_weekly,PHASE7A_FIXED,weekly,after_tax
2016-04-11,TQQQ,BUY,124.14610135248167,2.0414115782408455,253.43328869441757,0.12671664434720878,0.0,PHASE7A_FIXED_weekly,PHASE7A_FIXED,weekly,after_tax
2016-04-18,QLD,BUY,47.67036517198914,4.6234829385361875,220.4031200464815,0.11020156002324075,0.0,PHASE7A_FIXED_weekly,PHASE7A_FIXED,weekly,after_tax
2016-04-18,TQQQ,SELL,105.68430540298795,2.0875723465458815,220.62363342318713,0.11031181671159357,14.768619020647291,PHASE7A_FIXED_weekly,PHASE7A_FIXED,weekly,after_tax
2016-04-25,QLD,SELL,108.62901705407693,4.480188765663077,486.6785018306982,0.2433392509153491,10.238676314306007,PHASE7A_FIXED_weekly,PHASE7A_FIXED,weekly,after_tax
2016-04-25,TQQQ,BUY,244.59774160474757,1.987720995936969,486.19206654652226,0.24309603327326113,0.0,PHASE7A_FIXED_weekly,PHASE7A_FIXED,weekly,after_tax
2016-05-02,QLD,SELL,31122.567979107498,4.257564817205552,132506.35044893617,66.25317522446808,-3991.75046943431,PHASE7A_FIXED_weekly,PHASE7A_FIXED,weekly,after_tax
2016-05-02,TQQQ,SELL,17537.04112694852,1.8462639247363741,32378.00637930318,16.18900318965159,-1789.3006145680029,PHASE7A_FIXED_weekly,PHASE7A_FIXED,weekly,after_tax
2016-05-31,QLD,BUY,28615.564554088658,4.605033867105126,131775.64389791127,65.88782194895563,0.0,PHASE7A_FIXED_weekly,PHASE7A_FIXED,weekly,after_tax
2016-05-31,TQQQ,BUY,15919.962862821541,2.06934596885354,32943.91097447782,16.47195548723891,0.0,PHASE7A_FIXED_weekly,PHASE7A_FIXED,weekly,after_tax
2016-06-06,QLD,SELL,10.557513928198636,4.600728468294781,48.572254883882124,0.02428612744194106,-0.094049289944501,PHASE7A_FIXED_weekly,PHASE7A_FIXED,weekly,after_tax
2016-06-06,TQQQ,BUY,23.514098841522376,2.0636005330250002,48.523706902968115,0.02426185345148406,0.0,PHASE7A_FIXED_weekly,PHASE7A_FIXED,weekly,after_tax
2016-06-13,QLD,SELL,93.5402189342006,4.439601034137069,415.2812527136848,0.2076406263568424,-15.89764197915813,PHASE7A_FIXED_weekly,PHASE7A_FIXED,weekly,after_tax
2016-06-13,TQQQ,BUY,211.79652605548617,1.9587959572536524,414.86617899785415,0.20743308949892708,0.0,PHASE7A_FIXED_weekly,PHASE7A_FIXED,weekly,after_tax
2016-06-20,QLD,SELL,28511.46682122626,4.412542996675287,125808.07324694174,62.90403662347087,-5616.749237429066,PHASE7A_FIXED_weekly,PHASE7A_FIXED,weekly,after_tax
2016-06-20,TQQQ,SELL,16155.27348771855,1.9393802365216821,31331.218117684064,15.665609058842032,-2108.4520021836015,PHASE7A_FIXED_weekly,PHASE7A_FIXED,weekly,after_tax
2016-07-05,QLD,BUY,35836.13419732844,4.38055705839344,156982.23060364166,78.49111530182083,0.0,PHASE7A_FIXED_weekly,PHASE7A_FIXED,weekly,after_tax
2016-08-01,QLD,SELL,7172.962341587896,5.025425873905194,36047.1905439634,18.0235952719817,4591.885348250705,PHASE7A_FIXED_weekly,PHASE7A_FIXED,weekly,after_tax
2016-08-01,TQQQ,BUY,15364.83435529599,2.3437389909507877,36011.16136800742,18.00558068400371,0.0,PHASE7A_FIXED_weekly,PHASE7A_FIXED,weekly,after_tax
2016-08-08,QLD,BUY,75.72265489752492,5.156493055209271,390.4633441010956,0.19523167205054778,0.0,PHASE7A_FIXED_weekly,PHASE7A_FIXED,weekly,after_tax
2016-08-08,TQQQ,SELL,160.40583453983663,2.436657019962877,390.8540027744966,0.1954270013872483,14.521192281700163,PHASE7A_FIXED_weekly,PHASE7A_FIXED,weekly,after_tax
2016-08-15,QLD,BUY,20.98822922346277,5.200794927022488,109.15547607257031,0.054577738036285156,0.0,PHASE7A_FIXED_weekly,PHASE7A_FIXED,weekly,after_tax
2016-08-15,TQQQ,SELL,44.298182567521145,2.4665726632714584,109.26468615365593,0.05463234307682797,5.3347644099674305,PHASE7A_FIXED_weekly,PHASE7A_FIXED,weekly,after_tax
2016-08-22,QLD,SELL,14.002367298096432,5.174951733590464,72.46157492365455,0.03623078746182728,11.019499407410331,PHASE7A_FIXED_weekly,PHASE7A_FIXED,weekly,after_tax
2016-08-22,TQQQ,BUY,29.56655030959455,2.4483461480429956,72.38914956141525,0.036194574780707624,0.0,PHASE7A_FIXED_weekly,PHASE7A_FIXED,weekly,after_tax
2016-08-29,QLD,SELL,13.672572075426528,5.150339082887622,70.41838232366717,0.03520919116183359,10.423609150716022,PHASE7A_FIXED_weekly,PHASE7A_FIXED,weekly,after_tax
2016-08-29,TQQQ,BUY,28.938941666121963,2.4309112594572135,70.34799913295137,0.03517399956647569,0.0,PHASE7A_FIXED_weekly,PHASE7A_FIXED,weekly,after_tax
2016-09-06,QLD,BUY,27.04587936250808,5.190950395944928,140.3938181854901,0.07019690909274505,0.0,PHASE7A_FIXED_weekly,PHASE7A_FIXED,weekly,after_tax
2016-09-06,TQQQ,SELL,57.090159874587705,2.461620050537492,140.53428223567607,0.07026714111783804,6.571602868272018,PHASE7A_FIXED_weekly,PHASE7A_FIXED,weekly,after_tax
2016-09-12,QLD,SELL,186.34238086748707,4.86851615922151,907.21089240117,0.453605446200585,89.43160888088453,PHASE7A_FIXED_weekly,PHASE7A_FIXED,weekly,after_tax
2016-09-12,TQQQ,BUY,405.6900396777059,2.233981725574329,906.3041348875195,0.45315206744375974,0.0,PHASE7A_FIXED_weekly,PHASE7A_FIXED,weekly,after_tax
2016-09-19,QLD,BUY,196.35604589427544,5.232177424013039,1027.369670396496,0.513684835198248,0.0,PHASE7A_FIXED_weekly,PHASE7A_FIXED,weekly,after_tax
2016-09-19,TQQQ,SELL,414.10653784602795,2.483412986807347,1028.397554008654,0.514198777004327,57.87661672027285,PHASE7A_FIXED_weekly,PHASE7A_FIXED,weekly,after_tax
2016-09-26,QLD,SELL,0.5846313884700283,5.237716282530616,3.0621333426679485,0.0015310666713339743,0.4929348933616845,PHASE7A_FIXED_weekly,PHASE7A_FIXED,weekly,after_tax
2016-09-26,TQQQ,BUY,1.2306241770589141,2.485789566514749,3.059072739633848,0.001529536369816924,0.0,PHASE7A_FIXED_weekly,PHASE7A_FIXED,weekly,after_tax
2016-10-03,QLD,BUY,7238.11359078554,5.310325534770665,38436.73942471904,19.218369712359518,0.0,PHASE7A_FIXED_weekly,PHASE7A_FIXED,weekly,after_tax
2016-10-03,TQQQ,SELL,15154.359796298495,2.538886228735653,38475.19539212748,19.23759769606374,2958.076262870005,PHASE7A_FIXED_weekly,PHASE7A_FIXED,weekly,after_tax
2016-10-10,QLD,SELL,7207.122077108425,5.35401465397999,38587.037213861215,19.293518606930608,5580.095733614593,PHASE7A_FIXED_weekly,PHASE7A_FIXED,weekly,after_tax
2016-10-10,TQQQ,BUY,14995.989901192996,2.570585184073603,38548.46946052409,19.274234730262044,0.0,PHASE7A_FIXED_weekly,PHASE7A_FIXED,weekly,after_tax
2016-10-17,QLD,SELL,101.05365590491756,5.178643387971311,523.3208469823294,0.2616604234911647,60.52748658719883,PHASE7A_FIXED_weekly,PHASE7A_FIXED,weekly,after_tax
2016-10-17,TQQQ,BUY,214.01592211050846,2.4427985661510285,522.7977876650402,0.26139889383252013,0.0,PHASE7A_FIXED_weekly,PHASE7A_FIXED,weekly,after_tax
2016-10-24,QLD,BUY,88.691521219125,5.338014959924156,473.43666708612,0.23671833354306002,0.0,PHASE7A_FIXED_weekly,PHASE7A_FIXED,weekly,after_tax
2016-10-24,TQQQ,SELL,185.3446103156558,2.5569146023876628,473.9103405899514,0.2369551702949757,-2.675520111674043,PHASE7A_FIXED_weekly,PHASE7A_FIXED,weekly,after_tax
2016-10-31,QLD,SELL,64.29370619861416,5.210024691103474,334.9717967773322,0.1674858983886661,40.37496141313254,PHASE7A_FIXED_weekly,PHASE7A_FIXED,weekly,after_tax
2016-10-31,TQQQ,BUY,135.60348973093224,2.4677609185924814,334.6369923827515,0.16731849619137576,0.0,PHASE7A_FIXED_weekly,PHASE7A_FIXED,weekly,after_tax
2016-11-07,QLD,SELL,112.77137347585953,5.02542720063857,566.7243277189555,0.2833621638594777,50.010912070653575,PHASE7A_FIXED_weekly,PHASE7A_FIXED,weekly,after_tax
2016-11-07,TQQQ,BUY,242.60775472619628,2.3336347481999473,566.1578866118216,0.2830789433059108,0.0,PHASE7A_FIXED_weekly,PHASE7A_FIXED,weekly,after_tax
2016-11-14,QLD,BUY,8.147533032909932,5.056194026797675,41.19550785413594,0.02059775392706797,0.0,PHASE7A_FIXED_weekly,PHASE7A_FIXED,weekly,after_tax
2016-11-14,TQQQ,SELL,17.538081680349336,2.3512676426965347,41.236723969974264,0.020618361984987132,-3.777421610063876,PHASE7A_FIXED_weekly,PHASE7A_FIXED,weekly,after_tax
2016-11-21,QLD,BUY,7246.366161568983,5.206948772820019,37731.45739238613,18.865728696193067,0.0,PHASE7A_FIXED_weekly,PHASE7A_FIXED,weekly,after_tax
2016-11-21,TQQQ,SELL,15385.334375764625,2.454883774540502,37769.207724944805,18.884603862472403,-1720.3826044155744,PHASE7A_FIXED_weekly,PHASE7A_FIXED,weekly,after_tax
2016-12-12,QLD,SELL,7178.692225219821,5.317707758193007,38174.18733973126,19.08709366986563,4365.9767148863475,PHASE7A_FIXED_weekly,PHASE7A_FIXED,weekly,after_tax
2016-12-12,TQQQ,BUY,15071.347046126399,2.5303665367952664,38136.032229946424,19.06801611497321,0.0,PHASE7A_FIXED_weekly,PHASE7A_FIXED,weekly,after_tax
2016-12-19,QLD,BUY,59.51162380073531,5.416778091093362,322.3612599692133,0.16118062998460664,0.0,PHASE7A_FIXED_weekly,PHASE7A_FIXED,weekly,after_tax
2016-12-19,TQQQ,SELL,123.90586442822666,2.604265617123467,322.68378249039233,0.16134189124519616,8.838423910740477,PHASE7A_FIXED_weekly,PHASE7A_FIXED,weekly,after_tax
2016-12-27,QLD,BUY,26.50665409978399,5.480086680153014,145.2587620676495,0.07262938103382476,0.0,PHASE7A_FIXED_weekly,PHASE7A_FIXED,weekly,after_tax
2016-12-27,TQQQ,SELL,54.93455834946045,2.6468601525911613,145.40409349538095,0.07270204674769047,6.257321003450962,PHASE7A_FIXED_weekly,PHASE7A_FIXED,weekly,after_tax
2017-01-03,QLD,SELL,61.23955310121671,5.3735643682520084,329.0746804723749,0.16453734023618746,40.52988970125278,PHASE7A_FIXED_weekly,PHASE7A_FIXED,weekly,after_tax
2017-01-03,TQQQ,BUY,128.02566037621514,2.5678115565344943,328.74577024700557,0.1643728851235028,0.0,PHASE7A_FIXED_weekly,PHASE7A_FIXED,weekly,after_tax
2017-01-09,QLD,BUY,135.9125774674346,5.614935571025934,763.1403657717165,0.38157018288585826,0.0,PHASE7A_FIXED_weekly,PHASE7A_FIXED,weekly,after_tax
2017-01-09,TQQQ,SELL,278.11574363566245,2.746712134712095,763.9038878985521,0.38195194394927606,59.34649026527742,PHASE7A_FIXED_weekly,PHASE7A_FIXED,weekly,after_tax
2017-01-17,QLD,BUY,31.446094856188594,5.687590751598305,178.85251827794127,0.08942625913897063,0.0,PHASE7A_FIXED_weekly,PHASE7A_FIXED,weekly,after_tax
2017-01-17,TQQQ,SELL,63.9985373900652,2.797430497137292,179.03146026714967,0.08951573013357483,16.900781383189752,PHASE7A_FIXED_weekly,PHASE7A_FIXED,weekly,after_tax
2017-01-23,QLD,BUY,10.824738792295188,5.717147628024228,61.88662971035228,0.03094331485517614,0.0,PHASE7A_FIXED_weekly,PHASE7A_FIXED,weekly,after_tax
2017-01-23,TQQQ,SELL,21.98907236155304,2.8172424138790846,61.94854729882354,0.03097427364941177,6.242318442046239,PHASE7A_FIXED_weekly,PHASE7A_FIXED,weekly,after_tax
2017-01-30,QLD,BUY,102.86123179518893,5.922805130704926,609.2270314271736,0.3046135157135868,0.0,PHASE7A_FIXED_weekly,PHASE7A_FIXED,weekly,after_tax
2017-01-30,TQQQ,SELL,205.2917395476668,2.970585005359575,609.8365632244822,0.3049182816122411,89.74301197107496,PHASE7A_FIXED_weekly,PHASE7A_FIXED,weekly,after_tax
2017-02-06,QLD,BUY,9.954311142681217,5.925267690489681,58.98195819481043,0.029490979097405216,0.0,PHASE7A_FIXED_weekly,PHASE7A_FIXED,weekly,after_tax
2017-02-06,TQQQ,SELL,19.832864186573463,2.976926030618418,59.04096965873032,0.02952048482936516,8.79560811683464,PHASE7A_FIXED_weekly,PHASE7A_FIXED,weekly,after_tax
2017-02-13,QLD,BUY,101.08195117074762,6.146934137355129,621.3440963219327,0.3106720481609664,0.0,PHASE7A_FIXED_weekly,PHASE7A_FIXED,weekly,after_tax
2017-02-13,TQQQ,SELL,197.94234463728137,3.142156128267635,621.9657512456979,0.31098287562284893,120.47444346784128,PHASE7A_FIXED_weekly,PHASE7A_FIXED,weekly,after_tax
2017-02-21,QLD,BUY,106.23811120683904,6.3655219066817015,676.2610242116207,0.33813051210581035,0.0,PHASE7A_FIXED_weekly,PHASE7A_FIXED,weekly,after_tax
2017-02-21,TQQQ,SELL,204.30729536951367,3.3133306488696763,676.9376235354794,0.3384688117677397,159.3030862103148,PHASE7A_FIXED_weekly,PHASE7A_FIXED,weekly,after_tax
2017-02-27,QLD,SELL,5.969215310934981,6.3605958199685535,37.96776595522533,0.018983882977612665,9.711798064605087,PHASE7A_FIXED_weekly,PHASE7A_FIXED,weekly,after_tax
2017-02-27,TQQQ,BUY,11.468214967652228,3.307386308219195,37.92981716372742,0.018964908581863713,0.0,PHASE7A_FIXED_weekly,PHASE7A_FIXED,weekly,after_tax
2017-03-06,QLD,BUY,15.214697686648236,6.411701361317262,97.55209786951309,0.048776048934756545,0.0,PHASE7A_FIXED_weekly,PHASE7A_FIXED,weekly,after_tax
2017-03-06,TQQQ,SELL,29.21324092658754,3.342652019101876,97.6496987677674,0.048824849383883706,23.615835965468833,PHASE7A_FIXED_weekly,PHASE7A_FIXED,weekly,after_tax
2017-03-13,QLD,BUY,34.369365237345335,6.48374253253472,222.8421152055962,0.11142105760279811,0.0,PHASE7A_FIXED_weekly,PHASE7A_FIXED,weekly,after_tax
2017-03-13,TQQQ,SELL,65.60532476209242,3.4001061591641935,223.06506879755761,0.1115325343987788,56.80242503814061,PHASE7A_FIXED_weekly,PHASE7A_FIXED,weekly,after_tax
2017-03-20,QLD,BUY,29.610295221319575,6.539776432852064,193.64471085817786,0.09682235542908893,0.0,PHASE7A_FIXED_weekly,PHASE7A_FIXED,weekly,after_tax
2017-03-20,TQQQ,SELL,56.236216954972186,3.4468615233311923,193.83845243979886,0.09691922621989943,51.31849099797587,PHASE7A_FIXED_weekly,PHASE7A_FIXED,weekly,after_tax
2017-03-27,QLD,SELL,92.69701742349136,6.343906905908513,588.0612489900086,0.29403062449500433,148.82786908103085,PHASE7A_FIXED_weekly,PHASE7A_FIXED,weekly,after_tax
2017-03-27,TQQQ,BUY,178.52292472981304,3.290745334325408,587.4734816247583,0.29373674081237916,0.0,PHASE7A_FIXED_weekly,PHASE7A_FIXED,weekly,after_tax
2017-04-03,QLD,BUY,125.02838353890058,6.616113662910593,827.201996583346,0.413600998291673,0.0,PHASE7A_FIXED_weekly,PHASE7A_FIXED,weekly,after_tax
2017-04-03,TQQQ,SELL,236.208362123334,3.50550507587653,828.0296123878288,0.4140148061939144,227.12015867479963,PHASE7A_FIXED_weekly,PHASE7A_FIXED,weekly,after_tax
2017-04-10,QLD,SELL,16.449131259543805,6.575467675706307,108.16073089058045,0.05408036544529023,30.08445803110966,PHASE7A_FIXED_weekly,PHASE7A_FIXED,weekly,after_tax
2017-04-10,TQQQ,BUY,31.10142049878939,3.474202222283895,108.05262421307998,0.05402631210653999,0.0,PHASE7A_FIXED_weekly,PHASE7A_FIXED,weekly,after_tax
2017-04-17,QLD,SELL,64.29309974247032,6.4405957058687155,414.08586211834336,0.20704293105917168,108.92115759441772,PHASE7A_FIXED_weekly,PHASE7A_FIXED,weekly,after_tax
2017-04-17,TQQQ,BUY,122.91057682013445,3.365633730619098,413.67198319569434,0.20683599159784719,0.0,PHASE7A_FIXED_weekly,PHASE7A_FIXED,weekly,after_tax
2017-04-24,QLD,BUY,140.52733072281345,6.756529368809768,949.4770371491322,0.4747385185745661,0.0,PHASE7A_FIXED_weekly,PHASE7A_FIXED,weekly,after_tax
2017-04-24,TQQQ,SELL,262.86414334317453,3.615658556828978,950.426989162268,0.475213494581134,279.239417507855,PHASE7A_FIXED_weekly,PHASE7A_FIXED,weekly,after_tax
2017-05-01,QLD,BUY,101.36013985675135,7.002870669988695,709.8119505087961,0.3549059752543981,0.0,PHASE7A_FIXED_weekly,PHASE7A_FIXED,weekly,after_tax
2017-05-01,TQQQ,SELL,186.38151803013943,3.8121919225269503,710.5221175428087,0.35526105877140435,234.60413467072772,PHASE7A_FIXED_weekly,PHASE7A_FIXED,weekly,after_tax
2017-05-08,QLD,BUY,52.184666728215355,7.117417250698618,371.4200471933582,0.1857100235966791,0.0,PHASE7A_FIXED_weekly,PHASE7A_FIXED,weekly,after_tax
2017-05-08,TQQQ,SELL,95.11477946901293,3.9088736274107685,371.79165304341586,0.18589582652170794,128.9151520162115,PHASE7A_FIXED_weekly,PHASE7A_FIXED,weekly,after_tax
2017-05-15,QLD,BUY,41.10583351317896,7.225809480688159,297.0229215111176,0.1485114607555588,0.0,PHASE7A_FIXED_weekly,PHASE7A_FIXED,weekly,after_tax
2017-05-15,TQQQ,SELL,74.40356151858107,3.996046519145181,297.3200930183302,0.14866004650916512,107.326642552963,PHASE7A_FIXED_weekly,PHASE7A_FIXED,weekly,after_tax
2017-05-22,QLD,SELL,30.384753268677663,7.162992031920372,217.64574555540457,0.10882287277770229,72.65526629540464,PHASE7A_FIXED_weekly,PHASE7A_FIXED,weekly,after_tax
2017-05-22,TQQQ,BUY,55.171236401631006,3.9409703816585977,217.42820857831248,0.10871410428915625,0.0,PHASE7A_FIXED_weekly,PHASE7A_FIXED,weekly,after_tax
2017-05-30,QLD,BUY,121.02902750169102,7.472150453646138,904.3471027511114,0.4521735513755557,0.0,PHASE7A_FIXED_weekly,PHASE7A_FIXED,weekly,after_tax
2017-05-30,TQQQ,SELL,215.77489148537262,4.195353296307422,905.2519022535344,0.4526259511267672,353.0036779461908,PHASE7A_FIXED_weekly,PHASE7A_FIXED,weekly,after_tax
2017-06-05,QLD,BUY,92.63560100357472,7.718492072190833,715.0071519487246,0.35750357597436233,0.0,PHASE7A_FIXED_weekly,PHASE7A_FIXED,weekly,after_tax
2017-06-05,TQQQ,SELL,162.6126232846851,4.401395797729492,715.722516782982,0.357861258391491,299.5195627616561,PHASE7A_FIXED_weekly,PHASE7A_FIXED,weekly,after_tax
2017-06-12,QLD,BUY,7179.684680051215,7.220265952381607,51839.23284420962,25.91961642210481,0.0,PHASE7A_FIXED_weekly,PHASE7A_FIXED,weekly,after_tax
2017-06-12,TQQQ,SELL,13043.81439811668,3.978214993394017,51891.09800963653,25.945549004818265,18508.540293621783,PHASE7A_FIXED_weekly,PHASE7A_FIXED,weekly,after_tax
2017-06-19,QLD,SELL,7710.338148550494,7.320650261606718,56444.68898426244,28.22234449213122,15845.437296624807,PHASE7A_FIXED_weekly,PHASE7A_FIXED,weekly,after_tax
2017-06-19,TQQQ,BUY,13158.957445373475,4.064198626801665,53480.61677962842,26.74030838981421,0.0,PHASE7A_FIXED_weekly,PHASE7A_FIXED,weekly,after_tax
2017-06-26,QLD,BUY,95.01136691278951,7.585915126366153,720.7481654404546,0.3603740827202273,0.0,PHASE7A_FIXED_weekly,PHASE7A_FIXED,weekly,after_tax
2017-06-26,TQQQ,SELL,170.2614768987031,4.280543802042788,728.811709665395,0.3644058548326975,36.124854971325234,PHASE7A_FIXED_weekly,PHASE7A_FIXED,weekly,after_tax
2017-07-03,QLD,BUY,7120.843544828101,7.176964264944985,51106.03965749545,25.553019828747725,0.0,PHASE7A_FIXED_weekly,PHASE7A_FIXED,weekly,after_tax
2017-07-03,TQQQ,SELL,12988.695968474773,3.938591786821451,51157.17126295563,25.578585631477814,-1683.4419618548516,PHASE7A_FIXED_weekly,PHASE7A_FIXED,weekly,after_tax
2017-07-24,QLD,SELL,7597.259539474192,7.783616917139101,59134.15787534774,29.56707893767387,16233.836165564348,PHASE7A_FIXED_weekly,PHASE7A_FIXED,weekly,after_tax
2017-07-24,TQQQ,BUY,12642.518703412048,4.439037759922617,56120.61790497401,28.060308952487006,0.0,PHASE7A_FIXED_weekly,PHASE7A_FIXED,weekly,after_tax
2017-07-31,QLD,BUY,5.159466859787752,7.794703143348245,40.21651254998869,0.020108256274994348,0.0,PHASE7A_FIXED_weekly,PHASE7A_FIXED,weekly,after_tax
2017-07-31,TQQQ,SELL,9.05022323855742,4.449340643559765,40.26752608860261,0.020133763044301305,0.053022492526922156,PHASE7A_FIXED_weekly,PHASE7A_FIXED,weekly,after_tax
2017-08-07,QLD,SELL,17.541267688854635,7.754052922593373,136.01591798875597,0.06800795899437799,36.957114325103,PHASE7A_FIXED_weekly,PHASE7A_FIXED,weekly,after_tax
2017-08-07,TQQQ,BUY,29.088518441897907,4.413283700539122,128.37588431245968,0.06418794215622983,0.0,PHASE7A_FIXED_weekly,PHASE7A_FIXED,weekly,after_tax
2017-08-14,QLD,SELL,40.734804494895855,7.671525025909822,312.4980721081374,0.1562490360540687,82.46272987601233,PHASE7A_FIXED_weekly,PHASE7A_FIXED,weekly,after_tax
2017-08-14,TQQQ,BUY,68.12421039241623,4.3368106125081844,295.44179859857104,0.14772089929928553,0.0,PHASE7A_FIXED_weekly,PHASE7A_FIXED,weekly,after_tax
2017-08-21,QLD,SELL,88.080969843568,7.457194450602668,656.8369195211562,0.3284184597605781,159.44036175052702,PHASE7A_FIXED_weekly,PHASE7A_FIXED,weekly,after_tax
2017-08-21,TQQQ,BUY,150.1791407554627,4.153747885955635,623.8062884276369,0.3119031442138185,0.0,PHASE7A_FIXED_weekly,PHASE7A_FIXED,weekly,after_tax
2017-08-28,QLD,BUY,39.991653923550096,7.572981535169841,302.8560567239474,0.1514280283619737,0.0,PHASE7A_FIXED_weekly,PHASE7A_FIXED,weekly,after_tax
2017-08-28,TQQQ,SELL,71.37090188923592,4.247656345367432,303.1590642844094,0.1515795321422047,-13.688779117607568,PHASE7A_FIXED_weekly,PHASE7A_FIXED,weekly,after_tax
2017-09-05,QLD,BUY,7303.745013677594,7.903099728500219,57722.22523463023,28.861112617315115,0.0,PHASE7A_FIXED_weekly,PHASE7A_FIXED,weekly,after_tax
2017-09-05,TQQQ,SELL,12809.489447874033,4.52858728196827,58008.8910021491,29.004445501074553,1139.9511931000945,PHASE7A_FIXED_weekly,PHASE7A_FIXED,weekly,after_tax
2017-09-11,QLD,SELL,7487.581230049227,7.876000433239346,58972.19301178251,29.486096505891254,13237.166354433468,PHASE7A_FIXED_weekly,PHASE7A_FIXED,weekly,after_tax
2017-09-11,TQQQ,BUY,12483.393636007582,4.504020739702974,56225.46383845427,28.112731919227137,0.0,PHASE7A_FIXED_weekly,PHASE7A_FIXED,weekly,after_tax
2017-09-18,QLD,BUY,31.79525451968126,7.965919650916246,253.27844278421253,0.12663922139210626,0.0,PHASE7A_FIXED_weekly,PHASE7A_FIXED,weekly,after_tax
2017-09-18,TQQQ,SELL,55.52372745316594,4.580889748924834,254.34807391230424,0.12717403695615212,4.015839870675986,PHASE7A_FIXED_weekly,PHASE7A_FIXED,weekly,after_tax
2017-09-25,QLD,SELL,89.92442335009116,7.731882274453167,695.2850549409923,0.3476425274704961,145.83598020135994,PHASE7A_FIXED_weekly,PHASE7A_FIXED,weekly,after_tax
2017-09-25,TQQQ,BUY,151.86278024732707,4.3788105471311685,664.9783438636587,0.33248917193182936,0.0,PHASE7A_FIXED_weekly,PHASE7A_FIXED,weekly,after_tax
2017-10-02,QLD,BUY,70.55247008635638,7.936358197549608,559.929674327228,0.279964837163614,0.0,PHASE7A_FIXED_weekly,PHASE7A_FIXED,weekly,after_tax
2017-10-02,TQQQ,SELL,123.41322112036843,4.550380794232349,561.5771511404746,0.2807885755702373,5.349364512066246,PHASE7A_FIXED_weekly,PHASE7A_FIXED,weekly,after_tax
2017-10-09,QLD,BUY,77.53821160811708,8.174088862294116,633.8042319081142,0.3169021159540571,0.0,PHASE7A_FIXED_weekly,PHASE7A_FIXED,weekly,after_tax
2017-10-09,TQQQ,SELL,134.9485389282646,4.750876058912164,641.1237827794685,0.32056189138973423,32.8923793453238,PHASE7A_FIXED_weekly,PHASE7A_FIXED,weekly,after_tax
2017-10-16,QLD,BUY,37.072955471214314,8.25908428809845,306.1886640456796,0.1530943320228398,0.0,PHASE7A_FIXED_weekly,PHASE7A_FIXED,weekly,after_tax
2017-10-16,TQQQ,SELL,64.31206443321243,4.83170831108246,310.7371362248232,0.1553685681124116,20.87132305731766,PHASE7A_FIXED_weekly,PHASE7A_FIXED,weekly,after_tax
2017-10-23,QLD,BUY,5.8841422410951125,8.291110048459407,48.78607086170814,0.02439303543085407,0.0,PHASE7A_FIXED_weekly,PHASE7A_FIXED,weekly,after_tax
2017-10-23,TQQQ,SELL,10.206486230331024,4.855482173197868,49.557411942361796,0.024778705971180898,3.5548576876437896,PHASE7A_FIXED_weekly,PHASE7A_FIXED,weekly,after_tax
2017-10-30,QLD,BUY,197.3177462067468,8.325600545044653,1642.7887353658734,0.8213943676829367,0.0,PHASE7A_FIXED_weekly,PHASE7A_FIXED,weekly,after_tax
2017-10-30,TQQQ,SELL,333.09144184478606,5.046470124784721,1680.93601009118,0.8404680050455899,179.59838716552972,PHASE7A_FIXED_weekly,PHASE7A_FIXED,weekly,after_tax
2017-11-06,QLD,SELL,57.13911130483849,8.743174543520157,499.57722339982865,0.24978861169991434,148.79617749681668,PHASE7A_FIXED_weekly,PHASE7A_FIXED,weekly,after_tax
2017-11-06,TQQQ,BUY,89.31205597119877,5.249739844210151,468.8650588003293,0.23443252940016465,0.0,PHASE7A_FIXED_weekly,PHASE7A_FIXED,weekly,after_tax
2017-11-13,QLD,SELL,0.03293518654819815,8.733318574306209,0.2876334764296189,0.00014381673821480944,0.0854421989202352,PHASE7A_FIXED_weekly,PHASE7A_FIXED,weekly,after_tax
2017-11-13,TQQQ,BUY,0.05148888507319153,5.243793454619734,0.26999707853246946,0.00013499853926623472,0.0,PHASE7A_FIXED_weekly,PHASE7A_FIXED,weekly,after_tax
2017-11-20,QLD,BUY,21.534450614771476,8.838020873280891,190.32192402798682,0.09516096201399342,0.0,PHASE7A_FIXED_weekly,PHASE7A_FIXED,weekly,after_tax
2017-11-20,TQQQ,SELL,36.909872115608316,5.327005085176363,196.61907645305473,0.09830953822652737,30.045197759343917,PHASE7A_FIXED_weekly,PHASE7A_FIXED,weekly,after_tax
2017-11-27,QLD,BUY,79.17376397341337,9.078216552734375,718.7565746457258,0.3593782873228629,0.0,PHASE7A_FIXED_weekly,PHASE7A_FIXED,weekly,after_tax
2017-11-27,TQQQ,SELL,134.76643749096758,5.549293865958283,747.8585649056768,0.3739292824528384,139.6440201343815,PHASE7A_FIXED_weekly,PHASE7A_FIXED,weekly,after_tax
2017-12-04,QLD,SELL,32.69698124807688,8.988295437782181,293.89012738133897,0.14694506369066948,92.82732610357361,PHASE7A_FIXED_weekly,PHASE7A_FIXED,weekly,after_tax
2017-12-04,TQQQ,BUY,50.275057821579026,5.4648954960191976,274.74793705125194,0.13737396852562597,0.0,PHASE7A_FIXED_weekly,PHASE7A_FIXED,weekly,after_tax
2017-12-11,QLD,SELL,32.56958887929057,8.898375779960249,289.8164408467419,0.14490822042337095,89.5384748808745,PHASE7A_FIXED_weekly,PHASE7A_FIXED,weekly,after_tax
2017-12-11,TQQQ,BUY,50.42400025859061,5.381289009273227,271.346118395144,0.135673059197572,0.0,PHASE7A_FIXED_weekly,PHASE7A_FIXED,weekly,after_tax
2017-12-18,QLD,BUY,131.61472843734825,9.345514139190843,1230.0073055370012,0.6150036527685007,0.0,PHASE7A_FIXED_weekly,PHASE7A_FIXED,weekly,after_tax
2017-12-18,TQQQ,SELL,222.70993180326886,5.785450301037767,1288.4772419953224,0.6442386209976612,281.6179876182165,PHASE7A_FIXED_weekly,PHASE7A_FIXED,weekly,after_tax
2017-12-26,QLD,SELL,70.45810177216741,9.132414518528943,643.4525915721315,0.32172629578606576,209.15596380524374,PHASE7A_FIXED_weekly,PHASE7A_FIXED,weekly,after_tax
2017-12-26,TQQQ,BUY,107.42389387191969,5.588520758842097,600.3406608988735,0.30017033044943675,0.0,PHASE7A_FIXED_weekly,PHASE7A_FIXED,weekly,after_tax
2018-01-02,QLD,BUY,0.48234948565266994,9.122560569007376,4.400262398296036,0.002200131199148018,0.0,PHASE7A_FIXED_weekly,PHASE7A_FIXED,weekly,after_tax
2018-01-02,TQQQ,SELL,0.8203768236367968,5.582971386026868,4.580140332123847,0.0022900701660619233,0.8633410415299851,PHASE7A_FIXED_weekly,PHASE7A_FIXED,weekly,after_tax
2018-01-08,QLD,BUY,176.56157611493944,9.758159340651222,1722.915993166098,0.861457996583049,0.0,PHASE7A_FIXED_weekly,PHASE7A_FIXED,weekly,after_tax
2018-01-08,TQQQ,SELL,295.77052704336705,6.162667659972773,1822.7354617832607,0.9113677308916304,482.6317641630306,PHASE7A_FIXED_weekly,PHASE7A_FIXED,weekly,after_tax
2018-01-16,QLD,BUY,125.65676418060747,10.188051028868305,1280.1975255945,0.64009876279725,0.0,PHASE7A_FIXED_weekly,PHASE7A_FIXED,weekly,after_tax
2018-01-16,TQQQ,SELL,207.89338879134135,6.5806973155068365,1368.083465530799,0.6840417327653995,426.09795442192836,PHASE7A_FIXED_weekly,PHASE7A_FIXED,weekly,after_tax
2018-01-22,QLD,BUY,18.997282898620888,10.269348884679383,195.08972594689112,0.09754486297344556,0.0,PHASE7A_FIXED_weekly,PHASE7A_FIXED,weekly,after_tax
2018-01-22,TQQQ,SELL,31.37558919786346,6.655981683178515,208.83534699991287,0.10441767349995644,66.66826737167162,PHASE7A_FIXED_weekly,PHASE7A_FIXED,weekly,after_tax
2018-01-29,QLD,BUY,134.50497244691704,10.795317800503456,1452.0239233124303,0.7260119616562152,0.0,PHASE7A_FIXED_weekly,PHASE7A_FIXED,weekly,after_tax
2018-01-29,TQQQ,SELL,219.14932334746726,7.168316640044203,1570.9317412060773,0.7854658706030386,577.8800889066451,PHASE7A_FIXED_weekly,PHASE7A_FIXED,weekly,after_tax
2018-02-05,QLD,SELL,280.64442451412793,9.85547136669199,2765.8830900207395,1.3829415450103697,1018.275014899777,PHASE7A_FIXED_weekly,PHASE7A_FIXED,weekly,after_tax
2018-02-05,TQQQ,BUY,408.9761090903232,6.250632598528159,2556.3593994991825,1.2781796997495913,0.0,PHASE7A_FIXED_weekly,PHASE7A_FIXED,weekly,after_tax
2018-02-12,QLD,BUY,6719.059314422595,9.17183490449371,61626.102745384735,30.813051372692367,0.0,PHASE7A_FIXED_weekly,PHASE7A_FIXED,weekly,after_tax
2018-02-12,TQQQ,SELL,11470.828095529945,5.578217978397442,63986.77950959163,31.993389754795814,11311.200212057463,PHASE7A_FIXED_weekly,PHASE7A_FIXED,weekly,after_tax
2018-05-29,QLD,SELL,7593.903368235488,10.332168327834353,78461.48786591733,39.23074393295867,26963.29293954384,PHASE7A_FIXED_weekly,PHASE7A_FIXED,weekly,after_tax
2018-05-29,TQQQ,BUY,11194.359426830322,6.512941676818378,72908.21005628789,36.45410502814395,0.0,PHASE7A_FIXED_weekly,PHASE7A_FIXED,weekly,after_tax
2018-06-04,QLD,BUY,130.53273184928833,10.853210714076496,1416.6992438443704,0.7083496219221852,0.0,PHASE7A_FIXED_weekly,PHASE7A_FIXED,weekly,after_tax
2018-06-04,TQQQ,SELL,205.41775963862614,7.001500753460113,1438.2325988839293,0.7191162994419646,98.9706577314647,PHASE7A_FIXED_weekly,PHASE7A_FIXED,weekly,after_tax
2018-06-11,QLD,BUY,33.231129542086464,10.988703959102068,365.16704476455925,0.18258352238227962,0.0,PHASE7A_FIXED_weekly,PHASE7A_FIXED,weekly,after_tax
2018-06-11,TQQQ,SELL,52.168081015611435,7.131069736444679,372.0142237388209,0.18600711186941044,31.890663746215065,PHASE7A_FIXED_weekly,PHASE7A_FIXED,weekly,after_tax
2018-06-18,QLD,BUY,44.560545136796506,11.175939795656538,498.00596971047344,0.24900298485523673,0.0,PHASE7A_FIXED_weekly,PHASE7A_FIXED,weekly,after_tax
2018-06-18,TQQQ,SELL,69.72232213860707,7.310564444802488,509.70952923556615,0.25485476461778306,55.13020810102725,PHASE7A_FIXED_weekly,PHASE7A_FIXED,weekly,after_tax
2018-06-25,QLD,SELL,61.653118256837736,10.945594768120593,674.8300486303633,0.33741502431518167,254.8244255097998,PHASE7A_FIXED_weekly,PHASE7A_FIXED,weekly,after_tax
2018-06-25,TQQQ,BUY,87.82363856626571,7.087087882060342,622.413844641429,0.3112069223207145,0.0,PHASE7A_FIXED_weekly,PHASE7A_FIXED,weekly,after_tax
2018-07-02,QLD,SELL,143.96361510337337,10.468897923895538,1507.1403912722017,0.7535701956361008,526.4371593286774,PHASE7A_FIXED_weekly,PHASE7A_FIXED,weekly,after_tax
2018-07-02,TQQQ,BUY,211.40658900734718,6.6163583067869185,1398.7417412882496,0.6993708706441248,0.0,PHASE7A_FIXED_weekly,PHASE7A_FIXED,weekly,after_tax
2018-07-09,QLD,BUY,7136.835529281585,11.2633949989397,80384.99760876538,40.19249880438269,0.0,PHASE7A_FIXED_weekly,PHASE7A_FIXED,weekly,after_tax
2018-07-09,TQQQ,SELL,11166.281491611091,7.379510594754066,82401.69257135029,41.20084628567514,9526.46624412961,PHASE7A_FIXED_weekly,PHASE7A_FIXED,weekly,after_tax
2018-08-06,QLD,SELL,7491.910510729588,11.673577258146755,87457.39615812356,43.728698079061786,29670.56287126473,PHASE7A_FIXED_weekly,PHASE7A_FIXED,weekly,after_tax
2018-08-06,TQQQ,BUY,10487.615595583024,7.756331185236726,81345.41990279565,40.67270995139783,0.0,PHASE7A_FIXED_weekly,PHASE7A_FIXED,weekly,after_tax
2018-08-13,QLD,BUY,27.357383089138715,11.76595979934898,321.88586964219576,0.1609429348210979,0.0,PHASE7A_FIXED_weekly,PHASE7A_FIXED,weekly,after_tax
2018-08-13,TQQQ,SELL,41.11119371256186,7.856182402234167,322.9770365794684,0.1614885182897342,3.78407818919958,PHASE7A_FIXED_weekly,PHASE7A_FIXED,weekly,after_tax
2018-08-20,QLD,SELL,27.439719721428457,11.692051576037423,320.82661821495276,0.1604133091074764,109.0681238453452,PHASE7A_FIXED_weekly,PHASE7A_FIXED,weekly,after_tax
2018-08-20,TQQQ,BUY,38.396009106096926,7.770594980443895,298.3598356289149,0.14917991781445744,0.0,PHASE7A_FIXED_weekly,PHASE7A_FIXED,weekly,after_tax
2018-08-27,QLD,BUY,95.99050410424789,12.093615217199284,1160.8722211417626,0.5804361105708813,0.0,PHASE7A_FIXED_weekly,PHASE7A_FIXED,weekly,after_tax
2018-08-27,TQQQ,SELL,143.58086455945573,8.177133940956242,1174.0799608609668,0.5870399804304834,59.26784951134148,PHASE7A_FIXED_weekly,PHASE7A_FIXED,weekly,after_tax
2018-09-04,QLD,BUY,72.59359973162526,12.43604493020413,902.7772679077461,0.4513886339538731,0.0,PHASE7A_FIXED_weekly,PHASE7A_FIXED,weekly,after_tax
2018-09-04,TQQQ,SELL,108.01778075317337,8.519481536725536,920.2554887647275,0.46012774438236376,81.54912369525863,PHASE7A_FIXED_weekly,PHASE7A_FIXED,weekly,after_tax
2018-09-10,QLD,SELL,128.8522220930086,11.898990984131665,1533.2114289700403,0.7666057144850201,535.3028560099737,PHASE7A_FIXED_weekly,PHASE7A_FIXED,weekly,after_tax
2018-09-10,TQQQ,BUY,178.42969605988557,7.975054524008105,1422.9865547797817,0.7114932773898909,0.0,PHASE7A_FIXED_weekly,PHASE7A_FIXED,weekly,after_tax
2018-09-17,QLD,BUY,36.25260697366482,12.091151334530519,438.33575718983775,0.21916787859491887,0.0,PHASE7A_FIXED_weekly,PHASE7A_FIXED,weekly,after_tax
2018-09-17,TQQQ,SELL,54.31790848776731,8.156925707545948,443.0671441239974,0.22153357206199872,21.12077520825425,PHASE7A_FIXED_weekly,PHASE7A_FIXED,weekly,after_tax
2018-09-24,QLD,SELL,42.935414448078355,11.91131020069104,511.4170400862931,0.2557085200431466,178.65654846046252,PHASE7A_FIXED_weekly,PHASE7A_FIXED,weekly,after_tax
2018-09-24,TQQQ,BUY,59.49658209198305,7.977432015227334,474.6299387771869,0.23731496938859345,0.0,PHASE7A_FIXED_weekly,PHASE7A_FIXED,weekly,after_tax
2018-10-01,QLD,BUY,145.38875733997273,12.535821919423654,1822.5675711001968,0.9112837855500984,0.0,PHASE7A_FIXED_weekly,PHASE7A_FIXED,weekly,after_tax
2018-10-01,TQQQ,SELL,216.01498979802557,8.618144601438527,1861.6484181576525,0.9308242090788262,183.30661611076528,PHASE7A_FIXED_weekly,PHASE7A_FIXED,weekly,after_tax
2018-10-08,QLD,SELL,256.1475368618137,11.53685097047102,2955.135959227977,1.4775679796139884,963.6052414879185,PHASE7A_FIXED_weekly,PHASE7A_FIXED,weekly,after_tax
2018-10-08,TQQQ,BUY,363.2394474329262,7.5887234827016306,2756.5237245778117,1.3782618622889058,0.0,PHASE7A_FIXED_weekly,PHASE7A_FIXED,weekly,after_tax
2018-10-15,QLD,BUY,6682.711094198653,10.786695632814256,72084.37057515199,36.042185287576,0.0,PHASE7A_FIXED_weekly,PHASE7A_FIXED,weekly,after_tax
2018-10-15,TQQQ,SELL,10564.134592962931,6.830326741009901,72156.49100594246,36.07824550297123,-9850.017564350394,PHASE7A_FIXED_weekly,PHASE7A_FIXED,weekly,after_tax
2018-10-29,QLD,SELL,34478.26690582594,10.144939535035777,349779.93303242925,174.88996651621463,61536.29806711899,PHASE7A_FIXED_weekly,PHASE7A_FIXED,weekly,after_tax
2019-02-19,QLD,BUY,33528.97188852383,10.1087354707727,338935.50742806157,169.46775371403078,0.0,PHASE7A_FIXED_weekly,PHASE7A_FIXED,weekly,after_tax
2019-03-04,QLD,SELL,6757.879749250192,10.568502567026812,71420.66947760916,35.71033473880458,3037.1836050442,PHASE7A_FIXED_weekly,PHASE7A_FIXED,weekly,after_tax
2019-03-04,TQQQ,BUY,11218.30773089424,6.305103291489752,70732.5889990062,35.3662944995031,0.0,PHASE7A_FIXED_weekly,PHASE7A_FIXED,weekly,after_tax
2019-03-11,QLD,SELL,26771.09213927364,10.137084270374908,271380.8170257882,135.6904085128941,487.92697332585965,PHASE7A_FIXED_weekly,PHASE7A_FIXED,weekly,after_tax
2019-03-11,TQQQ,SELL,11218.307730894237,5.919440078616988,66406.10039651416,33.20305019825708,-4395.057947189791,PHASE7A_FIXED_weekly,PHASE7A_FIXED,weekly,after_tax
2019-03-18,QLD,BUY,24769.539644799832,10.898847670260327,269959.43945114745,134.97971972557372,0.0,PHASE7A_FIXED_weekly,PHASE7A_FIXED,weekly,after_tax
2019-03-18,TQQQ,BUY,10240.045755788531,6.5907771774003985,67489.85986278686,33.74492993139343,0.0,PHASE7A_FIXED_weekly,PHASE7A_FIXED,weekly,after_tax
2019-03-25,QLD,BUY,6166.149094024165,10.876921248886285,67068.71810459235,33.534359052296175,0.0,PHASE7A_FIXED_weekly,PHASE7A_FIXED,weekly,after_tax
2019-03-25,TQQQ,SELL,10240.045755788531,6.556203163045512,67135.82037383154,33.56791018691577,-421.35232907362683,PHASE7A_FIXED_weekly,PHASE7A_FIXED,weekly,after_tax
2019-04-08,QLD,SELL,6196.601142263287,11.656489549266151,72230.6164557627,36.11530822788135,4652.016535076154,PHASE7A_FIXED_weekly,PHASE7A_FIXED,weekly,after_tax
2019-04-08,TQQQ,BUY,9912.34101892142,7.2730275188582025,72092.72900692244,36.04636450346122,0.0,PHASE7A_FIXED_weekly,PHASE7A_FIXED,weekly,after_tax
2019-04-15,QLD,BUY,35.454311387806975,11.836578969382698,419.6577565468615,0.20982887827343075,0.0,PHASE7A_FIXED_weekly,PHASE7A_FIXED,weekly,after_tax
2019-04-15,TQQQ,SELL,56.71822901366493,7.438541124564955,421.90087903063977,0.2109504395153199,8.970431533618997,PHASE7A_FIXED_weekly,PHASE7A_FIXED,weekly,after_tax
2019-04-22,QLD,BUY,19.090415585614,11.919221690421303,227.5428955272073,0.11377144776360365,0.0,PHASE7A_FIXED_weekly,PHASE7A_FIXED,weekly,after_tax
2019-04-22,TQQQ,SELL,30.487637303039705,7.519509797701204,229.25208740896778,0.1146260437044839,7.28916756274263,PHASE7A_FIXED_weekly,PHASE7A_FIXED,weekly,after_tax
2019-04-29,QLD,BUY,101.62252729567845,12.436057272923641,1263.7835696683032,0.6318917848341516,0.0,PHASE7A_FIXED_weekly,PHASE7A_FIXED,weekly,after_tax
2019-04-29,TQQQ,SELL,160.92936758794303,8.008904767656814,1288.867979331073,0.6444339896655366,117.1946044223205,PHASE7A_FIXED_weekly,PHASE7A_FIXED,weekly,after_tax
2019-05-06,QLD,SELL,106.41674491184934,11.95746045974605,1272.4740195383201,0.6362370097691601,111.00679651471425,PHASE7A_FIXED_weekly,PHASE7A_FIXED,weekly,after_tax
2019-05-06,TQQQ,BUY,165.63666024471684,7.538563134281121,1248.6624206062697,0.6243312103031349,0.0,PHASE7A_FIXED_weekly,PHASE7A_FIXED,weekly,after_tax
2019-05-13,QLD,SELL,190.7417252653823,11.092783645354453,2115.8566905105254,1.0579283452552628,34.12146652718984,PHASE7A_FIXED_weekly,PHASE7A_FIXED,weekly,after_tax
2019-05-13,TQQQ,BUY,313.2673888209871,6.725288538267069,2106.813579450638,1.053406789725319,0.0,PHASE7A_FIXED_weekly,PHASE7A_FIXED,weekly,after_tax
2019-05-20,QLD,BUY,6131.137413890777,11.095248705878257,68026.4944570334,34.013247228516704,0.0,PHASE7A_FIXED_weekly,PHASE7A_FIXED,weekly,after_tax
2019-05-20,TQQQ,SELL,10143.109834082474,6.713380422337946,68094.55498175276,34.04727749087638,-5619.824673441837,PHASE7A_FIXED_weekly,PHASE7A_FIXED,weekly,after_tax
2019-07-08,QLD,SELL,6180.516167970984,12.224098904075394,75551.24091551435,37.77562045775718,7856.922838183377,PHASE7A_FIXED_weekly,PHASE7A_FIXED,weekly,after_tax
2019-07-08,TQQQ,BUY,9724.370720858098,7.714791035058345,75021.4880588599,37.51074402942995,0.0,PHASE7A_FIXED_weekly,PHASE7A_FIXED,weekly,after_tax
2019-07-15,QLD,BUY,99.96137916685873,12.748552523451886,1274.3628926253878,0.6371814463126939,0.0,PHASE7A_FIXED_weekly,PHASE7A_FIXED,weekly,after_tax
2019-07-15,TQQQ,SELL,157.25271460730883,8.21132808054273,1291.2536311965669,0.6456268155982834,76.82958557346872,PHASE7A_FIXED_weekly,PHASE7A_FIXED,weekly,after_tax
2019-07-22,QLD,SELL,70.21078220357222,12.419071802455734,871.9527454927447,0.43597637274637235,102.42229512213895,PHASE7A_FIXED_weekly,PHASE7A_FIXED,weekly,after_tax
2019-07-22,TQQQ,BUY,107.8022224501247,7.887449055056751,850.2845375972538,0.42514226879862693,0.0,PHASE7A_FIXED_weekly,PHASE7A_FIXED,weekly,after_tax
2019-07-29,QLD,BUY,88.4263540439879,12.881825253255178,1139.0928405771265,0.5695464202885633,0.0,PHASE7A_FIXED_weekly,PHASE7A_FIXED,weekly,after_tax
2019-07-29,TQQQ,SELL,138.92904226025917,8.33040371148486,1157.3350092779,0.5786675046389501,84.14449803540397,PHASE7A_FIXED_weekly,PHASE7A_FIXED,weekly,after_tax
2019-08-05,QLD,SELL,304.3815526609209,11.365227903184238,3459.36571551644,1.7296828577582202,121.30588248267568,PHASE7A_FIXED_weekly,PHASE7A_FIXED,weekly,after_tax
2019-08-05,TQQQ,BUY,497.3488058977612,6.899136106070583,3431.2771040803345,1.7156385520401674,0.0,PHASE7A_FIXED_weekly,PHASE7A_FIXED,weekly,after_tax
2019-08-12,QLD,BUY,6115.695604602496,11.568838153185672,70751.49264379527,35.37574632189764,0.0,PHASE7A_FIXED_weekly,PHASE7A_FIXED,weekly,after_tax
2019-08-12,TQQQ,SELL,10033.339992338419,7.058694271694462,70822.27952988214,35.411139764941076,-6269.442572725188,PHASE7A_FIXED_weekly,PHASE7A_FIXED,weekly,after_tax
2019-09-30,QLD,SELL,6100.519702677996,11.80453783637358,72013.8156518049,36.00690782590245,4358.802587406919,PHASE7A_FIXED_weekly,PHASE7A_FIXED,weekly,after_tax
2019-09-30,TQQQ,BUY,9969.942679947933,7.215872762213537,71941.83782506653,35.970918912533264,0.0,PHASE7A_FIXED_weekly,PHASE7A_FIXED,weekly,after_tax
2019-10-07,QLD,BUY,6088.358828961263,11.855128002053752,72178.27323976986,36.089136619884925,0.0,PHASE7A_FIXED_weekly,PHASE7A_FIXED,weekly,after_tax
2019-10-07,TQQQ,SELL,9969.942679947933,7.246830793271636,72250.48762019983,36.12524381009992,236.55363241066618,PHASE7A_FIXED_weekly,PHASE7A_FIXED,weekly,after_tax
2019-11-04,QLD,SELL,6238.303220468426,13.36185613897666,83355.31018321391,41.67765509160695,13198.857754488472,PHASE7A_FIXED_weekly,PHASE7A_FIXED,weekly,after_tax
2019-11-04,TQQQ,BUY,9360.673912196367,8.645949001365215,80931.9092632596,40.4659546316298,0.0,PHASE7A_FIXED_weekly,PHASE7A_FIXED,weekly,after_tax
2019-11-11,QLD,SELL,2.28195853124833,13.360621459974235,30.488384123367723,0.015244192061683861,4.825299035038288,PHASE7A_FIXED_weekly,PHASE7A_FIXED,weekly,after_tax
2019-11-11,TQQQ,BUY,3.4113533799734705,8.641186672319883,29.478141361600137,0.014739070680800069,0.0,PHASE7A_FIXED_weekly,PHASE7A_FIXED,weekly,after_tax
2019-11-18,QLD,BUY,57.38168554869669,13.665422843497815,784.1449964955682,0.3920724982477841,0.0,PHASE7A_FIXED_weekly,PHASE7A_FIXED,weekly,after_tax
2019-11-18,TQQQ,SELL,88.34405617874711,8.943633915521245,790.1168970749568,0.3950584485374784,25.52187857604319,PHASE7A_FIXED_weekly,PHASE7A_FIXED,weekly,after_tax
2019-11-25,QLD,BUY,2.8237381433600772,13.659252839290929,38.57015325210523,0.019285076626052614,0.0,PHASE7A_FIXED_weekly,PHASE7A_FIXED,weekly,after_tax
2019-11-25,TQQQ,SELL,4.344961388853888,8.944825318546535,38.86492063912738,0.01943246031956369,1.2603979825376506,PHASE7A_FIXED_weekly,PHASE7A_FIXED,weekly,after_tax
2019-12-02,QLD,BUY,50.8596827482333,13.987499166283902,711.399770038377,0.35569988501918853,0.0,PHASE7A_FIXED_weekly,PHASE7A_FIXED,weekly,after_tax
2019-12-02,TQQQ,SELL,77.95879250075446,9.25679764307557,721.6487666780013,0.36082438333900063,46.92331957333973,PHASE7A_FIXED_weekly,PHASE7A_FIXED,weekly,after_tax
2019-12-09,QLD,SELL,13.280781063006275,13.907286612379417,184.69962867948925,0.09234981433974462,35.182901365597864,PHASE7A_FIXED_weekly,PHASE7A_FIXED,weekly,after_tax
2019-12-09,TQQQ,BUY,19.322747430807887,9.179397882960492,177.3711868593382,0.0886855934296691,0.0,PHASE7A_FIXED_weekly,PHASE7A_FIXED,weekly,after_tax
2019-12-16,QLD,BUY,84.94347978308397,14.431742223756133,1225.8824038183084,0.6129412019091542,0.0,PHASE7A_FIXED_weekly,PHASE7A_FIXED,weekly,after_tax
2019-12-16,TQQQ,SELL,129.38917475192596,9.694988530353978,1254.4265651718888,0.6272132825859444,134.4031841947003,PHASE7A_FIXED_weekly,PHASE7A_FIXED,weekly,after_tax
2019-12-23,QLD,BUY,84.8815989599976,14.97964358706487,1271.4960995209403,0.6357480497604702,0.0,PHASE7A_FIXED_weekly,PHASE7A_FIXED,weekly,after_tax
2019-12-23,TQQQ,SELL,128.29901616737777,10.242728593754872,1314.132001448219,0.6570660007241095,203.5101544516815,PHASE7A_FIXED_weekly,PHASE7A_FIXED,weekly,after_tax
2019-12-30,QLD,BUY,33.93167270444805,15.174711910473649,514.9033579304814,0.25745167896524074,0.0,PHASE7A_FIXED_weekly,PHASE7A_FIXED,weekly,after_tax
2019-12-30,TQQQ,SELL,51.10445247920687,10.450122711649358,534.0477995193651,0.26702389975968255,91.65624420471141,PHASE7A_FIXED_weekly,PHASE7A_FIXED,weekly,after_tax
2020-01-06,QLD,SELL,30.52822945406508,15.01175603024246,458.2823325996869,0.22914116629984346,113.67700421730561,PHASE7A_FIXED_weekly,PHASE7A_FIXED,weekly,after_tax
2020-01-06,TQQQ,BUY,42.30570988010189,10.276209478351275,434.7423368582822,0.21737116842914112,0.0,PHASE7A_FIXED_weekly,PHASE7A_FIXED,weekly,after_tax
2020-01-13,QLD,BUY,147.46766562640838,15.983321331971775,2357.0230857826537,1.1785115428913269,0.0,PHASE7A_FIXED_weekly,PHASE7A_FIXED,weekly,after_tax
2020-01-13,TQQQ,SELL,219.44499361794706,11.283940993296087,2476.204359259151,1.2381021796295755,574.7706608618502,PHASE7A_FIXED_weekly,PHASE7A_FIXED,weekly,after_tax
2020-01-21,QLD,BUY,65.16061101258191,16.480830313613342,1073.9009732297272,0.5369504866148637,0.0,PHASE7A_FIXED_weekly,PHASE7A_FIXED,weekly,after_tax
2020-01-21,TQQQ,SELL,96.32627270002286,11.796143061788696,1136.2784933783405,0.5681392466891703,301.6117667502698,PHASE7A_FIXED_weekly,PHASE7A_FIXED,weekly,after_tax
2020-01-27,QLD,SELL,124.42998785269899,15.73024493152256,1957.314185749332,0.978657092874666,547.4855227517792,PHASE7A_FIXED_weekly,PHASE7A_FIXED,weekly,after_tax
2020-01-27,TQQQ,BUY,167.82877228499314,10.988531487935157,1844.1917488351464,0.9220958744175732,0.0,PHASE7A_FIXED_weekly,PHASE7A_FIXED,weekly,after_tax
2020-02-03,QLD,BUY,5911.291173126157,16.053688887033797,94898.02941403637,47.449014707018186,0.0,PHASE7A_FIXED_weekly,PHASE7A_FIXED,weekly,after_tax
2020-02-03,TQQQ,SELL,8798.33077538741,11.329203684462643,99678.08143764011,49.83904071882006,23050.77021008104,PHASE7A_FIXED_weekly,PHASE7A_FIXED,weekly,after_tax
2020-03-16,QLD,SELL,30495.96488608801,9.445307493430235,288043.7656579524,144.0218828289762,-85404.0171174368,PHASE7A_FIXED_weekly,PHASE7A_FIXED,weekly,after_tax
2020-04-13,QLD,BUY,23762.89744911406,12.109460408117469,287755.8658422023,143.87793292110118,0.0,PHASE7A_FIXED_weekly,PHASE7A_FIXED,weekly,after_tax
2020-12-14,QLD,SELL,4756.382694376036,26.45611231618312,125835.39478116209,62.91769739058105,68146.4505464081,PHASE7A_FIXED_weekly,PHASE7A_FIXED,weekly,after_tax
2020-12-14,TQQQ,BUY,6465.399445645846,19.44344248634088,125709.62227263521,62.85481113631761,0.0,PHASE7A_FIXED_weekly,PHASE7A_FIXED,weekly,after_tax
2020-12-21,QLD,BUY,44.93846862073949,27.162332424584665,1220.6336233282927,0.6103168116641464,0.0,PHASE7A_FIXED_weekly,PHASE7A_FIXED,weekly,after_tax
2020-12-21,TQQQ,SELL,60.49191178704178,20.1986485709859,1221.8548675735365,0.6109274337867683,44.48484691573673,PHASE7A_FIXED_weekly,PHASE7A_FIXED,weekly,after_tax
2020-12-28,QLD,BUY,70.433158934467,28.177216316346065,1984.6103551400593,0.9923051775700297,0.0,PHASE7A_FIXED_weekly,PHASE7A_FIXED,weekly,after_tax
2020-12-28,TQQQ,SELL,93.08833648604572,21.34097603725484,1986.595958296617,0.9932979791483085,174.73996484358366,PHASE7A_FIXED_weekly,PHASE7A_FIXED,weekly,after_tax
2021-01-04,QLD,BUY,33.65764392054498,28.69823650064393,965.9150252862601,0.48295751264313,0.0,PHASE7A_FIXED_weekly,PHASE7A_FIXED,weekly,after_tax
2021-01-04,TQQQ,SELL,44.09540707045921,21.9270324903814,966.8814235105528,0.4834407117552764,108.60278825689167,PHASE7A_FIXED_weekly,PHASE7A_FIXED,weekly,after_tax
2021-01-11,QLD,BUY,1.3418613028721793,28.801945682037925,38.64821635815315,0.019324108179076576,0.0,PHASE7A_FIXED_weekly,PHASE7A_FIXED,weekly,after_tax
2021-01-11,TQQQ,SELL,1.7573775127778735,22.013985968830763,38.68688390823081,0.019343441954115408,4.480987135493082,PHASE7A_FIXED_weekly,PHASE7A_FIXED,weekly,after_tax
2021-01-19,QLD,BUY,4752.454638237402,28.4685923477818,135295.69374730543,67.64784687365271,0.0,PHASE7A_FIXED_weekly,PHASE7A_FIXED,weekly,after_tax
2021-01-19,TQQQ,SELL,6265.966412789521,21.613754080505558,135431.05712274028,67.71552856137015,13470.468046977965,PHASE7A_FIXED_weekly,PHASE7A_FIXED,weekly,after_tax
2021-06-21,QLD,SELL,5220.674808495664,33.12323704962659,172925.64924081578,86.46282462040789,92081.57607824258,PHASE7A_FIXED_weekly,PHASE7A_FIXED,weekly,after_tax
2021-06-21,TQQQ,BUY,5871.849767646012,26.35579626478353,154757.2761734948,77.37863808674742,0.0,PHASE7A_FIXED_weekly,PHASE7A_FIXED,weekly,after_tax
2021-06-28,QLD,BUY,84.20437755655604,34.76778207001583,2927.599448227673,1.4637997241138365,0.0,PHASE7A_FIXED_weekly,PHASE7A_FIXED,weekly,after_tax
2021-06-28,TQQQ,SELL,105.01268995712762,28.295018893910548,2971.3360464372963,1.485668023218648,200.7734701562789,PHASE7A_FIXED_weekly,PHASE7A_FIXED,weekly,after_tax
2021-07-06,QLD,BUY,90.37312524353422,36.41234007813994,3290.6969702919014,1.6453484851459508,0.0,PHASE7A_FIXED_weekly,PHASE7A_FIXED,weekly,after_tax
2021-07-06,TQQQ,SELL,111.45586221759407,30.36288805900584,3384.1218680327875,1.6920609340163937,443.4530559775154,PHASE7A_FIXED_weekly,PHASE7A_FIXED,weekly,after_tax
2021-07-12,QLD,BUY,31.248637337106068,37.05436287912863,1157.8983473674161,0.5789491736837081,0.0,PHASE7A_FIXED_weekly,PHASE7A_FIXED,weekly,after_tax
2021-07-12,TQQQ,SELL,38.39187894738956,31.16097057315902,1196.3282101278892,0.5981641050639446,183.37558199331423,PHASE7A_FIXED_weekly,PHASE7A_FIXED,weekly,after_tax
2021-07-19,QLD,SELL,96.2943573498913,35.325845904994864,3401.6796292627696,1.7008398146313848,1889.0353843970136,PHASE7A_FIXED_weekly,PHASE7A_FIXED,weekly,after_tax
2021-07-19,TQQQ,BUY,103.88667609864684,29.019254512468283,3014.7138941609883,1.5073569470804942,0.0,PHASE7A_FIXED_weekly,PHASE7A_FIXED,weekly,after_tax
2021-07-26,QLD,BUY,133.06100896947382,38.05689226704757,5063.888483295916,2.531944241647958,0.0,PHASE7A_FIXED_weekly,PHASE7A_FIXED,weekly,after_tax
2021-07-26,TQQQ,SELL,162.51371473773955,32.40454773123484,5266.1834261993645,2.6330917130996823,970.3662660543495,PHASE7A_FIXED_weekly,PHASE7A_FIXED,weekly,after_tax
2021-08-02,QLD,SELL,15.774268104715684,37.78527151144591,596.0350032310234,0.2980175016155117,345.7429388177076,PHASE7A_FIXED_weekly,PHASE7A_FIXED,weekly,after_tax
2021-08-02,TQQQ,BUY,16.387034941321705,32.05196615768487,525.2366893640428,0.26261834468202144,0.0,PHASE7A_FIXED_weekly,PHASE7A_FIXED,weekly,after_tax
2021-08-09,QLD,BUY,20.711474493928108,38.234686872341314,791.896741939825,0.39594837096991253,0.0,PHASE7A_FIXED_weekly,PHASE7A_FIXED,weekly,after_tax
2021-08-09,TQQQ,SELL,25.274439824524727,32.61657759029203,824.3657275877777,0.41218286379388885,155.8496402327664,PHASE7A_FIXED_weekly,PHASE7A_FIXED,weekly,after_tax
2021-08-16,QLD,SELL,8.615454913518118,38.04208024344797,327.7498271538643,0.16387491357693215,190.83520928331552,PHASE7A_FIXED_weekly,PHASE7A_FIXED,weekly,after_tax
2021-08-16,TQQQ,BUY,8.913666314920327,32.38548904056978,288.67344275314827,0.14433672137657413,0.0,PHASE7A_FIXED_weekly,PHASE7A_FIXED,weekly,after_tax
2021-08-23,QLD,BUY,8.405565134510436,38.25937067668189,321.59163222822826,0.16079581611411414,0.0,PHASE7A_FIXED_weekly,PHASE7A_FIXED,weekly,after_tax
2021-08-23,TQQQ,SELL,10.255939351058533,32.645168674586614,334.8068700316362,0.16740343501581811,63.43607458816933,PHASE7A_FIXED_weekly,PHASE7A_FIXED,weekly,after_tax
2021-08-30,QLD,BUY,76.96303621537061,39.918751220516846,3072.2682958570076,1.5361341479285038,0.0,PHASE7A_FIXED_weekly,PHASE7A_FIXED,weekly,after_tax
2021-08-30,TQQQ,SELL,92.93639460805123,34.7821207629659,3232.524900531891,1.6162624502659455,773.3409208799827,PHASE7A_FIXED_weekly,PHASE7A_FIXED,weekly,after_tax
2021-09-07,QLD,BUY,44.825036718488384,40.931155384509594,1834.7405430407962,0.9173702715203981,0.0,PHASE7A_FIXED_weekly,PHASE7A_FIXED,weekly,after_tax
2021-09-07,TQQQ,SELL,53.788466169326725,36.10432407171353,1941.9962138977717,0.9709981069488859,518.6674992792084,PHASE7A_FIXED_weekly,PHASE7A_FIXED,weekly,after_tax
2021-09-13,QLD,SELL,30.68731935866118,40.34346483230473,1238.0327893438516,0.6190163946719258,745.2265440310438,PHASE7A_FIXED_weekly,PHASE7A_FIXED,weekly,after_tax
2021-09-13,TQQQ,BUY,30.726004433536243,35.32767378676539,1085.4782613986754,0.5427391306993377,0.0,PHASE7A_FIXED_weekly,PHASE7A_FIXED,weekly,after_tax
2021-09-20,QLD,SELL,125.69291708436174,37.97787903963498,4773.550401168759,2.3867752005843794,2755.202315325757,PHASE7A_FIXED_weekly,PHASE7A_FIXED,weekly,after_tax
2021-09-20,TQQQ,BUY,130.47519470511918,32.26160815716858,4209.339605806832,2.104669802903416,0.0,PHASE7A_FIXED_weekly,PHASE7A_FIXED,weekly,after_tax
2021-09-27,QLD,BUY,22.72254497528412,38.521121749606785,875.2979214538354,0.4376489607269177,0.0,PHASE7A_FIXED_weekly,PHASE7A_FIXED,weekly,after_tax
2021-09-27,TQQQ,SELL,27.68337547092764,32.92628660966353,911.5107550786925,0.45575537753934625,173.85886924196654,PHASE7A_FIXED_weekly,PHASE7A_FIXED,weekly,after_tax
2021-10-04,QLD,BUY,4468.247815930122,36.08638590969491,161242.91502580582,80.62145751290291,0.0,PHASE7A_FIXED_weekly,PHASE7A_FIXED,weekly,after_tax
2021-10-04,TQQQ,SELL,5534.925582855816,29.803034344460897,164957.57723988715,82.47878861994357,17482.461077767795,PHASE7A_FIXED_weekly,PHASE7A_FIXED,weekly,after_tax
2021-11-08,QLD,SELL,5143.836840754408,44.457313271984376,228681.16584939312,114.34058292469656,126238.21206824014,PHASE7A_FIXED_weekly,PHASE7A_FIXED,weekly,after_tax
2021-11-08,TQQQ,BUY,4993.251159537494,40.618850513095424,202820.12242359386,101.41006121179693,0.0,PHASE7A_FIXED_weekly,PHASE7A_FIXED,weekly,after_tax
2021-11-15,QLD,SELL,29.144475648353268,43.840006794069204,1277.6940104333917,0.6388470052166958,697.2712651799307,PHASE7A_FIXED_weekly,PHASE7A_FIXED,weekly,after_tax
2021-11-15,TQQQ,BUY,28.53959813584256,39.76359729950116,1134.8370873632375,0.5674185436816188,0.0,PHASE7A_FIXED_weekly,PHASE7A_FIXED,weekly,after_tax
2021-11-22,QLD,BUY,87.06912105472428,45.98335350031876,4003.730172421434,2.0018650862107172,0.0,PHASE7A_FIXED_weekly,PHASE7A_FIXED,weekly,after_tax
2021-11-22,TQQQ,SELL,94.75722131167218,42.712924496860964,4047.358039417799,2.0236790197088994,194.94128914844896,PHASE7A_FIXED_weekly,PHASE7A_FIXED,weekly,after_tax
2021-11-29,QLD,SELL,105.53729968781784,43.77579335120935,4619.979021978565,2.3099895109892823,2505.0614802725304,PHASE7A_FIXED_weekly,PHASE7A_FIXED,weekly,after_tax
2021-11-29,TQQQ,BUY,103.71941037114696,39.594444490539864,4106.712436531903,2.0533562182659515,0.0,PHASE7A_FIXED_weekly,PHASE7A_FIXED,weekly,after_tax
2021-12-06,QLD,BUY,4393.847287705514,41.03487780255561,180300.98653408617,90.15049326704309,0.0,PHASE7A_FIXED_weekly,PHASE7A_FIXED,weekly,after_tax
2021-12-06,TQQQ,SELL,5030.752946732811,35.87561934112143,180481.37771621125,90.24068885810563,-23924.17268485997,PHASE7A_FIXED_weekly,PHASE7A_FIXED,weekly,after_tax
2022-01-24,QLD,SELL,22594.76181569127,33.0985388893131,747853.602651424,373.926801325712,202749.20474446716,PHASE7A_FIXED_weekly,PHASE7A_FIXED,weekly,after_tax
2023-01-30,QQQ,BUY,2476.087163337815,287.0641967396339,710795.9726008887,355.39798630044436,0.0,PHASE7A_FIXED_weekly,PHASE7A_FIXED,weekly,after_tax
2023-03-13,QQQ,SELL,2476.087163337815,280.9883548940412,695751.6586005457,347.87582930027287,-15747.587815943556,PHASE7A_FIXED_weekly,PHASE7A_FIXED,weekly,after_tax
2023-03-20,QQQ,BUY,2327.4913015612638,298.62893759374526,695056.2546439236,347.5281273219618,0.0,PHASE7A_FIXED_weekly,PHASE7A_FIXED,weekly,after_tax
2023-05-01,QQQ,SELL,2327.4913015612638,316.12889554696204,735787.2545577235,367.8936272788618,40015.578159199045,PHASE7A_FIXED_weekly,PHASE7A_FIXED,weekly,after_tax
2023-05-01,QLD,BUY,29719.177453630014,24.56744496724792,730124.2565639305,365.0621282819653,0.0,PHASE7A_FIXED_weekly,PHASE7A_FIXED,weekly,after_tax
2023-05-08,QQQ,BUY,2303.978768311144,316.45279521060826,729100.521337956,364.550260668978,0.0,PHASE7A_FIXED_weekly,PHASE7A_FIXED,weekly,after_tax
2023-05-08,QLD,SELL,29719.177453630014,24.557543280955663,729829.9865919208,364.9149932959604,-1024.247093587637,PHASE7A_FIXED_weekly,PHASE7A_FIXED,weekly,after_tax
2023-05-15,QQQ,SELL,2303.978768311144,319.4856341539702,736088.117871169,368.04405893558453,6255.002213608415,PHASE7A_FIXED_weekly,PHASE7A_FIXED,weekly,after_tax
2023-05-15,QLD,BUY,29367.704858841298,25.00332607837959,734290.3007592217,367.1451503796108,0.0,PHASE7A_FIXED_weekly,PHASE7A_FIXED,weekly,after_tax
2023-08-21,QLD,SELL,6036.611613064546,29.847468799596637,180177.57677622675,90.08878838811337,29076.651733567796,PHASE7A_FIXED_weekly,PHASE7A_FIXED,weekly,after_tax
2023-08-21,TQQQ,BUY,9770.846911287774,17.817648870061486,174093.51942845035,87.04675971422517,0.0,PHASE7A_FIXED_weekly,PHASE7A_FIXED,weekly,after_tax
2023-08-28,QLD,BUY,5860.552418321999,31.016400367574903,181773.24018183444,90.88662009091722,0.0,PHASE7A_FIXED_weekly,PHASE7A_FIXED,weekly,after_tax
2023-08-28,TQQQ,SELL,9770.846911287774,18.822824993159813,183914.94144612586,91.95747072306293,9642.417787238239,PHASE7A_FIXED_weekly,PHASE7A_FIXED,weekly,after_tax
2023-10-02,QLD,SELL,5949.898788329614,29.498387262247412,175512.4186293236,87.7562093146618,19396.75444557319,PHASE7A_FIXED_weekly,PHASE7A_FIXED,weekly,after_tax
2023-10-02,TQQQ,BUY,9908.309417955086,17.298461853396137,171398.51249814173,85.69925624907087,0.0,PHASE7A_FIXED_weekly,PHASE7A_FIXED,weekly,after_tax
2023-10-09,QLD,BUY,5815.100264882193,30.06958251416561,174857.6372430214,87.4288186215107,0.0,PHASE7A_FIXED_weekly,PHASE7A_FIXED,weekly,after_tax
2023-10-09,TQQQ,SELL,9908.309417955086,17.754324286373574,175915.338536104,87.957669268052,4343.169112445148,PHASE7A_FIXED_weekly,PHASE7A_FIXED,weekly,after_tax
2023-11-27,QLD,SELL,6021.544809263895,34.19210462141803,205889.2901009078,102.9446450504539,43226.805056591,PHASE7A_FIXED_weekly,PHASE7A_FIXED,weekly,after_tax
2023-11-27,TQQQ,BUY,9225.79835416641,21.34301653539552,196906.3668251985,98.45318341259924,0.0,PHASE7A_FIXED_weekly,PHASE7A_FIXED,weekly,after_tax
2023-12-04,QLD,SELL,40.1500472279776,33.620911034256366,1349.8811658730265,0.6749405829365133,265.3027700923957,PHASE7A_FIXED_weekly,PHASE7A_FIXED,weekly,after_tax
2023-12-04,TQQQ,BUY,62.214792908244455,20.809562737548525,1294.662636227702,0.647331318113851,0.0,PHASE7A_FIXED_weekly,PHASE7A_FIXED,weekly,after_tax
2023-12-11,QLD,BUY,57.740185879842365,34.56461440046356,1995.7672603478422,0.9978836301739211,0.0,PHASE7A_FIXED_weekly,PHASE7A_FIXED,weekly,after_tax
2023-12-11,TQQQ,SELL,92.48190235049718,21.66308606420707,2003.4434100004146,1.0017217050002074,27.942625239939215,PHASE7A_FIXED_weekly,PHASE7A_FIXED,weekly,after_tax
2023-12-18,QLD,BUY,154.682742579771,37.02820803126328,5727.624771090108,2.863812385545054,0.0,PHASE7A_FIXED_weekly,PHASE7A_FIXED,weekly,after_tax
2023-12-18,TQQQ,SELL,244.34364833141115,24.0005841018334,5864.3902815268375,2.932195140763419,644.6935905016081,PHASE7A_FIXED_weekly,PHASE7A_FIXED,weekly,after_tax
2023-12-26,QLD,BUY,36.96578135361079,37.747364744802056,1395.360831831349,0.6976804159156745,0.0,PHASE7A_FIXED_weekly,PHASE7A_FIXED,weekly,after_tax
2023-12-26,TQQQ,SELL,58.21123644017044,24.666099731700786,1435.844163538859,0.7179220817694295,192.30976721531206,PHASE7A_FIXED_weekly,PHASE7A_FIXED,weekly,after_tax
2024-01-02,QLD,SELL,42.63174446131076,37.11095030410107,1582.1045500808395,0.7910522750404198,426.0286164920251,PHASE7A_FIXED_weekly,PHASE7A_FIXED,weekly,after_tax
2024-01-02,TQQQ,BUY,62.153002158035775,24.037757197623048,1494.0187749782053,0.7470093874891027,0.0,PHASE7A_FIXED_weekly,PHASE7A_FIXED,weekly,after_tax
2024-01-08,QLD,SELL,102.25304809701412,35.63924217786914,3644.2211445547873,1.8221105722773936,871.4263227452909,PHASE7A_FIXED_weekly,PHASE7A_FIXED,weekly,after_tax
2024-01-08,TQQQ,BUY,153.28553871177724,22.59597994139991,3463.636958037998,1.731818479018999,0.0,PHASE7A_FIXED_weekly,PHASE7A_FIXED,weekly,after_tax
2024-01-16,QLD,BUY,107.1685794479879,37.434134397051366,4011.763006197056,2.0058815030985278,0.0,PHASE7A_FIXED_weekly,PHASE7A_FIXED,weekly,after_tax
2024-01-16,TQQQ,SELL,169.3871070156242,24.295913879401525,4115.4145643325755,2.057707282166288,490.21889909231345,PHASE7A_FIXED_weekly,PHASE7A_FIXED,weekly,after_tax
2024-01-22,QLD,BUY,5744.183345025591,40.19358356638597,230879.31329892855,115.43965664946428,0.0,PHASE7A_FIXED_weekly,PHASE7A_FIXED,weekly,after_tax
2024-01-22,TQQQ,SELL,8939.027793806767,26.98950479871544,241259.93353679843,120.62996676839921,49936.2570241302,PHASE7A_FIXED_weekly,PHASE7A_FIXED,weekly,after_tax
2024-01-29,QLD,SELL,6051.94358846717,40.28805278255973,243821.0227292393,121.91051136461965,63717.017913207084,PHASE7A_FIXED_weekly,PHASE7A_FIXED,weekly,after_tax
2024-01-29,TQQQ,BUY,8514.79838212278,27.08692206652259,230639.6801887124,115.31984009435621,0.0,PHASE7A_FIXED_weekly,PHASE7A_FIXED,weekly,after_tax
2024-02-05,QLD,BUY,5732.949083918202,41.10842432458611,235672.50357295666,117.83625178647833,0.0,PHASE7A_FIXED_weekly,PHASE7A_FIXED,weekly,after_tax
2024-02-05,TQQQ,SELL,8514.79838212278,27.85652011221149,237192.6523830291,118.59632619151456,6319.056028030841,PHASE7A_FIXED_weekly,PHASE7A_FIXED,weekly,after_tax
2024-04-08,QLD,SELL,5977.731565703051,42.945823169584926,256718.60277592926,128.35930138796462,65183.02892853411,PHASE7A_FIXED_weekly,PHASE7A_FIXED,weekly,after_tax
2024-04-08,TQQQ,BUY,8263.644772684836,29.433343819761816,243226.69779881026,121.61334889940514,0.0,PHASE7A_FIXED_weekly,PHASE7A_FIXED,weekly,after_tax
2024-04-15,QLD,SELL,5.164396580893147,42.985626894864346,221.99482456338592,0.11099741228169296,56.519632808359255,PHASE7A_FIXED_weekly,PHASE7A_FIXED,weekly,after_tax
2024-04-15,TQQQ,BUY,7.146032127856929,29.42845926605658,210.29671538856928,0.10514835769428464,0.0,PHASE7A_FIXED_weekly,PHASE7A_FIXED,weekly,after_tax
2024-04-22,QLD,BUY,5323.553283908692,38.224366155143876,203489.44997054443,101.74472498527221,0.0,PHASE7A_FIXED_weekly,PHASE7A_FIXED,weekly,after_tax
2024-04-22,TQQQ,SELL,8270.790804812694,24.628000637812097,203693.04121613744,101.84652060806873,-39967.518315926536,PHASE7A_FIXED_weekly,PHASE7A_FIXED,weekly,after_tax
2024-05-28,QLD,SELL,5713.382772176124,45.8712333455066,262079.91433468834,131.03995716734417,72239.19592128994,PHASE7A_FIXED_weekly,PHASE7A_FIXED,weekly,after_tax
2024-05-28,TQQQ,BUY,7928.643789762429,32.19532333844661,255265.25044676813,127.63262522338407,0.0,PHASE7A_FIXED_weekly,PHASE7A_FIXED,weekly,after_tax
2024-06-03,QLD,SELL,52.67884362341381,44.896092455917376,2365.0742337876,1.1825371168938,614.7201666425335,PHASE7A_FIXED_weekly,PHASE7A_FIXED,weekly,after_tax
2024-06-03,TQQQ,BUY,71.83304204887318,31.154080139342216,2237.892348643334,1.118946174321667,0.0,PHASE7A_FIXED_weekly,PHASE7A_FIXED,weekly,after_tax
2024-06-10,QLD,BUY,61.4374598408727,46.26925094116378,2842.6652465650113,1.4213326232825056,0.0,PHASE7A_FIXED_weekly,PHASE7A_FIXED,weekly,after_tax
2024-06-10,TQQQ,SELL,87.59638869644071,32.552174020713835,2851.4528884326282,1.4257264442163142,29.242347035566613,PHASE7A_FIXED_weekly,PHASE7A_FIXED,weekly,after_tax
2024-06-17,QLD,BUY,160.64702040105934,49.781730682474176,7997.28670454747,3.9986433522737355,0.0,PHASE7A_FIXED_weekly,PHASE7A_FIXED,weekly,after_tax
2024-06-17,TQQQ,SELL,225.62910378394886,36.31139224521406,8192.906889435078,4.09645344471754,923.0868229911947,PHASE7A_FIXED_weekly,PHASE7A_FIXED,weekly,after_tax
2024-06-24,QLD,SELL,13.295883531881358,49.61256673069125,659.6429089689627,0.32982145448448136,215.77297363755193,PHASE7A_FIXED_weekly,PHASE7A_FIXED,weekly,after_tax
2024-06-24,TQQQ,BUY,17.047117391741484,36.08652466996588,615.1712223088834,0.3075856111544417,0.0,PHASE7A_FIXED_weekly,PHASE7A_FIXED,weekly,after_tax
2024-07-01,QLD,BUY,9.911915766539925,49.91913156297313,494.7942271910142,0.24739711359550712,0.0,PHASE7A_FIXED_weekly,PHASE7A_FIXED,weekly,after_tax
2024-07-01,TQQQ,SELL,13.934009722865499,36.39138300728357,507.07788465201156,0.25353894232600577,58.000105366424485,PHASE7A_FIXED_weekly,PHASE7A_FIXED,weekly,after_tax
2024-07-08,QLD,BUY,141.7290177736404,53.325766232604096,7557.808470173739,3.7789042350868693,0.0,PHASE7A_FIXED_weekly,PHASE7A_FIXED,weekly,after_tax
2024-07-08,TQQQ,SELL,196.316002598387,40.14534492273014,7881.173638163833,3.9405868190819167,1553.756716398803,PHASE7A_FIXED_weekly,PHASE7A_FIXED,weekly,after_tax
2024-07-15,QLD,SELL,12.363621067436776,53.24109569029931,658.2527323300019,0.32912636616500096,243.8405330739382,PHASE7A_FIXED_weekly,PHASE7A_FIXED,weekly,after_tax
2024-07-15,TQQQ,BUY,15.2102591824115,39.978500872159046,608.0833599898033,0.30404167999490167,0.0,PHASE7A_FIXED_weekly,PHASE7A_FIXED,weekly,after_tax
2024-07-22,QLD,BUY,5319.6312232837445,49.84940205901204,265180.43565514544,132.59021782757273,0.0,PHASE7A_FIXED_weekly,PHASE7A_FIXED,weekly,after_tax
2024-07-22,TQQQ,SELL,7509.258703583812,36.14111113888206,271392.95337684,135.69647668842,29260.305326993708,PHASE7A_FIXED_weekly,PHASE7A_FIXED,weekly,after_tax
2024-10-07,QLD,SELL,5826.925645184595,49.610794395000156,289078.41013820656,144.53920506910328,75560.56258986684,PHASE7A_FIXED_weekly,PHASE7A_FIXED,weekly,after_tax
2024-10-07,TQQQ,BUY,7817.787984728718,34.977543477463364,273447.0191334394,136.7235095667197,0.0,PHASE7A_FIXED_weekly,PHASE7A_FIXED,weekly,after_tax
2024-10-14,QLD,BUY,88.10443154621582,51.633891914245396,4549.17469562334,2.27458734781167,0.0,PHASE7A_FIXED_weekly,PHASE7A_FIXED,weekly,after_tax
2024-10-14,TQQQ,SELL,124.0567973459653,37.13871802979339,4607.310416311026,2.303655208155513,263.63513724808564,PHASE7A_FIXED_weekly,PHASE7A_FIXED,weekly,after_tax
2024-10-21,QLD,SELL,31.076303353794973,51.03095405700844,1585.8534087091684,0.7929267043545842,445.23223777206067,PHASE7A_FIXED_weekly,PHASE7A_FIXED,weekly,after_tax
2024-10-21,TQQQ,BUY,40.973434768246285,36.45934564775332,1493.8646205911646,0.7469323102955823,0.0,PHASE7A_FIXED_weekly,PHASE7A_FIXED,weekly,after_tax
2024-10-28,QLD,BUY,38.71979105367302,52.037518607895755,2014.8818474493455,1.0074409237246729,0.0,PHASE7A_FIXED_weekly,PHASE7A_FIXED,weekly,after_tax
2024-10-28,TQQQ,SELL,54.50693011235776,37.50793663524432,2044.4424808360054,1.0222212404180027,135.5204096616138,PHASE7A_FIXED_weekly,PHASE7A_FIXED,weekly,after_tax
2024-11-04,QLD,BUY,5386.8676888307455,49.53106365990128,266817.2864229409,133.40864321147046,0.0,PHASE7A_FIXED_weekly,PHASE7A_FIXED,weekly,after_tax
2024-11-04,TQQQ,SELL,7680.1976920386405,34.77569821693606,267084.23718474456,133.54211859237228,-1878.3876559666105,PHASE7A_FIXED_weekly,PHASE7A_FIXED,weekly,after_tax
2024-12-09,QLD,SELL,5801.336854672345,57.22482720661451,331980.4990759895,165.99024953799474,104287.367116468,PHASE7A_FIXED_weekly,PHASE7A_FIXED,weekly,after_tax
2024-12-09,TQQQ,BUY,7237.138345105705,42.952708995900835,310854.6973004007,155.42734865020034,0.0,PHASE7A_FIXED_weekly,PHASE7A_FIXED,weekly,after_tax
2024-12-16,QLD,BUY,51.102141369586434,58.80443942240292,3005.032776522916,1.5025163882614578,0.0,PHASE7A_FIXED_weekly,PHASE7A_FIXED,weekly,after_tax
2024-12-16,TQQQ,SELL,67.86683076305792,44.660976903370994,3030.998961213918,1.515499480606959,112.96169737751413,PHASE7A_FIXED_weekly,PHASE7A_FIXED,weekly,after_tax
2024-12-23,QLD,BUY,5285.299555949837,55.85517228040317,295211.3172511165,147.60565862555825,0.0,PHASE7A_FIXED_weekly,PHASE7A_FIXED,weekly,after_tax
2024-12-23,TQQQ,SELL,7169.271514342647,41.21850813666118,295506.6762478656,147.7533381239328,-12734.679974953366,PHASE7A_FIXED_weekly,PHASE7A_FIXED,weekly,after_tax
2025-03-10,QLD,SELL,27065.061265170043,47.364473139597685,1281922.3673157122,640.961183657856,130722.75030796051,PHASE7A_FIXED_weekly,PHASE7A_FIXED,weekly,after_tax
2025-05-19,QLD,BUY,24446.014573728284,51.406489346552455,1256683.787750029,628.3418938750145,0.0,PHASE7A_FIXED_weekly,PHASE7A_FIXED,weekly,after_tax
2025-06-16,QLD,SELL,4936.056594004994,54.36879453617587,268367.4467783936,134.18372338919679,14361.049670949835,PHASE7A_FIXED_weekly,PHASE7A_FIXED,weekly,after_tax
2025-06-16,TQQQ,BUY,7212.398317421808,36.767689821247174,265183.2242022501,132.59161210112504,0.0,PHASE7A_FIXED_weekly,PHASE7A_FIXED,weekly,after_tax
2025-06-23,QLD,SELL,28.082952228647084,53.66063561368547,1506.9490664979676,0.7534745332489838,61.8277844107499,PHASE7A_FIXED_weekly,PHASE7A_FIXED,weekly,after_tax
2025-06-23,TQQQ,BUY,41.435107839838025,36.02956311627878,1492.8888331452617,0.7464444165726308,0.0,PHASE7A_FIXED_weekly,PHASE7A_FIXED,weekly,after_tax
2025-06-30,QLD,BUY,169.1891669376179,58.66722550106384,9925.859009066364,4.962929504533182,0.0,PHASE7A_FIXED_weekly,PHASE7A_FIXED,weekly,after_tax
2025-06-30,TQQQ,SELL,246.83508721911986,41.132927353908336,10153.049710979685,5.076524855489843,1068.9207361732435,PHASE7A_FIXED_weekly,PHASE7A_FIXED,weekly,after_tax
2025-07-07,QLD,BUY,10.924451970753939,59.06662963911166,645.2705585667863,0.3226352792833932,0.0,PHASE7A_FIXED_weekly,PHASE7A_FIXED,weekly,after_tax
2025-07-07,TQQQ,SELL,15.921253567591286,41.53034601508509,661.215169655974,0.330607584827987,75.27131786972295,PHASE7A_FIXED_weekly,PHASE7A_FIXED,weekly,after_tax
2025-07-14,QLD,SELL,0.9346856614740806,59.101574335683345,55.24139410210773,0.027620697051053866,7.078434066101879,PHASE7A_FIXED_weekly,PHASE7A_FIXED,weekly,after_tax
2025-07-14,TQQQ,BUY,1.2937438584391001,41.54525234381802,53.748915067117196,0.026874457533558598,0.0,PHASE7A_FIXED_weekly,PHASE7A_FIXED,weekly,after_tax
2025-07-21,QLD,BUY,51.08476920003578,60.77906536925349,3104.884526582202,1.552442263291101,0.0,PHASE7A_FIXED_weekly,PHASE7A_FIXED,weekly,after_tax
2025-07-21,TQQQ,SELL,74.04404322670642,43.29389914820423,3205.6553399823024,1.6028276699911512,480.5096897218826,PHASE7A_FIXED_weekly,PHASE7A_FIXED,weekly,after_tax
2025-07-28,QLD,BUY,34.826406309765055,61.917366481467795,2156.3593627142254,1.0781796813571127,0.0,PHASE7A_FIXED_weekly,PHASE7A_FIXED,weekly,after_tax
2025-07-28,TQQQ,SELL,50.26729735615583,44.506023841914356,2237.1975346016698,1.1185987673008349,387.10998493302617,PHASE7A_FIXED_weekly,PHASE7A_FIXED,weekly,after_tax
2025-08-04,QLD,SELL,70.71570606448532,59.945312786431714,4239.075118948938,2.119537559474469,592.163810726137,PHASE7A_FIXED_weekly,PHASE7A_FIXED,weekly,after_tax
2025-08-04,TQQQ,BUY,97.1911755023108,42.33512128928771,4114.600203138776,2.057300101569388,0.0,PHASE7A_FIXED_weekly,PHASE7A_FIXED,weekly,after_tax
2025-08-11,QLD,BUY,98.77208428642918,63.23539584893618,6245.891848676838,3.122945924338419,0.0,PHASE7A_FIXED_weekly,PHASE7A_FIXED,weekly,after_tax
2025-08-11,TQQQ,SELL,142.08879297553227,45.81751602714535,6510.155549434188,3.255077774717094,1269.4347873913844,PHASE7A_FIXED_weekly,PHASE7A_FIXED,weekly,after_tax
2025-08-18,QLD,BUY,5.489968540454795,63.53494513716212,348.80485002254136,0.17440242501127068,0.0,PHASE7A_FIXED_weekly,PHASE7A_FIXED,weekly,after_tax
2025-08-18,TQQQ,SELL,7.894535026922687,46.10067551415114,363.9433976112632,0.1819716988056316,72.76482138869316,PHASE7A_FIXED_weekly,PHASE7A_FIXED,weekly,after_tax
2025-08-25,QLD,BUY,4709.638074788661,62.117062095230814,292548.8807377105,146.27444036885527,0.0,PHASE7A_FIXED_weekly,PHASE7A_FIXED,weekly,after_tax
2025-08-25,TQQQ,SELL,6815.267335250369,44.52093364088533,303422.0647775751,151.71103238878754,52056.1091169442,PHASE7A_FIXED_weekly,PHASE7A_FIXED,weekly,after_tax
2025-09-02,QLD,SELL,4988.288333970586,60.05515345622622,299572.4213805066,149.7862106902533,31894.755803319924,PHASE7A_FIXED_weekly,PHASE7A_FIXED,weekly,after_tax
2025-09-02,TQQQ,BUY,6925.107146081751,42.280474647309575,292796.81711981184,146.39840855990593,0.0,PHASE7A_FIXED_weekly,PHASE7A_FIXED,weekly,after_tax
2025-09-08,QLD,BUY,112.52341111441793,63.694706258950376,7167.145618187962,3.583572809093981,0.0,PHASE7A_FIXED_weekly,PHASE7A_FIXED,weekly,after_tax
2025-09-08,TQQQ,SELL,158.10559858927408,46.15531927268112,7297.414381686307,3.6487071908431536,605.6435318675802,PHASE7A_FIXED_weekly,PHASE7A_FIXED,weekly,after_tax
2025-09-15,QLD,BUY,62.99408365664998,65.85648272074249,4148.568781843176,2.074284390921588,0.0,PHASE7A_FIXED_weekly,PHASE7A_FIXED,weekly,after_tax
2025-09-15,TQQQ,SELL,87.88985640287251,48.50506367860168,4263.1030815244885,2.1315515407622443,543.0886721636974,PHASE7A_FIXED_weekly,PHASE7A_FIXED,weekly,after_tax
2025-09-22,QLD,BUY,59.151939619566534,68.02822637302506,4024.001538843382,2.0120007694216913,0.0,PHASE7A_FIXED_weekly,PHASE7A_FIXED,weekly,after_tax
2025-09-22,TQQQ,SELL,81.96825017477289,50.87964160021056,4170.515191488841,2.0852575957444204,701.0405822325836,PHASE7A_FIXED_weekly,PHASE7A_FIXED,weekly,after_tax
2025-09-29,QLD,BUY,4.258443845219492,68.2634178237408,290.6959314851556,0.1453479657425778,0.0,PHASE7A_FIXED_weekly,PHASE7A_FIXED,weekly,after_tax
2025-09-29,TQQQ,SELL,5.899175932246288,51.112266533804245,301.5202525787754,0.1507601262893877,51.824824029906324,PHASE7A_FIXED_weekly,PHASE7A_FIXED,weekly,after_tax
2025-10-06,QLD,BUY,54.68262885671866,70.31595750070778,3845.061406716006,1.922530703358003,0.0,PHASE7A_FIXED_weekly,PHASE7A_FIXED,weekly,after_tax
2025-10-06,TQQQ,SELL,75.24259465277727,53.404588402587386,4018.2997977742925,2.0091498988871463,833.4073859530578,PHASE7A_FIXED_weekly,PHASE7A_FIXED,weekly,after_tax
2025-10-13,QLD,BUY,4687.102627227704,68.10360658618899,319208.5933538084,159.6042966769042,0.0,PHASE7A_FIXED_weekly,PHASE7A_FIXED,weekly,after_tax
2025-10-13,TQQQ,SELL,6516.001670329808,50.74927003510959,330682.32831679255,165.34116415839628,54879.59390671576,PHASE7A_FIXED_weekly,PHASE7A_FIXED,weekly,after_tax
2025-12-29,QLD,SELL,5074.353795125746,71.7171071740682,363917.9749641728,181.9589874820864,76724.9311016024,PHASE7A_FIXED_weekly,PHASE7A_FIXED,weekly,after_tax
2025-12-29,TQQQ,BUY,6434.945697502846,54.075881118804844,347975.3585441286,173.9876792720643,0.0,PHASE7A_FIXED_weekly,PHASE7A_FIXED,weekly,after_tax
2026-01-05,QLD,SELL,10.094751292857985,71.44735261268555,721.2432551581878,0.36062162757909394,149.9122918704695,PHASE7A_FIXED_weekly,PHASE7A_FIXED,weekly,after_tax
2026-01-05,TQQQ,BUY,12.841804873033968,53.73722127107424,690.0829099821858,0.3450414549910929,0.0,PHASE7A_FIXED_weekly,PHASE7A_FIXED,weekly,after_tax
2026-01-12,QLD,BUY,12.97310801330223,72.06680231057176,934.9304105483461,0.46746520527417307,0.0,PHASE7A_FIXED_weekly,PHASE7A_FIXED,weekly,after_tax
2026-01-12,TQQQ,SELL,17.224698357551333,54.384657731909684,936.7593247108161,0.46837966235540807,4.39610777849211,PHASE7A_FIXED_weekly,PHASE7A_FIXED,weekly,after_tax
2026-01-20,QLD,SELL,82.07145637050871,69.24927057704316,5683.38848885335,2.8416942444266753,1037.6416135153243,PHASE7A_FIXED_weekly,PHASE7A_FIXED,weekly,after_tax
2026-01-20,TQQQ,BUY,106.80412410651931,51.187315455856556,5467.016392626858,2.733508196313429,0.0,PHASE7A_FIXED_weekly,PHASE7A_FIXED,weekly,after_tax
2026-01-26,QLD,BUY,71.40238062724673,72.06680194039414,5145.741222736426,2.572870611368213,0.0,PHASE7A_FIXED_weekly,PHASE7A_FIXED,weekly,after_tax
2026-01-26,TQQQ,SELL,94.99979281427319,54.25517149834525,5154.230051445658,2.5771150257228292,16.43535846527247,PHASE7A_FIXED_weekly,PHASE7A_FIXED,weekly,after_tax
2026-02-02,QLD,SELL,33.63175600831723,70.92780907290941,2385.4267689445987,1.1927133844722995,479.7127870069633,PHASE7A_FIXED_weekly,PHASE7A_FIXED,weekly,after_tax
2026-02-02,TQQQ,BUY,43.16568647477372,52.950335573229424,2285.637584088079,1.1428187920440396,0.0,PHASE7A_FIXED_weekly,PHASE7A_FIXED,weekly,after_tax
2026-02-09,QLD,BUY,4734.192518736003,68.24016341386157,323062.07111122576,161.53103555561287,0.0,PHASE7A_FIXED_weekly,PHASE7A_FIXED,weekly,after_tax
2026-02-09,TQQQ,SELL,6485.5328217853485,49.86256390653135,323385.2947941785,161.69264739708925,-27305.589916535046,PHASE7A_FIXED_weekly,PHASE7A_FIXED,weekly,after_tax
2026-03-23,QLD,SELL,24100.990606731208,64.02386157339181,1543038.4863869753,771.5192431934877,122327.5451855117,PHASE7A_FIXED_weekly,PHASE7A_FIXED,weekly,after_tax
2026-04-13,QLD,BUY,22436.598588664034,67.84460442333032,1522202.1558529628,761.1010779264814,0.0,PHASE7A_FIXED_weekly,PHASE7A_FIXED,weekly,after_tax
2014-01-06,QLD,BUY,26980.624198827347,2.9636089736382116,79960.019990005,39.980009995002504,0.0,MODEL_B_FOUR_STATE_weekly,MODEL_B_FOUR_STATE,weekly,pre_tax
2014-01-06,TQQQ,BUY,17012.42776966119,1.175023651424406,19990.00499750125,9.995002498750626,0.0,MODEL_B_FOUR_STATE_weekly,MODEL_B_FOUR_STATE,weekly,pre_tax
2014-01-13,QLD,BUY,33.76965355943344,2.99579069555701,101.16681392553437,0.05058340696276718,0.0,MODEL_B_FOUR_STATE_weekly,MODEL_B_FOUR_STATE,weekly,pre_tax
2014-01-13,TQQQ,SELL,84.72735096214778,1.1952224423184905,101.26803134815418,0.05063401567407709,1.6109777087685386,MODEL_B_FOUR_STATE_weekly,MODEL_B_FOUR_STATE,weekly,pre_tax
2014-01-21,QLD,BUY,63.584682456394354,3.0828278024051787,196.02062688367732,0.09801031344183866,0.0,MODEL_B_FOUR_STATE_weekly,MODEL_B_FOUR_STATE,weekly,pre_tax
2014-01-21,TQQQ,SELL,157.67551584307097,1.2444338267787682,196.2167455699091,0.09810837278495456,10.75354060078907,MODEL_B_FOUR_STATE_weekly,MODEL_B_FOUR_STATE,weekly,pre_tax
2014-01-27,QLD,SELL,109.85063520202165,2.964835712640941,325.68908630324586,0.16284454315162294,-0.2260427789091521,MODEL_B_FOUR_STATE_weekly,MODEL_B_FOUR_STATE,weekly,pre_tax
2014-01-27,TQQQ,BUY,277.4842920944031,1.17254766936287,325.3635599800982,0.16268177999004912,0.0,MODEL_B_FOUR_STATE_weekly,MODEL_B_FOUR_STATE,weekly,pre_tax
2014-02-03,QLD,BUY,6676.599066260887,2.919170613887869,19490.131794939967,9.745065897469983,0.0,MODEL_B_FOUR_STATE_weekly,MODEL_B_FOUR_STATE,weekly,pre_tax
2014-02-03,TQQQ,SELL,17047.509194950373,1.1444271097653773,19509.631676675748,9.754815838337874,-540.6778647026327,MODEL_B_FOUR_STATE_weekly,MODEL_B_FOUR_STATE,weekly,pre_tax
2014-03-03,QLD,SELL,6734.330164926475,3.1671084273014936,21328.353817569296,10.664176908784649,1407.477308734244,MODEL_B_FOUR_STATE_weekly,MODEL_B_FOUR_STATE,weekly,pre_tax
2014-03-03,TQQQ,BUY,16492.0120574507,1.2919609838008337,21307.036122599216,10.653518061299609,0.0,MODEL_B_FOUR_STATE_weekly,MODEL_B_FOUR_STATE,weekly,pre_tax
2014-03-10,QLD,BUY,58.25558999174492,3.2388234882754663,188.67957318860863,0.09433978659430432,0.0,MODEL_B_FOUR_STATE_weekly,MODEL_B_FOUR_STATE,weekly,pre_tax
2014-03-10,TQQQ,SELL,141.4184812271799,1.3355280406764232,188.86834714877114,0.09443417357438556,5.97539926124268,MODEL_B_FOUR_STATE_weekly,MODEL_B_FOUR_STATE,weekly,pre_tax
2014-03-17,QLD,SELL,78.41198576568272,3.147187805687347,246.77724542148644,0.12338862271074322,14.778807416746004,MODEL_B_FOUR_STATE_weekly,MODEL_B_FOUR_STATE,weekly,pre_tax
2014-03-17,TQQQ,BUY,192.7690260436408,1.2788910986520652,246.53059150304034,0.12326529575152018,0.0,MODEL_B_FOUR_STATE_weekly,MODEL_B_FOUR_STATE,weekly,pre_tax
2014-03-24,QLD,BUY,17.681501158519993,3.1664957840750363,55.98839887457143,0.027994199437285715,0.0,MODEL_B_FOUR_STATE_weekly,MODEL_B_FOUR_STATE,weekly,pre_tax
2014-03-24,TQQQ,SELL,43.412609232823534,1.2909709015887865,56.04441528161988,0.02802220764080994,-0.0924331356433793,MODEL_B_FOUR_STATE_weekly,MODEL_B_FOUR_STATE,weekly,pre_tax
2014-03-31,QLD,SELL,102.68287564851164,3.0512611965608785,313.3122740175895,0.15665613700879477,9.49396880964956,MODEL_B_FOUR_STATE_weekly,MODEL_B_FOUR_STATE,weekly,pre_tax
2014-03-31,TQQQ,BUY,256.4992085598181,1.220273232338035,312.999118321437,0.1564995591607185,0.0,MODEL_B_FOUR_STATE_weekly,MODEL_B_FOUR_STATE,weekly,pre_tax
2014-04-07,QLD,BUY,6534.001878316124,2.918251266868102,19067.859259114586,9.533929629557294,0.0,MODEL_B_FOUR_STATE_weekly,MODEL_B_FOUR_STATE,weekly,pre_tax
2014-04-07,TQQQ,SELL,16756.449201594154,1.1390800298703385,19086.936657072678,9.543468328536338,-2561.1985866721916,MODEL_B_FOUR_STATE_weekly,MODEL_B_FOUR_STATE,weekly,pre_tax
2014-05-12,QLD,SELL,6673.184061114788,3.008048050975346,20073.258308836084,10.036629154418042,377.9022793056011,MODEL_B_FOUR_STATE_weekly,MODEL_B_FOUR_STATE,weekly,pre_tax
2014-05-12,TQQQ,BUY,16891.142896799174,1.1872017899949578,20053.1950821406,10.0265975410703,0.0,MODEL_B_FOUR_STATE_weekly,MODEL_B_FOUR_STATE,weekly,pre_tax
2014-05-19,QLD,BUY,0.45122572015556955,3.016322838225061,1.3610424448997946,0.0006805212224498974,0.0,MODEL_B_FOUR_STATE_weekly,MODEL_B_FOUR_STATE,weekly,pre_tax
2014-05-19,TQQQ,SELL,1.144330822690268,1.1905684450477378,1.362404168190551,0.0006812020840952756,0.002492089261644521,MODEL_B_FOUR_STATE_weekly,MODEL_B_FOUR_STATE,weekly,pre_tax
2014-05-27,QLD,BUY,173.77327798693736,3.2130796324172826,558.347380158215,0.2791736900791075,0.0,MODEL_B_FOUR_STATE_weekly,MODEL_B_FOUR_STATE,weekly,pre_tax
2014-05-27,TQQQ,SELL,426.78086231907804,1.3095854481727636,558.9060068516883,0.27945300342584417,51.698212665620915,MODEL_B_FOUR_STATE_weekly,MODEL_B_FOUR_STATE,weekly,pre_tax
2014-06-02,QLD,BUY,65.18917771432139,3.293069380194802,214.6724850511091,0.10733624252555456,0.0,MODEL_B_FOUR_STATE_weekly,MODEL_B_FOUR_STATE,weekly,pre_tax
2014-06-02,TQQQ,SELL,158.17979565149426,1.3585000792359487,214.88726492608112,0.10744363246304056,26.89458908685819,MODEL_B_FOUR_STATE_weekly,MODEL_B_FOUR_STATE,weekly,pre_tax
2014-06-09,QLD,BUY,85.71342835990292,3.395432690204156,291.03417664268636,0.1455170883213432,0.0,MODEL_B_FOUR_STATE_weekly,MODEL_B_FOUR_STATE,weekly,pre_tax
2014-06-09,TQQQ,SELL,204.71785682682594,1.4230578657123893,291.3253564091974,0.14566267820459872,48.01676695921916,MODEL_B_FOUR_STATE_weekly,MODEL_B_FOUR_STATE,weekly,pre_tax
2014-06-16,QLD,SELL,41.414076354857144,3.3454766649757683,138.5498260466993,0.06927491302334965,16.14863847339824,MODEL_B_FOUR_STATE_weekly,MODEL_B_FOUR_STATE,weekly,pre_tax
2014-06-16,TQQQ,BUY,99.47826985526565,1.3913726652297482,138.4113454609651,0.06920567273048255,0.0,MODEL_B_FOUR_STATE_weekly,MODEL_B_FOUR_STATE,weekly,pre_tax
2014-06-23,QLD,BUY,43.78478536524597,3.4049321767298646,149.08422454133688,0.07454211227066844,0.0,MODEL_B_FOUR_STATE_weekly,MODEL_B_FOUR_STATE,weekly,pre_tax
2014-06-23,TQQQ,SELL,104.53351607036548,1.4276127787073247,149.23338334526125,0.07461669167263063,24.86321320566276,MODEL_B_FOUR_STATE_weekly,MODEL_B_FOUR_STATE,weekly,pre_tax
2014-06-30,QLD,BUY,59.652409920892055,3.47431529777931,207.25128033755755,0.10362564016877877,0.0,MODEL_B_FOUR_STATE_weekly,MODEL_B_FOUR_STATE,weekly,pre_tax
2014-06-30,TQQQ,SELL,140.85885725851975,1.4728121421191083,207.4586352953702,0.1037293176476851,39.86671387286003,MODEL_B_FOUR_STATE_weekly,MODEL_B_FOUR_STATE,weekly,pre_tax
2014-07-07,QLD,BUY,101.15833830447505,3.6136802154261245,365.5538857562642,0.18277694287813212,0.0,MODEL_B_FOUR_STATE_weekly,MODEL_B_FOUR_STATE,weekly,pre_tax
2014-07-07,TQQQ,SELL,234.4805346417116,1.5605543678476572,365.91962251037694,0.18295981125518848,86.92763644921963,MODEL_B_FOUR_STATE_weekly,MODEL_B_FOUR_STATE,weekly,pre_tax
2014-07-14,QLD,BUY,0.8773678045671749,3.620434602307532,3.176452758605592,0.001588226379302796,0.0,MODEL_B_FOUR_STATE_weekly,MODEL_B_FOUR_STATE,weekly,pre_tax
2014-07-14,TQQQ,SELL,2.033370839654709,1.5637240086101705,3.1796308003758895,0.0015898154001879447,0.7602618517297908,MODEL_B_FOUR_STATE_weekly,MODEL_B_FOUR_STATE,weekly,pre_tax
2014-07-21,QLD,BUY,7.226132479189176,3.63302056470564,26.252687900181627,0.013126343950090814,0.0,MODEL_B_FOUR_STATE_weekly,MODEL_B_FOUR_STATE,weekly,pre_tax
2014-07-21,TQQQ,SELL,16.72487576133064,1.5712495623881213,26.278953720986465,0.013139476860493233,6.379104533691528,MODEL_B_FOUR_STATE_weekly,MODEL_B_FOUR_STATE,weekly,pre_tax
2014-07-28,QLD,BUY,52.502356286045625,3.7020886962685684,194.36837973403453,0.09718418986701727,0.0,MODEL_B_FOUR_STATE_weekly,MODEL_B_FOUR_STATE,weekly,pre_tax
2014-07-28,TQQQ,SELL,120.35256768366597,1.616607348652173,194.56284534657243,0.09728142267328621,51.36037076220973,MODEL_B_FOUR_STATE_weekly,MODEL_B_FOUR_STATE,weekly,pre_tax
2014-08-04,QLD,SELL,118.02845180264168,3.555049050348329,419.5969354950648,0.2097984677475324,70.04010964446837,MODEL_B_FOUR_STATE_weekly,MODEL_B_FOUR_STATE,weekly,pre_tax
2014-08-04,TQQQ,BUY,275.99933943864465,1.5187628677147547,419.1775482532139,0.20958877412660695,0.0,MODEL_B_FOUR_STATE_weekly,MODEL_B_FOUR_STATE,weekly,pre_tax
2014-08-11,QLD,BUY,23.155551742906628,3.5777655337910415,82.84513494168641,0.041422567470843205,0.0,MODEL_B_FOUR_STATE_weekly,MODEL_B_FOUR_STATE,weekly,pre_tax
2014-08-11,TQQQ,SELL,54.024643353513355,1.5350035904404336,82.9280215199069,0.04146401075995346,18.33781179555257,MODEL_B_FOUR_STATE_weekly,MODEL_B_FOUR_STATE,weekly,pre_tax
2014-08-18,QLD,BUY,146.93824737847098,3.7763759719132777,554.8940667551069,0.27744703337755344,0.0,MODEL_B_FOUR_STATE_weekly,MODEL_B_FOUR_STATE,weekly,pre_tax
2014-08-18,TQQQ,SELL,333.7750271704583,1.6641425906438432,555.4492384076657,0.27772461920383285,156.37648216938013,MODEL_B_FOUR_STATE_weekly,MODEL_B_FOUR_STATE,weekly,pre_tax
2014-08-25,QLD,BUY,90.6445631371618,3.9046903831698,353.9389539683034,0.1769694769841517,0.0,MODEL_B_FOUR_STATE_weekly,MODEL_B_FOUR_STATE,weekly,pre_tax
2014-08-25,TQQQ,SELL,202.53296107279417,1.7493106707352304,354.29306998024185,0.17714653499012092,112.12915978697923,MODEL_B_FOUR_STATE_weekly,MODEL_B_FOUR_STATE,weekly,pre_tax
2014-09-02,QLD,BUY,27.226487302584683,3.944290594561665,107.38917779053736,0.05369458889526868,0.0,MODEL_B_FOUR_STATE_weekly,MODEL_B_FOUR_STATE,weekly,pre_tax
2014-09-02,TQQQ,SELL,60.532434954739934,1.7758515871716078,107.49662068973703,0.053748310344868516,35.11860499366218,MODEL_B_FOUR_STATE_weekly,MODEL_B_FOUR_STATE,weekly,pre_tax
2014-09-08,QLD,SELL,8.213205669753206,3.9317047714842928,32.29189992095053,0.016145949960475265,7.891696991664993,MODEL_B_FOUR_STATE_weekly,MODEL_B_FOUR_STATE,weekly,pre_tax
2014-09-08,TQQQ,BUY,18.25121870251731,1.7675326061638696,32.25962415892718,0.016129812079463592,0.0,MODEL_B_FOUR_STATE_weekly,MODEL_B_FOUR_STATE,weekly,pre_tax
2014-09-15,QLD,SELL,19.832807101392067,3.905305029864297,77.45316132939479,0.0387265806646974,18.53312605323771,MODEL_B_FOUR_STATE_weekly,MODEL_B_FOUR_STATE,weekly,pre_tax
2014-09-15,TQQQ,BUY,44.23215069581209,1.7493100755466315,77.37574687528104,0.03868787343764052,0.0,MODEL_B_FOUR_STATE_weekly,MODEL_B_FOUR_STATE,weekly,pre_tax
2014-09-22,QLD,BUY,18.943398544575565,3.9332403583174833,74.50893967921729,0.037254469839608645,0.0,MODEL_B_FOUR_STATE_weekly,MODEL_B_FOUR_STATE,weekly,pre_tax
2014-09-22,TQQQ,SELL,42.18694770403617,1.7679279955320815,74.58348589201341,0.037291742946006706,24.044347350460985,MODEL_B_FOUR_STATE_weekly,MODEL_B_FOUR_STATE,weekly,pre_tax
2014-09-29,QLD,SELL,120.7332695295432,3.779446075757672,456.30488173682534,0.22815244086841266,97.55289561376662,MODEL_B_FOUR_STATE_weekly,MODEL_B_FOUR_STATE,weekly,pre_tax
2014-09-29,TQQQ,BUY,274.3813471037845,1.6613695125606291,455.8488048935433,0.22792440244677165,0.0,MODEL_B_FOUR_STATE_weekly,MODEL_B_FOUR_STATE,weekly,pre_tax
2014-10-06,QLD,BUY,6848.954098616536,3.827026828691524,26211.131083882254,13.105565541941127,0.0,MODEL_B_FOUR_STATE_weekly,MODEL_B_FOUR_STATE,weekly,pre_tax
2014-10-06,TQQQ,SELL,15500.626640464314,1.6926641700146003,26237.35532708773,13.118677663543865,7540.875203587137,MODEL_B_FOUR_STATE_weekly,MODEL_B_FOUR_STATE,weekly,pre_tax
2014-11-17,QLD,SELL,6826.263458449697,4.166539199596304,28441.8942864025,14.22094714320125,6978.599697190598,MODEL_B_FOUR_STATE_weekly,MODEL_B_FOUR_STATE,weekly,pre_tax
2014-11-17,TQQQ,BUY,14867.369495106032,1.9111293773460951,28413.466605956317,14.206733302978158,0.0,MODEL_B_FOUR_STATE_weekly,MODEL_B_FOUR_STATE,weekly,pre_tax
2014-11-24,QLD,BUY,64.10337191940494,4.261087233893229,273.15005973528605,0.13657502986764303,0.0,MODEL_B_FOUR_STATE_weekly,MODEL_B_FOUR_STATE,weekly,pre_tax
2014-11-24,TQQQ,SELL,138.2685005416235,1.9774810992184992,273.4233464383433,0.13671167321917166,8.905516921759656,MODEL_B_FOUR_STATE_weekly,MODEL_B_FOUR_STATE,weekly,pre_tax
2014-12-01,QLD,BUY,83.45649958362401,4.389092925698782,366.2983319260675,0.18314916596303374,0.0,MODEL_B_FOUR_STATE_weekly,MODEL_B_FOUR_STATE,weekly,pre_tax
2014-12-01,TQQQ,SELL,177.30432468009758,2.06799701112928,366.6648134987372,0.1833324067493686,27.460551713529746,MODEL_B_FOUR_STATE_weekly,MODEL_B_FOUR_STATE,weekly,pre_tax
2014-12-08,QLD,SELL,43.686607267681396,4.339978222880609,189.598924173275,0.0947994620866375,51.95416239962558,MODEL_B_FOUR_STATE_weekly,MODEL_B_FOUR_STATE,weekly,pre_tax
2014-12-08,TQQQ,BUY,93.3703433931194,2.0285822362643273,189.4094200011823,0.09470471000059115,0.0,MODEL_B_FOUR_STATE_weekly,MODEL_B_FOUR_STATE,weekly,pre_tax
2014-12-15,QLD,SELL,103.19169038152039,4.178817999103117,431.2192931241734,0.21560964656208673,106.09831749500101,MODEL_B_FOUR_STATE_weekly,MODEL_B_FOUR_STATE,weekly,pre_tax
2014-12-15,TQQQ,BUY,224.78135777206114,1.916476942762366,430.78828933297336,0.21539414466648668,0.0,MODEL_B_FOUR_STATE_weekly,MODEL_B_FOUR_STATE,weekly,pre_tax
2014-12-22,QLD,BUY,6886.040974225023,4.281650165010174,29483.61847355739,14.741809236778696,0.0,MODEL_B_FOUR_STATE_weekly,MODEL_B_FOUR_STATE,weekly,pre_tax
2014-12-22,TQQQ,SELL,14869.94837104949,1.9847491130953927,29513.116841214753,14.756558420607377,1053.5811825678504,MODEL_B_FOUR_STATE_weekly,MODEL_B_FOUR_STATE,weekly,pre_tax
2015-03-02,QLD,SELL,6838.364952732774,4.624734788922491,31625.624296251568,15.812812148125785,8514.10130547325,MODEL_B_FOUR_STATE_weekly,MODEL_B_FOUR_STATE,weekly,pre_tax
2015-03-02,TQQQ,BUY,14252.575917651033,2.216723114432778,31594.014476865006,15.797007238432503,0.0,MODEL_B_FOUR_STATE_weekly,MODEL_B_FOUR_STATE,weekly,pre_tax
2015-03-09,QLD,SELL,51.22926097335169,4.539960658332593,232.57882937446993,0.11628941468723497,59.44220947374809,MODEL_B_FOUR_STATE_weekly,MODEL_B_FOUR_STATE,weekly,pre_tax
2015-03-09,TQQQ,BUY,107.7819485171447,2.1557076112746962,232.3463667764263,0.11617318338821316,0.0,MODEL_B_FOUR_STATE_weekly,MODEL_B_FOUR_STATE,weekly,pre_tax
2015-03-16,QLD,SELL,101.97100874407504,4.378093468951566,446.43860740483797,0.223219303702419,101.82124112970628,MODEL_B_FOUR_STATE_weekly,MODEL_B_FOUR_STATE,weekly,pre_tax
2015-03-16,TQQQ,BUY,218.6216828160017,2.040019023550085,445.9923919051762,0.2229961959525881,0.0,MODEL_B_FOUR_STATE_weekly,MODEL_B_FOUR_STATE,weekly,pre_tax
2015-03-23,QLD,BUY,148.1203444202554,4.629342965925713,685.6998745524033,0.34284993727620167,0.0,MODEL_B_FOUR_STATE_weekly,MODEL_B_FOUR_STATE,weekly,pre_tax
2015-03-23,TQQQ,SELL,309.7506840268097,2.215930271808422,686.3859174483732,0.3431929587241866,0.0288887471338245,MODEL_B_FOUR_STATE_weekly,MODEL_B_FOUR_STATE,weekly,pre_tax
2015-03-30,QLD,BUY,6671.880502203367,4.4301993281197305,29557.760518156487,14.778880259078244,0.0,MODEL_B_FOUR_STATE_weekly,MODEL_B_FOUR_STATE,weekly,pre_tax
2015-03-30,TQQQ,SELL,14269.228864957367,2.0735060979790685,29587.333064948045,14.793666532474022,-2029.9361780062916,MODEL_B_FOUR_STATE_weekly,MODEL_B_FOUR_STATE,weekly,pre_tax
2015-04-13,QLD,SELL,6804.024619029757,4.565725370923395,31065.307827491546,15.532653913745774,6623.909909311746,MODEL_B_FOUR_STATE_weekly,MODEL_B_FOUR_STATE,weekly,pre_tax
2015-04-13,TQQQ,BUY,14319.875549224613,2.167215625434398,31034.258044555565,15.517129022277782,0.0,MODEL_B_FOUR_STATE_weekly,MODEL_B_FOUR_STATE,weekly,pre_tax
2015-04-20,QLD,SELL,67.68159498960364,4.454169338832416,301.4652852059662,0.1507326426029831,58.34342699409329,MODEL_B_FOUR_STATE_weekly,MODEL_B_FOUR_STATE,weekly,pre_tax
2015-04-20,TQQQ,BUY,144.2377586665427,2.087969012845931,301.1639705780908,0.1505819852890454,0.0,MODEL_B_FOUR_STATE_weekly,MODEL_B_FOUR_STATE,weekly,pre_tax
2015-04-27,QLD,BUY,216.7385678617774,4.827860887949266,1046.383654690013,0.5231918273450065,0.0,MODEL_B_FOUR_STATE_weekly,MODEL_B_FOUR_STATE,weekly,pre_tax
2015-04-27,TQQQ,SELL,445.0248569954627,2.353645072479458,1047.4305617982463,0.5237152808991232,82.31164976815207,MODEL_B_FOUR_STATE_weekly,MODEL_B_FOUR_STATE,weekly,pre_tax
2015-05-04,QLD,SELL,86.5053728139834,4.691108057539869,405.80605142816785,0.20290302571408392,94.20560346780194,MODEL_B_FOUR_STATE_weekly,MODEL_B_FOUR_STATE,weekly,pre_tax
2015-05-04,TQQQ,BUY,180.11218639842835,2.250821869885175,405.4004481784177,0.20270022408920887,0.0,MODEL_B_FOUR_STATE_weekly,MODEL_B_FOUR_STATE,weekly,pre_tax
2015-05-11,QLD,BUY,6763.36713166114,4.631795061447061,31326.53047918144,15.663265239590721,0.0,MODEL_B_FOUR_STATE_weekly,MODEL_B_FOUR_STATE,weekly,pre_tax
2015-05-11,TQQQ,SELL,14199.200637294121,2.20842521221935,31357.872680761404,15.678936340380702,550.0960666264804,MODEL_B_FOUR_STATE_weekly,MODEL_B_FOUR_STATE,weekly,pre_tax
2015-05-26,QLD,SELL,6808.406945676943,4.75164645417625,32351.142722014803,16.175571361007403,6426.142780756722,MODEL_B_FOUR_STATE_weekly,MODEL_B_FOUR_STATE,weekly,pre_tax
2015-05-26,TQQQ,BUY,14084.686283414367,2.2946061485826554,32318.807746780396,16.159403873390197,0.0,MODEL_B_FOUR_STATE_weekly,MODEL_B_FOUR_STATE,weekly,pre_tax
2015-06-01,QLD,BUY,16.830691009314396,4.784836091338641,80.5320977835363,0.04026604889176815,0.0,MODEL_B_FOUR_STATE_weekly,MODEL_B_FOUR_STATE,weekly,pre_tax
2015-06-01,TQQQ,SELL,34.78002358565301,2.3177865296430693,80.6126701674948,0.0403063350837474,0.7260046369381224,MODEL_B_FOUR_STATE_weekly,MODEL_B_FOUR_STATE,weekly,pre_tax
2015-06-08,QLD,SELL,72.37047888661175,4.664370964060142,337.5627603738394,0.1687813801869197,61.950232911392426,MODEL_B_FOUR_STATE_weekly,MODEL_B_FOUR_STATE,weekly,pre_tax
2015-06-08,TQQQ,BUY,151.2611762233974,2.2294244612543532,337.22536631054754,0.16861268315527378,0.0,MODEL_B_FOUR_STATE_weekly,MODEL_B_FOUR_STATE,weekly,pre_tax
2015-06-15,QLD,SELL,69.63608158774665,4.5506655106369625,316.89051477726025,0.15844525738863013,51.695503918711765,MODEL_B_FOUR_STATE_weekly,MODEL_B_FOUR_STATE,weekly,pre_tax
2015-06-15,TQQQ,BUY,147.4352108230317,2.1472060904674724,316.57378262856946,0.15828689131428472,0.0,MODEL_B_FOUR_STATE_weekly,MODEL_B_FOUR_STATE,weekly,pre_tax
2015-06-22,QLD,BUY,143.98160766548943,4.809421964831682,692.4683064381825,0.34623415321909123,0.0,MODEL_B_FOUR_STATE_weekly,MODEL_B_FOUR_STATE,weekly,pre_tax
2015-06-22,TQQQ,SELL,297.5358548627345,2.3296725749969482,693.1611211519848,0.3465805605759924,10.400989084201358,MODEL_B_FOUR_STATE_weekly,MODEL_B_FOUR_STATE,weekly,pre_tax
2015-06-29,QLD,SELL,132.20185669220587,4.5764792653782065,605.0190559963812,0.3025095279981906,100.84995617377568,MODEL_B_FOUR_STATE_weekly,MODEL_B_FOUR_STATE,weekly,pre_tax
2015-06-29,TQQQ,BUY,279.4261830049949,2.163055490358006,604.4143392987353,0.30220716964936767,0.0,MODEL_B_FOUR_STATE_weekly,MODEL_B_FOUR_STATE,weekly,pre_tax
2015-07-06,QLD,BUY,6711.653596574674,4.509486092271611,30266.10854989823,15.133054274949114,0.0,MODEL_B_FOUR_STATE_weekly,MODEL_B_FOUR_STATE,weekly,pre_tax
2015-07-06,TQQQ,SELL,14330.492975017403,2.114120557603214,30296.389799072735,15.148194899536367,-2550.3082307598875,MODEL_B_FOUR_STATE_weekly,MODEL_B_FOUR_STATE,weekly,pre_tax
2015-08-17,QLD,SELL,6766.343418153107,4.7418123145022575,32084.730544349703,16.04236527217485,5338.915931749219,MODEL_B_FOUR_STATE_weekly,MODEL_B_FOUR_STATE,weekly,pre_tax
2015-08-17,TQQQ,BUY,14098.952930702082,2.2734072527013827,32052.661848153526,16.026330924076763,0.0,MODEL_B_FOUR_STATE_weekly,MODEL_B_FOUR_STATE,weekly,pre_tax
2015-08-24,QLD,SELL,27038.321824863753,3.432666745387014,92813.54817928173,46.40677408964087,-14045.081927960151,MODEL_B_FOUR_STATE_weekly,MODEL_B_FOUR_STATE,weekly,pre_tax
2015-08-24,TQQQ,SELL,14098.952930702082,1.4868782050520213,20963.425826715247,10.481712913357624,-11115.74406527571,MODEL_B_FOUR_STATE_weekly,MODEL_B_FOUR_STATE,weekly,pre_tax
2015-08-31,QLD,BUY,26620.385503119633,4.269782414635874,113663.25389204797,56.83162694602399,0.0,MODEL_B_FOUR_STATE_weekly,MODEL_B_FOUR_STATE,weekly,pre_tax
2015-09-08,QLD,SELL,26620.385503119633,4.186809861271527,111454.49253531088,55.727246267655445,-2321.3202299507548,MODEL_B_FOUR_STATE_weekly,MODEL_B_FOUR_STATE,weekly,pre_tax
2015-09-14,QLD,BUY,25725.203803302364,4.328171492576434,111343.09374217215,55.67154687108607,0.0,MODEL_B_FOUR_STATE_weekly,MODEL_B_FOUR_STATE,weekly,pre_tax
2015-09-28,QLD,SELL,25725.203803302364,4.062655391738128,104512.63793504854,52.25631896752427,-6938.383672962217,MODEL_B_FOUR_STATE_weekly,MODEL_B_FOUR_STATE,weekly,pre_tax
2015-10-12,QLD,BUY,23731.996922008977,4.399468694962183,104408.17752731737,52.20408876365869,0.0,MODEL_B_FOUR_STATE_weekly,MODEL_B_FOUR_STATE,weekly,pre_tax
2015-11-30,QLD,SELL,4750.197643387013,5.049125151231975,23984.34239454822,11.99217119727411,3063.5552234731695,MODEL_B_FOUR_STATE_weekly,MODEL_B_FOUR_STATE,weekly,pre_tax
2015-11-30,TQQQ,BUY,9815.73677080212,2.441015952017404,23960.370038331777,11.980185019165889,0.0,MODEL_B_FOUR_STATE_weekly,MODEL_B_FOUR_STATE,weekly,pre_tax
2015-12-07,QLD,BUY,4753.67824268998,5.094605531546941,24218.115470402714,12.109057735201358,0.0,MODEL_B_FOUR_STATE_weekly,MODEL_B_FOUR_STATE,weekly,pre_tax
2015-12-07,TQQQ,SELL,9815.73677080212,2.469742849370174,24242.345700988415,12.121172850494208,257.8743047869782,MODEL_B_FOUR_STATE_weekly,MODEL_B_FOUR_STATE,weekly,pre_tax
2016-01-11,QLD,SELL,23735.477521311943,4.215746027529573,100062.74507198829,50.031372535994144,-7769.0974448888555,MODEL_B_FOUR_STATE_weekly,MODEL_B_FOUR_STATE,weekly,pre_tax
2016-03-21,QQQ,BUY,1002.1536431972636,99.74791092348406,99962.73233328568,49.981366166642836,0.0,MODEL_B_FOUR_STATE_weekly,MODEL_B_FOUR_STATE,weekly,pre_tax
2016-04-04,QQQ,SELL,1002.1536431972636,102.70738760385949,102928.58267048125,51.464291335240624,2864.404679693692,MODEL_B_FOUR_STATE_weekly,MODEL_B_FOUR_STATE,weekly,pre_tax
2016-04-04,QLD,BUY,17768.27056768183,4.629632586230848,82260.56442110628,41.13028221055314,0.0,MODEL_B_FOUR_STATE_weekly,MODEL_B_FOUR_STATE,weekly,pre_tax
2016-04-04,TQQQ,BUY,9825.113146779215,2.093120028039378,20565.14110527657,10.282570552638285,0.0,MODEL_B_FOUR_STATE_weekly,MODEL_B_FOUR_STATE,weekly,pre_tax
2016-04-11,QLD,SELL,31.671979827312146,4.555833562751335,144.2922686960519,0.07214613434802596,-2.4828221322059614,MODEL_B_FOUR_STATE_weekly,MODEL_B_FOUR_STATE,weekly,pre_tax
2016-04-11,TQQQ,BUY,70.6119481607261,2.0414115782408455,144.14804853744863,0.07207402426872432,0.0,MODEL_B_FOUR_STATE_weekly,MODEL_B_FOUR_STATE,weekly,pre_tax
2016-04-18,QQQ,BUY,998.9296922308615,102.67018011004056,102560.29141860994,51.28014570930497,0.0,MODEL_B_FOUR_STATE_weekly,MODEL_B_FOUR_STATE,weekly,pre_tax
2016-04-18,QLD,SELL,17736.598587854518,4.6234829385361875,82004.8609586104,41.002430479305204,-191.13323049182668,MODEL_B_FOUR_STATE_weekly,MODEL_B_FOUR_STATE,weekly,pre_tax
2016-04-18,TQQQ,SELL,9895.72509493994,2.0875723465458815,20658.04205721674,10.32902102860837,-71.93076220279224,MODEL_B_FOUR_STATE_weekly,MODEL_B_FOUR_STATE,weekly,pre_tax
2016-05-02,QQQ,SELL,998.9296922308615,98.64040285951161,98534.82726998013,49.26741363499006,-4126.011707974107,MODEL_B_FOUR_STATE_weekly,MODEL_B_FOUR_STATE,weekly,pre_tax
2016-05-31,QLD,BUY,21375.812757568852,4.605033867105126,98436.34168550238,49.21817084275119,0.0,MODEL_B_FOUR_STATE_weekly,MODEL_B_FOUR_STATE,weekly,pre_tax
2016-06-06,QLD,SELL,4278.583707901898,4.600728468294781,19684.601868926504,9.842300934463251,-38.11482157949495,MODEL_B_FOUR_STATE_weekly,MODEL_B_FOUR_STATE,weekly,pre_tax
2016-06-06,TQQQ,BUY,9529.425288339748,2.0636005330250002,19664.92710443982,9.83246355221991,0.0,MODEL_B_FOUR_STATE_weekly,MODEL_B_FOUR_STATE,weekly,pre_tax
2016-06-13,QLD,SELL,55.909042295593245,4.439601034137069,248.21384199312888,0.12410692099656444,-9.502029693111828,MODEL_B_FOUR_STATE_weekly,MODEL_B_FOUR_STATE,weekly,pre_tax
2016-06-13,TQQQ,BUY,126.59090462066239,1.9587959572536524,247.9657521960362,0.1239828760980181,0.0,MODEL_B_FOUR_STATE_weekly,MODEL_B_FOUR_STATE,weekly,pre_tax
2016-06-20,QLD,SELL,17041.32000737136,4.412542996675287,75195.55725262895,37.59777862631447,-3357.1342280057224,MODEL_B_FOUR_STATE_weekly,MODEL_B_FOUR_STATE,weekly,pre_tax
2016-06-20,TQQQ,SELL,9656.01619296041,1.9393802365216821,18726.68696816075,9.363343484080374,-1205.5256783875031,MODEL_B_FOUR_STATE_weekly,MODEL_B_FOUR_STATE,weekly,pre_tax
2016-07-05,QLD,BUY,21419.27788257906,4.38055705839344,93828.3689142222,46.9141844571111,0.0,MODEL_B_FOUR_STATE_weekly,MODEL_B_FOUR_STATE,weekly,pre_tax
2016-08-01,QLD,SELL,4287.283689410888,5.025425873905194,21545.426381537196,10.772713190768599,2744.5724959490008,MODEL_B_FOUR_STATE_weekly,MODEL_B_FOUR_STATE,weekly,pre_tax
2016-08-01,TQQQ,BUY,9183.57027194124,2.3437389909507877,21523.891722485216,10.761945861242609,0.0,MODEL_B_FOUR_STATE_weekly,MODEL_B_FOUR_STATE,weekly,pre_tax
2016-08-08,QLD,BUY,45.259474091864334,5.156493055209271,233.38016383712238,0.11669008191856119,0.0,MODEL_B_FOUR_STATE_weekly,MODEL_B_FOUR_STATE,weekly,pre_tax
2016-08-08,TQQQ,SELL,95.87465894275847,2.436657019962877,233.61366074941907,0.11680683037470954,8.679324922588552,MODEL_B_FOUR_STATE_weekly,MODEL_B_FOUR_STATE,weekly,pre_tax
2016-08-15,QLD,BUY,12.544676597233629,5.200794927022488,65.24229040803039,0.03262114520401519,0.0,MODEL_B_FOUR_STATE_weekly,MODEL_B_FOUR_STATE,weekly,pre_tax
2016-08-15,TQQQ,SELL,26.477049027730168,2.4665726632714584,65.30756533589738,0.03265378266794869,3.1885917355367863,MODEL_B_FOUR_STATE_weekly,MODEL_B_FOUR_STATE,weekly,pre_tax
2016-08-22,QLD,SELL,8.369222933488198,5.174951733590464,43.31032472845982,0.02165516236422991,6.586361091141762,MODEL_B_FOUR_STATE_weekly,MODEL_B_FOUR_STATE,weekly,pre_tax
2016-08-22,TQQQ,BUY,17.671944011129593,2.4483461480429956,43.26703604808063,0.021633518024040312,0.0,MODEL_B_FOUR_STATE_weekly,MODEL_B_FOUR_STATE,weekly,pre_tax
2016-08-29,QLD,SELL,8.172104140489138,5.150339082887622,42.08910734418896,0.02104455367209448,6.230197144288925,MODEL_B_FOUR_STATE_weekly,MODEL_B_FOUR_STATE,weekly,pre_tax
2016-08-29,TQQQ,BUY,17.29682196637676,2.4309112594572135,42.04703927089213,0.021023519635446065,0.0,MODEL_B_FOUR_STATE_weekly,MODEL_B_FOUR_STATE,weekly,pre_tax
2016-09-06,QLD,BUY,16.16533754602205,5.190950395944928,83.9134653351066,0.0419567326675533,0.0,MODEL_B_FOUR_STATE_weekly,MODEL_B_FOUR_STATE,weekly,pre_tax
2016-09-06,TQQQ,SELL,34.12282117209499,2.461620050537492,83.99742077813426,0.04199871038906713,3.927850788659085,MODEL_B_FOUR_STATE_weekly,MODEL_B_FOUR_STATE,weekly,pre_tax
2016-09-12,QLD,SELL,111.37694750009024,4.86851615922151,542.2404686689551,0.2711202343344776,53.453323719514756,MODEL_B_FOUR_STATE_weekly,MODEL_B_FOUR_STATE,weekly,pre_tax
2016-09-12,TQQQ,BUY,242.48116848215167,2.233981725574329,541.6984991850368,0.2708492495925184,0.0,MODEL_B_FOUR_STATE_weekly,MODEL_B_FOUR_STATE,weekly,pre_tax
2016-09-19,QLD,BUY,4411.9172991863,5.232177424013039,23083.93408941514,11.54196704470757,0.0,MODEL_B_FOUR_STATE_weekly,MODEL_B_FOUR_STATE,weekly,pre_tax
2016-09-19,TQQQ,SELL,9304.545677258315,2.483412986807347,23107.02957124546,11.553514785622731,1300.4277274153594,MODEL_B_FOUR_STATE_weekly,MODEL_B_FOUR_STATE,weekly,pre_tax
2016-10-10,QLD,SELL,4301.431967063822,5.35401465397999,23029.92978475768,11.514964892378842,3402.2599442163855,MODEL_B_FOUR_STATE_weekly,MODEL_B_FOUR_STATE,weekly,pre_tax
2016-10-10,TQQQ,BUY,8950.067675922808,2.570585184073603,23006.911364183234,11.503455682091618,0.0,MODEL_B_FOUR_STATE_weekly,MODEL_B_FOUR_STATE,weekly,pre_tax
2016-10-17,QLD,SELL,60.31192773586049,5.178643387971311,312.33396578511747,0.15616698289255873,37.132622132101645,MODEL_B_FOUR_STATE_weekly,MODEL_B_FOUR_STATE,weekly,pre_tax
2016-10-17,TQQQ,BUY,127.73128011120558,2.4427985661510285,312.0217879082884,0.1560108939541442,0.0,MODEL_B_FOUR_STATE_weekly,MODEL_B_FOUR_STATE,weekly,pre_tax
2016-10-24,QLD,BUY,52.93382580423052,5.338014959924156,282.56155402900185,0.14128077701450092,0.0,MODEL_B_FOUR_STATE_weekly,MODEL_B_FOUR_STATE,weekly,pre_tax
2016-10-24,TQQQ,SELL,110.61936001708779,2.5569146023876628,282.84425693446974,0.14142212846723487,-1.5968326349613315,MODEL_B_FOUR_STATE_weekly,MODEL_B_FOUR_STATE,weekly,pre_tax
2016-10-31,QLD,SELL,38.37245993128531,5.210024691103474,199.92146370037517,0.09996073185018758,24.73633849561136,MODEL_B_FOUR_STATE_weekly,MODEL_B_FOUR_STATE,weekly,pre_tax
2016-10-31,TQQQ,BUY,80.93233045499902,2.4677609185924814,199.72164214745862,0.09986082107372932,0.0,MODEL_B_FOUR_STATE_weekly,MODEL_B_FOUR_STATE,weekly,pre_tax
2016-11-07,QLD,SELL,67.30542172714011,5.02542720063857,338.23849709802016,0.1691192485490101,30.969419855706356,MODEL_B_FOUR_STATE_weekly,MODEL_B_FOUR_STATE,weekly,pre_tax
2016-11-07,TQQQ,BUY,144.7957645883978,2.3336347481999473,337.9004276356645,0.16895021381783226,0.0,MODEL_B_FOUR_STATE_weekly,MODEL_B_FOUR_STATE,weekly,pre_tax
2016-11-14,QLD,BUY,4270.679111113588,5.056194026797675,21593.382211982127,10.796691105991064,0.0,MODEL_B_FOUR_STATE_weekly,MODEL_B_FOUR_STATE,weekly,pre_tax
2016-11-14,TQQQ,SELL,9192.907691060323,2.3512676426965347,21614.98639628625,10.807493198143126,-1980.0049289565127,MODEL_B_FOUR_STATE_weekly,MODEL_B_FOUR_STATE,weekly,pre_tax
2016-12-12,QLD,SELL,4272.647182836544,5.317707758193007,22720.68907219138,11.36034453609569,2790.232307264946,MODEL_B_FOUR_STATE_weekly,MODEL_B_FOUR_STATE,weekly,pre_tax
2016-12-12,TQQQ,BUY,8970.233919759949,2.5303665367952664,22697.97973778641,11.348989868893204,0.0,MODEL_B_FOUR_STATE_weekly,MODEL_B_FOUR_STATE,weekly,pre_tax
2016-12-19,QLD,BUY,35.42040302061334,5.416778091093362,191.8644630597555,0.09593223152987776,0.0,MODEL_B_FOUR_STATE_weekly,MODEL_B_FOUR_STATE,weekly,pre_tax
2016-12-19,TQQQ,SELL,73.74686446736304,2.604265617123467,192.05642350301787,0.09602821175150894,5.260493950454153,MODEL_B_FOUR_STATE_weekly,MODEL_B_FOUR_STATE,weekly,pre_tax
2016-12-27,QLD,BUY,15.776352769095036,5.480086680153014,86.45578067131282,0.04322789033565641,0.0,MODEL_B_FOUR_STATE_weekly,MODEL_B_FOUR_STATE,weekly,pre_tax
2016-12-27,TQQQ,SELL,32.69620407288256,2.6468601525911613,86.54227970150168,0.043271139850750845,3.724261205066671,MODEL_B_FOUR_STATE_weekly,MODEL_B_FOUR_STATE,weekly,pre_tax
2017-01-03,QLD,SELL,17124.703439428402,5.3735643682520084,92020.69621899507,46.010348109497535,12099.477352869088,MODEL_B_FOUR_STATE_weekly,MODEL_B_FOUR_STATE,weekly,pre_tax
2017-01-03,TQQQ,SELL,8863.790851219703,2.5678115565344943,22760.544582466675,11.380272291233338,309.3102312175356,MODEL_B_FOUR_STATE_weekly,MODEL_B_FOUR_STATE,weekly,pre_tax
2018-01-02,QLD,BUY,10055.64313266722,9.122560569007376,91733.21353807978,45.86660676903989,0.0,MODEL_B_FOUR_STATE_weekly,MODEL_B_FOUR_STATE,weekly,pre_tax
2018-01-02,TQQQ,BUY,4107.723611465699,5.582971386026868,22933.303384519946,11.466651692259973,0.0,MODEL_B_FOUR_STATE_weekly,MODEL_B_FOUR_STATE,weekly,pre_tax
2018-01-08,QLD,BUY,64.1733271222544,9.758159340651222,626.2135514786933,0.31310677573934664,0.0,MODEL_B_FOUR_STATE_weekly,MODEL_B_FOUR_STATE,weekly,pre_tax
2018-01-08,TQQQ,SELL,101.71570379577159,6.162667659972773,626.8400782935714,0.31342003914678573,58.36685652114672,MODEL_B_FOUR_STATE_weekly,MODEL_B_FOUR_STATE,weekly,pre_tax
2018-01-16,QLD,BUY,46.0582209662561,10.188051028868305,469.2435055031092,0.2346217527515546,0.0,MODEL_B_FOUR_STATE_weekly,MODEL_B_FOUR_STATE,weekly,pre_tax
2018-01-16,TQQQ,SELL,71.37738771860784,6.5806973155068365,469.71298374773323,0.23485649187386662,70.78096505690507,MODEL_B_FOUR_STATE_weekly,MODEL_B_FOUR_STATE,weekly,pre_tax
2018-01-22,QLD,BUY,6.974429210501927,10.269348884679383,71.62284683414327,0.035811423417071636,0.0,MODEL_B_FOUR_STATE_weekly,MODEL_B_FOUR_STATE,weekly,pre_tax
2018-01-22,TQQQ,SELL,10.771439724884871,6.655981683178515,71.69450551029513,0.035847252755147566,11.491950167309458,MODEL_B_FOUR_STATE_weekly,MODEL_B_FOUR_STATE,weekly,pre_tax
2018-01-29,QLD,BUY,49.809860050316004,10.795317800503456,537.7132688417623,0.26885663442088115,0.0,MODEL_B_FOUR_STATE_weekly,MODEL_B_FOUR_STATE,weekly,pre_tax
2018-01-29,TQQQ,SELL,75.08753841799958,7.168316640044203,538.2512511017048,0.2691256255508524,118.5609412520517,MODEL_B_FOUR_STATE_weekly,MODEL_B_FOUR_STATE,weekly,pre_tax
2018-02-05,QLD,BUY,2438.5654156017995,9.85547136669199,24033.211629268888,12.016605814634444,0.0,MODEL_B_FOUR_STATE_weekly,MODEL_B_FOUR_STATE,weekly,pre_tax
2018-02-05,TQQQ,SELL,3848.7715418084354,6.250632598528159,24057.25686351529,12.028628431757644,2546.9030551178917,MODEL_B_FOUR_STATE_weekly,MODEL_B_FOUR_STATE,weekly,pre_tax
2018-05-29,QLD,SELL,2534.271280946514,10.332168327834353,26184.517463135766,13.092258731567883,2646.62397880634,MODEL_B_FOUR_STATE_weekly,MODEL_B_FOUR_STATE,weekly,pre_tax
2018-05-29,TQQQ,BUY,4016.364237452695,6.512941676818378,26158.34603138852,13.07917301569426,0.0,MODEL_B_FOUR_STATE_weekly,MODEL_B_FOUR_STATE,weekly,pre_tax
2018-06-04,QLD,BUY,47.364707176483876,10.853210714076496,514.0591473969107,0.25702957369845536,0.0,MODEL_B_FOUR_STATE_weekly,MODEL_B_FOUR_STATE,weekly,pre_tax
2018-06-04,TQQQ,SELL,73.49473803143154,7.001500753460113,514.5734637024216,0.2572867318512108,35.40990114763536,MODEL_B_FOUR_STATE_weekly,MODEL_B_FOUR_STATE,weekly,pre_tax
2018-06-11,QLD,BUY,12.09262230857403,10.988703959102068,132.88224663815345,0.06644112331907673,0.0,MODEL_B_FOUR_STATE_weekly,MODEL_B_FOUR_STATE,weekly,pre_tax
2018-06-11,TQQQ,SELL,18.652909069075843,7.131069736444679,133.01519535914122,0.06650759767957061,11.402636237139175,MODEL_B_FOUR_STATE_weekly,MODEL_B_FOUR_STATE,weekly,pre_tax
2018-06-18,QLD,BUY,16.276311627876847,11.175939795656538,181.90307884849608,0.09095153942424804,0.0,MODEL_B_FOUR_STATE_weekly,MODEL_B_FOUR_STATE,weekly,pre_tax
2018-06-18,TQQQ,SELL,24.907115490081036,7.310564444802488,182.0850729243757,0.09104253646218785,19.694330567973818,MODEL_B_FOUR_STATE_weekly,MODEL_B_FOUR_STATE,weekly,pre_tax
2018-06-25,QLD,SELL,20.764291652968446,10.945594768120593,227.2775220804615,0.11363876104023075,34.15890035237332,MODEL_B_FOUR_STATE_weekly,MODEL_B_FOUR_STATE,weekly,pre_tax
2018-06-25,TQQQ,BUY,32.037186771040176,7.087087882060342,227.05035814034272,0.11352517907017136,0.0,MODEL_B_FOUR_STATE_weekly,MODEL_B_FOUR_STATE,weekly,pre_tax
2018-07-02,QLD,BUY,2482.1332800658556,10.468897923895538,25985.199942513456,12.992599971256729,0.0,MODEL_B_FOUR_STATE_weekly,MODEL_B_FOUR_STATE,weekly,pre_tax
2018-07-02,TQQQ,SELL,3931.346661633146,6.6163583067869185,26011.198141555487,13.005599070777745,362.35548192828605,MODEL_B_FOUR_STATE_weekly,MODEL_B_FOUR_STATE,weekly,pre_tax
2018-08-27,QLD,SELL,2534.838003814095,12.093615217199284,30655.355456061196,15.327677728030599,6492.799814382928,MODEL_B_FOUR_STATE_weekly,MODEL_B_FOUR_STATE,weekly,pre_tax
2018-08-27,TQQQ,BUY,3745.164949204877,8.177133940956242,30624.71542062286,15.31235771031143,0.0,MODEL_B_FOUR_STATE_weekly,MODEL_B_FOUR_STATE,weekly,pre_tax
2018-09-04,QLD,BUY,26.67600693799813,12.43604493020413,331.74402083938185,0.16587201041969094,0.0,MODEL_B_FOUR_STATE_weekly,MODEL_B_FOUR_STATE,weekly,pre_tax
2018-09-04,TQQQ,SELL,38.9784201519378,8.519481536725536,332.0759308151646,0.1660379654075823,13.018764579299116,MODEL_B_FOUR_STATE_weekly,MODEL_B_FOUR_STATE,weekly,pre_tax
2018-09-10,QLD,SELL,44.01757174311819,11.898990984131665,523.7646893147321,0.26188234465736604,103.84798875883864,MODEL_B_FOUR_STATE_weekly,MODEL_B_FOUR_STATE,weekly,pre_tax
2018-09-10,TQQQ,BUY,65.6097315449985,7.975054524008105,523.2411863768975,0.26162059318844877,0.0,MODEL_B_FOUR_STATE_weekly,MODEL_B_FOUR_STATE,weekly,pre_tax
2018-09-17,QLD,BUY,13.23582915673844,12.091151334530519,160.03641337211593,0.08001820668605797,0.0,MODEL_B_FOUR_STATE_weekly,MODEL_B_FOUR_STATE,weekly,pre_tax
2018-09-17,TQQQ,SELL,19.639326823276498,8.156925707545948,160.19652984368076,0.08009826492184038,-0.48820164890255024,MODEL_B_FOUR_STATE_weekly,MODEL_B_FOUR_STATE,weekly,pre_tax
2018-09-24,QLD,SELL,14.670779556656605,11.91131020069104,174.74820618529338,0.08737410309264669,34.74336211899325,MODEL_B_FOUR_STATE_weekly,MODEL_B_FOUR_STATE,weekly,pre_tax
2018-09-24,TQQQ,BUY,21.88342626754136,7.977432015227334,174.57354530955126,0.08728677265477564,0.0,MODEL_B_FOUR_STATE_weekly,MODEL_B_FOUR_STATE,weekly,pre_tax
2018-10-01,QLD,BUY,53.53499556326298,12.535821919423654,671.1051708382001,0.3355525854191001,0.0,MODEL_B_FOUR_STATE_weekly,MODEL_B_FOUR_STATE,weekly,pre_tax
2018-10-01,TQQQ,SELL,77.94909957966131,8.618144601438527,671.7766117294523,0.3358883058647261,34.084651123309776,MODEL_B_FOUR_STATE_weekly,MODEL_B_FOUR_STATE,weekly,pre_tax
2018-10-08,QLD,BUY,2428.7892785437007,11.53685097047102,28020.579945236503,14.010289972618251,0.0,MODEL_B_FOUR_STATE_weekly,MODEL_B_FOUR_STATE,weekly,pre_tax
2018-10-08,TQQQ,SELL,3696.091260462541,7.5887234827016306,28048.614542480354,14.024307271240177,-2186.7493483779485,MODEL_B_FOUR_STATE_weekly,MODEL_B_FOUR_STATE,weekly,pre_tax
2018-10-29,QLD,SELL,12592.765489285488,10.144939535035777,127752.84446768649,63.87642223384324,2558.111836299796,MODEL_B_FOUR_STATE_weekly,MODEL_B_FOUR_STATE,weekly,pre_tax
2018-11-12,QLD,BUY,12456.164377807732,10.24594342180483,127625.15546771878,63.81257773385939,0.0,MODEL_B_FOUR_STATE_weekly,MODEL_B_FOUR_STATE,weekly,pre_tax
2018-11-19,QLD,SELL,12456.164377807732,9.803736210172024,122116.94975056856,61.05847487528428,-5633.076769759374,MODEL_B_FOUR_STATE_weekly,MODEL_B_FOUR_STATE,weekly,pre_tax
2019-02-19,QLD,BUY,12068.264540258439,10.1087354707727,121994.89382877888,60.99744691438944,0.0,MODEL_B_FOUR_STATE_weekly,MODEL_B_FOUR_STATE,weekly,pre_tax
2019-03-04,QLD,SELL,2415.5844098286625,10.568502567026812,25529.110036144164,12.764555018072082,1085.6324229424133,MODEL_B_FOUR_STATE_weekly,MODEL_B_FOUR_STATE,weekly,pre_tax
2019-03-04,TQQQ,BUY,4044.912907090223,6.305103291489752,25503.593684283947,12.751796842141975,0.0,MODEL_B_FOUR_STATE_weekly,MODEL_B_FOUR_STATE,weekly,pre_tax
2019-03-11,QQQ,BUY,741.4053054123256,164.10985707893892,121671.9187087838,60.8359593543919,0.0,MODEL_B_FOUR_STATE_weekly,MODEL_B_FOUR_STATE,weekly,pre_tax
2019-03-11,QLD,SELL,9652.680130429777,10.137084270374908,97850.0319171401,48.92501595857006,175.92868367194654,MODEL_B_FOUR_STATE_weekly,MODEL_B_FOUR_STATE,weekly,pre_tax
2019-03-11,TQQQ,SELL,4044.9129070902236,5.919440078616988,23943.619576745023,11.97180978837251,-1584.6977141694392,MODEL_B_FOUR_STATE_weekly,MODEL_B_FOUR_STATE,weekly,pre_tax
2019-03-18,QQQ,SELL,741.4053054123256,170.2146514742382,126198.04566191012,63.09902283095506,4402.191970940974,MODEL_B_FOUR_STATE_weekly,MODEL_B_FOUR_STATE,weekly,pre_tax
2019-03-18,QLD,BUY,9253.962583787612,10.898847670260327,100857.52854698985,50.42876427349493,0.0,MODEL_B_FOUR_STATE_weekly,MODEL_B_FOUR_STATE,weekly,pre_tax
2019-03-18,TQQQ,BUY,3825.70696263362,6.5907771774003985,25214.382136747463,12.607191068373732,0.0,MODEL_B_FOUR_STATE_weekly,MODEL_B_FOUR_STATE,weekly,pre_tax
2019-03-25,QLD,BUY,2303.6888783734444,10.876921248886285,25057.04251200313,12.528521256001564,0.0,MODEL_B_FOUR_STATE_weekly,MODEL_B_FOUR_STATE,weekly,pre_tax
2019-03-25,TQQQ,SELL,3825.70696263362,6.556203163045512,25082.11208930378,12.54105604465189,-157.41829455670944,MODEL_B_FOUR_STATE_weekly,MODEL_B_FOUR_STATE,weekly,pre_tax
2019-04-15,QLD,SELL,2313.3800715999064,11.836578969382698,27382.505903688492,13.691252951844247,2153.1465285610593,MODEL_B_FOUR_STATE_weekly,MODEL_B_FOUR_STATE,weekly,pre_tax
2019-04-15,TQQQ,BUY,3677.4868383611224,7.438541124564955,27355.137082195564,13.677568541097783,0.0,MODEL_B_FOUR_STATE_weekly,MODEL_B_FOUR_STATE,weekly,pre_tax
2019-04-22,QLD,BUY,7.160394065749754,11.919221690421303,85.34632426044845,0.04267316213022423,0.0,MODEL_B_FOUR_STATE_weekly,MODEL_B_FOUR_STATE,weekly,pre_tax
2019-04-22,TQQQ,SELL,11.361340775870477,7.519509797701204,85.43171327918026,0.04271585663959013,0.8349409307356469,MODEL_B_FOUR_STATE_weekly,MODEL_B_FOUR_STATE,weekly,pre_tax
2019-04-29,QLD,BUY,38.49047469393821,12.436057272923641,478.66974775583367,0.23933487387791683,0.0,MODEL_B_FOUR_STATE_weekly,MODEL_B_FOUR_STATE,weekly,pre_tax
2019-04-29,TQQQ,SELL,59.82698894025972,8.008904767656814,479.14865695819753,0.23957432847909876,33.66105227990826,MODEL_B_FOUR_STATE_weekly,MODEL_B_FOUR_STATE,weekly,pre_tax
2019-05-06,QLD,SELL,39.14733599224861,11.95746045974605,468.10272223170614,0.23405136111585306,40.884563453766425,MODEL_B_FOUR_STATE_weekly,MODEL_B_FOUR_STATE,weekly,pre_tax
2019-05-06,TQQQ,BUY,62.03235883471065,7.538563134281121,467.63485344384753,0.23381742672192377,0.0,MODEL_B_FOUR_STATE_weekly,MODEL_B_FOUR_STATE,weekly,pre_tax
2019-05-13,QLD,SELL,70.99496942843076,11.092783645354453,787.5318357781362,0.39376591788906806,12.788477885827824,MODEL_B_FOUR_STATE_weekly,MODEL_B_FOUR_STATE,weekly,pre_tax
2019-05-13,TQQQ,BUY,116.98303991493357,6.725288538267069,786.7446975115417,0.3933723487557709,0.0,MODEL_B_FOUR_STATE_weekly,MODEL_B_FOUR_STATE,weekly,pre_tax
2019-05-20,QLD,BUY,2288.08325065798,11.095248705878257,25386.852725804667,12.693426362902335,0.0,MODEL_B_FOUR_STATE_weekly,MODEL_B_FOUR_STATE,weekly,pre_tax
2019-05-20,TQQQ,SELL,3785.3139073946368,6.713380422337946,25412.252278306707,12.706126139153353,-2694.4731524583667,MODEL_B_FOUR_STATE_weekly,MODEL_B_FOUR_STATE,weekly,pre_tax
2019-05-28,QQQ,BUY,727.1838467192803,170.89379749594914,124271.20904357001,62.135604521785005,0.0,MODEL_B_FOUR_STATE_weekly,MODEL_B_FOUR_STATE,weekly,pre_tax
2019-05-28,QLD,SELL,11467.863204558136,10.847316557617978,124395.54241930143,62.19777120965072,-1191.026107083732,MODEL_B_FOUR_STATE_weekly,MODEL_B_FOUR_STATE,weekly,pre_tax
2019-06-03,QQQ,SELL,727.1838467192803,165.938934438959,120668.11266582065,60.33405633291033,-3725.566038604055,MODEL_B_FOUR_STATE_weekly,MODEL_B_FOUR_STATE,weekly,pre_tax
2019-06-10,QQQ,BUY,691.4992013336348,174.32775717538019,120547.50485705922,60.27375242852961,0.0,MODEL_B_FOUR_STATE_weekly,MODEL_B_FOUR_STATE,weekly,pre_tax
2019-06-17,QQQ,SELL,691.4992013336348,175.0833922235894,121070.0258893956,60.535012944697804,401.7122669631579,MODEL_B_FOUR_STATE_weekly,MODEL_B_FOUR_STATE,weekly,pre_tax
2019-06-17,QLD,BUY,10665.024021137868,11.340716732428188,120949.01636826678,60.47450818413339,0.0,MODEL_B_FOUR_STATE_weekly,MODEL_B_FOUR_STATE,weekly,pre_tax
2019-07-15,QLD,SELL,2134.711720145731,12.748552523451886,27214.484486706177,13.607242243353088,2979.611740433786,MODEL_B_FOUR_STATE_weekly,MODEL_B_FOUR_STATE,weekly,pre_tax
2019-07-15,TQQQ,BUY,3310.948403959587,8.21132808054273,27187.28360266149,13.593641801330746,0.0,MODEL_B_FOUR_STATE_weekly,MODEL_B_FOUR_STATE,weekly,pre_tax
2019-07-22,QLD,SELL,23.834259953778304,12.419071802455734,295.99938572436804,0.14799969286218403,25.418646573317716,MODEL_B_FOUR_STATE_weekly,MODEL_B_FOUR_STATE,weekly,pre_tax
2019-07-22,TQQQ,BUY,37.49038912331367,7.887449055056751,295.7035342643903,0.14785176713219517,0.0,MODEL_B_FOUR_STATE_weekly,MODEL_B_FOUR_STATE,weekly,pre_tax
2019-07-29,QLD,BUY,30.971193188230178,12.881825253255178,398.96549853558827,0.19948274926779413,0.0,MODEL_B_FOUR_STATE_weekly,MODEL_B_FOUR_STATE,weekly,pre_tax
2019-07-29,TQQQ,SELL,47.940613378204105,8.33040371148486,399.36466361665225,0.19968233180832612,5.485981040598375,MODEL_B_FOUR_STATE_weekly,MODEL_B_FOUR_STATE,weekly,pre_tax
2019-08-05,QLD,SELL,104.74882278207372,11.365227903184238,1190.494243508525,0.5952471217542625,0.7923980115077558,MODEL_B_FOUR_STATE_weekly,MODEL_B_FOUR_STATE,weekly,pre_tax
2019-08-05,TQQQ,BUY,172.38453132823648,6.899136106070583,1189.3043442146918,0.5946521721073459,0.0,MODEL_B_FOUR_STATE_weekly,MODEL_B_FOUR_STATE,weekly,pre_tax
2019-08-12,QLD,BUY,2116.851770933961,11.568838153185672,24489.515532219462,12.244757766109732,0.0,MODEL_B_FOUR_STATE_weekly,MODEL_B_FOUR_STATE,weekly,pre_tax
2019-08-12,TQQQ,SELL,3472.882711032933,7.058694271694462,24514.017298634895,12.257008649317449,-3791.188336651314,MODEL_B_FOUR_STATE_weekly,MODEL_B_FOUR_STATE,weekly,pre_tax
2019-11-11,QLD,SELL,2111.598871355337,13.360621459974235,28212.27319548749,14.106136597743745,4133.002287155898,MODEL_B_FOUR_STATE_weekly,MODEL_B_FOUR_STATE,weekly,pre_tax
2019-11-11,TQQQ,BUY,3261.597751575082,8.641186672319883,28184.075021379093,14.092037510689547,0.0,MODEL_B_FOUR_STATE_weekly,MODEL_B_FOUR_STATE,weekly,pre_tax
2019-11-18,QLD,BUY,20.092262632858294,13.665422843497815,274.56926476061926,0.13728463238030963,0.0,MODEL_B_FOUR_STATE_weekly,MODEL_B_FOUR_STATE,weekly,pre_tax
2019-11-18,TQQQ,SELL,30.73068217849315,8.943633915521245,274.84397137867563,0.1374219856893378,9.024213340257079,MODEL_B_FOUR_STATE_weekly,MODEL_B_FOUR_STATE,weekly,pre_tax
2019-11-25,QLD,BUY,0.9887683666988392,13.659252839290929,13.505837120232172,0.0067529185601160864,0.0,MODEL_B_FOUR_STATE_weekly,MODEL_B_FOUR_STATE,weekly,pre_tax
2019-11-25,TQQQ,SELL,1.511415732800789,8.944825318546535,13.519349713606061,0.006759674856803031,0.44563433939318453,MODEL_B_FOUR_STATE_weekly,MODEL_B_FOUR_STATE,weekly,pre_tax
2019-12-02,QLD,BUY,17.904975121206423,13.987499166283902,250.44582458020886,0.12522291229010443,0.0,MODEL_B_FOUR_STATE_weekly,MODEL_B_FOUR_STATE,weekly,pre_tax
2019-12-02,TQQQ,SELL,27.082410716611577,9.25679764307557,250.6963956903346,0.12534819784516732,16.42986887054297,MODEL_B_FOUR_STATE_weekly,MODEL_B_FOUR_STATE,weekly,pre_tax
2019-12-09,QLD,SELL,4.48272946212441,13.907286612379417,62.342603435521596,0.031171301717760797,11.17334654487758,MODEL_B_FOUR_STATE_weekly,MODEL_B_FOUR_STATE,weekly,pre_tax
2019-12-09,TQQQ,BUY,6.784790547472706,9.179397882960492,62.28029198780132,0.03114014599390066,0.0,MODEL_B_FOUR_STATE_weekly,MODEL_B_FOUR_STATE,weekly,pre_tax
2019-12-16,QLD,BUY,30.115206792542175,14.431742223756133,434.61490144507843,0.2173074507225392,0.0,MODEL_B_FOUR_STATE_weekly,MODEL_B_FOUR_STATE,weekly,pre_tax
2019-12-16,TQQQ,SELL,44.87367183577112,9.694988530353978,435.04973376266935,0.21752486688133468,46.82546483673646,MODEL_B_FOUR_STATE_weekly,MODEL_B_FOUR_STATE,weekly,pre_tax
2019-12-23,QLD,BUY,30.337341484102367,14.97964358706487,454.4425628109311,0.22722128140546557,0.0,MODEL_B_FOUR_STATE_weekly,MODEL_B_FOUR_STATE,weekly,pre_tax
2019-12-23,TQQQ,SELL,44.41172374576598,10.242728593754872,454.89723270869945,0.22744861635434974,70.65734152444792,MODEL_B_FOUR_STATE_weekly,MODEL_B_FOUR_STATE,weekly,pre_tax
2019-12-30,QLD,BUY,12.163012430362064,15.174711910473649,184.57020959425427,0.09228510479712713,0.0,MODEL_B_FOUR_STATE_weekly,MODEL_B_FOUR_STATE,weekly,pre_tax
2019-12-30,TQQQ,SELL,17.679684462375544,10.450122711649358,184.75487213506494,0.09237743606753247,31.79252610486494,MODEL_B_FOUR_STATE_weekly,MODEL_B_FOUR_STATE,weekly,pre_tax
2020-01-06,QLD,SELL,10.206972442191383,15.01175603024246,153.22458010958508,0.07661229005479255,36.415275894349456,MODEL_B_FOUR_STATE_weekly,MODEL_B_FOUR_STATE,weekly,pre_tax
2020-01-06,TQQQ,BUY,14.89570959272197,10.276209478351275,153.0714321034975,0.07653571605174875,0.0,MODEL_B_FOUR_STATE_weekly,MODEL_B_FOUR_STATE,weekly,pre_tax
2020-01-13,QLD,BUY,53.41512153559613,15.983321331971775,853.7510514897585,0.4268755257448793,0.0,MODEL_B_FOUR_STATE_weekly,MODEL_B_FOUR_STATE,weekly,pre_tax
2020-01-13,TQQQ,SELL,75.73641426678691,11.283940993296087,854.6052296302514,0.4273026148151257,198.7203261637844,MODEL_B_FOUR_STATE_weekly,MODEL_B_FOUR_STATE,weekly,pre_tax
2020-01-21,QLD,BUY,23.744314592373385,16.480830313613342,391.3260197099589,0.19566300985497947,0.0,MODEL_B_FOUR_STATE_weekly,MODEL_B_FOUR_STATE,weekly,pre_tax
2020-01-21,TQQQ,SELL,33.20725591735515,11.796143061788696,391.7175414905505,0.19585877074527525,104.13088787989743,MODEL_B_FOUR_STATE_weekly,MODEL_B_FOUR_STATE,weekly,pre_tax
2020-01-27,QLD,SELL,41.39632191615836,15.73024493152256,651.1742830053263,0.32558714150266316,175.67089387126893,MODEL_B_FOUR_STATE_weekly,MODEL_B_FOUR_STATE,weekly,pre_tax
2020-01-27,TQQQ,BUY,59.200215684960085,10.988531487935157,650.5234341467367,0.3252617170733684,0.0,MODEL_B_FOUR_STATE_weekly,MODEL_B_FOUR_STATE,weekly,pre_tax
2020-02-03,QLD,BUY,2162.4135039860234,16.053688887033797,34714.71363811224,17.357356819056122,0.0,MODEL_B_FOUR_STATE_weekly,MODEL_B_FOUR_STATE,weekly,pre_tax
2020-02-03,TQQQ,SELL,3067.245208544276,11.329203684462643,34749.4457177902,17.3747228588951,8048.22386151105,MODEL_B_FOUR_STATE_weekly,MODEL_B_FOUR_STATE,weekly,pre_tax
2020-03-16,QLD,SELL,10733.041794144427,9.445307493430235,101376.88008553225,50.688440042766125,-31785.931588406966,MODEL_B_FOUR_STATE_weekly,MODEL_B_FOUR_STATE,weekly,pre_tax
2020-04-13,QLD,BUY,8363.341590403654,12.109460408117469,101275.55386855523,50.63777693427762,0.0,MODEL_B_FOUR_STATE_weekly,MODEL_B_FOUR_STATE,weekly,pre_tax
2020-12-21,QLD,SELL,1674.0068542960587,27.162332424584665,45469.93065742281,22.734965328711407,25165.740307216198,MODEL_B_FOUR_STATE_weekly,MODEL_B_FOUR_STATE,weekly,pre_tax
2020-12-21,TQQQ,BUY,2248.887260488229,20.1986485709859,45424.483450368956,22.71224172518448,0.0,MODEL_B_FOUR_STATE_weekly,MODEL_B_FOUR_STATE,weekly,pre_tax
2020-12-28,QLD,BUY,24.730448176858797,28.177216316346065,696.8351878795365,0.3484175939397683,0.0,MODEL_B_FOUR_STATE_weekly,MODEL_B_FOUR_STATE,weekly,pre_tax
2020-12-28,TQQQ,SELL,32.68512042005766,21.34097603725484,697.5323716592393,0.34876618582961966,36.658246977877596,MODEL_B_FOUR_STATE_weekly,MODEL_B_FOUR_STATE,weekly,pre_tax
2021-01-04,QLD,SELL,6714.065184284454,28.69823650064393,192681.8305393347,96.34091526966736,110843.56975797997,MODEL_B_FOUR_STATE_weekly,MODEL_B_FOUR_STATE,weekly,pre_tax
2021-01-04,TQQQ,SELL,2216.2021400681715,21.9270324903814,48594.73633052759,24.297368165263794,3783.7686287637116,MODEL_B_FOUR_STATE_weekly,MODEL_B_FOUR_STATE,weekly,pre_tax
2014-01-06,QLD,BUY,26980.624198827347,2.9636089736382116,79960.019990005,39.980009995002504,0.0,MODEL_B_FOUR_STATE_weekly,MODEL_B_FOUR_STATE,weekly,after_tax
2014-01-06,TQQQ,BUY,17012.42776966119,1.175023651424406,19990.00499750125,9.995002498750626,0.0,MODEL_B_FOUR_STATE_weekly,MODEL_B_FOUR_STATE,weekly,after_tax
2014-01-13,QLD,BUY,33.68222862431753,2.99579069555701,100.90490711835446,0.050452453559177234,0.0,MODEL_B_FOUR_STATE_weekly,MODEL_B_FOUR_STATE,weekly,after_tax
2014-01-13,TQQQ,SELL,84.7821329838675,1.1952224423184905,101.33350804994916,0.05066675402497458,1.612019315933516,MODEL_B_FOUR_STATE_weekly,MODEL_B_FOUR_STATE,weekly,after_tax
2014-01-21,QLD,BUY,63.016480803682256,3.0828278024051787,194.2689590313239,0.09713447951566195,0.0,MODEL_B_FOUR_STATE_weekly,MODEL_B_FOUR_STATE,weekly,after_tax
2014-01-21,TQQQ,SELL,158.02677868879687,1.2444338267787682,196.65386893722098,0.09832693446861049,10.777496883746924,MODEL_B_FOUR_STATE_weekly,MODEL_B_FOUR_STATE,weekly,after_tax
2014-01-27,QLD,SELL,109.84797543932356,2.964835712640941,325.6812005438114,0.16284060027190572,-0.22575178996185422,MODEL_B_FOUR_STATE_weekly,MODEL_B_FOUR_STATE,weekly,after_tax
2014-01-27,TQQQ,BUY,277.47757349539853,1.17254766936287,325.35568210249403,0.16267784105124702,0.0,MODEL_B_FOUR_STATE_weekly,MODEL_B_FOUR_STATE,weekly,after_tax
2014-02-03,QLD,BUY,6676.437408851398,2.919170613887869,19489.659889380666,9.744829944690332,0.0,MODEL_B_FOUR_STATE_weekly,MODEL_B_FOUR_STATE,weekly,after_tax
2014-02-03,TQQQ,SELL,17047.096431483926,1.1444271097653773,19509.159298974828,9.754579649487415,-540.6647735192123,MODEL_B_FOUR_STATE_weekly,MODEL_B_FOUR_STATE,weekly,after_tax
2014-03-03,QLD,SELL,6779.130656245799,3.1671084273014936,21470.241831173975,10.735120915586988,1416.8547503685438,MODEL_B_FOUR_STATE_weekly,MODEL_B_FOUR_STATE,weekly,after_tax
2014-03-03,TQQQ,BUY,16464.056875619626,1.2919609838008337,21270.919118378413,10.635459559189206,0.0,MODEL_B_FOUR_STATE_weekly,MODEL_B_FOUR_STATE,weekly,after_tax
2014-03-10,QLD,BUY,57.857217579749644,3.2388234882754663,187.38931526355736,0.09369465763177869,0.0,MODEL_B_FOUR_STATE_weekly,MODEL_B_FOUR_STATE,weekly,after_tax
2014-03-10,TQQQ,SELL,141.36042342916738,1.3355280406764232,188.79080933154546,0.09439540466577273,5.972946126968161,MODEL_B_FOUR_STATE_weekly,MODEL_B_FOUR_STATE,weekly,after_tax
2014-03-17,QLD,SELL,79.04781512435342,3.147187805687347,248.77831982559292,0.12438915991279646,14.899059800539082,MODEL_B_FOUR_STATE_weekly,MODEL_B_FOUR_STATE,weekly,after_tax
2014-03-17,TQQQ,BUY,191.96664572047158,1.2788910986520652,245.50443445000565,0.12275221722500283,0.0,MODEL_B_FOUR_STATE_weekly,MODEL_B_FOUR_STATE,weekly,after_tax
2014-03-24,QLD,BUY,17.650827205965513,3.1664957840750363,55.89126993312675,0.027945634966563375,0.0,MODEL_B_FOUR_STATE_weekly,MODEL_B_FOUR_STATE,weekly,after_tax
2014-03-24,TQQQ,SELL,43.33729683124456,1.2909709015887865,55.94718916265265,0.027973594581326325,-0.09228884026065005,MODEL_B_FOUR_STATE_weekly,MODEL_B_FOUR_STATE,weekly,after_tax
2014-03-31,QLD,SELL,103.00728170670087,3.0512611965608785,314.3021216348716,0.1571510608174358,9.52450167451834,MODEL_B_FOUR_STATE_weekly,MODEL_B_FOUR_STATE,weekly,after_tax
2014-03-31,TQQQ,BUY,255.7400849880153,1.220273232338035,312.0727801467292,0.15603639007336462,0.0,MODEL_B_FOUR_STATE_weekly,MODEL_B_FOUR_STATE,weekly,after_tax
2014-04-07,QLD,BUY,6522.544162153762,2.918251266868102,19034.42276440836,9.517211382204179,0.0,MODEL_B_FOUR_STATE_weekly,MODEL_B_FOUR_STATE,weekly,after_tax
2014-04-07,TQQQ,SELL,16727.065886067703,1.1390800298703385,19053.46670914512,9.52673335457256,-2556.7356331428446,MODEL_B_FOUR_STATE_weekly,MODEL_B_FOUR_STATE,weekly,after_tax
2014-05-12,QLD,SELL,6661.482281670055,3.008048050975346,20038.05879398441,10.019029396992206,377.26761078508946,MODEL_B_FOUR_STATE_weekly,MODEL_B_FOUR_STATE,weekly,after_tax
2014-05-12,TQQQ,BUY,16861.52338878959,1.1872017899949578,20018.03074921285,10.009015374606424,0.0,MODEL_B_FOUR_STATE_weekly,MODEL_B_FOUR_STATE,weekly,after_tax
2014-05-19,QLD,BUY,0.45043447210739934,3.016322838225061,1.3586557853413979,0.0006793278926706989,0.0,MODEL_B_FOUR_STATE_weekly,MODEL_B_FOUR_STATE,weekly,after_tax
2014-05-19,TQQQ,SELL,1.1423241783704308,1.1905684450477378,1.3600151207829185,0.0006800075603914593,0.002487719251974022,MODEL_B_FOUR_STATE_weekly,MODEL_B_FOUR_STATE,weekly,after_tax
2014-05-27,QLD,BUY,173.4685573987167,3.2130796324172826,557.368288642625,0.2786841443213125,0.0,MODEL_B_FOUR_STATE_weekly,MODEL_B_FOUR_STATE,weekly,after_tax
2014-05-27,TQQQ,SELL,426.03247961655774,1.3095854481727636,557.9259357548035,0.27896296787740177,51.60755712895995,MODEL_B_FOUR_STATE_weekly,MODEL_B_FOUR_STATE,weekly,after_tax
2014-06-02,QLD,BUY,65.07486506044889,3.293069380194802,214.2960455508728,0.1071480227754364,0.0,MODEL_B_FOUR_STATE_weekly,MODEL_B_FOUR_STATE,weekly,after_tax
2014-06-02,TQQQ,SELL,157.90241905520392,1.3585000792359487,214.5104487980425,0.10725522439902124,26.847428009497992,MODEL_B_FOUR_STATE_weekly,MODEL_B_FOUR_STATE,weekly,after_tax
2014-06-09,QLD,BUY,85.56312535237663,3.395432690204156,290.5238328974956,0.1452619164487478,0.0,MODEL_B_FOUR_STATE_weekly,MODEL_B_FOUR_STATE,weekly,after_tax
2014-06-09,TQQQ,SELL,204.35887329107535,1.4230578657123893,290.8145020649863,0.14540725103249316,47.93256703135008,MODEL_B_FOUR_STATE_weekly,MODEL_B_FOUR_STATE,weekly,after_tax
2014-06-16,QLD,SELL,41.34145459244198,3.3454766649757683,138.30687163516995,0.06915343581758499,16.120492680525413,MODEL_B_FOUR_STATE_weekly,MODEL_B_FOUR_STATE,weekly,after_tax
2014-06-16,TQQQ,BUY,99.30382947377552,1.3913726652297482,138.16863388244747,0.06908431694122373,0.0,MODEL_B_FOUR_STATE_weekly,MODEL_B_FOUR_STATE,weekly,after_tax
2014-06-23,QLD,BUY,43.708006439819876,3.4049321767298646,148.82279750765883,0.07441139875382942,0.0,MODEL_B_FOUR_STATE_weekly,MODEL_B_FOUR_STATE,weekly,after_tax
2014-06-23,TQQQ,SELL,104.35021104859335,1.4276127787073247,148.97169475377814,0.07448584737688907,24.81961425281666,MODEL_B_FOUR_STATE_weekly,MODEL_B_FOUR_STATE,weekly,after_tax
2014-06-30,QLD,BUY,59.5478062807371,3.47431529777931,206.88785431036376,0.10344392715518189,0.0,MODEL_B_FOUR_STATE_weekly,MODEL_B_FOUR_STATE,weekly,after_tax
2014-06-30,TQQQ,SELL,140.611853839253,1.4728121421191083,207.09484566032916,0.10354742283016458,39.7968054919944,MODEL_B_FOUR_STATE_weekly,MODEL_B_FOUR_STATE,weekly,after_tax
2014-07-07,QLD,BUY,100.98095183453256,3.6136802154261245,364.91286777934874,0.18245643388967436,0.0,MODEL_B_FOUR_STATE_weekly,MODEL_B_FOUR_STATE,weekly,after_tax
2014-07-07,TQQQ,SELL,234.06936068407356,1.5605543678476572,365.2779631948397,0.18263898159741984,86.77520426391452,MODEL_B_FOUR_STATE_weekly,MODEL_B_FOUR_STATE,weekly,after_tax
2014-07-14,QLD,BUY,0.8758292939497369,3.620434602307532,3.170882681530202,0.001585441340765101,0.0,MODEL_B_FOUR_STATE_weekly,MODEL_B_FOUR_STATE,weekly,after_tax
2014-07-14,TQQQ,SELL,2.029805216877525,1.5637240086101705,3.17405515043356,0.00158702757521678,0.7589286925626159,MODEL_B_FOUR_STATE_weekly,MODEL_B_FOUR_STATE,weekly,after_tax
2014-07-21,QLD,BUY,7.2134610755901605,3.63302056470564,26.20665243032272,0.01310332621516136,0.0,MODEL_B_FOUR_STATE_weekly,MODEL_B_FOUR_STATE,weekly,after_tax
2014-07-21,TQQQ,SELL,16.695547811493267,1.5712495623881213,26.23287219263875,0.013116436096319377,6.3679184381748115,MODEL_B_FOUR_STATE_weekly,MODEL_B_FOUR_STATE,weekly,after_tax
2014-07-28,QLD,BUY,52.4102906412263,3.7020886962685684,194.02754455103423,0.09701377227551712,0.0,MODEL_B_FOUR_STATE_weekly,MODEL_B_FOUR_STATE,weekly,after_tax
2014-07-28,TQQQ,SELL,120.14152312236915,1.616607348652173,194.22166915788694,0.09711083457894347,51.270307649106556,MODEL_B_FOUR_STATE_weekly,MODEL_B_FOUR_STATE,weekly,after_tax
2014-08-04,QLD,SELL,117.82148270085459,3.555049050348329,418.86115018630517,0.20943057509315258,69.91777518044789,MODEL_B_FOUR_STATE_weekly,MODEL_B_FOUR_STATE,weekly,after_tax
2014-08-04,TQQQ,BUY,275.5153600717617,1.5187628677147547,418.442498362052,0.209221249181026,0.0,MODEL_B_FOUR_STATE_weekly,MODEL_B_FOUR_STATE,weekly,after_tax
2014-08-11,QLD,BUY,23.114947264303403,3.5777655337910415,82.69986163762223,0.041349930818811116,0.0,MODEL_B_FOUR_STATE_weekly,MODEL_B_FOUR_STATE,weekly,after_tax
2014-08-11,TQQQ,SELL,53.92990829820812,1.5350035904404336,82.78260286987279,0.0413913014349364,18.305655477494895,MODEL_B_FOUR_STATE_weekly,MODEL_B_FOUR_STATE,weekly,after_tax
2014-08-18,QLD,BUY,146.68058342868443,3.7763759719132777,553.9210308063048,0.2769605154031524,0.0,MODEL_B_FOUR_STATE_weekly,MODEL_B_FOUR_STATE,weekly,after_tax
2014-08-18,TQQQ,SELL,333.18973509454463,1.6641425906438432,554.4752289361713,0.27723761446808565,156.10226777818116,MODEL_B_FOUR_STATE_weekly,MODEL_B_FOUR_STATE,weekly,after_tax
2014-08-25,QLD,BUY,90.485613125287,3.9046903831698,353.3183033855312,0.17665915169276558,0.0,MODEL_B_FOUR_STATE_weekly,MODEL_B_FOUR_STATE,weekly,after_tax
2014-08-25,TQQQ,SELL,202.17780886673725,1.7493106707352304,353.67179843645135,0.17683589921822568,111.93253540420861,MODEL_B_FOUR_STATE_weekly,MODEL_B_FOUR_STATE,weekly,after_tax
2014-09-02,QLD,BUY,27.17874422422487,3.944290594561665,107.20086521560734,0.05360043260780367,0.0,MODEL_B_FOUR_STATE_weekly,MODEL_B_FOUR_STATE,weekly,after_tax
2014-09-02,TQQQ,SELL,60.42628814437608,1.7758515871716078,107.30811970807918,0.053654059854039586,35.057022671601416,MODEL_B_FOUR_STATE_weekly,MODEL_B_FOUR_STATE,weekly,after_tax
2014-09-08,QLD,SELL,8.198803381366387,3.9317047714842928,32.23527437497978,0.016117637187489892,7.877891849613735,MODEL_B_FOUR_STATE_weekly,MODEL_B_FOUR_STATE,weekly,after_tax
2014-09-08,TQQQ,BUY,18.219214230007136,1.7675326061638696,32.203055210222374,0.016101527605111188,0.0,MODEL_B_FOUR_STATE_weekly,MODEL_B_FOUR_STATE,weekly,after_tax
2014-09-15,QLD,SELL,19.79802923037832,3.905305029864297,77.31734313479683,0.03865867156739842,18.50070780680826,MODEL_B_FOUR_STATE_weekly,MODEL_B_FOUR_STATE,weekly,after_tax
2014-09-15,TQQQ,BUY,44.15458729173982,1.7493100755466315,77.24006443104372,0.03862003221552186,0.0,MODEL_B_FOUR_STATE_weekly,MODEL_B_FOUR_STATE,weekly,after_tax
2014-09-22,QLD,BUY,18.910180298294822,3.9332403583174833,74.37828433231334,0.03718914216615667,0.0,MODEL_B_FOUR_STATE_weekly,MODEL_B_FOUR_STATE,weekly,after_tax
2014-09-22,TQQQ,SELL,42.11297067103364,1.7679279955320815,74.45269982434183,0.03722634991217092,24.00218432198241,MODEL_B_FOUR_STATE_weekly,MODEL_B_FOUR_STATE,weekly,after_tax
2014-09-29,QLD,SELL,120.5215573875273,3.779446075757672,455.50472711249313,0.22775236355624656,97.38232158453049,MODEL_B_FOUR_STATE_weekly,MODEL_B_FOUR_STATE,weekly,after_tax
2014-09-29,TQQQ,BUY,273.9002049716078,1.6613695125606291,455.0494500239365,0.22752472501196827,0.0,MODEL_B_FOUR_STATE_weekly,MODEL_B_FOUR_STATE,weekly,after_tax
2014-10-06,QLD,BUY,6505.895083020354,3.827026828691524,24898.235027371164,12.449117513685582,0.0,MODEL_B_FOUR_STATE_weekly,MODEL_B_FOUR_STATE,weekly,after_tax
2014-10-06,TQQQ,SELL,15473.445475889706,1.6926641700146003,26191.346743713024,13.095673371856511,7527.651882059593,MODEL_B_FOUR_STATE_weekly,MODEL_B_FOUR_STATE,weekly,after_tax
2014-11-17,QLD,SELL,7030.3092731685465,4.166539199596304,29292.05917194215,14.646029585971075,7234.635146296076,MODEL_B_FOUR_STATE_weekly,MODEL_B_FOUR_STATE,weekly,after_tax
2014-11-17,TQQQ,BUY,14543.128498671338,1.9111293773460951,27793.800112330006,13.896900056165004,0.0,MODEL_B_FOUR_STATE_weekly,MODEL_B_FOUR_STATE,weekly,after_tax
2014-11-24,QLD,BUY,62.3727541995222,4.261087233893229,265.7757466623443,0.13288787333117216,0.0,MODEL_B_FOUR_STATE_weekly,MODEL_B_FOUR_STATE,weekly,after_tax
2014-11-24,TQQQ,SELL,135.43218506895943,1.9774810992184992,267.8145861997291,0.13390729309986454,8.722837169405942,MODEL_B_FOUR_STATE_weekly,MODEL_B_FOUR_STATE,weekly,after_tax
2014-12-01,QLD,BUY,80.63802863532696,4.389092925698782,353.92780102560937,0.1769639005128047,0.0,MODEL_B_FOUR_STATE_weekly,MODEL_B_FOUR_STATE,weekly,after_tax
2014-12-01,TQQQ,SELL,173.9645523163692,2.06799701112928,359.7581742326947,0.17987908711634737,26.94329421362917,MODEL_B_FOUR_STATE_weekly,MODEL_B_FOUR_STATE,weekly,after_tax
2014-12-08,QLD,SELL,44.73594392051076,4.339978222880609,194.1530223950249,0.09707651119751244,53.50501090569922,MODEL_B_FOUR_STATE_weekly,MODEL_B_FOUR_STATE,weekly,after_tax
2014-12-08,TQQQ,BUY,90.25754648615569,2.0285822362643273,183.0948554906172,0.0915474277453086,0.0,MODEL_B_FOUR_STATE_weekly,MODEL_B_FOUR_STATE,weekly,after_tax
2014-12-15,QLD,SELL,105.16272221864006,4.178817999103117,439.4558764419344,0.2197279382209672,108.83697420802375,MODEL_B_FOUR_STATE_weekly,MODEL_B_FOUR_STATE,weekly,after_tax
2014-12-15,TQQQ,BUY,217.5436861051896,1.916476942762366,416.9174584641296,0.2084587292320648,0.0,MODEL_B_FOUR_STATE_weekly,MODEL_B_FOUR_STATE,weekly,after_tax
2014-12-22,QLD,BUY,6685.090077122274,4.281650165010174,28623.217031818465,14.311608515909233,0.0,MODEL_B_FOUR_STATE_weekly,MODEL_B_FOUR_STATE,weekly,after_tax
2014-12-22,TQQQ,SELL,14541.532993877356,1.9847491130953927,28861.29471264547,14.430647356322735,1030.4475754604214,MODEL_B_FOUR_STATE_weekly,MODEL_B_FOUR_STATE,weekly,after_tax
2015-03-02,QLD,SELL,6984.909681817237,4.624734788922491,32303.354802981703,16.15167740149085,8743.650876537295,MODEL_B_FOUR_STATE_weekly,MODEL_B_FOUR_STATE,weekly,after_tax
2015-03-02,TQQQ,BUY,13757.100474188288,2.216723114432778,30495.68260870731,15.247841304353654,0.0,MODEL_B_FOUR_STATE_weekly,MODEL_B_FOUR_STATE,weekly,after_tax
2015-03-09,QLD,SELL,51.60492958391395,4.539960658332593,234.28435008699307,0.11714217504349654,60.226038832871886,MODEL_B_FOUR_STATE_weekly,MODEL_B_FOUR_STATE,weekly,after_tax
2015-03-09,TQQQ,BUY,102.89956591246879,2.1557076112746962,221.82137743437124,0.11091068871718562,0.0,MODEL_B_FOUR_STATE_weekly,MODEL_B_FOUR_STATE,weekly,after_tax
2015-03-16,QLD,SELL,102.23424804665233,4.378093468951566,447.59109367622295,0.22379554683811148,102.77338494055117,MODEL_B_FOUR_STATE_weekly,MODEL_B_FOUR_STATE,weekly,after_tax
2015-03-16,TQQQ,BUY,208.95675098331876,2.040019023550085,426.2757471051882,0.21313787355259411,0.0,MODEL_B_FOUR_STATE_weekly,MODEL_B_FOUR_STATE,weekly,after_tax
2015-03-23,QLD,BUY,142.9379243058825,4.629342965925713,661.7086744494591,0.33085433722472957,0.0,MODEL_B_FOUR_STATE_weekly,MODEL_B_FOUR_STATE,weekly,after_tax
2015-03-23,TQQQ,SELL,298.9148873620959,2.215930271808422,662.374547599873,0.3311872737999365,0.018860641670694678,MODEL_B_FOUR_STATE_weekly,MODEL_B_FOUR_STATE,weekly,after_tax
2015-03-30,QLD,BUY,6438.475054358918,4.4301993281197305,28523.727859936524,14.261863929968262,0.0,MODEL_B_FOUR_STATE_weekly,MODEL_B_FOUR_STATE,weekly,after_tax
2015-03-30,TQQQ,SELL,13770.04190372198,2.0735060979790685,28552.265856794827,14.276132928397415,-1959.3373995626662,MODEL_B_FOUR_STATE_weekly,MODEL_B_FOUR_STATE,weekly,after_tax
2015-04-13,QLD,SELL,6730.839468271082,4.565725370923395,30731.16452789781,15.365582263948905,6588.938600923217,MODEL_B_FOUR_STATE_weekly,MODEL_B_FOUR_STATE,weekly,after_tax
2015-04-13,TQQQ,BUY,13732.09703025527,2.167215625434398,29760.415253950516,14.880207626975258,0.0,MODEL_B_FOUR_STATE_weekly,MODEL_B_FOUR_STATE,weekly,after_tax
2015-04-20,QLD,SELL,67.0254795964971,4.454169338832416,298.5428361392551,0.14927141806962754,58.13907738941155,MODEL_B_FOUR_STATE_weekly,MODEL_B_FOUR_STATE,weekly,after_tax
2015-04-20,TQQQ,BUY,137.1856525128139,2.087969012845931,286.439391453805,0.1432196957269025,0.0,MODEL_B_FOUR_STATE_weekly,MODEL_B_FOUR_STATE,weekly,after_tax
2015-04-27,QLD,BUY,205.1607667180478,4.827860887949266,990.4876413797465,0.49524382068987327,0.0,MODEL_B_FOUR_STATE_weekly,MODEL_B_FOUR_STATE,weekly,after_tax
2015-04-27,TQQQ,SELL,428.08977838270204,2.353645072479458,1007.5713974692699,0.503785698734635,79.17660137885422,MODEL_B_FOUR_STATE_weekly,MODEL_B_FOUR_STATE,weekly,after_tax
2015-05-04,QLD,SELL,86.20928271921028,4.691108057539869,404.4170607988199,0.20220853039940995,94.35493739595952,MODEL_B_FOUR_STATE_weekly,MODEL_B_FOUR_STATE,weekly,after_tax
2015-05-04,TQQQ,BUY,170.98386361701066,2.250821869885175,384.8542196266317,0.19242710981331584,0.0,MODEL_B_FOUR_STATE_weekly,MODEL_B_FOUR_STATE,weekly,after_tax
2015-05-11,QLD,BUY,6460.635183308929,4.631795061447061,29924.338135861428,14.962169067930715,0.0,MODEL_B_FOUR_STATE_weekly,MODEL_B_FOUR_STATE,weekly,after_tax
2015-05-11,TQQQ,SELL,13612.176768002391,2.20842521221935,30061.47436764299,15.030737183821495,527.409921387374,MODEL_B_FOUR_STATE_weekly,MODEL_B_FOUR_STATE,weekly,after_tax
2015-05-26,QLD,SELL,6741.13958722586,4.75164645417625,32031.512016748908,16.015756008374453,6396.192551809474,MODEL_B_FOUR_STATE_weekly,MODEL_B_FOUR_STATE,weekly,after_tax
2015-05-26,TQQQ,BUY,13379.533295124227,2.2946061485826554,30700.759364158406,15.350379682079204,0.0,MODEL_B_FOUR_STATE_weekly,MODEL_B_FOUR_STATE,weekly,after_tax
2015-06-01,QLD,BUY,15.964632492058,4.784836091338641,76.38814973295666,0.038194074866478335,0.0,MODEL_B_FOUR_STATE_weekly,MODEL_B_FOUR_STATE,weekly,after_tax
2015-06-01,TQQQ,SELL,33.05084412587091,2.3177865296430693,76.60480130827636,0.03830240065413818,0.6899094254783517,MODEL_B_FOUR_STATE_weekly,MODEL_B_FOUR_STATE,weekly,after_tax
2015-06-08,QLD,SELL,70.8739800058763,4.664370964060142,330.5825344467885,0.16529126722339424,61.021683778175145,MODEL_B_FOUR_STATE_weekly,MODEL_B_FOUR_STATE,weekly,after_tax
2015-06-08,TQQQ,BUY,142.5757018305075,2.2294244612543532,317.8617572414405,0.15893087862072025,0.0,MODEL_B_FOUR_STATE_weekly,MODEL_B_FOUR_STATE,weekly,after_tax
2015-06-15,QLD,SELL,67.95858605228341,4.5506655106369625,309.25679369978025,0.15462839684989013,50.7881648169346,MODEL_B_FOUR_STATE_weekly,MODEL_B_FOUR_STATE,weekly,after_tax
2015-06-15,TQQQ,BUY,139.08084246322696,2.1472060904674724,298.63523200438794,0.14931761600219398,0.0,MODEL_B_FOUR_STATE_weekly,MODEL_B_FOUR_STATE,weekly,after_tax
2015-06-22,QLD,BUY,136.4183097656776,4.809421964831682,656.0932153922622,0.3280466076961311,0.0,MODEL_B_FOUR_STATE_weekly,MODEL_B_FOUR_STATE,weekly,after_tax
2015-06-22,TQQQ,SELL,282.7684226196052,2.3296725749969482,658.7578392520409,0.32937891962602045,9.880375744524844,MODEL_B_FOUR_STATE_weekly,MODEL_B_FOUR_STATE,weekly,after_tax
2015-06-29,QLD,SELL,129.08287731626186,4.5764792653782065,590.7451115532313,0.29537255577661564,99.11089472484652,MODEL_B_FOUR_STATE_weekly,MODEL_B_FOUR_STATE,weekly,after_tax
2015-06-29,TQQQ,BUY,263.5301535731742,2.163055490358006,570.030345561343,0.2850151727806715,0.0,MODEL_B_FOUR_STATE_weekly,MODEL_B_FOUR_STATE,weekly,after_tax
2015-07-06,QLD,BUY,6373.697517870878,4.509486092271611,28742.100313184812,14.371050156592407,0.0,MODEL_B_FOUR_STATE_weekly,MODEL_B_FOUR_STATE,weekly,after_tax
2015-07-06,TQQQ,SELL,13608.900726245658,2.114120557603214,28770.856791737257,14.385428395868628,-2422.3343049036444,MODEL_B_FOUR_STATE_weekly,MODEL_B_FOUR_STATE,weekly,after_tax
2015-08-17,QLD,SELL,6519.846329124645,4.7418123145022575,30915.88761210558,15.457943806052791,5170.3375656240705,MODEL_B_FOUR_STATE_weekly,MODEL_B_FOUR_STATE,weekly,after_tax
2015-08-17,TQQQ,BUY,13339.892914125901,2.2734072527013827,30327.009301233607,15.163504650616805,0.0,MODEL_B_FOUR_STATE_weekly,MODEL_B_FOUR_STATE,weekly,after_tax
2015-08-24,QLD,SELL,25582.631525488374,3.432666745387014,87816.6484970334,43.9083242485167,-13187.226082738873,MODEL_B_FOUR_STATE_weekly,MODEL_B_FOUR_STATE,weekly,after_tax
2015-08-24,TQQQ,SELL,13339.892914125901,1.4868782050520213,19834.7960317417,9.91739801587085,-10517.294172158397,MODEL_B_FOUR_STATE_weekly,MODEL_B_FOUR_STATE,weekly,after_tax
2015-08-31,QLD,BUY,25187.19607688498,4.269782414635874,107543.84688306917,53.77192344153459,0.0,MODEL_B_FOUR_STATE_weekly,MODEL_B_FOUR_STATE,weekly,after_tax
2015-09-08,QLD,SELL,25187.19607688498,4.186809861271527,105454.00091248156,52.72700045624078,-2196.3448944854003,MODEL_B_FOUR_STATE_weekly,MODEL_B_FOUR_STATE,weekly,after_tax
2015-09-14,QLD,BUY,24340.209206800228,4.328171492576434,105348.5996122192,52.6742998061096,0.0,MODEL_B_FOUR_STATE_weekly,MODEL_B_FOUR_STATE,weekly,after_tax
2015-09-28,QLD,SELL,24340.209206800228,4.062655391738128,98885.88217004096,49.44294108502048,-6564.834683069367,MODEL_B_FOUR_STATE_weekly,MODEL_B_FOUR_STATE,weekly,after_tax
2015-10-12,QLD,BUY,22454.312680807034,4.399468694962183,98787.04570610292,49.39352285305146,0.0,MODEL_B_FOUR_STATE_weekly,MODEL_B_FOUR_STATE,weekly,after_tax
2015-11-30,QLD,SELL,4494.456304320779,5.049125151231975,22693.072367259156,11.346536183629578,2898.619409434964,MODEL_B_FOUR_STATE_weekly,MODEL_B_FOUR_STATE,weekly,after_tax
2015-11-30,TQQQ,BUY,9287.276724685671,2.441015952017404,22670.390635757674,11.335195317878837,0.0,MODEL_B_FOUR_STATE_weekly,MODEL_B_FOUR_STATE,weekly,after_tax
2015-12-07,QLD,BUY,4497.749514973153,5.094605531546941,22914.2595584948,11.4571297792474,0.0,MODEL_B_FOUR_STATE_weekly,MODEL_B_FOUR_STATE,weekly,after_tax
2015-12-07,TQQQ,SELL,9287.276724685671,2.469742849370174,22937.185280914484,11.468592640457242,243.99085719847514,MODEL_B_FOUR_STATE_weekly,MODEL_B_FOUR_STATE,weekly,after_tax
2016-01-11,QLD,SELL,22457.60589145941,4.215746027529573,94675.56282474473,47.337781412372365,-7350.824452257085,MODEL_B_FOUR_STATE_weekly,MODEL_B_FOUR_STATE,weekly,after_tax
2016-03-21,QQQ,BUY,948.1996535105055,99.74791092348406,94580.93457604435,47.29046728802218,0.0,MODEL_B_FOUR_STATE_weekly,MODEL_B_FOUR_STATE,weekly,after_tax
2016-04-04,QQQ,SELL,948.1996535105054,102.70738760385949,97387.10933894875,48.69355466947437,2710.1907409469018,MODEL_B_FOUR_STATE_weekly,MODEL_B_FOUR_STATE,weekly,after_tax
2016-04-04,QLD,BUY,16811.661674955853,4.629632586230848,77831.81671906389,38.91590835953195,0.0,MODEL_B_FOUR_STATE_weekly,MODEL_B_FOUR_STATE,weekly,after_tax
2016-04-04,TQQQ,BUY,9296.148294941408,2.093120028039378,19457.954179765973,9.728977089882987,0.0,MODEL_B_FOUR_STATE_weekly,MODEL_B_FOUR_STATE,weekly,after_tax
2016-04-11,QLD,SELL,29.966822454926323,4.555833562751335,136.5238555091637,0.06826192775458186,-2.3491518505836275,MODEL_B_FOUR_STATE_weekly,MODEL_B_FOUR_STATE,weekly,after_tax
2016-04-11,TQQQ,BUY,66.81033914728943,2.0414115782408455,136.38739988147427,0.06819369994073714,0.0,MODEL_B_FOUR_STATE_weekly,MODEL_B_FOUR_STATE,weekly,after_tax
2016-04-18,QQQ,BUY,945.1492737508463,102.67018011004056,97038.64616687343,48.51932308343672,0.0,MODEL_B_FOUR_STATE_weekly,MODEL_B_FOUR_STATE,weekly,after_tax
2016-04-18,QLD,SELL,16781.694852500925,4.6234829385361875,77589.8798302586,38.7949399151293,-180.84299164795817,MODEL_B_FOUR_STATE_weekly,MODEL_B_FOUR_STATE,weekly,after_tax
2016-04-18,TQQQ,SELL,9362.958634088696,2.0875723465458815,19545.853526376563,9.77292676318828,-68.05815082389393,MODEL_B_FOUR_STATE_weekly,MODEL_B_FOUR_STATE,weekly,after_tax
2016-05-02,QQQ,SELL,945.1492737508463,98.64040285951161,93229.9051251583,46.61495256257915,-3903.8753173611494,MODEL_B_FOUR_STATE_weekly,MODEL_B_FOUR_STATE,weekly,after_tax
2016-05-31,QLD,BUY,20224.98085779305,4.605033867105126,93136.72181168987,46.56836090584494,0.0,MODEL_B_FOUR_STATE_weekly,MODEL_B_FOUR_STATE,weekly,after_tax
2016-06-06,QLD,SELL,4048.233139586264,4.600728468294781,18624.821451588883,9.312410725794441,-36.06279422383375,MODEL_B_FOUR_STATE_weekly,MODEL_B_FOUR_STATE,weekly,after_tax
2016-06-06,TQQQ,BUY,9016.379691770868,2.0636005330250002,18606.20593789415,9.303102968947075,0.0,MODEL_B_FOUR_STATE_weekly,MODEL_B_FOUR_STATE,weekly,after_tax
2016-06-13,QLD,SELL,52.89900894203618,4.439601034137069,234.8504948038899,0.11742524740194495,-8.990459021742751,MODEL_B_FOUR_STATE_weekly,MODEL_B_FOUR_STATE,weekly,after_tax
2016-06-13,TQQQ,BUY,119.77549821197056,1.9587959572536524,234.61576167565,0.117307880837825,0.0,MODEL_B_FOUR_STATE_weekly,MODEL_B_FOUR_STATE,weekly,after_tax
2016-06-20,QLD,SELL,16123.848709264748,4.412542996675287,71147.17570151803,35.57358785075902,-3176.392695263278,MODEL_B_FOUR_STATE_weekly,MODEL_B_FOUR_STATE,weekly,after_tax
2016-06-20,TQQQ,SELL,9136.15518998284,1.9393802365216821,17718.47881324771,8.859239406623855,-1140.6225365784956,MODEL_B_FOUR_STATE_weekly,MODEL_B_FOUR_STATE,weekly,after_tax
2016-07-05,QLD,BUY,20266.105905588105,4.38055705839344,88776.83327087294,44.38841663543647,0.0,MODEL_B_FOUR_STATE_weekly,MODEL_B_FOUR_STATE,weekly,after_tax
2016-08-01,QLD,SELL,4056.4647311275144,5.025425873905194,20385.462816392086,10.192731408196043,2596.810087314177,MODEL_B_FOUR_STATE_weekly,MODEL_B_FOUR_STATE,weekly,after_tax
2016-08-01,TQQQ,BUY,8689.144832186188,2.3437389909507877,20365.087541213306,10.182543770606653,0.0,MODEL_B_FOUR_STATE_weekly,MODEL_B_FOUR_STATE,weekly,after_tax
2016-08-08,QLD,BUY,42.82279263592892,5.156493055209271,220.8154328318342,0.1104077164159171,0.0,MODEL_B_FOUR_STATE_weekly,MODEL_B_FOUR_STATE,weekly,after_tax
2016-08-08,TQQQ,SELL,90.71295505141225,2.436657019962877,221.0363587276006,0.1105181793638003,8.212047065006525,MODEL_B_FOUR_STATE_weekly,MODEL_B_FOUR_STATE,weekly,after_tax
2016-08-15,QLD,BUY,11.869295774797607,5.200794927022488,61.72977325289685,0.030864886626448425,0.0,MODEL_B_FOUR_STATE_weekly,MODEL_B_FOUR_STATE,weekly,after_tax
2016-08-15,TQQQ,SELL,25.05157655664143,2.4665726632714584,61.79153390646388,0.030895766953231943,3.0169242005411716,MODEL_B_FOUR_STATE_weekly,MODEL_B_FOUR_STATE,weekly,after_tax
2016-08-22,QLD,SELL,7.9186403597422546,5.174951733590464,40.978581657327595,0.020489290828663798,6.231764307706589,MODEL_B_FOUR_STATE_weekly,MODEL_B_FOUR_STATE,weekly,after_tax
2016-08-22,TQQQ,BUY,16.72052115157708,2.4483461480429956,40.93762355473518,0.02046881177736759,0.0,MODEL_B_FOUR_STATE_weekly,MODEL_B_FOUR_STATE,weekly,after_tax
2016-08-29,QLD,SELL,7.732134056554016,5.150339082887622,39.82311222559656,0.01991155611279828,5.894775530297956,MODEL_B_FOUR_STATE_weekly,MODEL_B_FOUR_STATE,weekly,after_tax
2016-08-29,TQQQ,BUY,16.3655949431337,2.4309112594572135,39.78330901497975,0.019891654507489875,0.0,MODEL_B_FOUR_STATE_weekly,MODEL_B_FOUR_STATE,weekly,after_tax
2016-09-06,QLD,BUY,15.29502742824591,5.190950395944928,79.39572868464165,0.03969786434232083,0.0,MODEL_B_FOUR_STATE_weekly,MODEL_B_FOUR_STATE,weekly,after_tax
2016-09-06,TQQQ,SELL,32.28571530105616,2.461620050537492,79.47516413102494,0.03973758206551247,3.716382993894474,MODEL_B_FOUR_STATE_weekly,MODEL_B_FOUR_STATE,weekly,after_tax
2016-09-12,QLD,SELL,105.38063075010646,4.86851615922151,513.0473036758485,0.25652365183792425,50.57550144519374,MODEL_B_FOUR_STATE_weekly,MODEL_B_FOUR_STATE,weekly,after_tax
2016-09-12,TQQQ,BUY,229.42645720875814,2.233981725574329,512.5345127676264,0.2562672563838132,0.0,MODEL_B_FOUR_STATE_weekly,MODEL_B_FOUR_STATE,weekly,after_tax
2016-09-19,QLD,BUY,4174.388311415833,5.232177424013039,21841.140282053835,10.920570141026918,0.0,MODEL_B_FOUR_STATE_weekly,MODEL_B_FOUR_STATE,weekly,after_tax
2016-09-19,TQQQ,SELL,8803.607158580548,2.483412986807347,21862.992348369058,10.93149617418453,1230.4152451282143,MODEL_B_FOUR_STATE_weekly,MODEL_B_FOUR_STATE,weekly,after_tax
2016-10-10,QLD,SELL,4069.851293217415,5.35401465397999,21790.043463405455,10.895021731702727,3219.0889312804015,MODEL_B_FOUR_STATE_weekly,MODEL_B_FOUR_STATE,weekly,after_tax
2016-10-10,TQQQ,BUY,8468.21355868195,2.570585184073603,21768.264309519018,10.88413215475951,0.0,MODEL_B_FOUR_STATE_weekly,MODEL_B_FOUR_STATE,weekly,after_tax
2016-10-17,QLD,SELL,57.06485165213167,5.178643387971311,295.5185166938754,0.1477592583469377,35.133474471304815,MODEL_B_FOUR_STATE_weekly,MODEL_B_FOUR_STATE,weekly,after_tax
2016-10-17,TQQQ,BUY,120.85447811923771,2.4427985661510285,295.2231458626047,0.14761157293130237,0.0,MODEL_B_FOUR_STATE_weekly,MODEL_B_FOUR_STATE,weekly,after_tax
2016-10-24,QLD,BUY,50.08397228036604,5.338014959924156,267.3489932850207,0.13367449664251035,0.0,MODEL_B_FOUR_STATE_weekly,MODEL_B_FOUR_STATE,weekly,after_tax
2016-10-24,TQQQ,SELL,104.66383029364327,2.5569146023876628,267.6164760196407,0.13380823800982034,-1.510862292885455,MODEL_B_FOUR_STATE_weekly,MODEL_B_FOUR_STATE,weekly,after_tax
2016-10-31,QLD,SELL,36.3065618312846,5.210024691103474,189.1580835900677,0.09457904179503385,23.4045824708329,MODEL_B_FOUR_STATE_weekly,MODEL_B_FOUR_STATE,weekly,after_tax
2016-10-31,TQQQ,BUY,76.57509226868267,2.4677609185924814,188.96902003826835,0.09448451001913417,0.0,MODEL_B_FOUR_STATE_weekly,MODEL_B_FOUR_STATE,weekly,after_tax
2016-11-07,QLD,SELL,63.68182962189595,5.02542720063857,320.02839876830694,0.16001419938415348,29.302086936404823,MODEL_B_FOUR_STATE_weekly,MODEL_B_FOUR_STATE,weekly,after_tax
2016-11-07,TQQQ,BUY,137.00024416863346,2.3336347481999473,319.7085303038002,0.1598542651519001,0.0,MODEL_B_FOUR_STATE_weekly,MODEL_B_FOUR_STATE,weekly,after_tax
2016-11-14,QLD,BUY,4040.754110809897,5.056194026797675,20430.836798835153,10.215418399417576,0.0,MODEL_B_FOUR_STATE_weekly,MODEL_B_FOUR_STATE,weekly,after_tax
2016-11-14,TQQQ,SELL,8697.97954294486,2.3512676426965347,20451.277856162644,10.225638928081322,-1873.4053409174744,MODEL_B_FOUR_STATE_weekly,MODEL_B_FOUR_STATE,weekly,after_tax
2016-12-12,QLD,SELL,4042.6162254052565,5.317707758193007,21497.45166523446,10.74872583261723,2640.0116638019927,MODEL_B_FOUR_STATE_weekly,MODEL_B_FOUR_STATE,weekly,after_tax
2016-12-12,TQQQ,BUY,8487.294091441361,2.5303665367952664,21475.964956923402,10.737982478461701,0.0,MODEL_B_FOUR_STATE_weekly,MODEL_B_FOUR_STATE,weekly,after_tax
2016-12-19,QLD,BUY,33.51343788383284,5.416778091093362,181.53485608636402,0.09076742804318201,0.0,MODEL_B_FOUR_STATE_weekly,MODEL_B_FOUR_STATE,weekly,after_tax
2016-12-19,TQQQ,SELL,69.77647769891462,2.604265617123467,181.7164817552657,0.09085824087763285,4.9772792575009746,MODEL_B_FOUR_STATE_weekly,MODEL_B_FOUR_STATE,weekly,after_tax
2016-12-27,QLD,BUY,14.926984829984553,5.480086680153014,81.80117074164446,0.04090058537082223,0.0,MODEL_B_FOUR_STATE_weekly,MODEL_B_FOUR_STATE,weekly,after_tax
2016-12-27,TQQQ,SELL,30.93590447279525,2.6468601525911613,81.88301283340843,0.040941506416704215,3.523754274803891,MODEL_B_FOUR_STATE_weekly,MODEL_B_FOUR_STATE,weekly,after_tax
2017-01-03,QLD,SELL,16202.742940625092,5.3735643682520084,87066.48213368976,43.53324106684488,11448.065185939126,MODEL_B_FOUR_STATE_weekly,MODEL_B_FOUR_STATE,weekly,after_tax
2017-01-03,TQQQ,SELL,8386.58170926965,2.5678115565344943,21535.161432883422,10.767580716441712,292.6575740741929,MODEL_B_FOUR_STATE_weekly,MODEL_B_FOUR_STATE,weekly,after_tax
2018-01-02,QLD,BUY,9514.266997823544,9.122560569007376,86794.47695735325,43.39723847867663,0.0,MODEL_B_FOUR_STATE_weekly,MODEL_B_FOUR_STATE,weekly,after_tax
2018-01-02,TQQQ,BUY,3886.571816156159,5.582971386026868,21698.619239338313,10.849309619669157,0.0,MODEL_B_FOUR_STATE_weekly,MODEL_B_FOUR_STATE,weekly,after_tax
2018-01-08,QLD,BUY,60.71836085712825,9.758159340651222,592.4994401470176,0.2962497200735088,0.0,MODEL_B_FOUR_STATE_weekly,MODEL_B_FOUR_STATE,weekly,after_tax
2018-01-08,TQQQ,SELL,96.23952948773892,6.162667659972773,593.0922359850847,0.2965461179925424,55.22449926268936,MODEL_B_FOUR_STATE_weekly,MODEL_B_FOUR_STATE,weekly,after_tax
2018-01-16,QLD,BUY,43.578536542743215,10.188051028868305,443.98035406087,0.221990177030435,0.0,MODEL_B_FOUR_STATE_weekly,MODEL_B_FOUR_STATE,weekly,after_tax
2018-01-16,TQQQ,SELL,67.53456893829525,6.5806973155068365,444.4245565161509,0.22221227825807546,66.97025650475645,MODEL_B_FOUR_STATE_weekly,MODEL_B_FOUR_STATE,weekly,after_tax
2018-01-22,QLD,BUY,6.598939599453147,10.269348884679383,67.7668130157108,0.0338834065078554,0.0,MODEL_B_FOUR_STATE_weekly,MODEL_B_FOUR_STATE,weekly,after_tax
2018-01-22,TQQQ,SELL,10.191526503221677,6.655981683178515,67.83461372907186,0.03391730686453593,10.873246074362529,MODEL_B_FOUR_STATE_weekly,MODEL_B_FOUR_STATE,weekly,after_tax
2018-01-29,QLD,BUY,47.12819472514528,10.795317800503456,508.7638394219539,0.25438191971097696,0.0,MODEL_B_FOUR_STATE_weekly,MODEL_B_FOUR_STATE,weekly,after_tax
2018-01-29,TQQQ,SELL,71.04497238941846,7.168316640044203,509.2728577705493,0.25463642888527466,112.17785234648628,MODEL_B_FOUR_STATE_weekly,MODEL_B_FOUR_STATE,weekly,after_tax
2018-02-05,QLD,BUY,2307.277828935845,9.85547136669199,22739.310578080476,11.369655289040239,0.0,MODEL_B_FOUR_STATE_weekly,MODEL_B_FOUR_STATE,weekly,after_tax
2018-02-05,TQQQ,SELL,3641.561218837485,6.250632598528159,22762.061264001517,11.381030632000758,2409.7827820920943,MODEL_B_FOUR_STATE_weekly,MODEL_B_FOUR_STATE,weekly,after_tax
2018-05-29,QLD,SELL,2397.8310779059907,10.332168327834353,24774.794318637185,12.387397159318592,2504.1349265272142,MODEL_B_FOUR_STATE_weekly,MODEL_B_FOUR_STATE,weekly,after_tax
2018-05-29,TQQQ,BUY,3800.1310519359204,6.512941676818378,24750.03190552512,12.37501595276256,0.0,MODEL_B_FOUR_STATE_weekly,MODEL_B_FOUR_STATE,weekly,after_tax
2018-06-04,QLD,BUY,44.814684093829534,10.853210714076496,486.38320955510426,0.24319160477755214,0.0,MODEL_B_FOUR_STATE_weekly,MODEL_B_FOUR_STATE,weekly,after_tax
2018-06-04,TQQQ,SELL,69.53792525656938,7.001500753460113,486.86983607792354,0.24343491803896178,33.50350141113105,MODEL_B_FOUR_STATE_weekly,MODEL_B_FOUR_STATE,weekly,after_tax
2018-06-11,QLD,BUY,11.441579203806524,10.988703959102068,125.72812669524865,0.06286406334762433,0.0,MODEL_B_FOUR_STATE_weekly,MODEL_B_FOUR_STATE,weekly,after_tax
2018-06-11,TQQQ,SELL,17.648672971773152,7.131069736444679,125.8539177174207,0.06292695885871036,10.788740631293361,MODEL_B_FOUR_STATE_weekly,MODEL_B_FOUR_STATE,weekly,after_tax
2018-06-18,QLD,BUY,15.400026882847854,11.175939795656538,172.10977329419984,0.08605488664709993,0.0,MODEL_B_FOUR_STATE_weekly,MODEL_B_FOUR_STATE,weekly,after_tax
2018-06-18,TQQQ,SELL,23.56616516634566,7.310564444802488,172.28196916542947,0.08614098458271474,18.634026376531267,MODEL_B_FOUR_STATE_weekly,MODEL_B_FOUR_STATE,weekly,after_tax
2018-06-25,QLD,SELL,19.64638285195449,10.945594768120593,215.04134535684716,0.10752067267842358,32.3198520489163,MODEL_B_FOUR_STATE_weekly,MODEL_B_FOUR_STATE,weekly,after_tax
2018-06-25,TQQQ,BUY,30.31236737196959,7.087087882060342,214.82641147844697,0.10741320573922349,0.0,MODEL_B_FOUR_STATE_weekly,MODEL_B_FOUR_STATE,weekly,after_tax
2018-07-02,QLD,BUY,2348.5000848937357,10.468897923895538,24586.207663012523,12.293103831506262,0.0,MODEL_B_FOUR_STATE_weekly,MODEL_B_FOUR_STATE,weekly,after_tax
2018-07-02,TQQQ,SELL,3719.6906559132017,6.6163583067869185,24610.806169928994,12.305403084964498,342.84697236229624,MODEL_B_FOUR_STATE_weekly,MODEL_B_FOUR_STATE,weekly,after_tax
2018-08-27,QLD,SELL,2398.367289524163,12.093615217199284,29004.93114902242,14.502465574511211,6143.240186873342,MODEL_B_FOUR_STATE_weekly,MODEL_B_FOUR_STATE,weekly,after_tax
2018-08-27,TQQQ,BUY,3543.532602292547,8.177133940956242,28975.940713091382,14.487970356545691,0.0,MODEL_B_FOUR_STATE_weekly,MODEL_B_FOUR_STATE,weekly,after_tax
2018-09-04,QLD,BUY,25.239822962628825,12.43604493020413,313.88357239364996,0.15694178619682497,0.0,MODEL_B_FOUR_STATE_weekly,MODEL_B_FOUR_STATE,weekly,after_tax
2018-09-04,TQQQ,SELL,36.87989834027855,8.519481536725536,314.19761298631784,0.1570988064931589,12.317859788288548,MODEL_B_FOUR_STATE_weekly,MODEL_B_FOUR_STATE,weekly,after_tax
2018-09-10,QLD,SELL,41.64775187768415,11.898990984131665,495.5662241019163,0.24778311205095815,98.257016403928,MODEL_B_FOUR_STATE_weekly,MODEL_B_FOUR_STATE,weekly,after_tax
2018-09-10,TQQQ,BUY,62.07743207858559,7.975054524008105,495.0709055371299,0.24753545276856495,0.0,MODEL_B_FOUR_STATE_weekly,MODEL_B_FOUR_STATE,weekly,after_tax
2018-09-17,QLD,BUY,12.523238033942098,12.091151334530519,151.42036626674235,0.07571018313337118,0.0,MODEL_B_FOUR_STATE_weekly,MODEL_B_FOUR_STATE,weekly,after_tax
2018-09-17,TQQQ,SELL,18.581983925737912,8.156925707545948,151.57186238105714,0.07578593119052858,-0.46191782814439974,MODEL_B_FOUR_STATE_weekly,MODEL_B_FOUR_STATE,weekly,after_tax
2018-09-24,QLD,SELL,13.880933514315759,11.91131020069104,165.3401049641834,0.08267005248209171,32.87284753854272,MODEL_B_FOUR_STATE_weekly,MODEL_B_FOUR_STATE,weekly,after_tax
2018-09-24,TQQQ,BUY,20.705265450421315,7.977432015227334,165.17484748797142,0.08258742374398571,0.0,MODEL_B_FOUR_STATE_weekly,MODEL_B_FOUR_STATE,weekly,after_tax
2018-10-01,QLD,BUY,50.65277623680581,12.535821919423654,634.9741826290119,0.317487091314506,0.0,MODEL_B_FOUR_STATE_weekly,MODEL_B_FOUR_STATE,weekly,after_tax
2018-10-01,TQQQ,SELL,73.75247270177682,8.618144601438527,635.6094744575603,0.31780473722878017,32.249600252950266,MODEL_B_FOUR_STATE_weekly,MODEL_B_FOUR_STATE,weekly,after_tax
2018-10-08,QLD,BUY,2298.0280199528775,11.53685097047102,26512.006792162952,13.256003396081477,0.0,MODEL_B_FOUR_STATE_weekly,MODEL_B_FOUR_STATE,weekly,after_tax
2018-10-08,TQQQ,SELL,3497.1009448537607,7.5887234827016306,26538.532061589794,13.269266030794897,-2069.019045653614,MODEL_B_FOUR_STATE_weekly,MODEL_B_FOUR_STATE,weekly,after_tax
2018-10-29,QLD,SELL,11914.795655070226,10.144939535035777,120874.88149299442,60.43744074649721,2420.388104444715,MODEL_B_FOUR_STATE_weekly,MODEL_B_FOUR_STATE,weekly,after_tax
2018-11-12,QLD,BUY,11785.548879935905,10.24594342180483,120754.06701873857,60.377033509369284,0.0,MODEL_B_FOUR_STATE_weekly,MODEL_B_FOUR_STATE,weekly,after_tax
2018-11-19,QLD,SELL,11785.548879935905,9.803736210172024,115542.41231097997,57.771206155489985,-5329.802947423464,MODEL_B_FOUR_STATE_weekly,MODEL_B_FOUR_STATE,weekly,after_tax
2019-02-19,QLD,BUY,11418.532810037106,10.1087354707727,115426.92764100397,57.713463820501985,0.0,MODEL_B_FOUR_STATE_weekly,MODEL_B_FOUR_STATE,weekly,after_tax
2019-03-04,QLD,SELL,2285.534075511078,10.568502567026812,24154.672744066076,12.077336372033038,1027.1840992261311,MODEL_B_FOUR_STATE_weekly,MODEL_B_FOUR_STATE,weekly,after_tax
2019-03-04,TQQQ,BUY,3827.1427171054706,6.305103291489752,24130.530142622738,12.06526507131137,0.0,MODEL_B_FOUR_STATE_weekly,MODEL_B_FOUR_STATE,weekly,after_tax
2019-03-11,QQQ,BUY,701.4894956226183,164.10985707893892,115121.34086900484,57.56067043450242,0.0,MODEL_B_FOUR_STATE_weekly,MODEL_B_FOUR_STATE,weekly,after_tax
2019-03-11,QLD,SELL,9132.998734526029,10.137084270374908,92581.97781311774,46.29098890655887,166.45702785462322,MODEL_B_FOUR_STATE_weekly,MODEL_B_FOUR_STATE,weekly,after_tax
2019-03-11,TQQQ,SELL,3827.1427171054706,5.919440078616988,22654.54198622124,11.32727099311062,-1499.3806924659218,MODEL_B_FOUR_STATE_weekly,MODEL_B_FOUR_STATE,weekly,after_tax
2019-03-18,QQQ,SELL,701.4894956226183,170.2146514742382,119403.79001024312,59.70189500512156,4165.186575798659,MODEL_B_FOUR_STATE_weekly,MODEL_B_FOUR_STATE,weekly,after_tax
2019-03-18,QLD,BUY,8755.747359808187,10.898847670260327,95427.55671383347,47.71377835691674,0.0,MODEL_B_FOUR_STATE_weekly,MODEL_B_FOUR_STATE,weekly,after_tax
2019-03-18,TQQQ,BUY,3619.7383914393304,6.5907771774003985,23856.88917845837,11.928444589229185,0.0,MODEL_B_FOUR_STATE_weekly,MODEL_B_FOUR_STATE,weekly,after_tax
2019-03-25,QLD,BUY,2179.6627803504753,10.876921248886285,23708.020411000645,11.854010205500323,0.0,MODEL_B_FOUR_STATE_weekly,MODEL_B_FOUR_STATE,weekly,after_tax
2019-03-25,TQQQ,SELL,3619.7383914393304,6.556203163045512,23731.740291351813,11.865870145675906,-148.94320184146207,MODEL_B_FOUR_STATE_weekly,MODEL_B_FOUR_STATE,weekly,after_tax
2019-04-15,QLD,SELL,2188.832218711361,11.836578969382698,25908.285407506162,12.954142703753082,2037.2253358530913,MODEL_B_FOUR_STATE_weekly,MODEL_B_FOUR_STATE,weekly,after_tax
2019-04-15,TQQQ,BUY,3479.498148406255,7.438541124564955,25882.39006976754,12.941195034883771,0.0,MODEL_B_FOUR_STATE_weekly,MODEL_B_FOUR_STATE,weekly,after_tax
2019-04-22,QLD,BUY,6.7748924710588385,11.919221690421303,80.75144529131649,0.040375722645658245,0.0,MODEL_B_FOUR_STATE_weekly,MODEL_B_FOUR_STATE,weekly,after_tax
2019-04-22,TQQQ,SELL,10.74966843679403,7.519509797701204,80.83223713251209,0.04041611856625605,0.7899893460443144,MODEL_B_FOUR_STATE_weekly,MODEL_B_FOUR_STATE,weekly,after_tax
2019-04-29,QLD,BUY,36.41822291022201,12.436057272923641,452.89910588962084,0.22644955294481042,0.0,MODEL_B_FOUR_STATE_weekly,MODEL_B_FOUR_STATE,weekly,after_tax
2019-04-29,TQQQ,SELL,56.60602101165494,8.008904767656814,453.352231558325,0.2266761157791625,31.84880714176611,MODEL_B_FOUR_STATE_weekly,MODEL_B_FOUR_STATE,weekly,after_tax
2019-05-06,QLD,SELL,37.03972008252418,11.95746045974605,442.9009883268445,0.22145049416342227,38.683418619432025,MODEL_B_FOUR_STATE_weekly,MODEL_B_FOUR_STATE,weekly,after_tax
2019-05-06,TQQQ,BUY,58.69265810964636,7.538563134281121,442.45830867834593,0.22122915433917298,0.0,MODEL_B_FOUR_STATE_weekly,MODEL_B_FOUR_STATE,weekly,after_tax
2019-05-13,QLD,SELL,67.17273929999457,11.092783645354453,745.1326639206382,0.3725663319603191,12.099971279436366,MODEL_B_FOUR_STATE_weekly,MODEL_B_FOUR_STATE,weekly,after_tax
2019-05-13,TQQQ,BUY,110.68490212743795,6.725288538267069,744.3879036368708,0.3721939518184354,0.0,MODEL_B_FOUR_STATE_weekly,MODEL_B_FOUR_STATE,weekly,after_tax
2019-05-20,QLD,BUY,2164.89732907156,11.095248705878257,24020.07428874052,12.01003714437026,0.0,MODEL_B_FOUR_STATE_weekly,MODEL_B_FOUR_STATE,weekly,after_tax
2019-05-20,TQQQ,SELL,3581.520019194891,6.713380422337946,24044.106379074405,12.022053189537203,-2549.4079943702554,MODEL_B_FOUR_STATE_weekly,MODEL_B_FOUR_STATE,weekly,after_tax
2019-05-28,QQQ,BUY,688.0336924164975,170.89379749594914,117580.69050221509,58.790345251107546,0.0,MODEL_B_FOUR_STATE_weekly,MODEL_B_FOUR_STATE,weekly,after_tax
2019-05-28,QLD,SELL,10850.455906517625,10.847316557617978,117698.33001247242,58.84916500623621,-1126.9035937999447,MODEL_B_FOUR_STATE_weekly,MODEL_B_FOUR_STATE,weekly,after_tax
2019-06-03,QQQ,SELL,688.0336924164975,165.938934438959,114171.57777769606,57.08578888884803,-3524.9888586589923,MODEL_B_FOUR_STATE_weekly,MODEL_B_FOUR_STATE,weekly,after_tax
2019-06-10,QQQ,BUY,654.2702384591147,174.32775717538019,114057.46325717864,57.02873162858932,0.0,MODEL_B_FOUR_STATE_weekly,MODEL_B_FOUR_STATE,weekly,after_tax
2019-06-17,QQQ,SELL,654.2702384591147,175.0833922235894,114551.85278035855,57.27592639017927,380.08486516114914,MODEL_B_FOUR_STATE_weekly,MODEL_B_FOUR_STATE,weekly,after_tax
2019-06-17,QLD,BUY,10090.840012576391,11.340716732428188,114437.35817488094,57.21867908744047,0.0,MODEL_B_FOUR_STATE_weekly,MODEL_B_FOUR_STATE,weekly,after_tax
2019-07-15,QLD,SELL,2019.7830214229625,12.748552523451886,25749.309934586985,12.874654967293493,2819.1952791404774,MODEL_B_FOUR_STATE_weekly,MODEL_B_FOUR_STATE,weekly,after_tax
2019-07-15,TQQQ,BUY,3132.6934255406163,8.21132808054273,25723.573492873256,12.861786746436628,0.0,MODEL_B_FOUR_STATE_weekly,MODEL_B_FOUR_STATE,weekly,after_tax
2019-07-22,QLD,SELL,22.551070071202112,12.419071802455734,280.06335843646957,0.14003167921823478,24.05015641776372,MODEL_B_FOUR_STATE_weekly,MODEL_B_FOUR_STATE,weekly,after_tax
2019-07-22,TQQQ,BUY,35.47197998830426,7.887449055056751,279.78343503974247,0.13989171751987123,0.0,MODEL_B_FOUR_STATE_weekly,MODEL_B_FOUR_STATE,weekly,after_tax
2019-07-29,QLD,BUY,29.303764796179273,12.881825253255178,377.48597736687225,0.18874298868343614,0.0,MODEL_B_FOUR_STATE_weekly,MODEL_B_FOUR_STATE,weekly,after_tax
2019-07-29,TQQQ,SELL,45.35958463341713,8.33040371148486,377.86365218162973,0.18893182609081488,5.190626564270668,MODEL_B_FOUR_STATE_weekly,MODEL_B_FOUR_STATE,weekly,after_tax
2019-08-05,QLD,SELL,99.10935128741184,11.365227903184238,1126.4003647181817,0.5632001823590909,0.7497368542784775,MODEL_B_FOUR_STATE_weekly,MODEL_B_FOUR_STATE,weekly,after_tax
2019-08-05,TQQQ,BUY,163.10368573277702,6.899136106070583,1125.2745272721913,0.5626372636360957,0.0,MODEL_B_FOUR_STATE_weekly,MODEL_B_FOUR_STATE,weekly,after_tax
2019-08-12,QLD,BUY,2002.884616902588,11.568838153185672,23171.047972451328,11.585523986225665,0.0,MODEL_B_FOUR_STATE_weekly,MODEL_B_FOUR_STATE,weekly,after_tax
2019-08-12,TQQQ,SELL,3285.9095066282807,7.058694271694462,23194.23061174342,11.59711530587171,-3587.0781806839714,MODEL_B_FOUR_STATE_weekly,MODEL_B_FOUR_STATE,weekly,after_tax
2019-11-11,QLD,SELL,1997.9145231508094,13.360621459974235,26693.379653202894,13.346689826601446,3910.489537449059,MODEL_B_FOUR_STATE_weekly,MODEL_B_FOUR_STATE,weekly,after_tax
2019-11-11,TQQQ,BUY,3085.999715639794,8.641186672319883,26666.699613569537,13.333349806784769,0.0,MODEL_B_FOUR_STATE_weekly,MODEL_B_FOUR_STATE,weekly,after_tax
2019-11-18,QLD,BUY,19.010534558290548,13.665422843497815,259.7869932199683,0.12989349660998414,0.0,MODEL_B_FOUR_STATE_weekly,MODEL_B_FOUR_STATE,weekly,after_tax
2019-11-18,TQQQ,SELL,29.07620242822776,8.943633915521245,260.04691017165896,0.1300234550858295,8.53836736564415,MODEL_B_FOUR_STATE_weekly,MODEL_B_FOUR_STATE,weekly,after_tax
2019-11-25,QLD,BUY,0.9355350140844102,13.659252839290929,12.77870929738856,0.00638935464869428,0.0,MODEL_B_FOUR_STATE_weekly,MODEL_B_FOUR_STATE,weekly,after_tax
2019-11-25,TQQQ,SELL,1.430044069470834,8.944825318546535,12.791494399240037,0.006395747199620019,0.42164225922198484,MODEL_B_FOUR_STATE_weekly,MODEL_B_FOUR_STATE,weekly,after_tax
2019-12-02,QLD,BUY,16.94100632302218,13.987499166283902,236.96231181928306,0.11848115590964153,0.0,MODEL_B_FOUR_STATE_weekly,MODEL_B_FOUR_STATE,weekly,after_tax
2019-12-02,TQQQ,SELL,25.6243467576402,9.25679764307557,237.19939267147493,0.11859969633573747,15.545316904270976,MODEL_B_FOUR_STATE_weekly,MODEL_B_FOUR_STATE,weekly,after_tax
2019-12-09,QLD,SELL,4.241388086168248,13.907286612379417,58.98619974867324,0.029493099874336622,10.571795447056543,MODEL_B_FOUR_STATE_weekly,MODEL_B_FOUR_STATE,weekly,after_tax
2019-12-09,TQQQ,BUY,6.4195107106835065,9.179397882960492,58.92724302729039,0.029463621513645195,0.0,MODEL_B_FOUR_STATE_weekly,MODEL_B_FOUR_STATE,weekly,after_tax
2019-12-16,QLD,BUY,28.493863031802988,14.431742223756133,411.21608623399516,0.20560804311699757,0.0,MODEL_B_FOUR_STATE_weekly,MODEL_B_FOUR_STATE,weekly,after_tax
2019-12-16,TQQQ,SELL,42.45776121780506,9.694988530353978,411.62750803112795,0.20581375401556398,44.30447350568846,MODEL_B_FOUR_STATE_weekly,MODEL_B_FOUR_STATE,weekly,after_tax
2019-12-23,QLD,BUY,28.704038426564725,14.97964358706487,429.9762651393539,0.21498813256967697,0.0,MODEL_B_FOUR_STATE_weekly,MODEL_B_FOUR_STATE,weekly,after_tax
2019-12-23,TQQQ,SELL,42.020683508356974,10.242728593754872,430.40645650017177,0.2152032282500859,66.85328862120038,MODEL_B_FOUR_STATE_weekly,MODEL_B_FOUR_STATE,weekly,after_tax
2019-12-30,QLD,BUY,11.508179659274516,15.174711910473649,174.63331094346358,0.0873166554717318,0.0,MODEL_B_FOUR_STATE_weekly,MODEL_B_FOUR_STATE,weekly,after_tax
2019-12-30,TQQQ,SELL,16.727844872087243,10.450122711649358,174.80803161474614,0.08740401580737307,30.08087875695638,MODEL_B_FOUR_STATE_weekly,MODEL_B_FOUR_STATE,weekly,after_tax
2020-01-06,QLD,SELL,9.65744903366242,15.01175603024246,144.97526876784104,0.07248763438392053,34.45474875025062,MODEL_B_FOUR_STATE_weekly,MODEL_B_FOUR_STATE,weekly,after_tax
2020-01-06,TQQQ,BUY,14.093753757707942,10.276209478351275,144.83036595050726,0.07241518297525364,0.0,MODEL_B_FOUR_STATE_weekly,MODEL_B_FOUR_STATE,weekly,after_tax
2020-01-13,QLD,BUY,50.53935599204553,15.983321331971775,807.7867667317769,0.4038933833658884,0.0,MODEL_B_FOUR_STATE_weekly,MODEL_B_FOUR_STATE,weekly,after_tax
2020-01-13,TQQQ,SELL,71.65891403316544,11.283940993296087,808.5949575939158,0.4042974787969579,188.0216129463366,MODEL_B_FOUR_STATE_weekly,MODEL_B_FOUR_STATE,weekly,after_tax
2020-01-21,QLD,BUY,22.465967191918576,16.480830313613342,370.2577931212145,0.18512889656060724,0.0,MODEL_B_FOUR_STATE_weekly,MODEL_B_FOUR_STATE,weekly,after_tax
2020-01-21,TQQQ,SELL,31.419442286728334,11.796143061788696,370.6282361358608,0.1853141180679304,98.52468479029922,MODEL_B_FOUR_STATE_weekly,MODEL_B_FOUR_STATE,weekly,after_tax
2020-01-27,QLD,SELL,39.16762500835635,15.73024493152256,616.1163347674737,0.30805816738373687,166.21311695198975,MODEL_B_FOUR_STATE_weekly,MODEL_B_FOUR_STATE,weekly,after_tax
2020-01-27,TQQQ,BUY,56.012992001045575,10.988531487935157,615.5005263369494,0.3077502631684747,0.0,MODEL_B_FOUR_STATE_weekly,MODEL_B_FOUR_STATE,weekly,after_tax
2020-02-03,QLD,BUY,2045.993395468193,16.053688887033797,32845.741435772274,16.422870717886138,0.0,MODEL_B_FOUR_STATE_weekly,MODEL_B_FOUR_STATE,weekly,after_tax
2020-02-03,TQQQ,SELL,2902.1107329357496,11.329203684462643,32878.603608294274,16.43930180414714,7614.923249206411,MODEL_B_FOUR_STATE_weekly,MODEL_B_FOUR_STATE,weekly,after_tax
2020-03-16,QLD,SELL,10155.195841879782,9.445307493430235,95918.94738255868,47.95947369127934,-30074.639276348382,MODEL_B_FOUR_STATE_weekly,MODEL_B_FOUR_STATE,weekly,after_tax
2020-04-13,QLD,BUY,7913.075656653363,12.109460408117469,95823.07637068204,47.91153818534102,0.0,MODEL_B_FOUR_STATE_weekly,MODEL_B_FOUR_STATE,weekly,after_tax
2020-12-21,QLD,SELL,1583.8816033773512,27.162332424584665,43021.91863211978,21.51095931605989,23810.86612977644,MODEL_B_FOUR_STATE_weekly,MODEL_B_FOUR_STATE,weekly,after_tax
2020-12-21,TQQQ,BUY,2127.811574257171,20.1986485709859,42978.91821369686,21.48945910684843,0.0,MODEL_B_FOUR_STATE_weekly,MODEL_B_FOUR_STATE,weekly,after_tax
2020-12-28,QLD,BUY,23.39900927530715,28.177216316346065,659.3189459385176,0.3296594729692588,0.0,MODEL_B_FOUR_STATE_weekly,MODEL_B_FOUR_STATE,weekly,after_tax
2020-12-28,TQQQ,SELL,30.925417542135616,21.34097603725484,659.9785947088167,0.32998929735440835,34.68463874644009,MODEL_B_FOUR_STATE_weekly,MODEL_B_FOUR_STATE,weekly,after_tax
2021-01-04,QLD,SELL,6352.593062551319,28.69823650064393,182308.21810144768,91.15410905072385,104875.96902114534,MODEL_B_FOUR_STATE_weekly,MODEL_B_FOUR_STATE,weekly,after_tax
2021-01-04,TQQQ,SELL,2096.886156715035,21.9270324903814,45978.49088692156,22.989245443460778,3580.057935339411,MODEL_B_FOUR_STATE_weekly,MODEL_B_FOUR_STATE,weekly,after_tax
2013-01-02,RISK,BUY,56792.19162693324,1.7599254778557578,99950.02498750626,49.97501249375313,0.0,FIXED_QLD_MA200_monthly,FIXED_QLD_MA200,monthly,pre_tax
2015-09-01,RISK,SELL,56792.19162693324,4.004880768822511,227445.9560659878,113.7229780329939,127332.2330879548,FIXED_QLD_MA200_monthly,FIXED_QLD_MA200,monthly,pre_tax
2015-11-02,RISK,BUY,45657.40611359653,4.976599485541127,227218.6237760668,113.60931188803339,0.0,FIXED_QLD_MA200_monthly,FIXED_QLD_MA200,monthly,pre_tax
2016-02-01,RISK,SELL,45657.40611359653,4.097667973657485,187088.89079195797,93.54444539597898,-40336.88674139287,FIXED_QLD_MA200_monthly,FIXED_QLD_MA200,monthly,pre_tax
2016-04-01,RISK,BUY,41700.22104382145,4.482036083272873,186901.89539886254,93.45094769943127,0.0,FIXED_QLD_MA200_monthly,FIXED_QLD_MA200,monthly,pre_tax
2016-05-02,RISK,SELL,41700.22104382145,4.257564817205552,177541.39398586878,88.77069699293439,-9542.723057686118,FIXED_QLD_MA200_monthly,FIXED_QLD_MA200,monthly,pre_tax
2016-06-01,RISK,BUY,38748.09810870426,4.57735863114206,177363.94131821676,88.68197065910839,0.0,FIXED_QLD_MA200_monthly,FIXED_QLD_MA200,monthly,pre_tax
2018-11-01,RISK,SELL,38748.09810870426,10.25087243510065,397201.8108150921,198.60090540754607,219550.58662080867,FIXED_QLD_MA200_monthly,FIXED_QLD_MA200,monthly,pre_tax
2019-03-01,RISK,BUY,37948.73872117249,10.456337176880792,396804.8075059316,198.4024037529658,0.0,FIXED_QLD_MA200_monthly,FIXED_QLD_MA200,monthly,pre_tax
2020-04-01,RISK,SELL,37948.73872117249,10.422928032946222,395536.9726318605,197.76848631593026,-1664.0057641399326,FIXED_QLD_MA200_monthly,FIXED_QLD_MA200,monthly,pre_tax
2020-05-01,RISK,BUY,28590.588369172507,13.820689110229623,395141.6333288802,197.5708166644401,0.0,FIXED_QLD_MA200_monthly,FIXED_QLD_MA200,monthly,pre_tax
2022-02-01,RISK,SELL,28590.588369172507,36.61481947444583,1046839.231805442,523.419615902721,650976.6080439948,FIXED_QLD_MA200_monthly,FIXED_QLD_MA200,monthly,pre_tax
2023-02-01,RISK,BUY,49796.79085805792,21.001211076284598,1045792.9157316735,522.8964578658367,0.0,FIXED_QLD_MA200_monthly,FIXED_QLD_MA200,monthly,pre_tax
2025-04-01,RISK,SELL,49796.79085805792,44.0057077774389,2191343.0267539374,1095.6715133769687,1143931.5430510212,FIXED_QLD_MA200_monthly,FIXED_QLD_MA200,monthly,pre_tax
2025-06-02,RISK,BUY,42228.73363860657,51.840360584475505,2189152.778851135,1094.5763894255676,0.0,FIXED_QLD_MA200_monthly,FIXED_QLD_MA200,monthly,pre_tax
2026-04-01,RISK,SELL,42228.73363860657,61.85860985691658,2612210.758902213,1306.1053794511065,420657.2982822014,FIXED_QLD_MA200_monthly,FIXED_QLD_MA200,monthly,pre_tax
2026-05-01,RISK,BUY,32072.53978076708,81.36555045013495,2609599.853595964,1304.7999267979822,0.0,FIXED_QLD_MA200_monthly,FIXED_QLD_MA200,monthly,pre_tax
2013-01-02,RISK,BUY,56792.19162693324,1.7599254778557578,99950.02498750626,49.97501249375313,0.0,FIXED_QLD_MA200_monthly,FIXED_QLD_MA200,monthly,after_tax
2015-09-01,RISK,SELL,56792.19162693324,4.004880768822511,227445.9560659878,113.7229780329939,127332.2330879548,FIXED_QLD_MA200_monthly,FIXED_QLD_MA200,monthly,after_tax
2015-11-02,RISK,BUY,40462.16869917061,4.976599485541127,201364.00793217073,100.68200396608536,0.0,FIXED_QLD_MA200_monthly,FIXED_QLD_MA200,monthly,after_tax
2016-02-01,RISK,SELL,40462.16869917061,4.097667973657485,165800.53282331774,82.90026641165888,-35747.05737923074,FIXED_QLD_MA200_monthly,FIXED_QLD_MA200,monthly,after_tax
2016-04-01,RISK,BUY,36955.26141957821,4.482036083272873,165634.81514933144,82.81740757466572,0.0,FIXED_QLD_MA200_monthly,FIXED_QLD_MA200,monthly,after_tax
2016-05-02,RISK,SELL,36955.26141957821,4.257564817205552,157339.42083062985,78.66971041531492,-8456.88143669159,FIXED_QLD_MA200_monthly,FIXED_QLD_MA200,monthly,after_tax
2016-06-01,RISK,BUY,34339.05287009971,4.57735863114206,157182.16004019443,78.59108002009722,0.0,FIXED_QLD_MA200_monthly,FIXED_QLD_MA200,monthly,after_tax
2018-11-01,RISK,SELL,34339.05287009971,10.25087243510065,352005.250513569,176.00262525678448,194568.49676809768,FIXED_QLD_MA200_monthly,FIXED_QLD_MA200,monthly,after_tax
2019-03-01,RISK,BUY,30710.766250623397,10.456337176880792,321122.1268768894,160.5610634384447,0.0,FIXED_QLD_MA200_monthly,FIXED_QLD_MA200,monthly,after_tax
2020-04-01,RISK,SELL,30710.766250623397,10.422928032946222,320096.10646688135,160.04805323344067,-1346.6295266798697,FIXED_QLD_MA200_monthly,FIXED_QLD_MA200,monthly,after_tax
2020-05-01,RISK,BUY,23137.49826640669,13.820689110229623,319776.1703284837,159.88808516424186,0.0,FIXED_QLD_MA200_monthly,FIXED_QLD_MA200,monthly,after_tax
2022-02-01,RISK,SELL,23137.49826640669,36.61481947444583,847175.3221147843,423.58766105739215,526815.676040079,FIXED_QLD_MA200_monthly,FIXED_QLD_MA200,monthly,after_tax
2023-02-01,RISK,BUY,35218.58232495676,21.001211076284598,739632.881213923,369.8164406069615,0.0,FIXED_QLD_MA200_monthly,FIXED_QLD_MA200,monthly,after_tax
2025-04-01,RISK,SELL,35218.58232495676,44.0057077774389,1549818.642127722,774.9093210638611,809041.0351521282,FIXED_QLD_MA200_monthly,FIXED_QLD_MA200,monthly,after_tax
2025-06-02,RISK,BUY,26697.249660054815,51.840360584475505,1383995.0489910077,691.9975244955039,0.0,FIXED_QLD_MA200_monthly,FIXED_QLD_MA200,monthly,after_tax
2026-04-01,RISK,SELL,26697.249660054815,61.85860985691658,1651454.7509740295,825.7273754870148,265941.97708303924,FIXED_QLD_MA200_monthly,FIXED_QLD_MA200,monthly,after_tax
2026-05-01,RISK,BUY,19612.784521477435,81.36555045013495,1595805.008449898,797.9025042249491,0.0,FIXED_QLD_MA200_monthly,FIXED_QLD_MA200,monthly,after_tax
2013-01-02,QLD,BUY,45433.753301546596,1.7599254778557578,79960.019990005,39.980009995002504,0.0,PHASE7A_FIXED_monthly,PHASE7A_FIXED,monthly,pre_tax
2013-01-02,TQQQ,BUY,36375.97008540045,0.5495387463363972,19990.00499750125,9.995002498750626,0.0,PHASE7A_FIXED_monthly,PHASE7A_FIXED,monthly,pre_tax
2013-02-01,QLD,BUY,62.06300944560984,1.790812017572473,111.14318316191202,0.05557159158095601,0.0,PHASE7A_FIXED_monthly,PHASE7A_FIXED,monthly,pre_tax
2013-02-01,TQQQ,SELL,197.60801501352006,0.5630054121886564,111.25438194446906,0.05562719097223453,2.5511972865247654,PHASE7A_FIXED_monthly,PHASE7A_FIXED,monthly,pre_tax
2013-03-01,QLD,SELL,92.4070089533498,1.761760677093267,162.79903466181713,0.08139951733090857,0.0029756252217896795,PHASE7A_FIXED_monthly,PHASE7A_FIXED,monthly,pre_tax
2013-03-01,TQQQ,BUY,296.6453424025642,0.5482517125291608,162.6363169860051,0.08131815849300256,0.0,PHASE7A_FIXED_monthly,PHASE7A_FIXED,monthly,pre_tax
2013-04-01,QLD,BUY,302.0711805507927,1.8829799221519419,568.7939680378768,0.28439698401893837,0.0,PHASE7A_FIXED_monthly,PHASE7A_FIXED,monthly,pre_tax
2013-04-01,TQQQ,SELL,940.3455781960788,0.6054827711716175,569.3630465451388,0.2846815232725694,52.07350443433615,PHASE7A_FIXED_monthly,PHASE7A_FIXED,monthly,pre_tax
2013-05-01,QLD,BUY,11626.035817995988,1.970938361910791,22914.199990637193,11.457099995318597,0.0,PHASE7A_FIXED_monthly,PHASE7A_FIXED,monthly,pre_tax
2013-05-01,TQQQ,SELL,35534.66183459342,0.6454859697336326,22937.125653459236,11.468562826729618,3388.591873542508,PHASE7A_FIXED_monthly,PHASE7A_FIXED,monthly,pre_tax
2013-06-03,QLD,SELL,11475.479055463822,2.112836042229576,24245.805750234576,12.122902875117289,3528.483055289023,PHASE7A_FIXED_monthly,PHASE7A_FIXED,monthly,pre_tax
2013-06-03,TQQQ,BUY,33820.3570630398,0.7161832152209614,24221.5720613288,12.1107860306644,0.0,PHASE7A_FIXED_monthly,PHASE7A_FIXED,monthly,pre_tax
2013-07-01,QLD,SELL,203.13589681791646,2.031007298066212,412.5704889364133,0.20628524446820665,45.84623017398762,PHASE7A_FIXED_monthly,PHASE7A_FIXED,monthly,pre_tax
2013-07-01,TQQQ,BUY,612.2286178540996,0.673209504766815,412.15812462963004,0.20607906231481501,0.0,PHASE7A_FIXED_monthly,PHASE7A_FIXED,monthly,pre_tax
2013-08-01,QLD,BUY,551.5588159897108,2.2921238457018327,1264.2411144370853,0.6321205572185427,0.0,PHASE7A_FIXED_monthly,PHASE7A_FIXED,monthly,pre_tax
2013-08-01,TQQQ,SELL,1570.7050145516905,0.8056929698855395,1265.505987988261,0.6327529939941305,140.59897773324886,PHASE7A_FIXED_monthly,PHASE7A_FIXED,monthly,pre_tax
2013-09-03,QLD,SELL,55.236881787734056,2.2755741912440164,125.69562260096427,0.06284781130048214,25.646484640974766,PHASE7A_FIXED_monthly,PHASE7A_FIXED,monthly,pre_tax
2013-09-03,TQQQ,BUY,157.93014546962516,0.7950982975503721,125.56998979478158,0.06278499489739078,0.0,PHASE7A_FIXED_monthly,PHASE7A_FIXED,monthly,pre_tax
2013-10-01,QLD,BUY,357.28646969994315,2.456699886878909,877.745629695215,0.43887281484760754,0.0,PHASE7A_FIXED_monthly,PHASE7A_FIXED,monthly,pre_tax
2013-10-01,TQQQ,SELL,985.4028418544916,0.8916392130184343,878.6238144172676,0.4393119072086338,172.48025778952675,PHASE7A_FIXED_monthly,PHASE7A_FIXED,monthly,pre_tax
2013-11-01,QLD,BUY,443.1371482042457,2.714138672627733,1202.7356712191104,0.6013678356095552,0.0,PHASE7A_FIXED_monthly,PHASE7A_FIXED,monthly,pre_tax
2013-11-01,TQQQ,SELL,1166.5584099374169,1.032043486466777,1203.9390085589512,0.6019695042794756,367.8967636258403,PHASE7A_FIXED_monthly,PHASE7A_FIXED,monthly,pre_tax
2013-12-02,QLD,BUY,294.2037980723912,2.894959132804149,851.7079721353366,0.42585398606766833,0.0,PHASE7A_FIXED_monthly,PHASE7A_FIXED,monthly,pre_tax
2013-12-02,TQQQ,SELL,750.9441146331731,1.1353176482260185,852.5601061745037,0.42628005308725186,314.33910224260535,PHASE7A_FIXED_monthly,PHASE7A_FIXED,monthly,pre_tax
2014-01-02,QLD,BUY,203.19125030347195,3.0255175443681113,614.7586926552467,0.30737934632762337,0.0,PHASE7A_FIXED_monthly,PHASE7A_FIXED,monthly,pre_tax
2014-01-02,TQQQ,SELL,507.71119063418456,1.2120547473305532,615.3737588810109,0.30768687944050543,251.46458121597104,PHASE7A_FIXED_monthly,PHASE7A_FIXED,monthly,pre_tax
2014-02-03,QLD,SELL,203.2168903138781,2.919170613887869,593.2247744499473,0.29661238722497363,219.94041499816774,PHASE7A_FIXED_monthly,PHASE7A_FIXED,monthly,pre_tax
2014-02-03,TQQQ,BUY,517.8414956118322,1.1444271097653773,592.6318461396295,0.29631592306981475,0.0,PHASE7A_FIXED_monthly,PHASE7A_FIXED,monthly,pre_tax
2014-03-03,QLD,BUY,382.7246019469276,3.1671084273014936,1212.1303121617239,0.606065156080862,0.0,PHASE7A_FIXED_monthly,PHASE7A_FIXED,monthly,pre_tax
2014-03-03,TQQQ,SELL,939.1483675247111,1.2919609838008337,1213.3430488421727,0.6066715244210864,533.2350192252358,PHASE7A_FIXED_monthly,PHASE7A_FIXED,monthly,pre_tax
2014-04-01,QLD,SELL,141.97137886311907,3.07700436035229,436.8465518070443,0.21842327590352215,174.53033792491757,PHASE7A_FIXED_monthly,PHASE7A_FIXED,monthly,pre_tax
2014-04-01,TQQQ,BUY,352.93645124701135,1.2365113380254027,436.4099235693793,0.21820496178468965,0.0,PHASE7A_FIXED_monthly,PHASE7A_FIXED,monthly,pre_tax
2014-05-01,QLD,BUY,11693.598714296319,3.0221468392757944,35339.77239417011,17.669886197085056,0.0,PHASE7A_FIXED_monthly,PHASE7A_FIXED,monthly,pre_tax
2014-05-01,TQQQ,SELL,29540.823834086696,1.1974997733296449,35375.12984528979,17.687564922644896,13802.5225140995,PHASE7A_FIXED_monthly,PHASE7A_FIXED,monthly,pre_tax
2014-06-02,QLD,SELL,11845.10674889468,3.293069380194802,39006.758339923865,19.50337916996193,14363.525163516197,PHASE7A_FIXED_monthly,PHASE7A_FIXED,monthly,pre_tax
2014-06-02,TQQQ,BUY,28684.40839336034,1.3585000792359487,38967.77107521633,19.483885537608167,0.0,PHASE7A_FIXED_monthly,PHASE7A_FIXED,monthly,pre_tax
2014-07-01,QLD,BUY,307.7562136117034,3.5120735344421106,1080.8624528857763,0.5404312264428882,0.0,PHASE7A_FIXED_monthly,PHASE7A_FIXED,monthly,pre_tax
2014-07-01,TQQQ,SELL,723.2314070197923,1.4959857184557348,1081.943856040256,0.540971928020128,98.40170540805012,PHASE7A_FIXED_monthly,PHASE7A_FIXED,monthly,pre_tax
2014-08-01,QLD,BUY,29.680215529576135,3.549830404835896,105.35973150897189,0.052679865754485945,0.0,PHASE7A_FIXED_monthly,PHASE7A_FIXED,monthly,pre_tax
2014-08-01,TQQQ,SELL,69.53215578990984,1.5167823109825467,105.4651439466179,0.05273257197330895,10.905742505030732,PHASE7A_FIXED_monthly,PHASE7A_FIXED,monthly,pre_tax
2014-09-02,QLD,BUY,511.6904315555218,3.944290594561665,2018.255756511644,1.009127878255822,0.0,PHASE7A_FIXED_monthly,PHASE7A_FIXED,monthly,pre_tax
2014-09-02,TQQQ,SELL,1137.6373096124148,1.7758515871716078,2020.2750219008449,1.0101375109504225,473.01176895203207,PHASE7A_FIXED_monthly,PHASE7A_FIXED,monthly,pre_tax
2014-10-01,QLD,SELL,154.20809206408805,3.8371568834720997,591.7206419508148,0.2958603209754074,266.24376268074104,PHASE7A_FIXED_monthly,PHASE7A_FIXED,monthly,pre_tax
2014-10-01,TQQQ,BUY,347.7246731376364,1.6999921566893272,591.1292170213419,0.29556460851067096,0.0,PHASE7A_FIXED_monthly,PHASE7A_FIXED,monthly,pre_tax
2014-11-03,QLD,BUY,12271.554841218458,4.04958181154028,49694.665284317336,24.84733264215867,0.0,PHASE7A_FIXED_monthly,PHASE7A_FIXED,monthly,pre_tax
2014-11-03,TQQQ,SELL,27101.732194075856,1.8354688347277577,49744.384809364165,24.87219240468208,12764.593837587354,PHASE7A_FIXED_monthly,PHASE7A_FIXED,monthly,pre_tax
2014-12-01,QLD,SELL,12069.559593625503,4.389092925698782,52974.41862868157,26.487209314340785,22724.38761359896,PHASE7A_FIXED_monthly,PHASE7A_FIXED,monthly,pre_tax
2014-12-01,TQQQ,BUY,25590.690121513355,2.06799701112928,52921.470684025204,26.4607353420126,0.0,PHASE7A_FIXED_monthly,PHASE7A_FIXED,monthly,pre_tax
2015-01-02,QLD,BUY,11802.212864865482,4.241721149436689,50061.69591905369,25.030847959526845,0.0,PHASE7A_FIXED_monthly,PHASE7A_FIXED,monthly,pre_tax
2015-01-02,TQQQ,SELL,25590.690121513355,1.958203644387646,50111.78265834238,25.055891329171192,-2861.2046523540002,PHASE7A_FIXED_monthly,PHASE7A_FIXED,monthly,pre_tax
2015-03-02,QLD,SELL,12016.04745956039,4.624734788922491,55571.032711572654,27.785516355786328,21343.887734206957,PHASE7A_FIXED_monthly,PHASE7A_FIXED,monthly,pre_tax
2015-03-02,TQQQ,BUY,25043.94395900778,2.216723114432778,55515.48945049169,27.757744725245846,0.0,PHASE7A_FIXED_monthly,PHASE7A_FIXED,monthly,pre_tax
2015-04-01,QLD,SELL,281.0467336810422,4.379186072848171,1230.755941955489,0.6153779709777446,430.2420696711135,PHASE7A_FIXED_monthly,PHASE7A_FIXED,monthly,pre_tax
2015-04-01,TQQQ,BUY,603.4049317353298,2.0376462577924634,1229.5258010840116,0.6147629005420058,0.0,PHASE7A_FIXED_monthly,PHASE7A_FIXED,monthly,pre_tax
2015-05-01,QLD,BUY,185.76790259203653,4.574943394635047,849.8776388986444,0.4249388194493222,0.0,PHASE7A_FIXED_monthly,PHASE7A_FIXED,monthly,pre_tax
2015-05-01,TQQQ,SELL,392.0067260913545,2.170187104112651,850.7279416888778,0.4253639708444389,-17.449873399136276,PHASE7A_FIXED_monthly,PHASE7A_FIXED,monthly,pre_tax
2015-06-01,QLD,BUY,202.6641782250478,4.784836091338641,969.7148743926955,0.4848574371963478,0.0,PHASE7A_FIXED_monthly,PHASE7A_FIXED,monthly,pre_tax
2015-06-01,TQQQ,SELL,418.7983068986404,2.3177865296430693,970.6850743669929,0.48534253718349646,43.141002612176344,PHASE7A_FIXED_monthly,PHASE7A_FIXED,monthly,pre_tax
2015-07-01,QLD,SELL,241.62027945649243,4.583240198286429,1107.4037775261968,0.5537018887630984,415.5750641039426,PHASE7A_FIXED_monthly,PHASE7A_FIXED,monthly,pre_tax
2015-07-01,TQQQ,BUY,511.1231640101882,2.1644429465767585,1106.2969271738475,0.5531484635869237,0.0,PHASE7A_FIXED_monthly,PHASE7A_FIXED,monthly,pre_tax
2015-08-03,QLD,BUY,318.71828966229936,4.897928675218715,1561.0594502536405,0.7805297251268203,0.0,PHASE7A_FIXED_monthly,PHASE7A_FIXED,monthly,pre_tax
2015-08-03,TQQQ,SELL,653.789321736897,2.3900991323514877,1562.6212906240253,0.7813106453120127,115.2353271603755,PHASE7A_FIXED_monthly,PHASE7A_FIXED,monthly,pre_tax
2015-09-01,QLD,SELL,48200.6330258301,4.004880768822511,193037.7882502182,96.5188941251091,54389.39180168077,PHASE7A_FIXED_monthly,PHASE7A_FIXED,monthly,pre_tax
2015-09-01,TQQQ,SELL,24693.87770002641,1.7390822165955957,42944.68356690248,21.472341783451242,-11715.610776566758,PHASE7A_FIXED_monthly,PHASE7A_FIXED,monthly,pre_tax
2015-11-02,QLD,BUY,37896.81817273099,4.976599485541127,188597.28582205868,94.29864291102935,0.0,PHASE7A_FIXED_monthly,PHASE7A_FIXED,monthly,pre_tax
2015-11-02,TQQQ,BUY,19743.29716306104,2.3881179048314816,47149.32145551467,23.574660727757337,0.0,PHASE7A_FIXED_monthly,PHASE7A_FIXED,monthly,pre_tax
2015-12-01,QLD,BUY,37.92850548751272,5.035602605743753,190.9928810648853,0.09549644053244265,0.0,PHASE7A_FIXED_monthly,PHASE7A_FIXED,monthly,pre_tax
2015-12-01,TQQQ,SELL,78.72403599502701,2.428533637454649,191.18396949011367,0.09559198474505684,2.9920964650963935,PHASE7A_FIXED_monthly,PHASE7A_FIXED,monthly,pre_tax
2016-01-04,QLD,BUY,9013.568761234077,4.603803108263218,41496.69587951369,20.748347939756844,0.0,PHASE7A_FIXED_monthly,PHASE7A_FIXED,monthly,pre_tax
2016-01-04,TQQQ,SELL,19664.573127066014,2.112337403192748,41538.213334120526,20.769106667060264,-5467.355607748689,PHASE7A_FIXED_monthly,PHASE7A_FIXED,monthly,pre_tax
2016-02-01,QLD,SELL,46948.315439452585,4.097667973657485,192378.60859341407,96.18930429670704,-38117.697780811235,PHASE7A_FIXED_monthly,PHASE7A_FIXED,monthly,pre_tax
2016-04-01,QLD,BUY,34303.396502014075,4.482036083272873,153749.06090084353,76.87453045042176,0.0,PHASE7A_FIXED_monthly,PHASE7A_FIXED,monthly,pre_tax
2016-04-01,TQQQ,BUY,19239.558801350693,1.9978246706214715,38437.26522521088,19.21863261260544,0.0,PHASE7A_FIXED_monthly,PHASE7A_FIXED,monthly,pre_tax
2016-05-02,QLD,SELL,34303.396502014075,4.257564817205552,146048.9340576271,73.02446702881356,-7850.0258406956555,PHASE7A_FIXED_monthly,PHASE7A_FIXED,monthly,pre_tax
2016-05-02,TQQQ,SELL,19239.558801350693,1.8462639247363741,35521.30334277798,17.76065167138899,-2952.9411667168947,PHASE7A_FIXED_monthly,PHASE7A_FIXED,monthly,pre_tax
2016-06-01,QLD,BUY,31701.908898931375,4.57735863114206,145111.0063222028,72.5555031611014,0.0,PHASE7A_FIXED_monthly,PHASE7A_FIXED,monthly,pre_tax
2016-06-01,TQQQ,BUY,17683.391425882684,2.051515498743752,36277.7515805507,18.13887579027535,0.0,PHASE7A_FIXED_monthly,PHASE7A_FIXED,monthly,pre_tax
2016-07-01,QLD,BUY,7687.425589885523,4.377479994332151,33651.55172764091,16.825775863820454,0.0,PHASE7A_FIXED_monthly,PHASE7A_FIXED,monthly,pre_tax
2016-07-01,TQQQ,SELL,17683.391425882684,1.904907226351241,33685.2201135615,16.842610056780753,-2627.512952836257,PHASE7A_FIXED_monthly,PHASE7A_FIXED,monthly,pre_tax
2016-08-01,QLD,SELL,7884.171082537017,5.025425873905194,39621.317352476646,19.810658676238322,3802.4939302647585,PHASE7A_FIXED_monthly,PHASE7A_FIXED,monthly,pre_tax
2016-08-01,TQQQ,BUY,16888.27808416727,2.3437389909507877,39581.715835882496,19.79085791794125,0.0,PHASE7A_FIXED_monthly,PHASE7A_FIXED,monthly,pre_tax
2016-09-01,QLD,BUY,56.13944515770952,5.120801325119029,287.47894515504595,0.14373947257752298,0.0,PHASE7A_FIXED_monthly,PHASE7A_FIXED,monthly,pre_tax
2016-09-01,TQQQ,SELL,119.4292565617314,2.409514855874614,287.76656791155256,0.1438832839557763,7.571723860969658,PHASE7A_FIXED_monthly,PHASE7A_FIXED,monthly,pre_tax
2016-10-03,QLD,BUY,8009.2352453296035,5.310325534770665,42531.64643725898,21.265823218629492,0.0,PHASE7A_FIXED_monthly,PHASE7A_FIXED,monthly,pre_tax
2016-10-03,TQQQ,SELL,16768.848827605536,2.538886228735653,42574.19936015769,21.287099680078846,3231.456527443805,PHASE7A_FIXED_monthly,PHASE7A_FIXED,monthly,pre_tax
2016-11-01,QLD,SELL,7920.440805404727,5.18110601949187,41036.64353391147,20.518321766955737,3807.681030651421,PHASE7A_FIXED_monthly,PHASE7A_FIXED,monthly,pre_tax
2016-11-01,TQQQ,BUY,16761.846589087116,2.44577034997658,40995.627398445344,20.49781369922267,0.0,PHASE7A_FIXED_monthly,PHASE7A_FIXED,monthly,pre_tax
2016-12-01,QLD,BUY,7884.214412151701,5.191566869225862,40931.42633199983,20.465713165999915,0.0,PHASE7A_FIXED_monthly,PHASE7A_FIXED,monthly,pre_tax
2016-12-01,TQQQ,SELL,16761.846589087116,2.4443833211645205,40972.37823428295,20.486189117141475,-64.23316697875119,PHASE7A_FIXED_monthly,PHASE7A_FIXED,monthly,pre_tax
2017-01-03,QLD,SELL,7913.18972879182,5.3735643682520084,42522.0343658535,21.26101718292675,4543.040463045295,PHASE7A_FIXED_monthly,PHASE7A_FIXED,monthly,pre_tax
2017-01-03,TQQQ,BUY,16543.08840295501,2.5678115565344943,42479.533581879645,21.23976679093982,0.0,PHASE7A_FIXED_monthly,PHASE7A_FIXED,monthly,pre_tax
2017-02-01,QLD,BUY,320.2488746691093,5.925268771576044,1897.5606562092435,0.9487803281046218,0.0,PHASE7A_FIXED_monthly,PHASE7A_FIXED,monthly,pre_tax
2017-02-01,TQQQ,SELL,638.4856958288087,2.9749439627691605,1899.4591661203813,0.9497295830601906,258.1787326319224,PHASE7A_FIXED_monthly,PHASE7A_FIXED,monthly,pre_tax
2017-03-01,QLD,BUY,264.53421900944704,6.438177916547774,1703.1183669978345,0.8515591834989172,0.0,PHASE7A_FIXED_monthly,PHASE7A_FIXED,monthly,pre_tax
2017-03-01,TQQQ,SELL,506.4191593998747,3.3664254317910975,1704.8223373500077,0.8524111686750039,402.93076173887175,PHASE7A_FIXED_monthly,PHASE7A_FIXED,monthly,pre_tax
2017-04-03,QLD,BUY,85.6528786408288,6.616113662910593,566.6891806432104,0.2833445903216052,0.0,PHASE7A_FIXED_monthly,PHASE7A_FIXED,monthly,pre_tax
2017-04-03,TQQQ,SELL,161.81866550807763,3.50550507587653,567.2561533101325,0.28362807665506623,151.2449259591686,PHASE7A_FIXED_monthly,PHASE7A_FIXED,monthly,pre_tax
2017-05-01,QLD,BUY,176.9909663511125,7.002870669988695,1239.4448471131618,0.6197224235565809,0.0,PHASE7A_FIXED_monthly,PHASE7A_FIXED,monthly,pre_tax
2017-05-01,TQQQ,SELL,325.4518495412716,3.8121919225269503,1240.684911992692,0.620342455996346,403.94769967891915,PHASE7A_FIXED_monthly,PHASE7A_FIXED,monthly,pre_tax
2017-06-01,QLD,BUY,221.94360112294376,7.5208031826792,1669.1941417007183,0.8345970708503592,0.0,PHASE7A_FIXED_monthly,PHASE7A_FIXED,monthly,pre_tax
2017-06-01,TQQQ,SELL,394.612998235291,4.234184323195151,1670.8641708569048,0.8354320854284524,656.2302756355565,PHASE7A_FIXED_monthly,PHASE7A_FIXED,monthly,pre_tax
2017-07-03,QLD,BUY,7958.327891108549,7.176964264944985,57116.63488320104,28.558317441600522,0.0,PHASE7A_FIXED_monthly,PHASE7A_FIXED,monthly,pre_tax
2017-07-03,TQQQ,SELL,14516.300034441687,3.938591786821451,57173.78009068797,28.586890045343985,19851.43265258791,PHASE7A_FIXED_monthly,PHASE7A_FIXED,monthly,pre_tax
2017-08-01,QLD,SELL,8136.269844118661,7.733113516839409,62918.69830820689,31.459349154103446,19671.900989095528,PHASE7A_FIXED_monthly,PHASE7A_FIXED,monthly,pre_tax
2017-08-01,TQQQ,BUY,14287.311209966738,4.399414986472629,62855.81105352606,31.42790552676303,0.0,PHASE7A_FIXED_monthly,PHASE7A_FIXED,monthly,pre_tax
2017-09-01,QLD,BUY,8226.060693755826,7.999177952582655,65801.72333809838,32.90086166904919,0.0,PHASE7A_FIXED_monthly,PHASE7A_FIXED,monthly,pre_tax
2017-09-01,TQQQ,SELL,14287.311209966738,4.610213707167516,65867.55797875677,32.93377898937838,2947.3852407145673,PHASE7A_FIXED_monthly,PHASE7A_FIXED,monthly,pre_tax
2017-10-02,QLD,SELL,8154.242384893284,7.936358197549608,64714.98839615428,32.35749419807714,16939.815514188624,PHASE7A_FIXED_monthly,PHASE7A_FIXED,monthly,pre_tax
2017-10-02,TQQQ,BUY,14207.669351766479,4.550380794232349,64650.30574908175,32.325152874540876,0.0,PHASE7A_FIXED_monthly,PHASE7A_FIXED,monthly,pre_tax
2017-11-01,QLD,BUY,297.16194737324815,8.696363646037577,2584.2283561224467,1.2921141780612233,0.0,PHASE7A_FIXED_monthly,PHASE7A_FIXED,monthly,pre_tax
2017-11-01,TQQQ,SELL,496.15886296007756,5.213680678414505,2586.8138772390666,1.2934069386195333,326.6798535182996,PHASE7A_FIXED_monthly,PHASE7A_FIXED,monthly,pre_tax
2017-12-01,QLD,BUY,36.62984812504714,8.836787576639393,323.69018684560433,0.16184509342280218,0.0,PHASE7A_FIXED_monthly,PHASE7A_FIXED,monthly,pre_tax
2017-12-01,TQQQ,SELL,60.8202854197178,5.327400828893248,324.01403895852854,0.16200701947926427,46.95819553609886,PHASE7A_FIXED_monthly,PHASE7A_FIXED,monthly,pre_tax
2018-01-02,QLD,BUY,99.62333695221999,9.122560569007376,908.8199254332576,0.4544099627166288,0.0,PHASE7A_FIXED_monthly,PHASE7A_FIXED,monthly,pre_tax
2018-01-02,TQQQ,SELL,162.9471364071231,5.582971386026868,909.7291999959853,0.4548645999979926,167.43207965386446,PHASE7A_FIXED_monthly,PHASE7A_FIXED,monthly,pre_tax
2018-02-01,QLD,BUY,459.93855727203226,10.484909559928973,4822.4141761214705,2.4112070880607352,0.0,PHASE7A_FIXED_monthly,PHASE7A_FIXED,monthly,pre_tax
2018-02-01,TQQQ,SELL,703.2683720303226,6.864006963336931,4827.239002710761,2.4136195013553805,1623.086420484937,PHASE7A_FIXED_monthly,PHASE7A_FIXED,monthly,pre_tax
2018-03-01,QLD,BUY,8190.203644044078,10.293983393234878,84309.82029900153,42.154910149500765,0.0,PHASE7A_FIXED_monthly,PHASE7A_FIXED,monthly,pre_tax
2018-03-01,TQQQ,SELL,12784.474694949238,6.60130152462504,84394.17229529865,42.19708614764932,26148.659978846394,PHASE7A_FIXED_monthly,PHASE7A_FIXED,monthly,pre_tax
2018-06-01,QLD,SELL,8340.254109680282,10.573597313969533,88186.48845193879,44.09324422596939,31341.810817594578,PHASE7A_FIXED_monthly,PHASE7A_FIXED,monthly,pre_tax
2018-06-01,TQQQ,BUY,13082.537923778445,6.734040944346929,88098.34603469551,44.049173017347755,0.0,PHASE7A_FIXED_monthly,PHASE7A_FIXED,monthly,pre_tax
2018-07-02,QLD,SELL,51.029232787432235,10.468897923895538,534.2198291863315,0.26710991459316574,186.42251153605997,PHASE7A_FIXED_monthly,PHASE7A_FIXED,monthly,pre_tax
2018-07-02,TQQQ,BUY,80.66157417536178,6.6163583067869185,533.685876333664,0.266842938166832,0.0,PHASE7A_FIXED_monthly,PHASE7A_FIXED,monthly,pre_tax
2018-08-01,QLD,BUY,8593.218305927901,11.27817470576475,96915.81733903068,48.45790866951534,0.0,PHASE7A_FIXED_monthly,PHASE7A_FIXED,monthly,pre_tax
2018-08-01,TQQQ,SELL,13163.199497953807,7.370000101692588,97012.78163851937,48.506390819259686,8287.927320715416,PHASE7A_FIXED_monthly,PHASE7A_FIXED,monthly,pre_tax
2018-09-04,QLD,SELL,8380.673421662259,12.43604493020413,104222.43121715944,52.11121560857972,39400.13098401016,PHASE7A_FIXED_monthly,PHASE7A_FIXED,monthly,pre_tax
2018-09-04,TQQQ,BUY,12221.196844231114,8.519481536725536,104118.26087111536,52.059130435557684,0.0,PHASE7A_FIXED_monthly,PHASE7A_FIXED,monthly,pre_tax
2018-10-01,QLD,BUY,23.6201127085536,12.535821919423654,296.0975266311434,0.1480487633155717,0.0,PHASE7A_FIXED_monthly,PHASE7A_FIXED,monthly,pre_tax
2018-10-01,TQQQ,SELL,34.39183095525811,8.618144601438527,296.39377228064404,0.14819688614032203,3.0985062725777723,PHASE7A_FIXED_monthly,PHASE7A_FIXED,monthly,pre_tax
2018-11-01,QLD,SELL,33512.80785864132,10.25087243510065,343535.5183009707,171.76775915048538,84245.70017669277,PHASE7A_FIXED_monthly,PHASE7A_FIXED,monthly,pre_tax
2018-11-01,TQQQ,SELL,12186.805013275856,6.260934070209453,76300.78271461818,38.15039135730909,-27614.540609168136,PHASE7A_FIXED_monthly,PHASE7A_FIXED,monthly,pre_tax
2019-03-01,QLD,BUY,32088.99387484615,10.456337176880792,335533.33962225384,167.76666981112692,0.0,PHASE7A_FIXED_monthly,PHASE7A_FIXED,monthly,pre_tax
2019-03-01,TQQQ,BUY,13521.008074939955,6.203926100823365,83883.33490556346,41.94166745278173,0.0,PHASE7A_FIXED_monthly,PHASE7A_FIXED,monthly,pre_tax
2019-04-01,QLD,BUY,8298.13774884435,11.300011338744342,93769.05065240362,46.88452532620181,0.0,PHASE7A_FIXED_monthly,PHASE7A_FIXED,monthly,pre_tax
2019-04-01,TQQQ,SELL,13521.008074939955,6.94200211188411,93862.86661103528,46.93143330551764,9890.658604713522,PHASE7A_FIXED_monthly,PHASE7A_FIXED,monthly,pre_tax
2019-05-01,QLD,SELL,8083.890204961954,12.449621319518682,100641.37184034259,50.32068592017129,14618.899510823436,PHASE7A_FIXED_monthly,PHASE7A_FIXED,monthly,pre_tax
2019-05-01,TQQQ,BUY,12542.43752962739,8.01604795930184,100540.78076404045,50.270390382020224,0.0,PHASE7A_FIXED_monthly,PHASE7A_FIXED,monthly,pre_tax
2019-06-03,QLD,BUY,7268.164249373049,10.22687271903491,74330.59067937807,37.16529533968904,0.0,PHASE7A_FIXED_monthly,PHASE7A_FIXED,monthly,pre_tax
2019-06-03,TQQQ,SELL,12542.43752962739,5.932256650925104,74404.95845394471,37.20247922697236,-26223.29517970473,PHASE7A_FIXED_monthly,PHASE7A_FIXED,monthly,pre_tax
2019-08-01,QLD,SELL,7920.614458524687,12.393156816193644,98161.41706510715,49.08070853255357,14462.921107236976,PHASE7A_FIXED_monthly,PHASE7A_FIXED,monthly,pre_tax
2019-08-01,TQQQ,BUY,12485.60863282598,7.854106883216227,98063.30470422248,49.03165235211124,0.0,PHASE7A_FIXED_monthly,PHASE7A_FIXED,monthly,pre_tax
2019-09-03,QLD,BUY,7578.585540157182,11.619432848287158,88058.86576885643,44.02943288442822,0.0,PHASE7A_FIXED_monthly,PHASE7A_FIXED,monthly,pre_tax
2019-09-03,TQQQ,SELL,12485.60863282598,7.059885607365281,88146.96868608384,44.07348434304192,-10009.441154833792,PHASE7A_FIXED_monthly,PHASE7A_FIXED,monthly,pre_tax
2019-10-01,QLD,SELL,7852.153933801929,12.024189512502812,94415.78698137886,47.20789349068943,9827.755077446365,PHASE7A_FIXED_monthly,PHASE7A_FIXED,monthly,pre_tax
2019-10-01,TQQQ,BUY,12710.61761134204,7.420679408570455,94321.41837869886,47.16070918934943,0.0,PHASE7A_FIXED_monthly,PHASE7A_FIXED,monthly,pre_tax
2019-11-01,QLD,BUY,234.43588241614043,13.05828859719205,3061.3314101273427,1.5306657050636714,0.0,PHASE7A_FIXED_monthly,PHASE7A_FIXED,monthly,pre_tax
2019-11-01,TQQQ,SELL,366.5468478551072,8.360170851012747,3064.3942729688715,1.5321971364844358,341.47541635450824,PHASE7A_FIXED_monthly,PHASE7A_FIXED,monthly,pre_tax
2019-12-02,QLD,BUY,212.85142881396447,13.987499166283902,2977.2591830776655,1.4886295915388328,0.0,PHASE7A_FIXED_monthly,PHASE7A_FIXED,monthly,pre_tax
2019-12-02,TQQQ,SELL,321.9512888308948,9.25679764307557,2980.237931634969,1.4901189658174845,588.4559644292166,PHASE7A_FIXED_monthly,PHASE7A_FIXED,monthly,pre_tax
2020-01-02,QLD,BUY,278.6149295489741,15.296928478401773,4261.952650325606,2.130976325162803,0.0,PHASE7A_FIXED_monthly,PHASE7A_FIXED,monthly,pre_tax
2020-01-02,TQQQ,SELL,403.735631920647,10.566857115689889,4266.216735018243,2.1331083675091214,1266.592940005858,PHASE7A_FIXED_monthly,PHASE7A_FIXED,monthly,pre_tax
2020-02-03,QLD,BUY,8190.981942375537,16.053688887033797,131495.47578220867,65.74773789110434,0.0,PHASE7A_FIXED_monthly,PHASE7A_FIXED,monthly,pre_tax
2020-02-03,TQQQ,SELL,11618.383842735393,11.329203684462643,131627.03703861905,65.81351851930953,45301.813626574214,PHASE7A_FIXED_monthly,PHASE7A_FIXED,monthly,pre_tax
2020-04-01,QLD,SELL,40294.106999086776,10.422928032946222,419982.57740331616,209.99128870165808,-59919.63266351265,PHASE7A_FIXED_monthly,PHASE7A_FIXED,monthly,pre_tax
2020-05-01,QLD,BUY,30357.589362292485,13.820689110229623,419562.8047122584,209.7814023561292,0.0,PHASE7A_FIXED_monthly,PHASE7A_FIXED,monthly,pre_tax
2021-01-04,QLD,SELL,6076.37654435803,28.69823650064393,174381.29113695223,87.19064556847611,90272.3994995519,PHASE7A_FIXED_monthly,PHASE7A_FIXED,monthly,pre_tax
2021-01-04,TQQQ,BUY,7944.850588847616,21.9270324903814,174206.99699288746,87.10349849644373,0.0,PHASE7A_FIXED_monthly,PHASE7A_FIXED,monthly,pre_tax
2021-02-01,QLD,BUY,6076.927294022449,29.10814236032567,176888.0647877541,88.44403239387705,0.0,PHASE7A_FIXED_monthly,PHASE7A_FIXED,monthly,pre_tax
2021-02-01,TQQQ,SELL,7944.850588847616,22.286767933605805,177065.04134081825,88.53252067040913,2682.40832876392,PHASE7A_FIXED_monthly,PHASE7A_FIXED,monthly,pre_tax
2021-07-01,QLD,SELL,6076.486782437301,35.380169199382266,214987.13050044165,107.49356525022083,112252.09714527418,PHASE7A_FIXED_monthly,PHASE7A_FIXED,monthly,pre_tax
2021-07-01,TQQQ,BUY,7384.658016862648,29.083574394286202,214772.25080978684,107.38612540489342,0.0,PHASE7A_FIXED_monthly,PHASE7A_FIXED,monthly,pre_tax
2021-08-02,QLD,BUY,154.86961731675675,37.78527151144591,5851.790539187379,2.9258952695936897,0.0,PHASE7A_FIXED_monthly,PHASE7A_FIXED,monthly,pre_tax
2021-08-02,TQQQ,SELL,182.75463128432307,32.05196615768487,5857.6452570853,2.92882262854265,536.9009406413742,PHASE7A_FIXED_monthly,PHASE7A_FIXED,monthly,pre_tax
2021-09-01,QLD,BUY,185.18130389406417,40.812638121887815,7557.737542767776,3.778868771383888,0.0,PHASE7A_FIXED_monthly,PHASE7A_FIXED,monthly,pre_tax
2021-09-01,TQQQ,SELL,210.54026841246858,35.93278909594681,7565.299061069265,3.7826495305346324,1435.1912203920322,PHASE7A_FIXED_monthly,PHASE7A_FIXED,monthly,pre_tax
2021-10-01,QLD,BUY,5773.594621211626,36.096264745921715,208405.19998288446,104.20259999144223,0.0,PHASE7A_FIXED_monthly,PHASE7A_FIXED,monthly,pre_tax
2021-10-01,TQQQ,SELL,6991.363117165856,29.838774777036893,208613.70943759457,104.30685471879728,5073.906332646138,PHASE7A_FIXED_monthly,PHASE7A_FIXED,monthly,pre_tax
2022-02-01,QLD,SELL,30395.29887194205,36.61481947444583,1112918.3810679852,556.4591905339926,480336.4322955657,PHASE7A_FIXED_monthly,PHASE7A_FIXED,monthly,pre_tax
2023-02-01,QQQ,BUY,3853.5535300985935,288.5144867416885,1111806.0188680175,555.9030094340087,0.0,PHASE7A_FIXED_monthly,PHASE7A_FIXED,monthly,pre_tax
2023-05-01,QQQ,SELL,3853.5535300985935,316.12889554696204,1218219.6214011651,609.1098107005826,105248.58971301295,PHASE7A_FIXED_monthly,PHASE7A_FIXED,monthly,pre_tax
2023-05-01,QLD,BUY,49537.182731359244,24.56744496724792,1217002.010585172,608.5010052925861,0.0,PHASE7A_FIXED_monthly,PHASE7A_FIXED,monthly,pre_tax
2023-08-01,QLD,SELL,9915.364874007184,33.9139745377523,336269.4318696032,168.13471593480162,92384.31869087764,PHASE7A_FIXED_monthly,PHASE7A_FIXED,monthly,pre_tax
2023-08-01,TQQQ,BUY,15520.107223733647,21.645039280057844,335933.3304884243,167.96666524421215,0.0,PHASE7A_FIXED_monthly,PHASE7A_FIXED,monthly,pre_tax
2023-09-01,QLD,BUY,9731.241687984539,33.270071101445204,323759.10286459327,161.87955143229664,0.0,PHASE7A_FIXED_monthly,PHASE7A_FIXED,monthly,pre_tax
2023-09-01,TQQQ,SELL,15520.107223733647,20.88149387475852,324083.0239279896,162.0415119639948,-12180.314737642915,PHASE7A_FIXED_monthly,PHASE7A_FIXED,monthly,pre_tax
2023-10-02,QLD,SELL,9878.510768252327,29.498387262247412,291400.1362161883,145.70006810809417,31483.82040306252,PHASE7A_FIXED_monthly,PHASE7A_FIXED,monthly,pre_tax
2023-10-02,TQQQ,BUY,16828.599223119625,17.298461853396137,291108.8817072267,145.55444085361336,0.0,PHASE7A_FIXED_monthly,PHASE7A_FIXED,monthly,pre_tax
2023-11-01,QLD,BUY,9560.277297214772,28.142424338743723,269049.38049427606,134.52469024713804,0.0,PHASE7A_FIXED_monthly,PHASE7A_FIXED,monthly,pre_tax
2023-11-01,TQQQ,SELL,16828.599223119625,16.00362340893819,269318.56446675624,134.65928223337812,-22070.530963557416,PHASE7A_FIXED_monthly,PHASE7A_FIXED,monthly,pre_tax
2023-12-01,QLD,SELL,9814.813141409664,33.92389652864048,332956.7054571223,166.47835272856116,71135.44689319098,PHASE7A_FIXED_monthly,PHASE7A_FIXED,monthly,pre_tax
2023-12-01,TQQQ,BUY,15771.01555439061,21.09083679485806,332623.91514682025,166.31195757341013,0.0,PHASE7A_FIXED_monthly,PHASE7A_FIXED,monthly,pre_tax
2024-01-02,QLD,BUY,327.9824845537708,37.11095030410107,12171.741684890585,6.085870842445293,0.0,PHASE7A_FIXED_monthly,PHASE7A_FIXED,monthly,pre_tax
2024-01-02,TQQQ,SELL,506.86590330878823,24.037757197623048,12183.919515490532,6.091959757745266,1482.2563991470472,PHASE7A_FIXED_monthly,PHASE7A_FIXED,monthly,pre_tax
2024-02-01,QLD,BUY,10097.50074158833,39.19917966693238,395813.7457565039,197.90687287825196,0.0,PHASE7A_FIXED_monthly,PHASE7A_FIXED,monthly,pre_tax
2024-02-01,TQQQ,SELL,15264.149651081823,25.95688371543549,396209.7575081361,198.10487875406807,73916.99668157412,PHASE7A_FIXED_monthly,PHASE7A_FIXED,monthly,pre_tax
2024-06-03,QLD,SELL,9937.044894890665,44.896092455917376,446134.4863396131,223.06724316980655,154926.24630268596,PHASE7A_FIXED_monthly,PHASE7A_FIXED,monthly,pre_tax
2024-06-03,TQQQ,BUY,14305.945571675256,31.154080139342216,445688.57480903884,222.84428740451943,0.0,PHASE7A_FIXED_monthly,PHASE7A_FIXED,monthly,pre_tax
2024-07-01,QLD,BUY,401.29306531748324,49.91913156297313,20032.201322892215,10.016100661446108,0.0,PHASE7A_FIXED_monthly,PHASE7A_FIXED,monthly,pre_tax
2024-07-01,TQQQ,SELL,551.0162540761945,36.39138300728357,20052.243545325473,10.026121772662737,2867.22968371411,PHASE7A_FIXED_monthly,PHASE7A_FIXED,monthly,pre_tax
2024-08-01,QLD,BUY,9696.095962334823,47.69286804923603,462434.625324365,231.2173126621825,0.0,PHASE7A_FIXED_monthly,PHASE7A_FIXED,monthly,pre_tax
2024-08-01,TQQQ,SELL,13754.929317599062,33.65319301862232,462897.2912826682,231.4486456413341,33929.41128042223,PHASE7A_FIXED_monthly,PHASE7A_FIXED,monthly,pre_tax
2025-04-01,QLD,SELL,49805.84029179312,44.0057077774389,2191741.2534904405,1095.8706267452203,545159.9906397543,PHASE7A_FIXED_monthly,PHASE7A_FIXED,monthly,pre_tax
2025-06-02,QLD,BUY,42236.40775013464,51.840360584475505,2189550.6075599156,1094.7753037799578,0.0,PHASE7A_FIXED_monthly,PHASE7A_FIXED,monthly,pre_tax
2025-07-01,QLD,SELL,8454.041403222898,58.337722783542695,493189.5237818097,246.59476189090486,54463.24400338885,PHASE7A_FIXED_monthly,PHASE7A_FIXED,monthly,pre_tax
2025-07-01,TQQQ,BUY,12077.338808433306,40.79512784600504,492696.5807295548,246.34829036477743,0.0,PHASE7A_FIXED_monthly,PHASE7A_FIXED,monthly,pre_tax
2025-08-01,QLD,BUY,70.50288589743919,59.93533384304606,4225.614003161201,2.1128070015806006,0.0,PHASE7A_FIXED_monthly,PHASE7A_FIXED,monthly,pre_tax
2025-08-01,TQQQ,SELL,99.87814089823956,42.35002466994035,4229.841731028224,2.114920865514112,151.1480124342405,PHASE7A_FIXED_monthly,PHASE7A_FIXED,monthly,pre_tax
2025-09-02,QLD,SELL,24.624966822403145,60.05515345622622,1478.8561613739002,0.7394280806869501,200.49593513185485,PHASE7A_FIXED_monthly,PHASE7A_FIXED,monthly,pre_tax
2025-09-02,TQQQ,BUY,34.9423240064139,42.280474647309575,1477.3780442712596,0.7386890221356298,0.0,PHASE7A_FIXED_monthly,PHASE7A_FIXED,monthly,pre_tax
2025-10-01,QLD,BUY,405.09757018933715,67.78898979855896,27461.155052985996,13.730577526492999,0.0,PHASE7A_FIXED_monthly,PHASE7A_FIXED,monthly,pre_tax
2025-10-01,TQQQ,SELL,543.4127339827074,50.58517812790183,27488.629945485387,13.744314972742695,5292.860304755568,PHASE7A_FIXED_monthly,PHASE7A_FIXED,monthly,pre_tax
2025-11-03,QLD,BUY,8989.845564318193,76.0491164486137,683669.8121758876,341.8349060879438,0.0,PHASE7A_FIXED_monthly,PHASE7A_FIXED,monthly,pre_tax
2025-11-03,TQQQ,SELL,11468.990257558771,59.669928095277676,684353.823993972,342.176911996986,215849.20545224773,PHASE7A_FIXED_monthly,PHASE7A_FIXED,monthly,pre_tax
2026-01-02,QLD,SELL,8651.555265418534,71.64717189062932,619859.4672227209,309.9297336113604,125834.29536848531,PHASE7A_FIXED_monthly,PHASE7A_FIXED,monthly,pre_tax
2026-01-02,TQQQ,BUY,11476.682965947506,53.95634952779414,619239.9175303448,309.6199587651724,0.0,PHASE7A_FIXED_monthly,PHASE7A_FIXED,monthly,pre_tax
2026-02-02,QLD,SELL,60.14656921175658,70.92780907290941,4266.064377442002,2.133032188721001,831.5683688756782,PHASE7A_FIXED_monthly,PHASE7A_FIXED,monthly,pre_tax
2026-02-02,TQQQ,BUY,80.4867504406601,52.950335573229424,4261.800445031724,2.130900222515862,0.0,PHASE7A_FIXED_monthly,PHASE7A_FIXED,monthly,pre_tax
2026-03-02,QLD,BUY,8269.337914723665,66.00212621228486,545793.8847396239,272.89694236981194,0.0,PHASE7A_FIXED_monthly,PHASE7A_FIXED,monthly,pre_tax
2026-03-02,TQQQ,SELL,11557.169716388165,47.272815495917484,546339.9516578227,273.16997582891133,-77746.68715237042,PHASE7A_FIXED_monthly,PHASE7A_FIXED,monthly,pre_tax
2026-04-01,QLD,SELL,42780.823480587685,61.85860985691658,2646362.2690432896,1323.181134521645,129517.57475212126,PHASE7A_FIXED_monthly,PHASE7A_FIXED,monthly,pre_tax
2026-05-01,QLD,BUY,32491.849617785465,81.36555045013495,2643717.2292941213,1321.8586146470607,0.0,PHASE7A_FIXED_monthly,PHASE7A_FIXED,monthly,pre_tax
2013-01-02,QLD,BUY,45433.753301546596,1.7599254778557578,79960.019990005,39.980009995002504,0.0,PHASE7A_FIXED_monthly,PHASE7A_FIXED,monthly,after_tax
2013-01-02,TQQQ,BUY,36375.97008540045,0.5495387463363972,19990.00499750125,9.995002498750626,0.0,PHASE7A_FIXED_monthly,PHASE7A_FIXED,monthly,after_tax
2013-02-01,QLD,BUY,61.83133651834947,1.790812017572473,110.72830049962795,0.055364150249813976,0.0,PHASE7A_FIXED_monthly,PHASE7A_FIXED,monthly,after_tax
2013-02-01,TQQQ,SELL,197.79224177817548,0.5630054121886564,111.35810261004008,0.05567905130502004,2.553575726599992,PHASE7A_FIXED_monthly,PHASE7A_FIXED,monthly,after_tax
2013-03-01,QLD,SELL,92.40681431924565,1.761760677093267,162.79869176310604,0.08139934588155302,0.0029901401887989926,PHASE7A_FIXED_monthly,PHASE7A_FIXED,monthly,after_tax
2013-03-01,TQQQ,BUY,296.6436101701227,0.5482517125291608,162.63536728660256,0.08131768364330128,0.0,PHASE7A_FIXED_monthly,PHASE7A_FIXED,monthly,after_tax
2013-04-01,QLD,BUY,297.5597935952788,1.8829799221519419,560.299116979586,0.280149558489793,0.0,PHASE7A_FIXED_monthly,PHASE7A_FIXED,monthly,after_tax
2013-04-01,TQQQ,SELL,943.8470569189011,0.6054827711716175,571.4831315854317,0.28574156579271587,52.26740576714252,PHASE7A_FIXED_monthly,PHASE7A_FIXED,monthly,after_tax
2013-05-01,QLD,BUY,11275.768737298156,1.970938361910791,22223.845164375336,11.111922582187669,0.0,PHASE7A_FIXED_monthly,PHASE7A_FIXED,monthly,after_tax
2013-05-01,TQQQ,SELL,35530.9743968735,0.6454859697336326,22934.745464146763,11.467372732073382,3388.2402385290716,PHASE7A_FIXED_monthly,PHASE7A_FIXED,monthly,after_tax
2013-06-03,QLD,SELL,11681.725037254264,2.112836042229576,24681.569694126447,12.340784847063224,3604.0104868248723,PHASE7A_FIXED_monthly,PHASE7A_FIXED,monthly,after_tax
2013-06-03,TQQQ,BUY,33406.412094826694,0.7161832152209614,23925.111623069395,11.962555811534697,0.0,PHASE7A_FIXED_monthly,PHASE7A_FIXED,monthly,after_tax
2013-07-01,QLD,SELL,204.3583419862357,2.031007298066212,415.0532839947555,0.20752664199737775,46.33399246682931,PHASE7A_FIXED_monthly,PHASE7A_FIXED,monthly,after_tax
2013-07-01,TQQQ,BUY,601.9380129335884,0.673209504766815,405.2303915873417,0.20261519579367088,0.0,PHASE7A_FIXED_monthly,PHASE7A_FIXED,monthly,after_tax
2013-08-01,QLD,BUY,534.8757522929334,2.2921238457018327,1226.0014663183392,0.6130007331591696,0.0,PHASE7A_FIXED_monthly,PHASE7A_FIXED,monthly,after_tax
2013-08-01,TQQQ,SELL,1558.3849566840963,0.8056929698855395,1255.5798039757574,0.6277899019878787,139.49075570895698,PHASE7A_FIXED_monthly,PHASE7A_FIXED,monthly,after_tax
2013-09-03,QLD,SELL,56.42051878423501,2.2755741912440164,128.3890764020034,0.06419453820100171,26.259761984289717,PHASE7A_FIXED_monthly,PHASE7A_FIXED,monthly,after_tax
2013-09-03,TQQQ,BUY,154.60823802792606,0.7950982975503721,122.92874684326671,0.061464373421633356,0.0,PHASE7A_FIXED_monthly,PHASE7A_FIXED,monthly,after_tax
2013-10-01,QLD,BUY,341.4395748345864,2.456699886878909,838.8145648721111,0.4194072824360556,0.0,PHASE7A_FIXED_monthly,PHASE7A_FIXED,monthly,after_tax
2013-10-01,TQQQ,SELL,980.8317290450037,0.8916392130184343,874.5480309891973,0.43727401549459866,171.67996465247828,PHASE7A_FIXED_monthly,PHASE7A_FIXED,monthly,after_tax
2013-11-01,QLD,BUY,415.44274268953757,2.714138672627733,1127.5692141962063,0.5637846070981032,0.0,PHASE7A_FIXED_monthly,PHASE7A_FIXED,monthly,after_tax
2013-11-01,TQQQ,SELL,1166.0768832254917,1.032043486466777,1203.442052052349,0.6017210260261745,367.74468236795497,PHASE7A_FIXED_monthly,PHASE7A_FIXED,monthly,after_tax
2013-12-02,QLD,BUY,272.62270544791085,2.894959132804149,789.231590946205,0.3946157954731025,0.0,PHASE7A_FIXED_monthly,PHASE7A_FIXED,monthly,after_tax
2013-12-02,TQQQ,SELL,752.2305043583299,1.1353176482260185,854.0205671319709,0.42701028356598547,314.87743099561686,PHASE7A_FIXED_monthly,PHASE7A_FIXED,monthly,after_tax
2014-01-02,QLD,BUY,186.87112486884718,3.0255175443681113,565.3818668265012,0.28269093341325063,0.0,PHASE7A_FIXED_monthly,PHASE7A_FIXED,monthly,after_tax
2014-01-02,TQQQ,SELL,509.2267195951126,1.2120547473305532,617.2106629528207,0.30860533147641034,252.2151113042552,PHASE7A_FIXED_monthly,PHASE7A_FIXED,monthly,after_tax
2014-02-03,QLD,SELL,213.26536265540142,2.919170613887869,622.5579796237871,0.31127898981189356,231.33260655039433,PHASE7A_FIXED_monthly,PHASE7A_FIXED,monthly,after_tax
2014-02-03,TQQQ,BUY,502.4033376239829,1.1444271097653773,574.9639996134938,0.2874819998067469,0.0,PHASE7A_FIXED_monthly,PHASE7A_FIXED,monthly,after_tax
2014-03-03,QLD,BUY,349.82047237923365,3.1671084273014936,1107.9193661148602,0.55395968305743,0.0,PHASE7A_FIXED_monthly,PHASE7A_FIXED,monthly,after_tax
2014-03-03,TQQQ,SELL,942.6228907133896,1.2919609838008337,1217.8319972392565,0.6089159986196282,535.3175261765048,PHASE7A_FIXED_monthly,PHASE7A_FIXED,monthly,after_tax
2014-04-01,QLD,SELL,149.613098830996,3.07700436035229,460.36015746879275,0.2301800787343964,184.4002200869537,PHASE7A_FIXED_monthly,PHASE7A_FIXED,monthly,after_tax
2014-04-01,TQQQ,BUY,341.6530287802897,1.2365113380254027,422.4578437575474,0.2112289218787737,0.0,PHASE7A_FIXED_monthly,PHASE7A_FIXED,monthly,after_tax
2014-05-01,QLD,BUY,10604.299959489195,3.0221468392757944,32047.751605302707,16.023875802651354,0.0,PHASE7A_FIXED_monthly,PHASE7A_FIXED,monthly,after_tax
2014-05-01,TQQQ,SELL,29097.641028571063,1.1974997733296449,34844.418536141224,17.422209268070613,13601.874702278084,PHASE7A_FIXED_monthly,PHASE7A_FIXED,monthly,after_tax
2014-06-02,QLD,SELL,12227.079827930867,3.293069380194802,40264.62219055666,20.132311095278332,15042.40515649345,PHASE7A_FIXED_monthly,PHASE7A_FIXED,monthly,after_tax
2014-06-02,TQQQ,BUY,27361.0880263615,1.3585000792359487,37170.040251793864,18.585020125896932,0.0,PHASE7A_FIXED_monthly,PHASE7A_FIXED,monthly,after_tax
2014-07-01,QLD,BUY,289.20002211847935,3.5120735344421106,1015.6917438423843,0.5078458719211921,0.0,PHASE7A_FIXED_monthly,PHASE7A_FIXED,monthly,after_tax
2014-07-01,TQQQ,SELL,692.4239212458403,1.4959857184557348,1035.8562973008957,0.5179281486504479,94.21008829896618,PHASE7A_FIXED_monthly,PHASE7A_FIXED,monthly,after_tax
2014-08-01,QLD,BUY,27.830162547397183,3.549830404835896,98.79235718227574,0.04939617859113787,0.0,PHASE7A_FIXED_monthly,PHASE7A_FIXED,monthly,after_tax
2014-08-01,TQQQ,SELL,66.59773250547764,1.5167823109825467,101.01426261585584,0.05050713130792792,10.445494086479224,PHASE7A_FIXED_monthly,PHASE7A_FIXED,monthly,after_tax
2014-09-02,QLD,BUY,469.27063656202006,3.944290594561665,1850.939758095541,0.9254698790477706,0.0,PHASE7A_FIXED_monthly,PHASE7A_FIXED,monthly,after_tax
2014-09-02,TQQQ,SELL,1095.4560384133574,1.7758515871716078,1945.3673444930828,0.9726836722465414,455.4734572792997,PHASE7A_FIXED_monthly,PHASE7A_FIXED,monthly,after_tax
2014-10-01,QLD,SELL,158.75328239148507,3.8371568834720997,609.161250302277,0.30458062515113854,276.986760840569,PHASE7A_FIXED_monthly,PHASE7A_FIXED,monthly,after_tax
2014-10-01,TQQQ,BUY,324.89011888208745,1.6999921566893272,552.3106538854117,0.2761553269427059,0.0,PHASE7A_FIXED_monthly,PHASE7A_FIXED,monthly,after_tax
2014-11-03,QLD,BUY,11086.259936693925,4.04958181154028,44894.71659764342,22.447358298821708,0.0,PHASE7A_FIXED_monthly,PHASE7A_FIXED,monthly,after_tax
2014-11-03,TQQQ,SELL,25831.50045307891,1.8354688347277577,47412.91403588229,23.706457017941148,12168.563243525126,PHASE7A_FIXED_monthly,PHASE7A_FIXED,monthly,after_tax
2014-12-01,QLD,SELL,12250.236809445696,4.389092925698782,53767.42771847293,26.883713859236465,23447.85181372808,PHASE7A_FIXED_monthly,PHASE7A_FIXED,monthly,after_tax
2014-12-01,TQQQ,BUY,23671.521925279707,2.06799701112928,48952.63659035965,24.476318295179826,0.0,PHASE7A_FIXED_monthly,PHASE7A_FIXED,monthly,after_tax
2015-01-02,QLD,BUY,10917.108498086889,4.241721149436689,46307.33000703016,23.153665003515083,0.0,PHASE7A_FIXED_monthly,PHASE7A_FIXED,monthly,after_tax
2015-01-02,TQQQ,SELL,23671.521925279707,1.958203644387646,46353.66050228479,23.176830251142395,-2646.6292366211887,PHASE7A_FIXED_monthly,PHASE7A_FIXED,monthly,after_tax
2015-03-02,QLD,SELL,11767.000039598615,4.624734788922491,54419.254444384045,27.209627222192022,21197.29636810672,PHASE7A_FIXED_monthly,PHASE7A_FIXED,monthly,after_tax
2015-03-02,TQQQ,BUY,22825.66432005539,2.216723114432778,50598.177700550325,25.29908885027516,0.0,PHASE7A_FIXED_monthly,PHASE7A_FIXED,monthly,after_tax
2015-04-01,QLD,SELL,271.85616723735376,4.379186072848171,1190.5087413837027,0.5952543706918514,423.00628420857834,PHASE7A_FIXED_monthly,PHASE7A_FIXED,monthly,after_tax
2015-04-01,TQQQ,BUY,541.5209053745477,2.0376462577924634,1103.428046352834,0.5517140231764169,0.0,PHASE7A_FIXED_monthly,PHASE7A_FIXED,monthly,after_tax
2015-05-01,QLD,BUY,169.25230780381352,4.574943394635047,774.3197276137944,0.3871598638068972,0.0,PHASE7A_FIXED_monthly,PHASE7A_FIXED,monthly,after_tax
2015-05-01,TQQQ,SELL,357.15558037646537,2.170187104112651,775.0944346948745,0.38754721734743725,-15.921063095151974,PHASE7A_FIXED_monthly,PHASE7A_FIXED,monthly,after_tax
2015-06-01,QLD,BUY,183.8517823986185,4.784836091338641,879.700643877848,0.43985032193892404,0.0,PHASE7A_FIXED_monthly,PHASE7A_FIXED,monthly,after_tax
2015-06-01,TQQQ,SELL,381.9753872066614,2.3177865296430693,885.3374071227954,0.4426687035613977,39.323692775539996,PHASE7A_FIXED_monthly,PHASE7A_FIXED,monthly,after_tax
2015-07-01,QLD,SELL,234.6588648526715,4.583240198286429,1075.4979422770266,0.5377489711385133,409.46107821421765,PHASE7A_FIXED_monthly,PHASE7A_FIXED,monthly,after_tax
2015-07-01,TQQQ,BUY,457.985060575296,2.1644429465767585,991.2825339997289,0.4956412669998645,0.0,PHASE7A_FIXED_monthly,PHASE7A_FIXED,monthly,after_tax
2015-08-03,QLD,BUY,286.7904997662736,4.897928675218715,1404.6794125855376,0.7023397062927689,0.0,PHASE7A_FIXED_monthly,PHASE7A_FIXED,monthly,after_tax
2015-08-03,TQQQ,SELL,597.2436003856792,2.3900991323514877,1427.4714110842906,0.7137357055421453,105.22236321416092,PHASE7A_FIXED_monthly,PHASE7A_FIXED,monthly,after_tax
2015-09-01,QLD,SELL,43896.47518165097,4.004880768822511,175800.14927408862,87.90007463704431,50628.57988942197,PHASE7A_FIXED_monthly,PHASE7A_FIXED,monthly,after_tax
2015-09-01,TQQQ,SELL,22488.795718036432,1.7390822165955957,39109.864705888336,19.554932352944167,-10671.190643126984,PHASE7A_FIXED_monthly,PHASE7A_FIXED,monthly,after_tax
2015-11-02,QLD,BUY,33208.527225967344,4.976599485541127,165265.53950832758,82.63276975416379,0.0,PHASE7A_FIXED_monthly,PHASE7A_FIXED,monthly,after_tax
2015-11-02,TQQQ,BUY,17300.81450061294,2.3881179048314816,41316.384877081895,20.658192438540947,0.0,PHASE7A_FIXED_monthly,PHASE7A_FIXED,monthly,after_tax
2015-12-01,QLD,BUY,33.15164507279365,5.035602605743753,166.93851031325175,0.08346925515662589,0.0,PHASE7A_FIXED_monthly,PHASE7A_FIXED,monthly,after_tax
2015-12-01,TQQQ,SELL,69.02880896502106,2.428533637454649,167.63878452498466,0.08381939226249233,2.6236060268442145,PHASE7A_FIXED_monthly,PHASE7A_FIXED,monthly,after_tax
2016-01-04,QLD,BUY,7898.462082390096,4.603803108263218,36362.96428540669,18.181482142703345,0.0,PHASE7A_FIXED_monthly,PHASE7A_FIXED,monthly,after_tax
2016-01-04,TQQQ,SELL,17231.78569164792,2.112337403192748,36399.34544026953,18.199672720134764,-4790.9659428651685,PHASE7A_FIXED_monthly,PHASE7A_FIXED,monthly,after_tax
2016-02-01,QLD,SELL,41140.14095343024,4.097667973657485,168578.63801662577,84.28931900831289,-33401.99132758207,PHASE7A_FIXED_monthly,PHASE7A_FIXED,monthly,after_tax
2016-04-01,QLD,BUY,30059.578369628496,4.482036083272873,134728.11490064368,67.36405745032184,0.0,PHASE7A_FIXED_monthly,PHASE7A_FIXED,monthly,after_tax
2016-04-01,TQQQ,BUY,16859.351684091132,1.9978246706214715,33682.02872516092,16.84101436258046,0.0,PHASE7A_FIXED_monthly,PHASE7A_FIXED,monthly,after_tax
2016-05-02,QLD,SELL,30059.578369628496,4.257564817205552,127980.6032865633,63.990301643281654,-6878.865973173977,PHASE7A_FIXED_monthly,PHASE7A_FIXED,monthly,after_tax
2016-05-02,TQQQ,SELL,16859.351684091132,1.8462639247363741,31126.812808780895,15.563406404390447,-2587.6203371469987,PHASE7A_FIXED_monthly,PHASE7A_FIXED,monthly,after_tax
2016-06-01,QLD,BUY,27779.931790669765,4.57735863114206,127158.71055455995,63.57935527727997,0.0,PHASE7A_FIXED_monthly,PHASE7A_FIXED,monthly,after_tax
2016-06-01,TQQQ,BUY,15495.70435032367,2.051515498743752,31789.677638639987,15.894838819319993,0.0,PHASE7A_FIXED_monthly,PHASE7A_FIXED,monthly,after_tax
2016-07-01,QLD,BUY,6736.38168646898,4.377479994332151,29488.376066703437,14.744188033351719,0.0,PHASE7A_FIXED_monthly,PHASE7A_FIXED,monthly,after_tax
2016-07-01,TQQQ,SELL,15495.70435032367,1.904907226351241,29517.87919433392,14.758939597166961,-2302.452222722556,PHASE7A_FIXED_monthly,PHASE7A_FIXED,monthly,after_tax
2016-08-01,QLD,SELL,6908.786962864319,5.025425873905194,34719.59676047723,17.359798380238615,3332.0713384786545,PHASE7A_FIXED_monthly,PHASE7A_FIXED,monthly,after_tax
2016-08-01,TQQQ,BUY,14798.95783991242,2.3437389909507877,34684.89451483959,17.342447257419792,0.0,PHASE7A_FIXED_monthly,PHASE7A_FIXED,monthly,after_tax
2016-09-01,QLD,BUY,49.19419717654862,5.120801325119029,251.91371008983697,0.1259568550449185,0.0,PHASE7A_FIXED_monthly,PHASE7A_FIXED,monthly,after_tax
2016-09-01,TQQQ,SELL,104.65415857678082,2.409514855874614,252.16574981981103,0.12608287490990552,6.634993907342344,PHASE7A_FIXED_monthly,PHASE7A_FIXED,monthly,after_tax
2016-10-03,QLD,BUY,7018.378909611497,5.310325534770665,37269.87673640583,18.634938368202913,0.0,PHASE7A_FIXED_monthly,PHASE7A_FIXED,monthly,after_tax
2016-10-03,TQQQ,SELL,14694.30368133564,2.538886228735653,37307.16525740266,18.65358262870133,2831.6793857145135,PHASE7A_FIXED_monthly,PHASE7A_FIXED,monthly,after_tax
2016-11-01,QLD,SELL,6940.569605056111,5.18110601949187,35959.82695945853,17.979913479729266,3336.61672075807,PHASE7A_FIXED_monthly,PHASE7A_FIXED,monthly,after_tax
2016-11-01,TQQQ,BUY,14688.16771933273,2.44577034997658,35923.88510342712,17.961942551713562,0.0,PHASE7A_FIXED_monthly,PHASE7A_FIXED,monthly,after_tax
2016-12-01,QLD,BUY,6908.824931989279,5.191566869225862,35867.62662219716,17.93381331109858,0.0,PHASE7A_FIXED_monthly,PHASE7A_FIXED,monthly,after_tax
2016-12-01,TQQQ,SELL,14688.167719332729,2.4443833211645205,35903.51219160404,17.95175609580202,-56.286610470600586,PHASE7A_FIXED_monthly,PHASE7A_FIXED,monthly,after_tax
2017-01-03,QLD,SELL,6934.215589770858,5.3735643682520084,37261.45381497027,18.630726907485137,3981.001730463775,PHASE7A_FIXED_monthly,PHASE7A_FIXED,monthly,after_tax
2017-01-03,TQQQ,BUY,14496.473032783257,2.5678115565344943,37224.210982571494,18.612105491285746,0.0,PHASE7A_FIXED_monthly,PHASE7A_FIXED,monthly,after_tax
2017-02-01,QLD,BUY,280.6295331523889,5.925268771576044,1662.805409169814,0.8314027045849071,0.0,PHASE7A_FIXED_monthly,PHASE7A_FIXED,monthly,after_tax
2017-02-01,TQQQ,SELL,559.4959324370677,2.9749439627691605,1664.4690463975567,0.8322345231987783,226.23835066783974,PHASE7A_FIXED_monthly,PHASE7A_FIXED,monthly,after_tax
2017-03-01,QLD,BUY,231.8075729701002,6.438177916547774,1492.418397184636,0.746209198592318,0.0,PHASE7A_FIXED_monthly,PHASE7A_FIXED,monthly,after_tax
2017-03-01,TQQQ,SELL,443.7679052850653,3.3664254317910975,1493.9115621643068,0.7469557810821534,353.08249459532396,PHASE7A_FIXED_monthly,PHASE7A_FIXED,monthly,after_tax
2017-04-03,QLD,BUY,75.05639909263681,6.616113662910593,496.58166752566467,0.24829083376283234,0.0,PHASE7A_FIXED_monthly,PHASE7A_FIXED,monthly,after_tax
2017-04-03,TQQQ,SELL,141.7993946233048,3.50550507587653,497.0784976082141,0.24853924880410705,132.533777073981,PHASE7A_FIXED_monthly,PHASE7A_FIXED,monthly,after_tax
2017-05-01,QLD,BUY,155.09466601755727,7.002870669988695,1086.1078877260443,0.5430539438630222,0.0,PHASE7A_FIXED_monthly,PHASE7A_FIXED,monthly,after_tax
2017-05-01,TQQQ,SELL,285.18882601761817,3.8121919225269503,1087.1945389393077,0.5435972694696538,353.97362284567157,PHASE7A_FIXED_monthly,PHASE7A_FIXED,monthly,after_tax
2017-06-01,QLD,BUY,194.48602039161554,7.5208031826792,1462.6910811478738,0.7313455405739369,0.0,PHASE7A_FIXED_monthly,PHASE7A_FIXED,monthly,after_tax
2017-06-01,TQQQ,SELL,345.79375676200124,4.234184323195151,1464.1545039404227,0.7320772519702113,575.0452552951123,PHASE7A_FIXED_monthly,PHASE7A_FIXED,monthly,after_tax
2017-07-03,QLD,BUY,6973.7695192932915,7.176964264944985,50050.494631930516,25.02524731596526,0.0,PHASE7A_FIXED_monthly,PHASE7A_FIXED,monthly,after_tax
2017-07-03,TQQQ,SELL,12720.427217658198,3.938591786821451,50100.570164328616,25.050285082164308,17395.52803568103,PHASE7A_FIXED_monthly,PHASE7A_FIXED,monthly,after_tax
2017-08-01,QLD,SELL,7129.6975213918,7.733113516839409,55134.760273651365,27.567380136825683,17238.20699290142,PHASE7A_FIXED_monthly,PHASE7A_FIXED,monthly,after_tax
2017-08-01,TQQQ,BUY,12519.76756826547,4.399414986472629,55079.653066981096,27.539826533490547,0.0,PHASE7A_FIXED_monthly,PHASE7A_FIXED,monthly,after_tax
2017-09-01,QLD,BUY,7149.307549740105,7.999177952582655,57188.583328113775,28.59429166405689,0.0,PHASE7A_FIXED_monthly,PHASE7A_FIXED,monthly,after_tax
2017-09-01,TQQQ,SELL,12519.76756826547,4.610213707167516,57718.80405376879,28.859402026884396,2582.751758227325,PHASE7A_FIXED_monthly,PHASE7A_FIXED,monthly,after_tax
2017-10-02,QLD,SELL,7451.246880743709,7.936358197549608,59135.764263956284,29.56788213197814,15505.927330008417,PHASE7A_FIXED_monthly,PHASE7A_FIXED,monthly,after_tax
2017-10-02,TQQQ,BUY,12290.884141839535,4.550380794232349,55928.20314316156,27.96410157158078,0.0,PHASE7A_FIXED_monthly,PHASE7A_FIXED,monthly,after_tax
2017-11-01,QLD,BUY,251.76416079485688,8.696363646037577,2189.4326953115524,1.0947163476557762,0.0,PHASE7A_FIXED_monthly,PHASE7A_FIXED,monthly,after_tax
2017-11-01,TQQQ,SELL,431.4341087506697,5.213680678414505,2249.359676802349,1.1246798384011745,284.06391978693205,PHASE7A_FIXED_monthly,PHASE7A_FIXED,monthly,after_tax
2017-12-01,QLD,BUY,30.930962088145176,8.836787576639393,273.33034151402535,0.13666517075701268,0.0,PHASE7A_FIXED_monthly,PHASE7A_FIXED,monthly,after_tax
2017-12-01,TQQQ,SELL,52.91658062588206,5.327400828893248,281.9078354885205,0.14095391774426025,40.85589409822668,PHASE7A_FIXED_monthly,PHASE7A_FIXED,monthly,after_tax
2018-01-02,QLD,BUY,83.56608608600665,9.122560569007376,762.3366818344803,0.3811683409172401,0.0,PHASE7A_FIXED_monthly,PHASE7A_FIXED,monthly,after_tax
2018-01-02,TQQQ,SELL,141.9950841810728,5.582971386026868,792.7544919394059,0.3963772459697029,145.90334490851035,PHASE7A_FIXED_monthly,PHASE7A_FIXED,monthly,after_tax
2018-02-01,QLD,BUY,375.7140974134397,10.484909559928973,3939.328331770259,1.9696641658851295,0.0,PHASE7A_FIXED_monthly,PHASE7A_FIXED,monthly,after_tax
2018-02-01,TQQQ,SELL,616.6254534975834,6.864006963336931,4232.521406578206,2.116260703289103,1423.1215847342855,PHASE7A_FIXED_monthly,PHASE7A_FIXED,monthly,after_tax
2018-03-01,QLD,BUY,6631.9774752213325,10.293983393234878,68269.46599423618,34.134732997118086,0.0,PHASE7A_FIXED_monthly,PHASE7A_FIXED,monthly,after_tax
2018-03-01,TQQQ,SELL,11047.912914784327,6.60130152462504,72930.60436829044,36.46530218414522,22596.79221694828,PHASE7A_FIXED_monthly,PHASE7A_FIXED,monthly,after_tax
2018-06-01,QLD,SELL,7560.818626044744,10.573597313969533,79945.05151575751,39.972525757878756,28791.410434884885,PHASE7A_FIXED_monthly,PHASE7A_FIXED,monthly,after_tax
2018-06-01,TQQQ,BUY,10991.779679492985,6.734040944346929,74019.09441294633,37.009547206473165,0.0,PHASE7A_FIXED_monthly,PHASE7A_FIXED,monthly,after_tax
2018-07-02,QLD,SELL,45.490151665333386,10.468897923895538,476.23175432690186,0.23811587716345095,168.46496334910228,PHASE7A_FIXED_monthly,PHASE7A_FIXED,monthly,after_tax
2018-07-02,TQQQ,BUY,66.73598769420765,6.6163583067869185,441.5492065422004,0.2207746032711002,0.0,PHASE7A_FIXED_monthly,PHASE7A_FIXED,monthly,after_tax
2018-08-01,QLD,BUY,7093.882681689127,11.27817470576475,80006.04822628893,40.00302411314446,0.0,PHASE7A_FIXED_monthly,PHASE7A_FIXED,monthly,after_tax
2018-08-01,TQQQ,SELL,11058.515667187194,7.370000101692588,81501.26159173869,40.75063079586934,6962.6370196445505,PHASE7A_FIXED_monthly,PHASE7A_FIXED,monthly,after_tax
2018-09-04,QLD,SELL,7480.462740483232,12.43604493020413,93027.37073936738,46.51368536968369,35561.8724246922,PHASE7A_FIXED_monthly,PHASE7A_FIXED,monthly,after_tax
2018-09-04,TQQQ,BUY,10060.894609430841,8.519481536725536,85713.60586798753,42.85680293399376,0.0,PHASE7A_FIXED_monthly,PHASE7A_FIXED,monthly,after_tax
2018-10-01,QLD,BUY,19.411786493282573,12.535821919423654,243.3426986176637,0.12167134930883185,0.0,PHASE7A_FIXED_monthly,PHASE7A_FIXED,monthly,after_tax
2018-10-01,TQQQ,SELL,28.32452313446663,8.618144601438527,244.10483613962424,0.12205241806981212,2.551876714970333,PHASE7A_FIXED_monthly,PHASE7A_FIXED,monthly,after_tax
2018-11-01,QLD,SELL,27588.821948339846,10.25087243510065,282809.4944271367,141.40474721356836,70805.69300045233,PHASE7A_FIXED_monthly,PHASE7A_FIXED,monthly,after_tax
2018-11-01,TQQQ,SELL,10032.570086296375,6.260934070209453,62813.25986505717,31.406629932528585,-22733.1785287903,PHASE7A_FIXED_monthly,PHASE7A_FIXED,monthly,after_tax
2019-03-01,QLD,BUY,25669.88786208826,10.456337176880792,268413.00277871446,134.20650138935724,0.0,PHASE7A_FIXED_monthly,PHASE7A_FIXED,monthly,after_tax
2019-03-01,TQQQ,BUY,10816.255642660362,6.203926100823365,67103.25069467862,33.55162534733931,0.0,PHASE7A_FIXED_monthly,PHASE7A_FIXED,monthly,after_tax
2019-04-01,QLD,BUY,6496.000194914544,11.300011338744342,73404.87585901981,36.702437929509905,0.0,PHASE7A_FIXED_monthly,PHASE7A_FIXED,monthly,after_tax
2019-04-01,TQQQ,SELL,10816.255642660362,6.94200211188411,75086.46951402666,37.54323475701333,7912.123959243697,PHASE7A_FIXED_monthly,PHASE7A_FIXED,monthly,after_tax
2019-05-01,QLD,SELL,6594.300813762397,12.449621319518682,82096.54799833574,41.04827399916787,11944.674982906663,PHASE7A_FIXED_monthly,PHASE7A_FIXED,monthly,after_tax
2019-05-01,TQQQ,BUY,9928.726079662361,8.01604795930184,79589.14442934444,39.79457221467222,0.0,PHASE7A_FIXED_monthly,PHASE7A_FIXED,monthly,after_tax
2019-06-03,QLD,BUY,5753.555619755485,10.22687271903491,58840.88100512736,29.420440502563682,0.0,PHASE7A_FIXED_monthly,PHASE7A_FIXED,monthly,after_tax
2019-06-03,TQQQ,SELL,9928.726079662361,5.932256650925104,58899.751321290576,29.44987566064529,-20758.637555929174,PHASE7A_FIXED_monthly,PHASE7A_FIXED,monthly,after_tax
2019-08-01,QLD,SELL,6270.042099515333,12.393156816193644,77705.61498342955,38.85280749171478,11464.173716721325,PHASE7A_FIXED_monthly,PHASE7A_FIXED,monthly,after_tax
2019-08-01,TQQQ,BUY,9883.739724464833,7.854106883216227,77627.9482018369,38.81397410091845,0.0,PHASE7A_FIXED_monthly,PHASE7A_FIXED,monthly,after_tax
2019-09-03,QLD,BUY,5999.288393644972,11.619432848287158,69708.32862746628,34.85416431373314,0.0,PHASE7A_FIXED_monthly,PHASE7A_FIXED,monthly,after_tax
2019-09-03,TQQQ,SELL,9883.739724464835,7.059885607365281,69778.07182769377,34.88903591384688,-7923.579384157907,PHASE7A_FIXED_monthly,PHASE7A_FIXED,monthly,after_tax
2019-10-01,QLD,SELL,6215.848024748242,12.024189512502812,74740.53463048913,37.37026731524457,7791.890372351947,PHASE7A_FIXED_monthly,PHASE7A_FIXED,monthly,after_tax
2019-10-01,TQQQ,BUY,10061.859209443202,7.420679408570455,74665.83144745017,37.33291572372509,0.0,PHASE7A_FIXED_monthly,PHASE7A_FIXED,monthly,after_tax
2019-11-01,QLD,BUY,185.5819217162157,13.05828859719205,2423.3822921918472,1.2116911460959237,0.0,PHASE7A_FIXED_monthly,PHASE7A_FIXED,monthly,after_tax
2019-11-01,TQQQ,SELL,290.16235792446673,8.360170851012747,2425.8068867812544,1.2129034433906272,270.31554782822684,PHASE7A_FIXED_monthly,PHASE7A_FIXED,monthly,after_tax
2019-12-02,QLD,BUY,168.49544016994616,13.987499166283902,2356.829828899761,1.1784149144498806,0.0,PHASE7A_FIXED_monthly,PHASE7A_FIXED,monthly,after_tax
2019-12-02,TQQQ,SELL,254.8600421764404,9.25679764307557,2359.187837733014,1.179593918866507,465.8279594345154,PHASE7A_FIXED_monthly,PHASE7A_FIXED,monthly,after_tax
2020-01-02,QLD,BUY,220.55452224990225,15.296928478401773,3373.806752444827,1.6869033762224135,0.0,PHASE7A_FIXED_monthly,PHASE7A_FIXED,monthly,after_tax
2020-01-02,TQQQ,SELL,319.60139235061195,10.566857115689889,3377.1822469444596,1.68859112347223,1002.6483549187711,PHASE7A_FIXED_monthly,PHASE7A_FIXED,monthly,after_tax
2020-02-03,QLD,BUY,6127.720192765663,16.053688887033797,98372.51356145472,49.18625678072736,0.0,PHASE7A_FIXED_monthly,PHASE7A_FIXED,monthly,after_tax
2020-02-03,TQQQ,SELL,9197.235416991683,11.329203684462643,104197.3533730525,52.09867668652625,35861.39435398355,PHASE7A_FIXED_monthly,PHASE7A_FIXED,monthly,after_tax
2020-04-01,QLD,SELL,31540.893209279016,10.422928032946222,328748.4600151574,164.37423000757872,-45373.294539053546,PHASE7A_FIXED_monthly,PHASE7A_FIXED,monthly,after_tax
2020-05-01,QLD,BUY,23762.91610554648,13.820689110229623,328419.87584722636,164.20993792361318,0.0,PHASE7A_FIXED_monthly,PHASE7A_FIXED,monthly,after_tax
2021-01-04,QLD,SELL,4912.806287595724,28.69823650064393,140988.8767232726,70.49443836163631,72986.0647410893,PHASE7A_FIXED_monthly,PHASE7A_FIXED,monthly,after_tax
2021-01-04,TQQQ,BUY,6167.785242439471,21.9270324903814,135241.2274046652,67.6206137023326,0.0,PHASE7A_FIXED_monthly,PHASE7A_FIXED,monthly,after_tax
2021-02-01,QLD,BUY,4703.143645796447,29.10814236032567,136899.77478290407,68.44988739145204,0.0,PHASE7A_FIXED_monthly,PHASE7A_FIXED,monthly,after_tax
2021-02-01,TQQQ,SELL,6167.785242439472,22.286767933605805,137459.99836256713,68.72999918128356,2082.4203450182927,PHASE7A_FIXED_monthly,PHASE7A_FIXED,monthly,after_tax
2021-07-01,QLD,SELL,5151.906630966005,35.380169199382266,182275.3283029967,91.13766415149836,95211.02231460196,PHASE7A_FIXED_monthly,PHASE7A_FIXED,monthly,after_tax
2021-07-01,TQQQ,BUY,5596.30975558682,29.083574394286202,162760.69111007891,81.38034555503945,0.0,PHASE7A_FIXED_monthly,PHASE7A_FIXED,monthly,after_tax
2021-08-02,QLD,BUY,115.60866385532158,37.78527151144591,4368.30475284881,2.1841523764244046,0.0,PHASE7A_FIXED_monthly,PHASE7A_FIXED,monthly,after_tax
2021-08-02,TQQQ,SELL,139.0143469086138,32.05196615768487,4455.683142547554,2.227841571273777,408.3996837364056,PHASE7A_FIXED_monthly,PHASE7A_FIXED,monthly,after_tax
2021-09-01,QLD,BUY,135.95953887222927,40.812638121887815,5548.867459211033,2.7744337296055166,0.0,PHASE7A_FIXED_monthly,PHASE7A_FIXED,monthly,after_tax
2021-09-01,TQQQ,SELL,160.77730908257934,35.93278909594681,5777.177138678177,2.8885885693390883,1095.971731077686,PHASE7A_FIXED_monthly,PHASE7A_FIXED,monthly,after_tax
2021-10-01,QLD,BUY,4352.338198270274,36.096264745921715,157103.15186855174,78.55157593427587,0.0,PHASE7A_FIXED_monthly,PHASE7A_FIXED,monthly,after_tax
2021-10-01,TQQQ,SELL,5296.518099595627,29.838774777036893,158041.61067633337,79.02080533816668,3843.8908516322567,PHASE7A_FIXED_monthly,PHASE7A_FIXED,monthly,after_tax
2022-02-01,QLD,SELL,23005.25323377902,36.61481947444583,842333.19411873,421.166597059365,364161.36869163817,PHASE7A_FIXED_monthly,PHASE7A_FIXED,monthly,after_tax
2023-02-01,QQQ,BUY,2660.3477686846445,288.5144867416885,767548.8710364464,383.77443551822324,0.0,PHASE7A_FIXED_monthly,PHASE7A_FIXED,monthly,after_tax
2023-05-01,QQQ,SELL,2660.3477686846445,316.12889554696204,841012.8018851015,420.5064009425507,72659.65001219428,PHASE7A_FIXED_monthly,PHASE7A_FIXED,monthly,after_tax
2023-05-01,QLD,BUY,33598.07172848014,24.56744496724792,825418.7781950841,412.70938909754204,0.0,PHASE7A_FIXED_monthly,PHASE7A_FIXED,monthly,after_tax
2023-08-01,QLD,SELL,7039.392092219653,33.9139745377523,238733.76417679223,119.36688208839612,65588.04952730308,PHASE7A_FIXED_monthly,PHASE7A_FIXED,monthly,after_tax
2023-08-01,TQQQ,BUY,10403.19647017582,21.645039280057844,225177.59623511473,112.58879811755737,0.0,PHASE7A_FIXED_monthly,PHASE7A_FIXED,monthly,after_tax
2023-09-01,QLD,BUY,6522.894315063529,33.270071101445204,217017.1576493763,108.50857882468816,0.0,PHASE7A_FIXED_monthly,PHASE7A_FIXED,monthly,after_tax
2023-09-01,TQQQ,SELL,10403.19647017582,20.88149387475852,217234.28336988584,108.61714168494292,-8164.51880503138,PHASE7A_FIXED_monthly,PHASE7A_FIXED,monthly,after_tax
2023-10-02,QLD,SELL,6694.193790889438,29.498387262247412,197467.92085218872,98.73396042609436,21335.077725784147,PHASE7A_FIXED_monthly,PHASE7A_FIXED,monthly,after_tax
2023-10-02,TQQQ,BUY,11249.340626430121,17.298461853396137,194596.28970216087,97.29814485108044,0.0,PHASE7A_FIXED_monthly,PHASE7A_FIXED,monthly,after_tax
2023-11-01,QLD,BUY,6390.717039107131,28.142424338743723,179850.27074339276,89.92513537169638,0.0,PHASE7A_FIXED_monthly,PHASE7A_FIXED,monthly,after_tax
2023-11-01,TQQQ,SELL,11249.340626430121,16.00362340893819,180030.21098425647,90.01510549212824,-14753.39196824761,PHASE7A_FIXED_monthly,PHASE7A_FIXED,monthly,after_tax
2023-12-01,QLD,SELL,6723.695292160743,33.92389652864048,228093.94338136818,114.04697169068409,48731.75500036095,PHASE7A_FIXED_monthly,PHASE7A_FIXED,monthly,after_tax
2023-12-01,TQQQ,BUY,10476.905717618229,21.09083679485806,220966.70860540133,110.48335430270068,0.0,PHASE7A_FIXED_monthly,PHASE7A_FIXED,monthly,after_tax
2024-01-02,QLD,BUY,213.55100146110843,37.11095030410107,7925.080602614209,3.9625403013071048,0.0,PHASE7A_FIXED_monthly,PHASE7A_FIXED,monthly,after_tax
2024-01-02,TQQQ,SELL,338.3902253440534,24.037757197623048,8134.142074869305,4.067071037434653,989.5735216173443,PHASE7A_FIXED_monthly,PHASE7A_FIXED,monthly,after_tax
2024-02-01,QLD,BUY,6452.491356022621,39.19917966693238,252932.36796405888,126.46618398202945,0.0,PHASE7A_FIXED_monthly,PHASE7A_FIXED,monthly,after_tax
2024-02-01,TQQQ,SELL,10138.515492274175,25.95688371543549,263164.26768010197,131.582133840051,49095.99506877242,PHASE7A_FIXED_monthly,PHASE7A_FIXED,monthly,after_tax
2024-06-03,QLD,SELL,6943.279149349045,44.896092455917376,311726.1026364181,155.86305131820905,108796.85339481034,PHASE7A_FIXED_monthly,PHASE7A_FIXED,monthly,after_tax
2024-06-03,TQQQ,BUY,9286.8573161319,31.154080139342216,289323.49706940976,144.66174853470488,0.0,PHASE7A_FIXED_monthly,PHASE7A_FIXED,monthly,after_tax
2024-07-01,QLD,BUY,254.41035946091606,49.91913156297313,12699.944204912754,6.349972102456377,0.0,PHASE7A_FIXED_monthly,PHASE7A_FIXED,monthly,after_tax
2024-07-01,TQQQ,SELL,359.78768080960066,36.39138300728357,13093.171293644467,6.546585646822233,1872.166039786724,PHASE7A_FIXED_monthly,PHASE7A_FIXED,monthly,after_tax
2024-08-01,QLD,BUY,6199.100817574844,47.69286804923603,295652.8973165082,147.82644865825412,0.0,PHASE7A_FIXED_monthly,PHASE7A_FIXED,monthly,after_tax
2024-08-01,TQQQ,SELL,8927.0696353223,33.65319301862232,300424.3975281837,150.21219876409185,22020.485179686042,PHASE7A_FIXED_monthly,PHASE7A_FIXED,monthly,after_tax
2025-04-01,QLD,SELL,32230.676292551416,44.0057077774389,1418333.7223992455,709.1668611996228,356314.29514674604,PHASE7A_FIXED_monthly,PHASE7A_FIXED,monthly,after_tax
2025-06-02,QLD,BUY,25936.68346068863,51.840360584475505,1344567.0229675006,672.2835114837503,0.0,PHASE7A_FIXED_monthly,PHASE7A_FIXED,monthly,after_tax
2025-07-01,QLD,SELL,5286.392166251387,58.337722783542695,308396.08071986516,154.19804035993258,34056.382352042034,PHASE7A_FIXED_monthly,PHASE7A_FIXED,monthly,after_tax
2025-07-01,TQQQ,BUY,7382.56645181869,40.79512784600504,301172.74223357125,150.5863711167856,0.0,PHASE7A_FIXED_monthly,PHASE7A_FIXED,monthly,after_tax
2025-08-01,QLD,BUY,42.845779571471574,59.93533384304606,2567.976102381712,1.283988051190856,0.0,PHASE7A_FIXED_monthly,PHASE7A_FIXED,monthly,after_tax
2025-08-01,TQQQ,SELL,61.14168018837282,42.35002466994035,2589.351664339192,1.2946758321695961,92.52718717279784,PHASE7A_FIXED_monthly,PHASE7A_FIXED,monthly,after_tax
2025-09-02,QLD,SELL,15.391666594820999,60.05515345622622,924.348899299046,0.46217444964952303,125.32011675103578,PHASE7A_FIXED_monthly,PHASE7A_FIXED,monthly,after_tax
2025-09-02,TQQQ,BUY,21.238620454129315,42.280474647309575,897.978953654645,0.44898947682732254,0.0,PHASE7A_FIXED_monthly,PHASE7A_FIXED,monthly,after_tax
2025-10-01,QLD,BUY,239.80341332912002,67.78898979855896,16256.031139827333,8.128015569913666,0.0,PHASE7A_FIXED_monthly,PHASE7A_FIXED,monthly,after_tax
2025-10-01,TQQQ,SELL,334.78304008230293,50.58517812790183,16935.05971676379,8.467529858381894,3260.807440357139,PHASE7A_FIXED_monthly,PHASE7A_FIXED,monthly,after_tax
2025-11-03,QLD,BUY,5140.909995919138,76.0491164486137,390961.66293149674,195.48083146574837,0.0,PHASE7A_FIXED_monthly,PHASE7A_FIXED,monthly,after_tax
2025-11-03,TQQQ,SELL,7007.880352002144,59.669928095277676,418159.71670427715,209.0798583521386,131890.19484598795,PHASE7A_FIXED_monthly,PHASE7A_FIXED,monthly,after_tax
2026-01-02,QLD,SELL,5397.187978037049,71.64717189062932,386693.2547884586,193.3466273942293,79913.67041448534,PHASE7A_FIXED_monthly,PHASE7A_FIXED,monthly,after_tax
2026-01-02,TQQQ,BUY,6858.885173890761,53.95634952779414,370080.40581345494,185.04020290672747,0.0,PHASE7A_FIXED_monthly,PHASE7A_FIXED,monthly,after_tax
2026-02-02,QLD,SELL,37.145171086862,70.92780907290941,2634.625602829503,1.3173128014147515,523.2839031962068,PHASE7A_FIXED_monthly,PHASE7A_FIXED,monthly,after_tax
2026-02-02,TQQQ,BUY,47.70017541161425,52.950335573229424,2525.7402949468815,1.2628701474734407,0.0,PHASE7A_FIXED_monthly,PHASE7A_FIXED,monthly,after_tax
2026-03-02,QLD,BUY,4941.771168184424,66.00212621228486,326167.40435473877,163.0837021773694,0.0,PHASE7A_FIXED_monthly,PHASE7A_FIXED,monthly,after_tax
2026-03-02,TQQQ,SELL,6906.585349302375,47.272815495917484,326493.734924378,163.246867462189,-46461.96112454021,PHASE7A_FIXED_monthly,PHASE7A_FIXED,monthly,after_tax
2026-04-01,QLD,SELL,25565.896835722666,61.85860985691658,1581470.8380031465,790.7354190015733,82800.07410842432,PHASE7A_FIXED_monthly,PHASE7A_FIXED,monthly,after_tax
2026-05-01,QLD,BUY,19326.505509425147,81.36555045013495,1572511.7590519427,786.2558795259714,0.0,PHASE7A_FIXED_monthly,PHASE7A_FIXED,monthly,after_tax
2014-01-02,QLD,BUY,26428.54282529203,3.0255175443681113,79960.019990005,39.980009995002504,0.0,MODEL_B_FOUR_STATE_monthly,MODEL_B_FOUR_STATE,monthly,pre_tax
2014-01-02,TQQQ,BUY,16492.65847234007,1.2120547473305532,19990.00499750125,9.995002498750626,0.0,MODEL_B_FOUR_STATE_monthly,MODEL_B_FOUR_STATE,monthly,pre_tax
2014-02-03,QLD,SELL,113.19412270800298,2.919170613887869,330.4329566740198,0.16521647833700992,-12.37429937882331,MODEL_B_FOUR_STATE_monthly,MODEL_B_FOUR_STATE,monthly,pre_tax
2014-02-03,TQQQ,BUY,288.4436116852829,1.1444271097653773,330.10268885127516,0.1650513444256376,0.0,MODEL_B_FOUR_STATE_monthly,MODEL_B_FOUR_STATE,monthly,pre_tax
2014-03-03,QLD,BUY,213.18196282425708,3.1671084273014936,675.1703910093784,0.3375851955046892,0.0,MODEL_B_FOUR_STATE_monthly,MODEL_B_FOUR_STATE,monthly,pre_tax
2014-03-03,TQQQ,SELL,523.1163383635383,1.2919609838008337,675.8458991544467,0.33792294957722335,41.75369922412549,MODEL_B_FOUR_STATE_monthly,MODEL_B_FOUR_STATE,monthly,pre_tax
2014-04-01,QLD,SELL,79.07967519449646,3.07700436035229,243.32850538870844,0.12166425269435423,3.74024474455535,MODEL_B_FOUR_STATE_monthly,MODEL_B_FOUR_STATE,monthly,pre_tax
2014-04-01,TQQQ,BUY,196.58962357350816,1.2365113380254027,243.08529848678882,0.1215426492433944,0.0,MODEL_B_FOUR_STATE_monthly,MODEL_B_FOUR_STATE,monthly,pre_tax
2014-05-01,QLD,BUY,6513.467683320305,3.0221468392757944,19684.65577187149,9.842327885935745,0.0,MODEL_B_FOUR_STATE_monthly,MODEL_B_FOUR_STATE,monthly,pre_tax
2014-05-01,TQQQ,SELL,16454.57536923532,1.1974997733296449,19704.350274894856,9.852175137447428,-245.2222045935855,MODEL_B_FOUR_STATE_monthly,MODEL_B_FOUR_STATE,monthly,pre_tax
2014-06-02,QLD,SELL,6597.859384389487,3.293069380194802,21727.208713563945,10.863604356781973,1742.7947663610423,MODEL_B_FOUR_STATE_monthly,MODEL_B_FOUR_STATE,monthly,pre_tax
2014-06-02,TQQQ,BUY,15977.54221349278,1.3585000792359487,21705.492363025656,10.852746181512828,0.0,MODEL_B_FOUR_STATE_monthly,MODEL_B_FOUR_STATE,monthly,pre_tax
2014-07-01,QLD,BUY,171.42371657154385,3.5120735344421106,602.0526981466246,0.3010263490733123,0.0,MODEL_B_FOUR_STATE_monthly,MODEL_B_FOUR_STATE,monthly,pre_tax
2014-07-01,TQQQ,SELL,402.8481318951381,1.4959857184557348,602.6550520216988,0.3013275260108494,54.81087078653909,MODEL_B_FOUR_STATE_monthly,MODEL_B_FOUR_STATE,monthly,pre_tax
2014-08-01,QLD,BUY,16.532218131397148,3.549830404835896,58.68657058221288,0.02934328529110644,0.0,MODEL_B_FOUR_STATE_monthly,MODEL_B_FOUR_STATE,monthly,pre_tax
2014-08-01,TQQQ,SELL,38.73020280194155,1.5167823109825467,58.74528651075161,0.029372643255375808,6.074622800446642,MODEL_B_FOUR_STATE_monthly,MODEL_B_FOUR_STATE,monthly,pre_tax
2014-09-02,QLD,BUY,285.0173989403665,3.944290594561665,1124.1914459269174,0.5620957229634587,0.0,MODEL_B_FOUR_STATE_monthly,MODEL_B_FOUR_STATE,monthly,pre_tax
2014-09-02,TQQQ,SELL,633.6769400544489,1.7758515871716078,1125.316199749741,0.5626580998748705,263.47294328926665,MODEL_B_FOUR_STATE_monthly,MODEL_B_FOUR_STATE,monthly,pre_tax
2014-10-01,QLD,SELL,85.89566383340454,3.8371568834720997,329.5951377387537,0.16479756886937685,68.26735205560537,MODEL_B_FOUR_STATE_monthly,MODEL_B_FOUR_STATE,monthly,pre_tax
2014-10-01,TQQQ,BUY,193.68660380025904,1.6999921566893272,329.2657073162336,0.1646328536581168,0.0,MODEL_B_FOUR_STATE_monthly,MODEL_B_FOUR_STATE,monthly,pre_tax
2014-11-03,QLD,BUY,6835.395829399241,4.04958181154028,27680.494625413456,13.840247312706728,0.0,MODEL_B_FOUR_STATE_monthly,MODEL_B_FOUR_STATE,monthly,pre_tax
2014-11-03,TQQQ,SELL,15095.97354254151,1.8354688347277577,27708.188967209724,13.854094483604863,7110.024166485857,MODEL_B_FOUR_STATE_monthly,MODEL_B_FOUR_STATE,monthly,pre_tax
2014-12-01,QLD,SELL,6722.88217560226,4.389092925698782,29507.354597242316,14.753677298621158,7668.481917671812,MODEL_B_FOUR_STATE_monthly,MODEL_B_FOUR_STATE,monthly,pre_tax
2014-12-01,TQQQ,BUY,14254.30589614448,2.06799701112928,29477.861988949255,14.738930994474627,0.0,MODEL_B_FOUR_STATE_monthly,MODEL_B_FOUR_STATE,monthly,pre_tax
2015-01-02,QLD,SELL,108.58153795396443,4.241721149436689,460.57260597769346,0.23028630298884673,107.86010388386562,MODEL_B_FOUR_STATE_monthly,MODEL_B_FOUR_STATE,monthly,pre_tax
2015-01-02,TQQQ,BUY,234.9665035409788,1.958203644387646,460.1122635429674,0.2300561317714837,0.0,MODEL_B_FOUR_STATE_monthly,MODEL_B_FOUR_STATE,monthly,pre_tax
2015-02-02,QLD,BUY,6483.830135120393,4.031937981781612,26142.40098921211,13.071200494606055,0.0,MODEL_B_FOUR_STATE_monthly,MODEL_B_FOUR_STATE,monthly,pre_tax
2015-02-02,TQQQ,SELL,14489.27239968546,1.806064220899648,26168.556467940693,13.084278233970347,-3797.4710499117505,MODEL_B_FOUR_STATE_monthly,MODEL_B_FOUR_STATE,monthly,pre_tax
2015-03-02,QLD,SELL,6653.299821851129,4.624734788922491,30769.74714724673,15.384873573623365,8133.832266673822,MODEL_B_FOUR_STATE_monthly,MODEL_B_FOUR_STATE,monthly,pre_tax
2015-03-02,TQQQ,BUY,13866.861664926546,2.216723114432778,30738.992777284468,15.369496388642235,0.0,MODEL_B_FOUR_STATE_monthly,MODEL_B_FOUR_STATE,monthly,pre_tax
2015-04-01,QLD,SELL,155.61591192319295,4.379186072848171,681.4710342076141,0.34073551710380706,152.05232242613215,MODEL_B_FOUR_STATE_monthly,MODEL_B_FOUR_STATE,monthly,pre_tax
2015-04-01,TQQQ,BUY,334.1060309831439,2.0376462577924634,680.789903738696,0.34039495186934804,0.0,MODEL_B_FOUR_STATE_monthly,MODEL_B_FOUR_STATE,monthly,pre_tax
2015-05-01,QLD,BUY,102.85990941537061,4.574943394635047,470.578263152609,0.23528913157630452,0.0,MODEL_B_FOUR_STATE_monthly,MODEL_B_FOUR_STATE,monthly,pre_tax
2015-05-01,TQQQ,SELL,217.05459217315004,2.170187104112651,471.0490768226009,0.23552453841130047,-9.662015730923658,MODEL_B_FOUR_STATE_monthly,MODEL_B_FOUR_STATE,monthly,pre_tax
2015-06-01,QLD,BUY,112.21539740236364,4.784836091338641,536.9322834947379,0.268466141747369,0.0,MODEL_B_FOUR_STATE_monthly,MODEL_B_FOUR_STATE,monthly,pre_tax
2015-06-01,TQQQ,SELL,231.88912244711153,2.3177865296430693,537.4694843786674,0.2687347421893337,23.887224643549963,MODEL_B_FOUR_STATE_monthly,MODEL_B_FOUR_STATE,monthly,pre_tax
2015-07-01,QLD,SELL,133.78543715591394,4.583240198286429,613.1707935183076,0.3065853967591538,156.6179149249521,MODEL_B_FOUR_STATE_monthly,MODEL_B_FOUR_STATE,monthly,pre_tax
2015-07-01,TQQQ,BUY,283.00950603746804,2.1644429465767585,612.5579291569702,0.30627896457848514,0.0,MODEL_B_FOUR_STATE_monthly,MODEL_B_FOUR_STATE,monthly,pre_tax
2015-08-03,QLD,BUY,176.47469743835944,4.897928675218715,864.3604810338875,0.43218024051694376,0.0,MODEL_B_FOUR_STATE_monthly,MODEL_B_FOUR_STATE,monthly,pre_tax
2015-08-03,TQQQ,SELL,362.0039278705887,2.3900991323514877,865.2252739113246,0.4326126369556623,63.80593820450314,MODEL_B_FOUR_STATE_monthly,MODEL_B_FOUR_STATE,monthly,pre_tax
2015-09-01,QLD,SELL,26688.748043243777,4.004880768822511,106885.25378233644,53.442626891168224,15552.64533529121,MODEL_B_FOUR_STATE_monthly,MODEL_B_FOUR_STATE,monthly,pre_tax
2015-09-01,TQQQ,SELL,13673.029559456309,1.7390822165955957,23778.522553836377,11.88926127691819,-6486.94767184785,MODEL_B_FOUR_STATE_monthly,MODEL_B_FOUR_STATE,monthly,pre_tax
2015-11-02,QLD,BUY,20983.513459473306,4.976599485541127,104426.54228726016,52.21327114363008,0.0,MODEL_B_FOUR_STATE_monthly,MODEL_B_FOUR_STATE,monthly,pre_tax
2015-11-02,TQQQ,BUY,10931.887206656686,2.3881179048314816,26106.63557181504,13.05331778590752,0.0,MODEL_B_FOUR_STATE_monthly,MODEL_B_FOUR_STATE,monthly,pre_tax
2015-12-01,QLD,BUY,21.00105876349297,5.035602605743753,105.75298623282288,0.05287649311641144,0.0,MODEL_B_FOUR_STATE_monthly,MODEL_B_FOUR_STATE,monthly,pre_tax
2015-12-01,TQQQ,SELL,43.58959270291354,2.428533637454649,105.85879212197324,0.05292939606098662,1.6567273843736625,MODEL_B_FOUR_STATE_monthly,MODEL_B_FOUR_STATE,monthly,pre_tax
2016-01-04,QLD,SELL,21004.5145182368,4.603803108263218,96700.64922661847,48.35032461330923,-7932.262519124569,MODEL_B_FOUR_STATE_monthly,MODEL_B_FOUR_STATE,monthly,pre_tax
2016-01-04,TQQQ,SELL,10888.297613953771,2.112337403192748,22999.758307048905,11.499879153524454,-3027.281326364028,MODEL_B_FOUR_STATE_monthly,MODEL_B_FOUR_STATE,monthly,pre_tax
2018-01-02,QLD,BUY,10486.596699850807,9.122560569007376,95664.61355714186,47.83230677857093,0.0,MODEL_B_FOUR_STATE_monthly,MODEL_B_FOUR_STATE,monthly,pre_tax
2018-01-02,TQQQ,BUY,4283.767860452073,5.582971386026868,23916.153389285464,11.958076694642733,0.0,MODEL_B_FOUR_STATE_monthly,MODEL_B_FOUR_STATE,monthly,pre_tax
2018-02-01,QLD,BUY,146.078554406053,10.484909559928973,1531.6204315926298,0.7658102157963149,0.0,MODEL_B_FOUR_STATE_monthly,MODEL_B_FOUR_STATE,monthly,pre_tax
2018-02-01,TQQQ,SELL,223.36119797176707,6.864006963336931,1533.152818217488,0.766576409108744,284.7435551948085,MODEL_B_FOUR_STATE_monthly,MODEL_B_FOUR_STATE,monthly,pre_tax
2018-03-01,QLD,BUY,2601.2455135513187,10.293983393234878,26777.17811822401,13.388589059112004,0.0,MODEL_B_FOUR_STATE_monthly,MODEL_B_FOUR_STATE,monthly,pre_tax
2018-03-01,TQQQ,SELL,4060.4066624803063,6.60130152462504,26803.968691628914,13.401984345814457,4110.097927916563,MODEL_B_FOUR_STATE_monthly,MODEL_B_FOUR_STATE,monthly,pre_tax
2018-06-01,QLD,SELL,2648.9022163033055,10.573597313969533,28008.425359272573,14.004212679636286,3167.4897646946893,MODEL_B_FOUR_STATE_monthly,MODEL_B_FOUR_STATE,monthly,pre_tax
2018-06-01,TQQQ,BUY,4155.072884523567,6.734040944346929,27980.430931127397,13.990215465563699,0.0,MODEL_B_FOUR_STATE_monthly,MODEL_B_FOUR_STATE,monthly,pre_tax
2018-07-02,QLD,BUY,2623.3872449932474,10.468897923895538,27463.973282683844,13.731986641341923,0.0,MODEL_B_FOUR_STATE_monthly,MODEL_B_FOUR_STATE,monthly,pre_tax
2018-07-02,TQQQ,SELL,4155.072884523567,6.6163583067869185,27491.450994822586,13.745725497411293,-516.7158772677877,MODEL_B_FOUR_STATE_monthly,MODEL_B_FOUR_STATE,monthly,pre_tax
2018-09-04,QLD,SELL,2643.7951384207972,12.43604493020413,32878.35512765628,16.43917756382814,7504.405539611509,MODEL_B_FOUR_STATE_monthly,MODEL_B_FOUR_STATE,monthly,pre_tax
2018-09-04,TQQQ,BUY,3855.3394431223714,8.519481536725536,32845.493203490754,16.422746601745377,0.0,MODEL_B_FOUR_STATE_monthly,MODEL_B_FOUR_STATE,monthly,pre_tax
2018-10-01,QLD,BUY,7.451279390798501,12.535821919423654,93.40791151492158,0.046703955757460794,0.0,MODEL_B_FOUR_STATE_monthly,MODEL_B_FOUR_STATE,monthly,pre_tax
2018-10-01,TQQQ,SELL,10.849361489958136,8.618144601438527,93.50136615373776,0.04675068307686888,0.9774651042520139,MODEL_B_FOUR_STATE_monthly,MODEL_B_FOUR_STATE,monthly,pre_tax
2018-11-01,QLD,SELL,10572.061937468121,10.25087243510065,108372.85829696873,54.186429148484365,6896.554962391605,MODEL_B_FOUR_STATE_monthly,MODEL_B_FOUR_STATE,monthly,pre_tax
2018-11-01,TQQQ,SELL,3844.490081632413,6.260934070209453,24070.098934674697,12.035049467337348,-8711.374914518728,MODEL_B_FOUR_STATE_monthly,MODEL_B_FOUR_STATE,monthly,pre_tax
2019-03-01,QQQ,BUY,794.3998488029638,166.5541360086706,132310.5804627962,66.1552902313981,0.0,MODEL_B_FOUR_STATE_monthly,MODEL_B_FOUR_STATE,monthly,pre_tax
2019-05-01,QQQ,SELL,794.3998488029638,182.48694931159875,144967.60494164817,72.48380247082409,12518.38538614973,MODEL_B_FOUR_STATE_monthly,MODEL_B_FOUR_STATE,monthly,pre_tax
2019-05-01,QLD,BUY,9306.159991050026,12.449621319518682,115858.16782742819,57.929083913714095,0.0,MODEL_B_FOUR_STATE_monthly,MODEL_B_FOUR_STATE,monthly,pre_tax
2019-05-01,TQQQ,BUY,3613.319444184029,8.01604795930184,28964.541956857047,14.482270978428524,0.0,MODEL_B_FOUR_STATE_monthly,MODEL_B_FOUR_STATE,monthly,pre_tax
2019-06-03,QLD,SELL,9306.159991050026,10.22687271903491,95172.91373144368,47.58645686572184,-20790.76963676394,MODEL_B_FOUR_STATE_monthly,MODEL_B_FOUR_STATE,monthly,pre_tax
2019-06-03,TQQQ,SELL,3613.3194441840296,5.932256650925104,21435.13830467771,10.717569152338854,-7554.603492310108,MODEL_B_FOUR_STATE_monthly,MODEL_B_FOUR_STATE,monthly,pre_tax
2019-07-01,QLD,BUY,9478.945906481977,12.289499635113815,116491.50225897384,58.24575112948692,0.0,MODEL_B_FOUR_STATE_monthly,MODEL_B_FOUR_STATE,monthly,pre_tax
2019-08-01,QLD,SELL,1897.3062677673718,12.393156816193644,23513.614104788125,11.756807052394063,173.2541399667499,MODEL_B_FOUR_STATE_monthly,MODEL_B_FOUR_STATE,monthly,pre_tax
2019-08-01,TQQQ,BUY,2990.80628655716,7.854106883216227,23490.112241614956,11.745056120807478,0.0,MODEL_B_FOUR_STATE_monthly,MODEL_B_FOUR_STATE,monthly,pre_tax
2019-09-03,QLD,BUY,1815.376562190311,11.619432848287158,21093.646058724713,10.546823029362356,0.0,MODEL_B_FOUR_STATE_monthly,MODEL_B_FOUR_STATE,monthly,pre_tax
2019-09-03,TQQQ,SELL,2990.80628655716,7.059885607365281,21114.750256882497,10.55737512844125,-2397.6644159817047,MODEL_B_FOUR_STATE_monthly,MODEL_B_FOUR_STATE,monthly,pre_tax
2019-12-02,QLD,SELL,1880.9072139652612,13.987499166283902,26309.188087196468,13.154594043598234,3412.668403034768,MODEL_B_FOUR_STATE_monthly,MODEL_B_FOUR_STATE,monthly,pre_tax
2019-12-02,TQQQ,BUY,2839.307183817497,9.25679764307557,26282.89204712934,13.14144602356467,0.0,MODEL_B_FOUR_STATE_monthly,MODEL_B_FOUR_STATE,monthly,pre_tax
2020-01-02,QLD,BUY,65.80148971692269,15.296928478401773,1006.560681972056,0.503280340986028,0.0,MODEL_B_FOUR_STATE_monthly,MODEL_B_FOUR_STATE,monthly,pre_tax
2020-01-02,TQQQ,SELL,95.35169588789947,10.566857115689889,1007.5677461861487,0.5037838730930744,123.97128287781017,MODEL_B_FOUR_STATE_monthly,MODEL_B_FOUR_STATE,monthly,pre_tax
2020-02-03,QLD,BUY,1934.493657340036,16.053688887033797,31055.759328877102,15.52787966443855,0.0,MODEL_B_FOUR_STATE_monthly,MODEL_B_FOUR_STATE,monthly,pre_tax
2020-02-03,TQQQ,SELL,2743.9554879295974,11.329203684462643,31086.830623853482,15.543415311926742,5658.346394823897,MODEL_B_FOUR_STATE_monthly,MODEL_B_FOUR_STATE,monthly,pre_tax
2020-04-01,QLD,SELL,9516.404133996613,10.422928032946222,99188.79542107863,49.59439771053931,-24381.122791456804,MODEL_B_FOUR_STATE_monthly,MODEL_B_FOUR_STATE,monthly,pre_tax
2020-05-01,QLD,BUY,7169.661035347908,13.820689110229623,99089.65619527048,49.54482809763524,0.0,MODEL_B_FOUR_STATE_monthly,MODEL_B_FOUR_STATE,monthly,pre_tax
2021-01-04,QLD,SELL,7169.661035347908,28.69823650064393,205756.62802186588,102.87831401093294,106514.54868448683,MODEL_B_FOUR_STATE_monthly,MODEL_B_FOUR_STATE,monthly,pre_tax
2014-01-02,QLD,BUY,26428.54282529203,3.0255175443681113,79960.019990005,39.980009995002504,0.0,MODEL_B_FOUR_STATE_monthly,MODEL_B_FOUR_STATE,monthly,after_tax
2014-01-02,TQQQ,BUY,16492.65847234007,1.2120547473305532,19990.00499750125,9.995002498750626,0.0,MODEL_B_FOUR_STATE_monthly,MODEL_B_FOUR_STATE,monthly,after_tax
2014-02-03,QLD,SELL,113.19412270800298,2.919170613887869,330.4329566740198,0.16521647833700992,-12.37429937882331,MODEL_B_FOUR_STATE_monthly,MODEL_B_FOUR_STATE,monthly,after_tax
2014-02-03,TQQQ,BUY,288.4436116852829,1.1444271097653773,330.10268885127516,0.1650513444256376,0.0,MODEL_B_FOUR_STATE_monthly,MODEL_B_FOUR_STATE,monthly,after_tax
2014-03-03,QLD,BUY,211.67102112933756,3.1671084273014936,670.3850748342375,0.33519253741711874,0.0,MODEL_B_FOUR_STATE_monthly,MODEL_B_FOUR_STATE,monthly,after_tax
2014-03-03,TQQQ,SELL,524.0423175988134,1.2919609838008337,677.0422281982319,0.33852111409911595,41.82760832548985,MODEL_B_FOUR_STATE_monthly,MODEL_B_FOUR_STATE,monthly,after_tax
2014-04-01,QLD,SELL,79.27329859884537,3.07700436035229,243.9242854481563,0.12196214272407815,3.750037087575345,MODEL_B_FOUR_STATE_monthly,MODEL_B_FOUR_STATE,monthly,after_tax
2014-04-01,TQQQ,BUY,196.4551688924772,1.2365113380254027,242.91904374924343,0.12145952187462172,0.0,MODEL_B_FOUR_STATE_monthly,MODEL_B_FOUR_STATE,monthly,after_tax
2014-05-01,QLD,BUY,6513.0479154509285,3.0221468392757944,19683.387171731825,9.841693585865913,0.0,MODEL_B_FOUR_STATE_monthly,MODEL_B_FOUR_STATE,monthly,after_tax
2014-05-01,TQQQ,SELL,16453.514935319017,1.1974997733296449,19703.08040552045,9.851540202760225,-245.20327939048747,MODEL_B_FOUR_STATE_monthly,MODEL_B_FOUR_STATE,monthly,after_tax
2014-06-02,QLD,SELL,6672.339026545689,3.293069380194802,21972.4753425964,10.9862376712982,1762.5110801031137,MODEL_B_FOUR_STATE_monthly,MODEL_B_FOUR_STATE,monthly,after_tax
2014-06-02,TQQQ,BUY,15931.11928559963,1.3585000792359487,21642.42681180445,10.821213405902224,0.0,MODEL_B_FOUR_STATE_monthly,MODEL_B_FOUR_STATE,monthly,after_tax
2014-07-01,QLD,BUY,168.3880423661779,3.5120735344421106,591.3911871107703,0.29569559355538516,0.0,MODEL_B_FOUR_STATE_monthly,MODEL_B_FOUR_STATE,monthly,after_tax
2014-07-01,TQQQ,SELL,403.1670113023962,1.4959857184557348,603.1320910608665,0.30156604553043326,54.8542570073104,MODEL_B_FOUR_STATE_monthly,MODEL_B_FOUR_STATE,monthly,after_tax
2014-08-01,QLD,BUY,16.204240081871696,3.549830404835896,57.52230412988865,0.028761152064944326,0.0,MODEL_B_FOUR_STATE_monthly,MODEL_B_FOUR_STATE,monthly,after_tax
2014-08-01,TQQQ,SELL,38.77683590919145,1.5167823109825467,58.81601878293441,0.029408009391467205,6.0819369510593955,MODEL_B_FOUR_STATE_monthly,MODEL_B_FOUR_STATE,monthly,after_tax
2014-09-02,QLD,BUY,273.2349854324403,3.944290594561665,1077.7181831463677,0.5388590915731838,0.0,MODEL_B_FOUR_STATE_monthly,MODEL_B_FOUR_STATE,monthly,after_tax
2014-09-02,TQQQ,SELL,637.834314310874,1.7758515871716078,1132.6990794214798,0.56634953971074,265.2015143677743,MODEL_B_FOUR_STATE_monthly,MODEL_B_FOUR_STATE,monthly,after_tax
2014-10-01,QLD,SELL,88.58650880557663,3.8371568834720997,339.92033204608015,0.16996016602304007,70.44383213832148,MODEL_B_FOUR_STATE_monthly,MODEL_B_FOUR_STATE,monthly,after_tax
2014-10-01,TQQQ,BUY,191.34033505202896,1.6999921566893272,325.2770688467572,0.16263853442337858,0.0,MODEL_B_FOUR_STATE_monthly,MODEL_B_FOUR_STATE,monthly,after_tax
2014-11-03,QLD,BUY,6455.99453230489,4.04958181154028,26144.07803342538,13.07203901671269,0.0,MODEL_B_FOUR_STATE_monthly,MODEL_B_FOUR_STATE,monthly,after_tax
2014-11-03,TQQQ,SELL,15042.681459129199,1.8354688347277577,27610.373008968716,13.80518650448436,7085.492247217202,MODEL_B_FOUR_STATE_monthly,MODEL_B_FOUR_STATE,monthly,after_tax
2014-12-01,QLD,SELL,6922.824009531712,4.389092925698782,30384.917886093317,15.19245894304666,7958.746420268275,MODEL_B_FOUR_STATE_monthly,MODEL_B_FOUR_STATE,monthly,after_tax
2014-12-01,TQQQ,BUY,13896.798046031832,2.06799701112928,28738.536823461043,14.369268411730522,0.0,MODEL_B_FOUR_STATE_monthly,MODEL_B_FOUR_STATE,monthly,after_tax
2015-01-02,QLD,SELL,110.0873353552013,4.241721149436689,466.9597786612867,0.23347988933064334,110.34500723947299,MODEL_B_FOUR_STATE_monthly,MODEL_B_FOUR_STATE,monthly,after_tax
2015-01-02,TQQQ,BUY,226.78318876114307,1.958203644387646,444.0876667179218,0.2220438333589609,0.0,MODEL_B_FOUR_STATE_monthly,MODEL_B_FOUR_STATE,monthly,after_tax
2015-02-02,QLD,BUY,6320.186348899035,4.031937981781612,25482.59939206367,12.741299696031835,0.0,MODEL_B_FOUR_STATE_monthly,MODEL_B_FOUR_STATE,monthly,after_tax
2015-02-02,TQQQ,SELL,14123.581234792975,1.806064220899648,25508.094739129265,12.754047369564633,-3701.87511066436,MODEL_B_FOUR_STATE_monthly,MODEL_B_FOUR_STATE,monthly,after_tax
2015-03-02,QLD,SELL,6642.390949122945,4.624734788922491,30719.29650403277,15.359648252016385,8168.534956167691,MODEL_B_FOUR_STATE_monthly,MODEL_B_FOUR_STATE,monthly,after_tax
2015-03-02,TQQQ,BUY,13434.986035116208,2.216723114432778,29781.644086123677,14.890822043061839,0.0,MODEL_B_FOUR_STATE_monthly,MODEL_B_FOUR_STATE,monthly,after_tax
2015-04-01,QLD,SELL,156.48762200054347,4.379186072848171,685.2884148379089,0.34264420741895446,154.03581951377427,MODEL_B_FOUR_STATE_monthly,MODEL_B_FOUR_STATE,monthly,after_tax
2015-04-01,TQQQ,BUY,320.6281404500711,2.0376462577924634,653.3267305310437,0.32666336526552187,0.0,MODEL_B_FOUR_STATE_monthly,MODEL_B_FOUR_STATE,monthly,after_tax
2015-05-01,QLD,BUY,99.63414172536706,4.574943394635047,455.8205585666001,0.22791027928330004,0.0,MODEL_B_FOUR_STATE_monthly,MODEL_B_FOUR_STATE,monthly,after_tax
2015-05-01,TQQQ,SELL,210.24758938284518,2.170187104112651,456.2766071494225,0.22813830357471124,-9.367222889262335,MODEL_B_FOUR_STATE_monthly,MODEL_B_FOUR_STATE,monthly,after_tax
2015-06-01,QLD,BUY,108.22809109788692,4.784836091338641,517.8536763818556,0.2589268381909278,0.0,MODEL_B_FOUR_STATE_monthly,MODEL_B_FOUR_STATE,monthly,after_tax
2015-06-01,TQQQ,SELL,224.85850567315254,2.3177865296430693,521.1740155249026,0.2605870077624513,23.15420441574632,MODEL_B_FOUR_STATE_monthly,MODEL_B_FOUR_STATE,monthly,after_tax
2015-07-01,QLD,SELL,135.23758111883038,4.583240198286429,619.8263181028451,0.3099131590514226,159.29145418936116,MODEL_B_FOUR_STATE_monthly,MODEL_B_FOUR_STATE,monthly,after_tax
2015-07-01,TQQQ,BUY,271.13808451091387,2.1644429465767585,586.8629145679806,0.29343145728399034,0.0,MODEL_B_FOUR_STATE_monthly,MODEL_B_FOUR_STATE,monthly,after_tax
2015-08-03,QLD,BUY,168.84434465266324,4.897928675218715,826.987557322791,0.4134937786613955,0.0,MODEL_B_FOUR_STATE_monthly,MODEL_B_FOUR_STATE,monthly,after_tax
2015-08-03,TQQQ,SELL,351.6206302669343,2.3900991323514877,840.408163317883,0.4202040816589415,61.958691286056826,MODEL_B_FOUR_STATE_monthly,MODEL_B_FOUR_STATE,monthly,after_tax
2015-09-01,QLD,SELL,25843.556034645288,4.004880768822511,103500.36056113787,51.75018028056894,15247.989360829326,MODEL_B_FOUR_STATE_monthly,MODEL_B_FOUR_STATE,monthly,after_tax
2015-09-01,TQQQ,SELL,13240.025534754262,1.7390822165955957,23025.49295476273,11.512746477381365,-6282.16025601629,MODEL_B_FOUR_STATE_monthly,MODEL_B_FOUR_STATE,monthly,after_tax
2015-11-02,QLD,BUY,20026.348243931294,4.976599485541127,99663.11436801593,49.83155718400796,0.0,MODEL_B_FOUR_STATE_monthly,MODEL_B_FOUR_STATE,monthly,after_tax
2015-11-02,TQQQ,BUY,10433.228000006211,2.3881179048314816,24915.778592003982,12.45788929600199,0.0,MODEL_B_FOUR_STATE_monthly,MODEL_B_FOUR_STATE,monthly,after_tax
2015-12-01,QLD,BUY,19.992045554123315,5.035602605743753,100.67199668649118,0.05033599834324559,0.0,MODEL_B_FOUR_STATE_monthly,MODEL_B_FOUR_STATE,monthly,after_tax
2015-12-01,TQQQ,SELL,41.627710792197774,2.428533637454649,101.09429590908621,0.050547147954543105,1.5821613403974615,MODEL_B_FOUR_STATE_monthly,MODEL_B_FOUR_STATE,monthly,after_tax
2016-01-04,QLD,SELL,20046.34028948542,4.603803108263218,92289.40373403515,46.144701867017574,-7570.409225716633,MODEL_B_FOUR_STATE_monthly,MODEL_B_FOUR_STATE,monthly,after_tax
2016-01-04,TQQQ,SELL,10391.600289214013,2.112337403192748,21950.56596993534,10.97528298496767,-2889.184206928877,MODEL_B_FOUR_STATE_monthly,MODEL_B_FOUR_STATE,monthly,after_tax
2018-01-02,QLD,BUY,10008.223981624815,9.122560569007376,91300.62946056454,45.65031473028227,0.0,MODEL_B_FOUR_STATE_monthly,MODEL_B_FOUR_STATE,monthly,after_tax
2018-01-02,TQQQ,BUY,4088.3529194271405,5.582971386026868,22825.157365141135,11.412578682570567,0.0,MODEL_B_FOUR_STATE_monthly,MODEL_B_FOUR_STATE,monthly,after_tax
2018-02-01,QLD,BUY,139.4148104721622,10.484909559928973,1461.7516791152593,0.7308758395576297,0.0,MODEL_B_FOUR_STATE_monthly,MODEL_B_FOUR_STATE,monthly,after_tax
2018-02-01,TQQQ,SELL,213.1720101467527,6.864006963336931,1463.2141620358416,0.7316070810179208,271.7542553871984,MODEL_B_FOUR_STATE_monthly,MODEL_B_FOUR_STATE,monthly,after_tax
2018-03-01,QLD,BUY,2482.5830987844347,10.293983393234878,25555.669191212553,12.777834595606278,0.0,MODEL_B_FOUR_STATE_monthly,MODEL_B_FOUR_STATE,monthly,after_tax
2018-03-01,TQQQ,SELL,3875.1809092803883,6.60130152462504,25581.237644630473,12.790618822315237,3922.605381552075,MODEL_B_FOUR_STATE_monthly,MODEL_B_FOUR_STATE,monthly,after_tax
2018-06-01,QLD,SELL,2528.065820111403,10.573597313969533,26730.749965068113,13.365374982534057,3022.996681565868,MODEL_B_FOUR_STATE_monthly,MODEL_B_FOUR_STATE,monthly,after_tax
2018-06-01,TQQQ,BUY,3965.528691389397,6.734040944346929,26704.032573798697,13.35201628689935,0.0,MODEL_B_FOUR_STATE_monthly,MODEL_B_FOUR_STATE,monthly,after_tax
2018-07-02,QLD,BUY,2503.7147789619457,10.468897923895538,26211.13445150129,13.105567225750645,0.0,MODEL_B_FOUR_STATE_monthly,MODEL_B_FOUR_STATE,monthly,after_tax
2018-07-02,TQQQ,SELL,3965.528691389397,6.6163583067869185,26237.358698076096,13.118679349038048,-493.14457135853706,MODEL_B_FOUR_STATE_monthly,MODEL_B_FOUR_STATE,monthly,after_tax
2018-09-04,QLD,SELL,2569.7129581977733,12.43604493020413,31957.065805875274,15.978532902937637,7294.123466097967,MODEL_B_FOUR_STATE_monthly,MODEL_B_FOUR_STATE,monthly,after_tax
2018-09-04,TQQQ,BUY,3662.491371326823,8.519481536725536,31202.527616435455,15.601263808217727,0.0,MODEL_B_FOUR_STATE_monthly,MODEL_B_FOUR_STATE,monthly,after_tax
2018-10-01,QLD,BUY,7.066518763357284,12.535821919423654,88.58462080771278,0.044292310403856394,0.0,MODEL_B_FOUR_STATE_monthly,MODEL_B_FOUR_STATE,monthly,after_tax
2018-10-01,TQQQ,SELL,10.311043461254005,8.618144601438527,88.86206354080423,0.04443103177040211,0.9289657443095098,MODEL_B_FOUR_STATE_monthly,MODEL_B_FOUR_STATE,monthly,after_tax
2018-11-01,QLD,SELL,10043.224410297536,10.25087243510065,102951.812267049,51.4759061335245,6551.609788406619,MODEL_B_FOUR_STATE_monthly,MODEL_B_FOUR_STATE,monthly,after_tax
2018-11-01,TQQQ,SELL,3652.180327865569,6.260934070209453,22866.06024528227,11.433030122641135,-8275.612998319315,MODEL_B_FOUR_STATE_monthly,MODEL_B_FOUR_STATE,monthly,after_tax
2019-03-01,QQQ,BUY,754.662240935122,166.5541360086706,125692.11751731645,62.84605875865823,0.0,MODEL_B_FOUR_STATE_monthly,MODEL_B_FOUR_STATE,monthly,after_tax
2019-05-01,QQQ,SELL,754.6622409351219,182.48694931159875,137716.01010890512,68.85800505445256,11892.18852777557,MODEL_B_FOUR_STATE_monthly,MODEL_B_FOUR_STATE,monthly,after_tax
2019-05-01,QLD,BUY,8707.97431757192,12.449621319518682,108410.98271386452,54.205491356932264,0.0,MODEL_B_FOUR_STATE_monthly,MODEL_B_FOUR_STATE,monthly,after_tax
2019-05-01,TQQQ,BUY,3381.06081900571,8.01604795930184,27102.74567846613,13.551372839233066,0.0,MODEL_B_FOUR_STATE_monthly,MODEL_B_FOUR_STATE,monthly,after_tax
2019-06-03,QLD,SELL,8707.97431757192,10.22687271903491,89055.3449864329,44.52767249321645,-19454.370891281764,MODEL_B_FOUR_STATE_monthly,MODEL_B_FOUR_STATE,monthly,after_tax
2019-06-03,TQQQ,SELL,3381.06081900571,5.932256650925104,20057.320530728903,10.02866026536445,-7069.005180841826,MODEL_B_FOUR_STATE_monthly,MODEL_B_FOUR_STATE,monthly,after_tax
2019-07-01,QLD,BUY,8869.653819693805,12.289499635113815,109003.60738071287,54.50180369035644,0.0,MODEL_B_FOUR_STATE_monthly,MODEL_B_FOUR_STATE,monthly,after_tax
2019-08-01,QLD,SELL,1775.350334421056,12.393156816193644,22002.195098161974,11.001097549080987,162.1176299026073,MODEL_B_FOUR_STATE_monthly,MODEL_B_FOUR_STATE,monthly,after_tax
2019-08-01,TQQQ,BUY,2798.561851206023,7.854106883216227,21980.203898663574,10.990101949331788,0.0,MODEL_B_FOUR_STATE_monthly,MODEL_B_FOUR_STATE,monthly,after_tax
2019-09-03,QLD,BUY,1698.6869445054053,11.619432848287158,19737.77888194265,9.868889440971325,0.0,MODEL_B_FOUR_STATE_monthly,MODEL_B_FOUR_STATE,monthly,after_tax
2019-09-03,TQQQ,SELL,2798.561851206023,7.059885607365281,19757.52653465094,9.878763267325471,-2243.5462292292887,MODEL_B_FOUR_STATE_monthly,MODEL_B_FOUR_STATE,monthly,after_tax
2019-12-02,QLD,SELL,1760.0053866145931,13.987499166283902,24618.0738779268,12.3090369389634,3193.307318657317,MODEL_B_FOUR_STATE_monthly,MODEL_B_FOUR_STATE,monthly,after_tax
2019-12-02,TQQQ,BUY,2656.800878145067,9.25679764307557,24593.468106934364,12.296734053467182,0.0,MODEL_B_FOUR_STATE_monthly,MODEL_B_FOUR_STATE,monthly,after_tax
2020-01-02,QLD,BUY,61.57187100415263,15.296928478401773,941.8605070319027,0.47093025351595136,0.0,MODEL_B_FOUR_STATE_monthly,MODEL_B_FOUR_STATE,monthly,after_tax
2020-01-02,TQQQ,SELL,89.22263530041313,10.566857115689889,942.8028387047743,0.47140141935238716,116.00259918748755,MODEL_B_FOUR_STATE_monthly,MODEL_B_FOUR_STATE,monthly,after_tax
2020-02-03,QLD,BUY,1810.1473756977714,16.053688887033797,29059.542809132705,14.529771404566352,0.0,MODEL_B_FOUR_STATE_monthly,MODEL_B_FOUR_STATE,monthly,after_tax
2020-02-03,TQQQ,SELL,2567.578242844654,11.329203684462643,29088.616888981775,14.544308444490888,5294.636577647386,MODEL_B_FOUR_STATE_monthly,MODEL_B_FOUR_STATE,monthly,after_tax
2020-04-01,QLD,SELL,8904.704289865485,10.422928032946222,92813.09196793546,46.40654598396773,-22813.94165861722,MODEL_B_FOUR_STATE_monthly,MODEL_B_FOUR_STATE,monthly,after_tax
2020-05-01,QLD,BUY,6708.806233886942,13.820689110229623,92720.32525932186,46.360162629660934,0.0,MODEL_B_FOUR_STATE_monthly,MODEL_B_FOUR_STATE,monthly,after_tax
2021-01-04,QLD,SELL,6708.806233886942,28.69823650064393,192530.9079370818,96.2654539685409,99667.95706116171,MODEL_B_FOUR_STATE_monthly,MODEL_B_FOUR_STATE,monthly,after_tax
2013-01-02,RISK,BUY,56792.19162693324,1.7599254778557578,99950.02498750626,49.97501249375313,0.0,FIXED_QLD_MA200_bimonthly,FIXED_QLD_MA200,bimonthly,pre_tax
2015-09-01,RISK,SELL,56792.19162693324,4.004880768822511,227445.9560659878,113.7229780329939,127332.2330879548,FIXED_QLD_MA200_bimonthly,FIXED_QLD_MA200,bimonthly,pre_tax
2015-11-02,RISK,BUY,45657.40611359653,4.976599485541127,227218.6237760668,113.60931188803339,0.0,FIXED_QLD_MA200_bimonthly,FIXED_QLD_MA200,bimonthly,pre_tax
2016-03-01,RISK,SELL,45657.40611359653,4.061998270463953,185460.3046672994,92.73015233364971,-41964.65857298908,FIXED_QLD_MA200_bimonthly,FIXED_QLD_MA200,bimonthly,pre_tax
2016-07-01,RISK,BUY,42324.56511196666,4.377479994332151,185274.93704644256,92.63746852322129,0.0,FIXED_QLD_MA200_bimonthly,FIXED_QLD_MA200,bimonthly,pre_tax
2018-11-01,RISK,SELL,42324.56511196666,10.25087243510065,433863.7178338817,216.93185891694085,248279.21145999894,FIXED_QLD_MA200_bimonthly,FIXED_QLD_MA200,bimonthly,pre_tax
2019-03-01,RISK,BUY,41451.424490960286,10.456337176880792,433430.070939495,216.7150354697475,0.0,FIXED_QLD_MA200_bimonthly,FIXED_QLD_MA200,bimonthly,pre_tax
2022-03-01,RISK,SELL,41451.424490960286,32.654064465527455,1353557.4875157608,676.7787437578804,919233.9227970382,FIXED_QLD_MA200_bimonthly,FIXED_QLD_MA200,bimonthly,pre_tax
2023-03-01,RISK,BUY,65562.16735150704,20.624769758129208,1352204.6064687686,676.1023032343843,0.0,FIXED_QLD_MA200_bimonthly,FIXED_QLD_MA200,bimonthly,pre_tax
2025-05-01,RISK,SELL,65562.16735150704,45.64644299625848,2992679.734721725,1496.3398673608624,1638302.686082361,FIXED_QLD_MA200_bimonthly,FIXED_QLD_MA200,bimonthly,pre_tax
2025-07-01,RISK,BUY,51247.9474331226,58.337722783542695,2989688.550579075,1494.8442752895373,0.0,FIXED_QLD_MA200_bimonthly,FIXED_QLD_MA200,bimonthly,pre_tax
2013-01-02,RISK,BUY,56792.19162693324,1.7599254778557578,99950.02498750626,49.97501249375313,0.0,FIXED_QLD_MA200_bimonthly,FIXED_QLD_MA200,bimonthly,after_tax
2015-09-01,RISK,SELL,56792.19162693324,4.004880768822511,227445.9560659878,113.7229780329939,127332.2330879548,FIXED_QLD_MA200_bimonthly,FIXED_QLD_MA200,bimonthly,after_tax
2015-11-02,RISK,BUY,40462.16869917061,4.976599485541127,201364.00793217073,100.68200396608536,0.0,FIXED_QLD_MA200_bimonthly,FIXED_QLD_MA200,bimonthly,after_tax
2016-03-01,RISK,SELL,40462.16869917061,4.061998270463953,164357.25927525168,82.17862963762585,-37189.609290522785,FIXED_QLD_MA200_bimonthly,FIXED_QLD_MA200,bimonthly,after_tax
2016-07-01,RISK,BUY,37508.563001117116,4.377479994332151,164192.98415353728,82.09649207676864,0.0,FIXED_QLD_MA200_bimonthly,FIXED_QLD_MA200,bimonthly,after_tax
2018-11-01,RISK,SELL,37508.563001117116,10.25087243510065,384495.49454838753,192.24774727419378,220028.16615549932,FIXED_QLD_MA200_bimonthly,FIXED_QLD_MA200,bimonthly,after_tax
2019-03-01,RISK,BUY,33184.28767682875,10.456337176880792,346986.10092353163,173.49305046176582,0.0,FIXED_QLD_MA200_bimonthly,FIXED_QLD_MA200,bimonthly,after_tax
2022-03-01,RISK,SELL,33184.28767682875,32.654064465527455,1083601.8690417744,541.8009345208873,735900.4741332603,FIXED_QLD_MA200_bimonthly,FIXED_QLD_MA200,bimonthly,after_tax
2023-03-01,RISK,BUY,45241.49118075588,20.624769758129208,933095.3391175232,466.5476695587616,0.0,FIXED_QLD_MA200_bimonthly,FIXED_QLD_MA200,bimonthly,after_tax
2025-05-01,RISK,SELL,45241.49118075588,45.64644299625848,2065113.1482481041,1032.556574124052,1130518.704886898,FIXED_QLD_MA200_bimonthly,FIXED_QLD_MA200,bimonthly,after_tax
2025-07-01,RISK,BUY,31429.045903893217,58.337722783542695,1833498.9672925605,916.7494836462803,0.0,FIXED_QLD_MA200_bimonthly,FIXED_QLD_MA200,bimonthly,after_tax
2013-01-02,QLD,BUY,45433.753301546596,1.7599254778557578,79960.019990005,39.980009995002504,0.0,PHASE7A_FIXED_bimonthly,PHASE7A_FIXED,bimonthly,pre_tax
2013-01-02,TQQQ,BUY,36375.97008540045,0.5495387463363972,19990.00499750125,9.995002498750626,0.0,PHASE7A_FIXED_bimonthly,PHASE7A_FIXED,bimonthly,pre_tax
2013-03-01,QLD,SELL,30.749350887312204,1.761760677093267,54.1729972394096,0.0270864986197048,0.002286403655536097,PHASE7A_FIXED_bimonthly,PHASE7A_FIXED,bimonthly,pre_tax
2013-03-01,TQQQ,BUY,98.71168676421803,0.5482517125291608,54.11885131512463,0.027059425657562315,0.0,PHASE7A_FIXED_bimonthly,PHASE7A_FIXED,bimonthly,pre_tax
2013-05-01,QLD,BUY,11933.586386922325,1.970938361910791,23520.3632051616,11.7601816025808,0.0,PHASE7A_FIXED_bimonthly,PHASE7A_FIXED,bimonthly,pre_tax
2013-05-01,TQQQ,SELL,36474.681772164666,0.6454859697336326,23543.895334431363,11.771947667215683,3477.9774760233613,PHASE7A_FIXED_bimonthly,PHASE7A_FIXED,bimonthly,pre_tax
2013-07-01,QLD,SELL,11476.494674952564,2.031007298066212,23308.844441046676,11.654422220523339,2585.032621145195,PHASE7A_FIXED_bimonthly,PHASE7A_FIXED,bimonthly,pre_tax
2013-07-01,TQQQ,BUY,34588.85693134882,0.673209504766815,23285.547245203554,11.642773622601776,0.0,PHASE7A_FIXED_bimonthly,PHASE7A_FIXED,bimonthly,pre_tax
2013-09-03,QLD,BUY,496.0152763515112,2.2755741912440164,1128.7195613282674,0.5643597806641337,0.0,PHASE7A_FIXED_bimonthly,PHASE7A_FIXED,bimonthly,pre_tax
2013-09-03,TQQQ,SELL,1421.017815045828,0.7950982975503721,1129.8488455316874,0.5649244227658438,172.16290022733216,PHASE7A_FIXED_bimonthly,PHASE7A_FIXED,bimonthly,pre_tax
2013-11-01,QLD,BUY,817.704274900195,2.714138672627733,2219.362795279638,1.109681397639819,0.0,PHASE7A_FIXED_bimonthly,PHASE7A_FIXED,bimonthly,pre_tax
2013-11-01,TQQQ,SELL,2152.606258789593,1.032043486466777,2221.5832683114168,1.1107916341557085,770.5929057428536,PHASE7A_FIXED_bimonthly,PHASE7A_FIXED,bimonthly,pre_tax
2014-01-02,QLD,BUY,504.8605606994569,3.0255175443681113,1527.4644838557288,0.7637322419278644,0.0,PHASE7A_FIXED_bimonthly,PHASE7A_FIXED,bimonthly,pre_tax
2014-01-02,TQQQ,SELL,1261.488159525242,1.2120547473305532,1528.9927124538517,0.7644963562269259,678.5577740448641,PHASE7A_FIXED_bimonthly,PHASE7A_FIXED,bimonthly,pre_tax
2014-03-03,QLD,BUY,174.09991640854977,3.1671084273014936,551.3933124500036,0.2756966562250018,0.0,PHASE7A_FIXED_bimonthly,PHASE7A_FIXED,bimonthly,pre_tax
2014-03-03,TQQQ,SELL,427.2148993023093,1.2919609838008337,551.9449815969856,0.2759724907984928,263.92007575248056,PHASE7A_FIXED_bimonthly,PHASE7A_FIXED,bimonthly,pre_tax
2014-05-01,QLD,BUY,11608.77140985419,3.0221468392757944,35083.41182416605,17.541705912083025,0.0,PHASE7A_FIXED_bimonthly,PHASE7A_FIXED,bimonthly,pre_tax
2014-05-01,TQQQ,SELL,29326.529798685842,1.1974997733296449,35118.51278647137,17.559256393235685,15348.183478474444,PHASE7A_FIXED_bimonthly,PHASE7A_FIXED,bimonthly,pre_tax
2014-07-01,QLD,SELL,11901.826122715485,3.5120735344421106,41800.08853712081,20.900044268560407,17100.16924056192,PHASE7A_FIXED_bimonthly,PHASE7A_FIXED,bimonthly,pre_tax
2014-07-01,TQQQ,BUY,27913.57485771264,1.4959857184557348,41758.30933818318,20.87915466909159,0.0,PHASE7A_FIXED_bimonthly,PHASE7A_FIXED,bimonthly,pre_tax
2014-09-02,QLD,BUY,541.7224390662722,3.944290594561665,2136.710721272102,1.068355360636051,0.0,PHASE7A_FIXED_bimonthly,PHASE7A_FIXED,bimonthly,pre_tax
2014-09-02,TQQQ,SELL,1204.4072355672945,1.7758515871716078,2138.8485008831485,1.0694242504415743,335.1021650074759,PHASE7A_FIXED_bimonthly,PHASE7A_FIXED,bimonthly,pre_tax
2014-11-03,QLD,BUY,12093.803189085405,4.04958181154028,48974.845426868094,24.487422713434047,0.0,PHASE7A_FIXED_bimonthly,PHASE7A_FIXED,bimonthly,pre_tax
2014-11-03,TQQQ,SELL,26709.167622145345,1.8354688347277577,49023.84477196747,24.511922385983738,9022.821268354452,PHASE7A_FIXED_bimonthly,PHASE7A_FIXED,bimonthly,pre_tax
2015-03-02,QLD,SELL,12048.683450951738,4.624734788922491,55721.9655163312,27.8609827581656,25719.23218130053,PHASE7A_FIXED_bimonthly,PHASE7A_FIXED,bimonthly,pre_tax
2015-03-02,TQQQ,BUY,25111.964158012655,2.216723114432778,55666.27139787411,27.833135698937056,0.0,PHASE7A_FIXED_bimonthly,PHASE7A_FIXED,bimonthly,pre_tax
2015-05-01,QLD,SELL,99.62878486989419,4.574943394635047,455.7960512560385,0.22789802562801925,207.71035853905764,PHASE7A_FIXED_bimonthly,PHASE7A_FIXED,bimonthly,pre_tax
2015-05-01,TQQQ,BUY,209.81623295335876,2.170187104112651,455.340482988875,0.22767024149443751,0.0,PHASE7A_FIXED_bimonthly,PHASE7A_FIXED,bimonthly,pre_tax
2015-07-01,QLD,SELL,42.818168465924224,4.583240198286429,196.24595093002426,0.09812297546501214,89.62422814807617,PHASE7A_FIXED_bimonthly,PHASE7A_FIXED,bimonthly,pre_tax
2015-07-01,TQQQ,BUY,90.57748709116012,2.1644429465767585,196.04980305310892,0.09802490152655446,0.0,PHASE7A_FIXED_bimonthly,PHASE7A_FIXED,bimonthly,pre_tax
2015-09-01,QLD,SELL,48004.11620199159,4.004880768822511,192250.76180167723,96.12538090083862,72729.36797580846,PHASE7A_FIXED_bimonthly,PHASE7A_FIXED,bimonthly,pre_tax
2015-09-01,TQQQ,SELL,25412.357878057173,1.7390822165955957,44194.179667492215,22.097089833746107,-12173.737937099577,PHASE7A_FIXED_bimonthly,PHASE7A_FIXED,bimonthly,pre_tax
2015-11-02,QLD,BUY,37971.086944386545,4.976599485541127,188966.89175287145,94.48344587643572,0.0,PHASE7A_FIXED_bimonthly,PHASE7A_FIXED,bimonthly,pre_tax
2015-11-02,TQQQ,BUY,19781.989340912165,2.3881179048314816,47241.72293821786,23.62086146910893,0.0,PHASE7A_FIXED_bimonthly,PHASE7A_FIXED,bimonthly,pre_tax
2016-01-04,QLD,BUY,9067.38834380765,4.603803108263218,41744.47064105133,20.872235320525665,0.0,PHASE7A_FIXED_bimonthly,PHASE7A_FIXED,bimonthly,pre_tax
2016-01-04,TQQQ,SELL,19781.989340912165,2.112337403192748,41786.235994369024,20.89311799718451,-5500.000923315127,PHASE7A_FIXED_bimonthly,PHASE7A_FIXED,bimonthly,pre_tax
2016-03-01,QLD,SELL,47038.4752881942,4.061998270463953,191070.2052659062,95.5351026329531,-39852.047911846515,PHASE7A_FIXED_bimonthly,PHASE7A_FIXED,bimonthly,pre_tax
2016-07-01,QLD,BUY,43604.82076334896,4.377479994332151,190879.23054799926,95.43961527399964,0.0,PHASE7A_FIXED_bimonthly,PHASE7A_FIXED,bimonthly,pre_tax
2016-09-01,QLD,SELL,8727.943017651412,5.120801325119029,44694.06217035273,22.347031085176365,6446.215989851789,PHASE7A_FIXED_bimonthly,PHASE7A_FIXED,bimonthly,pre_tax
2016-09-01,TQQQ,BUY,18530.448291358884,2.409514855874614,44649.39044404559,22.324695222022793,0.0,PHASE7A_FIXED_bimonthly,PHASE7A_FIXED,bimonthly,pre_tax
2016-11-01,QLD,BUY,22.52861275257504,5.18110601949187,116.72313114316785,0.05836156557158392,0.0,PHASE7A_FIXED_bimonthly,PHASE7A_FIXED,bimonthly,pre_tax
2016-11-01,TQQQ,SELL,47.77223367115132,2.44577034997658,116.83991266505473,0.05841995633252736,1.616032026405175,PHASE7A_FIXED_bimonthly,PHASE7A_FIXED,bimonthly,pre_tax
2017-01-03,QLD,BUY,85.75559508417658,5.3735643682520084,460.8132101225783,0.23040660506128915,0.0,PHASE7A_FIXED_bimonthly,PHASE7A_FIXED,bimonthly,pre_tax
2017-01-03,TQQQ,SELL,179.63711265365157,2.5678115565344943,461.27425385453535,0.23063712692726768,27.98890597641033,PHASE7A_FIXED_bimonthly,PHASE7A_FIXED,bimonthly,pre_tax
2017-03-01,QLD,BUY,658.7451714549356,6.438177916547774,4241.118615493644,2.120559307746822,0.0,PHASE7A_FIXED_bimonthly,PHASE7A_FIXED,bimonthly,pre_tax
2017-03-01,TQQQ,SELL,1261.0889329785361,3.3664254317910975,4245.361855729243,2.1226809278646215,1203.1073499512347,PHASE7A_FIXED_bimonthly,PHASE7A_FIXED,bimonthly,pre_tax
2017-05-01,QLD,BUY,292.7616585662215,7.002870669988695,2050.172032070637,1.0250860160353186,0.0,PHASE7A_FIXED_bimonthly,PHASE7A_FIXED,bimonthly,pre_tax
2017-05-01,TQQQ,SELL,538.3315613189721,3.8121919225269503,2052.223229701507,1.0261116148507536,753.4306647552254,PHASE7A_FIXED_bimonthly,PHASE7A_FIXED,bimonthly,pre_tax
2017-07-03,QLD,BUY,9047.843232027959,7.176964264944985,64936.047551088996,32.468023775544495,0.0,PHASE7A_FIXED_bimonthly,PHASE7A_FIXED,bimonthly,pre_tax
2017-07-03,TQQQ,SELL,16503.618450736572,3.938591786821451,65001.01608290602,32.50050804145301,25182.91888521205,PHASE7A_FIXED_bimonthly,PHASE7A_FIXED,bimonthly,pre_tax
2017-11-01,QLD,SELL,9004.102084943717,8.696363646037577,78302.9460367157,39.15147301835785,33309.859790256945,PHASE7A_FIXED_bimonthly,PHASE7A_FIXED,bimonthly,pre_tax
2017-11-01,TQQQ,BUY,15003.734798421616,5.213680678414505,78224.68222258613,39.11234111129306,0.0,PHASE7A_FIXED_bimonthly,PHASE7A_FIXED,bimonthly,pre_tax
2018-01-02,QLD,BUY,149.57989861946612,9.122560569007376,1364.5516850620625,0.6822758425310312,0.0,PHASE7A_FIXED_bimonthly,PHASE7A_FIXED,bimonthly,pre_tax
2018-01-02,TQQQ,SELL,244.6576965776362,5.582971386026868,1365.9169193641865,0.6829584596820932,89.02907187954783,PHASE7A_FIXED_bimonthly,PHASE7A_FIXED,bimonthly,pre_tax
2018-03-01,QLD,BUY,9455.206408285678,10.293983393234878,97331.73774650076,48.66586887325038,0.0,PHASE7A_FIXED_bimonthly,PHASE7A_FIXED,bimonthly,pre_tax
2018-03-01,TQQQ,SELL,14759.07710184398,6.60130152462504,97429.11817446117,48.71455908723058,20392.81394070148,PHASE7A_FIXED_bimonthly,PHASE7A_FIXED,bimonthly,pre_tax
2018-07-02,QLD,SELL,9124.335067653015,10.468897923895538,95521.7324466799,47.76086622333995,39753.086991223485,PHASE7A_FIXED_bimonthly,PHASE7A_FIXED,bimonthly,pre_tax
2018-07-02,TQQQ,BUY,14422.776703816775,6.6163583067869185,95426.25845123097,47.71312922561548,0.0,PHASE7A_FIXED_bimonthly,PHASE7A_FIXED,bimonthly,pre_tax
2018-09-04,QLD,BUY,611.7534225923661,12.43604493020413,7607.793049564818,3.803896524782409,0.0,PHASE7A_FIXED_bimonthly,PHASE7A_FIXED,bimonthly,pre_tax
2018-09-04,TQQQ,SELL,893.8812315732235,8.519481536725536,7615.4046484135615,3.807702324206781,1694.4013150330359,PHASE7A_FIXED_bimonthly,PHASE7A_FIXED,bimonthly,pre_tax
2018-11-01,QLD,SELL,37072.614592484184,10.25087243510065,380026.6430232062,190.01332151160312,149564.2665509535,PHASE7A_FIXED_bimonthly,PHASE7A_FIXED,bimonthly,pre_tax
2018-11-01,TQQQ,SELL,13528.895472243552,6.260934070209453,84703.52259447206,42.35176129723603,-4895.605116225439,PHASE7A_FIXED_bimonthly,PHASE7A_FIXED,bimonthly,pre_tax
2019-03-01,QLD,BUY,35520.32876120493,10.456337176880792,371412.5341608152,185.7062670804076,0.0,PHASE7A_FIXED_bimonthly,PHASE7A_FIXED,bimonthly,pre_tax
2019-03-01,TQQQ,BUY,14966.834232258285,6.203926100823365,92853.1335402038,46.4265667701019,0.0,PHASE7A_FIXED_bimonthly,PHASE7A_FIXED,bimonthly,pre_tax
2019-05-01,QLD,BUY,604.9125837774582,12.449621319518682,7530.932599440974,3.765466299720487,0.0,PHASE7A_FIXED_bimonthly,PHASE7A_FIXED,bimonthly,pre_tax
2019-05-01,TQQQ,SELL,940.4219308147561,8.01604795930184,7538.467299390322,3.769233649695161,1697.4727492910731,PHASE7A_FIXED_bimonthly,PHASE7A_FIXED,bimonthly,pre_tax
2019-07-01,QLD,BUY,8865.587280812908,12.289499635113815,108953.63165261992,54.47681582630996,0.0,PHASE7A_FIXED_bimonthly,PHASE7A_FIXED,bimonthly,pre_tax
2019-07-01,TQQQ,SELL,14026.412301443528,7.7755193163055765,109062.63978834031,54.53131989417016,21945.773677921807,PHASE7A_FIXED_bimonthly,PHASE7A_FIXED,bimonthly,pre_tax
2019-11-01,QLD,SELL,9005.36641794702,13.05828859719205,117594.67360901379,58.79733680450689,19829.54087447728,PHASE7A_FIXED_bimonthly,PHASE7A_FIXED,bimonthly,pre_tax
2019-11-01,TQQQ,BUY,14052.002022079074,8.360170851012747,117477.13770335764,58.73856885167882,0.0,PHASE7A_FIXED_bimonthly,PHASE7A_FIXED,bimonthly,pre_tax
2020-01-02,QLD,BUY,567.9594972864169,15.296928478401773,8688.035808619345,4.3440179043096725,0.0,PHASE7A_FIXED_bimonthly,PHASE7A_FIXED,bimonthly,pre_tax
2020-01-02,TQQQ,SELL,823.0193798784129,10.566857115689889,8696.728190618887,4.348364095309444,1808.3569057307438,PHASE7A_FIXED_bimonthly,PHASE7A_FIXED,bimonthly,pre_tax
2020-03-02,QLD,BUY,8716.269139434902,14.316721041659457,124788.39379331464,62.39419689665732,0.0,PHASE7A_FIXED_bimonthly,PHASE7A_FIXED,bimonthly,pre_tax
2020-03-02,TQQQ,SELL,13228.98264220066,9.4423923585811,124913.24461251753,62.456622306258765,14198.934638794786,PHASE7A_FIXED_bimonthly,PHASE7A_FIXED,bimonthly,pre_tax
2021-01-04,QLD,SELL,9061.183493046281,28.69823650064393,260039.98685917305,130.01999342958652,155030.52937033973,PHASE7A_FIXED_bimonthly,PHASE7A_FIXED,bimonthly,pre_tax
2021-01-04,TQQQ,BUY,11847.47990596932,21.9270324903814,259780.07682733005,129.89003841366502,0.0,PHASE7A_FIXED_bimonthly,PHASE7A_FIXED,bimonthly,pre_tax
2021-03-01,QLD,BUY,9016.827725449433,29.194566747596696,263242.37888221396,131.621189441107,0.0,PHASE7A_FIXED_bimonthly,PHASE7A_FIXED,bimonthly,pre_tax
2021-03-01,TQQQ,SELL,11847.47990596932,22.24150241566246,263505.7529481291,131.75287647406455,3464.033205911296,PHASE7A_FIXED_bimonthly,PHASE7A_FIXED,bimonthly,pre_tax
2021-07-01,QLD,SELL,9052.305240474381,35.380169199382266,320272.09105243837,160.1360455262192,183508.23825622397,PHASE7A_FIXED_bimonthly,PHASE7A_FIXED,bimonthly,pre_tax
2021-07-01,TQQQ,BUY,11001.122994024487,29.083574394286202,319951.97901740373,159.97598950870187,0.0,PHASE7A_FIXED_bimonthly,PHASE7A_FIXED,bimonthly,pre_tax
2021-09-01,QLD,BUY,513.583404886503,40.812638121887815,20960.693649039837,10.480346824519918,0.0,PHASE7A_FIXED_bimonthly,PHASE7A_FIXED,bimonthly,pre_tax
2021-09-01,TQQQ,SELL,583.9141729926263,35.93278909594681,20981.66482827824,10.49083241413912,3980.3715501098973,PHASE7A_FIXED_bimonthly,PHASE7A_FIXED,bimonthly,pre_tax
2021-11-01,QLD,BUY,9229.855709028025,41.84974474569556,386267.10546242376,193.1335527312119,0.0,PHASE7A_FIXED_bimonthly,PHASE7A_FIXED,bimonthly,pre_tax
2021-11-01,TQQQ,SELL,10417.20882103186,37.11681050469281,386653.5657980539,193.32678289902697,83339.08645399669,PHASE7A_FIXED_bimonthly,PHASE7A_FIXED,bimonthly,pre_tax
2022-03-01,QLD,SELL,45916.468950412884,32.654064465527455,1499359.337136172,749.679668568086,545309.5192499361,PHASE7A_FIXED_bimonthly,PHASE7A_FIXED,bimonthly,pre_tax
2023-03-01,QQQ,BUY,5211.988894431048,287.38755155531885,1497860.727104052,748.930363552026,0.0,PHASE7A_FIXED_bimonthly,PHASE7A_FIXED,bimonthly,pre_tax
2023-05-01,QQQ,SELL,5211.988894431048,316.12889554696204,1647660.292799519,823.8301463997594,148226.8051855151,PHASE7A_FIXED_bimonthly,PHASE7A_FIXED,bimonthly,pre_tax
2023-05-01,QLD,BUY,66999.78195207272,24.56744496724792,1646013.4559251568,823.0067279625785,0.0,PHASE7A_FIXED_bimonthly,PHASE7A_FIXED,bimonthly,pre_tax
2024-01-02,QLD,SELL,13410.679572481487,37.11095030410107,497683.0631585838,248.8415315792919,167803.35619048457,PHASE7A_FIXED_bimonthly,PHASE7A_FIXED,bimonthly,pre_tax
2024-01-02,TQQQ,BUY,20683.52819795361,24.037757197623048,497185.62881259865,248.59281440629934,0.0,PHASE7A_FIXED_bimonthly,PHASE7A_FIXED,bimonthly,pre_tax
2024-03-01,QLD,BUY,14242.984325784377,42.92817564592639,611425.3328594482,305.7126664297241,0.0,PHASE7A_FIXED_bimonthly,PHASE7A_FIXED,bimonthly,pre_tax
2024-03-01,TQQQ,SELL,20683.52819795361,29.59055429036813,612037.0640579063,306.01853202895313,114296.82389887242,PHASE7A_FIXED_bimonthly,PHASE7A_FIXED,bimonthly,pre_tax
2024-07-01,QLD,SELL,13577.27373186521,49.91913156297313,677765.7136874786,338.88285684373926,291330.7798025569,PHASE7A_FIXED_bimonthly,PHASE7A_FIXED,bimonthly,pre_tax
2024-07-01,TQQQ,BUY,18605.73110265624,36.39138300728357,677088.2866872917,338.5441433436458,0.0,PHASE7A_FIXED_bimonthly,PHASE7A_FIXED,bimonthly,pre_tax
2024-09-03,QLD,BUY,12936.018902072858,47.42392159801931,613476.746202399,306.7383731011995,0.0,PHASE7A_FIXED_bimonthly,PHASE7A_FIXED,bimonthly,pre_tax
2024-09-03,TQQQ,SELL,18605.73110265624,33.0054501192243,614090.5298404206,307.0452649202103,-63643.346255134944,PHASE7A_FIXED_bimonthly,PHASE7A_FIXED,bimonthly,pre_tax
2025-05-01,QLD,SELL,67190.83187558326,45.64644299625848,3067022.4770799982,1533.511238539999,908864.8895515583,PHASE7A_FIXED_bimonthly,PHASE7A_FIXED,bimonthly,pre_tax
2025-07-01,QLD,BUY,42016.81987096197,58.337722783542695,2451165.5898782276,1225.582794939114,0.0,PHASE7A_FIXED_bimonthly,PHASE7A_FIXED,bimonthly,pre_tax
2025-07-01,TQQQ,BUY,15021.190760395324,40.79512784600504,612791.3974695569,306.3956987347785,0.0,PHASE7A_FIXED_bimonthly,PHASE7A_FIXED,bimonthly,pre_tax
2025-09-02,QLD,BUY,56.85464079095012,60.05515345622622,3414.4141773991287,1.7072070886995643,0.0,PHASE7A_FIXED_bimonthly,PHASE7A_FIXED,bimonthly,pre_tax
2025-09-02,TQQQ,SELL,80.83708444966732,42.280474647309575,3417.830299636582,1.708915149818291,116.71331006686835,PHASE7A_FIXED_bimonthly,PHASE7A_FIXED,bimonthly,pre_tax
2025-11-03,QLD,BUY,11710.836717689732,76.0491164486137,890598.7852542875,445.2993926271438,0.0,PHASE7A_FIXED_bimonthly,PHASE7A_FIXED,bimonthly,pre_tax
2025-11-03,TQQQ,SELL,14940.353675945657,59.669928095277676,891489.8295616949,445.74491478084747,281245.69955304224,PHASE7A_FIXED_bimonthly,PHASE7A_FIXED,bimonthly,pre_tax
2026-01-02,QLD,SELL,10765.510350116501,71.64717189062932,771318.370545146,385.65918527257304,101026.77870129212,PHASE7A_FIXED_bimonthly,PHASE7A_FIXED,bimonthly,pre_tax
2026-01-02,TQQQ,BUY,14280.940878776968,53.95634952779414,770547.4376410537,385.2737188205269,0.0,PHASE7A_FIXED_bimonthly,PHASE7A_FIXED,bimonthly,pre_tax
2026-03-02,QLD,BUY,10218.239306405556,66.00212621228486,674425.5203687097,337.21276018435486,0.0,PHASE7A_FIXED_bimonthly,PHASE7A_FIXED,bimonthly,pre_tax
2026-03-02,TQQQ,SELL,14280.94087877697,47.272815495917484,675100.2832705294,337.5501416352647,-96169.97823098017,PHASE7A_FIXED_bimonthly,PHASE7A_FIXED,bimonthly,pre_tax
2013-01-02,QLD,BUY,45433.753301546596,1.7599254778557578,79960.019990005,39.980009995002504,0.0,PHASE7A_FIXED_bimonthly,PHASE7A_FIXED,bimonthly,after_tax
2013-01-02,TQQQ,BUY,36375.97008540045,0.5495387463363972,19990.00499750125,9.995002498750626,0.0,PHASE7A_FIXED_bimonthly,PHASE7A_FIXED,bimonthly,after_tax
2013-03-01,QLD,SELL,30.74956186963308,1.761760677093267,54.17336893976608,0.02708668446988304,0.002286419343371312,PHASE7A_FIXED_bimonthly,PHASE7A_FIXED,bimonthly,after_tax
2013-03-01,TQQQ,BUY,98.71151727074086,0.5482517125291608,54.11875839003551,0.027059379195017757,0.0,PHASE7A_FIXED_bimonthly,PHASE7A_FIXED,bimonthly,after_tax
2013-05-01,QLD,BUY,11575.280848372953,1.970938361910791,22814.165073949538,11.40708253697477,0.0,PHASE7A_FIXED_bimonthly,PHASE7A_FIXED,bimonthly,after_tax
2013-05-01,TQQQ,SELL,36474.68160267119,0.6454859697336326,23543.895225025703,11.771947612512852,3477.977459643955,PHASE7A_FIXED_bimonthly,PHASE7A_FIXED,bimonthly,after_tax
2013-07-01,QLD,SELL,11615.168650209147,2.031007298066212,23590.492296844648,11.795246148422324,2628.47927669243,PHASE7A_FIXED_bimonthly,PHASE7A_FIXED,bimonthly,after_tax
2013-07-01,TQQQ,BUY,34214.022113625346,0.673209504766815,23033.204883194576,11.516602441597287,0.0,PHASE7A_FIXED_bimonthly,PHASE7A_FIXED,bimonthly,after_tax
2013-09-03,QLD,BUY,478.4054375752319,2.2755741912440164,1088.647066696998,0.544323533348499,0.0,PHASE7A_FIXED_bimonthly,PHASE7A_FIXED,bimonthly,after_tax
2013-09-03,TQQQ,SELL,1414.3722933939032,0.7950982975503721,1124.5650025799077,0.5622825012899538,171.3577644514082,PHASE7A_FIXED_bimonthly,PHASE7A_FIXED,bimonthly,after_tax
2013-11-01,QLD,BUY,762.358780226463,2.714138672627733,2069.1474478299497,1.0345737239149748,0.0,PHASE7A_FIXED_bimonthly,PHASE7A_FIXED,bimonthly,after_tax
2013-11-01,TQQQ,SELL,2159.130529233216,1.032043486466777,2228.316599126705,1.1141582995633525,772.9284729179816,PHASE7A_FIXED_bimonthly,PHASE7A_FIXED,bimonthly,after_tax
2014-01-02,QLD,BUY,462.1016885082554,3.0255175443681113,1398.0967658638547,0.6990483829319274,0.0,PHASE7A_FIXED_bimonthly,PHASE7A_FIXED,bimonthly,after_tax
2014-01-02,TQQQ,SELL,1269.1245322196937,1.2120547473305532,1538.2484142305475,0.7691242071152737,682.6653988514848,PHASE7A_FIXED_bimonthly,PHASE7A_FIXED,bimonthly,after_tax
2014-03-03,QLD,BUY,158.23293233584045,3.1671084273014936,501.1408534774673,0.25057042673873364,0.0,PHASE7A_FIXED_bimonthly,PHASE7A_FIXED,bimonthly,after_tax
2014-03-03,TQQQ,SELL,430.0779414351397,1.2919609838008337,555.6439203275804,0.27782196016379024,265.68877412375264,PHASE7A_FIXED_bimonthly,PHASE7A_FIXED,bimonthly,after_tax
2014-05-01,QLD,BUY,10438.635860034101,3.0221468392757944,31547.090370753023,15.773545185376513,0.0,PHASE7A_FIXED_bimonthly,PHASE7A_FIXED,bimonthly,after_tax
2014-05-01,TQQQ,SELL,28941.31681734339,1.1974997733296449,34657.22032863015,17.328610164315077,15146.580371781645,PHASE7A_FIXED_bimonthly,PHASE7A_FIXED,bimonthly,after_tax
2014-07-01,QLD,SELL,12376.036556213927,3.5120735344421106,43465.55045036701,21.732775225183506,18022.550085314284,PHASE7A_FIXED_bimonthly,PHASE7A_FIXED,bimonthly,after_tax
2014-07-01,TQQQ,BUY,26579.56878004645,1.4959857184557348,39762.65529766141,19.881327648830705,0.0,PHASE7A_FIXED_bimonthly,PHASE7A_FIXED,bimonthly,after_tax
2014-09-02,QLD,BUY,502.6053365412391,3.944290594561665,1982.4215016961098,0.9912107508480549,0.0,PHASE7A_FIXED_bimonthly,PHASE7A_FIXED,bimonthly,after_tax
2014-09-02,TQQQ,SELL,1154.1929151685065,1.7758515871716078,2049.675320304217,1.0248376601521085,321.1310371504703,PHASE7A_FIXED_bimonthly,PHASE7A_FIXED,bimonthly,after_tax
2014-11-03,QLD,BUY,11081.843101808125,4.04958181154028,44876.830263425305,22.438415131712652,0.0,PHASE7A_FIXED_bimonthly,PHASE7A_FIXED,bimonthly,after_tax
2014-11-03,TQQQ,SELL,25425.375864877944,1.8354688347277577,46667.48501122277,23.333742505611387,8589.134088900517,PHASE7A_FIXED_bimonthly,PHASE7A_FIXED,bimonthly,after_tax
2015-03-02,QLD,SELL,12319.813729450632,4.624734788922491,56975.87114763528,28.487935573817637,26640.263867034766,PHASE7A_FIXED_bimonthly,PHASE7A_FIXED,bimonthly,after_tax
2015-03-02,TQQQ,BUY,23236.848320257985,2.216723114432778,51509.65877808434,25.754829389042172,0.0,PHASE7A_FIXED_bimonthly,PHASE7A_FIXED,bimonthly,after_tax
2015-05-01,QLD,SELL,99.67198618085887,4.574943394635047,455.9936948082759,0.22799684740413795,210.5695572661501,PHASE7A_FIXED_bimonthly,PHASE7A_FIXED,bimonthly,after_tax
2015-05-01,TQQQ,BUY,190.20576639192646,2.170187104112651,412.78210135162226,0.20639105067581112,0.0,PHASE7A_FIXED_bimonthly,PHASE7A_FIXED,bimonthly,after_tax
2015-07-01,QLD,SELL,42.8368548767003,4.583240198286429,196.33159523905488,0.09816579761952744,90.85345360541781,PHASE7A_FIXED_bimonthly,PHASE7A_FIXED,bimonthly,after_tax
2015-07-01,TQQQ,BUY,82.09396638026062,2.1644429465767585,177.68770648826467,0.08884385324413234,0.0,PHASE7A_FIXED_bimonthly,PHASE7A_FIXED,bimonthly,after_tax
2015-09-01,QLD,SELL,44408.93994814791,4.004880768822511,177852.50956213134,88.92625478106567,68516.23001521092,PHASE7A_FIXED_bimonthly,PHASE7A_FIXED,bimonthly,after_tax
2015-09-01,TQQQ,SELL,23509.14805303017,1.7390822165955957,40884.341306337745,20.442170653168873,-11262.279514532618,PHASE7A_FIXED_bimonthly,PHASE7A_FIXED,bimonthly,after_tax
2015-11-02,QLD,BUY,33258.51663200103,4.976599485541127,165514.31676067735,82.75715838033868,0.0,PHASE7A_FIXED_bimonthly,PHASE7A_FIXED,bimonthly,after_tax
2015-11-02,TQQQ,BUY,17326.857734475732,2.3881179048314816,41378.57919016934,20.68928959508467,0.0,PHASE7A_FIXED_bimonthly,PHASE7A_FIXED,bimonthly,after_tax
2016-01-04,QLD,BUY,7942.0398600393855,4.603803108263218,36563.5877935997,18.28179389679985,0.0,PHASE7A_FIXED_bimonthly,PHASE7A_FIXED,bimonthly,after_tax
2016-01-04,TQQQ,SELL,17326.857734475732,2.112337403192748,36600.16967233265,18.300084836166327,-4817.3988922679355,PHASE7A_FIXED_bimonthly,PHASE7A_FIXED,bimonthly,after_tax
2016-03-01,QLD,SELL,41200.556492040414,4.061998270463953,167356.58921282055,83.67829460641028,-34906.032588340095,PHASE7A_FIXED_bimonthly,PHASE7A_FIXED,bimonthly,after_tax
2016-07-01,QLD,BUY,38193.050905214084,4.377479994332151,167189.3162600841,83.59465813004205,0.0,PHASE7A_FIXED_bimonthly,PHASE7A_FIXED,bimonthly,after_tax
2016-09-01,QLD,SELL,7644.7229030042345,5.120801325119029,39147.107171871874,19.573553585935937,5646.179737387039,PHASE7A_FIXED_bimonthly,PHASE7A_FIXED,bimonthly,after_tax
2016-09-01,TQQQ,BUY,16230.644742912855,2.409514855874614,39107.97962847173,19.553989814235866,0.0,PHASE7A_FIXED_bimonthly,PHASE7A_FIXED,bimonthly,after_tax
2016-11-01,QLD,BUY,19.732599254394493,5.18110601949187,102.23668877716409,0.051118344388582045,0.0,PHASE7A_FIXED_bimonthly,PHASE7A_FIXED,bimonthly,after_tax
2016-11-01,TQQQ,SELL,41.84324853346431,2.44577034997658,102.33897660984803,0.051169488304924016,1.4154671976274615,PHASE7A_FIXED_bimonthly,PHASE7A_FIXED,bimonthly,after_tax
2017-01-03,QLD,BUY,75.11251625668392,5.3735643682520084,403.62194096666644,0.2018109704833332,0.0,PHASE7A_FIXED_bimonthly,PHASE7A_FIXED,bimonthly,after_tax
2017-01-03,TQQQ,SELL,157.34245131477303,2.5678115565344943,404.0257648195402,0.2020128824097701,24.515218547505253,PHASE7A_FIXED_bimonthly,PHASE7A_FIXED,bimonthly,after_tax
2017-03-01,QLD,BUY,576.9886775475491,6.438177916547774,3714.755761884735,1.8573778809423676,0.0,PHASE7A_FIXED_bimonthly,PHASE7A_FIXED,bimonthly,after_tax
2017-03-01,TQQQ,SELL,1104.575892529183,3.3664254317910975,3718.472375953592,1.859236187976796,1053.790371264342,PHASE7A_FIXED_bimonthly,PHASE7A_FIXED,bimonthly,after_tax
2017-05-01,QLD,BUY,256.42717325680144,7.002870669988695,1795.7263305881643,0.8978631652940822,0.0,PHASE7A_FIXED_bimonthly,PHASE7A_FIXED,bimonthly,after_tax
2017-05-01,TQQQ,SELL,471.51953305631633,3.8121919225269503,1797.5229552309684,0.8987614776154842,659.9228073592303,PHASE7A_FIXED_bimonthly,PHASE7A_FIXED,bimonthly,after_tax
2017-07-03,QLD,BUY,7924.9204811248255,7.176964264944985,56876.87109556349,28.438435547781744,0.0,PHASE7A_FIXED_bimonthly,PHASE7A_FIXED,bimonthly,after_tax
2017-07-03,TQQQ,SELL,14455.363617479115,3.938591786821451,56933.776419320864,28.466888209660432,22057.480941034173,PHASE7A_FIXED_bimonthly,PHASE7A_FIXED,bimonthly,after_tax
2017-11-01,QLD,SELL,8266.084490035704,8.696363646037577,71884.87665422156,35.94243832711078,30579.630570595396,PHASE7A_FIXED_bimonthly,PHASE7A_FIXED,bimonthly,after_tax
2017-11-01,TQQQ,BUY,12983.38901170785,5.213680678414505,67691.24443068041,33.84562221534021,0.0,PHASE7A_FIXED_bimonthly,PHASE7A_FIXED,bimonthly,after_tax
2018-01-02,QLD,BUY,128.062314191215,9.122560569007376,1168.2562178166118,0.5841281089083059,0.0,PHASE7A_FIXED_bimonthly,PHASE7A_FIXED,bimonthly,after_tax
2018-01-02,TQQQ,SELL,212.27500566561827,5.582971386026868,1185.125282599838,0.5925626412999191,77.2452573616,PHASE7A_FIXED_bimonthly,PHASE7A_FIXED,bimonthly,after_tax
2018-03-01,QLD,BUY,7833.577170223151,10.293983393234878,80638.71329990099,40.3193566499505,0.0,PHASE7A_FIXED_bimonthly,PHASE7A_FIXED,bimonthly,after_tax
2018-03-01,TQQQ,SELL,12771.114006042231,6.60130152462504,84305.97435924679,42.152987179623395,17646.018781768344,PHASE7A_FIXED_bimonthly,PHASE7A_FIXED,bimonthly,after_tax
2018-07-02,QLD,SELL,8398.784340085926,10.468897923895538,87926.0159411719,43.963007970585956,36906.672784951064,PHASE7A_FIXED_bimonthly,PHASE7A_FIXED,bimonthly,after_tax
2018-07-02,TQQQ,BUY,12143.27980536019,6.6163583067869185,80344.29021183272,40.17214510591636,0.0,PHASE7A_FIXED_bimonthly,PHASE7A_FIXED,bimonthly,after_tax
2018-09-04,QLD,BUY,496.25886539202645,12.43604493020413,6171.497547027364,3.085748773513682,0.0,PHASE7A_FIXED_bimonthly,PHASE7A_FIXED,bimonthly,after_tax
2018-09-04,TQQQ,SELL,759.4682868028191,8.519481536725536,6470.276047145191,3.2351380235725955,1439.6141438384925,PHASE7A_FIXED_bimonthly,PHASE7A_FIXED,bimonthly,after_tax
2018-11-01,QLD,SELL,31194.538969334862,10.25087243510065,319771.2396464278,159.88561982321391,127117.3660608722,PHASE7A_FIXED_bimonthly,PHASE7A_FIXED,bimonthly,after_tax
2018-11-01,TQQQ,SELL,11383.81151855737,6.260934070209453,71273.29338537865,35.636646692689325,-4119.378852969547,PHASE7A_FIXED_bimonthly,PHASE7A_FIXED,bimonthly,after_tax
2019-03-01,QLD,BUY,27977.608136622133,10.456337176880792,292543.3040791646,146.27165203958228,0.0,PHASE7A_FIXED_bimonthly,PHASE7A_FIXED,bimonthly,after_tax
2019-03-01,TQQQ,BUY,11788.635910747678,6.203926100823365,73135.82601979114,36.56791300989557,0.0,PHASE7A_FIXED_bimonthly,PHASE7A_FIXED,bimonthly,after_tax
2019-05-01,QLD,BUY,458.8502503161344,12.449621319518682,5712.511858802231,2.856255929401115,0.0,PHASE7A_FIXED_bimonthly,PHASE7A_FIXED,bimonthly,after_tax
2019-05-01,TQQQ,SELL,747.5611697082597,8.01604795930184,5992.486188893192,2.996243094446596,1349.3567859572695,PHASE7A_FIXED_bimonthly,PHASE7A_FIXED,bimonthly,after_tax
2019-07-01,QLD,BUY,6693.245634928638,12.289499635113815,82256.63978818263,41.12831989409131,0.0,PHASE7A_FIXED_bimonthly,PHASE7A_FIXED,bimonthly,after_tax
2019-07-01,TQQQ,SELL,11041.074741039418,7.7755193163055765,85850.08992172558,42.92504496086279,17274.904103805155,PHASE7A_FIXED_bimonthly,PHASE7A_FIXED,bimonthly,after_tax
2019-11-01,QLD,SELL,7230.933333999951,13.05828859719205,94423.61430242745,47.211807151213726,16014.343751515837,PHASE7A_FIXED_bimonthly,PHASE7A_FIXED,bimonthly,after_tax
2019-11-01,TQQQ,BUY,10894.221112266998,8.360170851012747,91077.54978726222,45.538774893631114,0.0,PHASE7A_FIXED_bimonthly,PHASE7A_FIXED,bimonthly,after_tax
2020-01-02,QLD,BUY,425.3095191972755,15.296928478401773,6505.929296344169,3.252964648172085,0.0,PHASE7A_FIXED_bimonthly,PHASE7A_FIXED,bimonthly,after_tax
2020-01-02,TQQQ,SELL,643.5045463013614,10.566857115689889,6799.820594063334,3.399910297031667,1413.922829308237,PHASE7A_FIXED_bimonthly,PHASE7A_FIXED,bimonthly,after_tax
2020-03-02,QLD,BUY,6597.917501353247,14.316721041659457,94460.54432275723,47.230272161378615,0.0,PHASE7A_FIXED_bimonthly,PHASE7A_FIXED,bimonthly,after_tax
2020-03-02,TQQQ,SELL,10250.716565965637,9.4423923585811,96791.28777245463,48.39564388622731,11002.301420870614,PHASE7A_FIXED_bimonthly,PHASE7A_FIXED,bimonthly,after_tax
2021-01-04,QLD,SELL,7741.349091986549,28.69823650064393,222163.06707587512,111.08153353793756,132637.5111900033,PHASE7A_FIXED_bimonthly,PHASE7A_FIXED,bimonthly,after_tax
2021-01-04,TQQQ,BUY,8893.550490443804,21.9270324903814,195009.17055880872,97.50458527940437,0.0,PHASE7A_FIXED_bimonthly,PHASE7A_FIXED,bimonthly,after_tax
2021-03-01,QLD,BUY,6750.578726993229,29.194566747596696,197080.22123011015,98.54011061505508,0.0,PHASE7A_FIXED_bimonthly,PHASE7A_FIXED,bimonthly,after_tax
2021-03-01,TQQQ,SELL,8893.550490443804,22.24150241566246,197805.92471702193,98.90296235851096,2600.3466105752773,PHASE7A_FIXED_bimonthly,PHASE7A_FIXED,bimonthly,after_tax
2021-07-01,QLD,SELL,7490.314025069623,35.380169199382266,265008.5775634693,132.50428878173466,152045.9809447125,PHASE7A_FIXED_bimonthly,PHASE7A_FIXED,bimonthly,after_tax
2021-07-01,TQQQ,BUY,8041.342978576333,29.083574394286202,233870.99674739578,116.9354983736979,0.0,PHASE7A_FIXED_bimonthly,PHASE7A_FIXED,bimonthly,after_tax
2021-09-01,QLD,BUY,363.7348562935935,40.812638121887815,14844.9790622273,7.42248953111365,0.0,PHASE7A_FIXED_bimonthly,PHASE7A_FIXED,bimonthly,after_tax
2021-09-01,TQQQ,SELL,430.1302571302722,35.93278909594681,15455.779813247442,7.727889906623721,2932.0717281928532,PHASE7A_FIXED_bimonthly,PHASE7A_FIXED,bimonthly,after_tax
2021-11-01,QLD,BUY,6448.254535019358,41.84974474569556,269857.80634583393,134.92890317291696,0.0,PHASE7A_FIXED_bimonthly,PHASE7A_FIXED,bimonthly,after_tax
2021-11-01,TQQQ,SELL,7611.212721446061,37.11681050469281,282503.9402928207,141.25197014641034,60890.73627205276,PHASE7A_FIXED_bimonthly,PHASE7A_FIXED,bimonthly,after_tax
2022-03-01,QLD,SELL,33252.90270966748,32.654064465527455,1085842.4287473946,542.9212143736974,402162.56600767624,PHASE7A_FIXED_bimonthly,PHASE7A_FIXED,bimonthly,after_tax
2023-03-01,QQQ,BUY,3490.403907557597,287.38755155531885,1003098.6329320953,501.5493164660477,0.0,PHASE7A_FIXED_bimonthly,PHASE7A_FIXED,bimonthly,after_tax
2023-05-01,QQQ,SELL,3490.4039075575974,316.12889554696204,1103417.5323089838,551.708766154492,99265.64129426777,PHASE7A_FIXED_bimonthly,PHASE7A_FIXED,bimonthly,after_tax
2023-05-01,QLD,BUY,44048.49305623983,24.56744496724792,1082158.929049374,541.0794645246871,0.0,PHASE7A_FIXED_bimonthly,PHASE7A_FIXED,bimonthly,after_tax
2024-01-02,QLD,SELL,9328.048366816933,37.11095030410107,346172.7393751943,173.08636968759714,116718.75494445309,PHASE7A_FIXED_bimonthly,PHASE7A_FIXED,bimonthly,after_tax
2024-01-02,TQQQ,BUY,13400.883106649359,24.037757197623048,322127.1743513657,161.06358717568287,0.0,PHASE7A_FIXED_bimonthly,PHASE7A_FIXED,bimonthly,after_tax
2024-03-01,QLD,BUY,8877.779052417107,42.92817564592639,381106.85850788746,190.55342925394373,0.0,PHASE7A_FIXED_bimonthly,PHASE7A_FIXED,bimonthly,after_tax
2024-03-01,TQQQ,SELL,13400.883106649359,29.59055429036813,396539.5591061849,198.26977955309246,74053.05138809048,PHASE7A_FIXED_bimonthly,PHASE7A_FIXED,bimonthly,after_tax
2024-07-01,QLD,SELL,9386.07161991755,49.91913156297313,468544.54405415244,234.27227202707624,202493.53167658363,PHASE7A_FIXED_bimonthly,PHASE7A_FIXED,bimonthly,after_tax
2024-07-01,TQQQ,BUY,11732.45409830179,36.39138300728357,426960.2307066743,213.48011535333714,0.0,PHASE7A_FIXED_bimonthly,PHASE7A_FIXED,bimonthly,after_tax
2024-09-03,QLD,BUY,8157.231078206147,47.42392159801931,386847.88710977486,193.42394355488744,0.0,PHASE7A_FIXED_bimonthly,PHASE7A_FIXED,bimonthly,after_tax
2024-09-03,TQQQ,SELL,11732.45409830179,33.0054501192243,387234.9285175885,193.61746425879423,-40132.39976869797,PHASE7A_FIXED_bimonthly,PHASE7A_FIXED,bimonthly,after_tax
2025-05-01,QLD,SELL,42369.3832001286,45.64644299625848,1934011.6350313018,967.0058175156508,577103.5358760115,PHASE7A_FIXED_bimonthly,PHASE7A_FIXED,bimonthly,after_tax
2025-07-01,QLD,BUY,24999.911991330217,58.337722783542695,1458437.935363187,729.2189676815935,0.0,PHASE7A_FIXED_bimonthly,PHASE7A_FIXED,bimonthly,after_tax
2025-07-01,TQQQ,BUY,8937.574242128574,40.79512784600504,364609.48384079675,182.30474192039838,0.0,PHASE7A_FIXED_bimonthly,PHASE7A_FIXED,bimonthly,after_tax
2025-09-02,QLD,BUY,33.64024869695292,60.05515345622622,2020.270297801122,1.010135148900561,0.0,PHASE7A_FIXED_bimonthly,PHASE7A_FIXED,bimonthly,after_tax
2025-09-02,TQQQ,SELL,48.16468683073367,42.280474647309575,2036.4258204424405,1.0182129102212203,69.54060833118272,PHASE7A_FIXED_bimonthly,PHASE7A_FIXED,bimonthly,after_tax
2025-11-03,QLD,BUY,6521.078726160112,76.0491164486137,495922.2754163279,247.96113770816393,0.0,PHASE7A_FIXED_bimonthly,PHASE7A_FIXED,bimonthly,after_tax
2025-11-03,TQQQ,SELL,8889.40955529784,59.669928095277676,530430.4289740964,265.21521448704823,167339.2921760933,PHASE7A_FIXED_bimonthly,PHASE7A_FIXED,bimonthly,after_tax
2026-01-02,QLD,SELL,6456.327101510685,71.64717189062932,462577.57762406464,231.28878881203232,61855.22143699648,PHASE7A_FIXED_bimonthly,PHASE7A_FIXED,bimonthly,after_tax
2026-01-02,TQQQ,BUY,8331.83910185318,53.95634952779414,449555.6227889326,224.77781139446628,0.0,PHASE7A_FIXED_bimonthly,PHASE7A_FIXED,bimonthly,after_tax
2026-03-02,QLD,BUY,5961.562793928053,66.00212621228486,393475.81994730094,196.7379099736505,0.0,PHASE7A_FIXED_bimonthly,PHASE7A_FIXED,bimonthly,after_tax
2026-03-02,TQQQ,SELL,8331.83910185318,47.272815495917484,393869.4926035762,196.93474630178812,-56107.842743052606,PHASE7A_FIXED_bimonthly,PHASE7A_FIXED,bimonthly,after_tax
2014-01-02,QLD,BUY,26428.54282529203,3.0255175443681113,79960.019990005,39.980009995002504,0.0,MODEL_B_FOUR_STATE_bimonthly,MODEL_B_FOUR_STATE,bimonthly,pre_tax
2014-01-02,TQQQ,BUY,16492.65847234007,1.2120547473305532,19990.00499750125,9.995002498750626,0.0,MODEL_B_FOUR_STATE_bimonthly,MODEL_B_FOUR_STATE,bimonthly,pre_tax
2014-03-03,QLD,BUY,96.50450692961826,3.1671084273014936,305.64023716936936,0.1528201185846847,0.0,MODEL_B_FOUR_STATE_bimonthly,MODEL_B_FOUR_STATE,bimonthly,pre_tax
2014-03-03,TQQQ,SELL,236.80748423456583,1.2919609838008337,305.9460303030901,0.15297301515154504,18.6259100002929,MODEL_B_FOUR_STATE_bimonthly,MODEL_B_FOUR_STATE,bimonthly,pre_tax
2014-05-01,QLD,BUY,6434.803554630785,3.0221468392757944,19446.921223988073,9.723460611994037,0.0,MODEL_B_FOUR_STATE_bimonthly,MODEL_B_FOUR_STATE,bimonthly,pre_tax
2014-05-01,TQQQ,SELL,16255.850988105505,1.1974997733296449,19466.377873536825,9.733188936768412,-256.1881681123023,MODEL_B_FOUR_STATE_bimonthly,MODEL_B_FOUR_STATE,bimonthly,pre_tax
2014-07-01,QLD,SELL,6597.245336059987,3.5120735344421106,23170.010744997926,11.585005372498964,3189.971411175106,MODEL_B_FOUR_STATE_bimonthly,MODEL_B_FOUR_STATE,bimonthly,pre_tax
2014-07-01,TQQQ,BUY,15472.642571322518,1.4959857184557348,23146.852313468706,11.573426156734353,0.0,MODEL_B_FOUR_STATE_bimonthly,MODEL_B_FOUR_STATE,bimonthly,pre_tax
2014-09-02,QLD,BUY,300.27962076743364,3.944290594561665,1184.390083931532,0.592195041965766,0.0,MODEL_B_FOUR_STATE_bimonthly,MODEL_B_FOUR_STATE,bimonthly,pre_tax
2014-09-02,TQQQ,SELL,667.6093177330289,1.7758515871716078,1185.5750665067535,0.5927875332533767,185.74890713449366,MODEL_B_FOUR_STATE_bimonthly,MODEL_B_FOUR_STATE,bimonthly,pre_tax
2014-11-03,QLD,BUY,6703.659242017008,4.04958181154028,27147.016537235977,13.573508268617989,0.0,MODEL_B_FOUR_STATE_bimonthly,MODEL_B_FOUR_STATE,bimonthly,pre_tax
2014-11-03,TQQQ,SELL,14805.033253589489,1.8354688347277577,27174.1771340716,13.587088567035801,5001.3976777181315,MODEL_B_FOUR_STATE_bimonthly,MODEL_B_FOUR_STATE,bimonthly,pre_tax
2015-01-02,QLD,SELL,6678.6491318963035,4.241721149436689,28328.96727243153,14.164483636215767,6669.584120037738,MODEL_B_FOUR_STATE_bimonthly,MODEL_B_FOUR_STATE,bimonthly,pre_tax
2015-01-02,TQQQ,BUY,14452.354096917225,1.958203644387646,28300.652462564038,14.150326231282019,0.0,MODEL_B_FOUR_STATE_bimonthly,MODEL_B_FOUR_STATE,bimonthly,pre_tax
2015-03-02,QLD,BUY,204.08757298554372,4.624734788922491,943.850898773002,0.471925449386501,0.0,MODEL_B_FOUR_STATE_bimonthly,MODEL_B_FOUR_STATE,bimonthly,pre_tax
2015-03-02,TQQQ,SELL,426.2125547759381,2.216723114432778,944.7952218332684,0.47239761091663424,109.29454068731751,MODEL_B_FOUR_STATE_bimonthly,MODEL_B_FOUR_STATE,bimonthly,pre_tax
2015-05-01,QLD,SELL,55.64707839910108,4.574943394635047,254.5822337527061,0.12729111687635306,73.51975505612249,MODEL_B_FOUR_STATE_bimonthly,MODEL_B_FOUR_STATE,bimonthly,pre_tax
2015-05-01,TQQQ,BUY,117.19163673239817,2.170187104112651,254.32777874650492,0.12716388937325246,0.0,MODEL_B_FOUR_STATE_bimonthly,MODEL_B_FOUR_STATE,bimonthly,pre_tax
2015-07-01,QLD,SELL,23.915838988117688,4.583240198286429,109.61203462608682,0.054806017313043416,31.795431620864868,MODEL_B_FOUR_STATE_bimonthly,MODEL_B_FOUR_STATE,bimonthly,pre_tax
2015-07-01,TQQQ,BUY,50.59152866251105,2.1644429465767585,109.50247737010795,0.05475123868505398,0.0,MODEL_B_FOUR_STATE_bimonthly,MODEL_B_FOUR_STATE,bimonthly,pre_tax
2015-09-01,QLD,SELL,26812.419937278904,4.004880768822511,107380.54497240158,53.69027248620079,20146.891791102385,MODEL_B_FOUR_STATE_bimonthly,MODEL_B_FOUR_STATE,bimonthly,pre_tax
2015-09-01,TQQQ,SELL,14193.924707536195,1.7390822165955957,24684.402042573038,12.342201021286519,-3171.726834953208,MODEL_B_FOUR_STATE_bimonthly,MODEL_B_FOUR_STATE,bimonthly,pre_tax
2015-11-02,QLD,BUY,21208.529792401056,4.976599485541127,105546.35845394676,52.773179226973376,0.0,MODEL_B_FOUR_STATE_bimonthly,MODEL_B_FOUR_STATE,bimonthly,pre_tax
2015-11-02,TQQQ,BUY,11049.115104452378,2.3881179048314816,26386.58961348669,13.193294806743344,0.0,MODEL_B_FOUR_STATE_bimonthly,MODEL_B_FOUR_STATE,bimonthly,pre_tax
2016-01-04,QLD,SELL,21208.529792401056,4.603803108263218,97639.89537994904,48.81994768997452,-8008.056200914658,MODEL_B_FOUR_STATE_bimonthly,MODEL_B_FOUR_STATE,bimonthly,pre_tax
2016-01-04,TQQQ,SELL,11049.115104452378,2.112337403192748,23339.459107316707,11.669729553658353,-3071.9935305303843,MODEL_B_FOUR_STATE_bimonthly,MODEL_B_FOUR_STATE,bimonthly,pre_tax
2018-01-02,QLD,BUY,10598.641438705325,9.122560569007376,96686.74847378081,48.343374236890405,0.0,MODEL_B_FOUR_STATE_bimonthly,MODEL_B_FOUR_STATE,bimonthly,pre_tax
2018-01-02,TQQQ,BUY,4329.538062642128,5.582971386026868,24171.687118445203,12.085843559222601,0.0,MODEL_B_FOUR_STATE_bimonthly,MODEL_B_FOUR_STATE,bimonthly,pre_tax
2018-03-01,QLD,BUY,2773.660964864533,10.293983393234878,28552.01991077933,14.276009955389666,0.0,MODEL_B_FOUR_STATE_bimonthly,MODEL_B_FOUR_STATE,bimonthly,pre_tax
2018-03-01,TQQQ,SELL,4329.538062642128,6.60130152462504,28580.586213841623,14.290293106920812,4382.5229587302765,MODEL_B_FOUR_STATE_bimonthly,MODEL_B_FOUR_STATE,bimonthly,pre_tax
2018-09-04,QLD,SELL,2676.6006911616746,12.43604493020413,33286.326455502014,16.643163227751007,8189.351500209306,MODEL_B_FOUR_STATE_bimonthly,MODEL_B_FOUR_STATE,bimonthly,pre_tax
2018-09-04,TQQQ,BUY,3903.178452884255,8.519481536725536,33253.05676389235,16.626528381946176,0.0,MODEL_B_FOUR_STATE_bimonthly,MODEL_B_FOUR_STATE,bimonthly,pre_tax
2018-11-01,QLD,SELL,10695.701712408183,10.25087243510065,109640.27385778386,54.820136928891934,9364.397744167505,MODEL_B_FOUR_STATE_bimonthly,MODEL_B_FOUR_STATE,bimonthly,pre_tax
2018-11-01,TQQQ,SELL,3903.1784528842554,6.260934070209453,24437.542957770456,12.218771478885229,-8844.359105982732,MODEL_B_FOUR_STATE_bimonthly,MODEL_B_FOUR_STATE,bimonthly,pre_tax
2019-03-01,QLD,BUY,10247.856681614852,10.456337176880792,107155.0448033156,53.5775224016578,0.0,MODEL_B_FOUR_STATE_bimonthly,MODEL_B_FOUR_STATE,bimonthly,pre_tax
2019-03-01,TQQQ,BUY,4318.033575105542,6.203926100823365,26788.7612008289,13.39438060041445,0.0,MODEL_B_FOUR_STATE_bimonthly,MODEL_B_FOUR_STATE,bimonthly,pre_tax
2019-05-01,QLD,BUY,174.5213988623691,12.449621319518682,2172.725327989174,1.086362663994587,0.0,MODEL_B_FOUR_STATE_bimonthly,MODEL_B_FOUR_STATE,bimonthly,pre_tax
2019-05-01,TQQQ,SELL,271.3181297399165,8.01604795930184,2174.8991402232496,1.087449570111625,489.7324451197299,MODEL_B_FOUR_STATE_bimonthly,MODEL_B_FOUR_STATE,bimonthly,pre_tax
2019-07-01,QLD,BUY,2557.7822903302504,12.289499635113815,31433.86452371419,15.716932261857096,0.0,MODEL_B_FOUR_STATE_bimonthly,MODEL_B_FOUR_STATE,bimonthly,pre_tax
2019-07-01,TQQQ,SELL,4046.7154453656253,7.7755193163055765,31465.314113032542,15.732657056516272,6331.505120080122,MODEL_B_FOUR_STATE_bimonthly,MODEL_B_FOUR_STATE,bimonthly,pre_tax
2020-01-02,QLD,SELL,2598.1095230554915,15.296928478401773,39743.095553234394,19.8715477766172,11534.28102654758,MODEL_B_FOUR_STATE_bimonthly,MODEL_B_FOUR_STATE,bimonthly,pre_tax
2020-01-02,TQQQ,BUY,3757.34921789997,10.566857115689889,39703.372319298134,19.851686159649066,0.0,MODEL_B_FOUR_STATE_bimonthly,MODEL_B_FOUR_STATE,bimonthly,pre_tax
2020-03-02,QLD,BUY,2475.6300556014157,14.316721041659457,35442.904908393364,17.721452454196683,0.0,MODEL_B_FOUR_STATE_bimonthly,MODEL_B_FOUR_STATE,bimonthly,pre_tax
2020-03-02,TQQQ,SELL,3757.34921789997,9.4423923585811,35478.36554361935,17.739182771809677,-4262.597644610244,MODEL_B_FOUR_STATE_bimonthly,MODEL_B_FOUR_STATE,bimonthly,pre_tax
2021-01-04,QLD,SELL,12857.680903353397,28.69823650064393,368992.7674142489,184.49638370712447,220704.57217625793,MODEL_B_FOUR_STATE_bimonthly,MODEL_B_FOUR_STATE,bimonthly,pre_tax
2014-01-02,QLD,BUY,26428.54282529203,3.0255175443681113,79960.019990005,39.980009995002504,0.0,MODEL_B_FOUR_STATE_bimonthly,MODEL_B_FOUR_STATE,bimonthly,after_tax
2014-01-02,TQQQ,BUY,16492.65847234007,1.2120547473305532,19990.00499750125,9.995002498750626,0.0,MODEL_B_FOUR_STATE_bimonthly,MODEL_B_FOUR_STATE,bimonthly,after_tax
2014-03-03,QLD,BUY,95.54663738069627,3.1671084273014936,302.60656044872303,0.1513032802243615,0.0,MODEL_B_FOUR_STATE_bimonthly,MODEL_B_FOUR_STATE,bimonthly,after_tax
2014-03-03,TQQQ,SELL,237.39451371120714,1.2919609838008337,306.70444948325166,0.15335222474162583,18.672082350946354,MODEL_B_FOUR_STATE_bimonthly,MODEL_B_FOUR_STATE,bimonthly,after_tax
2014-05-01,QLD,BUY,6434.571181722981,3.0221468392757944,19446.218958939222,9.723109479469612,0.0,MODEL_B_FOUR_STATE_bimonthly,MODEL_B_FOUR_STATE,bimonthly,after_tax
2014-05-01,TQQQ,SELL,16255.263958628862,1.1974997733296449,19465.67490587161,9.732837452935804,-256.17891667376745,MODEL_B_FOUR_STATE_bimonthly,MODEL_B_FOUR_STATE,bimonthly,after_tax
2014-07-01,QLD,SELL,6735.9130105223185,3.5120735344421106,23657.021814559717,11.82851090727986,3257.049136149488,MODEL_B_FOUR_STATE_bimonthly,MODEL_B_FOUR_STATE,bimonthly,after_tax
2014-07-01,TQQQ,BUY,15390.55768198603,1.4959857184557348,23024.0544913203,11.512027245660152,0.0,MODEL_B_FOUR_STATE_bimonthly,MODEL_B_FOUR_STATE,bimonthly,after_tax
2014-09-02,QLD,BUY,291.027160272027,3.944290594561665,1147.8956910229463,0.5739478455114732,0.0,MODEL_B_FOUR_STATE_bimonthly,MODEL_B_FOUR_STATE,bimonthly,after_tax
2014-09-02,TQQQ,SELL,668.320572994994,1.7758515871716078,1186.8381502925986,0.5934190751462993,185.94679965051247,MODEL_B_FOUR_STATE_bimonthly,MODEL_B_FOUR_STATE,bimonthly,after_tax
2014-11-03,QLD,BUY,6416.798816131854,4.04958181154028,25985.35177412076,12.992675887060381,0.0,MODEL_B_FOUR_STATE_bimonthly,MODEL_B_FOUR_STATE,bimonthly,after_tax
2014-11-03,TQQQ,SELL,14722.237108991038,1.8354688347277577,27022.20739102553,13.511103695512766,4973.427700330998,MODEL_B_FOUR_STATE_bimonthly,MODEL_B_FOUR_STATE,bimonthly,after_tax
2015-01-02,QLD,SELL,6855.440418797231,4.241721149436689,29078.86661311533,14.539433306557665,6889.691194424458,MODEL_B_FOUR_STATE_bimonthly,MODEL_B_FOUR_STATE,bimonthly,after_tax
2015-01-02,TQQQ,BUY,14120.5237067244,1.958203644387646,27650.86098316987,13.825430491584935,0.0,MODEL_B_FOUR_STATE_bimonthly,MODEL_B_FOUR_STATE,bimonthly,after_tax
2015-03-02,QLD,BUY,195.6324902122496,4.624734788922491,904.7483833281294,0.45237419166406473,0.0,MODEL_B_FOUR_STATE_bimonthly,MODEL_B_FOUR_STATE,bimonthly,after_tax
2015-03-02,TQQQ,SELL,418.39248556351936,2.216723114432778,927.4602936536357,0.4637301468268179,107.28922464691223,MODEL_B_FOUR_STATE_bimonthly,MODEL_B_FOUR_STATE,bimonthly,after_tax
2015-05-01,QLD,SELL,57.053304026025096,4.574943394635047,261.0156363959686,0.13050781819798432,75.74867725698887,MODEL_B_FOUR_STATE_bimonthly,MODEL_B_FOUR_STATE,bimonthly,after_tax
2015-05-01,TQQQ,BUY,113.06587219099086,2.170187104112651,245.37409774413754,0.12268704887206877,0.0,MODEL_B_FOUR_STATE_bimonthly,MODEL_B_FOUR_STATE,bimonthly,after_tax
2015-07-01,QLD,SELL,24.52305733384164,4.583240198286429,112.39506215734582,0.05619753107867291,32.76219701990867,MODEL_B_FOUR_STATE_bimonthly,MODEL_B_FOUR_STATE,bimonthly,after_tax
2015-07-01,TQQQ,BUY,48.802584177223444,2.1644429465767585,105.6304090971098,0.0528152045485549,0.0,MODEL_B_FOUR_STATE_bimonthly,MODEL_B_FOUR_STATE,bimonthly,after_tax
2015-09-01,QLD,SELL,26189.189320332425,4.004880768822511,104884.58066005123,52.442290330025614,19848.916862991897,MODEL_B_FOUR_STATE_bimonthly,MODEL_B_FOUR_STATE,bimonthly,after_tax
2015-09-01,TQQQ,SELL,13863.999677529093,1.7390822165955957,24110.63529007792,12.05531764503896,-3097.5791114633457,MODEL_B_FOUR_STATE_bimonthly,MODEL_B_FOUR_STATE,bimonthly,after_tax
2015-11-02,QLD,BUY,20168.784241794405,4.976599485541127,100371.96128170402,50.18598064085201,0.0,MODEL_B_FOUR_STATE_bimonthly,MODEL_B_FOUR_STATE,bimonthly,after_tax
2015-11-02,TQQQ,BUY,10507.433602695886,2.3881179048314816,25092.990320426004,12.546495160213002,0.0,MODEL_B_FOUR_STATE_bimonthly,MODEL_B_FOUR_STATE,bimonthly,after_tax
2016-01-04,QLD,SELL,20168.784241794405,4.603803108263218,92853.11158226329,46.42655579113164,-7615.462235872709,MODEL_B_FOUR_STATE_bimonthly,MODEL_B_FOUR_STATE,bimonthly,after_tax
2016-01-04,TQQQ,SELL,10507.433602695886,2.112337403192748,22195.245010538853,11.097622505269426,-2921.3894275526327,MODEL_B_FOUR_STATE_bimonthly,MODEL_B_FOUR_STATE,bimonthly,after_tax
2018-01-02,QLD,BUY,10079.044352710354,9.122560569007376,91946.69258531195,45.973346292655975,0.0,MODEL_B_FOUR_STATE_bimonthly,MODEL_B_FOUR_STATE,bimonthly,after_tax
2018-01-02,TQQQ,BUY,4117.282994474828,5.582971386026868,22986.673146327987,11.493336573163994,0.0,MODEL_B_FOUR_STATE_bimonthly,MODEL_B_FOUR_STATE,bimonthly,after_tax
2018-03-01,QLD,BUY,2637.682579029294,10.293983393234878,27152.2606651525,13.57613033257625,0.0,MODEL_B_FOUR_STATE_bimonthly,MODEL_B_FOUR_STATE,bimonthly,after_tax
2018-03-01,TQQQ,SELL,4117.282994474828,6.60130152462504,27179.426508739434,13.589713254369718,4167.670312583911,MODEL_B_FOUR_STATE_bimonthly,MODEL_B_FOUR_STATE,bimonthly,after_tax
2018-09-04,QLD,SELL,2564.6989742919563,12.43604493020413,31894.711676743216,15.947355838371609,7846.976002829723,MODEL_B_FOUR_STATE_bimonthly,MODEL_B_FOUR_STATE,bimonthly,after_tax
2018-09-04,TQQQ,BUY,3704.7757914395515,8.519481536725536,31562.768952876995,15.781384476438499,0.0,MODEL_B_FOUR_STATE_bimonthly,MODEL_B_FOUR_STATE,bimonthly,after_tax
2018-11-01,QLD,SELL,10152.027957447694,10.25087243510065,104067.14354937171,52.03357177468586,8888.39556858247,MODEL_B_FOUR_STATE_bimonthly,MODEL_B_FOUR_STATE,bimonthly,after_tax
2018-11-01,TQQQ,SELL,3704.7757914395515,6.260934070209453,23195.35697511108,11.597678487555541,-8394.79104072991,MODEL_B_FOUR_STATE_bimonthly,MODEL_B_FOUR_STATE,bimonthly,after_tax
2019-03-01,QLD,BUY,9719.27923344145,10.456337176880792,101628.06078111927,50.81403039055964,0.0,MODEL_B_FOUR_STATE_bimonthly,MODEL_B_FOUR_STATE,bimonthly,after_tax
2019-03-01,TQQQ,BUY,4095.312352593607,6.203926100823365,25407.01519527982,12.70350759763991,0.0,MODEL_B_FOUR_STATE_bimonthly,MODEL_B_FOUR_STATE,bimonthly,after_tax
2019-05-01,QLD,BUY,159.40225080640104,12.449621319518682,1984.4976600186346,0.9922488300093173,0.0,MODEL_B_FOUR_STATE_bimonthly,MODEL_B_FOUR_STATE,bimonthly,after_tax
2019-05-01,TQQQ,SELL,259.6989605756159,8.01604795930184,2081.759322954975,1.0408796614774873,468.7597068417999,MODEL_B_FOUR_STATE_bimonthly,MODEL_B_FOUR_STATE,bimonthly,after_tax
2019-07-01,QLD,BUY,2325.199601989238,12.289499635113815,28575.53966021353,14.287769830106765,0.0,MODEL_B_FOUR_STATE_bimonthly,MODEL_B_FOUR_STATE,bimonthly,after_tax
2019-07-01,TQQQ,SELL,3835.6133920179914,7.7755193163055765,29823.886019516245,14.911943009758122,6001.214110080725,MODEL_B_FOUR_STATE_bimonthly,MODEL_B_FOUR_STATE,bimonthly,after_tax
2020-01-02,QLD,SELL,2564.050447251297,15.296928478401773,39222.09630661717,19.611048153308584,11415.716595458412,MODEL_B_FOUR_STATE_bimonthly,MODEL_B_FOUR_STATE,bimonthly,after_tax
2020-01-02,TQQQ,BUY,3488.7336464860573,10.566857115689889,36864.949957117926,18.432474978558965,0.0,MODEL_B_FOUR_STATE_bimonthly,MODEL_B_FOUR_STATE,bimonthly,after_tax
2020-03-02,QLD,BUY,2298.6454998867616,14.316721041659457,32909.06639554462,16.45453319777231,0.0,MODEL_B_FOUR_STATE_bimonthly,MODEL_B_FOUR_STATE,bimonthly,after_tax
2020-03-02,TQQQ,SELL,3488.7336464860578,9.4423923585811,32941.99192470473,16.470995962352365,-3957.861503354114,MODEL_B_FOUR_STATE_bimonthly,MODEL_B_FOUR_STATE,bimonthly,after_tax
2021-01-04,QLD,SELL,11938.476138872553,28.69823650064393,342613.2116906589,171.30660584532944,205048.96066867444,MODEL_B_FOUR_STATE_bimonthly,MODEL_B_FOUR_STATE,bimonthly,after_tax
2013-01-02,RISK,BUY,56792.19162693324,1.7599254778557578,99950.02498750626,49.97501249375313,0.0,FIXED_QLD_MA200_quarterly,FIXED_QLD_MA200,quarterly,pre_tax
2015-10-01,RISK,SELL,56792.19162693324,4.0128714863326636,227899.76642606105,113.94988321303053,127785.816542848,FIXED_QLD_MA200_quarterly,FIXED_QLD_MA200,quarterly,pre_tax
2016-01-04,RISK,BUY,49453.02290272376,4.603803108263218,227671.98055257174,113.83599027628587,0.0,FIXED_QLD_MA200_quarterly,FIXED_QLD_MA200,quarterly,pre_tax
2019-01-02,RISK,SELL,49453.02290272376,7.930691094749013,392196.64834305027,196.09832417152515,164214.73347603076,FIXED_QLD_MA200_quarterly,FIXED_QLD_MA200,quarterly,pre_tax
2019-04-01,RISK,BUY,34672.94288030056,11.300011338744342,391804.64769503125,195.90232384751562,0.0,FIXED_QLD_MA200_quarterly,FIXED_QLD_MA200,quarterly,pre_tax
2020-04-01,RISK,SELL,34672.94288030056,10.422928032946222,361393.58833182784,180.69679416591393,-30787.658481216873,FIXED_QLD_MA200_quarterly,FIXED_QLD_MA200,quarterly,pre_tax
2020-07-01,RISK,BUY,19752.53417088486,18.277775004796442,361032.37534998695,180.5161876749935,0.0,FIXED_QLD_MA200_quarterly,FIXED_QLD_MA200,quarterly,pre_tax
2022-04-01,RISK,SELL,19752.53417088486,35.6666172610934,704506.0762096192,352.2530381048096,342940.93163385236,FIXED_QLD_MA200_quarterly,FIXED_QLD_MA200,quarterly,pre_tax
2023-04-03,RISK,BUY,29063.774543422544,24.215778344925518,703801.9222104092,351.9009611052046,0.0,FIXED_QLD_MA200_quarterly,FIXED_QLD_MA200,quarterly,pre_tax
2025-04-01,RISK,SELL,29063.774543422544,44.0057077774389,1278971.9694672201,639.48598473361,574178.6603109721,FIXED_QLD_MA200_quarterly,FIXED_QLD_MA200,quarterly,pre_tax
2025-07-01,RISK,BUY,21901.671434878102,58.337722783542695,1277693.6366641545,638.8468183320773,0.0,FIXED_QLD_MA200_quarterly,FIXED_QLD_MA200,quarterly,pre_tax
2026-04-01,RISK,SELL,21901.671434878102,61.85860985691658,1354806.948504499,677.4034742522495,75797.06154776015,FIXED_QLD_MA200_quarterly,FIXED_QLD_MA200,quarterly,pre_tax
2026-07-01,RISK,BUY,14257.37716496292,94.93000030517578,1353452.8186209362,676.7264093104682,0.0,FIXED_QLD_MA200_quarterly,FIXED_QLD_MA200,quarterly,pre_tax
2013-01-02,RISK,BUY,56792.19162693324,1.7599254778557578,99950.02498750626,49.97501249375313,0.0,FIXED_QLD_MA200_quarterly,FIXED_QLD_MA200,quarterly,after_tax
2015-10-01,RISK,SELL,56792.19162693324,4.0128714863326636,227899.76642606105,113.94988321303053,127785.816542848,FIXED_QLD_MA200_quarterly,FIXED_QLD_MA200,quarterly,after_tax
2016-01-04,RISK,BUY,43817.09220306544,4.603803108263218,201725.26527952868,100.86263263976434,0.0,FIXED_QLD_MA200_quarterly,FIXED_QLD_MA200,quarterly,after_tax
2019-01-02,RISK,SELL,43817.09220306544,7.930691094749013,347499.8229326475,173.74991146632374,145499.94510901268,FIXED_QLD_MA200_quarterly,FIXED_QLD_MA200,quarterly,after_tax
2019-04-01,RISK,BUY,28106.958937815583,11.300011338744342,317608.95469493774,158.80447734746886,0.0,FIXED_QLD_MA200_quarterly,FIXED_QLD_MA200,quarterly,after_tax
2020-04-01,RISK,SELL,28106.958937815583,10.422928032946222,292956.8102338264,146.4784051169132,-24957.42734357575,FIXED_QLD_MA200_quarterly,FIXED_QLD_MA200,quarterly,after_tax
2020-07-01,RISK,BUY,16012.01457792288,18.277775004796442,292663.9998287951,146.33199991439756,0.0,FIXED_QLD_MA200_quarterly,FIXED_QLD_MA200,quarterly,after_tax
2022-04-01,RISK,SELL,16012.01457792288,35.6666172610934,571094.3955298234,285.5471977649117,277998.51650334906,FIXED_QLD_MA200_quarterly,FIXED_QLD_MA200,quarterly,after_tax
2023-04-03,RISK,BUY,21438.252848416032,24.215778344925518,519143.9790797107,259.5719895398554,0.0,FIXED_QLD_MA200_quarterly,FIXED_QLD_MA200,quarterly,after_tax
2025-04-01,RISK,SELL,21438.252848416032,44.0057077774389,943405.490106243,471.70274505312153,423530.2362919394,FIXED_QLD_MA200_quarterly,FIXED_QLD_MA200,quarterly,after_tax
2025-07-01,RISK,BUY,14681.159056254975,58.337722783542695,856465.3871649001,428.23269358245005,0.0,FIXED_QLD_MA200_quarterly,FIXED_QLD_MA200,quarterly,after_tax
2026-04-01,RISK,SELL,14681.159056254975,61.85860985691658,908156.0903082142,454.0780451541071,50808.39240457758,FIXED_QLD_MA200_quarterly,FIXED_QLD_MA200,quarterly,after_tax
2026-07-01,RISK,BUY,9448.34950544554,94.93000030517578,896931.8214353526,448.4659107176763,0.0,FIXED_QLD_MA200_quarterly,FIXED_QLD_MA200,quarterly,after_tax
2013-01-02,QLD,BUY,45433.753301546596,1.7599254778557578,79960.019990005,39.980009995002504,0.0,PHASE7A_FIXED_quarterly,PHASE7A_FIXED,quarterly,pre_tax
2013-01-02,TQQQ,BUY,36375.97008540045,0.5495387463363972,19990.00499750125,9.995002498750626,0.0,PHASE7A_FIXED_quarterly,PHASE7A_FIXED,quarterly,pre_tax
2013-04-01,QLD,BUY,270.55080241325254,1.8829799221519419,509.44172886625165,0.2547208644331258,0.0,PHASE7A_FIXED_quarterly,PHASE7A_FIXED,quarterly,pre_tax
2013-04-01,TQQQ,SELL,842.2228504646156,0.6054827711716175,509.9514254433743,0.2549757127216872,46.63094330577065,PHASE7A_FIXED_quarterly,PHASE7A_FIXED,quarterly,pre_tax
2013-07-01,QLD,BUY,281.49207881631423,2.031007298066212,571.7124664237635,0.2858562332118818,0.0,PHASE7A_FIXED_quarterly,PHASE7A_FIXED,quarterly,pre_tax
2013-07-01,TQQQ,SELL,850.0837567461642,0.673209504766815,572.2844648893988,0.2861422324446994,104.61078371275049,PHASE7A_FIXED_quarterly,PHASE7A_FIXED,quarterly,pre_tax
2013-10-01,QLD,BUY,872.6647986757598,2.456699886878909,2143.875512189945,1.0719377560949725,0.0,PHASE7A_FIXED_quarterly,PHASE7A_FIXED,quarterly,pre_tax
2013-10-01,TQQQ,SELL,2406.826022053495,0.8916392130184343,2146.020460176067,1.0730102300880335,821.6419730594787,PHASE7A_FIXED_quarterly,PHASE7A_FIXED,quarterly,pre_tax
2014-01-02,QLD,BUY,971.8874552188643,3.0255175443681113,2940.462546915951,1.4702312734579754,0.0,PHASE7A_FIXED_quarterly,PHASE7A_FIXED,quarterly,pre_tax
2014-01-02,TQQQ,SELL,2428.4418562051133,1.2120547473305532,2943.404480429628,1.471702240214814,1606.7426235330167,PHASE7A_FIXED_quarterly,PHASE7A_FIXED,quarterly,pre_tax
2014-04-01,QLD,BUY,29.70173727637867,3.07700436035229,91.39237510945532,0.04569618755472766,0.0,PHASE7A_FIXED_quarterly,PHASE7A_FIXED,quarterly,pre_tax
2014-04-01,TQQQ,SELL,73.98542204205437,1.2365113380254027,91.48381320359476,0.04574190660179738,50.75988629279508,PHASE7A_FIXED_quarterly,PHASE7A_FIXED,quarterly,pre_tax
2014-07-01,QLD,BUY,573.5809384299627,3.5120735344421106,2014.4584337203414,1.0072292168601706,0.0,PHASE7A_FIXED_quarterly,PHASE7A_FIXED,quarterly,pre_tax
2014-07-01,TQQQ,SELL,1347.923228818419,1.4959857184557348,2016.4738998870962,1.0082369499435482,1274.3592535939088,PHASE7A_FIXED_quarterly,PHASE7A_FIXED,quarterly,pre_tax
2014-10-01,QLD,BUY,388.09040127785545,3.8371568834720997,1489.1637546727725,0.7445818773363863,0.0,PHASE7A_FIXED_quarterly,PHASE7A_FIXED,quarterly,pre_tax
2014-10-01,TQQQ,SELL,876.8591416825896,1.6999921566893272,1490.6536633817377,0.7453268316908689,1007.7993290794703,PHASE7A_FIXED_quarterly,PHASE7A_FIXED,quarterly,pre_tax
2015-01-02,QLD,BUY,12705.65858860012,4.241721149436689,53893.86075278703,26.946930376393517,0.0,PHASE7A_FIXED_quarterly,PHASE7A_FIXED,quarterly,pre_tax
2015-01-02,TQQQ,SELL,27549.627807387995,1.958203644387646,53947.78157395041,26.973890786975204,38773.649961893425,PHASE7A_FIXED_quarterly,PHASE7A_FIXED,quarterly,pre_tax
2015-04-01,QLD,SELL,12315.323355467879,4.379186072848171,53931.09252088674,26.96554626044337,25143.89133356437,PHASE7A_FIXED_quarterly,PHASE7A_FIXED,quarterly,pre_tax
2015-04-01,TQQQ,BUY,26440.893837385374,2.0376462577924634,53877.18838043611,26.93859419021806,0.0,PHASE7A_FIXED_quarterly,PHASE7A_FIXED,quarterly,pre_tax
2015-07-01,QLD,BUY,146.87661008628208,4.583240198286429,673.17078353549,0.33658539176774505,0.0,PHASE7A_FIXED_quarterly,PHASE7A_FIXED,quarterly,pre_tax
2015-07-01,TQQQ,SELL,311.3245799056553,2.1644429465767585,673.8442910727681,0.33692214553638405,38.82081904106071,PHASE7A_FIXED_quarterly,PHASE7A_FIXED,quarterly,pre_tax
2015-10-01,QLD,SELL,49358.93335687351,4.0128714863326636,198071.0562635919,99.03552813179594,82372.55425312389,PHASE7A_FIXED_quarterly,PHASE7A_FIXED,quarterly,pre_tax
2015-10-01,TQQQ,SELL,26129.56925747972,1.7382903187173726,45420.77727253208,22.710388636266043,-7871.373540844339,PHASE7A_FIXED_quarterly,PHASE7A_FIXED,quarterly,pre_tax
2016-01-04,QLD,BUY,52836.41755900969,4.603803108263218,243248.46338766208,121.62423169383104,0.0,PHASE7A_FIXED_quarterly,PHASE7A_FIXED,quarterly,pre_tax
2016-04-01,QLD,SELL,10575.73987552049,4.482036083272873,47400.8477293906,23.700423864695303,-1335.8211176341338,PHASE7A_FIXED_quarterly,PHASE7A_FIXED,quarterly,pre_tax
2016-04-01,TQQQ,BUY,23702.515674466253,1.9978246706214715,47353.47057024081,23.676735285120404,0.0,PHASE7A_FIXED_quarterly,PHASE7A_FIXED,quarterly,pre_tax
2016-07-01,QLD,BUY,10304.093889696805,4.377479994332151,45105.96486186792,22.552982430933962,0.0,PHASE7A_FIXED_quarterly,PHASE7A_FIXED,quarterly,pre_tax
2016-07-01,TQQQ,SELL,23702.515674466253,1.904907226351241,45151.09339099433,22.575546695497163,-2248.629461227105,PHASE7A_FIXED_quarterly,PHASE7A_FIXED,quarterly,pre_tax
2017-01-03,QLD,SELL,10521.3672019551,5.3735643682520084,56537.24390172126,28.26862195086063,8513.470656580477,PHASE7A_FIXED_quarterly,PHASE7A_FIXED,quarterly,pre_tax
2017-01-03,TQQQ,BUY,21995.66972451063,2.5678115565344943,56480.73491231429,28.240367456157145,0.0,PHASE7A_FIXED_quarterly,PHASE7A_FIXED,quarterly,pre_tax
2017-04-03,QLD,BUY,913.9983483627166,6.616113662910593,6047.116960480285,3.0235584802401427,0.0,PHASE7A_FIXED_quarterly,PHASE7A_FIXED,quarterly,pre_tax
2017-04-03,TQQQ,SELL,1726.7603302494585,3.50550507587653,6053.16710251171,3.026583551255855,1613.9283900148841,PHASE7A_FIXED_quarterly,PHASE7A_FIXED,quarterly,pre_tax
2017-07-03,QLD,BUY,11112.103399074225,7.176964264944985,79751.16900352942,39.875584501764706,0.0,PHASE7A_FIXED_quarterly,PHASE7A_FIXED,quarterly,pre_tax
2017-07-03,TQQQ,SELL,20268.909394261173,3.938591786821451,79830.96006806521,39.915480034032605,27718.281437206282,PHASE7A_FIXED_quarterly,PHASE7A_FIXED,quarterly,pre_tax
2017-10-02,QLD,SELL,10822.554940827675,7.936358197549608,85891.67262306873,42.94583631153437,30278.028940791737,PHASE7A_FIXED_quarterly,PHASE7A_FIXED,quarterly,pre_tax
2017-10-02,TQQQ,BUY,18856.844680686856,4.550380794232349,85805.8238748199,42.90291193740995,0.0,PHASE7A_FIXED_quarterly,PHASE7A_FIXED,quarterly,pre_tax
2018-01-02,QLD,BUY,582.3957647123078,9.122560569007376,5312.940638721397,2.6564703193606984,0.0,PHASE7A_FIXED_quarterly,PHASE7A_FIXED,quarterly,pre_tax
2018-01-02,TQQQ,SELL,952.5852578198658,5.582971386026868,5318.256237159338,2.6591281185796687,978.8041341573442,PHASE7A_FIXED_quarterly,PHASE7A_FIXED,quarterly,pre_tax
2018-04-02,QLD,BUY,10767.125002927565,9.249433078578841,99589.80216327152,49.794901081635764,0.0,PHASE7A_FIXED_quarterly,PHASE7A_FIXED,quarterly,pre_tax
2018-04-02,TQQQ,SELL,17904.25942286699,5.5679176351703354,99689.44178524577,49.84472089262289,18127.663252479255,PHASE7A_FIXED_quarterly,PHASE7A_FIXED,quarterly,pre_tax
2018-07-02,QLD,SELL,10928.032446024352,10.468897923895538,114404.45618644741,57.2022280932237,48891.7529563235,PHASE7A_FIXED_quarterly,PHASE7A_FIXED,quarterly,pre_tax
2018-07-02,TQQQ,BUY,17273.869340882895,6.6163583067869185,114290.10890390241,57.145054451951204,0.0,PHASE7A_FIXED_quarterly,PHASE7A_FIXED,quarterly,pre_tax
2018-10-01,QLD,BUY,766.07025803481,12.535821919423654,9603.320332491305,4.801660166245653,0.0,PHASE7A_FIXED_quarterly,PHASE7A_FIXED,quarterly,pre_tax
2018-10-01,TQQQ,SELL,1115.4290049022152,8.618144601438527,9612.928456885973,4.806464228442986,2224.3539914605853,PHASE7A_FIXED_quarterly,PHASE7A_FIXED,quarterly,pre_tax
2019-01-02,QLD,SELL,44434.50975749051,7.930691094749013,352396.3708332681,176.19818541663406,81051.73780549961,PHASE7A_FIXED_quarterly,PHASE7A_FIXED,quarterly,pre_tax
2019-01-02,TQQQ,SELL,16158.44033598068,4.139917682594738,66894.61287007848,33.44730643503924,-40102.32039351398,PHASE7A_FIXED_quarterly,PHASE7A_FIXED,quarterly,pre_tax
2019-04-01,QLD,BUY,37068.27273917672,11.300011338744342,418871.90226036473,209.43595113018236,0.0,PHASE7A_FIXED_quarterly,PHASE7A_FIXED,quarterly,pre_tax
2019-10-01,QLD,SELL,7419.587251284639,12.024189512502812,89214.52321399632,44.60726160699816,5286.5751740357755,PHASE7A_FIXED_quarterly,PHASE7A_FIXED,quarterly,pre_tax
2019-10-01,TQQQ,BUY,12010.403410342313,7.420679408570455,89125.35327575156,44.56267663787578,0.0,PHASE7A_FIXED_quarterly,PHASE7A_FIXED,quarterly,pre_tax
2020-01-02,QLD,BUY,706.9624021870853,15.296928478401773,10814.353303174954,5.407176651587477,0.0,PHASE7A_FIXED_quarterly,PHASE7A_FIXED,quarterly,pre_tax
2020-01-02,TQQQ,SELL,1024.445863878122,10.566857115689889,10825.17306635961,5.412586533179805,3213.8751103872405,PHASE7A_FIXED_quarterly,PHASE7A_FIXED,quarterly,pre_tax
2020-04-01,QLD,SELL,30355.647890079163,10.422928032946222,316394.73335175094,158.1973666758755,-29781.221927892806,PHASE7A_FIXED_quarterly,PHASE7A_FIXED,quarterly,pre_tax
2020-04-01,TQQQ,SELL,10985.957546464191,5.193494918326023,57055.514690507196,28.527757345253598,-24537.043649788313,PHASE7A_FIXED_quarterly,PHASE7A_FIXED,quarterly,pre_tax
2020-07-01,QLD,BUY,20411.509843409352,18.277775004796442,373076.984426024,186.538492213012,0.0,PHASE7A_FIXED_quarterly,PHASE7A_FIXED,quarterly,pre_tax
2021-01-04,QLD,SELL,4085.5687903032976,28.69823650064393,117248.61938377377,58.624309691886886,42477.55040474193,PHASE7A_FIXED_quarterly,PHASE7A_FIXED,quarterly,pre_tax
2021-01-04,TQQQ,BUY,5341.8732977562595,21.9270324903814,117131.42935940233,58.565714679701166,0.0,PHASE7A_FIXED_quarterly,PHASE7A_FIXED,quarterly,pre_tax
2021-04-01,QLD,BUY,4052.7514843895565,29.68842901833932,120319.82477326866,60.15991238663433,0.0,PHASE7A_FIXED_quarterly,PHASE7A_FIXED,quarterly,pre_tax
2021-04-01,TQQQ,SELL,5341.8732977562595,22.546436067406862,120440.20478804936,60.220102394024686,3189.989611573302,PHASE7A_FIXED_quarterly,PHASE7A_FIXED,quarterly,pre_tax
2021-07-01,QLD,SELL,4079.000076775903,35.380169199382266,144315.7128806247,72.15785644031234,60390.293352478984,PHASE7A_FIXED_quarterly,PHASE7A_FIXED,quarterly,pre_tax
2021-07-01,TQQQ,BUY,4957.144102544144,29.083574394286202,144171.4692895397,72.08573464476986,0.0,PHASE7A_FIXED_quarterly,PHASE7A_FIXED,quarterly,pre_tax
2021-10-01,QLD,BUY,4093.6996187121154,36.096264745921715,147767.2652273113,73.88363261365565,0.0,PHASE7A_FIXED_quarterly,PHASE7A_FIXED,quarterly,pre_tax
2021-10-01,TQQQ,SELL,4957.144102544144,29.838774777036893,147915.10641313138,73.95755320656569,3597.593835740349,PHASE7A_FIXED_quarterly,PHASE7A_FIXED,quarterly,pre_tax
2022-04-01,QLD,SELL,20393.392079431826,35.6666172610934,727363.3099525085,363.68165497625426,244080.67817476045,PHASE7A_FIXED_quarterly,PHASE7A_FIXED,quarterly,pre_tax
2023-04-03,QQQ,BUY,2322.4839327039936,312.8703281475286,726636.3101424612,363.3181550712306,0.0,PHASE7A_FIXED_quarterly,PHASE7A_FIXED,quarterly,pre_tax
2023-07-03,QQQ,SELL,2322.4839327039936,363.7191685474118,844731.9249678197,422.36596248390987,117309.93070780326,PHASE7A_FIXED_quarterly,PHASE7A_FIXED,quarterly,pre_tax
2023-07-03,QLD,BUY,26382.02933128099,31.98721389476833,843887.615197737,421.9438075988685,0.0,PHASE7A_FIXED_quarterly,PHASE7A_FIXED,quarterly,pre_tax
2023-10-02,QLD,SELL,5280.628257666623,29.498387262247412,155770.01733261684,77.88500866630842,-13304.909545577899,PHASE7A_FIXED_quarterly,PHASE7A_FIXED,quarterly,pre_tax
2023-10-02,TQQQ,BUY,8995.847519865985,17.298461853396137,155614.32516136998,77.80716258068499,0.0,PHASE7A_FIXED_quarterly,PHASE7A_FIXED,quarterly,pre_tax
2024-01-02,QLD,BUY,440.84817393107704,37.11095030410107,16360.294674409903,8.180147337204952,0.0,PHASE7A_FIXED_quarterly,PHASE7A_FIXED,quarterly,pre_tax
2024-01-02,TQQQ,SELL,681.2891493447246,24.037757197623048,16376.663153323636,8.188331576661819,4577.327833494018,PHASE7A_FIXED_quarterly,PHASE7A_FIXED,quarterly,pre_tax
2024-04-01,QLD,BUY,5752.486449342407,43.70702368971854,251424.06151619344,125.71203075809672,0.0,PHASE7A_FIXED_quarterly,PHASE7A_FIXED,quarterly,pre_tax
2024-04-01,TQQQ,SELL,8314.558370521261,30.269269892304543,251675.61135262792,125.83780567631396,107648.7882112539,PHASE7A_FIXED_quarterly,PHASE7A_FIXED,quarterly,pre_tax
2024-07-01,QLD,SELL,5463.315607629547,49.91913156297313,272723.97058730386,136.36198529365194,83790.49328996493,PHASE7A_FIXED_quarterly,PHASE7A_FIXED,quarterly,pre_tax
2024-07-01,TQQQ,BUY,7486.700432792703,36.39138300728357,272451.38291055494,136.22569145527748,0.0,PHASE7A_FIXED_quarterly,PHASE7A_FIXED,quarterly,pre_tax
2024-10-01,QLD,BUY,5311.608593620891,50.10411098476725,266133.4264824246,133.0667132412123,0.0,PHASE7A_FIXED_quarterly,PHASE7A_FIXED,quarterly,pre_tax
2024-10-01,TQQQ,SELL,7486.700432792703,35.58305764116357,266399.693042187,133.19984652109352,-6321.115406344313,PHASE7A_FIXED_quarterly,PHASE7A_FIXED,quarterly,pre_tax
2025-04-01,QLD,SELL,27143.028682879198,44.0057077774389,1194448.1884134242,597.2240942067122,173150.82093109092,PHASE7A_FIXED_quarterly,PHASE7A_FIXED,quarterly,pre_tax
2025-07-01,QLD,BUY,16363.399601017878,58.337722783542695,954603.4697205141,477.30173486025706,0.0,PHASE7A_FIXED_quarterly,PHASE7A_FIXED,quarterly,pre_tax
2025-07-01,TQQQ,BUY,5849.984545482899,40.79512784600504,238650.86743012854,119.32543371506426,0.0,PHASE7A_FIXED_quarterly,PHASE7A_FIXED,quarterly,pre_tax
2025-10-01,QLD,BUY,219.42260889569383,67.78898979855896,14874.43699600338,7.43721849800169,0.0,PHASE7A_FIXED_quarterly,PHASE7A_FIXED,quarterly,pre_tax
2025-10-01,TQQQ,SELL,294.3415329346357,50.58517812790183,14889.318873938231,7.444659436969116,2868.1698978104646,PHASE7A_FIXED_quarterly,PHASE7A_FIXED,quarterly,pre_tax
2026-01-02,QLD,BUY,30.50449790464161,71.64717189062932,2185.5610048111994,1.0927805024055997,0.0,PHASE7A_FIXED_quarterly,PHASE7A_FIXED,quarterly,pre_tax
2026-01-02,TQQQ,SELL,40.5466210796146,53.95634952779414,2187.747659142711,1.0938738295713557,531.722142351406,PHASE7A_FIXED_quarterly,PHASE7A_FIXED,quarterly,pre_tax
2026-04-01,QLD,SELL,16613.326707818214,61.85860985691658,1027677.2952444192,513.8386476222097,55014.157141607706,PHASE7A_FIXED_quarterly,PHASE7A_FIXED,quarterly,pre_tax
2026-04-01,TQQQ,SELL,5515.096391468649,42.532071371512394,234568.47334271503,117.28423667135752,9349.632201852583,PHASE7A_FIXED_quarterly,PHASE7A_FIXED,quarterly,pre_tax
2026-07-01,QLD,BUY,13283.30506238581,94.93000030517578,1260984.153626028,630.492076813014,0.0,PHASE7A_FIXED_quarterly,PHASE7A_FIXED,quarterly,pre_tax
2013-01-02,QLD,BUY,45433.753301546596,1.7599254778557578,79960.019990005,39.980009995002504,0.0,PHASE7A_FIXED_quarterly,PHASE7A_FIXED,quarterly,after_tax
2013-01-02,TQQQ,BUY,36375.97008540045,0.5495387463363972,19990.00499750125,9.995002498750626,0.0,PHASE7A_FIXED_quarterly,PHASE7A_FIXED,quarterly,after_tax
2013-04-01,QLD,BUY,266.5122929607551,1.8829799221519419,501.83729665177816,0.25091864832588906,0.0,PHASE7A_FIXED_quarterly,PHASE7A_FIXED,quarterly,after_tax
2013-04-01,TQQQ,SELL,845.3626723458225,0.6054827711716175,511.8525334969927,0.25592626674849633,46.80478429815409,PHASE7A_FIXED_quarterly,PHASE7A_FIXED,quarterly,after_tax
2013-07-01,QLD,BUY,273.03697048519814,2.031007298066212,554.5400796973263,0.27727003984866316,0.0,PHASE7A_FIXED_quarterly,PHASE7A_FIXED,quarterly,after_tax
2013-07-01,TQQQ,SELL,856.36694089729,0.673209504766815,576.5143641801369,0.28825718209006845,105.38398848586213,PHASE7A_FIXED_quarterly,PHASE7A_FIXED,quarterly,after_tax
2013-10-01,QLD,BUY,817.2458999346226,2.456699886878909,2007.7279099216394,1.0038639549608197,0.0,PHASE7A_FIXED_quarterly,PHASE7A_FIXED,quarterly,after_tax
2013-10-01,TQQQ,SELL,2444.1822147228486,0.8916392130184343,2179.3287064091346,1.0896643532045673,834.3946255443685,PHASE7A_FIXED_quarterly,PHASE7A_FIXED,quarterly,after_tax
2014-01-02,QLD,BUY,882.3677082811744,3.0255175443681113,2669.6189819885767,1.3348094909942885,0.0,PHASE7A_FIXED_quarterly,PHASE7A_FIXED,quarterly,after_tax
2014-01-02,TQQQ,SELL,2479.907822625762,1.2120547473305532,3005.7840493557305,1.5028920246778652,1640.7943187375286,PHASE7A_FIXED_quarterly,PHASE7A_FIXED,quarterly,after_tax
2014-04-01,QLD,BUY,26.870992352250433,3.07700436035229,82.68216063486761,0.04134108031743381,0.0,PHASE7A_FIXED_quarterly,PHASE7A_FIXED,quarterly,after_tax
2014-04-01,TQQQ,SELL,75.44212791026784,1.2365113380254027,93.28504652580887,0.04664252326290443,51.75930242359087,PHASE7A_FIXED_quarterly,PHASE7A_FIXED,quarterly,after_tax
2014-07-01,QLD,BUY,511.35686269244906,3.5120735344421106,1795.9229041174985,0.8979614520587493,0.0,PHASE7A_FIXED_quarterly,PHASE7A_FIXED,quarterly,after_tax
2014-07-01,TQQQ,SELL,1378.8026511964301,1.4959857184557348,2062.6690747587636,1.0313345373793819,1303.5534070974052,PHASE7A_FIXED_quarterly,PHASE7A_FIXED,quarterly,after_tax
2014-10-01,QLD,BUY,342.63250434909946,3.8371568834720997,1314.734672564431,0.6573673362822156,0.0,PHASE7A_FIXED_quarterly,PHASE7A_FIXED,quarterly,after_tax
2014-10-01,TQQQ,SELL,897.4766236132322,1.6999921566893272,1525.703220954514,0.762851610477257,1031.4955916480951,PHASE7A_FIXED_quarterly,PHASE7A_FIXED,quarterly,after_tax
2015-01-02,QLD,BUY,10790.043718068391,4.241721149436689,45768.356642277184,22.88417832113859,0.0,PHASE7A_FIXED_quarterly,PHASE7A_FIXED,quarterly,after_tax
2015-01-02,TQQQ,SELL,27398.429032088792,1.958203644387646,53651.703581132555,26.82585179056628,38560.85113829023,PHASE7A_FIXED_quarterly,PHASE7A_FIXED,quarterly,after_tax
2015-04-01,QLD,SELL,12886.088799360945,4.379186072848171,56430.58060364626,28.21529030182313,27148.27366528288,PHASE7A_FIXED_quarterly,PHASE7A_FIXED,quarterly,after_tax
2015-04-01,TQQQ,BUY,24961.03651083493,2.0376462577924634,50861.76263692384,25.43088131846192,0.0,PHASE7A_FIXED_quarterly,PHASE7A_FIXED,quarterly,after_tax
2015-07-01,QLD,BUY,137.35396104035235,4.583240198286429,629.526195634011,0.31476309781700545,0.0,PHASE7A_FIXED_quarterly,PHASE7A_FIXED,quarterly,after_tax
2015-07-01,TQQQ,SELL,294.589557101564,2.1644429465767585,637.6222890036515,0.3188111445018258,36.734034592102105,PHASE7A_FIXED_quarterly,PHASE7A_FIXED,quarterly,after_tax
2015-10-01,QLD,SELL,46595.08541234994,4.0128714863326636,186980.08965445412,93.49004482722707,80788.08194077936,PHASE7A_FIXED_quarterly,PHASE7A_FIXED,quarterly,after_tax
2015-10-01,TQQQ,SELL,24666.446953733364,1.7382903187173726,42877.445936830336,21.438722968415167,-7430.616861113339,PHASE7A_FIXED_quarterly,PHASE7A_FIXED,quarterly,after_tax
2016-01-04,QLD,BUY,46642.45329506153,4.603803108263218,214732.67145682627,107.36633572841313,0.0,PHASE7A_FIXED_quarterly,PHASE7A_FIXED,quarterly,after_tax
2016-04-01,QLD,SELL,9335.95569104912,4.482036083272873,41844.090279118886,20.922045139559444,-1179.2240459948246,PHASE7A_FIXED_quarterly,PHASE7A_FIXED,quarterly,after_tax
2016-04-01,TQQQ,BUY,20923.891728409555,1.9978246706214715,41802.267100429155,20.901133550214578,0.0,PHASE7A_FIXED_quarterly,PHASE7A_FIXED,quarterly,after_tax
2016-07-01,QLD,BUY,9096.154512393861,4.377479994332151,39818.23440335825,19.909117201679123,0.0,PHASE7A_FIXED_quarterly,PHASE7A_FIXED,quarterly,after_tax
2016-07-01,TQQQ,SELL,20923.891728409555,1.904907226351241,39858.07255683832,19.92903627841916,-1985.0247134194694,PHASE7A_FIXED_quarterly,PHASE7A_FIXED,quarterly,after_tax
2017-01-03,QLD,SELL,9422.899043703685,5.3735643682520084,50634.55454688205,25.317277273441025,7624.634039346575,PHASE7A_FIXED_quarterly,PHASE7A_FIXED,quarterly,after_tax
2017-01-03,TQQQ,BUY,19346.54072964904,2.5678115565344943,49678.27086455809,24.839135432279047,0.0,PHASE7A_FIXED_quarterly,PHASE7A_FIXED,quarterly,after_tax
2017-04-03,QLD,BUY,768.6762297214215,6.616113662910593,5085.649305814499,2.5428246529072496,0.0,PHASE7A_FIXED_quarterly,PHASE7A_FIXED,quarterly,after_tax
2017-04-03,TQQQ,SELL,1535.4198315617518,3.50550507587653,5382.422013141208,2.6912110065706036,1435.0906801243152,PHASE7A_FIXED_quarterly,PHASE7A_FIXED,quarterly,after_tax
2017-07-03,QLD,BUY,9075.554266885496,7.176964264944985,65134.92865800619,32.567464329003094,0.0,PHASE7A_FIXED_quarterly,PHASE7A_FIXED,quarterly,after_tax
2017-07-03,TQQQ,SELL,17811.12089808729,3.938591786821451,70150.73448329051,35.07536724164525,24357.1892380688,PHASE7A_FIXED_quarterly,PHASE7A_FIXED,quarterly,after_tax
2017-10-02,QLD,SELL,9948.884188849788,7.936358197549608,78957.9085886497,39.47895429432485,28148.40547037536,PHASE7A_FIXED_quarterly,PHASE7A_FIXED,quarterly,after_tax
2017-10-02,TQQQ,BUY,16078.544328889451,4.550380794232349,73163.499313392,36.581749656696005,0.0,PHASE7A_FIXED_quarterly,PHASE7A_FIXED,quarterly,after_tax
2018-01-02,QLD,BUY,481.61177606592037,9.122560569007376,4393.532597908576,2.1967662989542878,0.0,PHASE7A_FIXED_quarterly,PHASE7A_FIXED,quarterly,after_tax
2018-01-02,TQQQ,SELL,818.3523710169145,5.582971386026868,4568.8378710746765,2.2844189355373383,840.8766326932715,PHASE7A_FIXED_quarterly,PHASE7A_FIXED,quarterly,after_tax
2018-04-02,QLD,BUY,8837.876291131604,9.249433078578841,81745.34531158034,40.87267265579017,0.0,PHASE7A_FIXED_quarterly,PHASE7A_FIXED,quarterly,after_tax
2018-04-02,TQQQ,SELL,15260.191957872536,5.5679176351703354,84967.49191832302,42.48374595916151,15450.60392876103,PHASE7A_FIXED_quarterly,PHASE7A_FIXED,quarterly,after_tax
2018-07-02,QLD,SELL,9945.041921911092,10.468897923895538,104113.62872934912,52.05681436467456,44995.99971369573,PHASE7A_FIXED_quarterly,PHASE7A_FIXED,quarterly,after_tax
2018-07-02,TQQQ,BUY,14339.186841928027,6.6163583067869185,94873.19797416018,47.43659898708009,0.0,PHASE7A_FIXED_quarterly,PHASE7A_FIXED,quarterly,after_tax
2018-10-01,QLD,BUY,611.7633342205588,12.535821919423654,7668.9562146217795,3.83447810731089,0.0,PHASE7A_FIXED_quarterly,PHASE7A_FIXED,quarterly,after_tax
2018-10-01,TQQQ,SELL,934.7121853910115,8.618144601438527,8055.484774426353,4.027742387213177,1863.9741044062328,PHASE7A_FIXED_quarterly,PHASE7A_FIXED,quarterly,after_tax
2019-01-02,QLD,SELL,36861.30885996672,7.930691094749013,292335.6539165309,146.16782695826544,69223.47035798752,PHASE7A_FIXED_quarterly,PHASE7A_FIXED,quarterly,after_tax
2019-01-02,TQQQ,SELL,13404.474656537015,4.139917682594738,55493.42165649061,27.746710828245305,-33267.47669985199,PHASE7A_FIXED_quarterly,PHASE7A_FIXED,quarterly,after_tax
2019-04-01,QLD,BUY,30104.448608108785,11.300011338744342,340180.6106182756,170.0903053091378,0.0,PHASE7A_FIXED_quarterly,PHASE7A_FIXED,quarterly,after_tax
2019-10-01,QLD,SELL,6084.3200795264465,12.024189512502812,73159.01769095217,36.579508845476084,4335.175851964373,PHASE7A_FIXED_quarterly,PHASE7A_FIXED,quarterly,after_tax
2019-10-01,TQQQ,BUY,9730.327967300946,7.420679408570455,72205.64438558734,36.10282219279367,0.0,PHASE7A_FIXED_quarterly,PHASE7A_FIXED,quarterly,after_tax
2020-01-02,QLD,BUY,544.7590530714016,15.296928478401773,8333.140272795106,4.166570136397553,0.0,PHASE7A_FIXED_quarterly,PHASE7A_FIXED,quarterly,after_tax
2020-01-02,TQQQ,SELL,840.0939955888174,10.566857115689889,8877.153215136044,4.438576607568022,2635.529390091696,PHASE7A_FIXED_quarterly,PHASE7A_FIXED,quarterly,after_tax
2020-04-01,QLD,SELL,24564.88758165374,10.422928032946222,256038.05540099132,128.01902770049566,-23990.709063083115,PHASE7A_FIXED_quarterly,PHASE7A_FIXED,quarterly,after_tax
2020-04-01,TQQQ,SELL,8890.233971712129,5.193494918326023,46171.38495481631,23.085692477408156,-19856.26269700445,PHASE7A_FIXED_quarterly,PHASE7A_FIXED,quarterly,after_tax
2020-07-01,QLD,BUY,16517.7316093141,18.277775004796442,301907.3819446574,150.9536909723287,0.0,PHASE7A_FIXED_quarterly,PHASE7A_FIXED,quarterly,after_tax
2021-01-04,QLD,SELL,3306.1899520093516,28.69823650064393,94881.82115881698,47.44091057940849,34374.3692842589,PHASE7A_FIXED_quarterly,PHASE7A_FIXED,quarterly,after_tax
2021-01-04,TQQQ,BUY,4322.836972875371,21.9270324903814,94786.98675486025,47.393493377430126,0.0,PHASE7A_FIXED_quarterly,PHASE7A_FIXED,quarterly,after_tax
2021-04-01,QLD,BUY,3279.633001769878,29.68842901833932,97367.15157924814,48.68357578962407,0.0,PHASE7A_FIXED_quarterly,PHASE7A_FIXED,quarterly,after_tax
2021-04-01,TQQQ,SELL,4322.836972875371,22.546436067406862,97464.56743875718,48.73228371937859,2581.4549068001165,PHASE7A_FIXED_quarterly,PHASE7A_FIXED,quarterly,after_tax
2021-07-01,QLD,SELL,3507.8432703823255,35.380169199382266,124108.0884310411,62.054044215520555,51934.21920706332,PHASE7A_FIXED_quarterly,PHASE7A_FIXED,quarterly,after_tax
2021-07-01,TQQQ,BUY,3948.5557644681157,29.083574394286202,114838.11532589607,57.419057662948035,0.0,PHASE7A_FIXED_quarterly,PHASE7A_FIXED,quarterly,after_tax
2021-10-01,QLD,BUY,3244.6693768509795,36.096264745921715,117120.4448397978,58.5602224198989,0.0,PHASE7A_FIXED_quarterly,PHASE7A_FIXED,quarterly,after_tax
2021-10-01,TQQQ,SELL,3948.5557644681157,29.838774777036893,117820.06615053484,58.91003307526742,2865.6217339005516,PHASE7A_FIXED_quarterly,PHASE7A_FIXED,quarterly,after_tax
2022-04-01,QLD,SELL,16228.00076554328,35.6666172610934,578797.8922173629,289.39894610868146,194427.14356210994,PHASE7A_FIXED_quarterly,PHASE7A_FIXED,quarterly,after_tax
2023-04-03,QQQ,BUY,1721.9314200302222,312.8703281475286,538741.2484323955,269.37062421619777,0.0,PHASE7A_FIXED_quarterly,PHASE7A_FIXED,quarterly,after_tax
2023-07-03,QQQ,SELL,1721.9314200302222,363.7191685474118,626299.4643890565,313.14973219452827,86975.69560025034,PHASE7A_FIXED_quarterly,PHASE7A_FIXED,quarterly,after_tax
2023-07-03,QLD,BUY,19008.007308738008,31.98721389476833,608013.1954979224,304.0065977489612,0.0,PHASE7A_FIXED_quarterly,PHASE7A_FIXED,quarterly,after_tax
2023-10-02,QLD,SELL,3804.6436555751447,29.498387262247412,112230.85194700828,56.115425973504145,-9586.063858422795,PHASE7A_FIXED_quarterly,PHASE7A_FIXED,quarterly,after_tax
2023-10-02,TQQQ,BUY,6481.4246568651915,17.298461853396137,112118.67718244367,56.05933859122184,0.0,PHASE7A_FIXED_quarterly,PHASE7A_FIXED,quarterly,after_tax
2024-01-02,QLD,BUY,317.6270182593573,37.11095030410107,11787.440489862813,5.893720244931407,0.0,PHASE7A_FIXED_quarterly,PHASE7A_FIXED,quarterly,after_tax
2024-01-02,TQQQ,SELL,490.862509759768,24.037757197623048,11799.233827021177,5.899616913510588,3297.922226565858,PHASE7A_FIXED_quarterly,PHASE7A_FIXED,quarterly,after_tax
2024-04-01,QLD,BUY,3813.507678976815,43.70702368971854,166677.07046596322,83.33853523298161,0.0,PHASE7A_FIXED_quarterly,PHASE7A_FIXED,quarterly,after_tax
2024-04-01,TQQQ,SELL,5990.562147105425,30.269269892304543,181329.94243735747,90.66497121867874,77559.9529286457,PHASE7A_FIXED_quarterly,PHASE7A_FIXED,quarterly,after_tax
2024-07-01,QLD,SELL,4075.644657860692,49.91913156297313,203452.6418796765,101.72632093983825,63148.02226738616,PHASE7A_FIXED_quarterly,PHASE7A_FIXED,quarterly,after_tax
2024-07-01,TQQQ,BUY,5232.754721258651,36.39138300728357,190427.18124449498,95.2135906222475,0.0,PHASE7A_FIXED_quarterly,PHASE7A_FIXED,quarterly,after_tax
2024-10-01,QLD,BUY,3712.495937997597,50.10411098476725,186011.3085079292,93.00565425396461,0.0,PHASE7A_FIXED_quarterly,PHASE7A_FIXED,quarterly,after_tax
2024-10-01,TQQQ,SELL,5232.754721258651,35.58305764116357,186197.4128686174,93.0987064343087,-4418.080672934127,PHASE7A_FIXED_quarterly,PHASE7A_FIXED,quarterly,after_tax
2025-04-01,QLD,SELL,18971.349630535944,44.0057077774389,834847.6679849882,417.4238339924941,123418.67835264518,PHASE7A_FIXED_quarterly,PHASE7A_FIXED,quarterly,after_tax
2025-07-01,QLD,BUY,11105.683374902597,58.337722783542695,647880.2780468665,323.9401390234333,0.0,PHASE7A_FIXED_quarterly,PHASE7A_FIXED,quarterly,after_tax
2025-07-01,TQQQ,BUY,3970.328763844723,40.79512784600504,161970.06951171663,80.98503475585832,0.0,PHASE7A_FIXED_quarterly,PHASE7A_FIXED,quarterly,after_tax
2025-10-01,QLD,BUY,144.21778676590557,67.78898979855896,9776.378075844725,4.888189037922363,0.0,PHASE7A_FIXED_quarterly,PHASE7A_FIXED,quarterly,after_tax
2025-10-01,TQQQ,SELL,201.3421589399148,50.58517812790183,10184.928974631912,5.092464487315956,1961.9505058427324,PHASE7A_FIXED_quarterly,PHASE7A_FIXED,quarterly,after_tax
2026-01-02,QLD,BUY,19.868307878513843,71.64717189062932,1423.508069747826,0.7117540348739131,0.0,PHASE7A_FIXED_quarterly,PHASE7A_FIXED,quarterly,after_tax
2026-01-02,TQQQ,SELL,27.781364840952723,53.95634952779414,1498.9810317176161,0.7494905158588081,364.32053861336993,PHASE7A_FIXED_quarterly,PHASE7A_FIXED,quarterly,after_tax
2026-04-01,QLD,SELL,11269.769469547016,61.85860985691658,697132.2727940986,348.5661363970493,37374.00238314626,PHASE7A_FIXED_quarterly,PHASE7A_FIXED,quarterly,after_tax
2026-04-01,TQQQ,SELL,3741.2052400638554,42.532071371512394,159121.20828587207,79.56060414293603,6342.39014214689,PHASE7A_FIXED_quarterly,PHASE7A_FIXED,quarterly,after_tax
2026-07-01,QLD,BUY,8917.319139600188,94.93000030517578,846521.1086435956,423.2605543217978,0.0,PHASE7A_FIXED_quarterly,PHASE7A_FIXED,quarterly,after_tax
