model,frequency,test_year,train_start,train_end,ma_days,cagr,max_drawdown,calmar,sharpe,sortino,annual_turnover,eligible,within_5pct_of_best_calmar,momentum_days,low_vol_quantile
MODEL_A_QLD_TREND,weekly,2013,2006-06-21,2012-12-31,150,0.04039358866400744,-0.4822001957515615,0.0837693327789916,0.2828222506546756,0.3141781784958867,5.052549039945436,False,False,,
MODEL_A_QLD_TREND,weekly,2013,2006-06-21,2012-12-31,175,0.10147697476318296,-0.48220019575156137,0.21044573531335894,0.47691008435958715,0.5361303589925592,4.746336265829349,False,False,,
MODEL_A_QLD_TREND,weekly,2013,2006-06-21,2012-12-31,200,0.06916593112058567,-0.4999916462837528,0.1383341734500359,0.3740042990884727,0.42555874458067444,4.746336265829349,False,False,,
MODEL_A_QLD_TREND,weekly,2013,2006-06-21,2012-12-31,225,0.07705038382168139,-0.42260374994200167,0.18232300075959057,0.3994021114660889,0.4525754937677092,4.440123491713263,False,False,,
MODEL_A_QLD_TREND,weekly,2013,2006-06-21,2012-12-31,250,0.076063146386808,-0.4226037499420018,0.17998691776219902,0.3954267479294436,0.45490727797711056,3.82769794348109,False,False,,
MODEL_A_QLD_TREND,weekly,2014,2006-06-21,2013-12-31,150,0.11461267679848741,-0.4822001957515615,0.23768691470531464,0.520953777961999,0.5861033735587963,4.5146897914679025,False,False,,
MODEL_A_QLD_TREND,weekly,2014,2006-06-21,2013-12-31,175,0.17115142188024635,-0.48220019575156137,0.3549385159694684,0.6953710853080629,0.7916722294899018,4.249119803734497,False,False,,
MODEL_A_QLD_TREND,weekly,2014,2006-06-21,2013-12-31,200,0.14129770365452798,-0.4999916462837528,0.2826001288316313,0.6000005929469151,0.6899080859427422,4.249119803734497,False,False,,
MODEL_A_QLD_TREND,weekly,2014,2006-06-21,2013-12-31,225,0.1485934389961736,-0.42260374994200167,0.35161410426804457,0.624031214661453,0.7147591174324037,3.9835498160010903,False,False,,
MODEL_A_QLD_TREND,weekly,2014,2006-06-21,2013-12-31,250,0.14768030598775095,-0.4226037499420018,0.34945337330304954,0.6185628736771176,0.7177645973995441,3.452409840534278,False,False,,
MODEL_A_QLD_TREND,weekly,2015,2006-06-21,2014-12-31,150,0.13747872764759683,-0.4822001957515615,0.2851071585180949,0.5928818294536832,0.6801799714098777,4.220133031397625,False,False,,
MODEL_A_QLD_TREND,weekly,2015,2006-06-21,2014-12-31,175,0.19350359424096442,-0.48220019575156137,0.4012930644695572,0.7633048809837525,0.8859822359353708,3.751229361242333,False,False,,
MODEL_A_QLD_TREND,weekly,2015,2006-06-21,2014-12-31,200,0.16660447265887735,-0.4999916462837528,0.33321451247672806,0.6775387680183653,0.7929700064141054,3.751229361242333,False,False,,
MODEL_A_QLD_TREND,weekly,2015,2006-06-21,2014-12-31,225,0.17318568815162183,-0.42260374994200167,0.40980632134804745,0.699313200481972,0.8156205239307542,3.5167775261646868,True,True,,
MODEL_A_QLD_TREND,weekly,2015,2006-06-21,2014-12-31,250,0.1723622531114677,-0.4226037499420018,0.4078578411458079,0.6938752457192744,0.8184045939192649,3.047873856009395,True,True,,
MODEL_A_QLD_TREND,weekly,2016,2006-06-21,2015-12-31,150,0.10655472830658996,-0.4822001957515615,0.22097611997131777,0.4941544541125771,0.554430405633874,3.9873654767443862,False,False,,
MODEL_A_QLD_TREND,weekly,2016,2006-06-21,2015-12-31,175,0.15521627572497687,-0.48220019575156137,0.3218917725304019,0.6434360228856061,0.7284332189603177,3.5676427949818192,False,False,,
MODEL_A_QLD_TREND,weekly,2016,2006-06-21,2015-12-31,200,0.13452864288335786,-0.4999916462837528,0.26906178109826023,0.5772577614322488,0.6597992102651234,3.5676427949818192,False,False,,
MODEL_A_QLD_TREND,weekly,2016,2006-06-21,2015-12-31,225,0.13779038471905491,-0.42260374994200167,0.32605102235360034,0.5869042560548954,0.6708760286966265,3.5676427949818192,False,False,,
MODEL_A_QLD_TREND,weekly,2016,2006-06-21,2015-12-31,250,0.1294265571729969,-0.4226037499420018,0.3062598407864564,0.5596893191750169,0.6489370885971905,3.357781454100536,False,False,,
MODEL_A_QLD_TREND,weekly,2017,2006-06-21,2016-12-31,150,0.09422868507034998,-0.4822001957515615,0.19541403321805859,0.4598684148138423,0.5143255804817818,4.178669507898846,False,False,,
MODEL_A_QLD_TREND,weekly,2017,2006-06-21,2016-12-31,175,0.13769079698525188,-0.48220019575156137,0.285546953730796,0.5981869917107742,0.6750023051807035,3.7987904617262234,False,False,,
MODEL_A_QLD_TREND,weekly,2017,2006-06-21,2016-12-31,200,0.11923528623850621,-0.4999916462837528,0.23847455677457136,0.5371530493603378,0.6114045092709318,3.7987904617262234,False,False,,
MODEL_A_QLD_TREND,weekly,2017,2006-06-21,2016-12-31,225,0.12214720468522788,-0.42440085530431504,0.2878109295930676,0.5461229530383552,0.6215539875965793,3.7987904617262234,False,False,,
MODEL_A_QLD_TREND,weekly,2017,2006-06-21,2016-12-31,250,0.11467880672292807,-0.4602515911483358,0.2491654758581115,0.5210585303210298,0.600831216023428,3.6088509386399132,False,False,,
MODEL_A_QLD_TREND,weekly,2018,2006-06-21,2017-12-31,150,0.13710077794569342,-0.4822001957515615,0.28432335605340625,0.601423770736759,0.6708037118079944,3.8172925297864246,False,False,,
MODEL_A_QLD_TREND,weekly,2018,2006-06-21,2017-12-31,175,0.17828995324021513,-0.48220019575156137,0.3697425982217425,0.7312914635869185,0.8228178410837749,3.470265936169477,False,False,,
MODEL_A_QLD_TREND,weekly,2018,2006-06-21,2017-12-31,200,0.16081654000927958,-0.4999916462837528,0.32163845377131317,0.6725150797018878,0.7626767801942598,3.470265936169477,False,False,,
MODEL_A_QLD_TREND,weekly,2018,2006-06-21,2017-12-31,225,0.1635751480974157,-0.42440085530431504,0.38542605664666896,0.6807942312633336,0.7718402427410178,3.470265936169477,True,True,,
MODEL_A_QLD_TREND,weekly,2018,2006-06-21,2017-12-31,250,0.1564987094881023,-0.4602515911483358,0.34002861152013675,0.6562981792158323,0.7530552668697413,3.296752639361004,False,False,,
MODEL_A_QLD_TREND,weekly,2019,2006-06-21,2018-12-31,150,0.14157872295587604,-0.4822001957515615,0.29360984131333706,0.6093763911649378,0.67910060076948,3.5909602836256695,False,False,,
MODEL_A_QLD_TREND,weekly,2019,2006-06-21,2018-12-31,175,0.17366989886177242,-0.48220019575156137,0.36016140265370283,0.7054605638691965,0.7894359598157621,3.27176558683071,False,False,,
MODEL_A_QLD_TREND,weekly,2019,2006-06-21,2018-12-31,200,0.1576513185416326,-0.4999916462837528,0.31530790506880413,0.6532850319211514,0.7364937016187328,3.27176558683071,False,False,,
MODEL_A_QLD_TREND,weekly,2019,2006-06-21,2018-12-31,225,0.15601089864812434,-0.42440085530431504,0.3676026961261831,0.6475849701757678,0.7313806878993656,3.4313629352281896,True,True,,
MODEL_A_QLD_TREND,weekly,2019,2006-06-21,2018-12-31,250,0.1500960568660017,-0.4602515911483358,0.32611741002678424,0.6265662919274274,0.7169467660380834,3.27176558683071,False,False,,
MODEL_A_QLD_TREND,weekly,2020,2006-06-21,2019-12-31,150,0.16416154991221155,-0.4822001957515615,0.3404427276441643,0.6782313082546896,0.7583763713061918,3.3995753337660246,False,False,,
MODEL_A_QLD_TREND,weekly,2020,2006-06-21,2019-12-31,175,0.18797054852622241,-0.48220019575156137,0.3898184824111278,0.7484542101422261,0.8390854224871879,3.251767710558806,False,False,,
MODEL_A_QLD_TREND,weekly,2020,2006-06-21,2019-12-31,200,0.17294691964958098,-0.4999916462837528,0.3458996183936861,0.6995962637966648,0.7897016683406994,3.251767710558806,False,False,,
MODEL_A_QLD_TREND,weekly,2020,2006-06-21,2019-12-31,225,0.16941223155747642,-0.42440085530431504,0.39917975998422534,0.6891296120234898,0.7784174136277716,3.3995753337660246,True,True,,
MODEL_A_QLD_TREND,weekly,2020,2006-06-21,2019-12-31,250,0.16386977604453867,-0.4602515911483358,0.35604390988780876,0.6691679657105988,0.7650848897150977,3.251767710558806,False,False,,
MODEL_A_QLD_TREND,weekly,2021,2006-06-21,2020-12-31,150,0.17286676975917104,-0.5322260411278859,0.32479953328257716,0.6623828554624978,0.7026181221030972,3.30273585649233,False,False,,
MODEL_A_QLD_TREND,weekly,2021,2006-06-21,2020-12-31,175,0.20559312700570032,-0.49154420130742704,0.4182596935511726,0.7465189556009562,0.7964376325425688,3.1651218624718163,False,False,,
MODEL_A_QLD_TREND,weekly,2021,2006-06-21,2020-12-31,200,0.19139189870538553,-0.4999916462837528,0.38279019285207766,0.7066164939321378,0.7591085837347009,3.1651218624718163,False,False,,
MODEL_A_QLD_TREND,weekly,2021,2006-06-21,2020-12-31,225,0.18804888372916473,-0.49154420130742715,0.38256759662505524,0.6979294651575035,0.7508281713133071,3.30273585649233,False,False,,
MODEL_A_QLD_TREND,weekly,2021,2006-06-21,2020-12-31,250,0.18280557110553053,-0.49154420130742704,0.37190057500281287,0.6817992733539024,0.7416343478894041,3.1651218624718163,False,False,,
MODEL_A_QLD_TREND,weekly,2022,2006-06-21,2021-12-31,150,0.19395840804145648,-0.5322260411278859,0.3644286319219228,0.7143443845804793,0.7735844851951084,3.090200844570662,False,False,,
MODEL_A_QLD_TREND,weekly,2022,2006-06-21,2021-12-31,175,0.2251017185815145,-0.49154420130742704,0.4579480705555692,0.7921275039801762,0.8623438575718083,2.9614424760468845,False,False,,
MODEL_A_QLD_TREND,weekly,2022,2006-06-21,2021-12-31,200,0.2115942046730106,-0.4999916462837528,0.4231954798559328,0.7548499176047646,0.8269327359928647,2.9614424760468845,False,False,,
MODEL_A_QLD_TREND,weekly,2022,2006-06-21,2021-12-31,225,0.20841298998147617,-0.49154420130742715,0.4239964369982022,0.7467869445818573,0.819131720877645,3.090200844570662,False,False,,
MODEL_A_QLD_TREND,weekly,2022,2006-06-21,2021-12-31,250,0.20342229007666068,-0.49154420130742704,0.41384333196402423,0.7315519749226982,0.810592071261124,2.9614424760468845,False,False,,
MODEL_A_QLD_TREND,weekly,2023,2006-06-21,2022-12-31,150,0.15200225252911892,-0.5322260411278859,0.2855971725979396,0.6098238624119614,0.6438321216074611,3.20634594482083,False,False,,
MODEL_A_QLD_TREND,weekly,2023,2006-06-21,2022-12-31,175,0.18954726378243691,-0.49154420130742704,0.3856159085556746,0.7107937198265949,0.7518512744025342,2.8433650967756674,False,False,,
MODEL_A_QLD_TREND,weekly,2023,2006-06-21,2022-12-31,200,0.1772185749822146,-0.4999916462837528,0.3544430717981244,0.675268799986737,0.7187459460172209,2.8433650967756674,False,False,,
MODEL_A_QLD_TREND,weekly,2023,2006-06-21,2022-12-31,225,0.17431378791227226,-0.49154420130742715,0.35462484848488923,0.6675027414150878,0.7113780576636464,2.9643587127907214,False,False,,
MODEL_A_QLD_TREND,weekly,2023,2006-06-21,2022-12-31,250,0.15731931120245446,-0.49154420130742704,0.3200511994323417,0.6183196243181043,0.667420620565414,3.0853523288057754,False,False,,
MODEL_A_QLD_TREND,weekly,2024,2006-06-21,2023-12-31,150,0.1746225274408748,-0.5322260411278859,0.3280984280115592,0.6704734580895446,0.7235047898413091,3.195138914917541,False,False,,
MODEL_A_QLD_TREND,weekly,2024,2006-06-21,2023-12-31,175,0.2103182401855499,-0.49154420130742704,0.4278724876138053,0.7645096715434873,0.8261154251547465,2.8528026026049473,False,False,,
MODEL_A_QLD_TREND,weekly,2024,2006-06-21,2023-12-31,200,0.19848421539833683,-0.4999916462837528,0.39697506323074455,0.7307460191243017,0.7941318921575461,2.8528026026049473,False,False,,
MODEL_A_QLD_TREND,weekly,2024,2006-06-21,2023-12-31,225,0.18846019114712798,-0.49154420130742715,0.38340436250871174,0.7056053198714607,0.764528069739243,3.081026810813343,False,False,,
MODEL_A_QLD_TREND,weekly,2024,2006-06-21,2023-12-31,250,0.17407329769656066,-0.49154420130742704,0.35413559397823063,0.6641124879500135,0.727594134261428,3.309251019021739,False,False,,
MODEL_A_QLD_TREND,weekly,2025,2006-06-21,2024-12-31,150,0.18150402117146647,-0.5322260411278859,0.3410280729346233,0.686421307072795,0.7502751617951087,3.1293153844177195,False,False,,
MODEL_A_QLD_TREND,weekly,2025,2006-06-21,2024-12-31,175,0.2210816078381157,-0.49154420130742704,0.44976953700211464,0.7889610770036438,0.8642703952911973,2.6976856762221724,False,False,,
MODEL_A_QLD_TREND,weekly,2025,2006-06-21,2024-12-31,200,0.20978851136536658,-0.4999916462837528,0.4195840329026386,0.7571506365535234,0.8337943075110349,2.6976856762221724,False,False,,
MODEL_A_QLD_TREND,weekly,2025,2006-06-21,2024-12-31,225,0.2002179391724055,-0.49154420130742715,0.40732438433788565,0.7336103952154068,0.8056243675028362,2.9135005303199457,False,False,,
MODEL_A_QLD_TREND,weekly,2025,2006-06-21,2024-12-31,250,0.18647417659227417,-0.49154420130742704,0.3793640044909154,0.6944511044111761,0.7705239838228294,3.1293153844177195,False,False,,
MODEL_A_QLD_TREND,weekly,2026,2006-06-21,2025-12-31,150,0.18244494969931901,-0.5322260411278859,0.3427959844142242,0.6905911773057628,0.7572507126290589,3.0715721278572827,False,False,,
MODEL_A_QLD_TREND,weekly,2026,2006-06-21,2025-12-31,175,0.21999539483394703,-0.49154420130742704,0.44755973979307523,0.788311855138824,0.8662694757996344,2.6620291774763114,False,False,,
MODEL_A_QLD_TREND,weekly,2026,2006-06-21,2025-12-31,200,0.2092871633097375,-0.4999916462837528,0.418581320038623,0.7579676026745229,0.8370743926701913,2.6620291774763114,False,False,,
MODEL_A_QLD_TREND,weekly,2026,2006-06-21,2025-12-31,225,0.19899364794767838,-0.49154420130742715,0.4048336801011747,0.7314538506403117,0.8053709198220874,2.866800652666797,False,False,,
MODEL_A_QLD_TREND,weekly,2026,2006-06-21,2025-12-31,250,0.19293506942051097,-0.49154420130742704,0.39250807741671107,0.7117238258176155,0.793097991301507,3.0715721278572827,False,False,,
MODEL_B_FOUR_STATE,weekly,2013,2006-06-21,2012-12-31,150,0.022752162794838826,-0.5039260578021512,0.045149804108307615,0.2235006462019104,0.24751600462164444,9.918214601417024,False,False,126.0,0.25
MODEL_B_FOUR_STATE,weekly,2013,2006-06-21,2012-12-31,150,0.023954237004756296,-0.5034346832688326,0.047581618432047536,0.22783685805450854,0.2529212590068602,9.443316918366747,False,False,126.0,0.33
MODEL_B_FOUR_STATE,weekly,2013,2006-06-21,2012-12-31,150,0.017371329034458816,-0.5168150419710549,0.03361227445742906,0.20642473831027422,0.22767811898054235,9.389994444350679,False,False,126.0,0.4
MODEL_B_FOUR_STATE,weekly,2013,2006-06-21,2012-12-31,150,0.06054385143833252,-0.449707184413336,0.13462949567353433,0.3502072294473811,0.3848238561403044,8.387533401136661,False,False,189.0,0.25
MODEL_B_FOUR_STATE,weekly,2013,2006-06-21,2012-12-31,150,0.061725276421182196,-0.4528487987024248,0.13630438371051748,0.3537991807675082,0.38968134399264126,8.03518820710353,False,False,189.0,0.33
MODEL_B_FOUR_STATE,weekly,2013,2006-06-21,2012-12-31,150,0.05584277805777327,-0.46478051839865897,0.12014870642636297,0.3339579736814468,0.36536650445343066,7.921967258507587,False,False,189.0,0.4
MODEL_B_FOUR_STATE,weekly,2013,2006-06-21,2012-12-31,150,0.01619081041437176,-0.48794708938141795,0.03318148784307174,0.199202692491356,0.2187221627204397,7.16298844091237,False,False,252.0,0.25
MODEL_B_FOUR_STATE,weekly,2013,2006-06-21,2012-12-31,150,0.017322826982227646,-0.4908703925669299,0.03529002205987742,0.2035223105231572,0.22401498903656128,6.810643246879241,False,False,252.0,0.33
MODEL_B_FOUR_STATE,weekly,2013,2006-06-21,2012-12-31,150,0.012217808297217969,-0.5019729758209526,0.02433957381318453,0.186709280521215,0.2041710319352297,6.820862592083523,False,False,252.0,0.4
MODEL_B_FOUR_STATE,weekly,2013,2006-06-21,2012-12-31,175,0.07474845604420222,-0.4952787336543665,0.15092199798823971,0.3945458292765624,0.4408975836937854,9.305865587244863,False,False,126.0,0.25
MODEL_B_FOUR_STATE,weekly,2013,2006-06-21,2012-12-31,175,0.07685592086202209,-0.4981601805812502,0.1542795346917272,0.4007157394083483,0.4491496683626555,8.893545281867292,False,False,126.0,0.33
MODEL_B_FOUR_STATE,weekly,2013,2006-06-21,2012-12-31,175,0.07030011408297199,-0.509103795515318,0.13808601448711214,0.37916221113890725,0.4222242309232981,8.842919129308672,False,False,126.0,0.4
MODEL_B_FOUR_STATE,weekly,2013,2006-06-21,2012-12-31,175,0.1076226438394996,-0.44970718441333624,0.23931715473902937,0.5018879550866794,0.5535759004892682,8.081320627020572,False,False,189.0,0.25
MODEL_B_FOUR_STATE,weekly,2013,2006-06-21,2012-12-31,175,0.10972656260076419,-0.4528487987024252,0.24230286778980153,0.5073271553070248,0.5612747819168115,7.7915528106601455,False,False,189.0,0.33
MODEL_B_FOUR_STATE,weekly,2013,2006-06-21,2012-12-31,175,0.10392303496385402,-0.46478051839865864,0.2235959358234451,0.4874994427235662,0.5358725820212292,7.742304428030226,False,False,189.0,0.4
MODEL_B_FOUR_STATE,weekly,2013,2006-06-21,2012-12-31,175,0.06162583389038656,-0.48794708938141806,0.12629613995343444,0.35325997026803263,0.3900359404546227,6.244503186684137,False,False,252.0,0.25
MODEL_B_FOUR_STATE,weekly,2013,2006-06-21,2012-12-31,175,0.06364238214514573,-0.49087039256693,0.12965211002508795,0.3594997603464492,0.39817540896151443,5.954735370323711,False,False,252.0,0.33
MODEL_B_FOUR_STATE,weekly,2013,2006-06-21,2012-12-31,175,0.05863569989998596,-0.5019729758209531,0.11681047132884004,0.3426898580760759,0.37718054187459427,6.028927281494017,False,False,252.0,0.4
MODEL_B_FOUR_STATE,weekly,2013,2006-06-21,2012-12-31,200,0.059796388579134385,-0.5126208094316389,0.11664838313027671,0.3454154397835337,0.39361048159640266,9.612001827300936,False,False,126.0,0.25
MODEL_B_FOUR_STATE,weekly,2013,2006-06-21,2012-12-31,200,0.06120792666305963,-0.5172925032796791,0.1183236298129126,0.3496377492332647,0.399552220771446,9.260618018234645,False,False,126.0,0.33
MODEL_B_FOUR_STATE,weekly,2013,2006-06-21,2012-12-31,200,0.05614684112287005,-0.5278188998817135,0.10637520015947288,0.3331947298438279,0.3784427931156381,9.21559886394447,False,False,126.0,0.4
MODEL_B_FOUR_STATE,weekly,2013,2006-06-21,2012-12-31,200,0.08582080618336696,-0.46861508535574936,0.18313709666050562,0.4285763675084254,0.48052986211421167,7.5303390414991656,False,False,189.0,0.25
MODEL_B_FOUR_STATE,weekly,2013,2006-06-21,2012-12-31,200,0.08723353886690077,-0.47370858890437273,0.1841502157870111,0.43223577171843824,0.4860244118797585,7.240512123889336,False,False,189.0,0.33
MODEL_B_FOUR_STATE,weekly,2013,2006-06-21,2012-12-31,200,0.08298265945502914,-0.4851854194054045,0.17103287967046601,0.4179994021600807,0.4673896510608219,7.196870739527858,False,False,189.0,0.4
MODEL_B_FOUR_STATE,weekly,2013,2006-06-21,2012-12-31,200,0.036302310280740935,-0.5055410783215222,0.07180882392637697,0.26910944923832314,0.30167925819555047,6.305794081274875,False,False,252.0,0.25
MODEL_B_FOUR_STATE,weekly,2013,2006-06-21,2012-12-31,200,0.03765061576118267,-0.5102806337789887,0.07378413615730084,0.2736551903010892,0.30769475476352537,6.015967163665046,False,False,252.0,0.33
MODEL_B_FOUR_STATE,weekly,2013,2006-06-21,2012-12-31,200,0.03359359628783909,-0.5209599381352785,0.06448403001598135,0.26069503201252947,0.2915186939788252,5.972325779303568,False,False,252.0,0.4
MODEL_B_FOUR_STATE,weekly,2013,2006-06-21,2012-12-31,225,0.059269324137557255,-0.47380444578575054,0.1250923765378897,0.34474080304310195,0.39061766277732723,10.285474017861638,False,False,126.0,0.25
MODEL_B_FOUR_STATE,weekly,2013,2006-06-21,2012-12-31,225,0.06067953247003377,-0.4788482075652024,0.1267197652854769,0.3490066192424586,0.3966052238585657,9.935273893879685,False,False,126.0,0.33
MODEL_B_FOUR_STATE,weekly,2013,2006-06-21,2012-12-31,225,0.05642663086287936,-0.49021295846362867,0.11510636324206008,0.3348575485640232,0.37816709755226097,9.830147928169135,False,False,126.0,0.4
MODEL_B_FOUR_STATE,weekly,2013,2006-06-21,2012-12-31,225,0.1022647457313155,-0.38084371756320834,0.2685215510069237,0.47813022839615726,0.5379794792160604,7.285402511891652,False,False,189.0,0.25
MODEL_B_FOUR_STATE,weekly,2013,2006-06-21,2012-12-31,225,0.10418355075374386,-0.38501562558453206,0.2705956429575346,0.482856011666297,0.5450303116127404,7.059696903664716,False,False,189.0,0.33
MODEL_B_FOUR_STATE,weekly,2013,2006-06-21,2012-12-31,225,0.1028309842554509,-0.39598068194272884,0.2596868709628705,0.4772435298780435,0.5360884015738959,6.897741527433779,False,False,189.0,0.4
MODEL_B_FOUR_STATE,weekly,2013,2006-06-21,2012-12-31,225,0.05339212157070761,-0.4238689520023172,0.125963747329188,0.32484417897784434,0.365479188615492,5.754721311611289,False,False,252.0,0.25
MODEL_B_FOUR_STATE,weekly,2013,2006-06-21,2012-12-31,225,0.05522584990256596,-0.4277509537014933,0.12910748514918663,0.33051671124665527,0.3730957366017358,5.5290157033843546,False,False,252.0,0.33
MODEL_B_FOUR_STATE,weekly,2013,2006-06-21,2012-12-31,225,0.05393325400061055,-0.43795404715334163,0.12314820322171108,0.3262102080699786,0.366482043936634,5.367060327153417,False,False,252.0,0.4
MODEL_B_FOUR_STATE,weekly,2013,2006-06-21,2012-12-31,250,0.0550647570082734,-0.47380444578575065,0.11621832065538089,0.3306808729137361,0.3790807733496125,9.979797222414453,False,False,126.0,0.25
MODEL_B_FOUR_STATE,weekly,2013,2006-06-21,2012-12-31,250,0.055366975128913865,-0.4788482075652021,0.11562531560980074,0.3314065020111043,0.3809577154055091,9.690873342941071,False,False,126.0,0.33
MODEL_B_FOUR_STATE,weekly,2013,2006-06-21,2012-12-31,250,0.051643873094820325,-0.4902129584636292,0.10534987336254184,0.319159286473197,0.3646147544874313,9.527878791557557,False,False,126.0,0.4
MODEL_B_FOUR_STATE,weekly,2013,2006-06-21,2012-12-31,250,0.10307995771401846,-0.38084371756320834,0.2706620930327159,0.47898938914738903,0.5467941606670956,7.0391198235004,False,False,189.0,0.25
MODEL_B_FOUR_STATE,weekly,2013,2006-06-21,2012-12-31,250,0.10342544668105424,-0.38501562558453206,0.2686266213846084,0.4787876755721698,0.548367269063858,6.815905445019174,False,False,189.0,0.33
MODEL_B_FOUR_STATE,weekly,2013,2006-06-21,2012-12-31,250,0.10260694918821689,-0.39598068194272806,0.259121098243518,0.47488170212622605,0.5412449902582485,6.596081483115274,False,False,189.0,0.4
MODEL_B_FOUR_STATE,weekly,2013,2006-06-21,2012-12-31,250,0.05627793944158599,-0.4238689520023172,0.13277202582480804,0.3337101218706981,0.3819412289922808,5.202914895892877,False,False,252.0,0.25
MODEL_B_FOUR_STATE,weekly,2013,2006-06-21,2012-12-31,250,0.05660876983302576,-0.42775095370149385,0.13234048771409687,0.3345045655017041,0.38416701914717,4.979700517411651,False,False,252.0,0.33
MODEL_B_FOUR_STATE,weekly,2013,2006-06-21,2012-12-31,250,0.05582499995385648,-0.4379540471533413,0.12746771109141142,0.3318400511219039,0.3792638269522988,4.759876555507752,False,False,252.0,0.4
MODEL_B_FOUR_STATE,weekly,2014,2006-06-21,2013-12-31,150,0.09548941951644307,-0.5039260578021512,0.18949093431071118,0.4638572074345168,0.5196044416146819,10.179776121991646,False,False,126.0,0.25
MODEL_B_FOUR_STATE,weekly,2014,2006-06-21,2013-12-31,150,0.09941468227950989,-0.5034346832688326,0.19747285116314237,0.4754408719886665,0.534049698017832,9.563586950622323,False,False,126.0,0.33
MODEL_B_FOUR_STATE,weekly,2014,2006-06-21,2013-12-31,150,0.09554281229651806,-0.5168150419710549,0.18486848202430822,0.4618811862546264,0.5161654312567474,9.362936163353904,False,False,126.0,0.4
MODEL_B_FOUR_STATE,weekly,2014,2006-06-21,2013-12-31,150,0.1348789750767898,-0.449707184413336,0.29992621810733516,0.5934273860932396,0.6645715006614005,8.059608803273735,False,False,189.0,0.25
MODEL_B_FOUR_STATE,weekly,2014,2006-06-21,2013-12-31,150,0.13888484341573126,-0.4528487987024248,0.3066914250709872,0.6042844815010278,0.6785711087246499,7.549706063288368,False,False,189.0,0.33
MODEL_B_FOUR_STATE,weekly,2014,2006-06-21,2013-12-31,150,0.135579314458405,-0.46478051839865897,0.2917061044759921,0.5916250432157094,0.6606784348818524,7.29686090541098,False,False,189.0,0.4
MODEL_B_FOUR_STATE,weekly,2014,2006-06-21,2013-12-31,150,0.09471591819590253,-0.48794708938141795,0.1941110424820366,0.46462999283661616,0.5198777821842224,6.73209074412149,False,False,252.0,0.25
MODEL_B_FOUR_STATE,weekly,2014,2006-06-21,2013-12-31,150,0.09858001994872523,-0.4908703925669299,0.2008269829296822,0.4761799482993397,0.5342955239352942,6.222188004136126,False,False,252.0,0.33
MODEL_B_FOUR_STATE,weekly,2014,2006-06-21,2013-12-31,150,0.09605907768982136,-0.5019729758209526,0.1913630460538665,0.4666276541301388,0.5208492671442618,6.076645303718814,False,False,252.0,0.4
MODEL_B_FOUR_STATE,weekly,2014,2006-06-21,2013-12-31,175,0.14363158166085288,-0.4952787336543665,0.2900015120800384,0.6151918057310963,0.6951397036451483,9.648702522427794,False,False,126.0,0.25
MODEL_B_FOUR_STATE,weekly,2014,2006-06-21,2013-12-31,175,0.148510325009247,-0.4981601805812502,0.2981176151734289,0.6281688968897148,0.7121580584086598,9.086785004058246,False,False,126.0,0.33
MODEL_B_FOUR_STATE,weekly,2014,2006-06-21,2013-12-31,175,0.1448061925617914,-0.509103795515318,0.2844335356314083,0.6144546504043311,0.6930029006259512,8.888472662853836,False,False,126.0,0.4
MODEL_B_FOUR_STATE,weekly,2014,2006-06-21,2013-12-31,175,0.1784443677779377,-0.44970718441333624,0.3968012385897873,0.7249801011440821,0.8147173203241331,7.794038815540327,True,False,189.0,0.25
MODEL_B_FOUR_STATE,weekly,2014,2006-06-21,2013-12-31,175,0.18340872469908742,-0.4528487987024252,0.40501095558742656,0.7372136030921476,0.831220567167028,7.338407728554743,False,False,189.0,0.33
MODEL_B_FOUR_STATE,weekly,2014,2006-06-21,2013-12-31,175,0.18029381178802106,-0.46478051839865864,0.38791172317032596,0.7245278060072071,0.8125767015216815,7.141044232433341,False,False,189.0,0.4
MODEL_B_FOUR_STATE,weekly,2014,2006-06-21,2013-12-31,175,0.13704154304451488,-0.48794708938141806,0.28085328517533664,0.5978346070037929,0.6722912195436019,5.935513532727189,False,False,252.0,0.25
MODEL_B_FOUR_STATE,weekly,2014,2006-06-21,2013-12-31,175,0.14183148494435405,-0.49087039256693,0.2889387648798056,0.6108082927230295,0.6892179729192106,5.4798824457416035,False,False,252.0,0.33
MODEL_B_FOUR_STATE,weekly,2014,2006-06-21,2013-12-31,175,0.1395200865403612,-0.5019729758209531,0.27794342177919573,0.6012105198354221,0.6749929513957504,5.389821407080279,False,False,252.0,0.4
MODEL_B_FOUR_STATE,weekly,2014,2006-06-21,2013-12-31,200,0.12982013565608375,-0.5126208094316389,0.2532478847279337,0.5693868662637521,0.6545082419456638,9.914206134258242,False,False,126.0,0.25
MODEL_B_FOUR_STATE,weekly,2014,2006-06-21,2013-12-31,200,0.13402218647950082,-0.5172925032796791,0.25908395275359414,0.580534695443669,0.6693947234514563,9.405137177235023,False,False,126.0,0.33
MODEL_B_FOUR_STATE,weekly,2014,2006-06-21,2013-12-31,200,0.1316653914704522,-0.5278188998817135,0.24945183186876974,0.5712032591617787,0.6554762663994319,9.211687632710698,False,False,126.0,0.4
MODEL_B_FOUR_STATE,weekly,2014,2006-06-21,2013-12-31,200,0.15830076079480637,-0.46861508535574936,0.33780551617247295,0.655155255996285,0.7461275964757125,7.316187513188125,False,False,189.0,0.25
MODEL_B_FOUR_STATE,weekly,2014,2006-06-21,2013-12-31,200,0.16257770081074918,-0.47370858890437273,0.34320192755375317,0.665673777079219,0.7604835936832309,6.860505169300785,False,False,189.0,0.33
MODEL_B_FOUR_STATE,weekly,2014,2006-06-21,2013-12-31,200,0.1608517727737946,-0.4851854194054045,0.3315263945295774,0.6577290014036794,0.7479640616832899,6.66800446985947,False,False,189.0,0.4
MODEL_B_FOUR_STATE,weekly,2014,2006-06-21,2013-12-31,200,0.11348140188741529,-0.5055410783215222,0.22447513516446937,0.518326035724652,0.5900908825841858,5.9886694540358825,False,False,252.0,0.25
MODEL_B_FOUR_STATE,weekly,2014,2006-06-21,2013-12-31,200,0.11759284973060935,-0.5102806337789887,0.2304474086342474,0.5296668374664029,0.6049477769905781,5.532987110148543,False,False,252.0,0.33
MODEL_B_FOUR_STATE,weekly,2014,2006-06-21,2013-12-31,200,0.11610534643974324,-0.5209599381352785,0.2228680901171214,0.5232926115430667,0.5950855517676055,5.340732467907835,False,False,252.0,0.4
MODEL_B_FOUR_STATE,weekly,2014,2006-06-21,2013-12-31,225,0.1293328084939176,-0.47380444578575054,0.2729666419221413,0.5722916515818854,0.6546803201973188,10.49829019770816,False,False,126.0,0.25
MODEL_B_FOUR_STATE,weekly,2014,2006-06-21,2013-12-31,225,0.13353246500899774,-0.4788482075652024,0.2788617831274126,0.5835530665106903,0.6696927483529898,9.990247818476272,False,False,126.0,0.33
MODEL_B_FOUR_STATE,weekly,2014,2006-06-21,2013-12-31,225,0.13192539160326922,-0.49021295846362867,0.26911853170249767,0.5762693601709955,0.6581157232553277,9.744669275683728,False,False,126.0,0.4
MODEL_B_FOUR_STATE,weekly,2014,2006-06-21,2013-12-31,225,0.1734989037243606,-0.38084371756320834,0.4555645681500972,0.6968075250409743,0.7955733508619157,7.103760741146698,True,True,189.0,0.25
MODEL_B_FOUR_STATE,weekly,2014,2006-06-21,2013-12-31,225,0.1782805301732624,-0.38501562558453206,0.4630475189223717,0.7080704425139293,0.8111683283073371,6.70368906012416,True,True,189.0,0.33
MODEL_B_FOUR_STATE,weekly,2014,2006-06-21,2013-12-31,225,0.17928111752401987,-0.39598068194272884,0.45275218135502254,0.7075713449170692,0.8074242974263028,6.408577862279697,True,True,189.0,0.4
MODEL_B_FOUR_STATE,weekly,2014,2006-06-21,2013-12-31,225,0.12938944785911488,-0.4238689520023172,0.3052581399224719,0.5656527650801775,0.6457154340471211,5.510739070164008,False,False,252.0,0.25
MODEL_B_FOUR_STATE,weekly,2014,2006-06-21,2013-12-31,225,0.13399134261832946,-0.4277509537014933,0.3132461575102309,0.5777835491505255,0.6618572295288857,5.1106673891414705,False,False,252.0,0.33
MODEL_B_FOUR_STATE,weekly,2014,2006-06-21,2013-12-31,225,0.13512888705074122,-0.43795404715334163,0.3085458118929731,0.578864860766962,0.6606537035847312,4.815802248497612,False,False,252.0,0.4
MODEL_B_FOUR_STATE,weekly,2014,2006-06-21,2013-12-31,250,0.12544408478932723,-0.47380444578575065,0.2647591973969187,0.5585224597842388,0.6453209018982216,10.233185049656692,False,False,126.0,0.25
MODEL_B_FOUR_STATE,weekly,2014,2006-06-21,2013-12-31,250,0.12860692671246388,-0.4788482075652021,0.2685755625282406,0.5664914172366515,0.6564826908834587,9.778285886116779,False,False,126.0,0.33
MODEL_B_FOUR_STATE,weekly,2014,2006-06-21,2013-12-31,250,0.1274796601664574,-0.4902129584636292,0.26004955186413253,0.5608438216062747,0.6467942634058401,9.482519497204235,False,False,126.0,0.4
MODEL_B_FOUR_STATE,weekly,2014,2006-06-21,2013-12-31,250,0.17425156869599112,-0.38084371756320834,0.4575408774258452,0.6957511805402007,0.8042213740519999,6.89016648230556,True,True,189.0,0.25
MODEL_B_FOUR_STATE,weekly,2014,2006-06-21,2013-12-31,250,0.17757889437293106,-0.38501562558453206,0.46122516223420845,0.7024522745041586,0.8147255645992846,6.492255376898843,True,True,189.0,0.33
MODEL_B_FOUR_STATE,weekly,2014,2006-06-21,2013-12-31,250,0.1790733460445264,-0.39598068194272806,0.45222748030528004,0.7034259645197232,0.812648345188967,6.1469563329343755,True,True,189.0,0.4
MODEL_B_FOUR_STATE,weekly,2014,2006-06-21,2013-12-31,250,0.13207231634920547,-0.4238689520023172,0.3115876162321119,0.571113140066272,0.6615443413640689,5.032172415077313,False,False,252.0,0.25
MODEL_B_FOUR_STATE,weekly,2014,2006-06-21,2013-12-31,250,0.13528012410246593,-0.42775095370149385,0.3162590823745333,0.5787083563328387,0.6726832881835667,4.634261309670598,False,False,252.0,0.33
MODEL_B_FOUR_STATE,weekly,2014,2006-06-21,2013-12-31,250,0.13689573375469832,-0.4379540471533413,0.312580131738723,0.5812045724305475,0.6730605091393836,4.2892083229067355,False,False,252.0,0.4
MODEL_B_FOUR_STATE,weekly,2015,2006-06-21,2014-12-31,150,0.12152970330001645,-0.5039260578021512,0.24116574528823195,0.54569402918053,0.6251712497422208,9.562990557602436,False,False,126.0,0.25
MODEL_B_FOUR_STATE,weekly,2015,2006-06-21,2014-12-31,150,0.12421861394215261,-0.5034346832688326,0.24674226482687578,0.5524915154901424,0.634017519290874,9.018429527103645,False,False,126.0,0.33
MODEL_B_FOUR_STATE,weekly,2015,2006-06-21,2014-12-31,150,0.12042388123266834,-0.5168150419710549,0.23301156400825673,0.5388466396474428,0.6152105444296586,8.750185728083245,False,False,126.0,0.4
MODEL_B_FOUR_STATE,weekly,2015,2006-06-21,2014-12-31,150,0.15705637501115643,-0.449707184413336,0.34924141853780655,0.6607398167267563,0.7571942244589012,7.691253759376348,True,False,189.0,0.25
MODEL_B_FOUR_STATE,weekly,2015,2006-06-21,2014-12-31,150,0.15977604325604,-0.4528487987024248,0.3528242621242587,0.6667139946826744,0.7652469208398724,7.240525051929207,False,False,189.0,0.33
MODEL_B_FOUR_STATE,weekly,2015,2006-06-21,2014-12-31,150,0.1564954775463565,-0.46478051839865897,0.3367083415749468,0.6538004025258437,0.746310103788804,6.926202755581467,False,False,189.0,0.4
MODEL_B_FOUR_STATE,weekly,2015,2006-06-21,2014-12-31,150,0.12083057599360258,-0.48794708938141795,0.2476304882703212,0.5476248837971217,0.6269710582667718,6.51928757553408,False,False,252.0,0.25
MODEL_B_FOUR_STATE,weekly,2015,2006-06-21,2014-12-31,150,0.12346509527136429,-0.4908703925669299,0.25152279938034744,0.5542957924781928,0.6356675609044089,6.068558868086938,False,False,252.0,0.33
MODEL_B_FOUR_STATE,weekly,2015,2006-06-21,2014-12-31,150,0.12088999150221857,-0.5019729758209526,0.24082968073033978,0.5441334123680545,0.6207774969672538,5.848965868052265,False,False,252.0,0.4
MODEL_B_FOUR_STATE,weekly,2015,2006-06-21,2014-12-31,175,0.17006368747113987,-0.4952787336543665,0.34336965412655884,0.6941521238536981,0.8019757156641868,8.859693650678693,False,False,126.0,0.25
MODEL_B_FOUR_STATE,weekly,2015,2006-06-21,2014-12-31,175,0.17357350439053598,-0.4981601805812502,0.3484291020370426,0.7019362876067158,0.812680861711506,8.363044994417265,False,False,126.0,0.33
MODEL_B_FOUR_STATE,weekly,2015,2006-06-21,2014-12-31,175,0.16989241454654302,-0.509103795515318,0.33370879581555046,0.6879156504653812,0.7923220455211202,8.143173892185672,False,False,126.0,0.4
MODEL_B_FOUR_STATE,weekly,2015,2006-06-21,2014-12-31,175,0.20145216237643782,-0.44970718441333624,0.44796296203104125,0.7912863557394463,0.9100806897462232,7.222350089221056,True,False,189.0,0.25
MODEL_B_FOUR_STATE,weekly,2015,2006-06-21,2014-12-31,175,0.20499959374578913,-0.4528487987024252,0.4526888319747932,0.7982910769558086,0.9200598512987544,6.819533756011282,False,False,189.0,0.33
MODEL_B_FOUR_STATE,weekly,2015,2006-06-21,2014-12-31,175,0.20185081098363256,-0.46478051839865864,0.43429275323131766,0.7851295234311589,0.9000847795491589,6.600500317978173,False,False,189.0,0.4
MODEL_B_FOUR_STATE,weekly,2015,2006-06-21,2014-12-31,175,0.16410935783744462,-0.48794708938141806,0.3363261333221393,0.6795146260609163,0.781843661053027,5.58159743184188,False,False,252.0,0.25
MODEL_B_FOUR_STATE,weekly,2015,2006-06-21,2014-12-31,175,0.1675465301050283,-0.49087039256693,0.3413253939168543,0.6872528141783392,0.7924676350934561,5.178781098632107,False,False,252.0,0.33
MODEL_B_FOUR_STATE,weekly,2015,2006-06-21,2014-12-31,175,0.1651221535458871,-0.5019729758209531,0.328946300895656,0.6768250007652836,0.7765195100192507,5.054476956912065,False,False,252.0,0.4
MODEL_B_FOUR_STATE,weekly,2015,2006-06-21,2014-12-31,200,0.15757991855706166,-0.5126208094316389,0.3074005496026901,0.6531116715089678,0.7658569889278074,9.094086887447144,False,False,126.0,0.25
MODEL_B_FOUR_STATE,weekly,2015,2006-06-21,2014-12-31,200,0.16049418952663297,-0.5172925032796791,0.3102581006086227,0.6593485170561028,0.7746471745614244,8.64409426447702,False,False,126.0,0.33
MODEL_B_FOUR_STATE,weekly,2015,2006-06-21,2014-12-31,200,0.15802916513083298,-0.5278188998817135,0.29940035335272763,0.6491867309661785,0.7590115886876978,8.42851616091966,False,False,126.0,0.4
MODEL_B_FOUR_STATE,weekly,2015,2006-06-21,2014-12-31,200,0.18330340971767978,-0.46861508535574936,0.3911598568759794,0.7284803445256218,0.8472272017393755,6.8004909940465605,False,False,189.0,0.25
MODEL_B_FOUR_STATE,weekly,2015,2006-06-21,2014-12-31,200,0.18625448317135018,-0.47370858890437273,0.3931836735367896,0.7341278165640573,0.8554730320702989,6.397629409960436,False,False,189.0,0.33
MODEL_B_FOUR_STATE,weekly,2015,2006-06-21,2014-12-31,200,0.18435643745185026,-0.4851854194054045,0.3799710998689519,0.7251678420432768,0.8410997752072281,6.182888970601561,False,False,189.0,0.4
MODEL_B_FOUR_STATE,weekly,2015,2006-06-21,2014-12-31,200,0.1427886810716401,-0.5055410783215222,0.28244723761266155,0.6079450642239621,0.7066799867025753,5.628524810204293,False,False,252.0,0.25
MODEL_B_FOUR_STATE,weekly,2015,2006-06-21,2014-12-31,200,0.14563871371091852,-0.5102806337789887,0.28540905546887196,0.6143950855495047,0.7156482605744878,5.225663226118168,False,False,252.0,0.33
MODEL_B_FOUR_STATE,weekly,2015,2006-06-21,2014-12-31,200,0.14396096728396168,-0.5209599381352785,0.2763378846351504,0.6068425427428176,0.7037342311165818,5.01114001221729,False,False,252.0,0.4
MODEL_B_FOUR_STATE,weekly,2015,2006-06-21,2014-12-31,225,0.15713911213674647,-0.47380444578575054,0.3316539419045535,0.6567552634114625,0.7670192618567473,9.609730924200685,False,False,126.0,0.25
MODEL_B_FOUR_STATE,weekly,2015,2006-06-21,2014-12-31,225,0.1600517476800043,-0.4788482075652024,0.3342431800962956,0.6630095977691319,0.7758439200813516,9.160644589810385,False,False,126.0,0.33
MODEL_B_FOUR_STATE,weekly,2015,2006-06-21,2014-12-31,225,0.15826404393660076,-0.49021295846362867,0.32284753229007745,0.654611325085731,0.7622519338034963,8.899045701265031,False,False,126.0,0.4
MODEL_B_FOUR_STATE,weekly,2015,2006-06-21,2014-12-31,225,0.1969998459300979,-0.38084371756320834,0.5172721429949858,0.7646622960706865,0.8911089706281619,6.6129553204947396,True,True,189.0,0.25
MODEL_B_FOUR_STATE,weekly,2015,2006-06-21,2014-12-31,225,0.20038852399458618,-0.38501562558453206,0.52046854901111,0.7709561156076914,0.9004144825997793,6.259188222083802,True,True,189.0,0.33
MODEL_B_FOUR_STATE,weekly,2015,2006-06-21,2014-12-31,225,0.20094040466920293,-0.39598068194272884,0.5074500192367091,0.7685336657275245,0.8939454012362335,5.9538606653545685,True,True,189.0,0.4
MODEL_B_FOUR_STATE,weekly,2015,2006-06-21,2014-12-31,225,0.15719034579560365,-0.4238689520023172,0.37084656720680104,0.6491255714492155,0.7562130547417092,5.206595899884017,True,False,252.0,0.25
MODEL_B_FOUR_STATE,weekly,2015,2006-06-21,2014-12-31,225,0.1604663241130342,-0.4277509537014933,0.37513960570854943,0.6562416907003833,0.7662490186933416,4.85282880147308,True,False,252.0,0.33
MODEL_B_FOUR_STATE,weekly,2015,2006-06-21,2014-12-31,225,0.16115749795997614,-0.43795404715334163,0.36797809954602334,0.6552225333462769,0.7621199141459503,4.547718470201846,True,False,252.0,0.4
MODEL_B_FOUR_STATE,weekly,2015,2006-06-21,2014-12-31,250,0.15362081045171294,-0.47380444578575065,0.3242283009754169,0.6442268595598314,0.7588275131501835,9.375689461233897,False,False,126.0,0.25
MODEL_B_FOUR_STATE,weekly,2015,2006-06-21,2014-12-31,250,0.15560049272096932,-0.4788482075652021,0.32494742647602387,0.6475846573823275,0.7641387906092574,8.97351928836942,False,False,126.0,0.33
MODEL_B_FOUR_STATE,weekly,2015,2006-06-21,2014-12-31,250,0.1542469895807097,-0.4902129584636292,0.31465302358414476,0.6406350033416667,0.7522460026913533,8.667613312559217,False,False,126.0,0.4
MODEL_B_FOUR_STATE,weekly,2015,2006-06-21,2014-12-31,250,0.1976775989135071,-0.38084371756320834,0.5190517521946485,0.7632521878925553,0.8989440288061986,6.424388960362111,True,True,189.0,0.25
MODEL_B_FOUR_STATE,weekly,2015,2006-06-21,2014-12-31,250,0.19975745815622914,-0.38501562558453206,0.5188294834864343,0.7655210399616823,0.903590806957455,6.072529272205915,True,True,189.0,0.33
MODEL_B_FOUR_STATE,weekly,2015,2006-06-21,2014-12-31,250,0.2007536079818839,-0.39598068194272806,0.5069782874178683,0.7644176861912705,0.8986225465327925,5.72289462821183,True,True,189.0,0.4
MODEL_B_FOUR_STATE,weekly,2015,2006-06-21,2014-12-31,250,0.15961681458772126,-0.4238689520023172,0.3765711402868891,0.6532422414003086,0.7706440981038932,4.784105273402986,True,False,252.0,0.25
MODEL_B_FOUR_STATE,weekly,2015,2006-06-21,2014-12-31,250,0.16163057835187922,-0.42775095370149385,0.3778614096666005,0.6563539461033197,0.7760779758031849,4.432245585246789,True,False,252.0,0.33
MODEL_B_FOUR_STATE,weekly,2015,2006-06-21,2014-12-31,250,0.16275293578918526,-0.4379540471533413,0.37162103386659745,0.656608352415375,0.7733664041837869,4.082828166710702,True,False,252.0,0.4
MODEL_B_FOUR_STATE,weekly,2016,2006-06-21,2015-12-31,150,0.08750916736022774,-0.5039260578021512,0.17365477733359272,0.4349793779443964,0.4856010226884502,9.57296853210544,False,False,126.0,0.25
MODEL_B_FOUR_STATE,weekly,2016,2006-06-21,2015-12-31,150,0.09071279695886703,-0.5034346832688326,0.18018781775197373,0.4440322027413917,0.4969653618849487,9.007566190279931,False,False,126.0,0.33
MODEL_B_FOUR_STATE,weekly,2016,2006-06-21,2015-12-31,150,0.08703550473428301,-0.5168150419710549,0.16840745269786012,0.43151660423707217,0.4813706405910349,8.894026600557716,False,False,126.0,0.4
MODEL_B_FOUR_STATE,weekly,2016,2006-06-21,2015-12-31,150,0.12003883985626684,-0.449707184413336,0.2669266669885719,0.5391672713606255,0.6015641462944629,7.47793117821414,False,False,189.0,0.25
MODEL_B_FOUR_STATE,weekly,2016,2006-06-21,2015-12-31,150,0.12329111799113135,-0.4528487987024248,0.27225669659366414,0.5474250537035624,0.6122879478358327,6.996519550844345,False,False,189.0,0.33
MODEL_B_FOUR_STATE,weekly,2016,2006-06-21,2015-12-31,150,0.12005378957458102,-0.46478051839865897,0.2583021121199546,0.5355385023201287,0.59686962895355,6.841734409635157,False,False,189.0,0.4
MODEL_B_FOUR_STATE,weekly,2016,2006-06-21,2015-12-31,150,0.08859785260362485,-0.48794708938141795,0.18157266337205216,0.44039091792260493,0.4910173374702832,6.428886734918546,False,False,252.0,0.25
MODEL_B_FOUR_STATE,weekly,2016,2006-06-21,2015-12-31,150,0.09175883494432413,-0.4908703925669299,0.1869308810101291,0.4493379593723178,0.5022762292831463,5.947475107548751,False,False,252.0,0.33
MODEL_B_FOUR_STATE,weekly,2016,2006-06-21,2015-12-31,150,0.08913664558618306,-0.5019729758209526,0.17757259828659974,0.43988015418034765,0.4900843802017677,5.877483574964622,False,False,252.0,0.4
MODEL_B_FOUR_STATE,weekly,2016,2006-06-21,2015-12-31,175,0.12954073294545743,-0.4952787336543665,0.2615511713770821,0.5649012377493675,0.6348301618472909,8.943436961683759,False,False,126.0,0.25
MODEL_B_FOUR_STATE,weekly,2016,2006-06-21,2015-12-31,175,0.133477301416701,-0.4981601805812502,0.26794052720343986,0.5747726335586906,0.6478017568409891,8.42092170197014,False,False,126.0,0.33
MODEL_B_FOUR_STATE,weekly,2016,2006-06-21,2015-12-31,175,0.12989810269419277,-0.509103795515318,0.25515052890680007,0.5619182607413462,0.6312059405434248,8.350681235953997,False,False,126.0,0.4
MODEL_B_FOUR_STATE,weekly,2016,2006-06-21,2015-12-31,175,0.15843046495204893,-0.44970718441333624,0.35229693997157013,0.6540273953107462,0.7320540579246138,7.058208496451572,True,False,189.0,0.25
MODEL_B_FOUR_STATE,weekly,2016,2006-06-21,2015-12-31,175,0.16241889507764573,-0.4528487987024252,0.35866032005171333,0.6631409780327673,0.7444043499164958,6.619683951193674,False,False,189.0,0.33
MODEL_B_FOUR_STATE,weekly,2016,2006-06-21,2015-12-31,175,0.1592930354294546,-0.46478051839865864,0.3427274361203396,0.6510197519983333,0.7283046621424574,6.550193290918416,False,False,189.0,0.4
MODEL_B_FOUR_STATE,weekly,2016,2006-06-21,2015-12-31,175,0.12614814270809394,-0.48794708938141806,0.25852832295406225,0.5564200517796626,0.623101113501886,5.589546275837743,False,False,252.0,0.25
MODEL_B_FOUR_STATE,weekly,2016,2006-06-21,2015-12-31,175,0.13002542607913226,-0.49087039256693,0.26488748974894294,0.5662453040907531,0.6359907285983933,5.151021730579843,False,False,252.0,0.33
MODEL_B_FOUR_STATE,weekly,2016,2006-06-21,2015-12-31,175,0.12752941921158967,-0.5019729758209531,0.2540563443739602,0.5565377541785125,0.6231037068340056,5.166324678929644,False,False,252.0,0.4
MODEL_B_FOUR_STATE,weekly,2016,2006-06-21,2015-12-31,200,0.11999774843187727,-0.5126208094316389,0.23408676788779426,0.5338107453614982,0.6081236852446976,9.363054739001994,False,False,126.0,0.25
MODEL_B_FOUR_STATE,weekly,2016,2006-06-21,2015-12-31,200,0.12341746892299255,-0.5172925032796791,0.23858352506660185,0.5423377382473421,0.6195332429331507,8.88230199184654,False,False,126.0,0.33
MODEL_B_FOUR_STATE,weekly,2016,2006-06-21,2015-12-31,200,0.12088815269266484,-0.5278188998817135,0.2290333914146621,0.5328509361770062,0.6068329684998556,8.81590425309196,False,False,126.0,0.4
MODEL_B_FOUR_STATE,weekly,2016,2006-06-21,2015-12-31,200,0.14542542661239133,-0.46861508535574936,0.31033022870356713,0.6093204977736683,0.6904614652202665,6.680596116719229,False,False,189.0,0.25
MODEL_B_FOUR_STATE,weekly,2016,2006-06-21,2015-12-31,200,0.14889854878421027,-0.47370858890437273,0.3143252038739545,0.6172072024344012,0.7013356230486392,6.2420310667257475,False,False,189.0,0.33
MODEL_B_FOUR_STATE,weekly,2016,2006-06-21,2015-12-31,200,0.1468507452318557,-0.4851854194054045,0.30266932879356007,0.6087004156902383,0.6896340678314545,6.176383133712052,False,False,189.0,0.4
MODEL_B_FOUR_STATE,weekly,2016,2006-06-21,2015-12-31,200,0.11025711289851792,-0.5055410783215222,0.21809723804164302,0.5037215243058026,0.5706001348035745,5.631551673423636,False,False,252.0,0.25
MODEL_B_FOUR_STATE,weekly,2016,2006-06-21,2015-12-31,200,0.11362359883958129,-0.5102806337789887,0.22266884400083586,0.5123853133336858,0.5820746844757415,5.192986623430154,False,False,252.0,0.33
MODEL_B_FOUR_STATE,weekly,2016,2006-06-21,2015-12-31,200,0.11177378165467178,-0.5209599381352785,0.21455350684882663,0.5051313929297195,0.5722634575589512,5.12753313216981,False,False,252.0,0.4
MODEL_B_FOUR_STATE,weekly,2016,2006-06-21,2015-12-31,225,0.11847650555994327,-0.47380444578575054,0.2500535961908579,0.5316182883443807,0.604804326098375,10.034476762207207,False,False,126.0,0.25
MODEL_B_FOUR_STATE,weekly,2016,2006-06-21,2015-12-31,225,0.1218911261393798,-0.4788482075652024,0.25455065762730766,0.5402158796578989,0.6163000229558467,9.554535247501796,False,False,126.0,0.33
MODEL_B_FOUR_STATE,weekly,2016,2006-06-21,2015-12-31,225,0.11995067607194909,-0.49021295846362867,0.24469095318876363,0.532362428676375,0.6054724453649921,9.446943616437562,False,False,126.0,0.4
MODEL_B_FOUR_STATE,weekly,2016,2006-06-21,2015-12-31,225,0.15478333239919717,-0.38684069500903095,0.4001216376565131,0.6328642188083837,0.7210135342501646,6.7225914739470864,True,True,189.0,0.25
MODEL_B_FOUR_STATE,weekly,2016,2006-06-21,2015-12-31,225,0.1586334047853648,-0.3889969088005909,0.4078011963500823,0.6413853990604714,0.7328870727100341,6.327971631677228,True,True,189.0,0.33
MODEL_B_FOUR_STATE,weekly,2016,2006-06-21,2015-12-31,225,0.1587038515918282,-0.39598068194272884,0.4007868535737855,0.6387668298535081,0.7281309441856785,6.181237816304721,True,True,189.0,0.4
MODEL_B_FOUR_STATE,weekly,2016,2006-06-21,2015-12-31,225,0.12034531249674174,-0.4238689520023172,0.28392103721737993,0.5318880650814631,0.6057961348355163,5.4637381419923745,False,False,252.0,0.25
MODEL_B_FOUR_STATE,weekly,2016,2006-06-21,2015-12-31,225,0.12408056778628063,-0.4277509537014933,0.2900766595902682,0.5411870791797627,0.6182676846368164,5.069118299722515,False,False,252.0,0.33
MODEL_B_FOUR_STATE,weekly,2016,2006-06-21,2015-12-31,225,0.12428554634699518,-0.43795404715334163,0.2837867286644319,0.539800468780809,0.6153065684126096,4.922578926103362,False,False,252.0,0.4
MODEL_B_FOUR_STATE,weekly,2016,2006-06-21,2015-12-31,250,0.11180847168767194,-0.47380444578575065,0.2359802080418438,0.5098688924750429,0.5866415726772849,10.244652981074752,False,False,126.0,0.25
MODEL_B_FOUR_STATE,weekly,2016,2006-06-21,2015-12-31,250,0.11440508285625395,-0.4788482075652021,0.23891722063233586,0.5160778495554157,0.5953589627899015,9.8067068235972,False,False,126.0,0.33
MODEL_B_FOUR_STATE,weekly,2016,2006-06-21,2015-12-31,250,0.11284638705765793,-0.4902129584636292,0.23019870264410897,0.5095955539801712,0.5860730090556826,9.65945525666227,False,False,126.0,0.4
MODEL_B_FOUR_STATE,weekly,2016,2006-06-21,2015-12-31,250,0.14759656058470627,-0.40139927860022284,0.36770509677897645,0.6095057477153074,0.7039625779443717,6.763664248215401,False,False,189.0,0.25
MODEL_B_FOUR_STATE,weekly,2016,2006-06-21,2015-12-31,250,0.1502978430956039,-0.4035042962043164,0.3724813948932525,0.6147671134602297,0.7121564098644853,6.370751757366091,True,False,189.0,0.33
MODEL_B_FOUR_STATE,weekly,2016,2006-06-21,2015-12-31,250,0.1507491505934515,-0.40732590748065556,0.3700946780573018,0.6134987035230431,0.7089502411226163,6.184358006122891,True,False,189.0,0.4
MODEL_B_FOUR_STATE,weekly,2016,2006-06-21,2015-12-31,250,0.11489732280809783,-0.4238689520023172,0.27106803238438115,0.5135716404978893,0.593969257472516,5.295421810032161,False,False,252.0,0.25
MODEL_B_FOUR_STATE,weekly,2016,2006-06-21,2015-12-31,250,0.11752163586634978,-0.42775095370149385,0.27474312996707495,0.5196097651963749,0.6027935698100608,4.902509319182851,False,False,252.0,0.33
MODEL_B_FOUR_STATE,weekly,2016,2006-06-21,2015-12-31,250,0.11809596437052616,-0.4379540471533413,0.2696537802039699,0.5195295444552224,0.6013240896110148,4.716310009693004,False,False,252.0,0.4
MODEL_B_FOUR_STATE,weekly,2017,2006-06-21,2016-12-31,150,0.0757516352353107,-0.5039260578021512,0.1503229175440892,0.40022444731337453,0.44506807364773643,9.695145589446756,False,False,126.0,0.25
MODEL_B_FOUR_STATE,weekly,2017,2006-06-21,2016-12-31,150,0.07909591982121111,-0.5034346832688326,0.15711257577176926,0.41021626167815367,0.45758234770835315,9.147867776803999,False,False,126.0,0.33
MODEL_B_FOUR_STATE,weekly,2017,2006-06-21,2016-12-31,150,0.0761664476667232,-0.5168150419710549,0.14737660764716876,0.3999130295771356,0.44469561894688137,8.894796972284242,False,False,126.0,0.4
MODEL_B_FOUR_STATE,weekly,2017,2006-06-21,2016-12-31,150,0.10691120814745836,-0.449707184413336,0.23773515712658452,0.5031535300286968,0.5595032211091341,7.95169667994134,False,False,189.0,0.25
MODEL_B_FOUR_STATE,weekly,2017,2006-06-21,2016-12-31,150,0.11024683833141924,-0.4528487987024248,0.2434517628120384,0.5122054099639959,0.5711168460368101,7.478678965061589,False,False,189.0,0.33
MODEL_B_FOUR_STATE,weekly,2017,2006-06-21,2016-12-31,150,0.10772494197162397,-0.46478051839865897,0.23177594091674988,0.5024490970279216,0.5583457644317755,7.188277986504207,False,False,189.0,0.4
MODEL_B_FOUR_STATE,weekly,2017,2006-06-21,2016-12-31,150,0.07689865699439813,-0.48794708938141795,0.15759630227917615,0.40527477612279733,0.4512854775696833,6.698141841359547,False,False,252.0,0.25
MODEL_B_FOUR_STATE,weekly,2017,2006-06-21,2016-12-31,150,0.08018811092330025,-0.4908703925669299,0.1633590294659433,0.4151095110411849,0.4636778790036575,6.188928898729633,False,False,252.0,0.33
MODEL_B_FOUR_STATE,weekly,2017,2006-06-21,2016-12-31,150,0.07820423550824951,-0.5019729758209526,0.15579371654490015,0.4076849497812633,0.45395455860366524,5.9752722005403145,False,False,252.0,0.4
MODEL_B_FOUR_STATE,weekly,2017,2006-06-21,2016-12-31,175,0.11331384745076445,-0.4952787336543665,0.2287880333861483,0.5206478670601736,0.5827681145256124,9.125374493200342,False,False,126.0,0.25
MODEL_B_FOUR_STATE,weekly,2017,2006-06-21,2016-12-31,175,0.1173183571970371,-0.4981601805812502,0.2355032814147264,0.5313549498696558,0.5967858917027967,8.616912557215425,False,False,126.0,0.33
MODEL_B_FOUR_STATE,weekly,2017,2006-06-21,2016-12-31,175,0.11450140873876324,-0.509103795515318,0.22490778844589876,0.5207357931678156,0.5830055949679881,8.403030556466051,False,False,126.0,0.4
MODEL_B_FOUR_STATE,weekly,2017,2006-06-21,2016-12-31,175,0.1411959316903446,-0.44970718441333624,0.3139730397559497,0.6097235315833914,0.680154246053408,7.571817633768718,False,False,189.0,0.25
MODEL_B_FOUR_STATE,weekly,2017,2006-06-21,2016-12-31,175,0.14519188701713492,-0.4528487987024252,0.3206189073111421,0.6195580668613241,0.6932762167822716,7.1376157955468065,False,False,189.0,0.33
MODEL_B_FOUR_STATE,weekly,2017,2006-06-21,2016-12-31,175,0.1427906756336197,-0.46478051839865864,0.30722173150799553,0.6095715213924503,0.6798797971717143,6.924412422620136,False,False,189.0,0.4
MODEL_B_FOUR_STATE,weekly,2017,2006-06-21,2016-12-31,175,0.1104647457954715,-0.48794708938141806,0.22638672962576792,0.5127469595023684,0.5733750633677299,5.938478695039339,False,False,252.0,0.25
MODEL_B_FOUR_STATE,weekly,2017,2006-06-21,2016-12-31,175,0.11439876154647166,-0.49087039256693,0.23305288581012437,0.5233508698245177,0.5872802198465595,5.468081629067265,False,False,252.0,0.33
MODEL_B_FOUR_STATE,weekly,2017,2006-06-21,2016-12-31,175,0.11254682190449761,-0.5019729758209531,0.22420892622841415,0.5156856714139856,0.5769249967932724,5.3316225365086565,False,False,252.0,0.4
MODEL_B_FOUR_STATE,weekly,2017,2006-06-21,2016-12-31,200,0.10479741921741614,-0.5126208094316389,0.2044345787163982,0.49204816470780655,0.557791696539848,9.505158593347925,False,False,126.0,0.25
MODEL_B_FOUR_STATE,weekly,2017,2006-06-21,2016-12-31,200,0.10833949593961689,-0.5172925032796791,0.20943565826439614,0.5015197748812659,0.5703763698222695,9.034494718143868,False,False,126.0,0.33
MODEL_B_FOUR_STATE,weekly,2017,2006-06-21,2016-12-31,200,0.10645482664233152,-0.5278188998817135,0.2016881674115658,0.49401200980715887,0.5602017365738566,8.82409066040366,False,False,126.0,0.4
MODEL_B_FOUR_STATE,weekly,2017,2006-06-21,2016-12-31,200,0.12959435304656508,-0.46861508535574936,0.2765475485028047,0.5687389366410752,0.6415596575434576,7.230051422723579,False,False,189.0,0.25
MODEL_B_FOUR_STATE,weekly,2017,2006-06-21,2016-12-31,200,0.13312967288808686,-0.47370858890437273,0.28103706794930344,0.5774263588606261,0.6533026932219812,6.79581292481901,False,False,189.0,0.33
MODEL_B_FOUR_STATE,weekly,2017,2006-06-21,2016-12-31,200,0.13168413680056656,-0.4851854194054045,0.2714099219262312,0.5707621376108997,0.6439495712752551,6.586087494901501,False,False,189.0,0.4
MODEL_B_FOUR_STATE,weekly,2017,2006-06-21,2016-12-31,200,0.09627297857132189,-0.5055410783215222,0.1904355208699631,0.4644652307702352,0.5247907625456493,5.976496584141788,False,False,252.0,0.25
MODEL_B_FOUR_STATE,weekly,2017,2006-06-21,2016-12-31,200,0.09974907856385418,-0.5102806337789887,0.19547886390502764,0.4740025316357305,0.5373740953207108,5.506062858487052,False,False,252.0,0.33
MODEL_B_FOUR_STATE,weekly,2017,2006-06-21,2016-12-31,200,0.09846694933285005,-0.5209599381352785,0.1890105977924179,0.46857690900314924,0.5298344624845363,5.296513412263085,False,False,252.0,0.4
MODEL_B_FOUR_STATE,weekly,2017,2006-06-21,2016-12-31,225,0.10343918405670305,-0.47380444578575054,0.21831619558816293,0.4897434156978452,0.5544738667071913,10.112843545429628,False,False,126.0,0.25
MODEL_B_FOUR_STATE,weekly,2017,2006-06-21,2016-12-31,225,0.10697649977383783,-0.4788482075652024,0.22340378032901242,0.49929287394669203,0.5671520121804964,9.642913893613384,False,False,126.0,0.33
MODEL_B_FOUR_STATE,weekly,2017,2006-06-21,2016-12-31,225,0.10561723564683789,-0.49021295846362867,0.21545174158156033,0.49332028395749555,0.5587298969266843,9.395226417085766,False,False,126.0,0.4
MODEL_B_FOUR_STATE,weekly,2017,2006-06-21,2016-12-31,225,0.13794363872292603,-0.43143910437741095,0.31972910504249696,0.5908795456298936,0.6697453593924333,7.268060224583902,False,False,189.0,0.25
MODEL_B_FOUR_STATE,weekly,2017,2006-06-21,2016-12-31,225,0.14181600047565257,-0.4375260808611837,0.324131535648151,0.6001493655561276,0.6824026678223999,6.873595282694471,False,False,189.0,0.33
MODEL_B_FOUR_STATE,weekly,2017,2006-06-21,2016-12-31,225,0.142265000221109,-0.4411297223599395,0.32250150694907825,0.5989360299890474,0.6794547165361121,6.590481329861835,False,False,189.0,0.4
MODEL_B_FOUR_STATE,weekly,2017,2006-06-21,2016-12-31,225,0.10528464251995073,-0.44163031092966676,0.2383999465487734,0.4908364137555318,0.5573042855289377,5.824613335928319,False,False,252.0,0.25
MODEL_B_FOUR_STATE,weekly,2017,2006-06-21,2016-12-31,225,0.1090913171757677,-0.4473698283730254,0.2438504124708323,0.5009503853739179,0.5708047649880491,5.393953166288721,False,False,252.0,0.33
MODEL_B_FOUR_STATE,weekly,2017,2006-06-21,2016-12-31,225,0.10964950164944098,-0.450910403237347,0.24317359027914126,0.5009479128975968,0.5695849835412731,5.111015197149627,False,False,252.0,0.4
MODEL_B_FOUR_STATE,weekly,2017,2006-06-21,2016-12-31,250,0.0974835860544423,-0.47380444578575065,0.20574645704891367,0.469734914878498,0.5373644571634731,10.303068055614041,False,False,126.0,0.25
MODEL_B_FOUR_STATE,weekly,2017,2006-06-21,2016-12-31,250,0.10028904614402645,-0.4788482075652021,0.20943807360993547,0.47708391303665765,0.5474924100147189,9.87114720565812,False,False,126.0,0.33
MODEL_B_FOUR_STATE,weekly,2017,2006-06-21,2016-12-31,250,0.09926772189493138,-0.4902129584636292,0.20249917955258712,0.4723721623347795,0.5405036484683345,9.58756465063115,False,False,126.0,0.4
MODEL_B_FOUR_STATE,weekly,2017,2006-06-21,2016-12-31,250,0.13153205139292456,-0.4668514684645434,0.281742824598,0.5693871237826268,0.6535533427996739,7.305234022881362,False,False,189.0,0.25
MODEL_B_FOUR_STATE,weekly,2017,2006-06-21,2016-12-31,250,0.13437867969243533,-0.4725593224495782,0.2843636202029925,0.5756368140422983,0.6628125852101036,6.912314356139787,False,False,189.0,0.33
MODEL_B_FOUR_STATE,weekly,2017,2006-06-21,2016-12-31,250,0.135165250705247,-0.4759385139979836,0.2839972953015096,0.5756654004149687,0.6613063468131782,6.5933053248078,False,False,189.0,0.4
MODEL_B_FOUR_STATE,weekly,2017,2006-06-21,2016-12-31,250,0.10041898186817644,-0.47640792380598873,0.21078360969720317,0.47410771168273613,0.5459495806546134,5.672275017275121,False,False,252.0,0.25
MODEL_B_FOUR_STATE,weekly,2017,2006-06-21,2016-12-31,250,0.10323254775233348,-0.4817899599611438,0.2142687816920451,0.48121146655741787,0.5560882850806378,5.243160122783382,False,False,252.0,0.33
MODEL_B_FOUR_STATE,weekly,2017,2006-06-21,2016-12-31,250,0.10411896707047852,-0.4851100129303837,0.21462959801949139,0.48240448950333675,0.5562554581266537,4.9243270751449355,False,False,252.0,0.4
MODEL_B_FOUR_STATE,weekly,2018,2006-06-21,2017-12-31,150,0.12344116103916614,-0.5039260578021512,0.24495887666049404,0.5572809586111427,0.619303359806664,9.076903974627164,False,False,126.0,0.25
MODEL_B_FOUR_STATE,weekly,2018,2006-06-21,2017-12-31,150,0.12664109383445643,-0.5034346832688326,0.25155416987198415,0.5653311241278964,0.6299681724561846,8.576966170242018,False,False,126.0,0.33
MODEL_B_FOUR_STATE,weekly,2018,2006-06-21,2017-12-31,150,0.12403270062933935,-0.5168150419710549,0.2399943704353056,0.555051769309937,0.6167463990695218,8.20910488079954,False,False,126.0,0.4
MODEL_B_FOUR_STATE,weekly,2018,2006-06-21,2017-12-31,150,0.15313104993477045,-0.449707184413336,0.340512794196377,0.6548359492891588,0.7280177063619337,7.484230879581235,True,False,189.0,0.25
MODEL_B_FOUR_STATE,weekly,2018,2006-06-21,2017-12-31,150,0.15631515274004726,-0.4528487987024248,0.34518177631904196,0.6619990679206003,0.7377470202791055,7.052131059491348,False,False,189.0,0.33
MODEL_B_FOUR_STATE,weekly,2018,2006-06-21,2017-12-31,150,0.15410647322640147,-0.46478051839865897,0.33156827174545817,0.65220984996779,0.7245934464994913,6.650167959838686,False,False,189.0,0.4
MODEL_B_FOUR_STATE,weekly,2018,2006-06-21,2017-12-31,150,0.12453538791035945,-0.48794708938141795,0.25522313918961154,0.5636128266874753,0.6271187422945927,6.339085155098699,False,False,252.0,0.25
MODEL_B_FOUR_STATE,weekly,2018,2006-06-21,2017-12-31,150,0.12768274568428972,-0.4908703925669299,0.2601149868025097,0.5714711121643057,0.6376217719381712,5.873920319399552,False,False,252.0,0.33
MODEL_B_FOUR_STATE,weekly,2018,2006-06-21,2017-12-31,150,0.12597689797920864,-0.5019729758209526,0.2509635060994658,0.5638210971986882,0.6272854622168587,5.542064551183146,False,False,252.0,0.4
MODEL_B_FOUR_STATE,weekly,2018,2006-06-21,2017-12-31,175,0.1592226856755088,-0.4952787336543665,0.32148096588096875,0.6692425810393189,0.7484548262918647,8.556407451684077,False,False,126.0,0.25
MODEL_B_FOUR_STATE,weekly,2018,2006-06-21,2017-12-31,175,0.16304131658705034,-0.4981601805812502,0.3272869308759579,0.6778818721364267,0.7604277457701224,8.091928674561792,False,False,126.0,0.33
MODEL_B_FOUR_STATE,weekly,2018,2006-06-21,2017-12-31,175,0.16055439902669777,-0.509103795515318,0.3153667296158804,0.6673121098847385,0.746403075600613,7.75986708825477,False,False,126.0,0.4
MODEL_B_FOUR_STATE,weekly,2018,2006-06-21,2017-12-31,175,0.18571534558578273,-0.44970718441333624,0.4129694877524738,0.7530669112190619,0.8397878635739562,7.1372042859642875,True,True,189.0,0.25
MODEL_B_FOUR_STATE,weekly,2018,2006-06-21,2017-12-31,175,0.18951796732231596,-0.4528487987024252,0.41850164528503364,0.7609034038517859,0.8508742029629788,6.740563493137267,False,False,189.0,0.33
MODEL_B_FOUR_STATE,weekly,2018,2006-06-21,2017-12-31,175,0.1874357684570982,-0.46478051839865864,0.4032780227167954,0.7509134426930861,0.8372041787505575,6.409121846003034,False,False,189.0,0.4
MODEL_B_FOUR_STATE,weekly,2018,2006-06-21,2017-12-31,175,0.15651235223061666,-0.48794708938141806,0.3207568108030545,0.6625684802014619,0.7402131262953671,5.645118702829468,False,False,252.0,0.25
MODEL_B_FOUR_STATE,weekly,2018,2006-06-21,2017-12-31,175,0.1602647541125406,-0.49087039256693,0.32649097712832326,0.6710912942736657,0.7520745606889319,5.215412894393184,False,False,252.0,0.33
MODEL_B_FOUR_STATE,weekly,2018,2006-06-21,2017-12-31,175,0.15869492454809686,-0.5019729758209531,0.3161423666056102,0.6632338269124929,0.7412166944947294,4.95407857869521,False,False,252.0,0.4
MODEL_B_FOUR_STATE,weekly,2018,2006-06-21,2017-12-31,200,0.1511192684651268,-0.5126208094316389,0.29479737397449424,0.6415307423571298,0.7260016484498955,8.903347310336361,False,False,126.0,0.25
MODEL_B_FOUR_STATE,weekly,2018,2006-06-21,2017-12-31,200,0.1545003265754077,-0.5172925032796791,0.29867111082388065,0.6490151231324612,0.7365890038828206,8.473397766690534,False,False,126.0,0.33
MODEL_B_FOUR_STATE,weekly,2018,2006-06-21,2017-12-31,200,0.1528975574115421,-0.5278188998817135,0.289678064665375,0.6413123301390333,0.7259186210049103,8.144513346187795,False,False,126.0,0.4
MODEL_B_FOUR_STATE,weekly,2018,2006-06-21,2017-12-31,200,0.1746987778490503,-0.46861508535574936,0.3727980240252566,0.7124768932229504,0.8025732852466299,6.82499447806014,False,False,189.0,0.25
MODEL_B_FOUR_STATE,weekly,2018,2006-06-21,2017-12-31,200,0.17806717049878507,-0.47370858890437273,0.375900236283728,0.71927951789785,0.8123813430125664,6.428320195929287,False,False,189.0,0.33
MODEL_B_FOUR_STATE,weekly,2018,2006-06-21,2017-12-31,200,0.1768889197934025,-0.4851854194054045,0.3645800403692678,0.712373498520588,0.8025269837799591,6.100055714599341,False,False,189.0,0.4
MODEL_B_FOUR_STATE,weekly,2018,2006-06-21,2017-12-31,200,0.14300281577474228,-0.5055410783215222,0.28287081289127813,0.6152340573960183,0.6937802433590566,5.679848753577605,False,False,252.0,0.25
MODEL_B_FOUR_STATE,weekly,2018,2006-06-21,2017-12-31,200,0.1463232348093415,-0.5102806337789887,0.28675051554615066,0.6227967505588007,0.7044208141887878,5.25010945583749,False,False,252.0,0.33
MODEL_B_FOUR_STATE,weekly,2018,2006-06-21,2017-12-31,200,0.14529181271250136,-0.5209599381352785,0.27889248688211643,0.617021695102112,0.6962347900834485,4.9220057388937795,False,False,252.0,0.4
MODEL_B_FOUR_STATE,weekly,2018,2006-06-21,2017-12-31,225,0.14982640353060117,-0.47380444578575054,0.3162199191316814,0.6407935992926256,0.7243209454320787,9.458478847697764,False,False,126.0,0.25
MODEL_B_FOUR_STATE,weekly,2018,2006-06-21,2017-12-31,225,0.15320327750559914,-0.4788482075652024,0.31994121536883524,0.6483184080202581,0.7349750726800413,9.029200030810346,False,False,126.0,0.33
MODEL_B_FOUR_STATE,weekly,2018,2006-06-21,2017-12-31,225,0.15210025942154193,-0.49021295846362867,0.3102738448576263,0.6420085410195626,0.7258898627069501,8.666256511890504,False,False,126.0,0.4
MODEL_B_FOUR_STATE,weekly,2018,2006-06-21,2017-12-31,225,0.18262803106872405,-0.43143910437741095,0.4232996712995355,0.7314254636846211,0.8273699526864102,6.859716227443115,True,True,189.0,0.25
MODEL_B_FOUR_STATE,weekly,2018,2006-06-21,2017-12-31,225,0.18631425568579063,-0.4375260808611837,0.4258357703364055,0.7387499692519632,0.8380090573546886,6.499375830529226,True,True,189.0,0.33
MODEL_B_FOUR_STATE,weekly,2018,2006-06-21,2017-12-31,225,0.18693678383587087,-0.4411297223599395,0.4237682803049483,0.7368874923243277,0.8341610000060634,6.104069564782872,True,True,189.0,0.4
MODEL_B_FOUR_STATE,weekly,2018,2006-06-21,2017-12-31,225,0.1515830087896719,-0.44163031092966676,0.3432350657059242,0.6382537757414581,0.7228367585695823,5.541100573634439,True,False,252.0,0.25
MODEL_B_FOUR_STATE,weekly,2018,2006-06-21,2017-12-31,225,0.15521571271569634,-0.4473698283730254,0.34695167816787714,0.6463281799258358,0.7343015514864836,5.147695161111288,True,False,252.0,0.33
MODEL_B_FOUR_STATE,weekly,2018,2006-06-21,2017-12-31,225,0.15593807112080915,-0.450910403237347,0.3458293931593492,0.6455678359996377,0.7320340557492598,4.752549659751169,False,False,252.0,0.4
MODEL_B_FOUR_STATE,weekly,2018,2006-06-21,2017-12-31,250,0.14415581398524013,-0.47380444578575065,0.3042517124257333,0.6213908516747987,0.7091113474927001,9.632252485535506,False,False,126.0,0.25
MODEL_B_FOUR_STATE,weekly,2018,2006-06-21,2017-12-31,250,0.14683738425674142,-0.4788482075652021,0.30664703748890487,0.6268286583076017,0.7173065929401999,9.237695418031064,False,False,126.0,0.33
MODEL_B_FOUR_STATE,weekly,2018,2006-06-21,2017-12-31,250,0.14605449222019806,-0.4902129584636292,0.29794090445496535,0.6216917013947802,0.7095466662363433,8.841961075440512,False,False,126.0,0.4
MODEL_B_FOUR_STATE,weekly,2018,2006-06-21,2017-12-31,250,0.1765394455703626,-0.4668514684645434,0.37814906345051047,0.7103378880097441,0.812830058413341,6.8936751854981715,False,False,189.0,0.25
MODEL_B_FOUR_STATE,weekly,2018,2006-06-21,2017-12-31,250,0.17925335425387434,-0.4725593224495782,0.3793245540574444,0.7148011516900928,0.8202217937664915,6.534746426252023,False,False,189.0,0.33
MODEL_B_FOUR_STATE,weekly,2018,2006-06-21,2017-12-31,250,0.18019556952264648,-0.4759385139979836,0.378611026892877,0.7141032775502919,0.8177110362657919,6.10664933683496,False,False,189.0,0.4
MODEL_B_FOUR_STATE,weekly,2018,2006-06-21,2017-12-31,250,0.14695106648668044,-0.47640792380598873,0.30845638610017,0.6214035932718435,0.712901832509752,5.401936678357284,False,False,252.0,0.25
MODEL_B_FOUR_STATE,weekly,2018,2006-06-21,2017-12-31,250,0.14963976122770029,-0.4817899599611438,0.3105912818103737,0.6266293798751869,0.7211536288082837,5.009942903501873,False,False,252.0,0.33
MODEL_B_FOUR_STATE,weekly,2018,2006-06-21,2017-12-31,250,0.1506739359674878,-0.4851100129303837,0.31059745614673684,0.6269957400520809,0.7201726425466112,4.582006578471045,False,False,252.0,0.4
MODEL_B_FOUR_STATE,weekly,2019,2006-06-21,2018-12-31,150,0.12922758818585223,-0.5039260578021512,0.2564415675376503,0.5697737748672326,0.6332602269426096,8.590701004494305,False,False,126.0,0.25
MODEL_B_FOUR_STATE,weekly,2019,2006-06-21,2018-12-31,150,0.13173896211177683,-0.5034346832688326,0.26168034601110035,0.5747615959472456,0.6387978321965674,8.136222588584463,False,False,126.0,0.33
MODEL_B_FOUR_STATE,weekly,2019,2006-06-21,2018-12-31,150,0.12969902652290988,-0.5168150419710549,0.25095830420929177,0.5665145748683239,0.6282975890063194,7.798719134168569,False,False,126.0,0.4
MODEL_B_FOUR_STATE,weekly,2019,2006-06-21,2018-12-31,150,0.15664815719695668,-0.449707184413336,0.34833367717109415,0.6575390907752264,0.73081098116188,7.125761962307169,True,False,189.0,0.25
MODEL_B_FOUR_STATE,weekly,2019,2006-06-21,2018-12-31,150,0.15912794475317726,-0.4528487987024248,0.35139310341362556,0.6614674592012378,0.7348869777815943,6.733680853193385,False,False,189.0,0.33
MODEL_B_FOUR_STATE,weekly,2019,2006-06-21,2018-12-31,150,0.15747075161818036,-0.46478051839865897,0.33880669560059323,0.6537230996234055,0.7246162554929214,6.364810589517295,False,False,189.0,0.4
MODEL_B_FOUR_STATE,weekly,2019,2006-06-21,2018-12-31,150,0.13023920136086597,-0.48794708938141795,0.26691254891175453,0.5754713851392325,0.6402287109007821,6.072458126129944,False,False,252.0,0.25
MODEL_B_FOUR_STATE,weekly,2019,2006-06-21,2018-12-31,150,0.13270137201299614,-0.4908703925669299,0.270338920461377,0.5802333257006377,0.6454945336181473,5.649963850342343,False,False,252.0,0.33
MODEL_B_FOUR_STATE,weekly,2019,2006-06-21,2018-12-31,150,0.13149618741821412,-0.5019729758209526,0.26195869848004955,0.5743720544155092,0.6376296834866756,5.3455782365821625,False,False,252.0,0.4
MODEL_B_FOUR_STATE,weekly,2019,2006-06-21,2018-12-31,175,0.15646423419494848,-0.4952787336543665,0.31591147279935117,0.6503054152570673,0.7244991134681029,8.111948848666625,False,False,126.0,0.25
MODEL_B_FOUR_STATE,weekly,2019,2006-06-21,2018-12-31,175,0.15951008111057297,-0.4981601805812502,0.3201983766034001,0.6558020495210266,0.7308676715533379,7.69008560883838,False,False,126.0,0.33
MODEL_B_FOUR_STATE,weekly,2019,2006-06-21,2018-12-31,175,0.15760885762154597,-0.509103795515318,0.30958099116509885,0.6475835422317161,0.7202812851880126,7.385510683814342,False,False,126.0,0.4
MODEL_B_FOUR_STATE,weekly,2019,2006-06-21,2018-12-31,175,0.18075207216136002,-0.44970718441333624,0.4019328096729418,0.7249454852315046,0.8053519605373012,6.80656726551221,True,True,189.0,0.25
MODEL_B_FOUR_STATE,weekly,2019,2006-06-21,2018-12-31,175,0.1837673506088382,-0.4528487987024252,0.40580288859194896,0.7295249584869749,0.8104855575125657,6.447101332480024,False,False,189.0,0.33
MODEL_B_FOUR_STATE,weekly,2019,2006-06-21,2018-12-31,175,0.18224884000221775,-0.46478051839865864,0.3921180703316323,0.7218866988610342,0.8003699142062174,6.143096626856836,False,False,189.0,0.4
MODEL_B_FOUR_STATE,weekly,2019,2006-06-21,2018-12-31,175,0.15397697113833164,-0.48794708938141806,0.31556079437533247,0.6441988032110572,0.7170314520274038,5.434148511269541,False,False,252.0,0.25
MODEL_B_FOUR_STATE,weekly,2019,2006-06-21,2018-12-31,175,0.15696371200951775,-0.49087039256693,0.3197661019820335,0.6495903458325454,0.7233097067239961,5.04426941156354,False,False,252.0,0.33
MODEL_B_FOUR_STATE,weekly,2019,2006-06-21,2018-12-31,175,0.15590274620210387,-0.5019729758209531,0.3105799589054217,0.6438057720763074,0.7155389726460707,4.804749355856261,False,False,252.0,0.4
MODEL_B_FOUR_STATE,weekly,2019,2006-06-21,2018-12-31,200,0.14902636605447195,-0.5126208094316389,0.2907146243627972,0.6257483676602894,0.704538361688904,8.431063766732066,False,False,126.0,0.25
MODEL_B_FOUR_STATE,weekly,2019,2006-06-21,2018-12-31,200,0.15167562731862572,-0.5172925032796791,0.2932105653126406,0.6303011291945858,0.7097978461264366,8.040960479635991,False,False,126.0,0.33
MODEL_B_FOUR_STATE,weekly,2019,2006-06-21,2018-12-31,200,0.15058211460173143,-0.5278188998817135,0.2852912516688537,0.6246163082383456,0.7021543652476444,7.739307908386044,False,False,126.0,0.4
MODEL_B_FOUR_STATE,weekly,2019,2006-06-21,2018-12-31,200,0.17065768827914995,-0.46861508535574936,0.36417455095282536,0.6893185126137272,0.7730091716288461,6.519397011694781,False,False,189.0,0.25
MODEL_B_FOUR_STATE,weekly,2019,2006-06-21,2018-12-31,200,0.1732817775689206,-0.47370858890437273,0.3657982600013632,0.6931232693668772,0.7772841936034313,6.15990027523606,False,False,189.0,0.33
MODEL_B_FOUR_STATE,weekly,2019,2006-06-21,2018-12-31,200,0.17258678405380712,-0.4851854194054045,0.35571304732387155,0.6881790717256177,0.7704305918939592,5.858817923386962,False,False,189.0,0.4
MODEL_B_FOUR_STATE,weekly,2019,2006-06-21,2018-12-31,200,0.14157232238753314,-0.5055410783215222,0.2800411845019124,0.6023285213444131,0.6763104854356392,5.466093175517554,False,False,252.0,0.25
MODEL_B_FOUR_STATE,weekly,2019,2006-06-21,2018-12-31,200,0.1441706126462754,-0.5102806337789887,0.28253200906056364,0.6070151909592225,0.6818075022547625,5.076183272385017,False,False,252.0,0.33
MODEL_B_FOUR_STATE,weekly,2019,2006-06-21,2018-12-31,200,0.14359855727532156,-0.5209599381352785,0.2756422265199845,0.6030331385093209,0.6762883174803803,4.775248791449743,False,False,252.0,0.4
MODEL_B_FOUR_STATE,weekly,2019,2006-06-21,2018-12-31,225,0.14371304163424647,-0.47380444578575054,0.30331720800110856,0.611698334466746,0.6892436629687908,9.101270520888756,False,False,126.0,0.25
MODEL_B_FOUR_STATE,weekly,2019,2006-06-21,2018-12-31,225,0.14634969858041758,-0.4788482075652024,0.30562858181000885,0.6163937234246182,0.6946816404637712,8.711784167561508,False,False,126.0,0.33
MODEL_B_FOUR_STATE,weekly,2019,2006-06-21,2018-12-31,225,0.14571672722527285,-0.49021295846362867,0.2972518875917971,0.6120929724861771,0.6886287116287974,8.378804073313836,False,False,126.0,0.4
MODEL_B_FOUR_STATE,weekly,2019,2006-06-21,2018-12-31,225,0.1736895490174124,-0.43143910437741095,0.4025818412265978,0.6937072517605748,0.7825434142618223,6.710931388753307,True,True,189.0,0.25
MODEL_B_FOUR_STATE,weekly,2019,2006-06-21,2018-12-31,225,0.17658964034254643,-0.4375260808611837,0.4036094031125289,0.698129384269148,0.787690961461663,6.384854521804683,True,True,189.0,0.33
MODEL_B_FOUR_STATE,weekly,2019,2006-06-21,2018-12-31,225,0.1775435615483485,-0.4411297223599395,0.4024747201311498,0.6978032327391908,0.7863058220272615,6.022107206972922,True,True,189.0,0.4
MODEL_B_FOUR_STATE,weekly,2019,2006-06-21,2018-12-31,225,0.14532007647641332,-0.44163031092966676,0.32905367426095156,0.6103654806203905,0.6894262798203801,5.498070093543358,False,False,252.0,0.25
MODEL_B_FOUR_STATE,weekly,2019,2006-06-21,2018-12-31,225,0.14818960484007748,-0.4473698283730254,0.33124630996910726,0.6156431886014705,0.6957503724760297,5.141580059920918,False,False,252.0,0.33
MODEL_B_FOUR_STATE,weekly,2019,2006-06-21,2018-12-31,225,0.14922671500144147,-0.450910403237347,0.3309453805679719,0.6162544355340267,0.6956362249469561,4.778980616002983,False,False,252.0,0.4
MODEL_B_FOUR_STATE,weekly,2019,2006-06-21,2018-12-31,250,0.13907196489877705,-0.47380444578575065,0.2935218656890018,0.5952622227656311,0.6780253016644396,9.261107330691873,False,False,126.0,0.25
MODEL_B_FOUR_STATE,weekly,2019,2006-06-21,2018-12-31,250,0.14107685117002244,-0.4788482075652021,0.29461706014804867,0.5981714749881414,0.6814091069417304,8.90355800602567,False,False,126.0,0.33
MODEL_B_FOUR_STATE,weekly,2019,2006-06-21,2018-12-31,250,0.14073430461945113,-0.4902129584636292,0.2870880954688038,0.5949118272071626,0.6765131810927049,8.540416946561647,False,False,126.0,0.4
MODEL_B_FOUR_STATE,weekly,2019,2006-06-21,2018-12-31,250,0.16869272573614258,-0.4668514684645434,0.3613413197370172,0.6756306256568537,0.7718136973633297,6.742166802751062,False,False,189.0,0.25
MODEL_B_FOUR_STATE,weekly,2019,2006-06-21,2018-12-31,250,0.17070997204372929,-0.4725593224495782,0.3612455916832409,0.6775942347370792,0.774212574885782,6.417388358648486,False,False,189.0,0.33
MODEL_B_FOUR_STATE,weekly,2019,2006-06-21,2018-12-31,250,0.17195450845148907,-0.4759385139979836,0.36129563671373227,0.6782916632058587,0.7739959253539191,6.024480078600376,False,False,189.0,0.4
MODEL_B_FOUR_STATE,weekly,2019,2006-06-21,2018-12-31,250,0.1416313605882431,-0.47640792380598873,0.2972901026850274,0.5962926001445741,0.6829061810863623,5.370067288643545,False,False,252.0,0.25
MODEL_B_FOUR_STATE,weekly,2019,2006-06-21,2018-12-31,250,0.14364127614818245,-0.4817899599611438,0.29814086652981947,0.5991035387954547,0.6864729393275545,5.014875677867152,False,False,252.0,0.33
MODEL_B_FOUR_STATE,weekly,2019,2006-06-21,2018-12-31,250,0.1449628571103776,-0.4851100129303837,0.2988247062448919,0.6007004134927363,0.6874854629435837,4.622115268732868,False,False,252.0,0.4
MODEL_B_FOUR_STATE,weekly,2020,2006-06-21,2019-12-31,150,0.14542182784645497,-0.5039260578021512,0.2885777101519718,0.6197942149643482,0.6891832445349013,8.301926188598491,False,False,126.0,0.25
MODEL_B_FOUR_STATE,weekly,2020,2006-06-21,2019-12-31,150,0.1480873983704878,-0.5034346832688326,0.2941541441065346,0.6247754972625175,0.6948408269115733,7.940648320100687,False,False,126.0,0.33
MODEL_B_FOUR_STATE,weekly,2020,2006-06-21,2019-12-31,150,0.1466744180073729,-0.5168150419710549,0.28380446793494774,0.6182027908299047,0.6862479381292381,7.628779002345989,False,False,126.0,0.4
MODEL_B_FOUR_STATE,weekly,2020,2006-06-21,2019-12-31,150,0.17206358772759867,-0.449707184413336,0.3826124947326862,0.7045174913011464,0.7830864850898978,7.477149747488634,True,False,189.0,0.25
MODEL_B_FOUR_STATE,weekly,2020,2006-06-21,2019-12-31,150,0.17482907259302527,-0.4528487987024248,0.38606500247758996,0.7088848619955062,0.7878624345505463,7.173829725028143,False,False,189.0,0.33
MODEL_B_FOUR_STATE,weekly,2020,2006-06-21,2019-12-31,150,0.1745183859545001,-0.46478051839865897,0.3754855873817185,0.7048818497932063,0.7819054622105724,6.774877862117933,False,False,189.0,0.4
MODEL_B_FOUR_STATE,weekly,2020,2006-06-21,2019-12-31,150,0.1529783953998678,-0.48794708938141795,0.313514310729473,0.6445050931294339,0.7192490467284329,5.911912290908615,False,False,252.0,0.25
MODEL_B_FOUR_STATE,weekly,2020,2006-06-21,2019-12-31,150,0.15573570455539354,-0.4908703925669299,0.3172644081078063,0.6494570301875567,0.7249092305893007,5.5804257736698615,False,False,252.0,0.33
MODEL_B_FOUR_STATE,weekly,2020,2006-06-21,2019-12-31,150,0.1558219471300979,-0.5019729758209526,0.310418995913592,0.6470908941188362,0.7209893624181384,5.241194970872018,False,False,252.0,0.4
MODEL_B_FOUR_STATE,weekly,2020,2006-06-21,2019-12-31,175,0.1677419338364916,-0.4952787336543665,0.33868188241967084,0.6845426543517723,0.7625999570729581,8.006347884854188,False,False,126.0,0.25
MODEL_B_FOUR_STATE,weekly,2020,2006-06-21,2019-12-31,175,0.1709026572101342,-0.4981601805812502,0.3430676795779342,0.6901046173858001,0.7691759545645246,7.67527585439512,False,False,126.0,0.33
MODEL_B_FOUR_STATE,weekly,2020,2006-06-21,2019-12-31,175,0.16963823956620727,-0.509103795515318,0.33320953617031746,0.6836280656190666,0.7606356314245045,7.393902580052106,False,False,126.0,0.4
MODEL_B_FOUR_STATE,weekly,2020,2006-06-21,2019-12-31,175,0.19153402157582922,-0.44970718441333624,0.4259082981422549,0.7574268336875616,0.8411932077943297,7.033800763207249,True,True,189.0,0.25
MODEL_B_FOUR_STATE,weekly,2020,2006-06-21,2019-12-31,175,0.19479770228006754,-0.4528487987024252,0.43016058083455905,0.7624913752880158,0.8470855311988077,6.760686578785491,False,False,189.0,0.33
MODEL_B_FOUR_STATE,weekly,2020,2006-06-21,2019-12-31,175,0.19464448673734824,-0.46478051839865864,0.41878796341974645,0.758616340462385,0.8413569828091358,6.42180854579839,False,False,189.0,0.4
MODEL_B_FOUR_STATE,weekly,2020,2006-06-21,2019-12-31,175,0.16841047283223087,-0.48794708938141806,0.3451408492788199,0.6869789596895884,0.7658606237537124,5.467223535018235,False,False,252.0,0.25
MODEL_B_FOUR_STATE,weekly,2020,2006-06-21,2019-12-31,175,0.1716481800525813,-0.49087039256693,0.3496812654659695,0.6927215053587449,0.7727280940930529,5.165942855818217,False,False,252.0,0.33
MODEL_B_FOUR_STATE,weekly,2020,2006-06-21,2019-12-31,175,0.1718952626600896,-0.5019729758209531,0.3424392764948412,0.6905373847848536,0.7691113285490623,4.8867858829434825,False,False,252.0,0.4
MODEL_B_FOUR_STATE,weekly,2020,2006-06-21,2019-12-31,200,0.16078468235812293,-0.5126208094316389,0.31365227357116204,0.6615573732854002,0.7442477684843335,8.301889245928356,False,False,126.0,0.25
MODEL_B_FOUR_STATE,weekly,2020,2006-06-21,2019-12-31,200,0.1635738249500336,-0.5172925032796791,0.316211473997712,0.6662294700126729,0.7497740430421046,8.000231006949234,False,False,126.0,0.33
MODEL_B_FOUR_STATE,weekly,2020,2006-06-21,2019-12-31,200,0.16306147157952822,-0.5278188998817135,0.30893450692286883,0.6620838899618015,0.7439648344045658,7.72156420718024,False,False,126.0,0.4
MODEL_B_FOUR_STATE,weekly,2020,2006-06-21,2019-12-31,200,0.18209697180237594,-0.46861508535574936,0.3885853816765991,0.723907806665935,0.8110133499897103,6.767844260177789,False,False,189.0,0.25
MODEL_B_FOUR_STATE,weekly,2020,2006-06-21,2019-12-31,200,0.18499301220314357,-0.47370858890437273,0.3905207052103672,0.7282341425781046,0.8160796625842636,6.494701547830548,False,False,189.0,0.33
MODEL_B_FOUR_STATE,weekly,2020,2006-06-21,2019-12-31,200,0.1855996244523943,-0.4851854194054045,0.38253339244993584,0.7268079532522814,0.8133539039020812,6.158529989417466,False,False,189.0,0.4
MODEL_B_FOUR_STATE,weekly,2020,2006-06-21,2019-12-31,200,0.15677384894223856,-0.5055410783215222,0.31011099921445157,0.64769695951779,0.7279209409772177,5.4968083930629446,False,False,252.0,0.25
MODEL_B_FOUR_STATE,weekly,2020,2006-06-21,2019-12-31,200,0.15964483024872633,-0.5102806337789887,0.31285692554397676,0.6527653907312176,0.7340304651509151,5.19549918593744,False,False,252.0,0.33
MODEL_B_FOUR_STATE,weekly,2020,2006-06-21,2019-12-31,200,0.16033778593047066,-0.5209599381352785,0.30777373497160443,0.6522001453047989,0.7324765657783905,4.859464574964485,False,False,252.0,0.4
MODEL_B_FOUR_STATE,weekly,2020,2006-06-21,2019-12-31,225,0.15078314250823177,-0.47380444578575054,0.31823918886656954,0.6345654720953597,0.713091174711312,8.92258669725825,False,False,126.0,0.25
MODEL_B_FOUR_STATE,weekly,2020,2006-06-21,2019-12-31,225,0.15354792377513404,-0.4788482075652024,0.32066095549543466,0.6394980074573337,0.7189264597057482,8.621499818110365,False,False,126.0,0.33
MODEL_B_FOUR_STATE,weekly,2020,2006-06-21,2019-12-31,225,0.1534646810157374,-0.49021295846362867,0.31305716906527614,0.6367198898000304,0.714726587530987,8.313819712282358,False,False,126.0,0.4
MODEL_B_FOUR_STATE,weekly,2020,2006-06-21,2019-12-31,225,0.1836369685923025,-0.43143910437741095,0.4256382111151009,0.7240807223178457,0.8152110574112535,7.240771030970601,True,True,189.0,0.25
MODEL_B_FOUR_STATE,weekly,2020,2006-06-21,2019-12-31,225,0.1867882643372798,-0.4375260808611837,0.4269191540984802,0.7290018783371938,0.8211199797171854,6.998579406030402,True,True,189.0,0.33
MODEL_B_FOUR_STATE,weekly,2020,2006-06-21,2019-12-31,225,0.18893959344943156,-0.4411297223599395,0.42830846318549903,0.7318487371606749,0.8234949150109472,6.605298179410751,True,True,189.0,0.4
MODEL_B_FOUR_STATE,weekly,2020,2006-06-21,2019-12-31,225,0.15892091436398648,-0.44163031092966676,0.3598505592368544,0.651347045585068,0.7354976425312086,5.527762893853495,True,False,252.0,0.25
MODEL_B_FOUR_STATE,weekly,2020,2006-06-21,2019-12-31,225,0.16204346345570886,-0.4473698283730254,0.36221366122302273,0.6569848448271611,0.7424042828782437,5.257404774135035,True,False,252.0,0.33
MODEL_B_FOUR_STATE,weekly,2020,2006-06-21,2019-12-31,225,0.1642495911799411,-0.450910403237347,0.36426214609531765,0.6606581709720588,0.7458859056824666,4.86426049495551,False,False,252.0,0.4
MODEL_B_FOUR_STATE,weekly,2020,2006-06-21,2019-12-31,250,0.14645769035984513,-0.47380444578575065,0.3091099960384748,0.6190904140000275,0.7027425926679304,9.070616092453365,False,False,126.0,0.25
MODEL_B_FOUR_STATE,weekly,2020,2006-06-21,2019-12-31,250,0.14863309055145368,-0.4788482075652021,0.31039709077581784,0.6223468982373751,0.7066538518065347,8.799106999816903,False,False,126.0,0.33
MODEL_B_FOUR_STATE,weekly,2020,2006-06-21,2019-12-31,250,0.14881836620598032,-0.4902129584636292,0.3035790132361867,0.6205241336813179,0.703525679434808,8.463493970121254,False,False,126.0,0.4
MODEL_B_FOUR_STATE,weekly,2020,2006-06-21,2019-12-31,250,0.17896931274681527,-0.4668514684645434,0.38335386056605647,0.7069783237601699,0.8053269221497189,7.26969903227676,False,False,189.0,0.25
MODEL_B_FOUR_STATE,weekly,2020,2006-06-21,2019-12-31,250,0.18129472159759308,-0.4725593224495782,0.38364436587098993,0.7095908210562377,0.8086637719786505,7.028709913497969,False,False,189.0,0.33
MODEL_B_FOUR_STATE,weekly,2020,2006-06-21,2019-12-31,250,0.1837124013017548,-0.4759385139979836,0.3860002834368919,0.7133623247075526,0.8121281746974879,6.607495763010677,False,False,189.0,0.4
MODEL_B_FOUR_STATE,weekly,2020,2006-06-21,2019-12-31,250,0.15546371030089,-0.47640792380598873,0.32632477868735177,0.6378734011271691,0.7295772118707248,5.409215871950733,False,False,252.0,0.25
MODEL_B_FOUR_STATE,weekly,2020,2006-06-21,2019-12-31,250,0.1577796775026048,-0.4817899599611438,0.3274864372751347,0.6411980296923458,0.7339037459233088,5.140060258393682,False,False,252.0,0.33
MODEL_B_FOUR_STATE,weekly,2020,2006-06-21,2019-12-31,250,0.1602485423173734,-0.4851100129303837,0.3303344355837282,0.6457591749840131,0.7384390746040193,4.718983055346516,False,False,252.0,0.4
MODEL_B_FOUR_STATE,weekly,2021,2006-06-21,2020-12-31,150,0.1561163537084711,-0.5322260411278861,0.2933271611017595,0.616161392988367,0.6518245176540697,7.924330176587616,False,False,126.0,0.25
MODEL_B_FOUR_STATE,weekly,2021,2006-06-21,2020-12-31,150,0.15880939285158524,-0.5322260411278861,0.29838711483383745,0.6213404817825833,0.6582161202411556,7.588227900048873,False,False,126.0,0.33
MODEL_B_FOUR_STATE,weekly,2021,2006-06-21,2020-12-31,150,0.15804533360834694,-0.532226041127886,0.2969515232163753,0.6177009299903532,0.6542657890683713,7.298643514660062,False,False,126.0,0.4
MODEL_B_FOUR_STATE,weekly,2021,2006-06-21,2020-12-31,150,0.18113242790227835,-0.5322260411278859,0.34032988599810915,0.6858467106344835,0.7241197539423039,7.1564348693474065,False,False,189.0,0.25
MODEL_B_FOUR_STATE,weekly,2021,2006-06-21,2020-12-31,150,0.1839193123654539,-0.5322260411278859,0.3455661657886839,0.6906878736355262,0.7301229040662257,6.874293346015816,False,False,189.0,0.33
MODEL_B_FOUR_STATE,weekly,2021,2006-06-21,2020-12-31,150,0.18420436395264916,-0.5322260411278859,0.3461017494790106,0.6893604400269852,0.7286244581307472,6.503632108240836,False,False,189.0,0.4
MODEL_B_FOUR_STATE,weekly,2021,2006-06-21,2020-12-31,150,0.16321585508567193,-0.532226041127886,0.3066664207932915,0.6364172882827153,0.6746067649106398,5.699144823566008,False,False,252.0,0.25
MODEL_B_FOUR_STATE,weekly,2021,2006-06-21,2020-12-31,150,0.16599508403313568,-0.5322260411278859,0.31188831662832817,0.641631752659171,0.6811126290676454,5.390779322337416,False,False,252.0,0.33
MODEL_B_FOUR_STATE,weekly,2021,2006-06-21,2020-12-31,150,0.16664409422452464,-0.5322260411278859,0.3131077424760631,0.6415672523591738,0.6810222490020102,5.075720450873949,False,False,252.0,0.4
MODEL_B_FOUR_STATE,weekly,2021,2006-06-21,2020-12-31,175,0.18732871011513086,-0.4952787336543665,0.37822885859230015,0.6961063913008114,0.7407196130492659,7.64913658344637,False,False,126.0,0.25
MODEL_B_FOUR_STATE,weekly,2021,2006-06-21,2020-12-31,175,0.19051401597980977,-0.4981601805812502,0.38243525557887664,0.7017184021004526,0.7478677430523499,7.341156983702312,False,False,126.0,0.33
MODEL_B_FOUR_STATE,weekly,2021,2006-06-21,2020-12-31,175,0.18989636148347278,-0.509103795515318,0.37300126841768777,0.6981069565613128,0.7439481679738761,7.079965466317483,False,False,126.0,0.4
MODEL_B_FOUR_STATE,weekly,2021,2006-06-21,2020-12-31,175,0.20983580167849514,-0.49154420130742715,0.42689101228407583,0.7562138272431149,0.8020325326140149,6.743661677085426,False,False,189.0,0.25
MODEL_B_FOUR_STATE,weekly,2021,2006-06-21,2020-12-31,175,0.21311793904362553,-0.49154420130742715,0.4335682090781799,0.7615574272433898,0.8088667393418136,6.489642830548521,False,False,189.0,0.33
MODEL_B_FOUR_STATE,weekly,2021,2006-06-21,2020-12-31,175,0.21356394880449403,-0.49154420130742715,0.4344755735831058,0.7602481994514453,0.8074445026000953,6.174912399943331,False,False,189.0,0.4
MODEL_B_FOUR_STATE,weekly,2021,2006-06-21,2020-12-31,175,0.18796157067656072,-0.49154420130742715,0.38238996651087265,0.6980770796421097,0.743251873946681,5.285124257737033,False,False,252.0,0.25
MODEL_B_FOUR_STATE,weekly,2021,2006-06-21,2020-12-31,175,0.19121973351547417,-0.49154420130742715,0.38901838940803485,0.7038480224456021,0.7506410718068772,5.004881433303128,False,False,252.0,0.33
MODEL_B_FOUR_STATE,weekly,2021,2006-06-21,2020-12-31,175,0.1920339813046441,-0.5019729758209531,0.3825584056404263,0.7038335434915749,0.7506715303390634,4.745753369009453,False,False,252.0,0.4
MODEL_B_FOUR_STATE,weekly,2021,2006-06-21,2020-12-31,200,0.180741265677558,-0.5126208094316389,0.35258277142114525,0.677296477503826,0.7266920522789541,7.924295781687837,False,False,126.0,0.25
MODEL_B_FOUR_STATE,weekly,2021,2006-06-21,2020-12-31,200,0.1835748351744062,-0.5172925032796791,0.35487627214878603,0.6821213496426345,0.7329789879674117,7.6437014360802795,False,False,126.0,0.33
MODEL_B_FOUR_STATE,weekly,2021,2006-06-21,2020-12-31,200,0.18366589974451197,-0.5278188998817135,0.34797143449329365,0.6804089630439837,0.7311771258825385,7.38502973985057,False,False,126.0,0.4
MODEL_B_FOUR_STATE,weekly,2021,2006-06-21,2020-12-31,200,0.2009121846159727,-0.49154420130742704,0.4087367607665378,0.7292274526785196,0.7800327727126655,6.496047001851102,False,False,189.0,0.25
MODEL_B_FOUR_STATE,weekly,2021,2006-06-21,2020-12-31,200,0.20384683363677114,-0.49154420130742704,0.4147070255219611,0.7338746990623671,0.7861123225374128,6.242001594831848,False,False,189.0,0.33
MODEL_B_FOUR_STATE,weekly,2021,2006-06-21,2020-12-31,200,0.20500726696726024,-0.49154420130742715,0.4170678169368583,0.7345235255212306,0.78692242511753,5.929790985381781,False,False,189.0,0.4
MODEL_B_FOUR_STATE,weekly,2021,2006-06-21,2020-12-31,200,0.17694238834896625,-0.5055410783215222,0.35000595586899386,0.6660212598537987,0.7148282744800986,5.312668780744177,False,False,252.0,0.25
MODEL_B_FOUR_STATE,weekly,2021,2006-06-21,2020-12-31,200,0.17985349291478436,-0.5102806337789887,0.3524599622424276,0.6711414986937758,0.7215001299224049,5.032399395827921,False,False,252.0,0.33
MODEL_B_FOUR_STATE,weekly,2021,2006-06-21,2020-12-31,200,0.18108492167680956,-0.5209599381352785,0.3475985549387618,0.672392513977381,0.7230107489805025,4.720316289166938,False,False,252.0,0.4
MODEL_B_FOUR_STATE,weekly,2021,2006-06-21,2020-12-31,225,0.1712665732429164,-0.49154420130742715,0.3484255796068295,0.6545066377375137,0.7017272220330926,8.50218651223636,False,False,126.0,0.25
MODEL_B_FOUR_STATE,weekly,2021,2006-06-21,2020-12-31,225,0.17407709288020312,-0.49154420130742715,0.3541433149189565,0.6595050058727758,0.7081779138030988,8.222124122333748,False,False,126.0,0.33
MODEL_B_FOUR_STATE,weekly,2021,2006-06-21,2020-12-31,225,0.17457007326986318,-0.49154420130742704,0.355146236707778,0.6589255444818081,0.7076130958492685,7.936440037704268,False,False,126.0,0.4
MODEL_B_FOUR_STATE,weekly,2021,2006-06-21,2020-12-31,225,0.20236873069046468,-0.49154420130742704,0.41169996543992793,0.7299675904877057,0.7849164133460427,6.936358133278892,False,False,189.0,0.25
MODEL_B_FOUR_STATE,weekly,2021,2006-06-21,2020-12-31,225,0.20554478007795907,-0.49154420130742704,0.41816133631775865,0.7351108485177528,0.7916642609371832,6.711129255914472,False,False,189.0,0.33
MODEL_B_FOUR_STATE,weekly,2021,2006-06-21,2020-12-31,225,0.20816748951066244,-0.49154420130742715,0.42349698960331744,0.7393246604881003,0.7965165017969988,6.345747576065185,False,False,189.0,0.4
MODEL_B_FOUR_STATE,weekly,2021,2006-06-21,2020-12-31,225,0.178976102955958,-0.49154420130742704,0.3641098857028745,0.6693942074838238,0.7219264846962478,5.341488488376759,False,False,252.0,0.25
MODEL_B_FOUR_STATE,weekly,2021,2006-06-21,2020-12-31,225,0.18212545845591577,-0.49154420130742704,0.37051695040139193,0.675000511157609,0.7292528035700458,5.090035633115337,False,False,252.0,0.33
MODEL_B_FOUR_STATE,weekly,2021,2006-06-21,2020-12-31,225,0.18479163715997404,-0.49154420130742715,0.37594103779163407,0.6798005121816032,0.7347853793985801,4.724781456055133,False,False,252.0,0.4
MODEL_B_FOUR_STATE,weekly,2021,2006-06-21,2020-12-31,250,0.16716721477469632,-0.49154420130742715,0.3400858240826743,0.6419435573998546,0.694682055790419,8.640006983624914,False,False,126.0,0.25
MODEL_B_FOUR_STATE,weekly,2021,2006-06-21,2020-12-31,250,0.16941909354091167,-0.49154420130742704,0.3446670575917377,0.6455157790214774,0.6996011467337786,8.38748253288811,False,False,126.0,0.33
MODEL_B_FOUR_STATE,weekly,2021,2006-06-21,2020-12-31,250,0.17016442892202543,-0.49154420130742715,0.3461833716467734,0.6456884828653159,0.6998336711615487,8.075791932933585,False,False,126.0,0.4
MODEL_B_FOUR_STATE,weekly,2021,2006-06-21,2020-12-31,250,0.19795360693583786,-0.49154420130742704,0.4027178154259855,0.7161780987800563,0.7783323501984794,6.963291100012212,False,False,189.0,0.25
MODEL_B_FOUR_STATE,weekly,2021,2006-06-21,2020-12-31,250,0.20034843710558947,-0.49154420130742715,0.407589869990726,0.7193603259038286,0.78303626000918,6.739181797349793,False,False,189.0,0.33
MODEL_B_FOUR_STATE,weekly,2021,2006-06-21,2020-12-31,250,0.20322133674942156,-0.49154420130742704,0.4134345115024978,0.7243037499302556,0.7887069512586787,6.347793602175462,False,False,189.0,0.4
MODEL_B_FOUR_STATE,weekly,2021,2006-06-21,2020-12-31,250,0.1757012884725011,-0.49154420130742715,0.35744758661614645,0.6585306025365408,0.7184309834467679,5.231117123156945,False,False,252.0,0.25
MODEL_B_FOUR_STATE,weekly,2021,2006-06-21,2020-12-31,250,0.17808661168785855,-0.49154420130742704,0.3623003001849627,0.6621747749421698,0.7237110675718194,4.980783842597525,False,False,252.0,0.33
MODEL_B_FOUR_STATE,weekly,2021,2006-06-21,2020-12-31,250,0.1810003469209407,-0.49154420130742704,0.3682280178252727,0.6676815046053638,0.7300486100641715,4.589523150212276,False,False,252.0,0.4
MODEL_B_FOUR_STATE,weekly,2022,2006-06-21,2021-12-31,150,0.17842311953374135,-0.5322260411278861,0.33523936400336507,0.6718817954173605,0.7261314237317903,7.546988597779021,False,False,126.0,0.25
MODEL_B_FOUR_STATE,weekly,2022,2006-06-21,2021-12-31,150,0.18037980904323603,-0.5322260411278861,0.3389157897290738,0.6746514393364352,0.7299765782384183,7.2327724736918775,False,False,126.0,0.33
MODEL_B_FOUR_STATE,weekly,2022,2006-06-21,2021-12-31,150,0.18007256099380164,-0.532226041127886,0.3383385010853554,0.6717636922131324,0.7268249909919368,7.016449819821371,False,False,126.0,0.4
MODEL_B_FOUR_STATE,weekly,2022,2006-06-21,2021-12-31,150,0.20226450890383707,-0.5322260411278859,0.38003497250003215,0.7366577984580546,0.7947758427444382,6.828508274167633,False,False,189.0,0.25
MODEL_B_FOUR_STATE,weekly,2022,2006-06-21,2021-12-31,150,0.20429464232376904,-0.5322260411278859,0.3838493920568613,0.739118083069727,0.7982370965583496,6.564780464126745,False,False,189.0,0.33
MODEL_B_FOUR_STATE,weekly,2022,2006-06-21,2021-12-31,150,0.2049957950050736,-0.5322260411278859,0.38516678847703395,0.7383216722695182,0.7973511685905459,6.27259835052186,False,False,189.0,0.4
MODEL_B_FOUR_STATE,weekly,2022,2006-06-21,2021-12-31,150,0.18519259145417255,-0.532226041127886,0.3479585310439057,0.6907734708665721,0.7480390407688814,5.464996589935989,False,False,252.0,0.25
MODEL_B_FOUR_STATE,weekly,2022,2006-06-21,2021-12-31,150,0.18722687814795802,-0.5322260411278859,0.3517807541908124,0.6935703107839867,0.7519788641441341,5.176732346414954,False,False,252.0,0.33
MODEL_B_FOUR_STATE,weekly,2022,2006-06-21,2021-12-31,150,0.18826905975389074,-0.5322260411278859,0.35373891017229003,0.6939691145847237,0.7524574087251334,4.936574520189338,False,False,252.0,0.4
MODEL_B_FOUR_STATE,weekly,2022,2006-06-21,2021-12-31,175,0.20816478469605304,-0.4952787336543665,0.42029824935169174,0.7455197382009756,0.8099585424640691,7.28950404227821,False,False,126.0,0.25
MODEL_B_FOUR_STATE,weekly,2022,2006-06-21,2021-12-31,175,0.21057003788806639,-0.4981601805812502,0.42269544234220924,0.7487234136148683,0.8145342405886724,7.001600867018533,False,False,126.0,0.33
MODEL_B_FOUR_STATE,weekly,2022,2006-06-21,2021-12-31,175,0.21041417408514618,-0.509103795515318,0.41330309445476365,0.7458139718301945,0.8113719172960293,6.81184396605655,False,False,126.0,0.4
MODEL_B_FOUR_STATE,weekly,2022,2006-06-21,2021-12-31,175,0.22958008875368852,-0.49154420130742715,0.46705888940006424,0.8013302003610443,0.8679763406480526,6.442297531689787,False,False,189.0,0.25
MODEL_B_FOUR_STATE,weekly,2022,2006-06-21,2021-12-31,175,0.2320626138187072,-0.49154420130742715,0.47210935090162515,0.8042940476927029,0.872252799552451,6.204882670476366,False,False,189.0,0.33
MODEL_B_FOUR_STATE,weekly,2022,2006-06-21,2021-12-31,175,0.23292625434536163,-0.49154420130742715,0.473866345540881,0.8034760381266209,0.871409492182025,5.965032149546039,False,False,189.0,0.4
MODEL_B_FOUR_STATE,weekly,2022,2006-06-21,2021-12-31,175,0.2087673007933284,-0.49154420130742715,0.4247172486991842,0.7473721866466644,0.8124698332319691,5.077618743875628,False,False,252.0,0.25
MODEL_B_FOUR_STATE,weekly,2022,2006-06-21,2021-12-31,175,0.2112414526733517,-0.49154420130742715,0.42975067575099857,0.7507206250912828,0.8172733906615922,4.815667449182061,False,False,252.0,0.33
MODEL_B_FOUR_STATE,weekly,2022,2006-06-21,2021-12-31,175,0.2124486057618673,-0.5019729758209531,0.4232271775475913,0.7511329952634028,0.8178418758708821,4.627841215631,False,False,252.0,0.4
MODEL_B_FOUR_STATE,weekly,2022,2006-06-21,2021-12-31,200,0.20189196639507268,-0.5126208094316389,0.3938427053301202,0.7279310740896096,0.7968641622728466,7.546956416232277,False,False,126.0,0.25
MODEL_B_FOUR_STATE,weekly,2022,2006-06-21,2021-12-31,200,0.2039667826124334,-0.5172925032796791,0.3942968075494355,0.730406098775278,0.800606951275436,7.284676221174011,False,False,126.0,0.33
MODEL_B_FOUR_STATE,weekly,2022,2006-06-21,2021-12-31,200,0.20448312850990247,-0.5278188998817135,0.3874115317881342,0.7292613946701153,0.7994595055833027,7.097276987854875,False,False,126.0,0.4
MODEL_B_FOUR_STATE,weekly,2022,2006-06-21,2021-12-31,200,0.22109243788050081,-0.49154420130742704,0.44979156969491485,0.7760005370168659,0.8470593743058,6.210617157665007,False,False,189.0,0.25
MODEL_B_FOUR_STATE,weekly,2022,2006-06-21,2021-12-31,200,0.2232504774688191,-0.49154420130742704,0.4541818963076147,0.7783317330233945,0.8506213046749297,5.973177445168119,False,False,189.0,0.33
MODEL_B_FOUR_STATE,weekly,2022,2006-06-21,2021-12-31,200,0.22479061952497448,-0.49154420130742715,0.45731516906733555,0.7793409546341935,0.8519122639551513,5.73568459188064,False,False,189.0,0.4
MODEL_B_FOUR_STATE,weekly,2022,2006-06-21,2021-12-31,200,0.19827350591762793,-0.5055410783215222,0.3922005835330492,0.7173135102675425,0.7854730681768853,5.103390743804915,False,False,252.0,0.25
MODEL_B_FOUR_STATE,weekly,2022,2006-06-21,2021-12-31,200,0.20042456494575078,-0.5102806337789887,0.39277321473375393,0.720069186396249,0.7895970258933126,4.841414597827879,False,False,252.0,0.33
MODEL_B_FOUR_STATE,weekly,2022,2006-06-21,2021-12-31,200,0.20202559608579507,-0.5209599381352785,0.387794878832573,0.7216712559806052,0.7915924726841196,4.604041042372146,False,False,252.0,0.4
MODEL_B_FOUR_STATE,weekly,2022,2006-06-21,2021-12-31,225,0.19286584619090474,-0.49154420130742715,0.39236724932958855,0.7070743263795782,0.7735517354727327,8.087659185453187,False,False,126.0,0.25
MODEL_B_FOUR_STATE,weekly,2022,2006-06-21,2021-12-31,225,0.1949247833193728,-0.49154420130742715,0.39655596139859806,0.7096895246480815,0.7774325251582063,7.82587671411251,False,False,126.0,0.33
MODEL_B_FOUR_STATE,weekly,2022,2006-06-21,2021-12-31,225,0.1958208074252208,-0.49154420130742704,0.39837883735454416,0.7096025985799687,0.7774623438895103,7.613203371971513,False,False,126.0,0.4
MODEL_B_FOUR_STATE,weekly,2022,2006-06-21,2021-12-31,225,0.22247810030986837,-0.49154420130742704,0.4526105683234856,0.7764168712796117,0.8515202662852633,6.622593739908886,False,False,189.0,0.25
MODEL_B_FOUR_STATE,weekly,2022,2006-06-21,2021-12-31,225,0.22486469222141792,-0.49154420130742704,0.45746586293422786,0.7792178326563918,0.855718269825195,6.4121161788362215,False,False,189.0,0.33
MODEL_B_FOUR_STATE,weekly,2022,2006-06-21,2021-12-31,225,0.22779576917090427,-0.49154420130742715,0.4634288606497743,0.7835251251843373,0.8608346062201316,6.124873877275002,False,False,189.0,0.4
MODEL_B_FOUR_STATE,weekly,2022,2006-06-21,2021-12-31,225,0.20021072837066245,-0.49154420130742704,0.4073097146464849,0.7202069087083912,0.792096890174731,5.130355868700208,False,False,252.0,0.25
MODEL_B_FOUR_STATE,weekly,2022,2006-06-21,2021-12-31,225,0.20258725611239625,-0.49154420130742704,0.4121445346594413,0.7234191488048733,0.7968391122122075,4.895341874147399,False,False,252.0,0.33
MODEL_B_FOUR_STATE,weekly,2022,2006-06-21,2021-12-31,225,0.20555491496816858,-0.49154420130742715,0.41818195478946985,0.7283015239928408,0.802637355887735,4.608218870417925,False,False,252.0,0.4
MODEL_B_FOUR_STATE,weekly,2022,2006-06-21,2021-12-31,250,0.1889591145277476,-0.49154420130742715,0.3844193747482877,0.6952183097952747,0.7670617756601288,8.216610744278832,False,False,126.0,0.25
MODEL_B_FOUR_STATE,weekly,2022,2006-06-21,2021-12-31,250,0.19048857680263365,-0.49154420130742704,0.3875309205071797,0.6965126449356601,0.7694738822452454,7.980594112704189,False,False,126.0,0.33
MODEL_B_FOUR_STATE,weekly,2022,2006-06-21,2021-12-31,250,0.19162358528350065,-0.49154420130742715,0.38983998747989146,0.6971305743375904,0.7702665399396662,7.7435878056777865,False,False,126.0,0.4
MODEL_B_FOUR_STATE,weekly,2022,2006-06-21,2021-12-31,250,0.2182775079623953,-0.49154420130742704,0.444064862085267,0.7633904704200133,0.8454360467356454,6.647793537943747,False,False,189.0,0.25
MODEL_B_FOUR_STATE,weekly,2022,2006-06-21,2021-12-31,250,0.2199241369499596,-0.49154420130742715,0.44741477239482713,0.7643733218494934,0.8476828715684964,6.438363505598784,False,False,189.0,0.33
MODEL_B_FOUR_STATE,weekly,2022,2006-06-21,2021-12-31,250,0.22309210111993782,-0.49154420130742704,0.4538596946654022,0.7693692485710073,0.8535823025686012,6.126788239152158,False,False,189.0,0.4
MODEL_B_FOUR_STATE,weekly,2022,2006-06-21,2021-12-31,250,0.19709118576803641,-0.49154420130742715,0.40096330145652437,0.7098377494626368,0.788972183291409,5.027087033153392,False,False,252.0,0.25
MODEL_B_FOUR_STATE,weekly,2022,2006-06-21,2021-12-31,250,0.198742479898818,-0.49154420130742704,0.4043227025569533,0.7112322864558984,0.7917599394081734,4.793120567328281,False,False,252.0,0.33
MODEL_B_FOUR_STATE,weekly,2022,2006-06-21,2021-12-31,250,0.20194506061357664,-0.49154420130742704,0.4108380489006601,0.7167812283885951,0.7983268986875729,4.481664598713404,False,False,252.0,0.4
MODEL_B_FOUR_STATE,weekly,2023,2006-06-21,2022-12-31,150,0.14245904400878895,-0.5322260411278861,0.26766642929927237,0.5824368723021561,0.6133580468368626,7.394367836172355,False,False,126.0,0.25
MODEL_B_FOUR_STATE,weekly,2023,2006-06-21,2022-12-31,150,0.1442415317927177,-0.5322260411278861,0.2710155472420009,0.5855931698088747,0.6174234743586293,7.099100464432416,False,False,126.0,0.33
MODEL_B_FOUR_STATE,weekly,2023,2006-06-21,2022-12-31,150,0.1439616494700524,-0.532226041127886,0.2704896760875716,0.5832475145830309,0.6149543741857707,6.895823113081602,False,False,126.0,0.4
MODEL_B_FOUR_STATE,weekly,2023,2006-06-21,2022-12-31,150,0.16416579373951024,-0.5322260411278859,0.3084512614069248,0.6443512942779943,0.677388541608234,6.719215351824477,False,False,189.0,0.25
MODEL_B_FOUR_STATE,weekly,2023,2006-06-21,2022-12-31,150,0.1660129527370009,-0.5322260411278859,0.31192189015251603,0.6472135993953424,0.6811111370556852,6.471391604549474,False,False,189.0,0.33
MODEL_B_FOUR_STATE,weekly,2023,2006-06-21,2022-12-31,150,0.1666508674049647,-0.5322260411278859,0.3131204686110446,0.6469055965104751,0.6807966568710305,6.1968294858670845,False,False,189.0,0.4
MODEL_B_FOUR_STATE,weekly,2023,2006-06-21,2022-12-31,150,0.14862508047772227,-0.532226041127886,0.27925180091293184,0.600412620804509,0.6335372273248211,5.4379300183317865,False,False,252.0,0.25
MODEL_B_FOUR_STATE,weekly,2023,2006-06-21,2022-12-31,150,0.1504776139036157,-0.5322260411278859,0.28273252767701046,0.6036030644634183,0.6376984107352632,5.167049503213941,False,False,252.0,0.33
MODEL_B_FOUR_STATE,weekly,2023,2006-06-21,2022-12-31,150,0.15142660766058258,-0.5322260411278859,0.28451559292303974,0.6044414248425826,0.638651996800107,4.941374355707034,False,False,252.0,0.4
MODEL_B_FOUR_STATE,weekly,2023,2006-06-21,2022-12-31,175,0.17408713073218895,-0.4952787336543665,0.35149324794889497,0.6663755251682449,0.7035028378114415,6.910423612955932,False,False,126.0,0.25
MODEL_B_FOUR_STATE,weekly,2023,2006-06-21,2022-12-31,175,0.17628345213213548,-0.4981601805812502,0.35386901443316693,0.6698738565983161,0.7081801974738375,6.639882391936568,False,False,126.0,0.33
MODEL_B_FOUR_STATE,weekly,2023,2006-06-21,2022-12-31,175,0.17614113538384935,-0.509103795515318,0.34598275820269264,0.6674287042536359,0.7056358553744643,6.461568750078322,False,False,126.0,0.4
MODEL_B_FOUR_STATE,weekly,2023,2006-06-21,2022-12-31,175,0.19363298493454595,-0.49154420130742715,0.3939279202552159,0.7199402351724952,0.7577720883101652,6.114307753436791,False,False,189.0,0.25
MODEL_B_FOUR_STATE,weekly,2023,2006-06-21,2022-12-31,175,0.19589746343706893,-0.49154420130742715,0.3985347867313127,0.7232072679033359,0.7621774513879302,5.891210156882364,False,False,189.0,0.33
MODEL_B_FOUR_STATE,weekly,2023,2006-06-21,2022-12-31,175,0.19668518365599463,-0.49154420130742715,0.40013732871396757,0.7227938445546581,0.7618220404742679,5.665823782674807,False,False,189.0,0.4
MODEL_B_FOUR_STATE,weekly,2023,2006-06-21,2022-12-31,175,0.17463733413352323,-0.49154420130742715,0.35528307254773117,0.6681224401716128,0.7057964534214127,4.831925698353638,False,False,252.0,0.25
MODEL_B_FOUR_STATE,weekly,2023,2006-06-21,2022-12-31,175,0.1768964976152665,-0.49154420130742715,0.3598791261187717,0.6717628670541319,0.7106855414135745,4.58577133395637,False,False,252.0,0.33
MODEL_B_FOUR_STATE,weekly,2023,2006-06-21,2022-12-31,175,0.17799865557010075,-0.5019729758209531,0.3545980842474485,0.6725309835461618,0.7116403840191077,4.409271930924294,False,False,252.0,0.4
MODEL_B_FOUR_STATE,weekly,2023,2006-06-21,2022-12-31,200,0.1683579573793752,-0.5126208094316389,0.32842591303704527,0.6496482135931521,0.6910039945456126,7.152350363298455,False,False,126.0,0.25
MODEL_B_FOUR_STATE,weekly,2023,2006-06-21,2022-12-31,200,0.1702531550799793,-0.5172925032796791,0.3291235693549773,0.6524462850397031,0.6949100928019497,6.90588693281958,False,False,126.0,0.33
MODEL_B_FOUR_STATE,weekly,2023,2006-06-21,2022-12-31,200,0.17072476987658614,-0.5278188998817135,0.3234533092976517,0.651705213315912,0.6942509657130866,6.72978877983977,False,False,126.0,0.4
MODEL_B_FOUR_STATE,weekly,2023,2006-06-21,2022-12-31,200,0.18588873976620968,-0.49154420130742704,0.37817298886199063,0.6960499693947912,0.738290023107722,5.896598826752141,False,False,189.0,0.25
MODEL_B_FOUR_STATE,weekly,2023,2006-06-21,2022-12-31,200,0.18785807056537185,-0.49154420130742704,0.3821794053631396,0.6987029180094484,0.7420257998488741,5.67347787756686,False,False,189.0,0.33
MODEL_B_FOUR_STATE,weekly,2023,2006-06-21,2022-12-31,200,0.18926340746516135,-0.49154420130742715,0.3850384298334751,0.7000476602123474,0.7436569631870165,5.450306992237738,False,False,189.0,0.4
MODEL_B_FOUR_STATE,weekly,2023,2006-06-21,2022-12-31,200,0.16505227762804786,-0.5055410783215222,0.32648638202863356,0.6396381658056767,0.6806112011143411,4.85614352201151,False,False,252.0,0.25
MODEL_B_FOUR_STATE,weekly,2023,2006-06-21,2022-12-31,200,0.16701747096239328,-0.5102806337789887,0.32730513350175744,0.6427029793059164,0.6848627458999941,4.609965804983388,False,False,252.0,0.33
MODEL_B_FOUR_STATE,weekly,2023,2006-06-21,2022-12-31,200,0.1684800245805429,-0.5209599381352785,0.323403033990674,0.644613690049094,0.6871409487120651,4.386907023249638,False,False,252.0,0.4
MODEL_B_FOUR_STATE,weekly,2023,2006-06-21,2022-12-31,225,0.16011093475509286,-0.49154420130742715,0.3257304924546439,0.629210190886458,0.6688305539853626,7.660446139809556,False,False,126.0,0.25
MODEL_B_FOUR_STATE,weekly,2023,2006-06-21,2022-12-31,225,0.16199248319276527,-0.49154420130742715,0.32955832407724833,0.6321476493348682,0.6728672211307674,7.414450417900291,False,False,126.0,0.33
MODEL_B_FOUR_STATE,weekly,2023,2006-06-21,2022-12-31,225,0.16281124884947418,-0.49154420130742704,0.3312240250549654,0.6324335119079563,0.673315918314293,7.214602307127637,False,False,126.0,0.4
MODEL_B_FOUR_STATE,weekly,2023,2006-06-21,2022-12-31,225,0.18715325766876845,-0.49154420130742704,0.380745530454782,0.6968551659911253,0.7426455416731046,6.283731228091982,False,False,189.0,0.25
MODEL_B_FOUR_STATE,weekly,2023,2006-06-21,2022-12-31,225,0.18933099405875486,-0.49154420130742704,0.38517592834004644,0.6999662329060607,0.746977874574545,6.0859464821668405,False,False,189.0,0.33
MODEL_B_FOUR_STATE,weekly,2023,2006-06-21,2022-12-31,225,0.19200521645256075,-0.49154420130742715,0.39061637985324266,0.7044974451397542,0.7521883196303489,5.816026280964846,False,False,189.0,0.4
MODEL_B_FOUR_STATE,weekly,2023,2006-06-21,2022-12-31,225,0.166822120790588,-0.49154420130742704,0.33938376314249763,0.6427329604963564,0.6869007835016616,4.881482519428029,False,False,252.0,0.25
MODEL_B_FOUR_STATE,weekly,2023,2006-06-21,2022-12-31,225,0.16899307726719637,-0.49154420130742704,0.3438003679378222,0.6462451109473238,0.6917346308881415,4.660641005660048,False,False,252.0,0.33
MODEL_B_FOUR_STATE,weekly,2023,2006-06-21,2022-12-31,225,0.1717036684459372,-0.49154420130742715,0.34931480829035016,0.6513272668941952,0.6975738534363087,4.390832908053424,False,False,252.0,0.4
MODEL_B_FOUR_STATE,weekly,2023,2006-06-21,2022-12-31,250,0.14678480522722093,-0.49154420130742715,0.29861974739361663,0.5907483906377398,0.6353398899639109,8.023608527846799,False,False,126.0,0.25
MODEL_B_FOUR_STATE,weekly,2023,2006-06-21,2022-12-31,250,0.14817099896278418,-0.49154420130742704,0.3014398269141892,0.59261933656757,0.638202851018597,7.801824840919796,False,False,126.0,0.33
MODEL_B_FOUR_STATE,weekly,2023,2006-06-21,2022-12-31,250,0.14919961894665823,-0.49154420130742715,0.3035324565925336,0.5937555495463002,0.6395565533931846,7.5791111607584725,False,False,126.0,0.4
MODEL_B_FOUR_STATE,weekly,2023,2006-06-21,2022-12-31,250,0.170738930323868,-0.49154420130742704,0.3473521401935582,0.6501217895578364,0.7015080261323396,6.549398588427877,False,False,189.0,0.25
MODEL_B_FOUR_STATE,weekly,2023,2006-06-21,2022-12-31,250,0.17222582049365798,-0.49154420130742715,0.35037707704732446,0.6517476644146212,0.7042745816819219,6.352598200180589,False,False,189.0,0.33
MODEL_B_FOUR_STATE,weekly,2023,2006-06-21,2022-12-31,250,0.17508612147561786,-0.49154420130742704,0.3561960877778997,0.6571490594131687,0.7104629047168275,6.059812429589923,False,False,189.0,0.4
MODEL_B_FOUR_STATE,weekly,2023,2006-06-21,2022-12-31,250,0.1515970111935101,-0.49154420130742715,0.3084097234598371,0.5988902971016532,0.6485748374179696,5.026428526272328,False,False,252.0,0.25
MODEL_B_FOUR_STATE,weekly,2023,2006-06-21,2022-12-31,250,0.1530896910399131,-0.49154420130742704,0.31144643886087886,0.6009161808762846,0.6518324895148135,4.806571370182198,False,False,252.0,0.33
MODEL_B_FOUR_STATE,weekly,2023,2006-06-21,2022-12-31,250,0.15598429609066233,-0.49154420130742704,0.31733523796185503,0.6068412465804921,0.6586289878547547,4.513897703186904,False,False,252.0,0.4
MODEL_B_FOUR_STATE,weekly,2024,2006-06-21,2023-12-31,150,0.16059406934395892,-0.5322260411278861,0.3017403451428836,0.633204570961387,0.6788332075598081,7.556082309257502,False,False,126.0,0.25
MODEL_B_FOUR_STATE,weekly,2024,2006-06-21,2023-12-31,150,0.16309365549897525,-0.5322260411278861,0.3064368198770384,0.6377511034368528,0.684575105623895,7.370380324376675,False,False,126.0,0.33
MODEL_B_FOUR_STATE,weekly,2024,2006-06-21,2023-12-31,150,0.16242820970991279,-0.532226041127886,0.3051865131696623,0.6339558224501218,0.6803841569015278,7.270386070193522,False,False,126.0,0.4
MODEL_B_FOUR_STATE,weekly,2024,2006-06-21,2023-12-31,150,0.18433170969249635,-0.5322260411278859,0.34634101950716883,0.6995600785182783,0.7490881583093456,6.91932912245691,False,False,189.0,0.25
MODEL_B_FOUR_STATE,weekly,2024,2006-06-21,2023-12-31,150,0.1869119925692171,-0.5322260411278859,0.3511891153862292,0.7037594940784787,0.7544307059179798,6.778372405899576,False,False,189.0,0.33
MODEL_B_FOUR_STATE,weekly,2024,2006-06-21,2023-12-31,150,0.18711883348114866,-0.5322260411278859,0.35157774896660277,0.7018105798213837,0.7522127307504984,6.61114770552683,False,False,189.0,0.4
MODEL_B_FOUR_STATE,weekly,2024,2006-06-21,2023-12-31,150,0.16618770241809555,-0.532226041127886,0.312250227489645,0.6507285533499104,0.6964774194715984,5.710916892306615,False,False,252.0,0.25
MODEL_B_FOUR_STATE,weekly,2024,2006-06-21,2023-12-31,150,0.16858837044939956,-0.5322260411278859,0.3167608448698404,0.6549321728383822,0.7018153597980968,5.502295675840438,False,False,252.0,0.33
MODEL_B_FOUR_STATE,weekly,2024,2006-06-21,2023-12-31,150,0.16919252764226766,-0.5322260411278859,0.3178959963772484,0.6543669796456263,0.701145859309375,5.381048176837963,False,False,252.0,0.4
MODEL_B_FOUR_STATE,weekly,2024,2006-06-21,2023-12-31,175,0.1945990822272632,-0.4952787336543665,0.3929082131014037,0.721866786199555,0.776262760186249,6.871495247319722,False,False,126.0,0.25
MODEL_B_FOUR_STATE,weekly,2024,2006-06-21,2023-12-31,175,0.19752187184622194,-0.4981601805812502,0.3965027305389095,0.7266192745602748,0.7824948245457821,6.709113113337238,False,False,126.0,0.33
MODEL_B_FOUR_STATE,weekly,2024,2006-06-21,2023-12-31,175,0.19697629153121987,-0.509103795515318,0.38690792185479433,0.7226627124876651,0.7781319336575492,6.6326627576692605,False,False,126.0,0.4
MODEL_B_FOUR_STATE,weekly,2024,2006-06-21,2023-12-31,175,0.21630859963423132,-0.49154420130742715,0.44005930506124546,0.779868351454754,0.8364401375357281,6.234742060519127,False,False,189.0,0.25
MODEL_B_FOUR_STATE,weekly,2024,2006-06-21,2023-12-31,175,0.21931488527948972,-0.49154420130742715,0.44617530772644254,0.784338862463209,0.8423466865190214,6.117105194860138,False,False,189.0,0.33
MODEL_B_FOUR_STATE,weekly,2024,2006-06-21,2023-12-31,175,0.2196556550984463,-0.49154420130742715,0.4468685715632454,0.7822338196992473,0.8400128819904777,5.996259368495217,False,False,189.0,0.4
MODEL_B_FOUR_STATE,weekly,2024,2006-06-21,2023-12-31,175,0.19466988337383118,-0.49154420130742715,0.3960373916649635,0.7238153625726715,0.7759516125988235,5.139379068027224,False,False,252.0,0.25
MODEL_B_FOUR_STATE,weekly,2024,2006-06-21,2023-12-31,175,0.19747913764806313,-0.49154420130742715,0.4017525527161157,0.7283542844671811,0.7819109124890962,4.954077702459392,False,False,252.0,0.33
MODEL_B_FOUR_STATE,weekly,2024,2006-06-21,2023-12-31,175,0.19822425927765708,-0.5019729758209531,0.3948903005255824,0.7276613189669761,0.7811627385555523,4.87920907746474,False,False,252.0,0.4
MODEL_B_FOUR_STATE,weekly,2024,2006-06-21,2023-12-31,200,0.18910059229244514,-0.5126208094316389,0.3688898086328328,0.7058379479313672,0.7643765701597977,7.099662413736514,False,False,126.0,0.25
MODEL_B_FOUR_STATE,weekly,2024,2006-06-21,2023-12-31,200,0.19173101466281595,-0.5172925032796791,0.37064332741577494,0.709927005814972,0.7698655756694147,6.95998864595753,False,False,126.0,0.33
MODEL_B_FOUR_STATE,weekly,2024,2006-06-21,2023-12-31,200,0.19177680696057875,-0.5278188998817135,0.3633382719026484,0.7075877076130366,0.7673218566993542,6.885627773238027,False,False,126.0,0.4
MODEL_B_FOUR_STATE,weekly,2024,2006-06-21,2023-12-31,200,0.20886468094589006,-0.49154420130742704,0.42491535937224817,0.7567986004921919,0.8174478173792533,6.029415329039667,False,False,189.0,0.25
MODEL_B_FOUR_STATE,weekly,2024,2006-06-21,2023-12-31,200,0.21158278186272228,-0.49154420130742704,0.4304450775737904,0.7606902275319825,0.8227141921401654,5.911756438930703,False,False,189.0,0.33
MODEL_B_FOUR_STATE,weekly,2024,2006-06-21,2023-12-31,200,0.21252037235269494,-0.49154420130742715,0.43235251639104993,0.760265697955656,0.8223186955859685,5.793000095514257,False,False,189.0,0.4
MODEL_B_FOUR_STATE,weekly,2024,2006-06-21,2023-12-31,200,0.18547366855863978,-0.5055410783215222,0.36688149887728655,0.696301337549659,0.7514385182119967,5.162219502964554,False,False,252.0,0.25
MODEL_B_FOUR_STATE,weekly,2024,2006-06-21,2023-12-31,200,0.18799676399160448,-0.5102806337789887,0.36841837911690983,0.7002921689398693,0.7567863270836648,4.976896112946748,False,False,252.0,0.33
MODEL_B_FOUR_STATE,weekly,2024,2006-06-21,2023-12-31,200,0.18909076146423032,-0.5209599381352785,0.3629660317855935,0.7007052541566738,0.7573432499207597,4.8581161739140795,False,False,252.0,0.4
MODEL_B_FOUR_STATE,weekly,2024,2006-06-21,2023-12-31,225,0.17746912744415666,-0.49154420130742715,0.3610440871281114,0.6771480317462487,0.7315100158609513,7.578888763854348,False,False,126.0,0.25
MODEL_B_FOUR_STATE,weekly,2024,2006-06-21,2023-12-31,225,0.1800735594541958,-0.49154420130742715,0.36634255673290333,0.68144978735528,0.7372007739293863,7.4396561037200755,False,False,126.0,0.33
MODEL_B_FOUR_STATE,weekly,2024,2006-06-21,2023-12-31,225,0.1804544684222844,-0.49154420130742704,0.36711747985695914,0.6801295700685464,0.7357930817417093,7.342896052057198,False,False,126.0,0.4
MODEL_B_FOUR_STATE,weekly,2024,2006-06-21,2023-12-31,225,0.2050227908026887,-0.49154420130742704,0.41709939870587764,0.7446064538396827,0.805873390121417,6.3945580959491055,False,False,189.0,0.25
MODEL_B_FOUR_STATE,weekly,2024,2006-06-21,2023-12-31,225,0.2079298690904381,-0.49154420130742704,0.4230135734230588,0.7490068586602645,0.8117906138039546,6.300794412539862,False,False,189.0,0.33
MODEL_B_FOUR_STATE,weekly,2024,2006-06-21,2023-12-31,225,0.21007786276506257,-0.49154420130742715,0.42738346257831916,0.7516757738394904,0.8149386401351599,6.137947620590812,False,False,189.0,0.4
MODEL_B_FOUR_STATE,weekly,2024,2006-06-21,2023-12-31,225,0.18337185742881923,-0.49154420130742704,0.3730526307523924,0.6891997283572863,0.7454283560880413,5.300229449007207,False,False,252.0,0.25
MODEL_B_FOUR_STATE,weekly,2024,2006-06-21,2023-12-31,225,0.1860845213760658,-0.49154420130742704,0.37857128795561307,0.6936716374487121,0.7513914687895614,5.1388012656891195,False,False,252.0,0.33
MODEL_B_FOUR_STATE,weekly,2024,2006-06-21,2023-12-31,225,0.1883682217307059,-0.49154420130742715,0.38321725946451457,0.6971564463270695,0.7554479989856282,4.975930878123848,False,False,252.0,0.4
MODEL_B_FOUR_STATE,weekly,2024,2006-06-21,2023-12-31,250,0.16550227036243825,-0.49154420130742715,0.33669865278082683,0.6426343068774013,0.701190817290081,8.03550839517617,False,False,126.0,0.25
MODEL_B_FOUR_STATE,weekly,2024,2006-06-21,2023-12-31,250,0.16762587028128317,-0.49154420130742704,0.3410189151564108,0.6459117334601162,0.7057469616026768,7.919110710534546,False,False,126.0,0.33
MODEL_B_FOUR_STATE,weekly,2024,2006-06-21,2023-12-31,250,0.1682132929263136,-0.49154420130742715,0.3422139707454462,0.6454070582182995,0.7052121297089458,7.800785568741978,False,False,126.0,0.4
MODEL_B_FOUR_STATE,weekly,2024,2006-06-21,2023-12-31,250,0.19123839824286515,-0.49154420130742704,0.3890563610234895,0.7053751933465137,0.7717496971671711,6.645144146061698,False,False,189.0,0.25
MODEL_B_FOUR_STATE,weekly,2024,2006-06-21,2023-12-31,250,0.1934777786045645,-0.49154420130742715,0.39361216771542673,0.708327114184553,0.7761294014493336,6.552308834987379,False,False,189.0,0.33
MODEL_B_FOUR_STATE,weekly,2024,2006-06-21,2023-12-31,250,0.19581557892737522,-0.49154420130742704,0.3983682004721811,0.7118198449062788,0.7801968477901149,6.36789695290864,False,False,189.0,0.4
MODEL_B_FOUR_STATE,weekly,2024,2006-06-21,2023-12-31,250,0.16959995732050825,-0.49154420130742715,0.3450350077763101,0.6491965272316805,0.710218285362974,5.551043755816434,False,False,252.0,0.25
MODEL_B_FOUR_STATE,weekly,2024,2006-06-21,2023-12-31,250,0.1716582072884143,-0.49154420130742704,0.34922232188240976,0.6522313491808491,0.714655796819391,5.390543944833272,False,False,252.0,0.33
MODEL_B_FOUR_STATE,weekly,2024,2006-06-21,2023-12-31,250,0.1741257281699078,-0.49154420130742704,0.3542422587974019,0.6565405001603499,0.7196448394005336,5.206108467138311,False,False,252.0,0.4
MODEL_B_FOUR_STATE,weekly,2025,2006-06-21,2024-12-31,150,0.16895643639286484,-0.5322260411278861,0.3174524043107975,0.6533580355164776,0.709981689569246,7.40583730168576,False,False,126.0,0.25
MODEL_B_FOUR_STATE,weekly,2025,2006-06-21,2024-12-31,150,0.17025967944174591,-0.5322260411278861,0.31990106887842984,0.6540753666160941,0.7112816556760511,7.316638439471569,False,False,126.0,0.33
MODEL_B_FOUR_STATE,weekly,2025,2006-06-21,2024-12-31,150,0.17105553557936615,-0.532226041127886,0.32139640371009964,0.6539613807538418,0.7115507286655786,7.184889272902426,False,False,126.0,0.4
MODEL_B_FOUR_STATE,weekly,2025,2006-06-21,2024-12-31,150,0.19155263123172972,-0.5322260411278859,0.3599084156532328,0.7156599582674584,0.7768478512001964,6.803706628588271,False,False,189.0,0.25
MODEL_B_FOUR_STATE,weekly,2025,2006-06-21,2024-12-31,150,0.19290917227913051,-0.5322260411278859,0.3624572218794859,0.7159528932053081,0.7776183111284183,6.75682007684547,False,False,189.0,0.33
MODEL_B_FOUR_STATE,weekly,2025,2006-06-21,2024-12-31,150,0.19456344606943032,-0.5322260411278859,0.36556543843122413,0.7175576801978141,0.7797946495012777,6.561496020262529,False,False,189.0,0.4
MODEL_B_FOUR_STATE,weekly,2025,2006-06-21,2024-12-31,150,0.17428333910176153,-0.532226041127886,0.32746112672807726,0.6698812089847109,0.726868992674644,5.661000027973336,False,False,252.0,0.25
MODEL_B_FOUR_STATE,weekly,2025,2006-06-21,2024-12-31,150,0.17548697018365678,-0.5322260411278859,0.32972263027898313,0.6702294318048182,0.7277245783520282,5.550128133527135,False,False,252.0,0.33
MODEL_B_FOUR_STATE,weekly,2025,2006-06-21,2024-12-31,150,0.17749851010452367,-0.5322260411278859,0.3335021144932543,0.6731519478501096,0.7313604257684838,5.3982813359231745,False,False,252.0,0.4
MODEL_B_FOUR_STATE,weekly,2025,2006-06-21,2024-12-31,175,0.20690578748338107,-0.4952787336543665,0.4177562520335703,0.7506939577534365,0.8188212750875979,6.650566222686251,False,False,126.0,0.25
MODEL_B_FOUR_STATE,weekly,2025,2006-06-21,2024-12-31,175,0.20858533699721837,-0.4981601805812502,0.41871138065238833,0.751420670400856,0.8203274798217729,6.583419228933851,False,False,126.0,0.33
MODEL_B_FOUR_STATE,weekly,2025,2006-06-21,2024-12-31,175,0.20954061741364072,-0.509103795515318,0.4115872229975076,0.7510068908850435,0.820344943031899,6.473933796185207,False,False,126.0,0.4
MODEL_B_FOUR_STATE,weekly,2025,2006-06-21,2024-12-31,175,0.22763618936922403,-0.49154420130742715,0.4631042106971235,0.8051436245234934,0.8760611854717159,6.0484355495887625,False,False,189.0,0.25
MODEL_B_FOUR_STATE,weekly,2025,2006-06-21,2024-12-31,175,0.22937355279028449,-0.49154420130742715,0.4666387115953934,0.805530638823149,0.8771510407876131,6.023600866307751,False,False,189.0,0.33
MODEL_B_FOUR_STATE,weekly,2025,2006-06-21,2024-12-31,175,0.23120084937499752,-0.49154420130742715,0.4703561729749656,0.8068351765424855,0.8791098702014882,5.872133900985165,False,False,189.0,0.4
MODEL_B_FOUR_STATE,weekly,2025,2006-06-21,2024-12-31,175,0.20697342854389733,-0.49154420130742715,0.42106778595573274,0.7526093942414427,0.8185684112492112,5.01263130136947,False,False,252.0,0.25
MODEL_B_FOUR_STATE,weekly,2025,2006-06-21,2024-12-31,175,0.20854455302976893,-0.49154420130742715,0.4242640895265869,0.7531172695083255,0.8198107987860864,4.92381127538506,False,False,252.0,0.33
MODEL_B_FOUR_STATE,weekly,2025,2006-06-21,2024-12-31,175,0.21073308226812504,-0.5019729758209531,0.41980961609234246,0.7557680245316334,0.8232648705272101,4.815821569041453,False,False,252.0,0.4
MODEL_B_FOUR_STATE,weekly,2025,2006-06-21,2024-12-31,200,0.20165204621034194,-0.5126208094316389,0.39337467871021625,0.7355780514713726,0.8075924751151476,6.866327136555558,False,False,126.0,0.25
MODEL_B_FOUR_STATE,weekly,2025,2006-06-21,2024-12-31,200,0.20305803067347972,-0.5172925032796791,0.3925400607704041,0.7357163375871061,0.8083987157971897,6.8206537751468925,False,False,126.0,0.33
MODEL_B_FOUR_STATE,weekly,2025,2006-06-21,2024-12-31,200,0.20457164952984197,-0.5278188998817135,0.3875792427586192,0.7368106320322415,0.810153568911246,6.713144212798699,False,False,126.0,0.4
MODEL_B_FOUR_STATE,weekly,2025,2006-06-21,2024-12-31,200,0.2205302817055108,-0.49154420130742704,0.44864791633984574,0.7833519271316193,0.8579383722440683,5.854273155754757,False,False,189.0,0.25
MODEL_B_FOUR_STATE,weekly,2025,2006-06-21,2024-12-31,200,0.22200027999725958,-0.49154420130742704,0.4516384882718079,0.7832609815103049,0.8584744912366028,5.829417645570697,False,False,189.0,0.33
MODEL_B_FOUR_STATE,weekly,2025,2006-06-21,2024-12-31,200,0.22438858184669797,-0.49154420130742715,0.4564972615888074,0.786124103502154,0.8622657869457828,5.67992655064856,False,False,189.0,0.4
MODEL_B_FOUR_STATE,weekly,2025,2006-06-21,2024-12-31,200,0.19818584130427142,-0.5055410783215222,0.39202717603538834,0.7266284262558095,0.7951877593683766,5.03422982140477,False,False,252.0,0.25
MODEL_B_FOUR_STATE,weekly,2025,2006-06-21,2024-12-31,200,0.1994929573830695,-0.5102806337789887,0.39094753783948877,0.7266899990600059,0.795911839584399,4.945388968517313,False,False,252.0,0.33
MODEL_B_FOUR_STATE,weekly,2025,2006-06-21,2024-12-31,200,0.20200422711918242,-0.5209599381352785,0.3877538603874904,0.7303640848186493,0.8005958626241773,4.7958755609557215,False,False,252.0,0.4
MODEL_B_FOUR_STATE,weekly,2025,2006-06-21,2024-12-31,225,0.19053395971262188,-0.49154420130742715,0.3876232477279413,0.7088042038530642,0.7764445642227756,7.3194962619624935,False,False,126.0,0.25
MODEL_B_FOUR_STATE,weekly,2025,2006-06-21,2024-12-31,225,0.19192668694685877,-0.49154420130742715,0.3904566190311374,0.7091451043464876,0.7774748298350476,7.274240023622112,False,False,126.0,0.33
MODEL_B_FOUR_STATE,weekly,2025,2006-06-21,2024-12-31,225,0.19374719546864072,-0.49154420130742704,0.394160270741278,0.7112189485197447,0.7803106639849935,7.1455492045898765,False,False,126.0,0.4
MODEL_B_FOUR_STATE,weekly,2025,2006-06-21,2024-12-31,225,0.21686191282711254,-0.49154420130742704,0.4411849682089533,0.7718071850705402,0.8468238077821569,6.199561824227041,False,False,189.0,0.25
MODEL_B_FOUR_STATE,weekly,2025,2006-06-21,2024-12-31,225,0.21851600220475387,-0.49154420130742704,0.4445500559736787,0.7722286721121571,0.8480258105980024,6.197302254184559,False,False,189.0,0.33
MODEL_B_FOUR_STATE,weekly,2025,2006-06-21,2024-12-31,225,0.22205614481400038,-0.49154420130742715,0.45175213993648455,0.7779776523214915,0.8551693248793691,6.006118063723317,False,False,189.0,0.4
MODEL_B_FOUR_STATE,weekly,2025,2006-06-21,2024-12-31,225,0.19617690332670534,-0.49154420130742704,0.3991032806508691,0.7198684297973985,0.7894010515306125,5.164735680546758,False,False,252.0,0.25
MODEL_B_FOUR_STATE,weekly,2025,2006-06-21,2024-12-31,225,0.19766711166804285,-0.49154420130742704,0.4021349680095518,0.720404626708846,0.7907373494326072,5.09849076780088,False,False,252.0,0.33
MODEL_B_FOUR_STATE,weekly,2025,2006-06-21,2024-12-31,225,0.20131354291401626,-0.49154420130742715,0.40955328611049663,0.7269438750392426,0.7987378909570751,4.907284264700184,False,False,252.0,0.4
MODEL_B_FOUR_STATE,weekly,2025,2006-06-21,2024-12-31,250,0.17908904925778546,-0.49154420130742715,0.3643396642284415,0.6762583270017971,0.7476979468757414,7.751287875505587,False,False,126.0,0.25
MODEL_B_FOUR_STATE,weekly,2025,2006-06-21,2024-12-31,250,0.18003416907185565,-0.49154420130742704,0.366262420740585,0.6757052273426877,0.7476999055425312,7.727624994605063,False,False,126.0,0.33
MODEL_B_FOUR_STATE,weekly,2025,2006-06-21,2024-12-31,250,0.1820379545669466,-0.49154420130742715,0.37033893204874646,0.6785369785079257,0.7513661038002666,7.578541655355625,False,False,126.0,0.4
MODEL_B_FOUR_STATE,weekly,2025,2006-06-21,2024-12-31,250,0.2036948508057077,-0.49154420130742704,0.4143978308846138,0.7347842428957421,0.8143831379314559,6.436522628116018,False,False,189.0,0.25
MODEL_B_FOUR_STATE,weekly,2025,2006-06-21,2024-12-31,250,0.20472545018533528,-0.49154420130742715,0.41649448745565315,0.733925762822615,0.8141895101792448,6.435140951534456,False,False,189.0,0.33
MODEL_B_FOUR_STATE,weekly,2025,2006-06-21,2024-12-31,250,0.20843146638606624,-0.49154420130742704,0.4240340254888018,0.7404398325775895,0.8222035482691609,6.223564240856015,False,False,189.0,0.4
MODEL_B_FOUR_STATE,weekly,2025,2006-06-21,2024-12-31,250,0.1830087275280492,-0.49154420130742715,0.3723138774524772,0.6820586032436824,0.7559112871177927,5.401912330011749,False,False,252.0,0.25
MODEL_B_FOUR_STATE,weekly,2025,2006-06-21,2024-12-31,250,0.18388741379292872,-0.49154420130742704,0.37410148121739273,0.6813328248214111,0.7558718260886729,5.336545310726791,False,False,252.0,0.33
MODEL_B_FOUR_STATE,weekly,2025,2006-06-21,2024-12-31,250,0.1876942963587871,-0.49154420130742704,0.3818462222920157,0.6886348164641239,0.7647526968869995,5.124946287408895,False,False,252.0,0.4
MODEL_B_FOUR_STATE,weekly,2026,2006-06-21,2025-12-31,150,0.16850178264067472,-0.5322260411278861,0.3165981549560936,0.6534431648931673,0.7123472690295741,7.397028538092746,False,False,126.0,0.25
MODEL_B_FOUR_STATE,weekly,2026,2006-06-21,2025-12-31,150,0.16971084690302107,-0.5322260411278861,0.3188698669147646,0.6539714314660786,0.7135012259308122,7.353646844716556,False,False,126.0,0.33
MODEL_B_FOUR_STATE,weekly,2026,2006-06-21,2025-12-31,150,0.17040144021042813,-0.532226041127886,0.3201674233175735,0.6536323544185466,0.7135599305524984,7.1891632047357845,False,False,126.0,0.4
MODEL_B_FOUR_STATE,weekly,2026,2006-06-21,2025-12-31,150,0.19270667420286203,-0.5322260411278859,0.3620767480570488,0.720082024272788,0.7844916296039605,6.6414773790519055,False,False,189.0,0.25
MODEL_B_FOUR_STATE,weekly,2026,2006-06-21,2025-12-31,150,0.19451762952140905,-0.5322260411278859,0.3654793536768514,0.7215734578120372,0.7867137800090065,6.618589659337636,False,False,189.0,0.33
MODEL_B_FOUR_STATE,weekly,2026,2006-06-21,2025-12-31,150,0.19602373782969895,-0.5322260411278859,0.36830918196766216,0.7228242602691858,0.788549021665135,6.393784295592196,False,False,189.0,0.4
MODEL_B_FOUR_STATE,weekly,2026,2006-06-21,2025-12-31,150,0.1762990796238415,-0.532226041127886,0.3312485034558455,0.6765114718486186,0.7367475030148126,5.557243778468436,False,False,252.0,0.25
MODEL_B_FOUR_STATE,weekly,2026,2006-06-21,2025-12-31,150,0.17795842587047161,-0.5322260411278859,0.33436625065046544,0.6780539023813829,0.7390418391701741,5.473644885416638,False,False,252.0,0.33
MODEL_B_FOUR_STATE,weekly,2026,2006-06-21,2025-12-31,150,0.1798062764469872,-0.5322260411278859,0.33783817880452505,0.6805509046956172,0.7422614599955983,5.290092022550171,False,False,252.0,0.4
MODEL_B_FOUR_STATE,weekly,2026,2006-06-21,2025-12-31,175,0.20446567537966875,-0.4952787336543665,0.4128295068739141,0.7461716623191967,0.8163619373172615,6.680405145036716,False,False,126.0,0.25
MODEL_B_FOUR_STATE,weekly,2026,2006-06-21,2025-12-31,175,0.20602819040788378,-0.4981601805812502,0.4135781992199605,0.7467260915048276,0.8177404733010419,6.657946912441318,False,False,126.0,0.33
MODEL_B_FOUR_STATE,weekly,2026,2006-06-21,2025-12-31,175,0.20686648205430402,-0.509103795515318,0.4063345900709942,0.7461171296340445,0.8175814575363526,6.5145877573192505,False,False,126.0,0.4
MODEL_B_FOUR_STATE,weekly,2026,2006-06-21,2025-12-31,175,0.2269506988223413,-0.49154420130742715,0.4617096452744017,0.8052440972079316,0.8792459835925506,5.924853985995874,False,False,189.0,0.25
MODEL_B_FOUR_STATE,weekly,2026,2006-06-21,2025-12-31,175,0.2291359464638778,-0.49154420130742715,0.46615532408766835,0.8068204180183602,0.8817874758165325,5.922889727062398,False,False,189.0,0.33
MODEL_B_FOUR_STATE,weekly,2026,2006-06-21,2025-12-31,175,0.23080185541358866,-0.49154420130742715,0.4695444576493701,0.8078026045485803,0.8834382738189708,5.739697260225704,False,False,189.0,0.4
MODEL_B_FOUR_STATE,weekly,2026,2006-06-21,2025-12-31,175,0.20734772324706396,-0.49154420130742715,0.4218292529859023,0.7552160458503652,0.8242978058245455,4.942052478642982,False,False,252.0,0.25
MODEL_B_FOUR_STATE,weekly,2026,2006-06-21,2025-12-31,175,0.20936798245441457,-0.49154420130742715,0.42593927849729485,0.7569052563151658,0.8269742899459434,4.879377046371976,False,False,252.0,0.33
MODEL_B_FOUR_STATE,weekly,2026,2006-06-21,2025-12-31,175,0.21137942405944754,-0.5019729758209531,0.42109721885674517,0.7591606951668332,0.8300427167004631,4.737437080414255,False,False,252.0,0.4
MODEL_B_FOUR_STATE,weekly,2026,2006-06-21,2025-12-31,200,0.19949029480275482,-0.5126208094316389,0.3891576212521237,0.7317711026647775,0.805597243799137,6.885125440153422,False,False,126.0,0.25
MODEL_B_FOUR_STATE,weekly,2026,2006-06-21,2025-12-31,200,0.20079420274963966,-0.5172925032796791,0.3881637593365206,0.7317622203923315,0.806302446723656,6.883042020918799,False,False,126.0,0.33
MODEL_B_FOUR_STATE,weekly,2026,2006-06-21,2025-12-31,200,0.2021617077321496,-0.5278188998817135,0.3830133929979675,0.7325888818997356,0.8078010943767434,6.741557629692741,False,False,126.0,0.4
MODEL_B_FOUR_STATE,weekly,2026,2006-06-21,2025-12-31,200,0.22021116963319787,-0.49154420130742704,0.4479987131319467,0.7844593235888634,0.8618674339727354,5.740627001351468,False,False,189.0,0.25
MODEL_B_FOUR_STATE,weekly,2026,2006-06-21,2025-12-31,200,0.22214024513201713,-0.49154420130742704,0.45192323404723417,0.7855691225106552,0.8638708814079399,5.73864298124039,False,False,189.0,0.33
MODEL_B_FOUR_STATE,weekly,2026,2006-06-21,2025-12-31,200,0.2243393539776144,-0.49154420130742715,0.4563971121638876,0.7880342791258099,0.8672697616002282,5.557325278299705,False,False,189.0,0.4
MODEL_B_FOUR_STATE,weekly,2026,2006-06-21,2025-12-31,200,0.19900565894601963,-0.5055410783215222,0.3936488397871652,0.7304269816008724,0.8018950044238976,4.962545789115281,False,False,252.0,0.25
MODEL_B_FOUR_STATE,weekly,2026,2006-06-21,2025-12-31,200,0.2007720596764957,-0.5102806337789887,0.39345420222914734,0.7316800244755955,0.8040662271881756,4.899850595666675,False,False,252.0,0.33
MODEL_B_FOUR_STATE,weekly,2026,2006-06-21,2025-12-31,200,0.20309127599104948,-0.5209599381352785,0.3898404870017326,0.7349080511507959,0.8083059900782052,4.718511721838029,False,False,252.0,0.4
MODEL_B_FOUR_STATE,weekly,2026,2006-06-21,2025-12-31,225,0.18775439397132376,-0.49154420130742715,0.38196848517778825,0.702232367727052,0.7711808935389532,7.315105622510655,False,False,126.0,0.25
MODEL_B_FOUR_STATE,weekly,2026,2006-06-21,2025-12-31,225,0.18904530908759098,-0.49154420130742715,0.384594729395162,0.702458024519911,0.7721579078558203,7.313417981900194,False,False,126.0,0.33
MODEL_B_FOUR_STATE,weekly,2026,2006-06-21,2025-12-31,225,0.1907031338291958,-0.49154420130742704,0.387967416403157,0.7042466383375396,0.7747300954549885,7.151836191930607,False,False,126.0,0.4
MODEL_B_FOUR_STATE,weekly,2026,2006-06-21,2025-12-31,225,0.21549983854956145,-0.49154420130742704,0.43841395743529715,0.7693358219424732,0.8464454814746654,6.068247036150348,False,False,189.0,0.25
MODEL_B_FOUR_STATE,weekly,2026,2006-06-21,2025-12-31,225,0.21760019512493156,-0.49154420130742704,0.4426869334357942,0.7709711186891813,0.8491404331651307,6.087702708017148,False,False,189.0,0.33
MODEL_B_FOUR_STATE,weekly,2026,2006-06-21,2025-12-31,225,0.2208894733997333,-0.49154420130742715,0.4493786577325161,0.7762137178349902,0.8557826075694174,5.8668253708960805,False,False,189.0,0.4
MODEL_B_FOUR_STATE,weekly,2026,2006-06-21,2025-12-31,225,0.19588668479531024,-0.49154420130742704,0.39851285860820607,0.7199506030738319,0.7916952708994562,5.086373583125232,False,False,252.0,0.25
MODEL_B_FOUR_STATE,weekly,2026,2006-06-21,2025-12-31,225,0.19782431710862003,-0.49154420130742704,0.40245478755001024,0.7216922831135268,0.7945055583001328,5.045118081654504,False,False,252.0,0.33
MODEL_B_FOUR_STATE,weekly,2026,2006-06-21,2025-12-31,225,0.20121848234728734,-0.49154420130742715,0.4093598944145391,0.727675357819998,0.8019505975648271,4.824219573645476,False,False,252.0,0.4
MODEL_B_FOUR_STATE,weekly,2026,2006-06-21,2025-12-31,250,0.18044050362610164,-0.49154420130742715,0.3670890698052371,0.680531908501505,0.7544313660711413,7.827162341001247,False,False,126.0,0.25
MODEL_B_FOUR_STATE,weekly,2026,2006-06-21,2025-12-31,250,0.1813110281601502,-0.49154420130742704,0.3688600693038237,0.6798248167953785,0.7543361757760818,7.845963112440827,False,False,126.0,0.33
MODEL_B_FOUR_STATE,weekly,2026,2006-06-21,2025-12-31,250,0.18314938327434982,-0.49154420130742715,0.37260002821150656,0.6822687749716628,0.757627593918447,7.665032300064117,False,False,126.0,0.4
MODEL_B_FOUR_STATE,weekly,2026,2006-06-21,2025-12-31,250,0.2100897619734028,-0.49154420130742704,0.4274076703877259,0.751401803653996,0.83648009700945,6.293082409866962,False,False,189.0,0.25
MODEL_B_FOUR_STATE,weekly,2026,2006-06-21,2025-12-31,250,0.2116028938341903,-0.49154420130742715,0.43048599346988775,0.7516694103721568,0.8376806472308586,6.313371052845988,False,False,189.0,0.33
MODEL_B_FOUR_STATE,weekly,2026,2006-06-21,2025-12-31,250,0.21507244654284974,-0.49154420130742704,0.4375444689832415,0.7575188952681655,0.8450249716378263,6.073144693317797,False,False,189.0,0.4
MODEL_B_FOUR_STATE,weekly,2026,2006-06-21,2025-12-31,250,0.19034915536499453,-0.49154420130742715,0.3872472808319108,0.7013620215843992,0.7807446092003241,5.311413757466891,False,False,252.0,0.25
MODEL_B_FOUR_STATE,weekly,2026,2006-06-21,2025-12-31,250,0.19170942751272024,-0.49154420130742704,0.39001462534356945,0.701750518848673,0.7820806890918587,5.270991227108389,False,False,252.0,0.33
MODEL_B_FOUR_STATE,weekly,2026,2006-06-21,2025-12-31,250,0.1952795408631416,-0.49154420130742704,0.3972776819332422,0.7083360870292004,0.7902382657937508,5.030743696692239,False,False,252.0,0.4
MODEL_A_QLD_TREND,monthly,2013,2006-06-21,2012-12-31,150,0.06553728359745903,-0.6760152211429793,0.09694646148151995,0.3596745458171393,0.37740604022288987,1.8372766446965196,False,False,,
MODEL_A_QLD_TREND,monthly,2013,2006-06-21,2012-12-31,175,0.09538000962680893,-0.5106704086069246,0.18677410717217655,0.44695748273185826,0.5063060857364832,1.8372766446965196,False,False,,
MODEL_A_QLD_TREND,monthly,2013,2006-06-21,2012-12-31,200,0.07777576839933276,-0.5106704086069246,0.1523013025397339,0.3954164785583075,0.4501616779068241,1.8372766446965196,False,False,,
MODEL_A_QLD_TREND,monthly,2013,2006-06-21,2012-12-31,225,0.06520410628340345,-0.5064048819223317,0.12875884220524544,0.3593515437806454,0.40286152040261725,1.8372766446965196,False,False,,
MODEL_A_QLD_TREND,monthly,2013,2006-06-21,2012-12-31,250,0.03892073825444786,-0.5266829957895279,0.07389784474834515,0.2798383753616506,0.31487714455991483,1.8372766446965196,False,False,,
MODEL_A_QLD_TREND,monthly,2014,2006-06-21,2013-12-31,150,0.14416345988812362,-0.6760152211429793,0.2132547543003216,0.5835141041351792,0.6240371046261673,1.593419926400436,False,False,,
MODEL_A_QLD_TREND,monthly,2014,2006-06-21,2013-12-31,175,0.17190394645822016,-0.5106704086069246,0.33662406037421055,0.6697440534034084,0.7685324888714927,1.593419926400436,False,False,,
MODEL_A_QLD_TREND,monthly,2014,2006-06-21,2013-12-31,200,0.15555213051880523,-0.5106704086069246,0.3046037677082979,0.6227203052828808,0.7174620670039177,1.593419926400436,False,False,,
MODEL_A_QLD_TREND,monthly,2014,2006-06-21,2013-12-31,225,0.1438531757685828,-0.5064048819223317,0.2840675137698334,0.594327778743917,0.6757477711239841,1.593419926400436,False,False,,
MODEL_A_QLD_TREND,monthly,2014,2006-06-21,2013-12-31,250,0.119334815068598,-0.5266829957895279,0.22657806692564336,0.5215994815124928,0.5943052377815815,1.593419926400436,False,False,,
MODEL_A_QLD_TREND,monthly,2015,2006-06-21,2014-12-31,150,0.16919015248952385,-0.6760152211429793,0.2502756553372629,0.6561521250056078,0.7178230504224664,1.4067110104658747,False,False,,
MODEL_A_QLD_TREND,monthly,2015,2006-06-21,2014-12-31,175,0.19418059579765035,-0.5106704086069246,0.38024642220284954,0.7357939981300584,0.8586154820005075,1.4067110104658747,False,False,,
MODEL_A_QLD_TREND,monthly,2015,2006-06-21,2014-12-31,200,0.1794583058591004,-0.5106704086069246,0.35141708396351157,0.6934703776683182,0.8119620955097749,1.4067110104658747,False,False,,
MODEL_A_QLD_TREND,monthly,2015,2006-06-21,2014-12-31,225,0.16891022975804648,-0.5064048819223317,0.33354779108143073,0.6692340744744565,0.7746577054634153,1.4067110104658747,False,False,,
MODEL_A_QLD_TREND,monthly,2015,2006-06-21,2014-12-31,250,0.14676264361938673,-0.5266829957895279,0.2786546077861905,0.6037267970812533,0.6997889268122306,1.4067110104658747,False,False,,
MODEL_A_QLD_TREND,monthly,2016,2006-06-21,2015-12-31,150,0.14047357230321622,-0.6760152211429793,0.2077964636146937,0.5769926904378391,0.6401487169634796,1.4690293861689843,False,False,,
MODEL_A_QLD_TREND,monthly,2016,2006-06-21,2015-12-31,175,0.16226920890320917,-0.5106704086069246,0.3177572190757419,0.6457232543281624,0.7589414628924114,1.4690293861689843,False,False,,
MODEL_A_QLD_TREND,monthly,2016,2006-06-21,2015-12-31,200,0.14943488864380217,-0.5106704086069246,0.29262492230840387,0.6082823681764548,0.7170556522127732,1.4690293861689843,False,False,,
MODEL_A_QLD_TREND,monthly,2016,2006-06-21,2015-12-31,225,0.14022916031449162,-0.5064048819223317,0.2769111541385157,0.5855867894418113,0.6833322849256042,1.4690293861689843,False,False,,
MODEL_A_QLD_TREND,monthly,2016,2006-06-21,2015-12-31,250,0.12087160329546465,-0.5266829957895279,0.22949592878781136,0.527693592989663,0.6164866754703281,1.4690293861689843,False,False,,
MODEL_A_QLD_TREND,monthly,2017,2006-06-21,2016-12-31,150,0.11903310545830181,-0.6760152211429793,0.1760805108160811,0.5190454758755009,0.574276352248869,1.709455707776801,False,False,,
MODEL_A_QLD_TREND,monthly,2017,2006-06-21,2016-12-31,175,0.1383714265360314,-0.5106704086069246,0.2709603380260462,0.580485055408269,0.6768266972868013,1.709455707776801,False,False,,
MODEL_A_QLD_TREND,monthly,2017,2006-06-21,2016-12-31,200,0.12698830135592587,-0.5106704086069246,0.24866978625673972,0.546450138407351,0.6388597832833325,1.709455707776801,False,False,,
MODEL_A_QLD_TREND,monthly,2017,2006-06-21,2016-12-31,225,0.11881605158937947,-0.5064048819223317,0.23462659194427457,0.5250734633356596,0.6081465289282302,1.709455707776801,False,False,,
MODEL_A_QLD_TREND,monthly,2017,2006-06-21,2016-12-31,250,0.10161115804282939,-0.5266829957895279,0.19292659693808503,0.4724788719593719,0.5477718322980746,1.709455707776801,False,False,,
MODEL_A_QLD_TREND,monthly,2018,2006-06-21,2017-12-31,150,0.16062498087182298,-0.6760152211429793,0.23760556840753486,0.644814609096159,0.7112142461458042,1.561619671276265,False,False,,
MODEL_A_QLD_TREND,monthly,2018,2006-06-21,2017-12-31,175,0.1789338925184092,-0.5106704086069246,0.35039017241380627,0.7058683545416332,0.8180359380781852,1.561619671276265,False,False,,
MODEL_A_QLD_TREND,monthly,2018,2006-06-21,2017-12-31,200,0.1681599954530184,-0.5106704086069246,0.3292926173493151,0.6735660985497622,0.782475912288898,1.561619671276265,False,False,,
MODEL_A_QLD_TREND,monthly,2018,2006-06-21,2017-12-31,225,0.16041932667739345,-0.5064048819223317,0.31678076654481635,0.6551192294996128,0.7544405664389728,1.561619671276265,False,False,,
MODEL_A_QLD_TREND,monthly,2018,2006-06-21,2017-12-31,250,0.144106997408171,-0.5266829957895279,0.273612397894385,0.6051299263863323,0.6972534661803619,1.561619671276265,False,False,,
MODEL_A_QLD_TREND,monthly,2019,2006-06-21,2018-12-31,150,0.1584357094510811,-0.6760152211429793,0.23436707413659175,0.6326396585270729,0.6980368865699529,1.5161947544584353,False,False,,
MODEL_A_QLD_TREND,monthly,2019,2006-06-21,2018-12-31,175,0.17523388803232276,-0.5106704086069246,0.3431447859106411,0.6870170699873266,0.7912809197024693,1.5161947544584353,False,False,,
MODEL_A_QLD_TREND,monthly,2019,2006-06-21,2018-12-31,200,0.16535153793053436,-0.5106704086069246,0.32379306719886614,0.6580253192728381,0.759616653184706,1.5161947544584353,False,False,,
MODEL_A_QLD_TREND,monthly,2019,2006-06-21,2018-12-31,225,0.15824690440808364,-0.5064048819223317,0.31249087451008084,0.6411337723573425,0.7342223727203929,1.5161947544584353,False,False,,
MODEL_A_QLD_TREND,monthly,2019,2006-06-21,2018-12-31,250,0.14558170009968152,-0.5266829957895279,0.2764123794834998,0.5996013560318563,0.6923858262705817,1.5161947544584353,False,False,,
MODEL_A_QLD_TREND,monthly,2020,2006-06-21,2019-12-31,150,0.17712793810310123,-0.6760152211429793,0.2620176773588329,0.6866508781118701,0.759508102581465,1.478076232072185,False,False,,
MODEL_A_QLD_TREND,monthly,2020,2006-06-21,2019-12-31,175,0.19292781185010166,-0.5106704086069246,0.377793207905655,0.7384491528260109,0.8504180841304789,1.478076232072185,False,False,,
MODEL_A_QLD_TREND,monthly,2020,2006-06-21,2019-12-31,200,0.18363479919594328,-0.5106704086069246,0.359595535791641,0.7113303088086672,0.8209144189339589,1.478076232072185,False,False,,
MODEL_A_QLD_TREND,monthly,2020,2006-06-21,2019-12-31,225,0.16098777198864078,-0.5064048819223317,0.31790327805989,0.6519325647719888,0.7438707688470513,1.6258838552794035,False,False,,
MODEL_A_QLD_TREND,monthly,2020,2006-06-21,2019-12-31,250,0.14922564348931622,-0.5266829957895279,0.28333104482634464,0.6128626012702533,0.7047098949621284,1.6258838552794035,False,False,,
MODEL_A_QLD_TREND,monthly,2021,2006-06-21,2020-12-31,150,0.1925768996481152,-0.6760152211429793,0.2848706561998914,0.6858748785693184,0.730732556133993,1.5137539342256516,False,False,,
MODEL_A_QLD_TREND,monthly,2021,2006-06-21,2020-12-31,175,0.20747332304078214,-0.517154219036865,0.4011826944526823,0.7271856609322948,0.7954453628013104,1.5137539342256516,False,False,,
MODEL_A_QLD_TREND,monthly,2021,2006-06-21,2020-12-31,200,0.1987133524787017,-0.517154219036865,0.3842438970115732,0.7050330012293771,0.7728840872363291,1.5137539342256516,False,False,,
MODEL_A_QLD_TREND,monthly,2021,2006-06-21,2020-12-31,225,0.17734539554627804,-0.517154219036865,0.3429255510601106,0.6552593786853392,0.7110832037661539,1.6513679282461653,False,False,,
MODEL_A_QLD_TREND,monthly,2021,2006-06-21,2020-12-31,250,0.1662362623336613,-0.5266829957895279,0.3156286868241562,0.6239437475064984,0.6827198919342272,1.6513679282461653,False,False,,
MODEL_A_QLD_TREND,monthly,2022,2006-06-21,2021-12-31,150,0.2127217141786819,-0.6760152211429793,0.31467000671822243,0.7328858422890755,0.7956350374264282,1.4163420537615536,False,False,,
MODEL_A_QLD_TREND,monthly,2022,2006-06-21,2021-12-31,175,0.22688929905620614,-0.517154219036865,0.43872657459656633,0.7719919300766754,0.8594252009352416,1.4163420537615536,False,False,,
MODEL_A_QLD_TREND,monthly,2022,2006-06-21,2021-12-31,200,0.21855929961269283,-0.517154219036865,0.42261919475341836,0.7512842596212493,0.8380292255426934,1.4163420537615536,False,False,,
MODEL_A_QLD_TREND,monthly,2022,2006-06-21,2021-12-31,225,0.19822366173974726,-0.517154219036865,0.3832970020217838,0.7053442147206367,0.779542440986192,1.5451004222853313,False,False,,
MODEL_A_QLD_TREND,monthly,2022,2006-06-21,2021-12-31,250,0.18764186738145172,-0.5266829957895279,0.3562709806117166,0.6756928147702488,0.7523972394809765,1.5451004222853313,False,False,,
MODEL_A_QLD_TREND,monthly,2023,2006-06-21,2022-12-31,150,0.17109619611905047,-0.6760152211429793,0.25309518301935263,0.637315679775796,0.6776576855247345,1.4519233921806491,False,False,,
MODEL_A_QLD_TREND,monthly,2023,2006-06-21,2022-12-31,175,0.19847802843857165,-0.517154219036865,0.3837888605225191,0.7118686892268943,0.7718832276498453,1.3914417045950187,False,False,,
MODEL_A_QLD_TREND,monthly,2023,2006-06-21,2022-12-31,200,0.1908300654860824,-0.517154219036865,0.36900030679722484,0.6920259945828524,0.751842957432416,1.3914417045950187,False,False,,
MODEL_A_QLD_TREND,monthly,2023,2006-06-21,2022-12-31,225,0.16405402449940154,-0.517154219036865,0.3172245695006252,0.6240529225046845,0.67354070744757,1.5124353206100727,False,False,,
MODEL_A_QLD_TREND,monthly,2023,2006-06-21,2022-12-31,250,0.13298672701649772,-0.5266829957895279,0.2524986150675759,0.5389429236515608,0.5873568159358722,1.6334289366251267,False,False,,
MODEL_A_QLD_TREND,monthly,2024,2006-06-21,2023-12-31,150,0.1884756914508423,-0.6760152211429793,0.27880391677006205,0.6815289600581944,0.736333541849223,1.5975694574587707,False,False,,
MODEL_A_QLD_TREND,monthly,2024,2006-06-21,2023-12-31,175,0.22660356460781683,-0.517154219036865,0.4381740615591179,0.78131866137391,0.863749275218161,1.369345249250375,False,False,,
MODEL_A_QLD_TREND,monthly,2024,2006-06-21,2023-12-31,200,0.21921996461158666,-0.517154219036865,0.423896695689453,0.7624870392785102,0.8444531435190438,1.369345249250375,False,False,,
MODEL_A_QLD_TREND,monthly,2024,2006-06-21,2023-12-31,225,0.19458056963200665,-0.517154219036865,0.37625250354601886,0.7033267100124838,0.7694189486488119,1.4834573533545727,False,False,,
MODEL_A_QLD_TREND,monthly,2024,2006-06-21,2023-12-31,250,0.15387027195326053,-0.5266829957895279,0.2921496862122921,0.5949190762470961,0.6525348340081684,1.5975694574587707,False,False,,
MODEL_A_QLD_TREND,monthly,2025,2006-06-21,2024-12-31,150,0.20023274167522276,-0.6760152211429793,0.29619561130099603,0.7094530748589936,0.7764147866632998,1.5107039786844165,False,False,,
MODEL_A_QLD_TREND,monthly,2025,2006-06-21,2024-12-31,175,0.23661273582498876,-0.517154219036865,0.45752838730707907,0.8038232077583559,0.8992263061358386,1.2948891245866427,False,False,,
MODEL_A_QLD_TREND,monthly,2025,2006-06-21,2024-12-31,200,0.22957247910893597,-0.517154219036865,0.4439149303209514,0.7860545291915015,0.880829473257488,1.2948891245866427,False,False,,
MODEL_A_QLD_TREND,monthly,2025,2006-06-21,2024-12-31,225,0.2060619724383812,-0.517154219036865,0.398453623412656,0.7304430001606225,0.8091311094876169,1.4027965516355296,False,False,,
MODEL_A_QLD_TREND,monthly,2025,2006-06-21,2024-12-31,250,0.16715878648748528,-0.5266829957895279,0.31738026065737074,0.6279081277391562,0.6971311932691407,1.5107039786844165,False,False,,
MODEL_A_QLD_TREND,monthly,2026,2006-06-21,2025-12-31,150,0.1951958737646411,-0.6760152211429793,0.28874479103386425,0.698623370738837,0.7665489422406693,1.5357860639286414,False,False,,
MODEL_A_QLD_TREND,monthly,2026,2006-06-21,2025-12-31,175,0.22954304384200674,-0.517154219036865,0.44385801254701535,0.7883668216882348,0.8834097009439709,1.331014588738156,False,False,,
MODEL_A_QLD_TREND,monthly,2026,2006-06-21,2025-12-31,200,0.22290026145117459,-0.517154219036865,0.43101313543626973,0.7714649097870658,0.8658508665297954,1.331014588738156,False,False,,
MODEL_A_QLD_TREND,monthly,2026,2006-06-21,2025-12-31,225,0.2007029249319241,-0.517154219036865,0.3880910520380326,0.7184617483045973,0.7975575528062535,1.4334003263333988,False,False,,
MODEL_A_QLD_TREND,monthly,2026,2006-06-21,2025-12-31,250,0.1639237801829878,-0.5266829957895279,0.31123803406118455,0.6209054435209851,0.6907057565780231,1.5357860639286414,False,False,,
MODEL_B_FOUR_STATE,monthly,2013,2006-06-21,2012-12-31,150,0.06669634932410373,-0.6366446672923898,0.10476228381486201,0.36357236679107074,0.37700920768072516,2.9496287314714964,False,False,126.0,0.25
MODEL_B_FOUR_STATE,monthly,2013,2006-06-21,2012-12-31,150,0.07228199348036868,-0.6366446672923898,0.11353585004925826,0.37953243750725063,0.3951927196858302,2.714627958251597,False,False,126.0,0.33
MODEL_B_FOUR_STATE,monthly,2013,2006-06-21,2012-12-31,150,0.06841407995618676,-0.6366446672923898,0.1074603832733691,0.36787630073003347,0.3811949940789831,2.665654532176369,False,False,126.0,0.4
MODEL_B_FOUR_STATE,monthly,2013,2006-06-21,2012-12-31,150,0.066943474409221,-0.5772454985197142,0.11597054386892673,0.3655248815893494,0.3990455935132176,3.255764971527568,False,False,189.0,0.25
MODEL_B_FOUR_STATE,monthly,2013,2006-06-21,2012-12-31,150,0.0725304126102142,-0.5772454985197142,0.1256491610522921,0.3822307882061294,0.4191437568806369,3.020764198307669,False,False,189.0,0.33
MODEL_B_FOUR_STATE,monthly,2013,2006-06-21,2012-12-31,150,0.06866160299366286,-0.5772454985197142,0.11894696999758053,0.3696448696589602,0.4020953252465529,2.971790772232443,False,False,189.0,0.4
MODEL_B_FOUR_STATE,monthly,2013,2006-06-21,2012-12-31,150,0.07120484471847033,-0.5772454985197142,0.1233527933973807,0.3785166570019165,0.41462504821444096,2.704768735923996,False,False,252.0,0.25
MODEL_B_FOUR_STATE,monthly,2013,2006-06-21,2012-12-31,150,0.07681409714054488,-0.5772454985197142,0.13307006696029092,0.3951955802476253,0.43482888232914385,2.469767962704096,False,False,252.0,0.33
MODEL_B_FOUR_STATE,monthly,2013,2006-06-21,2012-12-31,150,0.07521247250294238,-0.5772454985197142,0.1302954682120812,0.38910060933310453,0.42489694010356915,2.4241730562343426,False,False,252.0,0.4
MODEL_B_FOUR_STATE,monthly,2013,2006-06-21,2012-12-31,175,0.09654065668019962,-0.45120719216634586,0.21396081081218254,0.45281544260377155,0.5073224472841138,3.0059469278952164,False,False,126.0,0.25
MODEL_B_FOUR_STATE,monthly,2013,2006-06-21,2012-12-31,175,0.10228257743859892,-0.45120719216634586,0.22668649616934866,0.4690769868277702,0.5278170960439525,2.7709461546753174,False,False,126.0,0.33
MODEL_B_FOUR_STATE,monthly,2013,2006-06-21,2012-12-31,175,0.09642041656066391,-0.45120719216634586,0.21369432543335157,0.4496159740468643,0.5013430218799498,2.72197272860009,False,False,126.0,0.4
MODEL_B_FOUR_STATE,monthly,2013,2006-06-21,2012-12-31,175,0.0603912939589335,-0.4896766658710272,0.12332891919918353,0.3450327088395888,0.38307655923309686,3.3120831679512897,False,False,189.0,0.25
MODEL_B_FOUR_STATE,monthly,2013,2006-06-21,2012-12-31,175,0.06594392235051738,-0.4896766658710272,0.1346682963404385,0.36160798086452656,0.4032302869930339,3.0770823947313897,False,False,189.0,0.33
MODEL_B_FOUR_STATE,monthly,2013,2006-06-21,2012-12-31,175,0.06027501776327826,-0.4896766658710272,0.12309146415229373,0.344172572646642,0.38057595780603354,3.028108968656163,False,False,189.0,0.4
MODEL_B_FOUR_STATE,monthly,2013,2006-06-21,2012-12-31,175,0.06462649487130179,-0.4896766658710272,0.13197789352765146,0.3578294690176137,0.3986170051097713,2.761086932347717,False,False,252.0,0.25
MODEL_B_FOUR_STATE,monthly,2013,2006-06-21,2012-12-31,175,0.07020130045065032,-0.4896766658710272,0.143362560120723,0.3743790165874147,0.4188754522112138,2.5260861591278174,False,False,252.0,0.33
MODEL_B_FOUR_STATE,monthly,2013,2006-06-21,2012-12-31,175,0.06677447771005562,-0.4896766658710272,0.1363644264961625,0.3633416128582173,0.40330777452520816,2.480491252658064,False,False,252.0,0.4
MODEL_B_FOUR_STATE,monthly,2013,2006-06-21,2012-12-31,200,0.08750928005174674,-0.45120719216634586,0.1939447809588213,0.42607309161995116,0.4795327381358433,3.312083167951289,False,False,126.0,0.25
MODEL_B_FOUR_STATE,monthly,2013,2006-06-21,2012-12-31,200,0.09320390894857766,-0.45120719216634586,0.2065656544637177,0.4424078938994776,0.5000945244032543,3.0770823947313897,False,False,126.0,0.33
MODEL_B_FOUR_STATE,monthly,2013,2006-06-21,2012-12-31,200,0.08739003025919856,-0.45120719216634586,0.193680490418647,0.42346351644284763,0.4743278634489006,3.028108968656163,False,False,126.0,0.4
MODEL_B_FOUR_STATE,monthly,2013,2006-06-21,2012-12-31,200,0.05422220273756251,-0.4896766658710272,0.1107306239334748,0.32620910361770317,0.3650224008842126,3.070346042179495,False,False,189.0,0.25
MODEL_B_FOUR_STATE,monthly,2013,2006-06-21,2012-12-31,200,0.05977497362555839,-0.4896766658710272,0.12207029207575543,0.3428199018686192,0.38531013269672426,2.7741181104167647,False,False,189.0,0.33
MODEL_B_FOUR_STATE,monthly,2013,2006-06-21,2012-12-31,200,0.054138876750800424,-0.4896766658710272,0.1105604586130304,0.3259050641463263,0.36323983576872443,2.7251446843415383,False,False,189.0,0.4
MODEL_B_FOUR_STATE,monthly,2013,2006-06-21,2012-12-31,200,0.0478082854739994,-0.4896766658710272,0.09763235376747831,0.3067326502000742,0.34346593244929424,2.764209802123423,False,False,252.0,0.25
MODEL_B_FOUR_STATE,monthly,2013,2006-06-21,2012-12-31,200,0.05332727314915209,-0.4896766658710272,0.10890303105273473,0.3234463388695375,0.3637938815739698,2.467981870360692,False,False,252.0,0.33
MODEL_B_FOUR_STATE,monthly,2013,2006-06-21,2012-12-31,200,0.047725466444862974,-0.4896766658710272,0.09746322373758581,0.30682165592252775,0.3421632139996809,2.419008444285465,False,False,252.0,0.4
MODEL_B_FOUR_STATE,monthly,2013,2006-06-21,2012-12-31,225,0.07482408187081813,-0.4464233196859124,0.16760791511398127,0.38987597598290674,0.43190184086074923,3.312083167951289,False,False,126.0,0.25
MODEL_B_FOUR_STATE,monthly,2013,2006-06-21,2012-12-31,225,0.08045228605068488,-0.4464233196859124,0.18021524078824613,0.40659913549356097,0.4524599667871164,3.0770823947313897,False,False,126.0,0.33
MODEL_B_FOUR_STATE,monthly,2013,2006-06-21,2012-12-31,225,0.07470622306157426,-0.4464233196859124,0.167343908275524,0.3878611727226851,0.4276791683235056,3.028108968656163,False,False,126.0,0.4
MODEL_B_FOUR_STATE,monthly,2013,2006-06-21,2012-12-31,225,0.04737334409251437,-0.4879465358888727,0.09708716141660119,0.3054403126355608,0.33886379642951303,3.070346042179495,False,False,189.0,0.25
MODEL_B_FOUR_STATE,monthly,2013,2006-06-21,2012-12-31,225,0.0528900408560975,-0.4879465358888727,0.10839310655162214,0.32218079045436554,0.35904270106300573,2.7741181104167647,False,False,189.0,0.33
MODEL_B_FOUR_STATE,monthly,2013,2006-06-21,2012-12-31,225,0.0472905594412536,-0.4879465358888727,0.0969175021503253,0.3055476043337367,0.3376748035272595,2.7251446843415374,False,False,189.0,0.4
MODEL_B_FOUR_STATE,monthly,2013,2006-06-21,2012-12-31,225,0.04100109547583153,-0.4879465358888727,0.0840278441594866,0.28583331210811713,0.31732593398438386,2.764209802123423,False,False,252.0,0.25
MODEL_B_FOUR_STATE,monthly,2013,2006-06-21,2012-12-31,225,0.04648422850254974,-0.4879465358888727,0.09526500360919928,0.3026785265597737,0.3375442622570057,2.467981870360692,False,False,252.0,0.33
MODEL_B_FOUR_STATE,monthly,2013,2006-06-21,2012-12-31,225,0.040918814488696276,-0.4879465358888727,0.0838592171049152,0.28634160177482737,0.31662316010376346,2.4190084442854647,False,False,252.0,0.4
MODEL_B_FOUR_STATE,monthly,2013,2006-06-21,2012-12-31,250,0.05841904058086578,-0.46916562516363214,0.12451688156072989,0.3397121560122049,0.37796767083881166,3.618219408007363,False,False,126.0,0.25
MODEL_B_FOUR_STATE,monthly,2013,2006-06-21,2012-12-31,250,0.06396134147337973,-0.46916562516363214,0.13632998251112657,0.356677651205918,0.39864894714545307,3.3832186347874615,False,False,126.0,0.33
MODEL_B_FOUR_STATE,monthly,2013,2006-06-21,2012-12-31,250,0.058302980650773106,-0.46916562516363214,0.1242695063826098,0.3387724106297872,0.3750797454541696,3.334245208712236,False,False,126.0,0.4
MODEL_B_FOUR_STATE,monthly,2013,2006-06-21,2012-12-31,250,0.024443297234583605,-0.499766528750911,0.04890943236169865,0.2359582536554412,0.26341761348426646,3.070346042179495,False,False,189.0,0.25
MODEL_B_FOUR_STATE,monthly,2013,2006-06-21,2012-12-31,250,0.029839217470863044,-0.499766528750911,0.059706314357309095,0.2526882357746702,0.28334841681594153,2.7741181104167647,False,False,189.0,0.33
MODEL_B_FOUR_STATE,monthly,2013,2006-06-21,2012-12-31,250,0.02433349538094709,-0.499766528750911,0.04868972606421821,0.237498359681561,0.26419470372861004,2.781428198563955,False,False,189.0,0.4
MODEL_B_FOUR_STATE,monthly,2013,2006-06-21,2012-12-31,250,0.018210555662064865,-0.499766528750911,0.03643812583363541,0.21644937606461268,0.2417907141669143,2.7642098021234225,False,False,252.0,0.25
MODEL_B_FOUR_STATE,monthly,2013,2006-06-21,2012-12-31,250,0.023573646969237805,-0.499766528750911,0.0471693192982661,0.23328163252340048,0.2617571224254941,2.467981870360692,False,False,252.0,0.33
MODEL_B_FOUR_STATE,monthly,2013,2006-06-21,2012-12-31,250,0.01810142184596608,-0.499766528750911,0.036219756235392114,0.21838465444849986,0.24305673161099822,2.475291958507883,False,False,252.0,0.4
MODEL_B_FOUR_STATE,monthly,2014,2006-06-21,2013-12-31,150,0.1400859072575602,-0.6366446672923898,0.2200378240083858,0.5765817373611519,0.6094738901445664,3.3062342719377327,False,False,126.0,0.25
MODEL_B_FOUR_STATE,monthly,2014,2006-06-21,2013-12-31,150,0.14781256375988372,-0.6366446672923898,0.23217435306341505,0.5970085725612893,0.6339676169386301,2.947806787035795,False,False,126.0,0.33
MODEL_B_FOUR_STATE,monthly,2014,2006-06-21,2013-12-31,150,0.1453113690355976,-0.6366446672923898,0.22824563920969893,0.5861779616616367,0.6197066221852383,2.8536674567443487,False,False,126.0,0.4
MODEL_B_FOUR_STATE,monthly,2014,2006-06-21,2013-12-31,150,0.14856541889069974,-0.5772454985197142,0.25736955813718815,0.6108905756943307,0.6790564410794492,3.574025488076953,False,False,189.0,0.25
MODEL_B_FOUR_STATE,monthly,2014,2006-06-21,2013-12-31,150,0.15631901220093503,-0.5772454985197142,0.27080161318156454,0.6318480584465335,0.7057340556105312,3.268399270419795,False,False,189.0,0.33
MODEL_B_FOUR_STATE,monthly,2014,2006-06-21,2013-12-31,150,0.15382991835843374,-0.5772454985197142,0.26648959368745967,0.6197682642820647,0.6873191248554145,3.1211593742473895,False,False,189.0,0.4
MODEL_B_FOUR_STATE,monthly,2014,2006-06-21,2013-12-31,150,0.15429895826574835,-0.5772454985197142,0.26730214208933967,0.6269542370472128,0.7016179957709024,2.6185875106119805,False,False,252.0,0.25
MODEL_B_FOUR_STATE,monthly,2014,2006-06-21,2013-12-31,150,0.16212194028379945,-0.5772454985197142,0.28085440371478726,0.647882105838783,0.7285861293522691,2.260160025710043,False,False,252.0,0.33
MODEL_B_FOUR_STATE,monthly,2014,2006-06-21,2013-12-31,150,0.16175967518009804,-0.5772454985197142,0.28022682826442796,0.6414075995392229,0.7164288183813983,2.1158502274500206,False,False,252.0,0.4
MODEL_B_FOUR_STATE,monthly,2014,2006-06-21,2013-12-31,175,0.16769901262692577,-0.45120719216634586,0.37166741917779633,0.6643889272976514,0.7537721001319797,3.355077507745214,False,False,126.0,0.25
MODEL_B_FOUR_STATE,monthly,2014,2006-06-21,2013-12-31,175,0.17561281027255582,-0.45120719216634586,0.38920658473859815,0.6851341770439339,0.7810379990247291,2.9966500228432764,False,False,126.0,0.33
MODEL_B_FOUR_STATE,monthly,2014,2006-06-21,2013-12-31,175,0.17130381789210847,-0.45120719216634586,0.37965666519995134,0.6668794033316414,0.754032128040727,2.9025106925518296,False,False,126.0,0.4
MODEL_B_FOUR_STATE,monthly,2014,2006-06-21,2013-12-31,175,0.14244567519445672,-0.4896766658710272,0.290897412767417,0.5897991570486725,0.6649725291303101,3.6228687238844346,False,False,189.0,0.25
MODEL_B_FOUR_STATE,monthly,2014,2006-06-21,2013-12-31,175,0.15015795609618365,-0.4896766658710272,0.3066471542585874,0.6106239102738313,0.69170254067449,3.3172425062272763,False,False,189.0,0.33
MODEL_B_FOUR_STATE,monthly,2014,2006-06-21,2013-12-31,175,0.14597269242505173,-0.4896766658710272,0.2981001599604473,0.5939622612640066,0.6677630653072685,3.1700026100548704,False,False,189.0,0.4
MODEL_B_FOUR_STATE,monthly,2014,2006-06-21,2013-12-31,175,0.14814866533750637,-0.4896766658710272,0.30254385324647326,0.6057090146198977,0.6874635715705109,2.6674307464194618,False,False,252.0,0.25
MODEL_B_FOUR_STATE,monthly,2014,2006-06-21,2013-12-31,175,0.1559299652327082,-0.4896766658710272,0.31843454283316325,0.6265083630287157,0.7144830722726517,2.3090032615175247,False,False,252.0,0.33
MODEL_B_FOUR_STATE,monthly,2014,2006-06-21,2013-12-31,175,0.15384845004808811,-0.4896766658710272,0.31418374770712326,0.6153854681576512,0.6967461619702785,2.164693463257502,False,False,252.0,0.4
MODEL_B_FOUR_STATE,monthly,2014,2006-06-21,2013-12-31,200,0.15935348357228585,-0.45120719216634586,0.3531714173419852,0.6403210834510354,0.7293424262154743,3.6205811195756628,False,False,126.0,0.25
MODEL_B_FOUR_STATE,monthly,2014,2006-06-21,2013-12-31,200,0.1672107214131462,-0.45120719216634586,0.37058523072367355,0.661149141301402,0.7567091876735773,3.2621536346737243,False,False,126.0,0.33
MODEL_B_FOUR_STATE,monthly,2014,2006-06-21,2013-12-31,200,0.16293252534297964,-0.45120719216634586,0.3611035643308442,0.6433363229418,0.7302927876818768,3.168014304382278,False,False,126.0,0.4
MODEL_B_FOUR_STATE,monthly,2014,2006-06-21,2013-12-31,200,0.13667914860839825,-0.4896766658710272,0.2791212204593741,0.5712772443692072,0.6482359234387001,3.41321670753326,False,False,189.0,0.25
MODEL_B_FOUR_STATE,monthly,2014,2006-06-21,2013-12-31,200,0.14438288796882315,-0.4896766658710272,0.29485351872341664,0.5921358838531109,0.6751180615768425,3.0544898451035016,False,False,189.0,0.33
MODEL_B_FOUR_STATE,monthly,2014,2006-06-21,2013-12-31,200,0.14021863896155007,-0.4896766658710272,0.2863494398127628,0.5759707591648289,0.6517653828738526,2.9072499489310952,False,False,189.0,0.4
MODEL_B_FOUR_STATE,monthly,2014,2006-06-21,2013-12-31,200,0.13240180060206042,-0.4896766658710272,0.27038617485794775,0.5590249021784859,0.6370865851266035,2.6701391262067555,False,False,252.0,0.25
MODEL_B_FOUR_STATE,monthly,2014,2006-06-21,2013-12-31,200,0.1401066527973709,-0.4896766658710272,0.2861207457131982,0.5799945822918025,0.6642043545294262,2.258610996532218,False,False,252.0,0.33
MODEL_B_FOUR_STATE,monthly,2014,2006-06-21,2013-12-31,200,0.13595796441080843,-0.4896766658710272,0.27764844414011247,0.5640285303856564,0.6409524828760089,2.1113711003598117,False,False,252.0,0.4
MODEL_B_FOUR_STATE,monthly,2014,2006-06-21,2013-12-31,225,0.14761604344681523,-0.4464233196859124,0.330663827218239,0.6118043113845572,0.6874452834567819,3.6205811195756623,False,False,126.0,0.25
MODEL_B_FOUR_STATE,monthly,2014,2006-06-21,2013-12-31,225,0.15539373362596964,-0.4464233196859124,0.3480860581729896,0.6330441817093825,0.714853072763383,3.2621536346737248,True,True,126.0,0.33
MODEL_B_FOUR_STATE,monthly,2014,2006-06-21,2013-12-31,225,0.15115885054957934,-0.4464233196859124,0.3385998084865489,0.6152661892196803,0.6890752179162116,3.168014304382278,True,True,126.0,0.4
MODEL_B_FOUR_STATE,monthly,2014,2006-06-21,2013-12-31,225,0.13027196324906987,-0.4879465358888727,0.2669799940515176,0.5538003132324874,0.6236634191360765,3.4132167075332602,False,False,189.0,0.25
MODEL_B_FOUR_STATE,monthly,2014,2006-06-21,2013-12-31,225,0.1379322784945165,-0.4879465358888727,0.2826790813121581,0.5747928482890173,0.6504359038292902,3.0544898451035016,False,False,189.0,0.33
MODEL_B_FOUR_STATE,monthly,2014,2006-06-21,2013-12-31,225,0.13379150235142379,-0.4879465358888727,0.27419295457790505,0.55882660201506,0.6276506269043804,2.9072499489310952,False,False,189.0,0.4
MODEL_B_FOUR_STATE,monthly,2014,2006-06-21,2013-12-31,225,0.12601872561860739,-0.4879465358888727,0.25826338819896344,0.5415002390075427,0.6124802005185552,2.670139126206755,False,False,252.0,0.25
MODEL_B_FOUR_STATE,monthly,2014,2006-06-21,2013-12-31,225,0.13368014742615908,-0.4879465358888727,0.2739647432533552,0.5626059287366185,0.6394880596243775,2.258610996532218,False,False,252.0,0.33
MODEL_B_FOUR_STATE,monthly,2014,2006-06-21,2013-12-31,225,0.12955484419232288,-0.4879465358888727,0.2655103267744652,0.5468409542909916,0.616808662365468,2.1113711003598117,False,False,252.0,0.4
MODEL_B_FOUR_STATE,monthly,2014,2006-06-21,2013-12-31,250,0.13240936120329394,-0.46916562516363214,0.28222306601664005,0.56816359643714,0.6408052518111704,3.8860847314061107,False,False,126.0,0.25
MODEL_B_FOUR_STATE,monthly,2014,2006-06-21,2013-12-31,250,0.140083991771337,-0.46916562516363214,0.29858110709300056,0.5896613330822349,0.6683896109055087,3.5276572465041727,False,False,126.0,0.33
MODEL_B_FOUR_STATE,monthly,2014,2006-06-21,2013-12-31,250,0.13590522373590375,-0.46916562516363214,0.2896742993234078,0.5725425686681315,0.6435068132930107,3.4335179162127263,False,False,126.0,0.4
MODEL_B_FOUR_STATE,monthly,2014,2006-06-21,2013-12-31,250,0.10877991211297444,-0.499766528750911,0.21766145961165703,0.48878518693470574,0.5527218189812817,3.4132167075332602,False,False,189.0,0.25
MODEL_B_FOUR_STATE,monthly,2014,2006-06-21,2013-12-31,250,0.11629456694010876,-0.499766528750911,0.23269779036777236,0.5097695989477755,0.5792094556268463,3.0544898451035016,False,False,189.0,0.33
MODEL_B_FOUR_STATE,monthly,2014,2006-06-21,2013-12-31,250,0.1122053794444835,-0.499766528750911,0.22451559476166494,0.4951170171076939,0.5585575684271988,2.956063105811265,False,False,189.0,0.4
MODEL_B_FOUR_STATE,monthly,2014,2006-06-21,2013-12-31,250,0.10460754953172136,-0.499766528750911,0.20931283612204227,0.47663418608491404,0.5413035048868657,2.6701391262067555,False,False,252.0,0.25
MODEL_B_FOUR_STATE,monthly,2014,2006-06-21,2013-12-31,250,0.11212328987975106,-0.499766528750911,0.22435133893417364,0.49773504444374567,0.5680215682273682,2.258610996532218,False,False,252.0,0.33
MODEL_B_FOUR_STATE,monthly,2014,2006-06-21,2013-12-31,250,0.10804938252119811,-0.499766528750911,0.21619971787876793,0.4832762594782404,0.5474925242792918,2.1601842572399805,False,False,252.0,0.4
MODEL_B_FOUR_STATE,monthly,2015,2006-06-21,2014-12-31,150,0.16578351991680695,-0.6366446672923898,0.2604019611471403,0.6491749275008177,0.7046724441844543,3.2050294946121336,False,False,126.0,0.25
MODEL_B_FOUR_STATE,monthly,2015,2006-06-21,2014-12-31,150,0.17391993336239575,-0.6366446672923898,0.27318210973487994,0.6699705058607451,0.7304722151562532,2.797926801170722,False,False,126.0,0.33
MODEL_B_FOUR_STATE,monthly,2015,2006-06-21,2014-12-31,150,0.17166130313183947,-0.6366446672923898,0.26963440039779857,0.6593399234856595,0.7156951826895076,2.7148182431285144,False,False,126.0,0.4
MODEL_B_FOUR_STATE,monthly,2015,2006-06-21,2014-12-31,150,0.17343485204914266,-0.5772454985197142,0.3004524981033169,0.6821501694892081,0.7752888226990012,3.4414422857462768,False,False,189.0,0.25
MODEL_B_FOUR_STATE,monthly,2015,2006-06-21,2014-12-31,150,0.18159712409032358,-0.5772454985197142,0.31459253394961145,0.7033972831094147,0.8031018724438258,3.080953873179068,False,False,189.0,0.33
MODEL_B_FOUR_STATE,monthly,2015,2006-06-21,2014-12-31,150,0.1793513685283965,-0.5772454985197142,0.3107020652189136,0.6916854264611191,0.7844688296494026,2.950966805932161,False,False,189.0,0.4
MODEL_B_FOUR_STATE,monthly,2015,2006-06-21,2014-12-31,150,0.17860465381413726,-0.5772454985197142,0.3094084826510562,0.6962706166111614,0.7960541363382471,2.597957714950555,False,False,252.0,0.25
MODEL_B_FOUR_STATE,monthly,2015,2006-06-21,2014-12-31,150,0.18683055046518238,-0.5772454985197142,0.3236587395558559,0.717482820071968,0.8241209545140774,2.190855021509143,False,False,252.0,0.33
MODEL_B_FOUR_STATE,monthly,2015,2006-06-21,2014-12-31,150,0.18650392796927817,-0.5772454985197142,0.3230929101180486,0.7107313066441243,0.8111965257893581,2.0634547180693152,False,False,252.0,0.4
MODEL_B_FOUR_STATE,monthly,2015,2006-06-21,2014-12-31,175,0.19067547573704524,-0.45120719216634586,0.4225896196857368,0.7292495682223512,0.843908839939816,3.248149526223875,False,False,126.0,0.25
MODEL_B_FOUR_STATE,monthly,2015,2006-06-21,2014-12-31,175,0.19898561890222854,-0.45120719216634586,0.44100719659820675,0.7502919187782178,0.8722184865283861,2.8410468327824634,False,False,126.0,0.33
MODEL_B_FOUR_STATE,monthly,2015,2006-06-21,2014-12-31,175,0.19510506775655845,-0.45120719216634586,0.43240682139798287,0.733116459345973,0.8457957256847584,2.757938274740255,False,False,126.0,0.4
MODEL_B_FOUR_STATE,monthly,2015,2006-06-21,2014-12-31,175,0.1679134808875904,-0.4896766658710272,0.34290684566092033,0.6627428117895949,0.7624165164084332,3.484562317358019,False,False,189.0,0.25
MODEL_B_FOUR_STATE,monthly,2015,2006-06-21,2014-12-31,175,0.17603734693342998,-0.4896766658710272,0.35949711146700897,0.6838830365141588,0.7902814646439134,3.1240739047908104,False,False,189.0,0.33
MODEL_B_FOUR_STATE,monthly,2015,2006-06-21,2014-12-31,175,0.1722585478965193,-0.4896766658710272,0.3517801845634388,0.6679920208565466,0.7664628197707951,2.994086837543903,False,False,189.0,0.4
MODEL_B_FOUR_STATE,monthly,2015,2006-06-21,2014-12-31,175,0.173058957148424,-0.4896766658710272,0.3534147514270261,0.6767449714230651,0.7831129791483022,2.641077746562296,False,False,252.0,0.25
MODEL_B_FOUR_STATE,monthly,2015,2006-06-21,2014-12-31,175,0.18124614843080922,-0.4896766658710272,0.37013433774389093,0.6978538097019582,0.8112310520839034,2.233975053120884,False,False,252.0,0.33
MODEL_B_FOUR_STATE,monthly,2015,2006-06-21,2014-12-31,175,0.17936809062285164,-0.4896766658710272,0.3662990359236236,0.6868711323769283,0.7930703657540585,2.1065747496810565,False,False,252.0,0.4
MODEL_B_FOUR_STATE,monthly,2015,2006-06-21,2014-12-31,200,0.18315970871820064,-0.45120719216634586,0.40593260014054794,0.7079089191373947,0.822017080789331,3.482542762992329,False,False,126.0,0.25
MODEL_B_FOUR_STATE,monthly,2015,2006-06-21,2014-12-31,200,0.19141739670042646,-0.45120719216634586,0.42423392185170866,0.7290319450777245,0.8504348529447153,3.0754400695509165,False,False,126.0,0.33
MODEL_B_FOUR_STATE,monthly,2015,2006-06-21,2014-12-31,200,0.1875613403217271,-0.45120719216634586,0.4156878338335067,0.7122060738120787,0.8244890567437886,2.9923315115087084,False,False,126.0,0.4
MODEL_B_FOUR_STATE,monthly,2015,2006-06-21,2014-12-31,200,0.16270761820510726,-0.4896766658710272,0.3322756209256697,0.6458580282404884,0.7470499702057283,3.29947626760979,False,False,189.0,0.25
MODEL_B_FOUR_STATE,monthly,2015,2006-06-21,2014-12-31,200,0.17082271860903675,-0.4896766658710272,0.3488479858544631,0.6670388232080483,0.7750706650457267,2.8921092761903666,False,False,189.0,0.33
MODEL_B_FOUR_STATE,monthly,2015,2006-06-21,2014-12-31,200,0.16706067502002186,-0.4896766658710272,0.34116527632138166,0.6515604438579129,0.7517606684380748,2.762122208943459,False,False,189.0,0.4
MODEL_B_FOUR_STATE,monthly,2015,2006-06-21,2014-12-31,200,0.15884414660121227,-0.4896766658710272,0.3243857787641635,0.6350222108691024,0.7373491424643037,2.643468772056697,False,False,252.0,0.25
MODEL_B_FOUR_STATE,monthly,2015,2006-06-21,2014-12-31,200,0.16695948287302365,-0.4896766658710272,0.3409586253738258,0.6562988641387307,0.7655900872131117,2.189487499763069,False,False,252.0,0.33
MODEL_B_FOUR_STATE,monthly,2015,2006-06-21,2014-12-31,200,0.16320985248799125,-0.4896766658710272,0.33330126563755447,0.6409770630536512,0.7423398088894309,2.059500432516162,False,False,252.0,0.4
MODEL_B_FOUR_STATE,monthly,2015,2006-06-21,2014-12-31,225,0.17257853040501736,-0.4464233196859124,0.38658045580243766,0.6837238875327044,0.7847328164668756,3.482542762992329,True,True,126.0,0.25
MODEL_B_FOUR_STATE,monthly,2015,2006-06-21,2014-12-31,225,0.18076236862008943,-0.4464233196859124,0.40491246906023504,0.7052099012596559,0.813210665598077,3.075440069550917,True,True,126.0,0.33
MODEL_B_FOUR_STATE,monthly,2015,2006-06-21,2014-12-31,225,0.17694079754360925,-0.4464233196859124,0.39635204914496514,0.6883651736757962,0.7877265544119963,2.9923315115087084,True,True,126.0,0.4
MODEL_B_FOUR_STATE,monthly,2015,2006-06-21,2014-12-31,225,0.15691975501597066,-0.4879465358888727,0.32159210789378023,0.630634556376522,0.7246758417003928,3.29947626760979,False,False,189.0,0.25
MODEL_B_FOUR_STATE,monthly,2015,2006-06-21,2014-12-31,225,0.16499445911547328,-0.4879465358888727,0.3381404456840942,0.6519369902847003,0.7526102912970193,2.8921092761903666,False,False,189.0,0.33
MODEL_B_FOUR_STATE,monthly,2015,2006-06-21,2014-12-31,225,0.16125114267098173,-0.4879465358888727,0.33046887478612175,0.6366042557136901,0.7297586841812244,2.7621222089434596,False,False,189.0,0.4
MODEL_B_FOUR_STATE,monthly,2015,2006-06-21,2014-12-31,225,0.15307551545694031,-0.4879465358888727,0.31371370467481396,0.6197615213632096,0.7149468760146495,2.6434687720566963,False,False,252.0,0.25
MODEL_B_FOUR_STATE,monthly,2015,2006-06-21,2014-12-31,225,0.1611504542501947,-0.4879465358888727,0.3302625234476424,0.6411614489150209,0.7431014982040796,2.1894874997630693,False,False,252.0,0.33
MODEL_B_FOUR_STATE,monthly,2015,2006-06-21,2014-12-31,225,0.15741948921777404,-0.4879465358888727,0.32261626559354345,0.6259868198518301,0.7203132254608228,2.0595004325161614,False,False,252.0,0.4
MODEL_B_FOUR_STATE,monthly,2015,2006-06-21,2014-12-31,250,0.15885097714509744,-0.46916562516363214,0.3385818751953419,0.6454955774709804,0.743330339483643,3.7169359997607825,False,False,126.0,0.25
MODEL_B_FOUR_STATE,monthly,2015,2006-06-21,2014-12-31,250,0.1669390059349969,-0.46916562516363214,0.35582105120504753,0.6672171978171934,0.7719930183759572,3.3098333063193706,False,False,126.0,0.33
MODEL_B_FOUR_STATE,monthly,2015,2006-06-21,2014-12-31,250,0.16316217456603188,-0.46916562516363214,0.34777094871160985,0.6508745823061942,0.7471907247007119,3.226724748277163,False,False,126.0,0.4
MODEL_B_FOUR_STATE,monthly,2015,2006-06-21,2014-12-31,250,0.13747691073088397,-0.499766528750911,0.27508226906368904,0.5720705668044155,0.6594354571737477,3.29947626760979,False,False,189.0,0.25
MODEL_B_FOUR_STATE,monthly,2015,2006-06-21,2014-12-31,250,0.14541591378995244,-0.499766528750911,0.29096769276125195,0.593388420686781,0.687138527626103,2.8921092761903666,False,False,189.0,0.33
MODEL_B_FOUR_STATE,monthly,2015,2006-06-21,2014-12-31,250,0.14171090372002992,-0.499766528750911,0.28355421095169053,0.5791280755944049,0.6661211838560929,2.805215686124989,False,False,189.0,0.4
MODEL_B_FOUR_STATE,monthly,2015,2006-06-21,2014-12-31,250,0.13369727630182648,-0.499766528750911,0.26751946881273164,0.5613149018612614,0.6495121416572501,2.6434687720566967,False,False,252.0,0.25
MODEL_B_FOUR_STATE,monthly,2015,2006-06-21,2014-12-31,250,0.14163651011045397,-0.499766528750911,0.2834053542250068,0.582732945785021,0.6774313473813032,2.1894874997630693,False,False,252.0,0.33
MODEL_B_FOUR_STATE,monthly,2015,2006-06-21,2014-12-31,250,0.13794372505724573,-0.499766528750911,0.2760163338709671,0.5686254495127285,0.6564910244473571,2.102593909697691,False,False,252.0,0.4
MODEL_B_FOUR_STATE,monthly,2016,2006-06-21,2015-12-31,150,0.13603503796576777,-0.6366446672923898,0.21367498222252662,0.5652721384313208,0.6231894575605367,3.3287957600806797,False,False,126.0,0.25
MODEL_B_FOUR_STATE,monthly,2016,2006-06-21,2015-12-31,150,0.1419339648366431,-0.6366446672923898,0.22294063255140337,0.5793831102435336,0.6406696633766524,2.8020769859437986,False,False,126.0,0.33
MODEL_B_FOUR_STATE,monthly,2016,2006-06-21,2015-12-31,150,0.139254182467899,-0.6366446672923898,0.21873140485121534,0.56881224035356,0.6266135564977491,2.728043886172762,False,False,126.0,0.4
MODEL_B_FOUR_STATE,monthly,2016,2006-06-21,2015-12-31,150,0.1427067997160001,-0.5772454985197142,0.24722029029582177,0.5917827142641761,0.679750305608526,3.540412382029777,False,False,189.0,0.25
MODEL_B_FOUR_STATE,monthly,2016,2006-06-21,2015-12-31,150,0.14861640433857004,-0.5772454985197142,0.2574578835515934,0.605864703488733,0.6976198115562733,3.055418747238626,False,False,189.0,0.33
MODEL_B_FOUR_STATE,monthly,2016,2006-06-21,2015-12-31,150,0.14594498534985245,-0.5772454985197142,0.25283001032336005,0.594450654813372,0.6806717613194285,2.9394239933949926,False,False,189.0,0.4
MODEL_B_FOUR_STATE,monthly,2016,2006-06-21,2015-12-31,150,0.14721214764210688,-0.5772454985197142,0.2550251981515959,0.604410469072933,0.6979017262234088,2.7853967389180885,False,False,252.0,0.25
MODEL_B_FOUR_STATE,monthly,2016,2006-06-21,2015-12-31,150,0.15316911229386476,-0.5772454985197142,0.2653448362726967,0.6184107277532892,0.715801336939027,2.258677964781207,False,False,252.0,0.33
MODEL_B_FOUR_STATE,monthly,2016,2006-06-21,2015-12-31,150,0.15216402022282072,-0.5772454985197142,0.26360364976951656,0.6114205717250606,0.7039927402511658,2.1449986618740833,False,False,252.0,0.4
MODEL_B_FOUR_STATE,monthly,2016,2006-06-21,2015-12-31,175,0.15772350473672025,-0.45120719216634586,0.34955893317979864,0.6338363170817418,0.7396692958984176,3.3673931446986614,False,False,126.0,0.25
MODEL_B_FOUR_STATE,monthly,2016,2006-06-21,2015-12-31,175,0.16373505021102552,-0.45120719216634586,0.36288218152041685,0.6475449724773744,0.7573651290953987,2.8406743705617794,False,False,126.0,0.33
MODEL_B_FOUR_STATE,monthly,2016,2006-06-21,2015-12-31,175,0.15963736892443903,-0.45120719216634586,0.3538005858416941,0.6314347381810307,0.7338513692778028,2.766641270790743,False,False,126.0,0.4
MODEL_B_FOUR_STATE,monthly,2016,2006-06-21,2015-12-31,175,0.1378927683354234,-0.4896766658710272,0.28159963083015704,0.5753991502286943,0.6680115843416242,3.579009766647758,False,False,189.0,0.25
MODEL_B_FOUR_STATE,monthly,2016,2006-06-21,2015-12-31,175,0.14377747678855846,-0.4896766658710272,0.2936171698784338,0.5895590592832106,0.6860713543454819,3.0940161318566077,False,False,189.0,0.33
MODEL_B_FOUR_STATE,monthly,2016,2006-06-21,2015-12-31,175,0.13977398464728363,-0.4896766658710272,0.2854413828330097,0.5745124770138126,0.6646099214290577,2.9780213780129734,False,False,189.0,0.4
MODEL_B_FOUR_STATE,monthly,2016,2006-06-21,2015-12-31,175,0.14237913598916085,-0.4896766658710272,0.29076152880574707,0.5879319715864431,0.6861112326498737,2.8239941235360693,False,False,252.0,0.25
MODEL_B_FOUR_STATE,monthly,2016,2006-06-21,2015-12-31,175,0.14831100495165406,-0.4896766658710272,0.3028753773428051,0.6020139644978817,0.7042043021633826,2.297275349399188,False,False,252.0,0.33
MODEL_B_FOUR_STATE,monthly,2016,2006-06-21,2015-12-31,175,0.14595952954554892,-0.4896766658710272,0.29807327920336774,0.5913498585507002,0.6878440094608179,2.183596046492064,False,False,252.0,0.4
MODEL_B_FOUR_STATE,monthly,2016,2006-06-21,2015-12-31,200,0.1511800420124232,-0.45120719216634586,0.3350568090162177,0.6149666122320063,0.7198018964560952,3.5772020333577808,False,False,126.0,0.25
MODEL_B_FOUR_STATE,monthly,2016,2006-06-21,2015-12-31,200,0.15715761018250562,-0.45120719216634586,0.34830475424816937,0.628852714199993,0.7377254101020354,3.0504832592208984,False,False,126.0,0.33
MODEL_B_FOUR_STATE,monthly,2016,2006-06-21,2015-12-31,200,0.15308308902408907,-0.45120719216634586,0.3392744878225526,0.6130340520374956,0.7146010472395019,2.976450159449862,False,False,126.0,0.4
MODEL_B_FOUR_STATE,monthly,2016,2006-06-21,2015-12-31,200,0.13335163915762394,-0.4896766658710272,0.2723259008481049,0.5609023706198116,0.6543150054637106,3.413336477864502,False,False,189.0,0.25
MODEL_B_FOUR_STATE,monthly,2016,2006-06-21,2015-12-31,200,0.13923676711664412,-0.4896766658710272,0.2843442965961478,0.5752229059283334,0.672651930782034,2.886381126658222,False,False,189.0,0.33
MODEL_B_FOUR_STATE,monthly,2016,2006-06-21,2015-12-31,200,0.13524916853496105,-0.4896766658710272,0.27620096680404915,0.5605079530289723,0.6515866154801312,2.7703863728145883,False,False,189.0,0.4
MODEL_B_FOUR_STATE,monthly,2016,2006-06-21,2015-12-31,200,0.12998011360285,-0.4896766658710272,0.2654406931391022,0.5512483192880052,0.6452384316949191,2.8261343661840748,False,False,252.0,0.25
MODEL_B_FOUR_STATE,monthly,2016,2006-06-21,2015-12-31,200,0.13587143365741783,-0.4896766658710272,0.277471734161015,0.5657082886891754,0.663787798750232,2.2574538756320637,False,False,252.0,0.33
MODEL_B_FOUR_STATE,monthly,2016,2006-06-21,2015-12-31,200,0.13189561454012377,-0.4896766658710272,0.26935245996561924,0.5511262141635502,0.6427900657998142,2.14145912178843,False,False,252.0,0.4
MODEL_B_FOUR_STATE,monthly,2016,2006-06-21,2015-12-31,225,0.1419603368950726,-0.4464233196859124,0.3179948955062447,0.5922682571568314,0.6861429364242632,3.5772020333577808,False,False,126.0,0.25
MODEL_B_FOUR_STATE,monthly,2016,2006-06-21,2015-12-31,225,0.14789003121933075,-0.4464233196859124,0.33127756704864997,0.6064733085728727,0.7042645080070744,3.0504832592208984,False,False,126.0,0.33
MODEL_B_FOUR_STATE,monthly,2016,2006-06-21,2015-12-31,225,0.14384814256165623,-0.4464233196859124,0.32222362994581616,0.5906829498657377,0.6815669250901515,2.976450159449862,False,False,126.0,0.4
MODEL_B_FOUR_STATE,monthly,2016,2006-06-21,2015-12-31,225,0.12830032021261473,-0.4879465358888727,0.26293929923878884,0.5471095447834547,0.6345559003363284,3.413336477864502,False,False,189.0,0.25
MODEL_B_FOUR_STATE,monthly,2016,2006-06-21,2015-12-31,225,0.1341592183085225,-0.4879465358888727,0.27494655344592217,0.5615832960287366,0.6529618349705291,2.8863811266582227,False,False,189.0,0.33
MODEL_B_FOUR_STATE,monthly,2016,2006-06-21,2015-12-31,225,0.13018939235059057,-0.4879465358888727,0.26681077285123,0.5470000120744067,0.6322793328198277,2.770386372814587,False,False,189.0,0.4
MODEL_B_FOUR_STATE,monthly,2016,2006-06-21,2015-12-31,225,0.12494382146004401,-0.4879465358888727,0.2560604743969313,0.537425968159046,0.6254555890470469,2.826134366184074,False,False,252.0,0.25
MODEL_B_FOUR_STATE,monthly,2016,2006-06-21,2015-12-31,225,0.13080888405348978,-0.4879465358888727,0.2680803621552522,0.552040912072169,0.6440748438404289,2.2574538756320637,False,False,252.0,0.33
MODEL_B_FOUR_STATE,monthly,2016,2006-06-21,2015-12-31,225,0.12685078505917913,-0.4879465358888727,0.2599686148567488,0.5375916464127874,0.6234625803288887,2.1414591217884293,False,False,252.0,0.4
MODEL_B_FOUR_STATE,monthly,2016,2006-06-21,2015-12-31,250,0.12998607543476748,-0.46916562516363214,0.2770579694312257,0.5580714261914128,0.6484089895269195,3.787010922016899,False,False,126.0,0.25
MODEL_B_FOUR_STATE,monthly,2016,2006-06-21,2015-12-31,250,0.13585359272193953,-0.46916562516363214,0.28956425073673614,0.572638046313756,0.6668974123541829,3.260292147880017,False,False,126.0,0.33
MODEL_B_FOUR_STATE,monthly,2016,2006-06-21,2015-12-31,250,0.13185408612432137,-0.46916562516363214,0.281039528585101,0.5572788758196909,0.6447872028266833,3.1862590481089805,False,False,126.0,0.4
MODEL_B_FOUR_STATE,monthly,2016,2006-06-21,2015-12-31,250,0.11131221049427986,-0.499766528750911,0.22272842235450918,0.4958663582055379,0.576691938814153,3.413336477864502,False,False,189.0,0.25
MODEL_B_FOUR_STATE,monthly,2016,2006-06-21,2015-12-31,250,0.11708289483902701,-0.499766528750911,0.23427518271713307,0.5107089801597273,0.595469945650362,2.8863811266582227,False,False,189.0,0.33
MODEL_B_FOUR_STATE,monthly,2016,2006-06-21,2015-12-31,250,0.11315136874253717,-0.499766528750911,0.22640845721569527,0.49700330687166644,0.5762325494034842,2.808959988165296,False,False,189.0,0.4
MODEL_B_FOUR_STATE,monthly,2016,2006-06-21,2015-12-31,250,0.10800624843664464,-0.499766528750911,0.21611340940856827,0.486275224296543,0.5674451783812894,2.826134366184074,False,False,252.0,0.25
MODEL_B_FOUR_STATE,monthly,2016,2006-06-21,2015-12-31,250,0.11378300446395984,-0.499766528750911,0.22767231880923045,0.5012595592901536,0.5864367599596245,2.2574538756320632,False,False,252.0,0.33
MODEL_B_FOUR_STATE,monthly,2016,2006-06-21,2015-12-31,250,0.1098630921923569,-0.499766528750911,0.21982883180861007,0.48768399113280686,0.5672782944821927,2.180032737139138,False,False,252.0,0.4
MODEL_B_FOUR_STATE,monthly,2017,2006-06-21,2016-12-31,150,0.10971683832819457,-0.6366446672923898,0.1723360674562994,0.4932478221675071,0.5429085090859146,3.7337008421112956,False,False,126.0,0.25
MODEL_B_FOUR_STATE,monthly,2017,2006-06-21,2016-12-31,150,0.11493082016914102,-0.6366446672923898,0.18052585071973454,0.506759240343424,0.5593109036985481,3.256982679823558,False,False,126.0,0.33
MODEL_B_FOUR_STATE,monthly,2017,2006-06-21,2016-12-31,150,0.11256023859738495,-0.6366446672923898,0.17680229550354462,0.49765899061792845,0.5476576334656026,3.0765545075849428,False,False,126.0,0.4
MODEL_B_FOUR_STATE,monthly,2017,2006-06-21,2016-12-31,150,0.11968629361455929,-0.5772454985197142,0.20734036717736612,0.5260529430772282,0.6006144579820516,3.810435919893661,False,False,189.0,0.25
MODEL_B_FOUR_STATE,monthly,2017,2006-06-21,2016-12-31,150,0.1249258734150327,-0.5772454985197142,0.21641723276386227,0.539419477554744,0.6172873683293916,3.371481992956547,False,False,189.0,0.33
MODEL_B_FOUR_STATE,monthly,2017,2006-06-21,2016-12-31,150,0.12255535858292843,-0.5772454985197142,0.21231063541804804,0.5296386372300629,0.6035207657330541,3.1530755226236167,False,False,189.0,0.4
MODEL_B_FOUR_STATE,monthly,2017,2006-06-21,2016-12-31,150,0.12368106215998709,-0.5772454985197142,0.21426076509414843,0.5375965070667338,0.6166983438658141,3.127092763059155,False,False,252.0,0.25
MODEL_B_FOUR_STATE,monthly,2017,2006-06-21,2016-12-31,150,0.1289606546206583,-0.5772454985197142,0.22340694721979548,0.550900661404393,0.6334093032681265,2.650374600771418,False,False,252.0,0.33
MODEL_B_FOUR_STATE,monthly,2017,2006-06-21,2016-12-31,150,0.12806772690519086,-0.5772454985197142,0.22186007034027494,0.5451719782759282,0.624346862413171,2.4340637791404527,False,False,252.0,0.4
MODEL_B_FOUR_STATE,monthly,2017,2006-06-21,2016-12-31,175,0.12887444272010162,-0.45120719216634586,0.28562142837605675,0.5544260577216206,0.6430185629430748,3.768634235731731,False,False,126.0,0.25
MODEL_B_FOUR_STATE,monthly,2017,2006-06-21,2016-12-31,175,0.13417843617298852,-0.45120719216634586,0.2973765456369791,0.5676382581588664,0.659717856164756,3.291916073443994,False,False,126.0,0.33
MODEL_B_FOUR_STATE,monthly,2017,2006-06-21,2016-12-31,175,0.13056101767509443,-0.45120719216634586,0.28935934520068707,0.5536172337346171,0.6401053626734179,3.1114879012053778,False,False,126.0,0.4
MODEL_B_FOUR_STATE,monthly,2017,2006-06-21,2016-12-31,175,0.11541617112430202,-0.4896766658710272,0.23569873585665352,0.5116547311698566,0.5898753752666788,3.8453693135140967,False,False,189.0,0.25
MODEL_B_FOUR_STATE,monthly,2017,2006-06-21,2016-12-31,175,0.12063576885687533,-0.4957876401211261,0.24332145276433828,0.5250731082694229,0.6066981456487689,3.406415386576983,False,False,189.0,0.33
MODEL_B_FOUR_STATE,monthly,2017,2006-06-21,2016-12-31,175,0.1170827586080343,-0.49578764012112586,0.2361550573939879,0.5120025827426523,0.5888915564059384,3.188008916244052,False,False,189.0,0.4
MODEL_B_FOUR_STATE,monthly,2017,2006-06-21,2016-12-31,175,0.11939570491057738,-0.4896766658710272,0.24382559601486964,0.5231179696264638,0.6059188923020057,3.1620261566795906,False,False,252.0,0.25
MODEL_B_FOUR_STATE,monthly,2017,2006-06-21,2016-12-31,175,0.12465516270796484,-0.49578764012112597,0.2514285404079664,0.5364769203256691,0.6227819966896858,2.685307994391854,False,False,252.0,0.33
MODEL_B_FOUR_STATE,monthly,2017,2006-06-21,2016-12-31,175,0.12256825343447186,-0.4957876401211262,0.2472192598519139,0.527423315715578,0.60964784315135,2.468997172760888,False,False,252.0,0.4
MODEL_B_FOUR_STATE,monthly,2017,2006-06-21,2016-12-31,200,0.12309816513467453,-0.45120719216634586,0.27281959878266326,0.5371680737689705,0.6247047197353557,3.9585262858055237,False,False,126.0,0.25
MODEL_B_FOUR_STATE,monthly,2017,2006-06-21,2016-12-31,200,0.12837501886560876,-0.45120719216634586,0.2845145669093877,0.5505301116033408,0.6415960392223587,3.481808123517787,False,False,126.0,0.33
MODEL_B_FOUR_STATE,monthly,2017,2006-06-21,2016-12-31,200,0.12477611014399792,-0.45120719216634586,0.2765383892595331,0.5367680408817749,0.6223182067046695,3.3013799512791704,False,False,126.0,0.4
MODEL_B_FOUR_STATE,monthly,2017,2006-06-21,2016-12-31,200,0.1113865451985574,-0.4896766658710272,0.22746957934053322,0.4987638048425807,0.5775380113492236,3.695423137970343,False,False,189.0,0.25
MODEL_B_FOUR_STATE,monthly,2017,2006-06-21,2016-12-31,200,0.1166084916943555,-0.49578764012112586,0.23519846453991244,0.5123125906915466,0.5945861443411731,3.2184908565144643,False,False,189.0,0.33
MODEL_B_FOUR_STATE,monthly,2017,2006-06-21,2016-12-31,200,0.11306825005189891,-0.4957876401211263,0.22805782335411812,0.49951850388519586,0.5770975206472712,3.0000843861815345,False,False,189.0,0.4
MODEL_B_FOUR_STATE,monthly,2017,2006-06-21,2016-12-31,200,0.10839378997752225,-0.4896766658710272,0.2213578827259688,0.48996044856723336,0.5690752015523869,3.1639632293493065,False,False,252.0,0.25
MODEL_B_FOUR_STATE,monthly,2017,2006-06-21,2016-12-31,200,0.11362270422580334,-0.4957876401211261,0.22917615331847346,0.5036332305191678,0.5863101652351644,2.6492667125428047,False,False,252.0,0.33
MODEL_B_FOUR_STATE,monthly,2017,2006-06-21,2016-12-31,200,0.11009192911455301,-0.49578764012112586,0.2220546060560454,0.49095613958752193,0.568891295153854,2.4308602422098744,False,False,252.0,0.4
MODEL_B_FOUR_STATE,monthly,2017,2006-06-21,2016-12-31,225,0.11495412432538865,-0.4464233196859124,0.2575002676971855,0.5155398274300965,0.5938935411142189,3.9585262858055237,False,False,126.0,0.25
MODEL_B_FOUR_STATE,monthly,2017,2006-06-21,2016-12-31,225,0.12019271344734794,-0.44996756538045546,0.2671141715419486,0.5291962086841996,0.6109662107603441,3.481808123517787,False,False,126.0,0.33
MODEL_B_FOUR_STATE,monthly,2017,2006-06-21,2016-12-31,225,0.11661990187415006,-0.44996756538045535,0.25917401796626366,0.5154984521554219,0.5920754693156148,3.3013799512791713,False,False,126.0,0.4
MODEL_B_FOUR_STATE,monthly,2017,2006-06-21,2016-12-31,225,0.10690239488340048,-0.4879465358888727,0.21908628716599177,0.4860480184310713,0.5598504848295682,3.6954231379703435,False,False,189.0,0.25
MODEL_B_FOUR_STATE,monthly,2017,2006-06-21,2016-12-31,225,0.11210327220832728,-0.49578764012112564,0.2261114701869925,0.49972895933466294,0.5769539091831491,3.2184908565144643,False,False,189.0,0.33
MODEL_B_FOUR_STATE,monthly,2017,2006-06-21,2016-12-31,225,0.1085773145031248,-0.4957876401211261,0.21899963959690127,0.4870577534985923,0.5597820124311854,3.000084386181534,False,False,189.0,0.4
MODEL_B_FOUR_STATE,monthly,2017,2006-06-21,2016-12-31,225,0.10392171463693245,-0.4879465358888727,0.21297766659542405,0.47721984208721857,0.5513678580563592,3.1639632293493065,False,False,252.0,0.25
MODEL_B_FOUR_STATE,monthly,2017,2006-06-21,2016-12-31,225,0.10912953160130678,-0.4957876401211263,0.22011345739608446,0.49102622359734555,0.5686587447808797,2.649266712542805,False,False,252.0,0.33
MODEL_B_FOUR_STATE,monthly,2017,2006-06-21,2016-12-31,225,0.1056130022323647,-0.49578764012112597,0.2130206436904364,0.47847294103147214,0.5515586113130108,2.430860242209874,False,False,252.0,0.4
MODEL_B_FOUR_STATE,monthly,2017,2006-06-21,2016-12-31,250,0.10436757222470505,-0.46916562516363214,0.2224535784954503,0.48399120764056003,0.5589972360679499,4.148418335879317,False,False,126.0,0.25
MODEL_B_FOUR_STATE,monthly,2017,2006-06-21,2016-12-31,250,0.10955642064840276,-0.46916562516363214,0.2335133154953381,0.4979617071868137,0.5763889285295742,3.6717001735915797,False,False,126.0,0.33
MODEL_B_FOUR_STATE,monthly,2017,2006-06-21,2016-12-31,250,0.1060175331219797,-0.46916562516363214,0.22597037684720334,0.4846592824381289,0.5580237166656362,3.491272001352964,False,False,126.0,0.4
MODEL_B_FOUR_STATE,monthly,2017,2006-06-21,2016-12-31,250,0.09180769288194224,-0.499766528750911,0.18370116364415467,0.43988557510835224,0.5079348261522812,3.6954231379703435,False,False,189.0,0.25
MODEL_B_FOUR_STATE,monthly,2017,2006-06-21,2016-12-31,250,0.09693764643461145,-0.499766528750911,0.19396586377421488,0.4538623713577245,0.5253259770499853,3.2184908565144643,False,False,189.0,0.33
MODEL_B_FOUR_STATE,monthly,2017,2006-06-21,2016-12-31,250,0.09344068285750384,-0.499766528750911,0.18696866933254686,0.44193514452265653,0.5093103329366642,3.034996266915075,False,False,189.0,0.4
MODEL_B_FOUR_STATE,monthly,2017,2006-06-21,2016-12-31,250,0.08886765983281508,-0.499766528750911,0.17781835061048612,0.431134638305394,0.49933841059195916,3.163963229349306,False,False,252.0,0.25
MODEL_B_FOUR_STATE,monthly,2017,2006-06-21,2016-12-31,250,0.09400445838985849,-0.499766528750911,0.1880967471447279,0.4452373886629374,0.5169168968743476,2.6492667125428047,False,False,252.0,0.33
MODEL_B_FOUR_STATE,monthly,2017,2006-06-21,2016-12-31,250,0.0905168456193266,-0.499766528750911,0.18111826305286877,0.43342492331230725,0.5009787619898498,2.4657721229434153,False,False,252.0,0.4
MODEL_B_FOUR_STATE,monthly,2018,2006-06-21,2017-12-31,150,0.15598793126505694,-0.6366446672923898,0.2450156881521743,0.6323998792208643,0.695433251153965,3.590028432836064,False,False,126.0,0.25
MODEL_B_FOUR_STATE,monthly,2018,2006-06-21,2017-12-31,150,0.16094859700121722,-0.6366446672923898,0.25280757896822037,0.6438107875172281,0.7096993320673591,3.154537500548977,False,False,126.0,0.33
MODEL_B_FOUR_STATE,monthly,2018,2006-06-21,2017-12-31,150,0.1587565062656664,-0.6366446672923898,0.24936438553840082,0.6336296903068472,0.696633560729505,2.886132054390025,False,False,126.0,0.4
MODEL_B_FOUR_STATE,monthly,2018,2006-06-21,2017-12-31,150,0.16547128123785604,-0.5772454985197142,0.2866566853482441,0.6659648278890501,0.7577043483730812,3.660127357538652,False,False,189.0,0.25
MODEL_B_FOUR_STATE,monthly,2018,2006-06-21,2017-12-31,150,0.17045245113006158,-0.5772454985197142,0.29528589060836175,0.6771816139778533,0.7720121612506804,3.2591347585666393,False,False,189.0,0.33
MODEL_B_FOUR_STATE,monthly,2018,2006-06-21,2017-12-31,150,0.16826268301323566,-0.5772454985197142,0.2914924125778854,0.6662827817779552,0.7566523500228579,2.956035428783872,False,False,189.0,0.4
MODEL_B_FOUR_STATE,monthly,2018,2006-06-21,2017-12-31,150,0.16926921456270683,-0.5772454985197142,0.2932360927833652,0.6766061929541924,0.7731789822676053,3.0358806390713973,False,False,252.0,0.25
MODEL_B_FOUR_STATE,monthly,2018,2006-06-21,2017-12-31,150,0.1742868739795147,-0.5772454985197142,0.3019285112252156,0.6877645702961521,0.7875097688719354,2.600389706784311,False,False,252.0,0.33
MODEL_B_FOUR_STATE,monthly,2018,2006-06-21,2017-12-31,150,0.17350226115289136,-0.5772454985197142,0.30056927528723876,0.6806115585579304,0.7765237588314259,2.2992047911757068,False,False,252.0,0.4
MODEL_B_FOUR_STATE,monthly,2018,2006-06-21,2017-12-31,175,0.17420495557756,-0.45120719216634586,0.3860863891401273,0.6932775950565127,0.8008424981884832,3.6219407394339664,False,False,126.0,0.25
MODEL_B_FOUR_STATE,monthly,2018,2006-06-21,2017-12-31,175,0.1792437956318751,-0.45120719216634586,0.3972538530941536,0.7043301699775439,0.8150959263847216,3.18644980714688,False,False,126.0,0.33
MODEL_B_FOUR_STATE,monthly,2018,2006-06-21,2017-12-31,175,0.175871438812097,-0.45120719216634586,0.38977977715226386,0.6893179036145145,0.7939389652713489,2.9180443609879276,False,False,126.0,0.4
MODEL_B_FOUR_STATE,monthly,2018,2006-06-21,2017-12-31,175,0.16141026545884074,-0.4896766658710272,0.32962621400741515,0.6513385817878772,0.7476721055079166,3.692039664136555,False,False,189.0,0.25
MODEL_B_FOUR_STATE,monthly,2018,2006-06-21,2017-12-31,175,0.16637407875903398,-0.4957876401211261,0.33557528525395885,0.6626305451635907,0.7621240436369215,3.291047065164542,False,False,189.0,0.33
MODEL_B_FOUR_STATE,monthly,2018,2006-06-21,2017-12-31,175,0.1630587036818716,-0.49578764012112586,0.328888198265763,0.6485577744719652,0.742802885843947,2.9879477353817747,False,False,189.0,0.4
MODEL_B_FOUR_STATE,monthly,2018,2006-06-21,2017-12-31,175,0.16519496510954745,-0.4896766658710272,0.3373551909313504,0.6619113603560305,0.7631034467208796,3.0677929456693,False,False,252.0,0.25
MODEL_B_FOUR_STATE,monthly,2018,2006-06-21,2017-12-31,175,0.1701951407887521,-0.49578764012112597,0.34328233908205474,0.6731475211471027,0.77758054457472,2.632302013382214,False,False,252.0,0.33
MODEL_B_FOUR_STATE,monthly,2018,2006-06-21,2017-12-31,175,0.16827494233055473,-0.4957876401211262,0.3394093130063577,0.6627902923408572,0.762601848282754,2.33111709777361,False,False,252.0,0.4
MODEL_B_FOUR_STATE,monthly,2018,2006-06-21,2017-12-31,200,0.16871511162280695,-0.45120719216634586,0.3739193757368278,0.6770784137787881,0.7841094242559252,3.795410668760109,False,False,126.0,0.25
MODEL_B_FOUR_STATE,monthly,2018,2006-06-21,2017-12-31,200,0.17373039322978312,-0.45120719216634586,0.38503462765224317,0.6882682762987441,0.7985409208686879,3.359919736473022,False,False,126.0,0.33
MODEL_B_FOUR_STATE,monthly,2018,2006-06-21,2017-12-31,200,0.17037380342973396,-0.45120719216634586,0.37759549578926593,0.6734947830088895,0.7776771105187114,3.0915142903140698,False,False,126.0,0.4
MODEL_B_FOUR_STATE,monthly,2018,2006-06-21,2017-12-31,200,0.15757673603692068,-0.4896766658710272,0.3217975186884315,0.6385596118015383,0.7359005061297161,3.555061036204568,False,False,189.0,0.25
MODEL_B_FOUR_STATE,monthly,2018,2006-06-21,2017-12-31,200,0.1625443335004948,-0.49578764012112586,0.3278507174176097,0.6499927128536178,0.7505851523437425,3.1193745020639527,False,False,189.0,0.33
MODEL_B_FOUR_STATE,monthly,2018,2006-06-21,2017-12-31,200,0.15923984433224714,-0.4957876401211263,0.3211855872271102,0.6361980704391392,0.7315791842415427,2.8162751722811845,False,False,189.0,0.4
MODEL_B_FOUR_STATE,monthly,2018,2006-06-21,2017-12-31,200,0.15472884160729627,-0.4896766658710272,0.31598165154973773,0.6303673957450434,0.7285132018808693,3.069562497680481,False,False,252.0,0.25
MODEL_B_FOUR_STATE,monthly,2018,2006-06-21,2017-12-31,200,0.15970422345698254,-0.4957876401211261,0.32212223648408245,0.6419039797840304,0.7433579639391054,2.599377630224791,False,False,252.0,0.33
MODEL_B_FOUR_STATE,monthly,2018,2006-06-21,2017-12-31,200,0.1564078071962407,-0.49578764012112586,0.315473389288262,0.6282151715838638,0.7243907570862627,2.296278300442023,False,False,252.0,0.4
MODEL_B_FOUR_STATE,monthly,2018,2006-06-21,2017-12-31,225,0.1609707644380436,-0.4464233196859124,0.3605787541549059,0.6586133131739778,0.7560616009898831,3.795410668760109,True,True,126.0,0.25
MODEL_B_FOUR_STATE,monthly,2018,2006-06-21,2017-12-31,225,0.16595281289725983,-0.44996756538045546,0.3688106113980545,0.6700206049404533,0.7706358167821704,3.3599197364730227,True,True,126.0,0.33
MODEL_B_FOUR_STATE,monthly,2018,2006-06-21,2017-12-31,225,0.162618465127377,-0.44996756538045535,0.36140041558302155,0.6552417369893453,0.7500537633065,3.0915142903140698,True,True,126.0,0.4
MODEL_B_FOUR_STATE,monthly,2018,2006-06-21,2017-12-31,225,0.1533093875588043,-0.4879465358888727,0.31419300329599986,0.6270726856233613,0.719087670173852,3.5550610362045685,False,False,189.0,0.25
MODEL_B_FOUR_STATE,monthly,2018,2006-06-21,2017-12-31,225,0.1582586722239121,-0.49578764012112564,0.31920657034783684,0.6386139477085225,0.7338256269721843,3.1193745020639527,False,False,189.0,0.33
MODEL_B_FOUR_STATE,monthly,2018,2006-06-21,2017-12-31,225,0.15496636488895787,-0.4957876401211261,0.3125660108249128,0.6249173700487364,0.7151017040035994,2.8162751722811845,False,False,189.0,0.4
MODEL_B_FOUR_STATE,monthly,2018,2006-06-21,2017-12-31,225,0.1504719917489099,-0.4879465358888727,0.3083780305455004,0.6188587381141832,0.7116839519644413,3.0695624976804807,False,False,252.0,0.25
MODEL_B_FOUR_STATE,monthly,2018,2006-06-21,2017-12-31,225,0.15542903210338177,-0.4957876401211263,0.31349920717145907,0.6305046653324318,0.7265825236683222,2.599377630224791,False,False,252.0,0.33
MODEL_B_FOUR_STATE,monthly,2018,2006-06-21,2017-12-31,225,0.15214476791556564,-0.49578764012112597,0.30687487061677277,0.6169147140371745,0.7078989959790079,2.296278300442023,False,False,252.0,0.4
MODEL_B_FOUR_STATE,monthly,2018,2006-06-21,2017-12-31,250,0.1508964585915551,-0.46916562516363214,0.3216272687047917,0.6296597664357976,0.7245343681659828,3.9688805980862516,False,False,126.0,0.25
MODEL_B_FOUR_STATE,monthly,2018,2006-06-21,2017-12-31,250,0.1558352754023462,-0.46916562516363214,0.33215407746037473,0.6413331854623973,0.7393754945694039,3.533389665799165,False,False,126.0,0.33
MODEL_B_FOUR_STATE,monthly,2018,2006-06-21,2017-12-31,250,0.1525298613836492,-0.46916562516363214,0.32510877439166813,0.6268960395641757,0.7192143775242764,3.2649842196402123,False,False,126.0,0.4
MODEL_B_FOUR_STATE,monthly,2018,2006-06-21,2017-12-31,250,0.13893346418533126,-0.499766528750911,0.2779967368614579,0.5826076294724619,0.6693543204710568,3.5550610362045685,False,False,189.0,0.25
MODEL_B_FOUR_STATE,monthly,2018,2006-06-21,2017-12-31,250,0.14382105635242692,-0.499766528750911,0.28777648777697334,0.5944444013027027,0.6843897091040907,3.1193745020639527,False,False,189.0,0.33
MODEL_B_FOUR_STATE,monthly,2018,2006-06-21,2017-12-31,250,0.1405515979801757,-0.499766528750911,0.28123451630797014,0.5814731812951741,0.6667965244003554,2.8481678264556836,False,False,189.0,0.4
MODEL_B_FOUR_STATE,monthly,2018,2006-06-21,2017-12-31,250,0.13613143632195923,-0.499766528750911,0.27239006314048014,0.5744622755264895,0.6618467218469904,3.0695624976804807,False,False,252.0,0.25
MODEL_B_FOUR_STATE,monthly,2018,2006-06-21,2017-12-31,250,0.14102668750427716,-0.499766528750911,0.2821851392424209,0.5864044830434971,0.6770429273200824,2.599377630224791,False,False,252.0,0.33
MODEL_B_FOUR_STATE,monthly,2018,2006-06-21,2017-12-31,250,0.13776521645886763,-0.499766528750911,0.2756591498898305,0.5735371522076208,0.6594960400005928,2.328170954616522,False,False,252.0,0.4
MODEL_B_FOUR_STATE,monthly,2019,2006-06-21,2018-12-31,150,0.15295273850942293,-0.6366446672923898,0.24024820495225604,0.6159349334684276,0.6761828928229238,3.511131619507879,False,False,126.0,0.25
MODEL_B_FOUR_STATE,monthly,2019,2006-06-21,2018-12-31,150,0.1581279292614688,-0.6366446672923898,0.24837705769841292,0.627921351924116,0.6911816104119183,3.111820381793143,False,False,126.0,0.33
MODEL_B_FOUR_STATE,monthly,2019,2006-06-21,2018-12-31,150,0.15611639290946733,-0.6366446672923898,0.24521746734080196,0.6191220538397016,0.680127086148572,2.8649413339603136,False,False,126.0,0.4
MODEL_B_FOUR_STATE,monthly,2019,2006-06-21,2018-12-31,150,0.16164975752142663,-0.5772454985197142,0.28003641074024926,0.645360974440635,0.729295265094493,3.575608536918979,False,False,189.0,0.25
MODEL_B_FOUR_STATE,monthly,2019,2006-06-21,2018-12-31,150,0.16684547116081982,-0.5772454985197142,0.28903728411685775,0.6572010421190275,0.7444319585919513,3.2080288300003854,False,False,189.0,0.33
MODEL_B_FOUR_STATE,monthly,2019,2006-06-21,2018-12-31,150,0.16483738098996303,-0.5772454985197142,0.28555853863333935,0.6478656290403337,0.7317345196479805,2.9292383844025554,False,False,189.0,0.4
MODEL_B_FOUR_STATE,monthly,2019,2006-06-21,2018-12-31,150,0.165131183668479,-0.5772454985197142,0.28606751216240006,0.654907285562767,0.7428699905030466,3.0014270600770483,False,False,252.0,0.25
MODEL_B_FOUR_STATE,monthly,2019,2006-06-21,2018-12-31,150,0.17036103908686928,-0.5772454985197142,0.29512753156801114,0.6666998003333952,0.7580420538287029,2.602115822362313,False,False,252.0,0.33
MODEL_B_FOUR_STATE,monthly,2019,2006-06-21,2018-12-31,150,0.16964174647102404,-0.5772454985197142,0.29388145408851624,0.6607442229600916,0.7492933839222058,2.3250862529137524,False,False,252.0,0.4
MODEL_B_FOUR_STATE,monthly,2019,2006-06-21,2018-12-31,175,0.16965424185781486,-0.45120719216634586,0.37600074822226837,0.6695678840366744,0.7664147205105728,3.5404845256421824,False,False,126.0,0.25
MODEL_B_FOUR_STATE,monthly,2019,2006-06-21,2018-12-31,175,0.17490439965992866,-0.45120719216634586,0.3876365507831864,0.6812788266634695,0.7815580391696176,3.141173287927447,False,False,126.0,0.33
MODEL_B_FOUR_STATE,monthly,2019,2006-06-21,2018-12-31,175,0.17181356899391198,-0.45120719216634586,0.3807864147045106,0.6683526335951661,0.7640230716341551,2.894294240094617,False,False,126.0,0.4
MODEL_B_FOUR_STATE,monthly,2019,2006-06-21,2018-12-31,175,0.15792616652348168,-0.4896766658710272,0.32251111300671376,0.6325412595929403,0.7206417296656493,3.6049614430532824,False,False,189.0,0.25
MODEL_B_FOUR_STATE,monthly,2019,2006-06-21,2018-12-31,175,0.1631052256485428,-0.4957876401211261,0.3289820327281545,0.6444359418204837,0.73589658064781,3.2373817361346897,False,False,189.0,0.33
MODEL_B_FOUR_STATE,monthly,2019,2006-06-21,2018-12-31,175,0.16006394655478506,-0.49578764012112586,0.3228477953094592,0.6322336974698871,0.7196848907438756,2.958591290536859,False,False,189.0,0.4
MODEL_B_FOUR_STATE,monthly,2019,2006-06-21,2018-12-31,175,0.16139643319068453,-0.4896766658710272,0.32959796624900584,0.6420336037812124,0.734190424323503,3.0307799662113526,False,False,252.0,0.25
MODEL_B_FOUR_STATE,monthly,2019,2006-06-21,2018-12-31,175,0.16660952465554213,-0.49578764012112597,0.33605017788430086,0.653882691993167,0.749482060796611,2.631468728496617,False,False,252.0,0.33
MODEL_B_FOUR_STATE,monthly,2019,2006-06-21,2018-12-31,175,0.16484862403132228,-0.4957876401211262,0.3324984543605161,0.645036103124581,0.7371966461074951,2.3544391590480562,False,False,252.0,0.4
MODEL_B_FOUR_STATE,monthly,2019,2006-06-21,2018-12-31,200,0.16462331440582267,-0.45120719216634586,0.3648508207846369,0.6551186440019344,0.7515871709724185,3.700041984674904,False,False,126.0,0.25
MODEL_B_FOUR_STATE,monthly,2019,2006-06-21,2018-12-31,200,0.1698508901814979,-0.45120719216634586,0.3764365753258632,0.6669453106063286,0.7668745198860458,3.300730746960168,False,False,126.0,0.33
MODEL_B_FOUR_STATE,monthly,2019,2006-06-21,2018-12-31,200,0.16677335382442382,-0.45120719216634586,0.36961590311472636,0.6542040934322941,0.7495562845935602,3.053851699127339,False,False,126.0,0.4
MODEL_B_FOUR_STATE,monthly,2019,2006-06-21,2018-12-31,200,0.15441020213881784,-0.4896766658710272,0.31533093753641706,0.6212544158618688,0.7103815147101855,3.4789686447653163,False,False,189.0,0.25
MODEL_B_FOUR_STATE,monthly,2019,2006-06-21,2018-12-31,200,0.1595920392594259,-0.49578764012112586,0.32189596178806706,0.6332660792410549,0.7258282022474487,3.079477492670882,False,False,189.0,0.33
MODEL_B_FOUR_STATE,monthly,2019,2006-06-21,2018-12-31,200,0.1565599464199139,-0.4957876401211263,0.3157802529761827,0.6212765994516337,0.709843777342436,2.800687047073052,False,False,189.0,0.4
MODEL_B_FOUR_STATE,monthly,2019,2006-06-21,2018-12-31,200,0.15179761945594028,-0.4896766658710272,0.3099956155475076,0.6139112841305265,0.7036857167300496,3.0324075982950625,False,False,252.0,0.25
MODEL_B_FOUR_STATE,monthly,2019,2006-06-21,2018-12-31,200,0.15698608756752708,-0.4957876401211261,0.3166397765163604,0.6260149432288232,0.7192737382969621,2.601184915404485,False,False,252.0,0.33
MODEL_B_FOUR_STATE,monthly,2019,2006-06-21,2018-12-31,200,0.15396080875156626,-0.49578764012112586,0.3105378115395376,0.614108504592619,0.7033235146589623,2.322394469806656,False,False,252.0,0.4
MODEL_B_FOUR_STATE,monthly,2019,2006-06-21,2018-12-31,225,0.15752312054050321,-0.4464233196859124,0.35285594097398604,0.6382253787579891,0.7263379631595601,3.700041984674904,True,True,126.0,0.25
MODEL_B_FOUR_STATE,monthly,2019,2006-06-21,2018-12-31,225,0.16271882609600152,-0.44996756538045546,0.36162345603381413,0.650251476764926,0.741740143594247,3.300730746960168,True,True,126.0,0.33
MODEL_B_FOUR_STATE,monthly,2019,2006-06-21,2018-12-31,225,0.15966005211856782,-0.44996756538045535,0.35482569056632446,0.6375195425761262,0.7246534905627301,3.053851699127339,True,True,126.0,0.4
MODEL_B_FOUR_STATE,monthly,2019,2006-06-21,2018-12-31,225,0.15049525712003153,-0.4879465358888727,0.30842571071004804,0.6108909397845104,0.695400330613467,3.4789686447653168,False,False,189.0,0.25
MODEL_B_FOUR_STATE,monthly,2019,2006-06-21,2018-12-31,225,0.15565952110469006,-0.49578764012112564,0.3139641017808773,0.6229982111312335,0.7108841825884592,3.079477492670882,False,False,189.0,0.33
MODEL_B_FOUR_STATE,monthly,2019,2006-06-21,2018-12-31,225,0.15263771098507828,-0.4957876401211261,0.3078691331389127,0.6110879656004566,0.6951163491192829,2.800687047073052,False,False,189.0,0.4
MODEL_B_FOUR_STATE,monthly,2019,2006-06-21,2018-12-31,225,0.14789153447454906,-0.4879465358888727,0.3030896288773543,0.6035308156561586,0.6886934627996363,3.0324075982950625,False,False,252.0,0.25
MODEL_B_FOUR_STATE,monthly,2019,2006-06-21,2018-12-31,225,0.15306240696254303,-0.4957876401211263,0.30872574178159873,0.6157310012938862,0.7043189444335398,2.6011849154044855,False,False,252.0,0.33
MODEL_B_FOUR_STATE,monthly,2019,2006-06-21,2018-12-31,225,0.15004738775812165,-0.49578764012112597,0.30264447036530306,0.6039043397401038,0.6885863571354831,2.3223944698066554,False,False,252.0,0.4
MODEL_B_FOUR_STATE,monthly,2019,2006-06-21,2018-12-31,250,0.15059382906346275,-0.46916562516363214,0.3209822309785371,0.6153594455216257,0.7070483660951057,3.8885973149796,False,False,126.0,0.25
MODEL_B_FOUR_STATE,monthly,2019,2006-06-21,2018-12-31,250,0.15575843151822477,-0.46916562516363214,0.33199028906668193,0.6275088499581065,0.7226438520815813,3.489286077264865,False,False,126.0,0.33
MODEL_B_FOUR_STATE,monthly,2019,2006-06-21,2018-12-31,250,0.15271796830804552,-0.46916562516363214,0.3255097136640854,0.6152317506998443,0.7059900013192374,3.242407029432036,False,False,126.0,0.4
MODEL_B_FOUR_STATE,monthly,2019,2006-06-21,2018-12-31,250,0.13958857015011894,-0.499766528750911,0.27930756087047076,0.5749172829163102,0.6608511300791964,3.5079665160372926,False,False,189.0,0.25
MODEL_B_FOUR_STATE,monthly,2019,2006-06-21,2018-12-31,250,0.14470387694841613,-0.499766528750911,0.2895429538070128,0.5871575920393668,0.676533633959493,3.108475363942857,False,False,189.0,0.33
MODEL_B_FOUR_STATE,monthly,2019,2006-06-21,2018-12-31,250,0.14169396620681662,-0.499766528750911,0.2835203201001851,0.5759504125077555,0.6616538598656833,2.859019748200898,False,False,189.0,0.4
MODEL_B_FOUR_STATE,monthly,2019,2006-06-21,2018-12-31,250,0.13700953077705758,-0.499766528750911,0.2741470724730039,0.5676890658115927,0.6540916209444807,3.061405469567037,False,False,252.0,0.25
MODEL_B_FOUR_STATE,monthly,2019,2006-06-21,2018-12-31,250,0.1421313834301252,-0.499766528750911,0.28439556323501813,0.5800208394099421,0.6699140733521115,2.6301827866764604,False,False,252.0,0.33
MODEL_B_FOUR_STATE,monthly,2019,2006-06-21,2018-12-31,250,0.1391282368622384,-0.499766528750911,0.2783864641955272,0.5688928307756452,0.6550720643206835,2.380727170934502,False,False,252.0,0.4
MODEL_B_FOUR_STATE,monthly,2020,2006-06-21,2019-12-31,150,0.16280433723075993,-0.6366446672923898,0.255722454918466,0.6451789854686046,0.7079039324582473,3.5883038579653395,False,False,126.0,0.25
MODEL_B_FOUR_STATE,monthly,2020,2006-06-21,2019-12-31,150,0.1688597591770724,-0.6366446672923898,0.26523391752454706,0.6592135644171604,0.7254867071270432,3.2201594475949387,False,False,126.0,0.33
MODEL_B_FOUR_STATE,monthly,2020,2006-06-21,2019-12-31,150,0.16697943470928478,-0.6366446672923898,0.26228042625321585,0.6506666821398323,0.7147044063831883,2.991517771237312,False,False,126.0,0.4
MODEL_B_FOUR_STATE,monthly,2020,2006-06-21,2019-12-31,150,0.1709331510047145,-0.5772454985197142,0.2961186383316193,0.6731172033105537,0.7589831596894734,3.8285885232285906,False,False,189.0,0.25
MODEL_B_FOUR_STATE,monthly,2020,2006-06-21,2019-12-31,150,0.17701360798220223,-0.5772454985197142,0.3066522102573951,0.6870325312015335,0.7768139093299716,3.4898315819784376,False,False,189.0,0.33
MODEL_B_FOUR_STATE,monthly,2020,2006-06-21,2019-12-31,150,0.1760034386709346,-0.5772454985197142,0.3049022281200582,0.6803361603909491,0.7673059189025953,3.1736304852555857,False,False,189.0,0.4
MODEL_B_FOUR_STATE,monthly,2020,2006-06-21,2019-12-31,150,0.18208092811566323,-0.5772454985197142,0.3154306591954216,0.7027823716499464,0.7969332722925935,3.028444957480975,False,False,252.0,0.25
MODEL_B_FOUR_STATE,monthly,2020,2006-06-21,2019-12-31,150,0.18823673487114512,-0.5772454985197142,0.32609476445266106,0.7164536162720642,0.8146663450134963,2.660300547110574,False,False,252.0,0.33
MODEL_B_FOUR_STATE,monthly,2020,2006-06-21,2019-12-31,150,0.18843544685175906,-0.5772454985197142,0.32643900616805516,0.7127123011134495,0.8085592524924619,2.3457302476471944,False,False,252.0,0.4
MODEL_B_FOUR_STATE,monthly,2020,2006-06-21,2019-12-31,175,0.17839593531065812,-0.45120719216634586,0.3953747599947147,0.6957262909301938,0.7936649542693829,3.6154884154376274,False,False,126.0,0.25
MODEL_B_FOUR_STATE,monthly,2020,2006-06-21,2019-12-31,175,0.18453255209101793,-0.45120719216634586,0.4089752009604195,0.7095211065997473,0.8115302394853138,3.247344005067226,False,False,126.0,0.33
MODEL_B_FOUR_STATE,monthly,2020,2006-06-21,2019-12-31,175,0.18164630783682778,-0.45120719216634586,0.4025784849853646,0.6971457562710682,0.7947710127119396,3.0187023287096,False,False,126.0,0.4
MODEL_B_FOUR_STATE,monthly,2020,2006-06-21,2019-12-31,175,0.1674566568481315,-0.4896766658710272,0.3419739361079477,0.660987803142174,0.7509645693752414,3.855773080700878,False,False,189.0,0.25
MODEL_B_FOUR_STATE,monthly,2020,2006-06-21,2019-12-31,175,0.17351906098192482,-0.4957876401211261,0.34998666150598734,0.6749478725879341,0.768909143214208,3.517016139450726,False,False,189.0,0.33
MODEL_B_FOUR_STATE,monthly,2020,2006-06-21,2019-12-31,175,0.17153957170683887,-0.49578764012112586,0.3459940462915333,0.6655339609761846,0.7560890832057707,3.200815042727873,False,False,189.0,0.4
MODEL_B_FOUR_STATE,monthly,2020,2006-06-21,2019-12-31,175,0.17857133626947097,-0.4896766658710272,0.36467193296178774,0.6905248442514832,0.7889366364719502,3.0556295149532624,False,False,252.0,0.25
MODEL_B_FOUR_STATE,monthly,2020,2006-06-21,2019-12-31,175,0.18470886646817752,-0.49578764012112597,0.3725564163379532,0.7042450164795803,0.8067855823652119,2.6874851045828616,False,False,252.0,0.33
MODEL_B_FOUR_STATE,monthly,2020,2006-06-21,2019-12-31,175,0.1839243905438308,-0.4957876401211262,0.37097413420571784,0.6977621772334566,0.7973288644341048,2.372914805119482,False,False,252.0,0.4
MODEL_B_FOUR_STATE,monthly,2020,2006-06-21,2019-12-31,200,0.17370108176648835,-0.45120719216634586,0.38496966533824717,0.6822721503600502,0.7799697127122351,3.7632590959747105,False,False,126.0,0.25
MODEL_B_FOUR_STATE,monthly,2020,2006-06-21,2019-12-31,200,0.17981324961913447,-0.45120719216634586,0.3985159207144087,0.6961773614296365,0.7979716636419989,3.3951146856043106,False,False,126.0,0.33
MODEL_B_FOUR_STATE,monthly,2020,2006-06-21,2019-12-31,200,0.17693850446610426,-0.45120719216634586,0.3921446899296601,0.6839633415142415,0.7813990326590047,3.1664730092466846,False,False,126.0,0.4
MODEL_B_FOUR_STATE,monthly,2020,2006-06-21,2019-12-31,200,0.16417325313770137,-0.4896766658710272,0.3352686876465172,0.6503517753984479,0.7414058524973874,3.73908758283289,False,False,189.0,0.25
MODEL_B_FOUR_STATE,monthly,2020,2006-06-21,2019-12-31,200,0.17023590137008493,-0.49578764012112586,0.3433645528728683,0.6644185260291321,0.7595307442208602,3.370776548661335,False,False,189.0,0.33
MODEL_B_FOUR_STATE,monthly,2020,2006-06-21,2019-12-31,200,0.16826195012114287,-0.4957876401211263,0.33938310781615016,0.6551871092721497,0.746910699011313,3.0545754519384825,False,False,189.0,0.4
MODEL_B_FOUR_STATE,monthly,2020,2006-06-21,2019-12-31,200,0.16954737830322908,-0.4896766658710272,0.34624353194702784,0.6642629195040044,0.7605914766099594,3.057136911110935,False,False,252.0,0.25
MODEL_B_FOUR_STATE,monthly,2020,2006-06-21,2019-12-31,200,0.17565528966876665,-0.4957876401211261,0.35429541895367184,0.6782228395503099,0.7787160934229527,2.659438407819131,False,False,252.0,0.33
MODEL_B_FOUR_STATE,monthly,2020,2006-06-21,2019-12-31,200,0.17367219700800485,-0.49578764012112586,0.3502955357369841,0.6688890334759895,0.7658222652527332,2.3432373110962788,False,False,252.0,0.4
MODEL_B_FOUR_STATE,monthly,2020,2006-06-21,2019-12-31,225,0.15125975839175654,-0.4464233196859124,0.3388258447120942,0.6226928130978481,0.70378507529144,3.8839032007166043,True,True,126.0,0.25
MODEL_B_FOUR_STATE,monthly,2020,2006-06-21,2019-12-31,225,0.1572550607686587,-0.44996756538045546,0.3494808801067623,0.6372110781726623,0.7221848743318561,3.5157587903462044,True,True,126.0,0.33
MODEL_B_FOUR_STATE,monthly,2020,2006-06-21,2019-12-31,225,0.15443528113163696,-0.44996756538045535,0.34321425145623385,0.6254141647096807,0.7065217683595564,3.287117113988578,True,True,126.0,0.4
MODEL_B_FOUR_STATE,monthly,2020,2006-06-21,2019-12-31,225,0.15249276692436453,-0.4879465358888727,0.31251941700246844,0.6184046549616257,0.7008769264689106,3.59135384496594,False,False,189.0,0.25
MODEL_B_FOUR_STATE,monthly,2020,2006-06-21,2019-12-31,225,0.15849458685743456,-0.49578764012112564,0.31968240841726675,0.6327541976682761,0.7191551045059918,3.2230428107943854,False,False,189.0,0.33
MODEL_B_FOUR_STATE,monthly,2020,2006-06-21,2019-12-31,225,0.15654044083102825,-0.4957876401211261,0.31574091034779284,0.6238253065773465,0.7070752174913169,2.906841714071532,False,False,189.0,0.4
MODEL_B_FOUR_STATE,monthly,2020,2006-06-21,2019-12-31,225,0.15007699689560594,-0.4879465358888727,0.30756852617514063,0.6115487873950047,0.6946773118736723,3.177781015852828,False,False,252.0,0.25
MODEL_B_FOUR_STATE,monthly,2020,2006-06-21,2019-12-31,225,0.15608322502359617,-0.4957876401211263,0.31481870944879414,0.6259864169222942,0.7130931918594342,2.780082512561025,False,False,252.0,0.33
MODEL_B_FOUR_STATE,monthly,2020,2006-06-21,2019-12-31,225,0.15413314647683096,-0.49578764012112597,0.31088541545564685,0.6171315546670753,0.7010489666619425,2.4638814158381726,False,False,252.0,0.4
MODEL_B_FOUR_STATE,monthly,2020,2006-06-21,2019-12-31,250,0.14487565569944771,-0.46916562516363214,0.30879426780024444,0.601428411437186,0.6858750851693043,4.05852963088748,False,False,126.0,0.25
MODEL_B_FOUR_STATE,monthly,2020,2006-06-21,2019-12-31,250,0.15083771221175124,-0.46916562516363214,0.32150205411818733,0.6160474491759194,0.7044531042920855,3.690385220517079,False,False,126.0,0.33
MODEL_B_FOUR_STATE,monthly,2020,2006-06-21,2019-12-31,250,0.14803356915252275,-0.46916562516363214,0.31552518175408245,0.6046483509401276,0.6891642204158059,3.461743544159453,False,False,126.0,0.4
MODEL_B_FOUR_STATE,monthly,2020,2006-06-21,2019-12-31,250,0.14237068269081998,-0.499766528750911,0.284874385338797,0.5846474765083776,0.6686713011160723,3.61820959459973,False,False,189.0,0.25
MODEL_B_FOUR_STATE,monthly,2020,2006-06-21,2019-12-31,250,0.1483197899920532,-0.499766528750911,0.2967781583187564,0.5990971730654513,0.687111812580922,3.249898560428175,False,False,189.0,0.33
MODEL_B_FOUR_STATE,monthly,2020,2006-06-21,2019-12-31,250,0.1463672331057393,-0.499766528750911,0.29287122023069756,0.5907559809771399,0.6757902884698527,2.9608652802243403,False,False,189.0,0.4
MODEL_B_FOUR_STATE,monthly,2020,2006-06-21,2019-12-31,250,0.13997612982577934,-0.499766528750911,0.2800830423270402,0.5779069350553565,0.6624257134300581,3.204636765486619,False,False,252.0,0.25
MODEL_B_FOUR_STATE,monthly,2020,2006-06-21,2019-12-31,250,0.14592960660575094,-0.499766528750911,0.2919955583469733,0.592443380590135,0.6810022108497882,2.806938262194816,False,False,252.0,0.33
MODEL_B_FOUR_STATE,monthly,2020,2006-06-21,2019-12-31,250,0.1439811138913436,-0.499766528750911,0.28809675239996985,0.5841725470171735,0.6697182761559474,2.5179049819909802,False,False,252.0,0.4
MODEL_B_FOUR_STATE,monthly,2021,2006-06-21,2020-12-31,150,0.1795308176890733,-0.6366446672923898,0.28199532158591184,0.6527839437525361,0.6920249202829108,3.5073942398105165,False,False,126.0,0.25
MODEL_B_FOUR_STATE,monthly,2021,2006-06-21,2020-12-31,150,0.18524869688998447,-0.6366446672923898,0.2909765940203908,0.6648662853762994,0.7068793723528765,3.164639099120833,False,False,126.0,0.33
MODEL_B_FOUR_STATE,monthly,2021,2006-06-21,2020-12-31,150,0.18240191759429414,-0.6366446672923898,0.28650505841828244,0.6552690432794609,0.6954497946295388,2.9503066202094876,False,False,126.0,0.4
MODEL_B_FOUR_STATE,monthly,2021,2006-06-21,2020-12-31,150,0.18720604323478307,-0.5772454985197142,0.3243092301539872,0.6749739786142889,0.7282766583439597,3.731107548848716,False,False,189.0,0.25
MODEL_B_FOUR_STATE,monthly,2021,2006-06-21,2020-12-31,150,0.19294480707995487,-0.5772454985197142,0.33425086479624644,0.6869913951583725,0.74333076212076,3.4157131552709874,False,False,189.0,0.33
MODEL_B_FOUR_STATE,monthly,2021,2006-06-21,2020-12-31,150,0.19091234683233593,-0.5772454985197142,0.3307299014403936,0.678987377969388,0.7331423924831733,3.119859836709259,False,False,189.0,0.4
MODEL_B_FOUR_STATE,monthly,2021,2006-06-21,2020-12-31,150,0.1977258054501052,-0.5772454985197142,0.3425332998822033,0.6997285986910079,0.7582288171642403,2.9861462979802456,False,False,252.0,0.25
MODEL_B_FOUR_STATE,monthly,2021,2006-06-21,2020-12-31,150,0.20353188645169795,-0.5772454985197142,0.3525915524220357,0.7116028649805087,0.7732686762946472,2.643391157290562,False,False,252.0,0.33
MODEL_B_FOUR_STATE,monthly,2021,2006-06-21,2020-12-31,150,0.20262945691860357,-0.5772454985197142,0.3510282149245436,0.7060880733820198,0.7658187300113378,2.3490561672117907,False,False,252.0,0.4
MODEL_B_FOUR_STATE,monthly,2021,2006-06-21,2020-12-31,175,0.19424916850453156,-0.517154219036865,0.3756116867156113,0.6933306597344904,0.7541741205593298,3.53270400021575,False,False,126.0,0.25
MODEL_B_FOUR_STATE,monthly,2021,2006-06-21,2020-12-31,175,0.2000383962032839,-0.517154219036865,0.38680607996552824,0.7052902414323506,0.7693009237675865,3.1899488595260665,False,False,126.0,0.33
MODEL_B_FOUR_STATE,monthly,2021,2006-06-21,2020-12-31,175,0.19623177822103388,-0.5304426446669843,0.36993967244890275,0.6926591265583316,0.7536620994921843,2.975616380614721,False,False,126.0,0.4
MODEL_B_FOUR_STATE,monthly,2021,2006-06-21,2020-12-31,175,0.18392398884083572,-0.517154219036865,0.35564630833597594,0.6653394092819267,0.7228086213569268,3.75641730925395,False,False,189.0,0.25
MODEL_B_FOUR_STATE,monthly,2021,2006-06-21,2020-12-31,175,0.18964688776078953,-0.517154219036865,0.3667124443342706,0.6773768504876696,0.737934217207217,3.441022915676221,False,False,189.0,0.33
MODEL_B_FOUR_STATE,monthly,2021,2006-06-21,2020-12-31,175,0.18670309283242847,-0.5304426446669843,0.35197602362766667,0.6671420072925348,0.725215897315215,3.145169597114492,False,False,189.0,0.4
MODEL_B_FOUR_STATE,monthly,2021,2006-06-21,2020-12-31,175,0.19441466896716486,-0.517154219036865,0.37593170820347915,0.6900126454223319,0.7528104835285642,3.01145605838548,False,False,252.0,0.25
MODEL_B_FOUR_STATE,monthly,2021,2006-06-21,2020-12-31,175,0.20020469894394077,-0.517154219036865,0.3871276527856564,0.7019089587227166,0.7679224015664288,2.668700917695796,False,False,252.0,0.33
MODEL_B_FOUR_STATE,monthly,2021,2006-06-21,2020-12-31,175,0.1983787890458537,-0.5304426446669845,0.3739872558142403,0.6941477949776952,0.7579269747748851,2.3743659276170246,False,False,252.0,0.4
MODEL_B_FOUR_STATE,monthly,2021,2006-06-21,2020-12-31,200,0.18981868348487563,-0.517154219036865,0.36704463871219917,0.6822752392374224,0.7435373738630705,3.670283599336483,False,False,126.0,0.25
MODEL_B_FOUR_STATE,monthly,2021,2006-06-21,2020-12-31,200,0.19558643401850095,-0.517154219036865,0.3781975024447373,0.6943008433840451,0.7587388248404395,3.3275284586467997,False,False,126.0,0.33
MODEL_B_FOUR_STATE,monthly,2021,2006-06-21,2020-12-31,200,0.1917939380171496,-0.5304426446669843,0.3615733763969132,0.6817864686031545,0.7432187836804999,3.1131959797354547,False,False,126.0,0.4
MODEL_B_FOUR_STATE,monthly,2021,2006-06-21,2020-12-31,200,0.18082360643381423,-0.517154219036865,0.3496512254518112,0.6567694494474261,0.7157654607969264,3.647779087100995,False,False,189.0,0.25
MODEL_B_FOUR_STATE,monthly,2021,2006-06-21,2020-12-31,200,0.1865478445990465,-0.517154219036865,0.36071995109402477,0.6688786714000182,0.7310081222804512,3.3048688139067877,False,False,189.0,0.33
MODEL_B_FOUR_STATE,monthly,2021,2006-06-21,2020-12-31,200,0.18361171828868983,-0.5304426446669843,0.3461481088194984,0.6587757533476055,0.7184091272405266,3.0090154953450594,False,False,189.0,0.4
MODEL_B_FOUR_STATE,monthly,2021,2006-06-21,2020-12-31,200,0.18589785723957286,-0.517154219036865,0.3594630970734114,0.6684619112010864,0.7309583208721868,3.01285949618745,False,False,252.0,0.25
MODEL_B_FOUR_STATE,monthly,2021,2006-06-21,2020-12-31,200,0.19166299760155958,-0.517154219036865,0.37061091362361487,0.6805119483243037,0.7462300820552208,2.642588475881288,False,False,252.0,0.33
MODEL_B_FOUR_STATE,monthly,2021,2006-06-21,2020-12-31,200,0.18871421378617215,-0.5304426446669843,0.3557674249675915,0.6703324342098563,0.733441456004089,2.34673515731956,False,False,252.0,0.4
MODEL_B_FOUR_STATE,monthly,2021,2006-06-21,2020-12-31,225,0.1686240592579833,-0.517154219036865,0.32606145913693696,0.632440905191486,0.6822879997822051,3.782607420992729,False,False,126.0,0.25
MODEL_B_FOUR_STATE,monthly,2021,2006-06-21,2020-12-31,225,0.1742890669897923,-0.517154219036865,0.33701565330818317,0.6448490508741481,0.697657500317423,3.4398522803030462,False,False,126.0,0.33
MODEL_B_FOUR_STATE,monthly,2021,2006-06-21,2020-12-31,225,0.17056412794375397,-0.5304426446669843,0.32155055717821357,0.6326475878938271,0.6827994465053623,3.2255198013917004,False,False,126.0,0.4
MODEL_B_FOUR_STATE,monthly,2021,2006-06-21,2020-12-31,225,0.16978930443424423,-0.517154219036865,0.3283146461619429,0.6301724215810078,0.6831982985635603,3.5102338828800415,False,False,189.0,0.25
MODEL_B_FOUR_STATE,monthly,2021,2006-06-21,2020-12-31,225,0.17546005199149017,-0.517154219036865,0.3392799391993022,0.6424568301158597,0.6984966376473329,3.167323609685835,False,False,189.0,0.33
MODEL_B_FOUR_STATE,monthly,2021,2006-06-21,2020-12-31,225,0.17255136255167058,-0.5304426446669843,0.3252969275500079,0.6325766914687125,0.6862874532227563,2.871470291124106,False,False,189.0,0.4
MODEL_B_FOUR_STATE,monthly,2021,2006-06-21,2020-12-31,225,0.16750621877469163,-0.517154219036865,0.3238999366313805,0.6244953670270669,0.6780948625789438,3.1251833178436956,False,False,252.0,0.25
MODEL_B_FOUR_STATE,monthly,2021,2006-06-21,2020-12-31,225,0.1731819497692615,-0.517154219036865,0.3348748659380391,0.6368427399298346,0.6934860612440126,2.754912297537534,False,False,252.0,0.33
MODEL_B_FOUR_STATE,monthly,2021,2006-06-21,2020-12-31,225,0.17027889751963454,-0.5304426446669843,0.32101283566018124,0.6270168277665458,0.6813058418835922,2.459058978975805,False,False,252.0,0.4
MODEL_B_FOUR_STATE,monthly,2021,2006-06-21,2020-12-31,250,0.16258943365793033,-0.517154219036865,0.3143925499838961,0.6153771979868476,0.6693059773751946,3.9451906490828543,False,False,126.0,0.25
MODEL_B_FOUR_STATE,monthly,2021,2006-06-21,2020-12-31,250,0.16822518801230624,-0.517154219036865,0.3252901780934991,0.6278374983139556,0.6847793948556313,3.6024355083931705,False,False,126.0,0.33
MODEL_B_FOUR_STATE,monthly,2021,2006-06-21,2020-12-31,250,0.16451948407643702,-0.5304426446669843,0.31015508600316916,0.6159182795672461,0.6701280643989015,3.3881030294818255,False,False,126.0,0.4
MODEL_B_FOUR_STATE,monthly,2021,2006-06-21,2020-12-31,250,0.16022095400275527,-0.517154219036865,0.30981271757029605,0.6029521342439303,0.6599095558232276,3.5352375118494326,False,False,189.0,0.25
MODEL_B_FOUR_STATE,monthly,2021,2006-06-21,2020-12-31,250,0.165845317395237,-0.517154219036865,0.32068831944193193,0.6152838789862056,0.6753004364194996,3.1923272386552255,False,False,189.0,0.33
MODEL_B_FOUR_STATE,monthly,2021,2006-06-21,2020-12-31,250,0.16294571040681727,-0.5304426446669845,0.3071881796176393,0.6058314511204848,0.6635394400348137,2.9217680940939617,False,False,189.0,0.4
MODEL_B_FOUR_STATE,monthly,2021,2006-06-21,2020-12-31,250,0.15795654295714612,-0.517154219036865,0.3054341183783058,0.5973460024086314,0.6547761592602944,3.1501869468130863,False,False,252.0,0.25
MODEL_B_FOUR_STATE,monthly,2021,2006-06-21,2020-12-31,250,0.16358584902467577,-0.517154219036865,0.3163192776988921,0.6097402510883411,0.6702592314122586,2.779915926506925,False,False,252.0,0.33
MODEL_B_FOUR_STATE,monthly,2021,2006-06-21,2020-12-31,250,0.1606918616241888,-0.5304426446669844,0.302939183415527,0.6003400307490566,0.6585278116469376,2.509356781945661,False,False,252.0,0.4
MODEL_B_FOUR_STATE,monthly,2022,2006-06-21,2021-12-31,150,0.20040054309015853,-0.6366446672923898,0.3147761276984375,0.7014982268056893,0.7582674172542079,3.3849092039523265,False,False,126.0,0.25
MODEL_B_FOUR_STATE,monthly,2022,2006-06-21,2021-12-31,150,0.20584427970784924,-0.6366446672923898,0.32332679480893506,0.7125024695456412,0.7721811603629468,3.064210767485445,False,False,126.0,0.33
MODEL_B_FOUR_STATE,monthly,2022,2006-06-21,2021-12-31,150,0.20431067176640694,-0.6366446672923898,0.32091790328713116,0.705461344371444,0.763478493516562,2.919325756321591,False,False,126.0,0.4
MODEL_B_FOUR_STATE,monthly,2022,2006-06-21,2021-12-31,150,0.2077073928189621,-0.5772454985197142,0.3598250542474667,0.7226367278324236,0.7944826268303121,3.5942262933503732,False,False,189.0,0.25
MODEL_B_FOUR_STATE,monthly,2022,2006-06-21,2021-12-31,150,0.2131687352609406,-0.5772454985197142,0.369286093711583,0.7335766144321548,0.8085570278246675,3.299127907116769,False,False,189.0,0.33
MODEL_B_FOUR_STATE,monthly,2022,2006-06-21,2021-12-31,150,0.2124191136350133,-0.5772454985197142,0.36798747531118037,0.72801064394729,0.8010479233289785,3.077968020067057,False,False,189.0,0.4
MODEL_B_FOUR_STATE,monthly,2022,2006-06-21,2021-12-31,150,0.21771732107676534,-0.5772454985197142,0.3771659053818153,0.7455546783649185,0.8229498782923976,2.897204192088214,False,False,252.0,0.25
MODEL_B_FOUR_STATE,monthly,2022,2006-06-21,2021-12-31,150,0.22323958813079137,-0.5772454985197142,0.38673248852224223,0.7563738899688583,0.8370140077857432,2.5765057556213327,False,False,252.0,0.33
MODEL_B_FOUR_STATE,monthly,2022,2006-06-21,2021-12-31,150,0.22357667603244624,-0.5772454985197142,0.3873164478645313,0.753096615352707,0.8320973545798062,2.356766490796419,False,False,252.0,0.4
MODEL_B_FOUR_STATE,monthly,2022,2006-06-21,2021-12-31,175,0.21440980560265888,-0.517154219036865,0.414595487593566,0.7398438789613797,0.8195602008300494,3.4085902509323285,False,False,126.0,0.25
MODEL_B_FOUR_STATE,monthly,2022,2006-06-21,2021-12-31,175,0.219917073294011,-0.517154219036865,0.42524466628847973,0.7507324686174788,0.8336926528332691,3.0878918144654475,False,False,126.0,0.33
MODEL_B_FOUR_STATE,monthly,2022,2006-06-21,2021-12-31,175,0.2174853883073189,-0.5304426446669843,0.4100073598793283,0.7408365706593705,0.8209808035629995,2.943006803301593,False,False,126.0,0.4
MODEL_B_FOUR_STATE,monthly,2022,2006-06-21,2021-12-31,175,0.20458323522792,-0.517154219036865,0.39559424963975093,0.7134795674095774,0.7893498088156155,3.6179073403303765,False,False,189.0,0.25
MODEL_B_FOUR_STATE,monthly,2022,2006-06-21,2021-12-31,175,0.21003044999745946,-0.517154219036865,0.40612730645147765,0.7244398170193471,0.8034876076638788,3.322808954096772,False,False,189.0,0.33
MODEL_B_FOUR_STATE,monthly,2022,2006-06-21,2021-12-31,175,0.20840915009264394,-0.5304426446669843,0.3928966725959311,0.7167768753144607,0.7935600449903518,3.1016490670470596,False,False,189.0,0.4
MODEL_B_FOUR_STATE,monthly,2022,2006-06-21,2021-12-31,175,0.21456726930511394,-0.517154219036865,0.4148999687263862,0.7363288211446208,0.8178587720419507,2.920885239068217,False,False,252.0,0.25
MODEL_B_FOUR_STATE,monthly,2022,2006-06-21,2021-12-31,175,0.22007525108388304,-0.517154219036865,0.4255505282229847,0.7471700044085958,0.8319867818594442,2.6001868026013355,False,False,252.0,0.33
MODEL_B_FOUR_STATE,monthly,2022,2006-06-21,2021-12-31,175,0.21952980988937365,-0.5304426446669845,0.4138615401617944,0.7417827663355117,0.8246375899146644,2.3804475377764214,False,False,252.0,0.4
MODEL_B_FOUR_STATE,monthly,2022,2006-06-21,2021-12-31,200,0.2101939438488074,-0.517154219036865,0.40644344783702496,0.7295451167267517,0.8095444989471415,3.537316437909362,False,False,126.0,0.25
MODEL_B_FOUR_STATE,monthly,2022,2006-06-21,2021-12-31,200,0.21568209288752604,-0.517154219036865,0.4170556575738799,0.7404911566129307,0.8237450396345292,3.2166180014424803,False,False,126.0,0.33
MODEL_B_FOUR_STATE,monthly,2022,2006-06-21,2021-12-31,200,0.2132588495715826,-0.5304426446669843,0.402039413149876,0.730710413790461,0.8111534623688862,3.071732990278626,False,False,126.0,0.4
MODEL_B_FOUR_STATE,monthly,2022,2006-06-21,2021-12-31,200,0.201631497615123,-0.517154219036865,0.38988659512560186,0.7053796132119112,0.7826616944640457,3.5162601180162483,False,False,189.0,0.25
MODEL_B_FOUR_STATE,monthly,2022,2006-06-21,2021-12-31,200,0.2070809041536068,-0.517154219036865,0.400423890071455,0.7164075287982691,0.7969119389339001,3.1954165320074943,False,False,189.0,0.33
MODEL_B_FOUR_STATE,monthly,2022,2006-06-21,2021-12-31,200,0.20546355629677127,-0.5304426446669843,0.38734358627173116,0.7088695651523459,0.7871061979405494,2.974256644957782,False,False,189.0,0.4
MODEL_B_FOUR_STATE,monthly,2022,2006-06-21,2021-12-31,200,0.20646220922349134,-0.517154219036865,0.3992275449439461,0.7161713206842878,0.7971198958470221,2.9221983639650886,False,False,252.0,0.25
MODEL_B_FOUR_STATE,monthly,2022,2006-06-21,2021-12-31,200,0.2119490375108346,-0.517154219036865,0.40983720079778746,0.7271503199526734,0.8113987377044402,2.5757547277230572,False,False,252.0,0.33
MODEL_B_FOUR_STATE,monthly,2022,2006-06-21,2021-12-31,200,0.21032516692215486,-0.5304426446669843,0.3965087819328676,0.7195310891995149,0.8014121391759466,2.3545948406733452,False,False,252.0,0.4
MODEL_B_FOUR_STATE,monthly,2022,2006-06-21,2021-12-31,225,0.19001198990176116,-0.517154219036865,0.3674184274385979,0.6836196262462372,0.7516157831072101,3.6424120869801833,False,False,126.0,0.25
MODEL_B_FOUR_STATE,monthly,2022,2006-06-21,2021-12-31,225,0.19540861512174224,-0.517154219036865,0.3778536613037139,0.6948871596490923,0.765965678832658,3.321713650513302,False,False,126.0,0.33
MODEL_B_FOUR_STATE,monthly,2022,2006-06-21,2021-12-31,225,0.19302578333260723,-0.5304426446669843,0.36389567330845013,0.6854416469776335,0.754005680932227,3.176828639349448,False,False,126.0,0.4
MODEL_B_FOUR_STATE,monthly,2022,2006-06-21,2021-12-31,225,0.19112216827948858,-0.517154219036865,0.36956513404343816,0.6807219970692381,0.7517047245660072,3.3875661125859597,False,False,189.0,0.25
MODEL_B_FOUR_STATE,monthly,2022,2006-06-21,2021-12-31,225,0.19652391494211985,-0.517154219036865,0.38001027103311863,0.6918991632768536,0.7660072272369004,3.0667225265772053,False,False,189.0,0.33
MODEL_B_FOUR_STATE,monthly,2022,2006-06-21,2021-12-31,225,0.19492071222155216,-0.5304426446669843,0.36746802728111116,0.6845879850161446,0.7565716243016524,2.845562639527493,False,False,189.0,0.4
MODEL_B_FOUR_STATE,monthly,2022,2006-06-21,2021-12-31,225,0.1889469090326703,-0.517154219036865,0.3653589240450562,0.6754427852983448,0.7469719236489113,3.027294013035909,False,False,252.0,0.25
MODEL_B_FOUR_STATE,monthly,2022,2006-06-21,2021-12-31,225,0.19435408008432598,-0.517154219036865,0.3758145499543369,0.6866746534740699,0.7613596014995733,2.6808503767938783,False,False,252.0,0.33
MODEL_B_FOUR_STATE,monthly,2022,2006-06-21,2021-12-31,225,0.19275378468980842,-0.5304426446669843,0.3633828965821943,0.6794176137394096,0.7519549932399472,2.459690489744166,False,False,252.0,0.4
MODEL_B_FOUR_STATE,monthly,2022,2006-06-21,2021-12-31,250,0.18426140532721424,-0.517154219036865,0.35629875682031187,0.6674858023644572,0.7393771993977707,3.7945328894262844,False,False,126.0,0.25
MODEL_B_FOUR_STATE,monthly,2022,2006-06-21,2021-12-31,250,0.18963195202865268,-0.517154219036865,0.3666835637188042,0.678802607598526,0.7538199771514121,3.4738344529594043,False,False,126.0,0.33
MODEL_B_FOUR_STATE,monthly,2022,2006-06-21,2021-12-31,250,0.18726063497705514,-0.5304426446669843,0.35302711209167337,0.6696229888363174,0.7420757905307278,3.32894944179555,False,False,126.0,0.4
MODEL_B_FOUR_STATE,monthly,2022,2006-06-21,2021-12-31,250,0.18200388215909324,-0.517154219036865,0.3519334764358158,0.6547986288095601,0.7293234824689467,3.410960728055029,False,False,189.0,0.25
MODEL_B_FOUR_STATE,monthly,2022,2006-06-21,2021-12-31,250,0.1873642773357631,-0.517154219036865,0.3622986537453095,0.6660258136658271,0.7437141904226854,3.0901171420462736,False,False,189.0,0.33
MODEL_B_FOUR_STATE,monthly,2022,2006-06-21,2021-12-31,250,0.18575931472581675,-0.5304426446669845,0.3501967961916744,0.6591168129216136,0.7347324152606024,2.8926237185756283,False,False,189.0,0.4
MODEL_B_FOUR_STATE,monthly,2022,2006-06-21,2021-12-31,250,0.17984527497091896,-0.517154219036865,0.34775946584339634,0.6495805184120247,0.7245626135058264,3.050688628504978,False,False,252.0,0.25
MODEL_B_FOUR_STATE,monthly,2022,2006-06-21,2021-12-31,250,0.18521105301179586,-0.517154219036865,0.35813505177764626,0.6608621426217672,0.739037961302745,2.704244992262947,False,False,252.0,0.33
MODEL_B_FOUR_STATE,monthly,2022,2006-06-21,2021-12-31,250,0.18360900091936827,-0.5304426446669844,0.34614298598605187,0.6540054150204547,0.7300877647438486,2.5067515687923017,False,False,252.0,0.4
MODEL_B_FOUR_STATE,monthly,2023,2006-06-21,2022-12-31,150,0.16734012183475855,-0.6366446672923898,0.2628469701104161,0.6273947460768274,0.6640213853215325,3.301776419994112,False,False,126.0,0.25
MODEL_B_FOUR_STATE,monthly,2023,2006-06-21,2022-12-31,150,0.17231401016948733,-0.6366446672923898,0.27065963012354777,0.638284174870146,0.6772984469329032,3.0004176506700313,False,False,126.0,0.33
MODEL_B_FOUR_STATE,monthly,2023,2006-06-21,2022-12-31,150,0.17091290502032996,-0.6366446672923898,0.268458865362388,0.6320746047707467,0.6697899058086655,2.864269906581002,False,False,126.0,0.4
MODEL_B_FOUR_STATE,monthly,2023,2006-06-21,2022-12-31,150,0.17401600688901397,-0.5772454985197142,0.301459270510138,0.6470694584218991,0.6963994293571225,3.498470676300561,False,False,189.0,0.25
MODEL_B_FOUR_STATE,monthly,2023,2006-06-21,2022-12-31,150,0.17900415760535893,-0.5772454985197142,0.31010056910689887,0.6579060075393962,0.7098411613615135,3.221168150336842,False,False,189.0,0.33
MODEL_B_FOUR_STATE,monthly,2023,2006-06-21,2022-12-31,150,0.17831956639571023,-0.5772454985197142,0.3089146071350788,0.6531433662283334,0.7035265458414035,3.013345274368326,False,False,189.0,0.4
MODEL_B_FOUR_STATE,monthly,2023,2006-06-21,2022-12-31,150,0.18315760271414638,-0.5772454985197142,0.3172958527763923,0.669239991993233,0.723096185931966,2.8434823796870803,False,False,252.0,0.25
MODEL_B_FOUR_STATE,monthly,2023,2006-06-21,2022-12-31,150,0.1881988873305236,-0.5772454985197142,0.3260291986912674,0.6799620075655162,0.7365297662371315,2.542123610363,False,False,252.0,0.33
MODEL_B_FOUR_STATE,monthly,2023,2006-06-21,2022-12-31,150,0.18850657079848854,-0.5772454985197142,0.3265622188165936,0.6774070175525755,0.7326580240277979,2.335635686226666,False,False,252.0,0.4
MODEL_B_FOUR_STATE,monthly,2023,2006-06-21,2022-12-31,175,0.18701914489939386,-0.517154219036865,0.36163128524348814,0.6811767434252384,0.7349944879901044,3.26354769769519,False,False,126.0,0.25
MODEL_B_FOUR_STATE,monthly,2023,2006-06-21,2022-12-31,175,0.19207688305769088,-0.517154219036865,0.3714112270328376,0.6918804861440104,0.7484013993149214,2.96218892837111,False,False,126.0,0.33
MODEL_B_FOUR_STATE,monthly,2023,2006-06-21,2022-12-31,175,0.1898438539643592,-0.5304426446669843,0.35789704291883345,0.682787727376642,0.7370709635122706,2.82604118428208,False,False,126.0,0.4
MODEL_B_FOUR_STATE,monthly,2023,2006-06-21,2022-12-31,175,0.17799122556849967,-0.517154219036865,0.34417436620740727,0.6561193440301701,0.7071323146009072,3.4602419540016394,False,False,189.0,0.25
MODEL_B_FOUR_STATE,monthly,2023,2006-06-21,2022-12-31,175,0.1829962661652098,-0.517154219036865,0.3538524088733482,0.6668846774825073,0.7205366648621261,3.182939428037921,False,False,189.0,0.33
MODEL_B_FOUR_STATE,monthly,2023,2006-06-21,2022-12-31,175,0.18150671653983386,-0.5304426446669843,0.3421797217186131,0.6599291946480433,0.7117848737675765,2.975116552069404,False,False,189.0,0.4
MODEL_B_FOUR_STATE,monthly,2023,2006-06-21,2022-12-31,175,0.18716377484083435,-0.517154219036865,0.3619109502565859,0.6782042735159994,0.7338083047433286,2.8052536573881586,False,False,252.0,0.25
MODEL_B_FOUR_STATE,monthly,2023,2006-06-21,2022-12-31,175,0.19222212924898452,-0.517154219036865,0.37169208366311735,0.688856385715967,0.7472054158118818,2.5038948880640777,False,False,252.0,0.33
MODEL_B_FOUR_STATE,monthly,2023,2006-06-21,2022-12-31,175,0.1917212750234203,-0.5304426446669845,0.3614363908161724,0.6840967969680628,0.7408756243780257,2.297406963927744,False,False,252.0,0.4
MODEL_B_FOUR_STATE,monthly,2023,2006-06-21,2022-12-31,200,0.18314646747533314,-0.517154219036865,0.3541428470146111,0.6712871600588304,0.7255557330811946,3.3845110728664514,False,False,126.0,0.25
MODEL_B_FOUR_STATE,monthly,2023,2006-06-21,2022-12-31,200,0.18818770464586887,-0.517154219036865,0.3638908815175963,0.6820449380331477,0.7390247463963717,3.0831523035423705,False,False,126.0,0.33
MODEL_B_FOUR_STATE,monthly,2023,2006-06-21,2022-12-31,200,0.18596196086161942,-0.5304426446669843,0.35057882832623244,0.6730607788105676,0.7278057076636743,2.947004559453341,False,False,126.0,0.4
MODEL_B_FOUR_STATE,monthly,2023,2006-06-21,2022-12-31,200,0.17527852351344397,-0.517154219036865,0.33892892499239063,0.648437940004669,0.700875734235054,3.3647245509258052,False,False,189.0,0.25
MODEL_B_FOUR_STATE,monthly,2023,2006-06-21,2022-12-31,200,0.18028631688376784,-0.517154219036865,0.3486122905842836,0.6592656682505657,0.714382061504358,3.063229385279408,False,False,189.0,0.33
MODEL_B_FOUR_STATE,monthly,2023,2006-06-21,2022-12-31,200,0.17880017944493232,-0.5304426446669843,0.3370773093803277,0.6524253479923198,0.7057399921722523,2.855406509310891,False,False,189.0,0.4
MODEL_B_FOUR_STATE,monthly,2023,2006-06-21,2022-12-31,200,0.1797178289459913,-0.517154219036865,0.34751302866810846,0.6589020142653533,0.7143925286824684,2.8064875945013226,False,False,252.0,0.25
MODEL_B_FOUR_STATE,monthly,2023,2006-06-21,2022-12-31,200,0.18475878971032866,-0.517154219036865,0.35726052869571245,0.6696834912468866,0.727926586046379,2.4809361854945626,False,False,252.0,0.33
MODEL_B_FOUR_STATE,monthly,2023,2006-06-21,2022-12-31,200,0.18326702083341173,-0.5304426446669843,0.34549827898635127,0.6627636557435007,0.719118378441484,2.273113309526046,False,False,252.0,0.4
MODEL_B_FOUR_STATE,monthly,2023,2006-06-21,2022-12-31,225,0.16082360102085635,-0.517154219036865,0.3109780315055153,0.6163761485286411,0.6629108701182285,3.6042323210545613,False,False,126.0,0.25
MODEL_B_FOUR_STATE,monthly,2023,2006-06-21,2022-12-31,225,0.16576972328616546,-0.517154219036865,0.3205421461994274,0.6274870758839304,0.676581489866113,3.302873551730481,False,False,126.0,0.33
MODEL_B_FOUR_STATE,monthly,2023,2006-06-21,2022-12-31,225,0.16358597344148618,-0.5304426446669843,0.3083952149891467,0.6189727382789112,0.6660752041754748,3.1667258076414515,False,False,126.0,0.4
MODEL_B_FOUR_STATE,monthly,2023,2006-06-21,2022-12-31,225,0.15756992465132535,-0.517154219036865,0.3046865303444292,0.601987901417712,0.6494093504738135,3.243791416598337,False,False,189.0,0.25
MODEL_B_FOUR_STATE,monthly,2023,2006-06-21,2022-12-31,225,0.16250226271279655,-0.517154219036865,0.3142239910861342,0.613017056867824,0.663000612550342,2.94229625095194,False,False,189.0,0.33
MODEL_B_FOUR_STATE,monthly,2023,2006-06-21,2022-12-31,225,0.1610385177632574,-0.5304426446669843,0.3035927057945323,0.6067296206723986,0.6551490177580706,2.734473374983423,False,False,189.0,0.4
MODEL_B_FOUR_STATE,monthly,2023,2006-06-21,2022-12-31,225,0.15558331349057264,-0.517154219036865,0.30084510144832055,0.5969460355969127,0.6448915354818031,2.9052454675181703,False,False,252.0,0.25
MODEL_B_FOUR_STATE,monthly,2023,2006-06-21,2022-12-31,225,0.16052114692861918,-0.517154219036865,0.3103931883753549,0.6080287050707807,0.6585620054989693,2.579694058511411,False,False,252.0,0.33
MODEL_B_FOUR_STATE,monthly,2023,2006-06-21,2022-12-31,225,0.15905989646732022,-0.5304426446669843,0.29986257339316896,0.6017914399131324,0.6507416584787789,2.3718711825428938,False,False,252.0,0.4
MODEL_B_FOUR_STATE,monthly,2023,2006-06-21,2022-12-31,250,0.1341254468839692,-0.517154219036865,0.25935290083055124,0.5431875905788711,0.5897942502441391,3.8681731192224134,False,False,126.0,0.25
MODEL_B_FOUR_STATE,monthly,2023,2006-06-21,2022-12-31,250,0.13895781169766996,-0.517154219036865,0.2686970473845529,0.5545735009921238,0.6036849929700272,3.566814349898333,False,False,126.0,0.33
MODEL_B_FOUR_STATE,monthly,2023,2006-06-21,2022-12-31,250,0.1368242866157352,-0.5304426446669843,0.2579436023693654,0.547039174629886,0.5943925844170603,3.430666605809304,False,False,126.0,0.4
MODEL_B_FOUR_STATE,monthly,2023,2006-06-21,2022-12-31,250,0.1279318276715966,-0.517154219036865,0.24737655222044524,0.5220540431688123,0.5694733583012334,3.3867688395949287,False,False,189.0,0.25
MODEL_B_FOUR_STATE,monthly,2023,2006-06-21,2022-12-31,250,0.13273787952720717,-0.517154219036865,0.25666981848164144,0.5333232937959075,0.5832489773334697,3.085273673948531,False,False,189.0,0.33
MODEL_B_FOUR_STATE,monthly,2023,2006-06-21,2022-12-31,250,0.13129903104114726,-0.5304426446669845,0.2475272913315212,0.5280410955327491,0.5766626899178784,2.8996900593154122,False,False,189.0,0.4
MODEL_B_FOUR_STATE,monthly,2023,2006-06-21,2022-12-31,250,0.1259960811480374,-0.517154219036865,0.24363347819667666,0.5171140843047746,0.5648646266672783,3.0482228905147615,False,False,252.0,0.25
MODEL_B_FOUR_STATE,monthly,2023,2006-06-21,2022-12-31,250,0.13080748767813644,-0.517154219036865,0.25293709857332114,0.5284373892814799,0.5787182835193776,2.722671481508002,False,False,252.0,0.33
MODEL_B_FOUR_STATE,monthly,2023,2006-06-21,2022-12-31,250,0.12937109125220414,-0.5304426446669844,0.24389270461733747,0.5232023497130811,0.5721655526853482,2.537087866874884,False,False,252.0,0.4
MODEL_B_FOUR_STATE,monthly,2024,2006-06-21,2023-12-31,150,0.18012275530476662,-0.6366446672923898,0.28292509865953563,0.6623453017393236,0.7087473356732445,3.456295677523739,False,False,126.0,0.25
MODEL_B_FOUR_STATE,monthly,2024,2006-06-21,2023-12-31,150,0.18487731820945408,-0.6366446672923898,0.29039325656449116,0.6720650756558305,0.72106537877708,3.240259254944102,False,False,126.0,0.33
MODEL_B_FOUR_STATE,monthly,2024,2006-06-21,2023-12-31,150,0.18354169430421896,-0.6366446672923898,0.28829534547868024,0.6657987253441471,0.7132313349270245,3.1118549138001357,False,False,126.0,0.4
MODEL_B_FOUR_STATE,monthly,2024,2006-06-21,2023-12-31,150,0.18648686103126044,-0.5772454985197142,0.32306334394895503,0.6814923978401966,0.7413782112684834,3.6418029480027587,False,False,189.0,0.25
MODEL_B_FOUR_STATE,monthly,2024,2006-06-21,2023-12-31,150,0.19125354905587932,-0.5772454985197142,0.3313209882906477,0.6911151934592287,0.7537659914033223,3.448454569942363,False,False,189.0,0.33
MODEL_B_FOUR_STATE,monthly,2024,2006-06-21,2023-12-31,150,0.1906011750935992,-0.5772454985197142,0.33019083835625573,0.686223204084721,0.7470483381935347,3.2524516200445555,False,False,189.0,0.4
MODEL_B_FOUR_STATE,monthly,2024,2006-06-21,2023-12-31,150,0.1949215197116161,-0.5772454985197142,0.33767525292353423,0.7023487128329302,0.7657514838387414,3.0240671107591695,False,False,252.0,0.25
MODEL_B_FOUR_STATE,monthly,2024,2006-06-21,2023-12-31,150,0.19973570493607307,-0.5772454985197142,0.3460151797602137,0.7118493321744553,0.7780944430512446,2.8080306881795325,False,False,252.0,0.33
MODEL_B_FOUR_STATE,monthly,2024,2006-06-21,2023-12-31,150,0.2000287042907558,-0.5772454985197142,0.3465227616390401,0.7090488939724955,0.7737384423469648,2.6132867647284526,False,False,252.0,0.4
MODEL_B_FOUR_STATE,monthly,2024,2006-06-21,2023-12-31,175,0.21122002946916596,-0.517154219036865,0.4084275477101141,0.7441204814672454,0.8145342874678171,3.24905879720137,False,False,126.0,0.25
MODEL_B_FOUR_STATE,monthly,2024,2006-06-21,2023-12-31,175,0.21607245647899487,-0.517154219036865,0.41781048771370904,0.7532867607243252,0.8266005705830228,3.0781180384741385,False,False,126.0,0.33
MODEL_B_FOUR_STATE,monthly,2024,2006-06-21,2023-12-31,175,0.2139239237497208,-0.5304426446669843,0.4032932229346375,0.7440100854528225,0.8145927499335834,2.9497136973301723,False,False,126.0,0.4
MODEL_B_FOUR_STATE,monthly,2024,2006-06-21,2023-12-31,175,0.20253009662840826,-0.517154219036865,0.3916241793513649,0.7198387316858847,0.7868641208730538,3.43456606768039,False,False,189.0,0.25
MODEL_B_FOUR_STATE,monthly,2024,2006-06-21,2023-12-31,175,0.20733401228085868,-0.517154219036865,0.400913314923723,0.7291163771322277,0.7990060424072376,3.286313353472399,False,False,189.0,0.33
MODEL_B_FOUR_STATE,monthly,2024,2006-06-21,2023-12-31,175,0.2059002278751203,-0.5304426446669843,0.3881668073734644,0.721860159123714,0.7895028231314833,3.090310403574591,False,False,189.0,0.4
MODEL_B_FOUR_STATE,monthly,2024,2006-06-21,2023-12-31,175,0.21107880563737247,-0.517154219036865,0.4081544689521828,0.7405598743491509,0.8112841437044604,2.8168302304368007,False,False,252.0,0.25
MODEL_B_FOUR_STATE,monthly,2024,2006-06-21,2023-12-31,175,0.2159306668719343,-0.517154219036865,0.4175363149392422,0.7497171804591344,0.8233810717028214,2.645889471709569,False,False,252.0,0.33
MODEL_B_FOUR_STATE,monthly,2024,2006-06-21,2023-12-31,175,0.2154488994579924,-0.5304426446669845,0.4061681345270659,0.7445318577061857,0.8162236933806845,2.4511455482584883,False,False,252.0,0.4
MODEL_B_FOUR_STATE,monthly,2024,2006-06-21,2023-12-31,200,0.2074927990762221,-0.517154219036865,0.4012203544672834,0.7347019281584384,0.8055107438582552,3.3631423804097658,False,False,126.0,0.25
MODEL_B_FOUR_STATE,monthly,2024,2006-06-21,2023-12-31,200,0.21233029394078384,-0.517154219036865,0.41057442079119544,0.7439324998356132,0.8176485880026061,3.1922016216825337,False,False,126.0,0.33
MODEL_B_FOUR_STATE,monthly,2024,2006-06-21,2023-12-31,200,0.21018837279016123,-0.5304426446669843,0.39625089517853335,0.7347548894683757,0.8057450004711184,3.063797280538568,False,False,126.0,0.4
MODEL_B_FOUR_STATE,monthly,2024,2006-06-21,2023-12-31,200,0.19991821364991114,-0.517154219036865,0.3865736878686474,0.7123615137341186,0.7807808879138994,3.3444812169044944,False,False,189.0,0.25
MODEL_B_FOUR_STATE,monthly,2024,2006-06-21,2023-12-31,200,0.20472544048204644,-0.517154219036865,0.39586922613397985,0.7217161931605983,0.7930383524165474,3.1734118193957768,False,False,189.0,0.33
MODEL_B_FOUR_STATE,monthly,2024,2006-06-21,2023-12-31,200,0.20329475391793927,-0.5304426446669843,0.38325492107741294,0.7145693590098308,0.7836431330940133,2.9774088694979692,False,False,189.0,0.4
MODEL_B_FOUR_STATE,monthly,2024,2006-06-21,2023-12-31,200,0.2039136021735546,-0.517154219036865,0.39429940754098103,0.7220468126740914,0.7924996594270625,2.8179939873766537,False,False,252.0,0.25
MODEL_B_FOUR_STATE,monthly,2024,2006-06-21,2023-12-31,200,0.20875054910836988,-0.517154219036865,0.4036524143555121,0.7313569515541958,0.8047613848253604,2.6242365453486944,False,False,252.0,0.33
MODEL_B_FOUR_STATE,monthly,2024,2006-06-21,2023-12-31,200,0.2073150824768406,-0.5304426446669843,0.3908341166781462,0.7241226958762784,0.795215331068846,2.4282335954508873,False,False,252.0,0.4
MODEL_B_FOUR_STATE,monthly,2024,2006-06-21,2023-12-31,225,0.18625963882484364,-0.517154219036865,0.3601626593547451,0.6841141716314731,0.7436402506395078,3.5703669826071773,False,False,126.0,0.25
MODEL_B_FOUR_STATE,monthly,2024,2006-06-21,2023-12-31,225,0.19101206874843601,-0.517154219036865,0.3693522390751681,0.6937214744968593,0.7560083725217137,3.3994262238799453,False,False,126.0,0.33
MODEL_B_FOUR_STATE,monthly,2024,2006-06-21,2023-12-31,225,0.18890781221583164,-0.5304426446669843,0.35613240020403963,0.6849264525352685,0.7447936437791944,3.2710218827359783,False,False,126.0,0.4
MODEL_B_FOUR_STATE,monthly,2024,2006-06-21,2023-12-31,225,0.18312352523308384,-0.517154219036865,0.35409848453741416,0.6688618346259274,0.72875558981979,3.230426154591901,False,False,189.0,0.25
MODEL_B_FOUR_STATE,monthly,2024,2006-06-21,2023-12-31,225,0.18786346758209627,-0.517154219036865,0.36326391754469,0.6784775260152794,0.7411578957175242,3.0593567570831834,False,False,189.0,0.33
MODEL_B_FOUR_STATE,monthly,2024,2006-06-21,2023-12-31,225,0.1864528056619965,-0.5304426446669843,0.3515041777590354,0.6718181346214931,0.7325583341218862,2.863353807185376,False,False,189.0,0.4
MODEL_B_FOUR_STATE,monthly,2024,2006-06-21,2023-12-31,225,0.18093501936225498,-0.517154219036865,0.34986666008298994,0.6638585155961512,0.723181383756126,2.9111350063656687,False,False,252.0,0.25
MODEL_B_FOUR_STATE,monthly,2024,2006-06-21,2023-12-31,225,0.1856796455645071,-0.517154219036865,0.3590411500660523,0.6735374268858609,0.7356553841446895,2.71737756433771,False,False,252.0,0.33
MODEL_B_FOUR_STATE,monthly,2024,2006-06-21,2023-12-31,225,0.1842715770691945,-0.5304426446669843,0.3473920864429773,0.6669071718558153,0.727088833110436,2.521374614439902,False,False,252.0,0.4
MODEL_B_FOUR_STATE,monthly,2024,2006-06-21,2023-12-31,250,0.15496399133639827,-0.517154219036865,0.29964754348325595,0.5993422388093215,0.6551351949472638,3.7052125646708376,False,False,126.0,0.25
MODEL_B_FOUR_STATE,monthly,2024,2006-06-21,2023-12-31,250,0.15959104367254295,-0.517154219036865,0.3085946856815,0.6094419400834277,0.6678980941865538,3.534271805943605,False,False,126.0,0.33
MODEL_B_FOUR_STATE,monthly,2024,2006-06-21,2023-12-31,250,0.15754230118468437,-0.5304426446669843,0.2970015755116947,0.6016939499456914,0.6580869831083339,3.4058674647996385,False,False,126.0,0.4
MODEL_B_FOUR_STATE,monthly,2024,2006-06-21,2023-12-31,250,0.14901437886434676,-0.517154219036865,0.28814302074508336,0.5775591349990478,0.6337246162630819,3.251188153447165,False,False,189.0,0.25
MODEL_B_FOUR_STATE,monthly,2024,2006-06-21,2023-12-31,250,0.15361766989681147,-0.517154219036865,0.29704421668048103,0.5876430988777561,0.6464948934822361,3.0801187559384475,False,False,189.0,0.33
MODEL_B_FOUR_STATE,monthly,2024,2006-06-21,2023-12-31,250,0.15223559209558468,-0.5304426446669845,0.2869972722331916,0.5820583014620833,0.6393407405164009,2.905090209387588,False,False,189.0,0.4
MODEL_B_FOUR_STATE,monthly,2024,2006-06-21,2023-12-31,250,0.1468235156043245,-0.517154219036865,0.2839066379034187,0.5723410786663428,0.6277903134428494,3.0459805884293285,False,False,252.0,0.25
MODEL_B_FOUR_STATE,monthly,2024,2006-06-21,2023-12-31,250,0.15143109249236852,-0.517154219036865,0.29281612122277567,0.5824923754292686,0.6406325985115381,2.8522231464013696,False,False,252.0,0.33
MODEL_B_FOUR_STATE,monthly,2024,2006-06-21,2023-12-31,250,0.15005163429395307,-0.5304426446669844,0.28288003576363385,0.5769404220413342,0.6335182079793135,2.6771945998505102,False,False,252.0,0.4
MODEL_B_FOUR_STATE,monthly,2025,2006-06-21,2024-12-31,150,0.1927224124928515,-0.6366446672923898,0.3027158199761382,0.692116913288949,0.7505756453463378,3.355394116611553,False,False,126.0,0.25
MODEL_B_FOUR_STATE,monthly,2025,2006-06-21,2024-12-31,150,0.1971587929548968,-0.6366446672923898,0.30968419761277655,0.7008323708348208,0.7618808731673649,3.130227455233351,False,False,126.0,0.33
MODEL_B_FOUR_STATE,monthly,2025,2006-06-21,2024-12-31,150,0.19559849593556677,-0.6366446672923898,0.30723338462479394,0.6936837733414022,0.7532130799269448,3.051619349057799,False,False,126.0,0.4
MODEL_B_FOUR_STATE,monthly,2025,2006-06-21,2024-12-31,150,0.19880384160360243,-0.5772454985197142,0.34440085217366634,0.7103768481978949,0.7826881808621421,3.5308147033529425,False,False,189.0,0.25
MODEL_B_FOUR_STATE,monthly,2025,2006-06-21,2024-12-31,150,0.20324993331240648,-0.5772454985197142,0.35210310662208666,0.7189983880159523,0.7940342225195788,3.327102457595773,False,False,189.0,0.33
MODEL_B_FOUR_STATE,monthly,2025,2006-06-21,2024-12-31,150,0.2023410416322151,-0.5772454985197142,0.3505285743259975,0.713118839678153,0.7863919592822541,3.184571317137629,False,False,189.0,0.4
MODEL_B_FOUR_STATE,monthly,2025,2006-06-21,2024-12-31,150,0.2068611241775875,-0.5772454985197142,0.35835900792307823,0.7299692737215343,0.8059332790862344,2.9466673395292178,False,False,252.0,0.25
MODEL_B_FOUR_STATE,monthly,2025,2006-06-21,2024-12-31,150,0.21135009416391748,-0.5772454985197142,0.36613554320631814,0.738484239352644,0.8172395507325113,2.721500678151016,False,False,252.0,0.33
MODEL_B_FOUR_STATE,monthly,2025,2006-06-21,2024-12-31,150,0.21134193532620538,-0.5772454985197142,0.366121409119984,0.7345633170200292,0.8118479439346722,2.580160106436822,False,False,252.0,0.4
MODEL_B_FOUR_STATE,monthly,2025,2006-06-21,2024-12-31,175,0.2224216807573176,-0.517154219036865,0.43008772348710633,0.7693165885359043,0.8525463437115464,3.159425435455649,False,False,126.0,0.25
MODEL_B_FOUR_STATE,monthly,2025,2006-06-21,2024-12-31,175,0.22694236536260326,-0.517154219036865,0.43882918674676,0.777530263188827,0.8635906565651216,2.9769024278385863,False,False,126.0,0.33
MODEL_B_FOUR_STATE,monthly,2025,2006-06-21,2024-12-31,175,0.2246013382834946,-0.5304426446669843,0.42342247657048937,0.7674959741096767,0.8508782521099645,2.898294321663035,False,False,126.0,0.4
MODEL_B_FOUR_STATE,monthly,2025,2006-06-21,2024-12-31,175,0.21412663167470236,-0.517154219036865,0.41404792572994265,0.7463362203739032,0.8259962067610984,3.334846022197039,False,False,189.0,0.25
MODEL_B_FOUR_STATE,monthly,2025,2006-06-21,2024-12-31,175,0.21860356644010137,-0.517154219036865,0.42270479171033964,0.7546523653721205,0.8371160512509291,3.173777430201008,False,False,189.0,0.33
MODEL_B_FOUR_STATE,monthly,2025,2006-06-21,2024-12-31,175,0.21694580306993938,-0.5304426446669843,0.40899012409935387,0.7465337086964837,0.8268086015236579,3.0312462897428643,False,False,189.0,0.4
MODEL_B_FOUR_STATE,monthly,2025,2006-06-21,2024-12-31,175,0.222286900279546,-0.517154219036865,0.4298271039797907,0.765810311159197,0.8492827077298787,2.750698658373314,False,False,252.0,0.25
MODEL_B_FOUR_STATE,monthly,2025,2006-06-21,2024-12-31,175,0.22680708644796588,-0.517154219036865,0.4385676034324262,0.7740213323111776,0.860362635185308,2.568175650756251,False,False,252.0,0.33
MODEL_B_FOUR_STATE,monthly,2025,2006-06-21,2024-12-31,175,0.2260560300567105,-0.5304426446669845,0.4261648876263144,0.7678432959095243,0.8522916305539309,2.4268350790420574,False,False,252.0,0.4
MODEL_B_FOUR_STATE,monthly,2025,2006-06-21,2024-12-31,200,0.2188642190513268,-0.517154219036865,0.423208805023256,0.7604524513950731,0.8439818070262491,3.267305892390302,False,False,126.0,0.25
MODEL_B_FOUR_STATE,monthly,2025,2006-06-21,2024-12-31,200,0.22337174767073487,-0.517154219036865,0.4319248290901248,0.7687234097073984,0.8550915871930554,3.0847828847732397,False,False,126.0,0.33
MODEL_B_FOUR_STATE,monthly,2025,2006-06-21,2024-12-31,200,0.22103753339143006,-0.5304426446669843,0.41670392758523217,0.7587857035264834,0.8424768996147416,3.0061747785976882,False,False,126.0,0.4
MODEL_B_FOUR_STATE,monthly,2025,2006-06-21,2024-12-31,200,0.21163280059246614,-0.517154219036865,0.40922570637943506,0.7392457634773159,0.8201989789756935,3.2496594020779885,False,False,189.0,0.25
MODEL_B_FOUR_STATE,monthly,2025,2006-06-21,2024-12-31,200,0.2161136604090419,-0.517154219036865,0.41789016207104823,0.747634367532022,0.8314289075140582,3.0670147502231146,False,False,189.0,0.33
MODEL_B_FOUR_STATE,monthly,2025,2006-06-21,2024-12-31,200,0.21445928425612348,-0.5304426446669843,0.404302494175902,0.7396245426489598,0.8212263691149069,2.9244836097649713,False,False,189.0,0.4
MODEL_B_FOUR_STATE,monthly,2025,2006-06-21,2024-12-31,200,0.215447486174964,-0.517154219036865,0.41660200815185844,0.7483484280307374,0.8313788190939407,2.751799137749061,False,False,252.0,0.25
MODEL_B_FOUR_STATE,monthly,2025,2006-06-21,2024-12-31,200,0.21995554142392093,-0.517154219036865,0.42531905054078567,0.7566985858958015,0.842613769774102,2.547700070273155,False,False,252.0,0.33
MODEL_B_FOUR_STATE,monthly,2025,2006-06-21,2024-12-31,200,0.21829593885463994,-0.5304426446669843,0.41153542432789825,0.7486041748024175,0.8322666318112957,2.4051689298150114,False,False,252.0,0.4
MODEL_B_FOUR_STATE,monthly,2025,2006-06-21,2024-12-31,225,0.1985867425897827,-0.517154219036865,0.38399907663834915,0.7130566438518072,0.7851032089976377,3.463262963026151,False,False,126.0,0.25
MODEL_B_FOUR_STATE,monthly,2025,2006-06-21,2024-12-31,225,0.20301928229405908,-0.517154219036865,0.3925700977015272,0.721654689721263,0.7964221842310278,3.2807399554090892,False,False,126.0,0.33
MODEL_B_FOUR_STATE,monthly,2025,2006-06-21,2024-12-31,225,0.200723900867803,-0.5304426446669843,0.37840830273708276,0.7120826968527518,0.7844572829512336,3.2021318492335373,False,False,126.0,0.4
MODEL_B_FOUR_STATE,monthly,2025,2006-06-21,2024-12-31,225,0.1955901178110988,-0.517154219036865,0.37820462564408913,0.6982005479768183,0.7703284385556648,3.141805915257569,False,False,189.0,0.25
MODEL_B_FOUR_STATE,monthly,2025,2006-06-21,2024-12-31,225,0.20001164858624376,-0.517154219036865,0.38675435919045664,0.7068235061372293,0.7817003312459125,2.959161263402695,False,False,189.0,0.33
MODEL_B_FOUR_STATE,monthly,2025,2006-06-21,2024-12-31,225,0.19837917728090715,-0.5304426446669843,0.37398798772193553,0.6992928640411041,0.7722730291375504,2.8166301229445514,False,False,189.0,0.4
MODEL_B_FOUR_STATE,monthly,2025,2006-06-21,2024-12-31,225,0.19349869702194078,-0.517154219036865,0.37416053064849375,0.6935283513155597,0.7650562544567435,2.839875751450257,False,False,252.0,0.25
MODEL_B_FOUR_STATE,monthly,2025,2006-06-21,2024-12-31,225,0.19792534492481728,-0.517154219036865,0.3827201589758437,0.7022067703074739,0.7764940096541422,2.6357766839743517,False,False,252.0,0.33
MODEL_B_FOUR_STATE,monthly,2025,2006-06-21,2024-12-31,225,0.19629571178431493,-0.5304426446669843,0.3700602011505896,0.694703004155167,0.7670947215218947,2.4932455435162075,False,False,252.0,0.4
MODEL_B_FOUR_STATE,monthly,2025,2006-06-21,2024-12-31,250,0.168663573533804,-0.517154219036865,0.32613786627888064,0.6329713948364825,0.7004880949987651,3.5907765158050267,False,False,126.0,0.25
MODEL_B_FOUR_STATE,monthly,2025,2006-06-21,2024-12-31,250,0.1729854532164019,-0.517154219036865,0.33449490857594794,0.6420153296931318,0.7121768302906972,3.408253508187964,False,False,126.0,0.33
MODEL_B_FOUR_STATE,monthly,2025,2006-06-21,2024-12-31,250,0.17074737685120245,-0.5304426446669843,0.32189602130952133,0.6334744033854292,0.7015704400280768,3.329645402012412,False,False,126.0,0.4
MODEL_B_FOUR_STATE,monthly,2025,2006-06-21,2024-12-31,250,0.16296992972512658,-0.517154219036865,0.3151282996948912,0.6116733359083965,0.6792061220741655,3.1614390111017907,False,False,189.0,0.25
MODEL_B_FOUR_STATE,monthly,2025,2006-06-21,2024-12-31,250,0.16727082453702247,-0.517154219036865,0.3234447644042109,0.6207268827807094,0.6909298853344544,2.9787943592469164,False,False,189.0,0.33
MODEL_B_FOUR_STATE,monthly,2025,2006-06-21,2024-12-31,250,0.16567133212542529,-0.5304426446669845,0.31232657063127883,0.6142671801499923,0.6829172889265948,2.856097169944279,False,False,189.0,0.4
MODEL_B_FOUR_STATE,monthly,2025,2006-06-21,2024-12-31,250,0.1608729199936363,-0.517154219036865,0.31107339758968217,0.6068002215060455,0.6735925592378291,2.9673893042291315,False,False,252.0,0.25
MODEL_B_FOUR_STATE,monthly,2025,2006-06-21,2024-12-31,250,0.16517855994918773,-0.517154219036865,0.3193990377895633,0.6159129549417796,0.6853827389599848,2.7632902367532264,False,False,252.0,0.33
MODEL_B_FOUR_STATE,monthly,2025,2006-06-21,2024-12-31,250,0.16358193453405856,-0.5304426446669844,0.30838760076832894,0.6094837110596136,0.6774049304342825,2.6405930474505888,False,False,252.0,0.4
MODEL_B_FOUR_STATE,monthly,2026,2006-06-21,2025-12-31,150,0.1887553376836144,-0.6366446672923898,0.29648459710874375,0.6833519410566032,0.743522660947892,3.368948686289675,False,False,126.0,0.25
MODEL_B_FOUR_STATE,monthly,2026,2006-06-21,2025-12-31,150,0.19370207160039676,-0.6366446672923898,0.30425460472982463,0.6935138174705302,0.7564296166403857,3.1154326486465376,False,False,126.0,0.33
MODEL_B_FOUR_STATE,monthly,2026,2006-06-21,2025-12-31,150,0.19222584141572296,-0.6366446672923898,0.30193583845325767,0.6867526741884387,0.7481773580535179,3.040846967643295,False,False,126.0,0.4
MODEL_B_FOUR_STATE,monthly,2026,2006-06-21,2025-12-31,150,0.1945056352135901,-0.5772454985197142,0.33695478910165516,0.7006574118852896,0.7740418416065254,3.535392893645027,False,False,189.0,0.25
MODEL_B_FOUR_STATE,monthly,2026,2006-06-21,2025-12-31,150,0.1994640878959204,-0.5772454985197142,0.34554463985847483,0.710748935034032,0.7870403281632365,3.3022334359714884,False,False,189.0,0.33
MODEL_B_FOUR_STATE,monthly,2026,2006-06-21,2025-12-31,150,0.1986044015029791,-0.5772454985197142,0.3440553490885236,0.7052110198543582,0.779801616595358,3.1669957016912815,False,False,189.0,0.4
MODEL_B_FOUR_STATE,monthly,2026,2006-06-21,2025-12-31,150,0.20212190439350852,-0.5772454985197142,0.3501489486047601,0.7193034226035294,0.7962003317533625,2.98113670994126,False,False,252.0,0.25
MODEL_B_FOUR_STATE,monthly,2026,2006-06-21,2025-12-31,150,0.20712426022575037,-0.5772454985197142,0.3588148556496307,0.7292960589624224,0.8091679061174486,2.727620672298123,False,False,252.0,0.33
MODEL_B_FOUR_STATE,monthly,2026,2006-06-21,2025-12-31,150,0.20711654588538786,-0.5772454985197142,0.35880149159502606,0.7256312657764066,0.80408897768464,2.5935125846265032,False,False,252.0,0.4
MODEL_B_FOUR_STATE,monthly,2026,2006-06-21,2025-12-31,175,0.21682341019264117,-0.517154219036865,0.41926257625133106,0.7567051866670864,0.8405629314395684,3.1830078431573106,False,False,126.0,0.25
MODEL_B_FOUR_STATE,monthly,2026,2006-06-21,2025-12-31,175,0.2218622210714336,-0.517154219036865,0.4290059191330281,0.766423942958434,0.8533057146675859,2.969953357267347,False,False,126.0,0.33
MODEL_B_FOUR_STATE,monthly,2026,2006-06-21,2025-12-31,175,0.2196500747365011,-0.5304426446669843,0.41408826561144796,0.75696124331777,0.841277781474989,2.895367676264104,False,False,126.0,0.4
MODEL_B_FOUR_STATE,monthly,2026,2006-06-21,2025-12-31,175,0.20898750500971652,-0.517154219036865,0.4041106063079783,0.7349076277710447,0.8153455567443267,3.349452050512662,False,False,189.0,0.25
MODEL_B_FOUR_STATE,monthly,2026,2006-06-21,2025-12-31,175,0.2139815101955853,-0.517154219036865,0.4137673102505073,0.7447079255648861,0.8281362980945696,3.1567541445922975,False,False,189.0,0.33
MODEL_B_FOUR_STATE,monthly,2026,2006-06-21,2025-12-31,175,0.21241448703455568,-0.5304426446669843,0.40044760573107957,0.737053048066819,0.818375251679456,3.02151641031209,False,False,189.0,0.4
MODEL_B_FOUR_STATE,monthly,2026,2006-06-21,2025-12-31,175,0.21669611181898052,-0.517154219036865,0.41901642458327015,0.7534460513456642,0.8375413834048175,2.795195866808895,False,False,252.0,0.25
MODEL_B_FOUR_STATE,monthly,2026,2006-06-21,2025-12-31,175,0.2217343955609472,-0.517154219036865,0.42875874816200815,0.7631487440218719,0.8503010740411691,2.5821413809189324,False,False,252.0,0.33
MODEL_B_FOUR_STATE,monthly,2026,2006-06-21,2025-12-31,175,0.22102470668002128,-0.5304426446669845,0.4166797464385279,0.7573504573808182,0.8426868398751476,2.4480332932473123,False,False,252.0,0.4
MODEL_B_FOUR_STATE,monthly,2026,2006-06-21,2025-12-31,200,0.21346319384172552,-0.517154219036865,0.41276506307784555,0.7482773190098215,0.8323764158915744,3.2853679907156628,False,False,126.0,0.25
MODEL_B_FOUR_STATE,monthly,2026,2006-06-21,2025-12-31,200,0.2184880902161106,-0.517154219036865,0.422481500050444,0.758048129837308,0.8451810834422916,3.0723135048257,False,False,126.0,0.33
MODEL_B_FOUR_STATE,monthly,2026,2006-06-21,2025-12-31,200,0.2162820526478435,-0.5304426446669843,0.4077388098832569,0.7486730384078808,0.8332425101427765,2.997727823822457,False,False,126.0,0.4
MODEL_B_FOUR_STATE,monthly,2026,2006-06-21,2025-12-31,200,0.20663117656633023,-0.517154219036865,0.3995542701965285,0.7281826037072954,0.8098083719529107,3.268624482173151,False,False,189.0,0.25
MODEL_B_FOUR_STATE,monthly,2026,2006-06-21,2025-12-31,200,0.21162785180421717,-0.517154219036865,0.40921613710963733,0.7380463176552791,0.8227014805451592,3.0554545766558916,False,False,189.0,0.33
MODEL_B_FOUR_STATE,monthly,2026,2006-06-21,2025-12-31,200,0.21006386677612565,-0.5304426446669843,0.39601617420485724,0.7304898744314389,0.813035873498989,2.9202168423756842,False,False,189.0,0.4
MODEL_B_FOUR_STATE,monthly,2026,2006-06-21,2025-12-31,200,0.21023543105628173,-0.517154219036865,0.40652366995636025,0.7368488466859048,0.8204591797845715,2.7962400339776963,False,False,252.0,0.25
MODEL_B_FOUR_STATE,monthly,2026,2006-06-21,2025-12-31,200,0.21525940200348104,-0.517154219036865,0.41623831746819107,0.7466771366325502,0.8333609826676511,2.562713548490838,False,False,252.0,0.33
MODEL_B_FOUR_STATE,monthly,2026,2006-06-21,2025-12-31,200,0.21369072932304478,-0.5304426446669843,0.4028536006135052,0.7390437014748982,0.823563663352129,2.427475814210631,False,False,252.0,0.4
MODEL_B_FOUR_STATE,monthly,2026,2006-06-21,2025-12-31,225,0.19430038289771412,-0.517154219036865,0.37571071789682825,0.7031368691881414,0.7762757373932475,3.4712978174454308,False,False,126.0,0.25
MODEL_B_FOUR_STATE,monthly,2026,2006-06-21,2025-12-31,225,0.1992459269359721,-0.517154219036865,0.3852737144966983,0.7132211291723908,0.7892670298439037,3.2582433315554673,False,False,126.0,0.33
MODEL_B_FOUR_STATE,monthly,2026,2006-06-21,2025-12-31,225,0.1970747267497288,-0.5304426446669843,0.3715288141537974,0.7041793828346509,0.777920564939306,3.1836576505522243,False,False,126.0,0.4
MODEL_B_FOUR_STATE,monthly,2026,2006-06-21,2025-12-31,225,0.19146708396518441,-0.517154219036865,0.3702320834233314,0.6891546609452844,0.7623344860804677,3.166289924651688,False,False,189.0,0.25
MODEL_B_FOUR_STATE,monthly,2026,2006-06-21,2025-12-31,225,0.19640096450036792,-0.517154219036865,0.37977252678348083,0.6992264007169156,0.7753336947468202,2.9531200191344285,False,False,189.0,0.33
MODEL_B_FOUR_STATE,monthly,2026,2006-06-21,2025-12-31,225,0.19485663453693336,-0.5304426446669843,0.3673472268792901,0.6921049540363046,0.7663735517573589,2.817882284854221,False,False,189.0,0.4
MODEL_B_FOUR_STATE,monthly,2026,2006-06-21,2025-12-31,225,0.18948943718054956,-0.517154219036865,0.366407988575342,0.6846984123720455,0.7572924979601435,2.87980971314911,False,False,252.0,0.25
MODEL_B_FOUR_STATE,monthly,2026,2006-06-21,2025-12-31,225,0.19442728664441766,-0.517154219036865,0.37595610649085326,0.6948244620065959,0.7703560618982697,2.646283227662252,False,False,252.0,0.33
MODEL_B_FOUR_STATE,monthly,2026,2006-06-21,2025-12-31,225,0.19288550433009233,-0.5304426446669843,0.3636312168136241,0.6877276468407183,0.7614219282673884,2.5110454933820447,False,False,252.0,0.4
MODEL_B_FOUR_STATE,monthly,2026,2006-06-21,2025-12-31,250,0.16599170504177252,-0.517154219036865,0.3209713832576118,0.6270423906363456,0.6956041172096258,3.5922864232504814,False,False,126.0,0.25
MODEL_B_FOUR_STATE,monthly,2026,2006-06-21,2025-12-31,250,0.1708200241213802,-0.517154219036865,0.330307706740769,0.6375130378981468,0.7089083085530707,3.3792319373605175,False,False,126.0,0.33
MODEL_B_FOUR_STATE,monthly,2026,2006-06-21,2025-12-31,250,0.16870028821289584,-0.5304426446669843,0.31803681304471115,0.6294058541588109,0.6987986477549449,3.304646256357275,False,False,126.0,0.4
MODEL_B_FOUR_STATE,monthly,2026,2006-06-21,2025-12-31,250,0.16060108653893668,-0.517154219036865,0.31054776433620923,0.6068484737527627,0.6753551447595257,3.184918382898385,False,False,189.0,0.25
MODEL_B_FOUR_STATE,monthly,2026,2006-06-21,2025-12-31,250,0.16540715058136946,-0.517154219036865,0.31984105416256603,0.6172861767737948,0.6886449485907439,2.9717484773811256,False,False,189.0,0.33
MODEL_B_FOUR_STATE,monthly,2026,2006-06-21,2025-12-31,250,0.1638918751177849,-0.5304426446669845,0.3089719063230245,0.611137442785462,0.680977129218354,2.8553297787690055,False,False,189.0,0.4
MODEL_B_FOUR_STATE,monthly,2026,2006-06-21,2025-12-31,250,0.1586153432331514,-0.517154219036865,0.30670801357582006,0.602203168408499,0.6699946895057228,3.0007983189541605,False,False,252.0,0.25
MODEL_B_FOUR_STATE,monthly,2026,2006-06-21,2025-12-31,250,0.16342502709631734,-0.517154219036865,0.31600830290174564,0.6126984671513129,0.6833489684085609,2.7672718334673028,False,False,252.0,0.33
MODEL_B_FOUR_STATE,monthly,2026,2006-06-21,2025-12-31,250,0.16191232881194506,-0.5304426446669844,0.30524003007638034,0.6065775284728174,0.6757131051692796,2.650853134855183,False,False,252.0,0.4
MODEL_A_QLD_TREND,bimonthly,2013,2006-06-21,2012-12-31,150,-0.027999346511589085,-0.796723742948901,-0.03514310544826434,0.11425342812378698,0.1199795792733334,1.6842085246684835,False,False,,
MODEL_A_QLD_TREND,bimonthly,2013,2006-06-21,2012-12-31,175,0.09940993839456413,-0.45864079046204864,0.2167490124339258,0.4624210853886976,0.5051751655050966,1.3779957505523968,False,False,,
MODEL_A_QLD_TREND,bimonthly,2013,2006-06-21,2012-12-31,200,0.057244786603675823,-0.45864079046204864,0.1248139890610377,0.3353575639707637,0.3716528511128653,1.5310638705804331,False,False,,
MODEL_A_QLD_TREND,bimonthly,2013,2006-06-21,2012-12-31,225,0.03822113400447358,-0.4763559699490546,0.08023649626677558,0.2761539008017774,0.29866005786492256,1.5310638705804331,False,False,,
MODEL_A_QLD_TREND,bimonthly,2013,2006-06-21,2012-12-31,250,0.044569652961970796,-0.4763559699490546,0.09356375436364835,0.2968269821936124,0.3308492252280291,1.2248510964643466,False,False,,
MODEL_A_QLD_TREND,bimonthly,2014,2006-06-21,2013-12-31,150,0.04963775986279684,-0.796723742948901,0.06230234796200924,0.315489956631988,0.3354997590807796,1.593419926400436,False,False,,
MODEL_A_QLD_TREND,bimonthly,2014,2006-06-21,2013-12-31,175,0.16797232912897408,-0.45864079046204864,0.3662394026483202,0.6686336777557734,0.7420055826206309,1.3278499386670302,False,False,,
MODEL_A_QLD_TREND,bimonthly,2014,2006-06-21,2013-12-31,200,0.13643691485103848,-0.45864079046204864,0.2974809866204613,0.5745150617885323,0.6471459733425794,1.3278499386670302,False,False,,
MODEL_A_QLD_TREND,bimonthly,2014,2006-06-21,2013-12-31,225,0.11868107494949132,-0.4763559699490546,0.24914367077667576,0.5281196524154899,0.5826582775134087,1.3278499386670302,False,False,,
MODEL_A_QLD_TREND,bimonthly,2014,2006-06-21,2013-12-31,250,0.12461126578406212,-0.4763559699490546,0.26159274501669216,0.537241117544655,0.6071901870240303,1.0622799509336243,False,False,,
MODEL_A_QLD_TREND,bimonthly,2015,2006-06-21,2014-12-31,150,0.08348913855630014,-0.796723742948901,0.10479057426766661,0.40427511306165564,0.4385439356014637,1.4067110104658747,False,False,,
MODEL_A_QLD_TREND,bimonthly,2015,2006-06-21,2014-12-31,175,0.19064299080694314,-0.45864079046204864,0.4156695060090133,0.7366272881187451,0.8353826788052995,1.172259175388229,False,False,,
MODEL_A_QLD_TREND,bimonthly,2015,2006-06-21,2014-12-31,200,0.16221699807141476,-0.45864079046204864,0.35369073454629374,0.6520262354095996,0.7489932263256087,1.172259175388229,False,False,,
MODEL_A_QLD_TREND,bimonthly,2015,2006-06-21,2014-12-31,225,0.14617134322411252,-0.4763559699490546,0.3068531779705527,0.6126006560207472,0.6913435644455442,1.172259175388229,False,False,,
MODEL_A_QLD_TREND,bimonthly,2015,2006-06-21,2014-12-31,250,0.15153365338567548,-0.4763559699490546,0.3181101171081822,0.6178528338387747,0.7113701393537964,0.9378073403105832,False,False,,
MODEL_A_QLD_TREND,bimonthly,2016,2006-06-21,2015-12-31,150,0.06534973158311908,-0.796723742948901,0.0820230753275171,0.3565019181459248,0.391959275929576,1.4690293861689843,False,False,,
MODEL_A_QLD_TREND,bimonthly,2016,2006-06-21,2015-12-31,175,0.159186784705182,-0.45864079046204864,0.347083791968901,0.6443996470187601,0.7385993297518652,1.259168045287701,False,False,,
MODEL_A_QLD_TREND,bimonthly,2016,2006-06-21,2015-12-31,200,0.13438319385570097,-0.45864079046204864,0.29300314461851346,0.5698254207448644,0.6605127155257179,1.259168045287701,False,False,,
MODEL_A_QLD_TREND,bimonthly,2016,2006-06-21,2015-12-31,225,0.12035425734783112,-0.4763559699490546,0.25265613310294566,0.533102746562911,0.6083816987740249,1.259168045287701,False,False,,
MODEL_A_QLD_TREND,bimonthly,2016,2006-06-21,2015-12-31,250,0.1250448765413139,-0.4763559699490546,0.2625030112558204,0.5401621928595494,0.627367928551343,1.0493067044064175,False,False,,
MODEL_A_QLD_TREND,bimonthly,2017,2006-06-21,2016-12-31,150,0.06096579336367913,-0.796723742948901,0.07652061822335983,0.34469258285685866,0.37590494294813587,1.5195161846904897,False,False,,
MODEL_A_QLD_TREND,bimonthly,2017,2006-06-21,2016-12-31,175,0.14520281970818094,-0.45864079046204864,0.3165937760614341,0.6070803414398027,0.6877001892441453,1.3295766616041784,False,False,,
MODEL_A_QLD_TREND,bimonthly,2017,2006-06-21,2016-12-31,200,0.12300190968042779,-0.45864079046204864,0.2681878983256416,0.5390526726489502,0.6169899557634024,1.3295766616041784,False,False,,
MODEL_A_QLD_TREND,bimonthly,2017,2006-06-21,2016-12-31,225,0.11042469800313182,-0.4763559699490546,0.23181130282662676,0.5050410340338749,0.5697351012871573,1.3295766616041784,False,False,,
MODEL_A_QLD_TREND,bimonthly,2017,2006-06-21,2016-12-31,250,0.11463158300232301,-0.4763559699490546,0.2406426920913422,0.512097931742378,0.5871826464173124,1.1396371385178672,False,False,,
MODEL_A_QLD_TREND,bimonthly,2018,2006-06-21,2017-12-31,150,0.1054819954520807,-0.796723742948901,0.13239469312369412,0.4685573146753921,0.5094900737012514,1.388106374467791,False,False,,
MODEL_A_QLD_TREND,bimonthly,2018,2006-06-21,2017-12-31,175,0.18539518948234135,-0.45864079046204864,0.404227433184843,0.733769330713915,0.8280194089107941,1.2145930776593172,False,False,,
MODEL_A_QLD_TREND,bimonthly,2018,2006-06-21,2017-12-31,200,0.1643847359173196,-0.45864079046204864,0.3584171738229246,0.6691483990962683,0.7623243044275657,1.2145930776593172,False,False,,
MODEL_A_QLD_TREND,bimonthly,2018,2006-06-21,2017-12-31,225,0.15246603493641642,-0.4763559699490546,0.3200674381234739,0.63984224442358,0.7191972676489146,1.2145930776593172,False,False,,
MODEL_A_QLD_TREND,bimonthly,2018,2006-06-21,2017-12-31,250,0.15645395116333383,-0.4763559699490546,0.32843915272032026,0.6427240861857294,0.7330301291702209,1.0410797808508432,False,False,,
MODEL_A_QLD_TREND,bimonthly,2019,2006-06-21,2018-12-31,150,0.10771277850801919,-0.796723742948901,0.1351946386200863,0.47364179254684863,0.5164252917430704,1.3565974060609558,False,False,,
MODEL_A_QLD_TREND,bimonthly,2019,2006-06-21,2018-12-31,175,0.1811570307139021,-0.45864079046204864,0.3949867401270589,0.7113827419542782,0.7994381232863675,1.197000057663476,False,False,,
MODEL_A_QLD_TREND,bimonthly,2019,2006-06-21,2018-12-31,200,0.1618869571442858,-0.45864079046204864,0.35297112797402075,0.6535657432313586,0.7408597527264223,1.197000057663476,False,False,,
MODEL_A_QLD_TREND,bimonthly,2019,2006-06-21,2018-12-31,225,0.15094315844217965,-0.4763559699490546,0.31687050853655246,0.6267906849959135,0.7017450873858004,1.197000057663476,False,False,,
MODEL_A_QLD_TREND,bimonthly,2019,2006-06-21,2018-12-31,250,0.13516189966269132,-0.4763559699490546,0.2837413786944806,0.5658041858985142,0.6478847579332041,0.9575840903848776,False,False,,
MODEL_A_QLD_TREND,bimonthly,2020,2006-06-21,2019-12-31,150,0.12931556705626246,-0.796723742948901,0.16230916701142706,0.5333581385526884,0.5830296661114874,1.3302686088649665,False,False,,
MODEL_A_QLD_TREND,bimonthly,2020,2006-06-21,2019-12-31,175,0.19849495650325233,-0.45864079046204864,0.432789583114233,0.7620525601368506,0.8578510851607952,1.182460985657748,False,False,,
MODEL_A_QLD_TREND,bimonthly,2020,2006-06-21,2019-12-31,200,0.18037545396190513,-0.45864079046204864,0.39328262490606086,0.7080051602400481,0.803438836011679,1.182460985657748,False,False,,
MODEL_A_QLD_TREND,bimonthly,2020,2006-06-21,2019-12-31,225,0.17007521911091472,-0.4763559699490546,0.35703387768836814,0.6839438969009286,0.7672854639500313,1.182460985657748,False,False,,
MODEL_A_QLD_TREND,bimonthly,2020,2006-06-21,2019-12-31,250,0.15147129112010616,-0.4763559699490546,0.31797920184836925,0.6135482404534852,0.7027699356737469,1.0346533624505294,False,False,,
MODEL_A_QLD_TREND,bimonthly,2021,2006-06-21,2020-12-31,150,0.1699939050016226,-0.796723742948901,0.21336618433439278,0.6104079218011269,0.6550062631870298,1.238525946184624,False,False,,
MODEL_A_QLD_TREND,bimonthly,2021,2006-06-21,2020-12-31,175,0.2365843445773741,-0.517154219036865,0.4574734883106684,0.7950680811662242,0.8605709926454905,1.1009119521641104,False,False,,
MODEL_A_QLD_TREND,bimonthly,2021,2006-06-21,2020-12-31,200,0.21916919737364315,-0.517154219036865,0.4237985291540662,0.7517811292549346,0.8194902367165988,1.1009119521641104,False,False,,
MODEL_A_QLD_TREND,bimonthly,2021,2006-06-21,2020-12-31,225,0.20926115683735635,-0.517154219036865,0.4046397556749688,0.7317787250470663,0.789238652605496,1.1009119521641102,False,False,,
MODEL_A_QLD_TREND,bimonthly,2021,2006-06-21,2020-12-31,250,0.19135030911934225,-0.517154219036865,0.37000628067137936,0.6762306904769653,0.7461754650626303,0.9632979581435964,False,False,,
MODEL_A_QLD_TREND,bimonthly,2022,2006-06-21,2021-12-31,150,0.19122186161992882,-0.796723742948901,0.24001024610131783,0.6591196845930974,0.7194708839241546,1.1588253167139986,False,False,,
MODEL_A_QLD_TREND,bimonthly,2022,2006-06-21,2021-12-31,175,0.2545436818836815,-0.517154219036865,0.4922007256515034,0.8350578977570834,0.9207300238875319,1.030066948190221,False,False,,
MODEL_A_QLD_TREND,bimonthly,2022,2006-06-21,2021-12-31,200,0.23800504167296554,-0.517154219036865,0.46022063228299703,0.7945809501629275,0.881806873730353,1.030066948190221,False,False,,
MODEL_A_QLD_TREND,bimonthly,2022,2006-06-21,2021-12-31,225,0.2285889007787385,-0.517154219036865,0.44201302505944307,0.7763133100352635,0.853239658213831,1.0300669481902207,False,False,,
MODEL_A_QLD_TREND,bimonthly,2022,2006-06-21,2021-12-31,250,0.21155463153445342,-0.517154219036865,0.40907455406328785,0.7231482085701892,0.8113479614695832,0.9013085796664432,False,False,,
MODEL_A_QLD_TREND,bimonthly,2023,2006-06-21,2022-12-31,150,0.15766096689885645,-0.796723742948901,0.19788661790761802,0.5857163267952759,0.6249423731773975,1.1494544725649105,False,False,,
MODEL_A_QLD_TREND,bimonthly,2023,2006-06-21,2022-12-31,175,0.21539677076629182,-0.517154219036865,0.4165039418366176,0.7485427534525073,0.8060338020947597,1.0284608565498563,False,False,,
MODEL_A_QLD_TREND,bimonthly,2023,2006-06-21,2022-12-31,200,0.20033442933316814,-0.517154219036865,0.38737850714292915,0.7102066523446294,0.7696306475530021,1.0284608565498563,False,False,,
MODEL_A_QLD_TREND,bimonthly,2023,2006-06-21,2022-12-31,225,0.19175339487398446,-0.517154219036865,0.3707857111387415,0.69214864675822,0.742969634233703,1.028460856549856,False,False,,
MODEL_A_QLD_TREND,bimonthly,2023,2006-06-21,2022-12-31,250,0.17621977304622782,-0.517154219036865,0.3407489807864569,0.6435953584685884,0.7051715804208012,0.9074672405348022,False,False,,
MODEL_A_QLD_TREND,bimonthly,2024,2006-06-21,2023-12-31,150,0.16853931971727887,-0.796723742948901,0.21154047586616026,0.6141971799385536,0.6593184446139944,1.1981913535419793,False,False,,
MODEL_A_QLD_TREND,bimonthly,2024,2006-06-21,2023-12-31,175,0.24421166692032115,-0.517154219036865,0.4722221301319649,0.8205318653694698,0.8957067382771174,1.0270089369377813,False,False,,
MODEL_A_QLD_TREND,bimonthly,2024,2006-06-21,2023-12-31,200,0.2296640573273394,-0.517154219036865,0.44409201138310345,0.7839011730917502,0.8608382828033,1.0270089369377813,False,False,,
MODEL_A_QLD_TREND,bimonthly,2024,2006-06-21,2023-12-31,225,0.22137163097059864,-0.517154219036865,0.42805728508388774,0.767428709590069,0.835362808478437,1.027008936937781,False,False,,
MODEL_A_QLD_TREND,bimonthly,2024,2006-06-21,2023-12-31,250,0.19436837045382238,-0.517154219036865,0.37584218265841307,0.69194683783358,0.7598282441153407,0.9128968328335832,False,False,,
MODEL_A_QLD_TREND,bimonthly,2025,2006-06-21,2024-12-31,150,0.18230485264223617,-0.796723742948901,0.22881814964805003,0.6469299106484689,0.7032171688929655,1.1869816975377558,False,False,,
MODEL_A_QLD_TREND,bimonthly,2025,2006-06-21,2024-12-31,175,0.25339277588380393,-0.517154219036865,0.48997526570645844,0.8406474496563932,0.929360461532967,0.9711668434399822,False,False,,
MODEL_A_QLD_TREND,bimonthly,2025,2006-06-21,2024-12-31,200,0.23953023695041953,-0.517154219036865,0.4631698401233478,0.8060679123682705,0.8961051760412361,0.9711668434399822,False,False,,
MODEL_A_QLD_TREND,bimonthly,2025,2006-06-21,2024-12-31,225,0.23162433000185678,-0.517154219036865,0.4478825106236745,0.7907003650914506,0.8718833533691636,0.9711668434399819,False,False,,
MODEL_A_QLD_TREND,bimonthly,2025,2006-06-21,2024-12-31,250,0.20585938169558715,-0.517154219036865,0.39806188196429004,0.7190376316851723,0.7992267202186942,0.8632594163910952,False,False,,
MODEL_A_QLD_TREND,bimonthly,2026,2006-06-21,2025-12-31,150,0.17334493056770128,-0.796723742948901,0.21757219124172505,0.6220608932436398,0.6800316978604144,1.228628851142913,False,False,,
MODEL_A_QLD_TREND,bimonthly,2026,2006-06-21,2025-12-31,175,0.24018320751793087,-0.517154219036865,0.4644324626515511,0.8002615661276371,0.8885038962505346,1.0238573759524277,False,False,,
MODEL_A_QLD_TREND,bimonthly,2026,2006-06-21,2025-12-31,200,0.22716494815856936,-0.517154219036865,0.43925958601214865,0.7682168562211076,0.8573735263159242,1.0238573759524277,False,False,,
MODEL_A_QLD_TREND,bimonthly,2026,2006-06-21,2025-12-31,225,0.2197372086384164,-0.517154219036865,0.4248968693471155,0.7535264442588044,0.8345891450748874,1.0238573759524274,False,False,,
MODEL_A_QLD_TREND,bimonthly,2026,2006-06-21,2025-12-31,250,0.1955135620555868,-0.517154219036865,0.37805659290512283,0.6877372966972947,0.7675617683690158,0.9214716383571847,False,False,,
MODEL_B_FOUR_STATE,bimonthly,2013,2006-06-21,2012-12-31,150,-0.04892493277358756,-0.796723742948901,-0.06140765002496659,0.054737796295412734,0.05644609288731225,1.9333472094208197,False,False,126.0,0.25
MODEL_B_FOUR_STATE,bimonthly,2013,2006-06-21,2012-12-31,150,-0.046200892551062966,-0.796723742948901,-0.057988597628659,0.06274956033894441,0.06475637651124115,1.9378830649393992,False,False,126.0,0.33
MODEL_B_FOUR_STATE,bimonthly,2013,2006-06-21,2012-12-31,150,-0.04979274365324893,-0.796723742948901,-0.06249687434812954,0.056609872729239515,0.058260619412083214,1.8785935742605946,False,False,126.0,0.4
MODEL_B_FOUR_STATE,bimonthly,2013,2006-06-21,2012-12-31,150,-0.0030132447119288752,-0.6410822814637887,-0.004700246441141234,0.15150945670216295,0.1660793354083214,2.545619689532965,False,False,189.0,0.25
MODEL_B_FOUR_STATE,bimonthly,2013,2006-06-21,2012-12-31,150,-0.00015770563166594975,-0.6410822814637887,-0.00024599904914835444,0.1607143480919064,0.1763031646035078,2.550155545051544,False,False,189.0,0.33
MODEL_B_FOUR_STATE,bimonthly,2013,2006-06-21,2012-12-31,150,-0.003922947828887469,-0.6410822814637887,-0.006119257921042785,0.1518537497573808,0.16536009498183307,2.4908660543727397,False,False,189.0,0.4
MODEL_B_FOUR_STATE,bimonthly,2013,2006-06-21,2012-12-31,150,0.01305904589556417,-0.6410822814637887,0.020370311695007914,0.20045411109090577,0.22023442995113604,1.9946234539293926,False,False,252.0,0.25
MODEL_B_FOUR_STATE,bimonthly,2013,2006-06-21,2012-12-31,150,0.015960618740765042,-0.6410822814637887,0.02489636541556261,0.20964594443420947,0.23050436880288688,1.999159309447972,False,False,252.0,0.33
MODEL_B_FOUR_STATE,bimonthly,2013,2006-06-21,2012-12-31,150,0.016241644224622265,-0.6410822814637887,0.02533472643720176,0.2125401561727989,0.2322345096946456,1.9462671980213802,False,False,252.0,0.4
MODEL_B_FOUR_STATE,bimonthly,2013,2006-06-21,2012-12-31,175,0.07574143835744152,-0.45864079046204864,0.16514326665348997,0.3927114549890346,0.41811900305339583,1.6271344353047335,False,False,126.0,0.25
MODEL_B_FOUR_STATE,bimonthly,2013,2006-06-21,2012-12-31,175,0.07882254420081902,-0.45864079046204864,0.17186117292666184,0.40189863795950775,0.4282313228835956,1.6316702908233132,False,False,126.0,0.33
MODEL_B_FOUR_STATE,bimonthly,2013,2006-06-21,2012-12-31,175,0.07475987532831918,-0.45864079046204864,0.16300311024015943,0.3882983045891252,0.41031569645478894,1.572380800144508,False,False,126.0,0.4
MODEL_B_FOUR_STATE,bimonthly,2013,2006-06-21,2012-12-31,175,0.05300743075347869,-0.4354148172680036,0.12174007096513649,0.3230271780690233,0.3424707643944549,2.2394069154168785,False,False,189.0,0.25
MODEL_B_FOUR_STATE,bimonthly,2013,2006-06-21,2012-12-31,175,0.05602342254511994,-0.4354148172680036,0.12866678009865884,0.33244577420421073,0.35273625021107957,2.243942770935458,False,False,189.0,0.33
MODEL_B_FOUR_STATE,bimonthly,2013,2006-06-21,2012-12-31,175,0.052046611427789324,-0.4354148172680036,0.11953339519852386,0.3198466619319652,0.33650903156482864,2.184653280256653,False,False,189.0,0.4
MODEL_B_FOUR_STATE,bimonthly,2013,2006-06-21,2012-12-31,175,0.06998282320393279,-0.4354148172680036,0.16072678381281966,0.3766210646134148,0.400453028774935,1.6884106798133058,False,False,252.0,0.25
MODEL_B_FOUR_STATE,bimonthly,2013,2006-06-21,2012-12-31,175,0.0730474353972872,-0.4354148172680036,0.16776515750111815,0.38601552546120577,0.41075925376563266,1.6929465353318853,False,False,252.0,0.33
MODEL_B_FOUR_STATE,bimonthly,2013,2006-06-21,2012-12-31,175,0.07334425170017522,-0.4354148172680036,0.16844684377158178,0.3854449714504363,0.40717213865016866,1.6400544239052934,False,False,252.0,0.4
MODEL_B_FOUR_STATE,bimonthly,2013,2006-06-21,2012-12-31,200,0.055184674744583884,-0.45864079046204864,0.12032221270373525,0.3294987461635488,0.35425031551171104,1.7802025553327696,False,False,126.0,0.25
MODEL_B_FOUR_STATE,bimonthly,2013,2006-06-21,2012-12-31,200,0.05820690253211058,-0.45864079046204864,0.12691174388015333,0.33878482208744565,0.3645091617506076,1.784738410851349,False,False,126.0,0.33
MODEL_B_FOUR_STATE,bimonthly,2013,2006-06-21,2012-12-31,200,0.054221868787041494,-0.45864079046204864,0.11822295337581452,0.3263208956307455,0.3481879701922233,1.7254489201725438,False,False,126.0,0.4
MODEL_B_FOUR_STATE,bimonthly,2013,2006-06-21,2012-12-31,200,0.03236714106580174,-0.4354148172680036,0.07433633349661442,0.2581281884999368,0.28006571753529147,1.782320732322298,False,False,189.0,0.25
MODEL_B_FOUR_STATE,bimonthly,2013,2006-06-21,2012-12-31,200,0.03532401556875442,-0.4354148172680036,0.08112727028995896,0.26753770564606094,0.2904979221226137,1.7868565878408773,False,False,189.0,0.33
MODEL_B_FOUR_STATE,bimonthly,2013,2006-06-21,2012-12-31,200,0.03142515502527332,-0.4354148172680036,0.07217291139159998,0.2563242607554232,0.2759229099200154,1.7275670971620727,False,False,189.0,0.4
MODEL_B_FOUR_STATE,bimonthly,2013,2006-06-21,2012-12-31,200,0.028861804013172954,-0.4354148172680036,0.0662857644447321,0.24624777428420241,0.2661580618433818,1.782320732322298,False,False,252.0,0.25
MODEL_B_FOUR_STATE,bimonthly,2013,2006-06-21,2012-12-31,200,0.031808638636568354,-0.4354148172680036,0.07305364304354786,0.25579341942571804,0.27668630358840374,1.7868565878408773,False,False,252.0,0.33
MODEL_B_FOUR_STATE,bimonthly,2013,2006-06-21,2012-12-31,200,0.02792301642641104,-0.4354148172680036,0.0641296881020566,0.2445919537013792,0.2622190429383037,1.7275670971620727,False,False,252.0,0.4
MODEL_B_FOUR_STATE,bimonthly,2013,2006-06-21,2012-12-31,225,0.036198090999084886,-0.4763559699490545,0.0759895819148781,0.269338613137191,0.2821393262299984,1.7802025553327694,False,False,126.0,0.25
MODEL_B_FOUR_STATE,bimonthly,2013,2006-06-21,2012-12-31,225,0.03916593799208412,-0.4763559699490545,0.08221989533640747,0.278986344980818,0.292484404684318,1.7847384108513489,False,False,126.0,0.33
MODEL_B_FOUR_STATE,bimonthly,2013,2006-06-21,2012-12-31,225,0.03525260939848307,-0.4763559699490545,0.07400476035233332,0.26711123813030835,0.2776679781682865,1.7254489201725438,False,False,126.0,0.4
MODEL_B_FOUR_STATE,bimonthly,2013,2006-06-21,2012-12-31,225,0.021998485709931126,-0.4465775188276002,0.04926017271913674,0.22465827737438768,0.24013613232136335,1.782320732322298,False,False,189.0,0.25
MODEL_B_FOUR_STATE,bimonthly,2013,2006-06-21,2012-12-31,225,0.024925662626209544,-0.4465775188276002,0.055814862090789695,0.23418906751135063,0.25052650831388307,1.7868565878408773,False,False,189.0,0.33
MODEL_B_FOUR_STATE,bimonthly,2013,2006-06-21,2012-12-31,225,0.0210659605755239,-0.4465775188276002,0.04717201311617378,0.2234593538004219,0.2369725994503184,1.7275670971620727,False,False,189.0,0.4
MODEL_B_FOUR_STATE,bimonthly,2013,2006-06-21,2012-12-31,225,0.018528354767957333,-0.4465775188276002,0.04148967197587513,0.21228609261647158,0.2259739272424504,1.782320732322298,False,False,252.0,0.25
MODEL_B_FOUR_STATE,bimonthly,2013,2006-06-21,2012-12-31,225,0.021445592640947586,-0.4465775188276002,0.0480221053161133,0.22195815263856544,0.23645982651161832,1.7868565878408773,False,False,252.0,0.33
MODEL_B_FOUR_STATE,bimonthly,2013,2006-06-21,2012-12-31,225,0.01759899596341108,-0.4465775188276002,0.03940860258620657,0.21126206300046374,0.22305113015230404,1.7275670971620727,False,False,252.0,0.4
MODEL_B_FOUR_STATE,bimonthly,2013,2006-06-21,2012-12-31,250,0.04025001092106595,-0.4763559699490545,0.08449565757593135,0.28263371408936816,0.30363926269343866,1.7801260212727552,False,False,126.0,0.25
MODEL_B_FOUR_STATE,bimonthly,2013,2006-06-21,2012-12-31,250,0.0432294632996193,-0.4763559699490545,0.0907503338401377,0.2921587896641845,0.3141162333004836,1.784661876791335,False,False,126.0,0.33
MODEL_B_FOUR_STATE,bimonthly,2013,2006-06-21,2012-12-31,250,0.03930083213575952,-0.4763559699490545,0.08250307462287643,0.28022215943632106,0.29866369381839364,1.7253723861125296,False,False,126.0,0.4
MODEL_B_FOUR_STATE,bimonthly,2013,2006-06-21,2012-12-31,250,0.028247806349396054,-0.4465775188276002,0.06325398202658075,0.24727494497560235,0.27264134334560564,1.4761079582062115,False,False,189.0,0.25
MODEL_B_FOUR_STATE,bimonthly,2013,2006-06-21,2012-12-31,250,0.031192882379395215,-0.4465775188276002,0.0698487520403756,0.2564132059893073,0.282937205045828,1.480643813724791,False,False,189.0,0.33
MODEL_B_FOUR_STATE,bimonthly,2013,2006-06-21,2012-12-31,250,0.027280079472238095,-0.4465775188276002,0.0610869968194021,0.24578547160896116,0.26895718796762474,1.478780424652535,False,False,189.0,0.4
MODEL_B_FOUR_STATE,bimonthly,2013,2006-06-21,2012-12-31,250,0.02475645623614109,-0.4465775188276002,0.05543596619268745,0.23555567891324786,0.2586576278454424,1.4761079582062115,False,False,252.0,0.25
MODEL_B_FOUR_STATE,bimonthly,2013,2006-06-21,2012-12-31,250,0.027691532447548406,-0.4465775188276002,0.062008344083793056,0.24481830996631357,0.2690364813239666,1.4806438137247908,False,False,252.0,0.33
MODEL_B_FOUR_STATE,bimonthly,2013,2006-06-21,2012-12-31,250,0.02379201521412555,-0.4465775188276002,0.053276338846135196,0.2342114662850547,0.25518285331090285,1.478780424652535,False,False,252.0,0.4
MODEL_B_FOUR_STATE,bimonthly,2014,2006-06-21,2013-12-31,150,0.0262792593687311,-0.796723742948901,0.03298415492359258,0.2525719818857009,0.2637051934942324,2.3973269466178726,False,False,126.0,0.25
MODEL_B_FOUR_STATE,bimonthly,2014,2006-06-21,2013-12-31,150,0.030299137117437702,-0.796723742948901,0.03802966509481942,0.26366258634276213,0.2756257301456266,2.4035357581103884,False,False,126.0,0.33
MODEL_B_FOUR_STATE,bimonthly,2014,2006-06-21,2013-12-31,150,0.027290196870151107,-0.796723742948901,0.03425302322376177,0.25694520251015357,0.26800576783486724,2.2994854150424957,False,False,126.0,0.4
MODEL_B_FOUR_STATE,bimonthly,2014,2006-06-21,2013-12-31,150,0.07860526553148217,-0.6410822814637887,0.12261338022320957,0.39967412140719694,0.4428193677654127,2.718134160632722,False,False,189.0,0.25
MODEL_B_FOUR_STATE,bimonthly,2014,2006-06-21,2013-12-31,150,0.08283010128351198,-0.6410822814637887,0.12920354169574816,0.4119813041067748,0.45701763402398965,2.7243429721252377,False,False,189.0,0.33
MODEL_B_FOUR_STATE,bimonthly,2014,2006-06-21,2013-12-31,150,0.07969641563698526,-0.6410822814637887,0.12431542399676646,0.4013564960447115,0.4423844361278465,2.5671923471350864,False,False,189.0,0.4
MODEL_B_FOUR_STATE,bimonthly,2014,2006-06-21,2013-12-31,150,0.09356334825579204,-0.6410822814637887,0.14594592763062808,0.44426104765039914,0.496421189745302,1.974910391391083,False,False,252.0,0.25
MODEL_B_FOUR_STATE,bimonthly,2014,2006-06-21,2013-12-31,150,0.09784677397089281,-0.6410822814637887,0.15262748137022042,0.4564638457190723,0.5106731643274205,1.981119202883599,False,False,252.0,0.33
MODEL_B_FOUR_STATE,bimonthly,2014,2006-06-21,2013-12-31,150,0.098520908197953,-0.6410822814637887,0.15367903784986753,0.4560600974548279,0.5074255232979532,1.829516850444912,False,False,252.0,0.4
MODEL_B_FOUR_STATE,bimonthly,2014,2006-06-21,2013-12-31,175,0.14198042671248667,-0.45864079046204864,0.3095678135593899,0.5969845346479465,0.645765348789766,2.1317569588844663,False,False,126.0,0.25
MODEL_B_FOUR_STATE,bimonthly,2014,2006-06-21,2013-12-31,175,0.14645349938241825,-0.45864079046204864,0.31932070244968086,0.6092056240419619,0.65980237080944,2.1379657703769825,False,False,126.0,0.33
MODEL_B_FOUR_STATE,bimonthly,2014,2006-06-21,2013-12-31,175,0.14310533577472517,-0.45864079046204864,0.3120205152938022,0.594185588628192,0.638878852699489,2.03391542730909,False,False,126.0,0.4
MODEL_B_FOUR_STATE,bimonthly,2014,2006-06-21,2013-12-31,175,0.1309759399365953,-0.4354148172680036,0.3008072641128744,0.5664204085346614,0.6109769991607004,2.452564172899316,False,False,189.0,0.25
MODEL_B_FOUR_STATE,bimonthly,2014,2006-06-21,2013-12-31,175,0.13540590865492463,-0.4354148172680036,0.31098139816307746,0.5788173789252831,0.6251389668112407,2.458772984391832,False,False,189.0,0.33
MODEL_B_FOUR_STATE,bimonthly,2014,2006-06-21,2013-12-31,175,0.13212006981952795,-0.4354148172680036,0.30343494199051635,0.5642387084432684,0.6048893249639855,2.3016223594016805,False,False,189.0,0.4
MODEL_B_FOUR_STATE,bimonthly,2014,2006-06-21,2013-12-31,175,0.14666029844048212,-0.4354148172680036,0.3368289103267029,0.6139312450462205,0.6684838246841797,1.709340403657677,False,False,252.0,0.25
MODEL_B_FOUR_STATE,bimonthly,2014,2006-06-21,2013-12-31,175,0.15115170190298732,-0.4354148172680036,0.34714413912549846,0.6262024224229009,0.6826865317467111,1.715549215150193,True,True,252.0,0.33
MODEL_B_FOUR_STATE,bimonthly,2014,2006-06-21,2013-12-31,175,0.15185856808977305,-0.4354148172680036,0.3487675707561006,0.6220802316180802,0.6738086265292578,1.5639468627115065,True,True,252.0,0.4
MODEL_B_FOUR_STATE,bimonthly,2014,2006-06-21,2013-12-31,200,0.1265811525174041,-0.45864079046204864,0.27599192036513454,0.5504321023083127,0.6011506373368432,2.3972605707149146,False,False,126.0,0.25
MODEL_B_FOUR_STATE,bimonthly,2014,2006-06-21,2013-12-31,200,0.130993907102255,-0.45864079046204864,0.28561329438292604,0.562766244451232,0.6153644635128366,2.4034693822074304,False,False,126.0,0.33
MODEL_B_FOUR_STATE,bimonthly,2014,2006-06-21,2013-12-31,200,0.12769089250783638,-0.45864079046204864,0.2784115481294124,0.5486375759378356,0.5955333427382188,2.299419039139538,False,False,126.0,0.4
MODEL_B_FOUR_STATE,bimonthly,2014,2006-06-21,2013-12-31,200,0.11949792669297676,-0.4354148172680036,0.27444616479237594,0.5279102308550303,0.5821511740143557,2.1888975982034222,False,False,189.0,0.25
MODEL_B_FOUR_STATE,bimonthly,2014,2006-06-21,2013-12-31,200,0.12388293668334183,-0.4354148172680036,0.28451704390916543,0.5402545357323275,0.5964879709882683,2.1951064096959376,False,False,189.0,0.33
MODEL_B_FOUR_STATE,bimonthly,2014,2006-06-21,2013-12-31,200,0.12063044506634069,-0.4354148172680036,0.2770471749749643,0.5267346909657291,0.5771287973754053,2.0379557847057868,False,False,189.0,0.4
MODEL_B_FOUR_STATE,bimonthly,2014,2006-06-21,2013-12-31,200,0.11624010887130254,-0.4354148172680036,0.2669640633744332,0.5191919810221223,0.5750742112688373,1.658766200701741,False,False,252.0,0.25
MODEL_B_FOUR_STATE,bimonthly,2014,2006-06-21,2013-12-31,200,0.12061235817372484,-0.4354148172680036,0.27700563552362145,0.5316152007417932,0.589541109373764,1.6649750121942573,False,False,252.0,0.33
MODEL_B_FOUR_STATE,bimonthly,2014,2006-06-21,2013-12-31,200,0.1173693315364277,-0.4354148172680036,0.26955750443418036,0.518138577684559,0.5700263534733155,1.5078243872041057,False,False,252.0,0.4
MODEL_B_FOUR_STATE,bimonthly,2014,2006-06-21,2013-12-31,225,0.10897930034347869,-0.4763559699490545,0.2287770222657939,0.5027879960777298,0.5370605798734903,2.3972605707149146,False,False,126.0,0.25
MODEL_B_FOUR_STATE,bimonthly,2014,2006-06-21,2013-12-31,225,0.11332310947002111,-0.4763559699490545,0.2378958523016744,0.5155482988395115,0.5514017935104901,2.4034693822074304,False,False,126.0,0.33
MODEL_B_FOUR_STATE,bimonthly,2014,2006-06-21,2013-12-31,225,0.11007170161026991,-0.4763559699490545,0.23107026793857943,0.5016870434750023,0.5325918446305167,2.299419039139538,False,False,126.0,0.4
MODEL_B_FOUR_STATE,bimonthly,2014,2006-06-21,2013-12-31,225,0.10973999608816665,-0.4465775188276002,0.24573560347656329,0.49982247912199324,0.5438325509534074,2.1888975982034222,False,False,189.0,0.25
MODEL_B_FOUR_STATE,bimonthly,2014,2006-06-21,2013-12-31,225,0.11408678481686874,-0.4465775188276002,0.25546916270299663,0.5123167375642118,0.55813752438094,2.195106409695938,False,False,189.0,0.33
MODEL_B_FOUR_STATE,bimonthly,2014,2006-06-21,2013-12-31,225,0.11086264304021554,-0.4465775188276002,0.24824949390928408,0.4991572289509225,0.5396561651399912,2.0379557847057868,False,False,189.0,0.4
MODEL_B_FOUR_STATE,bimonthly,2014,2006-06-21,2013-12-31,225,0.10651057453187973,-0.4465775188276002,0.23850411192104318,0.49092836283702523,0.5365458521846062,1.6587662007017412,False,False,252.0,0.25
MODEL_B_FOUR_STATE,bimonthly,2014,2006-06-21,2013-12-31,225,0.11084471379920302,-0.4465775188276002,0.248209345804517,0.5035041583948889,0.550983190909246,1.6649750121942575,False,False,252.0,0.33
MODEL_B_FOUR_STATE,bimonthly,2014,2006-06-21,2013-12-31,225,0.10762995450222146,-0.4465775188276002,0.24101068675553203,0.49039501401382796,0.5323658378832489,1.5078243872041057,False,False,252.0,0.4
MODEL_B_FOUR_STATE,bimonthly,2014,2006-06-21,2013-12-31,250,0.11273927263647043,-0.4763559699490545,0.23667022090334613,0.5122869485468423,0.5591178243364803,2.397194194811957,False,False,126.0,0.25
MODEL_B_FOUR_STATE,bimonthly,2014,2006-06-21,2013-12-31,250,0.11709780936158642,-0.4763559699490545,0.24581996815135926,0.5249088906721765,0.5736037791566335,2.4034030063044733,False,False,126.0,0.33
MODEL_B_FOUR_STATE,bimonthly,2014,2006-06-21,2013-12-31,250,0.11383537766806096,-0.4763559699490545,0.23897124178003998,0.5110994007215068,0.5542513985604819,2.2993526632365806,False,False,126.0,0.4
MODEL_B_FOUR_STATE,bimonthly,2014,2006-06-21,2013-12-31,250,0.11562278976451057,-0.4465775188276002,0.25890866622228326,0.5100044802026279,0.5688786965083406,1.923327610470016,False,False,189.0,0.25
MODEL_B_FOUR_STATE,bimonthly,2014,2006-06-21,2013-12-31,250,0.11999262106294584,-0.4465775188276002,0.26869382358960303,0.5220816435316119,0.5830754423594945,1.9295364219625324,False,False,189.0,0.33
MODEL_B_FOUR_STATE,bimonthly,2014,2006-06-21,2013-12-31,250,0.11672357627543639,-0.4465775188276002,0.2613736055990251,0.5094363697870296,0.5648472633953914,1.8221898887293333,False,False,189.0,0.4
MODEL_B_FOUR_STATE,bimonthly,2014,2006-06-21,2013-12-31,250,0.11237624886425435,-0.4465775188276002,0.25163884012629134,0.501390399255843,0.561641372606338,1.3931962129683353,False,False,252.0,0.25
MODEL_B_FOUR_STATE,bimonthly,2014,2006-06-21,2013-12-31,250,0.11673336364580988,-0.4465775188276002,0.2613955219964273,0.5135409995182443,0.5759610941517251,1.3994050244608514,False,False,252.0,0.33
MODEL_B_FOUR_STATE,bimonthly,2014,2006-06-21,2013-12-31,250,0.11347383200889638,-0.4465775188276002,0.25409660635582193,0.5009424375038979,0.5576073954014882,1.2920584912276525,False,False,252.0,0.4
MODEL_B_FOUR_STATE,bimonthly,2015,2006-06-21,2014-12-31,150,0.06328737609136081,-0.796723742948901,0.07943453003812369,0.35105332579851783,0.37536544449318077,2.261048041413008,False,False,126.0,0.25
MODEL_B_FOUR_STATE,bimonthly,2015,2006-06-21,2014-12-31,150,0.06696335545130094,-0.796723742948901,0.08404839951606127,0.36082850020029555,0.38622321634365503,2.266529335668038,False,False,126.0,0.33
MODEL_B_FOUR_STATE,bimonthly,2015,2006-06-21,2014-12-31,150,0.06421198697316854,-0.796723742948901,0.08059504632747824,0.3536353843292197,0.3775897719391383,2.1746710873737505,False,False,126.0,0.4
MODEL_B_FOUR_STATE,bimonthly,2015,2006-06-21,2014-12-31,150,0.11100756467763828,-0.6410822814637887,0.17315650094738816,0.49582395302967297,0.5614127294191257,2.5442646829991515,False,False,189.0,0.25
MODEL_B_FOUR_STATE,bimonthly,2015,2006-06-21,2014-12-31,150,0.11484852147664126,-0.6410822814637887,0.17914786416247014,0.5064950824564902,0.5740778484834355,2.549745977254181,False,False,189.0,0.33
MODEL_B_FOUR_STATE,bimonthly,2015,2006-06-21,2014-12-31,150,0.11199973878815905,-0.6410822814637887,0.17470415581043527,0.49564870889886403,0.5583471144716164,2.411009470441045,False,False,189.0,0.4
MODEL_B_FOUR_STATE,bimonthly,2015,2006-06-21,2014-12-31,150,0.12459864128568454,-0.6410822814637887,0.1943567072251434,0.5355373252300782,0.6110065041890278,1.8881281290940126,False,False,252.0,0.25
MODEL_B_FOUR_STATE,bimonthly,2015,2006-06-21,2014-12-31,150,0.128486584927769,-0.6410822814637887,0.20042136343933023,0.5461251439608734,0.6237064216215963,1.8936094233490426,False,False,252.0,0.33
MODEL_B_FOUR_STATE,bimonthly,2015,2006-06-21,2014-12-31,150,0.12909831533767546,-0.6410822814637887,0.20137557856521035,0.5443477952759627,0.6183876377825708,1.7597710704737974,False,False,252.0,0.4
MODEL_B_FOUR_STATE,bimonthly,2015,2006-06-21,2014-12-31,175,0.16844333413767876,-0.45864079046204864,0.36726636104037724,0.6739907718509599,0.7483497168814429,2.026596206335362,False,False,126.0,0.25
MODEL_B_FOUR_STATE,bimonthly,2015,2006-06-21,2014-12-31,175,0.17248285691969345,-0.45864079046204864,0.3760739570196733,0.6845681651315976,0.7608644533281034,2.0320775005903915,False,False,126.0,0.33
MODEL_B_FOUR_STATE,bimonthly,2015,2006-06-21,2014-12-31,175,0.1694593862848328,-0.45864079046204864,0.3694817159941537,0.6700928705224826,0.739674878493217,1.940219252296105,False,False,126.0,0.4
MODEL_B_FOUR_STATE,bimonthly,2015,2006-06-21,2014-12-31,175,0.15849754072730238,-0.4354148172680036,0.3640150367913296,0.6475710985331494,0.7173702286627167,2.309812847921505,True,False,189.0,0.25
MODEL_B_FOUR_STATE,bimonthly,2015,2006-06-21,2014-12-31,175,0.1625026790784314,-0.4354148172680036,0.37321347972962726,0.6582805113012167,0.7299855005830489,2.315294142176535,True,False,189.0,0.33
MODEL_B_FOUR_STATE,bimonthly,2015,2006-06-21,2014-12-31,175,0.1595321252823998,-0.4354148172680036,0.3663911262445753,0.6441344941127195,0.709310619985965,2.1765576353634,True,False,189.0,0.4
MODEL_B_FOUR_STATE,bimonthly,2015,2006-06-21,2014-12-31,175,0.17266956738746897,-0.4354148172680036,0.39656337023824473,0.6896024672094551,0.7703250251008118,1.6536762940163665,True,True,252.0,0.25
MODEL_B_FOUR_STATE,bimonthly,2015,2006-06-21,2014-12-31,175,0.17672370103249757,-0.4354148172680036,0.4058743387313845,0.7002134443913425,0.7829637319928046,1.659157588271397,True,True,252.0,0.33
MODEL_B_FOUR_STATE,bimonthly,2015,2006-06-21,2014-12-31,175,0.1773615798354835,-0.4354148172680036,0.40733932976450615,0.6953248241479292,0.7727231015204101,1.5253192353961516,True,True,252.0,0.4
MODEL_B_FOUR_STATE,bimonthly,2015,2006-06-21,2014-12-31,200,0.15452239302769333,-0.45864079046204864,0.3369137596157175,0.6327043646991769,0.7083244965366636,2.2609894431038158,False,False,126.0,0.25
MODEL_B_FOUR_STATE,bimonthly,2015,2006-06-21,2014-12-31,200,0.15851378856457932,-0.45864079046204864,0.3456164210882502,0.6433710183714021,0.7209796755161735,2.266470737358846,False,False,126.0,0.33
MODEL_B_FOUR_STATE,bimonthly,2015,2006-06-21,2014-12-31,200,0.1555263398363238,-0.45864079046204864,0.33910272062727315,0.6296021597419843,0.7006816254478838,2.1746124890645584,False,False,126.0,0.4
MODEL_B_FOUR_STATE,bimonthly,2015,2006-06-21,2014-12-31,200,0.14811168594332402,-0.4354148172680036,0.34016225463489297,0.6124114441497845,0.6913665504526059,2.0770413935350827,False,False,189.0,0.25
MODEL_B_FOUR_STATE,bimonthly,2015,2006-06-21,2014-12-31,200,0.15208091849073568,-0.4354148172680036,0.3492782341330563,0.6230890968954891,0.7041198117891534,2.082522687790113,True,False,189.0,0.33
MODEL_B_FOUR_STATE,bimonthly,2015,2006-06-21,2014-12-31,200,0.14913699551546,-0.4354148172680036,0.3425170426013872,0.6098248489880003,0.6842038429434402,1.9437861809769765,False,False,189.0,0.4
MODEL_B_FOUR_STATE,bimonthly,2015,2006-06-21,2014-12-31,200,0.14516158823722214,-0.4354148172680036,0.3333868818430064,0.6050812740204088,0.6858368508729922,1.6090281212623303,False,False,252.0,0.25
MODEL_B_FOUR_STATE,bimonthly,2015,2006-06-21,2014-12-31,200,0.14912062175611007,-0.4354148172680036,0.3424794376355005,0.6158174183165277,0.6986900396091604,1.6145094155173607,False,False,252.0,0.33
MODEL_B_FOUR_STATE,bimonthly,2015,2006-06-21,2014-12-31,200,0.14618426325432843,-0.4354148172680036,0.3357356191311011,0.6025703363288188,0.6785879646336631,1.475772908704225,False,False,252.0,0.4
MODEL_B_FOUR_STATE,bimonthly,2015,2006-06-21,2014-12-31,225,0.13858297047343315,-0.4763559699490545,0.2909231314729915,0.5926280447980948,0.6511564426151145,2.2609894431038158,False,False,126.0,0.25
MODEL_B_FOUR_STATE,bimonthly,2015,2006-06-21,2014-12-31,225,0.14251926050484998,-0.4763559699490545,0.2991864687244125,0.6036088226203495,0.6639174616285037,2.266470737358846,False,False,126.0,0.33
MODEL_B_FOUR_STATE,bimonthly,2015,2006-06-21,2014-12-31,225,0.1395730567172957,-0.4763559699490545,0.2930015902439993,0.5899590669645843,0.6443437841569785,2.174612489064559,False,False,126.0,0.4
MODEL_B_FOUR_STATE,bimonthly,2015,2006-06-21,2014-12-31,225,0.13927243102820652,-0.4465775188276002,0.3118661937883447,0.5880660377487525,0.6562995602206096,2.0770413935350827,False,False,189.0,0.25
MODEL_B_FOUR_STATE,bimonthly,2015,2006-06-21,2014-12-31,225,0.1432111046511393,-0.4465775188276002,0.32068588008440585,0.5988566708828885,0.6690347138270298,2.0825226877901124,False,False,189.0,0.33
MODEL_B_FOUR_STATE,bimonthly,2015,2006-06-21,2014-12-31,225,0.14028984679280976,-0.4465775188276002,0.3141444449803757,0.5858540106984116,0.6498234052670715,1.9437861809769765,False,False,189.0,0.4
MODEL_B_FOUR_STATE,bimonthly,2015,2006-06-21,2014-12-31,225,0.1363450459779969,-0.4465775188276002,0.30531103835218465,0.5806051147199227,0.6505999826681088,1.6090281212623303,False,False,252.0,0.25
MODEL_B_FOUR_STATE,bimonthly,2015,2006-06-21,2014-12-31,225,0.1402735990942212,-0.4465775188276002,0.3141080622743425,0.5914559548595157,0.6634367412149211,1.6145094155173607,False,False,252.0,0.33
MODEL_B_FOUR_STATE,bimonthly,2015,2006-06-21,2014-12-31,225,0.13735984747087926,-0.4465775188276002,0.3075834355287073,0.5784749503211313,0.6440529198568476,1.475772908704225,False,False,252.0,0.4
MODEL_B_FOUR_STATE,bimonthly,2015,2006-06-21,2014-12-31,250,0.14199030177963223,-0.4763559699490545,0.2980760413159467,0.6002362334241882,0.6717419814095449,2.2609308447946237,False,False,126.0,0.25
MODEL_B_FOUR_STATE,bimonthly,2015,2006-06-21,2014-12-31,250,0.14593837157993894,-0.4763559699490545,0.30636410748782433,0.6111164738991812,0.6846101689399532,2.2664121390496534,False,False,126.0,0.33
MODEL_B_FOUR_STATE,bimonthly,2015,2006-06-21,2014-12-31,250,0.1429833509624654,-0.4763559699490545,0.3001607200971098,0.5975433124948629,0.6645998695032264,2.1745538907553668,False,False,126.0,0.4
MODEL_B_FOUR_STATE,bimonthly,2015,2006-06-21,2014-12-31,250,0.14460246494486895,-0.4465775188276002,0.3238014876442812,0.5942808723643526,0.6770949622706692,1.842589558457437,False,False,189.0,0.25
MODEL_B_FOUR_STATE,bimonthly,2015,2006-06-21,2014-12-31,250,0.14855956547204818,-0.4465775188276002,0.33266243643894466,0.60476666808927,0.6897438946960264,1.8480708527124667,False,False,189.0,0.33
MODEL_B_FOUR_STATE,bimonthly,2015,2006-06-21,2014-12-31,250,0.14559945297458587,-0.4465775188276002,0.3260339959719156,0.5922849234334516,0.6709196706049626,1.753302645203222,False,False,189.0,0.4
MODEL_B_FOUR_STATE,bimonthly,2015,2006-06-21,2014-12-31,250,0.14166138425770747,-0.4465775188276002,0.31721566421348535,0.5870032777026201,0.6713811603934072,1.3745762861846846,False,False,252.0,0.25
MODEL_B_FOUR_STATE,bimonthly,2015,2006-06-21,2014-12-31,250,0.14560831692985032,-0.4465775188276002,0.32605384460936543,0.5975441445332219,0.6841254773532333,1.3800575804397148,False,False,252.0,0.33
MODEL_B_FOUR_STATE,bimonthly,2015,2006-06-21,2014-12-31,250,0.14265581050520781,-0.4465775188276002,0.3194424360628857,0.5850840779421451,0.6651440294638338,1.2852893729304702,False,False,252.0,0.4
MODEL_B_FOUR_STATE,bimonthly,2016,2006-06-21,2015-12-31,150,0.04718253182362209,-0.796723742948901,0.059220692543925105,0.3073690023197464,0.3338846628239713,2.3179148114535226,False,False,126.0,0.25
MODEL_B_FOUR_STATE,bimonthly,2016,2006-06-21,2015-12-31,150,0.048185476329641874,-0.796723742948901,0.0604795285142297,0.31041448565193125,0.3373083734940795,2.281158730922731,False,False,126.0,0.33
MODEL_B_FOUR_STATE,bimonthly,2016,2006-06-21,2015-12-31,150,0.0466022013567855,-0.796723742948901,0.058492296444307666,0.3067481171740821,0.3327684694684266,2.2002101256482125,False,False,126.0,0.4
MODEL_B_FOUR_STATE,bimonthly,2016,2006-06-21,2015-12-31,150,0.08915319865666294,-0.6410822814637887,0.13906670209805,0.4310280327911028,0.4936973680572832,2.5714262593100843,False,False,189.0,0.25
MODEL_B_FOUR_STATE,bimonthly,2016,2006-06-21,2015-12-31,150,0.09019634078672123,-0.6410822814637887,0.14069386004675585,0.43307537776091454,0.495528282850508,2.5346701787792933,False,False,189.0,0.33
MODEL_B_FOUR_STATE,bimonthly,2016,2006-06-21,2015-12-31,150,0.08857245003244119,-0.6410822814637887,0.13816081428768076,0.426797210843913,0.48609916189657626,2.4117601438248286,False,False,189.0,0.4
MODEL_B_FOUR_STATE,bimonthly,2016,2006-06-21,2015-12-31,150,0.1010718513910005,-0.6410822814637887,0.15765815763964383,0.46630938626750273,0.5377288792801271,1.9841086255702842,False,False,252.0,0.25
MODEL_B_FOUR_STATE,bimonthly,2016,2006-06-21,2015-12-31,150,0.10212640867258793,-0.6410822814637887,0.15930312165140773,0.4680457797766298,0.5391000194923541,1.9473525450394922,False,False,252.0,0.33
MODEL_B_FOUR_STATE,bimonthly,2016,2006-06-21,2015-12-31,150,0.10354318216283565,-0.6410822814637887,0.161513093025149,0.46987897768834047,0.5391334505154675,1.8288269208656394,False,False,252.0,0.4
MODEL_B_FOUR_STATE,bimonthly,2016,2006-06-21,2015-12-31,175,0.13941940010649811,-0.45864079046204864,0.3039838649459041,0.5865344314952712,0.6604755432611105,2.10805347057224,False,False,126.0,0.25
MODEL_B_FOUR_STATE,bimonthly,2016,2006-06-21,2015-12-31,175,0.1405106849519384,-0.45864079046204864,0.3063632539320885,0.5870585411383982,0.6602036737438269,2.0712973900414475,False,False,126.0,0.33
MODEL_B_FOUR_STATE,bimonthly,2016,2006-06-21,2015-12-31,175,0.13878795356084672,-0.45864079046204864,0.3026070869558452,0.5779017776828328,0.6465687412916832,1.9903487847669292,False,False,126.0,0.4
MODEL_B_FOUR_STATE,bimonthly,2016,2006-06-21,2015-12-31,175,0.13073402404317225,-0.4354148172680036,0.30025166544275805,0.5625569572638988,0.6322210947207909,2.3615649184288015,False,False,189.0,0.25
MODEL_B_FOUR_STATE,bimonthly,2016,2006-06-21,2015-12-31,175,0.13181699042460027,-0.4354148172680036,0.30273887152412904,0.5632779398430461,0.6321906311747684,2.3248088378980096,False,False,189.0,0.33
MODEL_B_FOUR_STATE,bimonthly,2016,2006-06-21,2015-12-31,175,0.13013110405943284,-0.4354148172680036,0.2988669629479684,0.5544539028138288,0.6190357679663167,2.201898802943545,False,False,189.0,0.4
MODEL_B_FOUR_STATE,bimonthly,2016,2006-06-21,2015-12-31,175,0.14310769763114228,-0.4354148172680036,0.32866979247299616,0.5996349107831773,0.6788464669252723,1.7742472846890007,False,False,252.0,0.25
MODEL_B_FOUR_STATE,bimonthly,2016,2006-06-21,2015-12-31,175,0.14420251496268355,-0.4354148172680036,0.33118421616305493,0.59999589416026,0.6782439401472103,1.7374912041582091,False,False,252.0,0.33
MODEL_B_FOUR_STATE,bimonthly,2016,2006-06-21,2015-12-31,175,0.14567337690548587,-0.4354148172680036,0.3345622866477279,0.5994402947062061,0.6746012050365933,1.6189655799843554,False,False,252.0,0.4
MODEL_B_FOUR_STATE,bimonthly,2016,2006-06-21,2015-12-31,200,0.1272604571852185,-0.45864079046204864,0.2774730460782009,0.5501159831264559,0.6239257469481345,2.3178623592313583,False,False,126.0,0.25
MODEL_B_FOUR_STATE,bimonthly,2016,2006-06-21,2015-12-31,200,0.12834009673995617,-0.45864079046204864,0.27982704418999116,0.5509901632156028,0.6240733631874946,2.281106278700567,False,False,126.0,0.33
MODEL_B_FOUR_STATE,bimonthly,2016,2006-06-21,2015-12-31,200,0.12663574891566243,-0.45864079046204864,0.2761109599259275,0.5424226106695489,0.6111828513056363,2.2001576734260477,False,False,126.0,0.4
MODEL_B_FOUR_STATE,bimonthly,2016,2006-06-21,2015-12-31,200,0.1216560025402218,-0.4354148172680036,0.27940253228759765,0.5324786522005744,0.6084037452670279,2.153207711413368,False,False,189.0,0.25
MODEL_B_FOUR_STATE,bimonthly,2016,2006-06-21,2015-12-31,200,0.1227302743994294,-0.4354148172680036,0.281869770003457,0.5335337268934685,0.6087436284431125,2.1164516308825765,False,False,189.0,0.33
MODEL_B_FOUR_STATE,bimonthly,2016,2006-06-21,2015-12-31,200,0.12105792305872298,-0.4354148172680036,0.2780289467829714,0.525368654577553,0.5962059218179312,1.993541595928112,False,False,189.0,0.4
MODEL_B_FOUR_STATE,bimonthly,2016,2006-06-21,2015-12-31,200,0.11907582655949245,-0.4354148172680036,0.27347674410032696,0.5256512372415915,0.6027183937695962,1.7342820381002586,False,False,252.0,0.25
MODEL_B_FOUR_STATE,bimonthly,2016,2006-06-21,2015-12-31,200,0.12014762724176031,-0.4354148172680036,0.275938306361788,0.5267550860157783,0.603061535301998,1.697525957569467,False,False,252.0,0.33
MODEL_B_FOUR_STATE,bimonthly,2016,2006-06-21,2015-12-31,200,0.11847912285658291,-0.4354148172680036,0.27210631829200577,0.5186338429901413,0.5904502788508261,1.5746159226150018,False,False,252.0,0.4
MODEL_B_FOUR_STATE,bimonthly,2016,2006-06-21,2015-12-31,225,0.11331960768450244,-0.4763559699490545,0.23788850110689658,0.5128866765285479,0.572283115803466,2.3178623592313583,False,False,126.0,0.25
MODEL_B_FOUR_STATE,bimonthly,2016,2006-06-21,2015-12-31,225,0.1143858953182606,-0.4763559699490545,0.24012692720213832,0.5140349380443839,0.5727998337313017,2.2811062787005665,False,False,126.0,0.33
MODEL_B_FOUR_STATE,bimonthly,2016,2006-06-21,2015-12-31,225,0.11270262519288199,-0.4763559699490545,0.2365932880088295,0.505725527383946,0.5605860452809913,2.2001576734260477,False,False,126.0,0.4
MODEL_B_FOUR_STATE,bimonthly,2016,2006-06-21,2015-12-31,225,0.11392304146269705,-0.4465775188276002,0.2551024999238187,0.510486015322918,0.5774603508053131,2.1532077114133683,False,False,189.0,0.25
MODEL_B_FOUR_STATE,bimonthly,2016,2006-06-21,2015-12-31,225,0.11498990703828893,-0.4465775188276002,0.2574914817480555,0.5117280496683361,0.578072135563424,2.116451630882577,False,False,189.0,0.33
MODEL_B_FOUR_STATE,bimonthly,2016,2006-06-21,2015-12-31,225,0.11332908528222951,-0.4465775188276002,0.25377248182969964,0.5038233270439021,0.566094544955722,1.993541595928112,False,False,189.0,0.4
MODEL_B_FOUR_STATE,bimonthly,2016,2006-06-21,2015-12-31,225,0.11136065382383653,-0.4465775188276002,0.24936466599615587,0.5035519475163517,0.5716382907945604,1.7342820381002586,False,False,252.0,0.25
MODEL_B_FOUR_STATE,bimonthly,2016,2006-06-21,2015-12-31,225,0.11242506525936569,-0.4465775188276002,0.25174815238016274,0.5048455314990228,0.5722591248774755,1.697525957569467,False,False,252.0,0.33
MODEL_B_FOUR_STATE,bimonthly,2016,2006-06-21,2015-12-31,225,0.11076806393701588,-0.4465775188276002,0.2480377073790352,0.49698854311718993,0.5602181154036948,1.5746159226150018,False,False,252.0,0.4
MODEL_B_FOUR_STATE,bimonthly,2016,2006-06-21,2015-12-31,250,0.11630141967036511,-0.4763559699490545,0.24414813082494455,0.5202747526771958,0.589907068850626,2.317809907009193,False,False,126.0,0.25
MODEL_B_FOUR_STATE,bimonthly,2016,2006-06-21,2015-12-31,250,0.11737056315003214,-0.4763559699490545,0.24639255211304423,0.521380964267028,0.5903243576310845,2.2810538264784013,False,False,126.0,0.33
MODEL_B_FOUR_STATE,bimonthly,2016,2006-06-21,2015-12-31,250,0.11568278471005922,-0.4763559699490545,0.24284944874823614,0.5130764407144286,0.5777955146093428,2.200105221203883,False,False,126.0,0.4
MODEL_B_FOUR_STATE,bimonthly,2016,2006-06-21,2015-12-31,250,0.1185867349008034,-0.4465775188276002,0.265545688936893,0.5182945228555682,0.5970004918466462,1.9433463705320853,False,False,189.0,0.25
MODEL_B_FOUR_STATE,bimonthly,2016,2006-06-21,2015-12-31,250,0.1196580671529961,-0.4465775188276002,0.26794467277962036,0.5195620208435935,0.5977125743452069,1.9065902900012932,False,False,189.0,0.33
MODEL_B_FOUR_STATE,bimonthly,2016,2006-06-21,2015-12-31,250,0.11796828994682196,-0.4465775188276002,0.26416083428589077,0.5118986244406027,0.585890024418372,1.8230369367513168,False,False,189.0,0.4
MODEL_B_FOUR_STATE,bimonthly,2016,2006-06-21,2015-12-31,250,0.11601361924037179,-0.4465775188276002,0.2597838322559145,0.5115299304053776,0.5912091971467287,1.524420697218975,False,False,252.0,0.25
MODEL_B_FOUR_STATE,bimonthly,2016,2006-06-21,2015-12-31,250,0.1170824870776832,-0.4465775188276002,0.26217729765049486,0.5128454352631759,0.5919305670513613,1.4876646166881833,False,False,252.0,0.33
MODEL_B_FOUR_STATE,bimonthly,2016,2006-06-21,2015-12-31,250,0.11539659691223303,-0.4465775188276002,0.258402163223943,0.505226693938417,0.5800486476568916,1.404111263438207,False,False,252.0,0.4
MODEL_B_FOUR_STATE,bimonthly,2017,2006-06-21,2016-12-31,150,0.03711494942553317,-0.796723742948901,0.04658446513487874,0.2783799075575866,0.2997524921016484,2.477808421039466,False,False,126.0,0.25
MODEL_B_FOUR_STATE,bimonthly,2017,2006-06-21,2016-12-31,150,0.037548573330211665,-0.796723742948901,0.047128723930372304,0.2800537724389469,0.3015932083561172,2.481175705167212,False,False,126.0,0.33
MODEL_B_FOUR_STATE,bimonthly,2017,2006-06-21,2016-12-31,150,0.03613003622951516,-0.796723742948901,0.04534826098665973,0.2769206385228574,0.29774299388812137,2.407911427831627,False,False,126.0,0.4
MODEL_B_FOUR_STATE,bimonthly,2017,2006-06-21,2016-12-31,150,0.0825876176308955,-0.6410822814637887,0.12882530061870137,0.412726494969799,0.4679833544967361,2.55537116464416,False,False,189.0,0.25
MODEL_B_FOUR_STATE,bimonthly,2017,2006-06-21,2016-12-31,150,0.08304025392755032,-0.6410822814637887,0.12953135085553105,0.4132422117389453,0.46801779720271713,2.558738448771906,False,False,189.0,0.33
MODEL_B_FOUR_STATE,bimonthly,2017,2006-06-21,2016-12-31,150,0.0815800607743804,-0.6410822814637887,0.1272536507920761,0.40768107124093417,0.45979743723733896,2.447496076433405,False,False,189.0,0.4
MODEL_B_FOUR_STATE,bimonthly,2017,2006-06-21,2016-12-31,150,0.09330427668064112,-0.6410822814637887,0.14554181168070762,0.4449919451553201,0.5076916243133662,2.0238067002970843,False,False,252.0,0.25
MODEL_B_FOUR_STATE,bimonthly,2017,2006-06-21,2016-12-31,150,0.09376139367593539,-0.6410822814637887,0.14625485118984913,0.4452358731964878,0.5073133942864467,2.02717398442483,False,False,252.0,0.33
MODEL_B_FOUR_STATE,bimonthly,2017,2006-06-21,2016-12-31,150,0.09503386503576339,-0.6410822814637887,0.1482397311290085,0.44715597333722873,0.5077473625666433,1.919899817422227,False,False,252.0,0.4
MODEL_B_FOUR_STATE,bimonthly,2017,2006-06-21,2016-12-31,175,0.11945830098643384,-0.45864079046204864,0.2604615713881182,0.5298223736161889,0.589311702454724,2.287868897953155,False,False,126.0,0.25
MODEL_B_FOUR_STATE,bimonthly,2017,2006-06-21,2016-12-31,175,0.11992635313423805,-0.4607925862615395,0.2602610300378607,0.529192453417376,0.587802085398989,2.291236182080901,False,False,126.0,0.33
MODEL_B_FOUR_STATE,bimonthly,2017,2006-06-21,2016-12-31,175,0.11839518907811164,-0.4607925862615392,0.25693813791290526,0.5215355830420275,0.5766750496484618,2.2179719047453155,False,False,126.0,0.4
MODEL_B_FOUR_STATE,bimonthly,2017,2006-06-21,2016-12-31,175,0.1199275203690513,-0.44127729895908807,0.2717736005272505,0.5321394055616447,0.592842540897212,2.3654316415578487,False,False,189.0,0.25
MODEL_B_FOUR_STATE,bimonthly,2017,2006-06-21,2016-12-31,175,0.12039576870025925,-0.4607925862615393,0.26127974340265175,0.5314684965502962,0.5912441229495712,2.368798925685595,False,False,189.0,0.33
MODEL_B_FOUR_STATE,bimonthly,2017,2006-06-21,2016-12-31,175,0.11888521152164633,-0.4607925862615394,0.2580015717834678,0.5237866419761916,0.5799724692444218,2.2575565533470936,False,False,189.0,0.4
MODEL_B_FOUR_STATE,bimonthly,2017,2006-06-21,2016-12-31,175,0.1310138114006143,-0.44127729895908796,0.2968967851046445,0.5659137404759006,0.634673338128814,1.833867177210773,False,False,252.0,0.25
MODEL_B_FOUR_STATE,bimonthly,2017,2006-06-21,2016-12-31,175,0.13148669497578247,-0.4607925862615395,0.28534898107312956,0.5649317772306667,0.6325727173670972,1.837234461338519,False,False,252.0,0.33
MODEL_B_FOUR_STATE,bimonthly,2017,2006-06-21,2016-12-31,175,0.13280305558396255,-0.4607925862615394,0.28820571238224174,0.5648711946731664,0.6300137241259507,1.7299602943359156,False,False,252.0,0.4
MODEL_B_FOUR_STATE,bimonthly,2017,2006-06-21,2016-12-31,200,0.10864087814397583,-0.45864079046204864,0.23687574329035957,0.49663046445840914,0.5560524493836914,2.4777609480269476,False,False,126.0,0.25
MODEL_B_FOUR_STATE,bimonthly,2017,2006-06-21,2016-12-31,200,0.10910440746320238,-0.4607925862615393,0.23677552702915292,0.49630438123984316,0.5549014152254745,2.4811282321546937,False,False,126.0,0.33
MODEL_B_FOUR_STATE,bimonthly,2017,2006-06-21,2016-12-31,200,0.1075880391784072,-0.4607925862615394,0.23348474429955723,0.48914234118409816,0.544393863888243,2.407863954819108,False,False,126.0,0.4
MODEL_B_FOUR_STATE,bimonthly,2017,2006-06-21,2016-12-31,200,0.11178667487322058,-0.44127729895908807,0.2533252336725905,0.5049708479708127,0.5711732928546205,2.1768534671979767,False,False,189.0,0.25
MODEL_B_FOUR_STATE,bimonthly,2017,2006-06-21,2016-12-31,200,0.11225151946869683,-0.4607925862615394,0.24360530706321834,0.5045982849726849,0.5698866053458455,2.180220751325723,False,False,189.0,0.33
MODEL_B_FOUR_STATE,bimonthly,2017,2006-06-21,2016-12-31,200,0.11075194265477695,-0.4607925862615394,0.24035096474385484,0.4974599903613067,0.5591240358982422,2.0689783789872216,False,False,189.0,0.4
MODEL_B_FOUR_STATE,bimonthly,2017,2006-06-21,2016-12-31,200,0.10947172568721397,-0.44127729895908807,0.24807921446546782,0.4986586721062481,0.5658215564709766,1.7976957706753185,False,False,252.0,0.25
MODEL_B_FOUR_STATE,bimonthly,2017,2006-06-21,2016-12-31,200,0.1099356023887208,-0.46079258626153907,0.23857936448292372,0.49832488051947843,0.5645323372360894,1.8010630548030642,False,False,252.0,0.33
MODEL_B_FOUR_STATE,bimonthly,2017,2006-06-21,2016-12-31,200,0.10843914797607024,-0.4607925862615394,0.2353317983170018,0.49122685153527523,0.5537213410400348,1.6898206824645627,False,False,252.0,0.4
MODEL_B_FOUR_STATE,bimonthly,2017,2006-06-21,2016-12-31,225,0.09622450478047195,-0.4763559699490545,0.2020012571496963,0.46175744901732785,0.5092209255731681,2.4777609480269476,False,False,126.0,0.25
MODEL_B_FOUR_STATE,bimonthly,2017,2006-06-21,2016-12-31,225,0.09668284274043515,-0.4763559699490545,0.20296343247419618,0.46166309073177436,0.5084043998235858,2.4811282321546937,False,False,126.0,0.33
MODEL_B_FOUR_STATE,bimonthly,2017,2006-06-21,2016-12-31,225,0.09518345722720456,-0.4763559699490545,0.19981581680898064,0.4547553542619358,0.49849111422815995,2.407863954819108,False,False,126.0,0.4
MODEL_B_FOUR_STATE,bimonthly,2017,2006-06-21,2016-12-31,225,0.10484709860172159,-0.4465775188276002,0.23477916863566406,0.4847995396218498,0.5433147913750599,2.1768534671979767,False,False,189.0,0.25
MODEL_B_FOUR_STATE,bimonthly,2017,2006-06-21,2016-12-31,225,0.10530904171924593,-0.4607925862615395,0.22853892371322565,0.48458416638897384,0.5422728199218061,2.180220751325723,False,False,189.0,0.33
MODEL_B_FOUR_STATE,bimonthly,2017,2006-06-21,2016-12-31,225,0.10381882499922757,-0.4607925862615395,0.22530489442445464,0.4776693886468333,0.5319753062692479,2.0689783789872216,False,False,189.0,0.4
MODEL_B_FOUR_STATE,bimonthly,2017,2006-06-21,2016-12-31,225,0.10254659892010687,-0.4465775188276002,0.22962776807332894,0.4783966908259644,0.537849976933438,1.7976957706753185,False,False,252.0,0.25
MODEL_B_FOUR_STATE,bimonthly,2017,2006-06-21,2016-12-31,225,0.10300758018508493,-0.4607925862615392,0.22354435217978816,0.4782222661093634,0.5368100759390739,1.8010630548030642,False,False,252.0,0.33
MODEL_B_FOUR_STATE,bimonthly,2017,2006-06-21,2016-12-31,225,0.10152046637685808,-0.4607925862615393,0.22031705674890462,0.4713508611537007,0.5264719276576479,1.6898206824645627,False,False,252.0,0.4
MODEL_B_FOUR_STATE,bimonthly,2017,2006-06-21,2016-12-31,250,0.09888148086438742,-0.4763559699490545,0.20757896846545795,0.4688290222112119,0.5246791174157321,2.4777134750144287,False,False,126.0,0.25
MODEL_B_FOUR_STATE,bimonthly,2017,2006-06-21,2016-12-31,250,0.09934092972179265,-0.4763559699490545,0.20854347586410432,0.468700454263307,0.523763830780773,2.4810807591421753,False,False,126.0,0.33
MODEL_B_FOUR_STATE,bimonthly,2017,2006-06-21,2016-12-31,250,0.09783791007026998,-0.4763559699490545,0.20538823115984794,0.4617829091692075,0.51359497613987,2.4078164818065897,False,False,126.0,0.4
MODEL_B_FOUR_STATE,bimonthly,2017,2006-06-21,2016-12-31,250,0.10903285265948526,-0.4465775188276002,0.24415213050967985,0.4924770721081626,0.5612112428739596,1.9869139441116659,False,False,189.0,0.25
MODEL_B_FOUR_STATE,bimonthly,2017,2006-06-21,2016-12-31,250,0.10949654586557922,-0.4607925862615394,0.23762653551771884,0.49230950518378314,0.5602544439297472,1.9902812282394118,False,False,189.0,0.33
MODEL_B_FOUR_STATE,bimonthly,2017,2006-06-21,2016-12-31,250,0.10798094789893775,-0.4607925862615393,0.23433742451240155,0.48557212576670455,0.5500522106516657,1.914659467690668,False,False,189.0,0.4
MODEL_B_FOUR_STATE,bimonthly,2017,2006-06-21,2016-12-31,250,0.10672363744982172,-0.4465775188276002,0.2389812136759666,0.48622265632556416,0.5557825363617106,1.607756247589007,False,False,252.0,0.25
MODEL_B_FOUR_STATE,bimonthly,2017,2006-06-21,2016-12-31,250,0.10718636515935565,-0.4607925862615394,0.2326130418654743,0.48609338125612855,0.5548279980356167,1.611123531716753,False,False,252.0,0.33
MODEL_B_FOUR_STATE,bimonthly,2017,2006-06-21,2016-12-31,250,0.1056739229530399,-0.4607925862615393,0.2293307794085491,0.4793965782274507,0.5445871035040469,1.5355017711680097,False,False,252.0,0.4
MODEL_B_FOUR_STATE,bimonthly,2018,2006-06-21,2017-12-31,150,0.08577850854959368,-0.796723742948901,0.10766405458446994,0.4142436887139114,0.4456122263744577,2.3372037288184413,False,False,126.0,0.25
MODEL_B_FOUR_STATE,bimonthly,2018,2006-06-21,2017-12-31,150,0.0861932115049957,-0.796723742948901,0.10818456493585861,0.414895290960691,0.44628753401404203,2.340279805670706,False,False,126.0,0.33
MODEL_B_FOUR_STATE,bimonthly,2018,2006-06-21,2017-12-31,150,0.08559067309172264,-0.796723742948901,0.10742829474985549,0.4124886457155288,0.4432114750799433,2.274459531038886,False,False,126.0,0.4
MODEL_B_FOUR_STATE,bimonthly,2018,2006-06-21,2017-12-31,150,0.12918661576913104,-0.6410822814637887,0.2015133150680099,0.5554879530546242,0.6276161468909941,2.408058741686118,False,False,189.0,0.25
MODEL_B_FOUR_STATE,bimonthly,2018,2006-06-21,2017-12-31,150,0.12961789804546298,-0.6410822814637887,0.2021860559763176,0.5547708653317507,0.6260072478892597,2.4111348185383825,False,False,189.0,0.33
MODEL_B_FOUR_STATE,bimonthly,2018,2006-06-21,2017-12-31,150,0.12901085760882713,-0.6410822814637887,0.2012391565623301,0.5497669464133065,0.6182849377404381,2.310620845810527,False,False,189.0,0.4
MODEL_B_FOUR_STATE,bimonthly,2018,2006-06-21,2017-12-31,150,0.1393935243465132,-0.6410822814637887,0.21743468565101312,0.5858358552797865,0.6657046988096643,1.9224646895562745,False,False,252.0,0.25
MODEL_B_FOUR_STATE,bimonthly,2018,2006-06-21,2017-12-31,150,0.13982870505619927,-0.6410822814637887,0.21811350757804004,0.5848714114935561,0.6636908817035533,1.9255407664085398,False,False,252.0,0.33
MODEL_B_FOUR_STATE,bimonthly,2018,2006-06-21,2017-12-31,150,0.1418332587053992,-0.6410822814637887,0.2212403349871878,0.5867505960800544,0.6640442149333697,1.8286518232640836,False,False,252.0,0.4
MODEL_B_FOUR_STATE,bimonthly,2018,2006-06-21,2017-12-31,175,0.16426737493056764,-0.45864079046204864,0.35816128514229995,0.6698577993017653,0.7439802354239362,2.1636904320099672,False,False,126.0,0.25
MODEL_B_FOUR_STATE,bimonthly,2018,2006-06-21,2017-12-31,175,0.164712055975053,-0.4607925862615395,0.35745378915789394,0.6679977221746407,0.7408247758922124,2.166766508862232,False,False,126.0,0.33
MODEL_B_FOUR_STATE,bimonthly,2018,2006-06-21,2017-12-31,175,0.1640659612041655,-0.4607925862615392,0.35605165121090737,0.6609103359775766,0.7302785758154379,2.1009462342304124,False,False,126.0,0.4
MODEL_B_FOUR_STATE,bimonthly,2018,2006-06-21,2017-12-31,175,0.16471316490659782,-0.44127729895908807,0.37326453297084017,0.6725666680366569,0.748006860330431,2.2345454448776434,True,False,189.0,0.25
MODEL_B_FOUR_STATE,bimonthly,2018,2006-06-21,2017-12-31,175,0.16515801621639925,-0.4607925862615393,0.35842160039150006,0.6706563811088226,0.7447441506108498,2.2376215217299085,False,False,189.0,0.33
MODEL_B_FOUR_STATE,bimonthly,2018,2006-06-21,2017-12-31,175,0.16453187703062855,-0.4607925862615394,0.35706276953258653,0.6635323310061828,0.7340412164660101,2.137107549002053,False,False,189.0,0.4
MODEL_B_FOUR_STATE,bimonthly,2018,2006-06-21,2017-12-31,175,0.17524120396325804,-0.44127729895908796,0.3971226355324141,0.7042858439227642,0.7881132042198181,1.7489513927478009,True,True,252.0,0.25
MODEL_B_FOUR_STATE,bimonthly,2018,2006-06-21,2017-12-31,175,0.17569007635919864,-0.4607925862615395,0.38127800142053364,0.7020937876284521,0.7843624612041715,1.7520274696000662,False,False,252.0,0.33
MODEL_B_FOUR_STATE,bimonthly,2018,2006-06-21,2017-12-31,175,0.1777576974170294,-0.4607925862615394,0.3857650984778141,0.7019661526886505,0.7817908498357992,1.65513852645561,False,False,252.0,0.4
MODEL_B_FOUR_STATE,bimonthly,2018,2006-06-21,2017-12-31,200,0.15398559991713112,-0.45864079046204864,0.3357433597696388,0.6386039224266393,0.7136653175583397,2.3371603613361094,False,False,126.0,0.25
MODEL_B_FOUR_STATE,bimonthly,2018,2006-06-21,2017-12-31,200,0.15442635393372717,-0.4607925862615393,0.3351320280271978,0.6370211015058725,0.7108268862912798,2.340236438188375,False,False,126.0,0.33
MODEL_B_FOUR_STATE,bimonthly,2018,2006-06-21,2017-12-31,200,0.15378596489780594,-0.4607925862615394,0.33374227251677,0.6304033464891895,0.7008326363154005,2.2744161635565545,False,False,126.0,0.4
MODEL_B_FOUR_STATE,bimonthly,2018,2006-06-21,2017-12-31,200,0.1569765167807773,-0.44127729895908807,0.35573213748149546,0.6455664894577957,0.7280066195301198,2.0622757655206208,True,False,189.0,0.25
MODEL_B_FOUR_STATE,bimonthly,2018,2006-06-21,2017-12-31,200,0.15741841315012128,-0.4607925862615394,0.34162531656004724,0.6439627349943392,0.7250421874516004,2.0653518423728863,False,False,189.0,0.33
MODEL_B_FOUR_STATE,bimonthly,2018,2006-06-21,2017-12-31,200,0.15679643311589464,-0.4607925862615394,0.3402755117828636,0.6373876476829495,0.714835168053716,1.9648378696450306,False,False,189.0,0.4
MODEL_B_FOUR_STATE,bimonthly,2018,2006-06-21,2017-12-31,200,0.15477561282978014,-0.44127729895908807,0.3507445617412777,0.6401822695663261,0.7240914926669733,1.7159081382624544,True,False,252.0,0.25
MODEL_B_FOUR_STATE,bimonthly,2018,2006-06-21,2017-12-31,200,0.1552166685844263,-0.46079258626153907,0.3368471481794362,0.6386004339893974,0.7210909702126407,1.7189842151147194,False,False,252.0,0.33
MODEL_B_FOUR_STATE,bimonthly,2018,2006-06-21,2017-12-31,200,0.1545958717361111,-0.4607925862615394,0.33549991112132316,0.632050596189037,0.7107996214763261,1.6184702423868642,False,False,252.0,0.4
MODEL_B_FOUR_STATE,bimonthly,2018,2006-06-21,2017-12-31,225,0.14217334501768408,-0.4763559699490545,0.2984602985722826,0.608758528393904,0.6708649303687582,2.3371603613361094,False,False,126.0,0.25
MODEL_B_FOUR_STATE,bimonthly,2018,2006-06-21,2017-12-31,225,0.1426095874538995,-0.4763559699490545,0.2993760894172301,0.6073133232908162,0.6682706802083788,2.3402364381883745,False,False,126.0,0.33
MODEL_B_FOUR_STATE,bimonthly,2018,2006-06-21,2017-12-31,225,0.14197575347250235,-0.4763559699490545,0.2980455004850394,0.6008645816445555,0.6587132495653548,2.2744161635565545,False,False,126.0,0.4
MODEL_B_FOUR_STATE,bimonthly,2018,2006-06-21,2017-12-31,225,0.15037762634493324,-0.4465775188276002,0.33673353450419885,0.6273652327787207,0.7013534831616248,2.0622757655206208,True,False,189.0,0.25
MODEL_B_FOUR_STATE,bimonthly,2018,2006-06-21,2017-12-31,225,0.15081700232973794,-0.4607925862615395,0.3272991077250889,0.6258858331068485,0.6986094778903332,2.065351842372886,False,False,189.0,0.33
MODEL_B_FOUR_STATE,bimonthly,2018,2006-06-21,2017-12-31,225,0.15019856979888724,-0.4607925862615395,0.32595700164680297,0.6195045087432153,0.6888047851115037,1.9648378696450306,False,False,189.0,0.4
MODEL_B_FOUR_STATE,bimonthly,2018,2006-06-21,2017-12-31,225,0.14818927539204974,-0.4465775188276002,0.3318332633068744,0.6219069210569926,0.6973396697352058,1.7159081382624546,False,False,252.0,0.25
MODEL_B_FOUR_STATE,bimonthly,2018,2006-06-21,2017-12-31,225,0.14862781555665672,-0.4607925862615392,0.32254819193705025,0.6204510201674053,0.6945632711718344,1.7189842151147192,False,False,252.0,0.33
MODEL_B_FOUR_STATE,bimonthly,2018,2006-06-21,2017-12-31,225,0.1480105594633403,-0.4607925862615393,0.32120863893268375,0.6140973936449255,0.684680481187955,1.6184702423868642,False,False,252.0,0.4
MODEL_B_FOUR_STATE,bimonthly,2018,2006-06-21,2017-12-31,250,0.1447020146900606,-0.4763559699490545,0.3037686600328243,0.6143201999027388,0.6861790453764183,2.337116993853778,False,False,126.0,0.25
MODEL_B_FOUR_STATE,bimonthly,2018,2006-06-21,2017-12-31,250,0.14513922292802883,-0.4763559699490545,0.3046864783568289,0.6128711634225278,0.6834964142153737,2.3401930707060425,False,False,126.0,0.33
MODEL_B_FOUR_STATE,bimonthly,2018,2006-06-21,2017-12-31,250,0.1445039856948631,-0.4763559699490545,0.30335294361970017,0.6064408669379787,0.6737327616607054,2.274372796074223,False,False,126.0,0.4
MODEL_B_FOUR_STATE,bimonthly,2018,2006-06-21,2017-12-31,250,0.15435831598272975,-0.4465775188276002,0.34564730528300347,0.6307851635427195,0.7157786258324753,1.8887624687121471,True,False,189.0,0.25
MODEL_B_FOUR_STATE,bimonthly,2018,2006-06-21,2017-12-31,250,0.15479921235474436,-0.4607925862615394,0.3359411956052663,0.6294396030232584,0.7132165816632217,1.8918385455644118,False,False,189.0,0.33
MODEL_B_FOUR_STATE,bimonthly,2018,2006-06-21,2017-12-31,250,0.15415985969333001,-0.4607925862615393,0.3345536892076451,0.6233147278871242,0.7036601712184782,1.823864666049106,False,False,189.0,0.4
MODEL_B_FOUR_STATE,bimonthly,2018,2006-06-21,2017-12-31,250,0.15216239260687603,-0.4465775188276002,0.3407300775156526,0.625421678612949,0.7117411984283024,1.5423948414539808,True,False,252.0,0.25
MODEL_B_FOUR_STATE,bimonthly,2018,2006-06-21,2017-12-31,250,0.1526024502664769,-0.4607925862615394,0.3311738400666496,0.6240988654253546,0.7091504201813261,1.5454709183062456,False,False,252.0,0.33
MODEL_B_FOUR_STATE,bimonthly,2018,2006-06-21,2017-12-31,250,0.15196431383873565,-0.4607925862615393,0.3297889731074859,0.6180010304402169,0.699522469144335,1.4774970387909396,False,False,252.0,0.4
MODEL_B_FOUR_STATE,bimonthly,2019,2006-06-21,2018-12-31,150,0.08852621515492154,-0.796723742948901,0.11111281160927984,0.4209403521795524,0.453806388388984,2.295163557058789,False,False,126.0,0.25
MODEL_B_FOUR_STATE,bimonthly,2019,2006-06-21,2018-12-31,150,0.09035577410574613,-0.796723742948901,0.11340916460116242,0.42536041457873336,0.4588756065764311,2.3001013576775726,False,False,126.0,0.33
MODEL_B_FOUR_STATE,bimonthly,2019,2006-06-21,2018-12-31,150,0.08979942364048243,-0.796723742948901,0.11271086676557328,0.42313058149398525,0.45608256074259057,2.239559938113471,False,False,126.0,0.4
MODEL_B_FOUR_STATE,bimonthly,2019,2006-06-21,2018-12-31,150,0.12849072020439345,-0.6410822814637887,0.20042781390090753,0.5473441215415896,0.614834152737503,2.3603359235710375,False,False,189.0,0.25
MODEL_B_FOUR_STATE,bimonthly,2019,2006-06-21,2018-12-31,150,0.1303874501768345,-0.6410822814637887,0.20338645123543225,0.5508958755274954,0.6187244800363606,2.3652737241898216,False,False,189.0,0.33
MODEL_B_FOUR_STATE,bimonthly,2019,2006-06-21,2018-12-31,150,0.12982870259778068,-0.6410822814637887,0.2025148820231651,0.5466185637400136,0.6123874365871165,2.272821077508978,False,False,189.0,0.4
MODEL_B_FOUR_STATE,bimonthly,2019,2006-06-21,2018-12-31,150,0.1378698482650127,-0.6410822814637887,0.215057960969087,0.5745078889477032,0.6484978679763252,1.9136870237863988,False,False,252.0,0.25
MODEL_B_FOUR_STATE,bimonthly,2019,2006-06-21,2018-12-31,150,0.13978234236647125,-0.6410822814637887,0.21804118817214077,0.5778438062067957,0.6521078377630828,1.9186248244051827,False,False,252.0,0.33
MODEL_B_FOUR_STATE,bimonthly,2019,2006-06-21,2018-12-31,150,0.14162592377305505,-0.6410822814637887,0.22091692106928829,0.5798056732546046,0.6530973660142065,1.8295064761326705,False,False,252.0,0.4
MODEL_B_FOUR_STATE,bimonthly,2019,2006-06-21,2018-12-31,175,0.16069834806669725,-0.45864079046204864,0.3503795375566243,0.6486633612942642,0.7167856847081256,2.13556620866131,False,False,126.0,0.25
MODEL_B_FOUR_STATE,bimonthly,2019,2006-06-21,2018-12-31,175,0.16264921155748646,-0.4607925862615395,0.3529770582401884,0.6513406552418738,0.7195572023583918,2.140504009280093,False,False,126.0,0.33
MODEL_B_FOUR_STATE,bimonthly,2019,2006-06-21,2018-12-31,175,0.16205597360236235,-0.4607925862615392,0.35168962877015936,0.645461548713013,0.7111428920788088,2.0799625897159912,False,False,126.0,0.4
MODEL_B_FOUR_STATE,bimonthly,2019,2006-06-21,2018-12-31,175,0.16110712198676058,-0.44127729895908807,0.36509270331102445,0.6509450640723148,0.7200280762570891,2.200738575173558,True,False,189.0,0.25
MODEL_B_FOUR_STATE,bimonthly,2019,2006-06-21,2018-12-31,175,0.1630586725312686,-0.4607925862615393,0.3538656597194444,0.653594408180905,0.7227487579758154,2.2056763757923417,False,False,189.0,0.33
MODEL_B_FOUR_STATE,bimonthly,2019,2006-06-21,2018-12-31,175,0.1624837756519084,-0.4607925862615394,0.3526180335715838,0.6476982101774815,0.7142400367069756,2.1132237291114975,False,False,189.0,0.4
MODEL_B_FOUR_STATE,bimonthly,2019,2006-06-21,2018-12-31,175,0.17075733194793652,-0.44127729895908796,0.3869615145640381,0.6791686314429117,0.7551372355211882,1.7540896753889195,True,True,252.0,0.25
MODEL_B_FOUR_STATE,bimonthly,2019,2006-06-21,2018-12-31,175,0.1727251022469769,-0.4607925862615395,0.37484349227125047,0.6815763756126156,0.757526422693933,1.7590274760077034,False,False,252.0,0.33
MODEL_B_FOUR_STATE,bimonthly,2019,2006-06-21,2018-12-31,175,0.17462196808984287,-0.4607925862615394,0.37896002083403724,0.6820156414846665,0.7563983321992952,1.6699091277351912,False,False,252.0,0.4
MODEL_B_FOUR_STATE,bimonthly,2019,2006-06-21,2018-12-31,200,0.1512668233676946,-0.45864079046204864,0.3298154601890159,0.6208427715801469,0.6898628418264785,2.295123667694031,False,False,126.0,0.25
MODEL_B_FOUR_STATE,bimonthly,2019,2006-06-21,2018-12-31,200,0.15320183466292558,-0.4607925862615393,0.33247460838263226,0.6237564335099088,0.6928970386551956,2.3000614683128147,False,False,126.0,0.33
MODEL_B_FOUR_STATE,bimonthly,2019,2006-06-21,2018-12-31,200,0.15261341720094257,-0.4607925862615394,0.3311976402205424,0.6182388748457098,0.6848939646751844,2.2395200487487124,False,False,126.0,0.4
MODEL_B_FOUR_STATE,bimonthly,2019,2006-06-21,2018-12-31,200,0.15401109915343802,-0.44127729895908807,0.3490120600283061,0.6272362377319011,0.702516327766803,2.042285104803429,True,False,189.0,0.25
MODEL_B_FOUR_STATE,bimonthly,2019,2006-06-21,2018-12-31,200,0.1559507229368733,-0.4607925862615394,0.3384401737061756,0.6301077029386427,0.7054806454577136,2.0472229054222133,False,False,189.0,0.33
MODEL_B_FOUR_STATE,bimonthly,2019,2006-06-21,2018-12-31,200,0.15537933949852567,-0.4607925862615394,0.33720017233596405,0.6246248073582521,0.6973316358791812,1.9547702587413693,False,False,189.0,0.4
MODEL_B_FOUR_STATE,bimonthly,2019,2006-06-21,2018-12-31,200,0.15199174453336828,-0.44127729895908807,0.34443590207766345,0.6223191140093384,0.698692454281292,1.723696524574054,True,False,252.0,0.25
MODEL_B_FOUR_STATE,bimonthly,2019,2006-06-21,2018-12-31,200,0.15392797425217863,-0.46079258626153907,0.33405045749761997,0.625224592754756,0.7016635182036659,1.728634325192838,False,False,252.0,0.33
MODEL_B_FOUR_STATE,bimonthly,2019,2006-06-21,2018-12-31,200,0.1533575906532496,-0.4607925862615394,0.3328126259527231,0.6197646035660922,0.6934648710492437,1.6361816785119936,False,False,252.0,0.4
MODEL_B_FOUR_STATE,bimonthly,2019,2006-06-21,2018-12-31,225,0.14042305557266244,-0.4763559699490545,0.29478596770327126,0.5936889509864113,0.6512697781872483,2.2951236676940314,False,False,126.0,0.25
MODEL_B_FOUR_STATE,bimonthly,2019,2006-06-21,2018-12-31,225,0.14233984102073038,-0.4763559699490545,0.298809818707538,0.5967999720395419,0.6545175635763126,2.3000614683128147,False,False,126.0,0.33
MODEL_B_FOUR_STATE,bimonthly,2019,2006-06-21,2018-12-31,225,0.14175696585545494,-0.4763559699490545,0.29758620611097963,0.5914297347971317,0.6468660619338062,2.2395200487487124,False,False,126.0,0.4
MODEL_B_FOUR_STATE,bimonthly,2019,2006-06-21,2018-12-31,225,0.1479556161070268,-0.4465775188276002,0.33131004107742507,0.6108547016107603,0.678788575840455,2.042285104803429,False,False,189.0,0.25
MODEL_B_FOUR_STATE,bimonthly,2019,2006-06-21,2018-12-31,225,0.14988506203433438,-0.4607925862615395,0.32527663530867157,0.6138540037893986,0.6819076341999142,2.0472229054222133,False,False,189.0,0.33
MODEL_B_FOUR_STATE,bimonthly,2019,2006-06-21,2018-12-31,225,0.14931667683640804,-0.4607925862615395,0.3240431406412818,0.6085253360974351,0.6740648239167433,1.9547702587413691,False,False,189.0,0.4
MODEL_B_FOUR_STATE,bimonthly,2019,2006-06-21,2018-12-31,225,0.1459468577175096,-0.4465775188276002,0.3268119230467844,0.605879191755987,0.6748926774176393,1.723696524574054,False,False,252.0,0.25
MODEL_B_FOUR_STATE,bimonthly,2019,2006-06-21,2018-12-31,225,0.14787292738998703,-0.4607925862615392,0.3209099534124373,0.6089138948301983,0.678021010682216,1.7286343251928376,False,False,252.0,0.33
MODEL_B_FOUR_STATE,bimonthly,2019,2006-06-21,2018-12-31,225,0.14730553678498648,-0.4607925862615393,0.31967861718456114,0.6036098351124518,0.670132587766387,1.6361816785119936,False,False,252.0,0.4
MODEL_B_FOUR_STATE,bimonthly,2019,2006-06-21,2018-12-31,250,0.12348456894938464,-0.4763559699490545,0.25922750367249753,0.5346666838109835,0.5994522732823703,2.2443467208276084,False,False,126.0,0.25
MODEL_B_FOUR_STATE,bimonthly,2019,2006-06-21,2018-12-31,250,0.12537288474795472,-0.4763559699490545,0.2631915891835325,0.5383137203186513,0.6034552150864578,2.249284521446392,False,False,126.0,0.33
MODEL_B_FOUR_STATE,bimonthly,2019,2006-06-21,2018-12-31,250,0.12479866691658836,-0.4763559699490545,0.2619861506720182,0.534056980170496,0.597194587307724,2.1887431018822903,False,False,126.0,0.4
MODEL_B_FOUR_STATE,bimonthly,2019,2006-06-21,2018-12-31,250,0.13219885660342712,-0.4465775188276002,0.29602667180938425,0.5524783066970737,0.6286019514942615,1.8319506989042862,False,False,189.0,0.25
MODEL_B_FOUR_STATE,bimonthly,2019,2006-06-21,2018-12-31,250,0.13410181908919272,-0.4607925862615394,0.29102425491949735,0.556007404793697,0.6325471054362163,1.8368884995230694,False,False,189.0,0.33
MODEL_B_FOUR_STATE,bimonthly,2019,2006-06-21,2018-12-31,250,0.13352427040440595,-0.4607925862615393,0.2897708738929656,0.5518586048396067,0.6262923915462694,1.7743661964461634,False,False,189.0,0.4
MODEL_B_FOUR_STATE,bimonthly,2019,2006-06-21,2018-12-31,250,0.13021767029283016,-0.4465775188276002,0.29159029463617103,0.5475077515909208,0.62431129705972,1.5133621186749107,False,False,252.0,0.25
MODEL_B_FOUR_STATE,bimonthly,2019,2006-06-21,2018-12-31,250,0.13211730286600631,-0.4607925862615394,0.2867175097973872,0.5510727143919556,0.6282770967878282,1.5182999192936941,False,False,252.0,0.33
MODEL_B_FOUR_STATE,bimonthly,2019,2006-06-21,2018-12-31,250,0.13154076480893884,-0.4607925862615393,0.2854663220086579,0.5469526194112541,0.6220019496574568,1.455777616216788,False,False,252.0,0.4
MODEL_B_FOUR_STATE,bimonthly,2020,2006-06-21,2019-12-31,150,0.10399943572529602,-0.796723742948901,0.13053387280811357,0.464147656337033,0.5009112730215245,2.3764140515496632,False,False,126.0,0.25
MODEL_B_FOUR_STATE,bimonthly,2020,2006-06-21,2019-12-31,150,0.10684087192985858,-0.796723742948901,0.13410027362107993,0.4709682485957283,0.5087490885435131,2.410564875023556,False,False,126.0,0.33
MODEL_B_FOUR_STATE,bimonthly,2020,2006-06-21,2019-12-31,150,0.10631782005420609,-0.796723742948901,0.1334437701839958,0.4684105056045771,0.5055303095168303,2.3544957521890417,False,False,126.0,0.4
MODEL_B_FOUR_STATE,bimonthly,2020,2006-06-21,2019-12-31,150,0.1500428648897063,-0.6410822814637887,0.234046189121172,0.6096496244068683,0.6859921214789846,2.290982819931794,False,False,189.0,0.25
MODEL_B_FOUR_STATE,bimonthly,2020,2006-06-21,2019-12-31,150,0.15300280610647832,-0.6410822814637887,0.23866328945658224,0.6156520654239077,0.6929107685951238,2.3251336434056857,False,False,189.0,0.33
MODEL_B_FOUR_STATE,bimonthly,2020,2006-06-21,2019-12-31,150,0.152474971593332,-0.6410822814637887,0.237839940366445,0.6109493908300803,0.6859604560896528,2.2395106296004763,False,False,189.0,0.4
MODEL_B_FOUR_STATE,bimonthly,2020,2006-06-21,2019-12-31,150,0.1588923238066624,-0.6410822814637887,0.24785012532847142,0.6349571075342932,0.7177218767542541,1.8773286273767427,False,False,252.0,0.25
MODEL_B_FOUR_STATE,bimonthly,2020,2006-06-21,2019-12-31,150,0.1618750414598562,-0.6410822814637887,0.25250275376546916,0.6407658523620376,0.724411456051234,1.9114794508506348,False,False,252.0,0.33
MODEL_B_FOUR_STATE,bimonthly,2020,2006-06-21,2019-12-31,150,0.16361542532140194,-0.6410822814637887,0.2552175127158677,0.6418479212976869,0.7243129802602583,1.8289444252090612,False,False,252.0,0.4
MODEL_B_FOUR_STATE,bimonthly,2020,2006-06-21,2019-12-31,175,0.17162801461080468,-0.45864079046204864,0.37421009683395456,0.6816743585083855,0.7534807118960432,2.228606428342445,False,False,126.0,0.25
MODEL_B_FOUR_STATE,bimonthly,2020,2006-06-21,2019-12-31,175,0.17464351095189445,-0.4607925862615395,0.37900677258893484,0.687121849105872,0.7596359457271996,2.2627572518163364,False,False,126.0,0.33
MODEL_B_FOUR_STATE,bimonthly,2020,2006-06-21,2019-12-31,175,0.17408841806798692,-0.4607925862615392,0.3778021245532298,0.6811967745777482,0.751153751240926,2.206688128981823,False,False,126.0,0.4
MODEL_B_FOUR_STATE,bimonthly,2020,2006-06-21,2019-12-31,175,0.18079420881995922,-0.44127729895908807,0.4097065705542245,0.7076172414448247,0.7850500606700408,2.1431751967245756,True,True,189.0,0.25
MODEL_B_FOUR_STATE,bimonthly,2020,2006-06-21,2019-12-31,175,0.18383329679999472,-0.4607925862615393,0.3989502051051958,0.7128531903594989,0.7909680733969997,2.177326020198467,False,False,189.0,0.33
MODEL_B_FOUR_STATE,bimonthly,2020,2006-06-21,2019-12-31,175,0.18329134836018746,-0.4607925862615394,0.3977740827977511,0.7066884159515461,0.782040948170022,2.0917030063932573,False,False,189.0,0.4
MODEL_B_FOUR_STATE,bimonthly,2020,2006-06-21,2019-12-31,175,0.1898802960949184,-0.44127729895908796,0.4302969958863049,0.7338469417172151,0.8180671094636064,1.7295210041695244,True,True,252.0,0.25
MODEL_B_FOUR_STATE,bimonthly,2020,2006-06-21,2019-12-31,175,0.19294276953739642,-0.4607925862615395,0.4187193442124626,0.7388676766458914,0.8237149085646303,1.7636718276434162,False,False,252.0,0.33
MODEL_B_FOUR_STATE,bimonthly,2020,2006-06-21,2019-12-31,175,0.19472969004929763,-0.4607925862615394,0.42259727229806554,0.7385702778463482,0.8216908731722397,1.6811368020018427,False,False,252.0,0.4
MODEL_B_FOUR_STATE,bimonthly,2020,2006-06-21,2019-12-31,200,0.16280830765152743,-0.45864079046204864,0.35497999968016236,0.6557323044342795,0.7285550089881094,2.376377108879529,False,False,126.0,0.25
MODEL_B_FOUR_STATE,bimonthly,2020,2006-06-21,2019-12-31,200,0.16580110413077231,-0.4607925862615393,0.35981721293724545,0.6613913576211696,0.7349487810356714,2.4105279323534217,False,False,126.0,0.33
MODEL_B_FOUR_STATE,bimonthly,2020,2006-06-21,2019-12-31,200,0.16525018983982265,-0.4607925862615394,0.35862163317451673,0.6557833721212724,0.7268245799379177,2.354458809518907,False,False,126.0,0.4
MODEL_B_FOUR_STATE,bimonthly,2020,2006-06-21,2019-12-31,200,0.1741094409730919,-0.44127729895908807,0.39455789224551524,0.6851198584189939,0.7689142155439646,1.996426951346371,True,False,189.0,0.25
MODEL_B_FOUR_STATE,bimonthly,2020,2006-06-21,2019-12-31,200,0.17713132392496833,-0.4607925862615394,0.3844057591335271,0.6905411488708465,0.7750583650735262,2.030577774820263,False,False,189.0,0.33
MODEL_B_FOUR_STATE,bimonthly,2020,2006-06-21,2019-12-31,200,0.1765924435892201,-0.4607925862615394,0.3832362951451409,0.6847508952437292,0.7664498934008557,1.9449547610150528,False,False,189.0,0.4
MODEL_B_FOUR_STATE,bimonthly,2020,2006-06-21,2019-12-31,200,0.17220656520875766,-0.44127729895908807,0.390245692708347,0.6807172531936969,0.765697791129624,1.7013730466449701,True,False,252.0,0.25
MODEL_B_FOUR_STATE,bimonthly,2020,2006-06-21,2019-12-31,200,0.1752235506037021,-0.46079258626153907,0.3802655594468436,0.6861735744175833,0.7718574523095956,1.7355238701188618,False,False,252.0,0.33
MODEL_B_FOUR_STATE,bimonthly,2020,2006-06-21,2019-12-31,200,0.1746855436297503,-0.4607925862615394,0.37909799080534956,0.6803975900120028,0.7631902310874606,1.6499008563136515,False,False,252.0,0.4
MODEL_B_FOUR_STATE,bimonthly,2020,2006-06-21,2019-12-31,225,0.15266136786614615,-0.4763559699490545,0.32047749476609483,0.6310187118693781,0.6927987545367316,2.3763771088795296,False,False,126.0,0.25
MODEL_B_FOUR_STATE,bimonthly,2020,2006-06-21,2019-12-31,225,0.15562804849683287,-0.4763559699490545,0.32670535967771547,0.6368869304594039,0.6993752765231491,2.410527932353421,False,False,126.0,0.33
MODEL_B_FOUR_STATE,bimonthly,2020,2006-06-21,2019-12-31,225,0.1550819416140352,-0.4763559699490545,0.3255589336491804,0.6313872863725236,0.6915414590092996,2.354458809518907,False,False,126.0,0.4
MODEL_B_FOUR_STATE,bimonthly,2020,2006-06-21,2019-12-31,225,0.16840250668596868,-0.4465775188276002,0.3770957999141464,0.670119864058918,0.7466120734740909,1.996426951346371,True,False,189.0,0.25
MODEL_B_FOUR_STATE,bimonthly,2020,2006-06-21,2019-12-31,225,0.17140970132444977,-0.4607925862615395,0.3719888436468029,0.6756616379380969,0.752876923940715,2.0305777748202627,False,False,189.0,0.33
MODEL_B_FOUR_STATE,bimonthly,2020,2006-06-21,2019-12-31,225,0.17087344029705354,-0.4607925862615395,0.37082506401278803,0.6699977686389686,0.7445346976918523,1.9449547610150526,False,False,189.0,0.4
MODEL_B_FOUR_STATE,bimonthly,2020,2006-06-21,2019-12-31,225,0.1665088801334753,-0.4465775188276002,0.3728554911823842,0.6656686121470566,0.7433336292008307,1.7013730466449701,True,False,252.0,0.25
MODEL_B_FOUR_STATE,bimonthly,2020,2006-06-21,2019-12-31,225,0.16951120102033124,-0.4607925862615392,0.3678687680190218,0.6712465963422334,0.7496160169578683,1.7355238701188618,False,False,252.0,0.33
MODEL_B_FOUR_STATE,bimonthly,2020,2006-06-21,2019-12-31,225,0.16897580910962584,-0.4607925862615393,0.36670687451928224,0.6655982705199144,0.7412182155141033,1.6499008563136517,False,False,252.0,0.4
MODEL_B_FOUR_STATE,bimonthly,2020,2006-06-21,2019-12-31,250,0.13311869911782814,-0.47746285355776397,0.2788043051431294,0.5638906642660951,0.6317996737393086,2.4032734236213327,False,False,126.0,0.25
MODEL_B_FOUR_STATE,bimonthly,2020,2006-06-21,2019-12-31,250,0.1360350814922675,-0.4778240586319834,0.28469701145174175,0.5702630619714876,0.6391216117223154,2.4374242470952248,False,False,126.0,0.33
MODEL_B_FOUR_STATE,bimonthly,2020,2006-06-21,2019-12-31,250,0.13549823351777457,-0.4778240586319835,0.28357348498882157,0.5659098712826323,0.6327448617867071,2.3813551242607116,False,False,126.0,0.4
MODEL_B_FOUR_STATE,bimonthly,2020,2006-06-21,2019-12-31,250,0.14980968886460078,-0.4465775188276002,0.335461778859572,0.6025415220345609,0.686173095320781,1.8755525855510904,False,False,189.0,0.25
MODEL_B_FOUR_STATE,bimonthly,2020,2006-06-21,2019-12-31,250,0.15276902994084884,-0.4607925862615394,0.3315353469123292,0.6085673837609591,0.6932376738602714,1.909703409024982,False,False,189.0,0.33
MODEL_B_FOUR_STATE,bimonthly,2020,2006-06-21,2019-12-31,250,0.1522253313783517,-0.4607925862615393,0.33035542653446853,0.6041341935085793,0.6865763430453141,1.851799733882314,False,False,189.0,0.4
MODEL_B_FOUR_STATE,bimonthly,2020,2006-06-21,2019-12-31,250,0.1479461956380037,-0.4465775188276002,0.33128894626493244,0.598049152088007,0.6824552897613849,1.5804986808496897,False,False,252.0,0.25
MODEL_B_FOUR_STATE,bimonthly,2020,2006-06-21,2019-12-31,250,0.15090074051875613,-0.4607925862615394,0.3274808341493302,0.6041119307962909,0.6895478196785044,1.6146495043235811,False,False,252.0,0.33
MODEL_B_FOUR_STATE,bimonthly,2020,2006-06-21,2019-12-31,250,0.1503579231269414,-0.4607925862615393,0.3263028260650018,0.5996995439555161,0.6828570225484183,1.5567458291809129,False,False,252.0,0.4
MODEL_B_FOUR_STATE,bimonthly,2021,2006-06-21,2020-12-31,150,0.14480844564623507,-0.796723742948901,0.18175490178095843,0.550576630749521,0.5849597493699,2.2665724686860123,False,False,126.0,0.25
MODEL_B_FOUR_STATE,bimonthly,2021,2006-06-21,2020-12-31,150,0.14770366710524852,-0.796723742948901,0.18538881062908363,0.5564563418894188,0.5919270854666133,2.2725419601598578,False,False,126.0,0.33
MODEL_B_FOUR_STATE,bimonthly,2021,2006-06-21,2020-12-31,150,0.14719870104464805,-0.796723742948901,0.1847550074255649,0.554104024812664,0.5894091651334669,2.220339673382897,False,False,126.0,0.4
MODEL_B_FOUR_STATE,bimonthly,2021,2006-06-21,2020-12-31,150,0.18919807049434323,-0.6410822814637887,0.2951229131810439,0.6705826298284467,0.7293724733864798,2.187033046145237,False,False,189.0,0.25
MODEL_B_FOUR_STATE,bimonthly,2021,2006-06-21,2020-12-31,150,0.1922055533494933,-0.6410822814637887,0.2998141719197553,0.6759868077804211,0.7359818990569388,2.1930025376190825,False,False,189.0,0.33
MODEL_B_FOUR_STATE,bimonthly,2021,2006-06-21,2020-12-31,150,0.19169740422344494,-0.6410822814637887,0.2990215293202935,0.672343621999339,0.7315679153540103,2.1132845592487146,False,False,189.0,0.4
MODEL_B_FOUR_STATE,bimonthly,2021,2006-06-21,2020-12-31,150,0.19771548366598268,-0.6410822814637887,0.3084089037908476,0.691147427912463,0.7539538138956459,1.8019067289388098,False,False,252.0,0.25
MODEL_B_FOUR_STATE,bimonthly,2021,2006-06-21,2020-12-31,150,0.2007445070657401,-0.6410822814637887,0.3131337628102565,0.696439402346214,0.7604636965603798,1.8078762204126557,False,False,252.0,0.33
MODEL_B_FOUR_STATE,bimonthly,2021,2006-06-21,2020-12-31,150,0.20241898557817706,-0.6410822814637887,0.3157457184996473,0.6976073926311689,0.76163520847293,1.7310332655049838,False,False,252.0,0.4
MODEL_B_FOUR_STATE,bimonthly,2021,2006-06-21,2020-12-31,175,0.2099654497124317,-0.5306679735877728,0.3956625614560538,0.7280012910299065,0.7780893130338131,2.1289584746654984,False,False,126.0,0.25
MODEL_B_FOUR_STATE,bimonthly,2021,2006-06-21,2020-12-31,175,0.21302545328595035,-0.5306679735877728,0.4014288856471113,0.7331090441008133,0.7843363179213575,2.134927966139344,False,False,126.0,0.33
MODEL_B_FOUR_STATE,bimonthly,2021,2006-06-21,2020-12-31,175,0.21249174697995032,-0.5306679735877728,0.4004231601604351,0.7287690179326143,0.7792082991931333,2.082725679362383,False,False,126.0,0.4
MODEL_B_FOUR_STATE,bimonthly,2021,2006-06-21,2020-12-31,175,0.21877636834499103,-0.5306679735877728,0.41226601045070466,0.7489484797176748,0.8023221285940612,2.049419052124723,False,False,189.0,0.25
MODEL_B_FOUR_STATE,bimonthly,2021,2006-06-21,2020-12-31,175,0.22185865473865807,-0.5306679735877728,0.41807432477732237,0.7539355558477094,0.8084708133433787,2.055388543598569,False,False,189.0,0.33
MODEL_B_FOUR_STATE,bimonthly,2021,2006-06-21,2020-12-31,175,0.22133786668678557,-0.5306679735877728,0.41709294267440117,0.7494700802702567,0.8031544516940787,1.975670565228201,False,False,189.0,0.4
MODEL_B_FOUR_STATE,bimonthly,2021,2006-06-21,2020-12-31,175,0.22750563065258067,-0.5306679735877728,0.4287155848400772,0.7700391148425855,0.8274237177412155,1.664292734918296,False,False,252.0,0.25
MODEL_B_FOUR_STATE,bimonthly,2021,2006-06-21,2020-12-31,175,0.2306099933574861,-0.5306679735877728,0.43456550015325746,0.7749053410166594,0.833461324788911,1.670262226392142,False,False,252.0,0.33
MODEL_B_FOUR_STATE,bimonthly,2021,2006-06-21,2020-12-31,175,0.23232612029285127,-0.5306679735877728,0.4377993997303558,0.7753062139845817,0.8337510252063569,1.5934192714844702,False,False,252.0,0.4
MODEL_B_FOUR_STATE,bimonthly,2021,2006-06-21,2020-12-31,200,0.201483100159908,-0.5306679735877728,0.3796782737758011,0.7071364928063535,0.7592256000675481,2.266538073786232,False,False,126.0,0.25
MODEL_B_FOUR_STATE,bimonthly,2021,2006-06-21,2020-12-31,200,0.20452165186474036,-0.5306679735877728,0.38540417369075003,0.7123630340173691,0.765589058709961,2.2725075652600775,False,False,126.0,0.33
MODEL_B_FOUR_STATE,bimonthly,2021,2006-06-21,2020-12-31,200,0.2039916870568521,-0.5306679735877728,0.3844054987484783,0.7082025768752858,0.7606270488912125,2.2203052784831163,False,False,126.0,0.4
MODEL_B_FOUR_STATE,bimonthly,2021,2006-06-21,2020-12-31,200,0.21235116539388343,-0.5306679735877728,0.4001582457637429,0.731169543343215,0.7908889902074347,1.9127913753932915,False,False,189.0,0.25
MODEL_B_FOUR_STATE,bimonthly,2021,2006-06-21,2020-12-31,200,0.215417202444236,-0.5306679735877728,0.40593593954394885,0.7362535942143532,0.7971537138592018,1.9187608668671372,False,False,189.0,0.33
MODEL_B_FOUR_STATE,bimonthly,2021,2006-06-21,2020-12-31,200,0.21489915990746766,-0.5306679735877728,0.40495973113765305,0.7319937400079594,0.791979251349663,1.8390428884967691,False,False,189.0,0.4
MODEL_B_FOUR_STATE,bimonthly,2021,2006-06-21,2020-12-31,200,0.2105217162571027,-0.5306679735877728,0.3967107998506005,0.727502043729094,0.7878817455716071,1.6380860158437112,False,False,252.0,0.25
MODEL_B_FOUR_STATE,bimonthly,2021,2006-06-21,2020-12-31,200,0.21358312662915058,-0.5306679735877728,0.40247977503738275,0.7326085934571921,0.7941622297356684,1.644055507317557,False,False,252.0,0.33
MODEL_B_FOUR_STATE,bimonthly,2021,2006-06-21,2020-12-31,200,0.21306586582336795,-0.5306679735877728,0.40150503973861296,0.7283593822278404,0.7889702515934891,1.5643375289471886,False,False,252.0,0.4
MODEL_B_FOUR_STATE,bimonthly,2021,2006-06-21,2020-12-31,225,0.19171879239549572,-0.5306679735877728,0.36127824164573463,0.6867779933526468,0.729420393995011,2.2665380737862324,False,False,126.0,0.25
MODEL_B_FOUR_STATE,bimonthly,2021,2006-06-21,2020-12-31,225,0.19473265015831553,-0.5306679735877728,0.3669576078649612,0.6921339559473506,0.735866665248227,2.272507565260077,False,False,126.0,0.33
MODEL_B_FOUR_STATE,bimonthly,2021,2006-06-21,2020-12-31,225,0.19420699231029048,-0.5306679735877728,0.3659670490330966,0.6880455378938869,0.7310759676075845,2.2203052784831163,False,False,126.0,0.4
MODEL_B_FOUR_STATE,bimonthly,2021,2006-06-21,2020-12-31,225,0.20686383128590524,-0.5306679735877728,0.3898178175089924,0.7189168079272461,0.7724749657679328,1.9127913753932915,False,False,189.0,0.25
MODEL_B_FOUR_STATE,bimonthly,2021,2006-06-21,2020-12-31,225,0.20991599086398516,-0.5306679735877728,0.39556936033801354,0.7240726731155905,0.7787908033864066,1.9187608668671372,False,False,189.0,0.33
MODEL_B_FOUR_STATE,bimonthly,2021,2006-06-21,2020-12-31,225,0.2094002930871861,-0.5306679735877728,0.3945975704383659,0.7198882636673852,0.7737629125823952,1.8390428884967691,False,False,189.0,0.4
MODEL_B_FOUR_STATE,bimonthly,2021,2006-06-21,2020-12-31,225,0.20504266258711468,-0.5306679735877728,0.38638597539785485,0.7152211283613014,0.7694421377613204,1.6380860158437112,False,False,252.0,0.25
MODEL_B_FOUR_STATE,bimonthly,2021,2006-06-21,2020-12-31,225,0.20809021642812375,-0.5306679735877728,0.39212883909547913,0.7203999906652456,0.775774325597821,1.644055507317557,False,False,252.0,0.33
MODEL_B_FOUR_STATE,bimonthly,2021,2006-06-21,2020-12-31,225,0.20757529684404608,-0.5306679735877727,0.3911585156357905,0.7162267653629784,0.7707299814825345,1.5643375289471886,False,False,252.0,0.4
MODEL_B_FOUR_STATE,bimonthly,2021,2006-06-21,2020-12-31,250,0.1728963029273609,-0.530667973587773,0.3258088136701238,0.6332593853125543,0.6865906911932704,2.29157947026998,False,False,126.0,0.25
MODEL_B_FOUR_STATE,bimonthly,2021,2006-06-21,2020-12-31,250,0.17586255859951905,-0.5306679735877728,0.33139847767811687,0.6388829256680298,0.6933954434368248,2.2975489617438254,False,False,126.0,0.33
MODEL_B_FOUR_STATE,bimonthly,2021,2006-06-21,2020-12-31,250,0.17534520320453195,-0.5306679735877728,0.33042356413379775,0.6354353952241798,0.6892522348618412,2.245346674966865,False,False,126.0,0.4
MODEL_B_FOUR_STATE,bimonthly,2021,2006-06-21,2020-12-31,250,0.18897358263141562,-0.5306679735877728,0.35610512040851333,0.6651548900627063,0.7315098597569285,1.800253172756306,False,False,189.0,0.25
MODEL_B_FOUR_STATE,bimonthly,2021,2006-06-21,2020-12-31,250,0.1919804977565842,-0.5306679735877727,0.36177140380006473,0.670561594973845,0.7382021813080281,1.8062226642301518,False,False,189.0,0.33
MODEL_B_FOUR_STATE,bimonthly,2021,2006-06-21,2020-12-31,250,0.19145706865489687,-0.5306679735877728,0.3607850448567342,0.6670597232748381,0.7339037176003824,1.7523123459938745,False,False,189.0,0.4
MODEL_B_FOUR_STATE,bimonthly,2021,2006-06-21,2020-12-31,250,0.18717941048353537,-0.5306679735877728,0.3527241510695308,0.6614424720229413,0.7282674000490381,1.525547813206726,False,False,252.0,0.25
MODEL_B_FOUR_STATE,bimonthly,2021,2006-06-21,2020-12-31,250,0.19018178814593156,-0.5306679735877728,0.358381883986966,0.6668722227369775,0.734978612215083,1.5315173046805715,False,False,252.0,0.33
MODEL_B_FOUR_STATE,bimonthly,2021,2006-06-21,2020-12-31,250,0.18965914890360658,-0.5306679735877728,0.35739701346841657,0.6633834628098442,0.7306709331282247,1.477606986444294,False,False,252.0,0.4
MODEL_B_FOUR_STATE,bimonthly,2022,2006-06-21,2021-12-31,150,0.168279579014869,-0.796723742948901,0.2112144648683601,0.6045949317640256,0.6540174541611159,2.2252724369441643,False,False,126.0,0.25
MODEL_B_FOUR_STATE,bimonthly,2022,2006-06-21,2021-12-31,150,0.17104380347763937,-0.796723742948901,0.21468395412010396,0.6098484774445304,0.6604030911437585,2.2308577844850146,False,False,126.0,0.33
MODEL_B_FOUR_STATE,bimonthly,2022,2006-06-21,2021-12-31,150,0.17134310484181747,-0.796723742948901,0.2150596192949239,0.6086145925645355,0.6595045450405235,2.1569800707577222,False,False,126.0,0.4
MODEL_B_FOUR_STATE,bimonthly,2022,2006-06-21,2021-12-31,150,0.21061203387946303,-0.6410822814637887,0.32852574461825834,0.7194057298897041,0.7966160749099197,2.150851471601447,False,False,189.0,0.25
MODEL_B_FOUR_STATE,bimonthly,2022,2006-06-21,2021-12-31,150,0.21347641964729047,-0.6410822814637887,0.33299379162353065,0.7242058790767825,0.8026103508422214,2.1564368191422965,False,False,189.0,0.33
MODEL_B_FOUR_STATE,bimonthly,2022,2006-06-21,2021-12-31,150,0.21380219243063636,-0.6410822814637887,0.3335019522649417,0.7215495339770808,0.7997337508248381,2.0568140815634157,False,False,189.0,0.4
MODEL_B_FOUR_STATE,bimonthly,2022,2006-06-21,2021-12-31,150,0.21872298023619985,-0.6410822814637887,0.3411777030193188,0.7385868790329806,0.8201388525482876,1.7905084946242769,False,False,252.0,0.25
MODEL_B_FOUR_STATE,bimonthly,2022,2006-06-21,2021-12-31,150,0.22160655702365872,-0.6410822814637887,0.3456756853701565,0.7432897492922146,0.8260413832904235,1.796093842165127,False,False,252.0,0.33
MODEL_B_FOUR_STATE,bimonthly,2022,2006-06-21,2021-12-31,150,0.2240169554739191,-0.6410822814637887,0.34943557473218456,0.7450601531204856,0.828440033076441,1.699161116842333,False,False,252.0,0.4
MODEL_B_FOUR_STATE,bimonthly,2022,2006-06-21,2021-12-31,175,0.2303818555963204,-0.5306679735877728,0.43413559337063534,0.7736860488786511,0.843205777063169,2.0965140684203867,False,False,126.0,0.25
MODEL_B_FOUR_STATE,bimonthly,2022,2006-06-21,2021-12-31,175,0.23329301803113411,-0.5306679735877728,0.4396214387197182,0.7782177493391228,0.8488662393793089,2.102099415961236,False,False,126.0,0.33
MODEL_B_FOUR_STATE,bimonthly,2022,2006-06-21,2021-12-31,175,0.23360822936791936,-0.5306679735877728,0.4402154284693806,0.7748065708317518,0.8452142498513072,2.0282217022339446,False,False,126.0,0.4
MODEL_B_FOUR_STATE,bimonthly,2022,2006-06-21,2021-12-31,175,0.2387629261948352,-0.5306679735877728,0.44992902922064815,0.7931454608673147,0.8663275688764633,2.0220931030776694,False,False,189.0,0.25
MODEL_B_FOUR_STATE,bimonthly,2022,2006-06-21,2021-12-31,175,0.24169391878057245,-0.5306679735877728,0.4554522428525567,0.7975737828169458,0.8718995808858049,2.027678450618519,False,False,189.0,0.33
MODEL_B_FOUR_STATE,bimonthly,2022,2006-06-21,2021-12-31,175,0.2420272669012571,-0.5306679735877728,0.45608040987464193,0.794014319201985,0.868051275794365,1.928055713039638,False,False,189.0,0.4
MODEL_B_FOUR_STATE,bimonthly,2022,2006-06-21,2021-12-31,175,0.24706247994277142,-0.5306679735877728,0.46556885329336184,0.8127817289084722,0.8903302651732358,1.6617501261004994,False,False,252.0,0.25
MODEL_B_FOUR_STATE,bimonthly,2022,2006-06-21,2021-12-31,175,0.250013109805332,-0.5306679735877728,0.4711290717527721,0.8171058289836026,0.8958006046519474,1.6673354736413493,False,False,252.0,0.33
MODEL_B_FOUR_STATE,bimonthly,2022,2006-06-21,2021-12-31,175,0.25247955830739377,-0.5306679735877728,0.475776890397991,0.8180174990266095,0.8972448143356919,1.5704027483185559,False,False,252.0,0.4
MODEL_B_FOUR_STATE,bimonthly,2022,2006-06-21,2021-12-31,200,0.22230961357757484,-0.5306679735877728,0.4189241194914595,0.7542462312234497,0.8254331776440555,2.22524025539742,False,False,126.0,0.25
MODEL_B_FOUR_STATE,bimonthly,2022,2006-06-21,2021-12-31,200,0.22520167656970513,-0.5306679735877728,0.4243739735170896,0.7588805917584875,0.8311956282064961,2.2308256029382694,False,False,126.0,0.33
MODEL_B_FOUR_STATE,bimonthly,2022,2006-06-21,2021-12-31,200,0.2255148198800594,-0.5306679735877728,0.4249640662416178,0.7556693046486368,0.827722273407707,2.1569478892109775,False,False,126.0,0.4
MODEL_B_FOUR_STATE,bimonthly,2022,2006-06-21,2021-12-31,200,0.23265156870274128,-0.5306679735877728,0.43841268039941467,0.7763852949579922,0.8555993578134834,1.8942575811429536,False,False,189.0,0.25
MODEL_B_FOUR_STATE,bimonthly,2022,2006-06-21,2021-12-31,200,0.2355681014244324,-0.5306679735877728,0.44390864561090626,0.7809005351073254,0.8612746056815829,1.899842928683803,False,False,189.0,0.33
MODEL_B_FOUR_STATE,bimonthly,2022,2006-06-21,2021-12-31,200,0.23589980499353103,-0.5306679735877728,0.4445337136112531,0.777565339713895,0.8575880837180206,1.800220191104922,False,False,189.0,0.4
MODEL_B_FOUR_STATE,bimonthly,2022,2006-06-21,2021-12-31,200,0.23091110007018756,-0.5306679735877728,0.4351329109028938,0.7730452971040062,0.8529253176237785,1.6372298408168564,False,False,252.0,0.25
MODEL_B_FOUR_STATE,bimonthly,2022,2006-06-21,2021-12-31,200,0.23382351473139273,-0.5306679735877728,0.4406211159692647,0.7775787602554541,0.8586120280724135,1.642815188357706,False,False,252.0,0.33
MODEL_B_FOUR_STATE,bimonthly,2022,2006-06-21,2021-12-31,200,0.2341547499445733,-0.5306679735877728,0.4412453013915375,0.7742572570489483,0.8549080939804319,1.543192450778825,False,False,252.0,0.4
MODEL_B_FOUR_STATE,bimonthly,2022,2006-06-21,2021-12-31,225,0.21301285051895147,-0.5306679735877728,0.401405136772813,0.7357123025574483,0.7972774997842305,2.2252402553974204,False,False,126.0,0.25
MODEL_B_FOUR_STATE,bimonthly,2022,2006-06-21,2021-12-31,225,0.21588291677302962,-0.5306679735877728,0.40681353976098283,0.7404514769401378,0.8031115893459003,2.2308256029382694,False,False,126.0,0.33
MODEL_B_FOUR_STATE,bimonthly,2022,2006-06-21,2021-12-31,225,0.21619367834709768,-0.5306679735877728,0.40739914430004526,0.7373293251613002,0.7998080139579941,2.1569478892109775,False,False,126.0,0.4
MODEL_B_FOUR_STATE,bimonthly,2022,2006-06-21,2021-12-31,225,0.2274306189606079,-0.5306679735877728,0.42857423149729745,0.7650770719526647,0.8380552057537853,1.8942575811429536,False,False,189.0,0.25
MODEL_B_FOUR_STATE,bimonthly,2022,2006-06-21,2021-12-31,225,0.23033479858013495,-0.5306679735877728,0.434046918307267,0.7696526669381341,0.8437780060790863,1.899842928683803,False,False,189.0,0.33
MODEL_B_FOUR_STATE,bimonthly,2022,2006-06-21,2021-12-31,225,0.23066509720422945,-0.5306679735877728,0.4346693388047042,0.7664041168777777,0.8402408748154613,1.8002201911049223,False,False,189.0,0.4
MODEL_B_FOUR_STATE,bimonthly,2022,2006-06-21,2021-12-31,225,0.22569752215922634,-0.5306679735877728,0.42530835360822056,0.7617133412127901,0.8353578488238899,1.6372298408168566,False,False,252.0,0.25
MODEL_B_FOUR_STATE,bimonthly,2022,2006-06-21,2021-12-31,225,0.2285976011604931,-0.5306679735877728,0.43077331314150413,0.7663075427124335,0.8410926089200303,1.642815188357706,False,False,252.0,0.33
MODEL_B_FOUR_STATE,bimonthly,2022,2006-06-21,2021-12-31,225,0.22892743341241117,-0.5306679735877727,0.4313948547990648,0.7630732476560662,0.8375391098102393,1.5431924507788253,False,False,252.0,0.4
MODEL_B_FOUR_STATE,bimonthly,2022,2006-06-21,2021-12-31,250,0.19507776555327538,-0.530667973587773,0.36760794934426044,0.6849521698445458,0.7562544102741744,2.2486702079960184,False,False,126.0,0.25
MODEL_B_FOUR_STATE,bimonthly,2022,2006-06-21,2021-12-31,250,0.19790539624527193,-0.5306679735877728,0.3729363860179104,0.6899369125797016,0.7624196983924335,2.2542555555368677,False,False,126.0,0.33
MODEL_B_FOUR_STATE,bimonthly,2022,2006-06-21,2021-12-31,250,0.1982115630327037,-0.5306679735877728,0.3735133320607662,0.6875132103510215,0.7598308786423823,2.1803778418095763,False,False,126.0,0.4
MODEL_B_FOUR_STATE,bimonthly,2022,2006-06-21,2021-12-31,250,0.21039820854510927,-0.5306679735877728,0.3964780597604865,0.7136822947243783,0.7983460130367905,1.788961346764519,False,False,189.0,0.25
MODEL_B_FOUR_STATE,bimonthly,2022,2006-06-21,2021-12-31,250,0.2132620883884726,-0.5306679735877727,0.40187480496823114,0.7184946646461606,0.8044238124560534,1.7945466943053683,False,False,189.0,0.33
MODEL_B_FOUR_STATE,bimonthly,2022,2006-06-21,2021-12-31,250,0.2135731501511946,-0.5306679735877728,0.40246097518803714,0.7159913904179644,0.8016986148630717,1.7190708629908773,False,False,189.0,0.4
MODEL_B_FOUR_STATE,bimonthly,2022,2006-06-21,2021-12-31,250,0.20868916101833013,-0.5306679735877728,0.3932575007446022,0.7102974206982094,0.7954509132117143,1.531933606438422,False,False,252.0,0.25
MODEL_B_FOUR_STATE,bimonthly,2022,2006-06-21,2021-12-31,250,0.2115489971455604,-0.5306679735877728,0.39864662590302347,0.7151286081710715,0.8015431492735556,1.5375189539792713,False,False,252.0,0.33
MODEL_B_FOUR_STATE,bimonthly,2022,2006-06-21,2021-12-31,250,0.21185961969800227,-0.5306679735877728,0.3992319684673048,0.7126415875425917,0.7988091254233056,1.4620431226647803,False,False,252.0,0.4
MODEL_B_FOUR_STATE,bimonthly,2023,2006-06-21,2022-12-31,150,0.13669735001178762,-0.796723742948901,0.1715743395644667,0.5341403137047868,0.5649470074236846,2.1515896723570744,False,False,126.0,0.25
MODEL_B_FOUR_STATE,bimonthly,2023,2006-06-21,2022-12-31,150,0.1392244789463104,-0.796723742948901,0.17474624068689235,0.5394313174210601,0.5711659279915773,2.156838196421306,False,False,126.0,0.33
MODEL_B_FOUR_STATE,bimonthly,2023,2006-06-21,2022-12-31,150,0.13951101763291063,-0.796723742948901,0.17510588691199375,0.538769371436942,0.5708785602389752,2.1119596373242837,False,False,126.0,0.4
MODEL_B_FOUR_STATE,bimonthly,2023,2006-06-21,2022-12-31,150,0.17535983134348854,-0.6410822814637887,0.27353716740242445,0.6403139119511633,0.692661533773924,2.0816566512464227,False,False,189.0,0.25
MODEL_B_FOUR_STATE,bimonthly,2023,2006-06-21,2022-12-31,150,0.17797291550193495,-0.6410822814637887,0.27761321853345855,0.6452329383824772,0.6986071333572886,2.086905175310654,False,False,189.0,0.33
MODEL_B_FOUR_STATE,bimonthly,2023,2006-06-21,2022-12-31,150,0.17828345448036642,-0.6410822814637887,0.27809761653884785,0.6433408837584269,0.6966915509562747,2.0178341418454724,False,False,189.0,0.4
MODEL_B_FOUR_STATE,bimonthly,2023,2006-06-21,2022-12-31,150,0.18275821487086574,-0.6410822814637887,0.28507762600078784,0.6585742990800386,0.7143512731168092,1.743044098990871,False,False,252.0,0.25
MODEL_B_FOUR_STATE,bimonthly,2023,2006-06-21,2022-12-31,150,0.18538774726778184,-0.6410822814637887,0.289179334116807,0.6634038371446408,0.7202188023145142,1.7482926230551026,False,False,252.0,0.33
MODEL_B_FOUR_STATE,bimonthly,2023,2006-06-21,2022-12-31,150,0.18759897786733815,-0.6410822814637887,0.29262854908264163,0.6657692741840997,0.7232368395361631,1.6817493810936535,False,False,252.0,0.4
MODEL_B_FOUR_STATE,bimonthly,2023,2006-06-21,2022-12-31,175,0.19338763942589732,-0.5306679735877728,0.36442304614395743,0.6907749433102229,0.7355732461915374,2.0305960563420205,False,False,126.0,0.25
MODEL_B_FOUR_STATE,bimonthly,2023,2006-06-21,2022-12-31,175,0.19604080337816976,-0.5306679735877728,0.36942271464540244,0.6954654908414544,0.7412360792864058,2.035844580406251,False,False,126.0,0.33
MODEL_B_FOUR_STATE,bimonthly,2023,2006-06-21,2022-12-31,175,0.19634163255385362,-0.5306679735877728,0.3699896023994344,0.6929102940468603,0.7386566060076148,1.9909660213092297,False,False,126.0,0.4
MODEL_B_FOUR_STATE,bimonthly,2023,2006-06-21,2022-12-31,175,0.20102492644076242,-0.5306679735877728,0.3788148832153195,0.7093621921733543,0.7570255368137856,1.9606630352313685,False,False,189.0,0.25
MODEL_B_FOUR_STATE,bimonthly,2023,2006-06-21,2022-12-31,175,0.20369506976665308,-0.5306679735877728,0.383846547945034,0.7139566707300654,0.7626114982846934,1.9659115592955991,False,False,189.0,0.33
MODEL_B_FOUR_STATE,bimonthly,2023,2006-06-21,2022-12-31,175,0.20401238965778923,-0.5306679735877728,0.38444451109135086,0.7112645802243309,0.7598611727288928,1.8968405258304182,False,False,189.0,0.4
MODEL_B_FOUR_STATE,bimonthly,2023,2006-06-21,2022-12-31,175,0.20858486067944781,-0.5306679735877728,0.39306095536392444,0.7280393564155999,0.7791322081830875,1.6220504829758173,False,False,252.0,0.25
MODEL_B_FOUR_STATE,bimonthly,2023,2006-06-21,2022-12-31,175,0.21127181140667295,-0.5306679735877728,0.39812429225433266,0.7325382001790587,0.7846318812518481,1.6272990070400486,False,False,252.0,0.33
MODEL_B_FOUR_STATE,bimonthly,2023,2006-06-21,2022-12-31,175,0.21353132632062044,-0.5306679735877728,0.4023821616310565,0.7341462928461625,0.7868311715877385,1.5607557650785995,False,False,252.0,0.4
MODEL_B_FOUR_STATE,bimonthly,2023,2006-06-21,2022-12-31,200,0.186028807440062,-0.5306679735877728,0.35055593459380435,0.6722998430837711,0.7187915976870545,2.1515594315132813,False,False,126.0,0.25
MODEL_B_FOUR_STATE,bimonthly,2023,2006-06-21,2022-12-31,200,0.1886656110856657,-0.5306679735877728,0.3555247734475544,0.6770843498908546,0.7245466028596352,2.156807955577512,False,False,126.0,0.33
MODEL_B_FOUR_STATE,bimonthly,2023,2006-06-21,2022-12-31,200,0.188964585246862,-0.5306679735877728,0.35608816557987955,0.6747121584633476,0.7221290448710679,2.111929396480491,False,False,126.0,0.4
MODEL_B_FOUR_STATE,bimonthly,2023,2006-06-21,2022-12-31,200,0.19545623424317493,-0.5306679735877728,0.36832114235521385,0.6937652831883117,0.7468720148177397,1.8405366136916554,False,False,189.0,0.25
MODEL_B_FOUR_STATE,bimonthly,2023,2006-06-21,2022-12-31,200,0.19811399713800393,-0.5306679735877728,0.3733294771843542,0.6984342134136815,0.7525493898542644,1.8457851377558865,False,False,189.0,0.33
MODEL_B_FOUR_STATE,bimonthly,2023,2006-06-21,2022-12-31,200,0.19842984573844213,-0.5306679735877728,0.373924667804777,0.6959387230783869,0.7499415019351333,1.776714104290705,False,False,189.0,0.4
MODEL_B_FOUR_STATE,bimonthly,2023,2006-06-21,2022-12-31,200,0.19387000833576518,-0.5306679735877728,0.365332030544517,0.6904598910882872,0.7441518547472983,1.599008889515111,False,False,252.0,0.25
MODEL_B_FOUR_STATE,bimonthly,2023,2006-06-21,2022-12-31,200,0.1965242447005222,-0.5306679735877728,0.3703337199187826,0.6951475137617534,0.7498429150483742,1.6042574135793422,False,False,252.0,0.33
MODEL_B_FOUR_STATE,bimonthly,2023,2006-06-21,2022-12-31,200,0.19683967420805004,-0.5306679735877728,0.3709281207932037,0.6926680004926105,0.747226329748325,1.5351863801141608,False,False,252.0,0.4
MODEL_B_FOUR_STATE,bimonthly,2023,2006-06-21,2022-12-31,225,0.17755004200809688,-0.5306679735877728,0.3345784008929455,0.6540100657471087,0.6925278905104221,2.1515594315132818,False,False,126.0,0.25
MODEL_B_FOUR_STATE,bimonthly,2023,2006-06-21,2022-12-31,225,0.18016799548795337,-0.5306679735877728,0.3395117181650561,0.6589010697273779,0.6983502475758823,2.156807955577512,False,False,126.0,0.33
MODEL_B_FOUR_STATE,bimonthly,2023,2006-06-21,2022-12-31,225,0.18046483232182076,-0.5306679735877728,0.34007108268042435,0.6566286060711091,0.6960935226005189,2.111929396480491,False,False,126.0,0.4
MODEL_B_FOUR_STATE,bimonthly,2023,2006-06-21,2022-12-31,225,0.19069756635138368,-0.5306679735877728,0.3593538254477725,0.6828318669235813,0.7307848484679462,1.8405366136916554,False,False,189.0,0.25
MODEL_B_FOUR_STATE,bimonthly,2023,2006-06-21,2022-12-31,225,0.19334474967785265,-0.5306679735877728,0.36434222395347415,0.6875589008728292,0.7365029690525723,1.8457851377558865,False,False,189.0,0.33
MODEL_B_FOUR_STATE,bimonthly,2023,2006-06-21,2022-12-31,225,0.1936593410021561,-0.5306679735877728,0.36493504534078447,0.6851476332745362,0.7340268586075076,1.776714104290705,False,False,189.0,0.4
MODEL_B_FOUR_STATE,bimonthly,2023,2006-06-21,2022-12-31,225,0.18911765462100405,-0.5306679735877728,0.3563766121825776,0.6795037519640896,0.7280441426109197,1.599008889515111,False,False,252.0,0.25
MODEL_B_FOUR_STATE,bimonthly,2023,2006-06-21,2022-12-31,225,0.19176132545520952,-0.5306679735877728,0.36135839168649597,0.6842498418063435,0.7337763737629684,1.6042574135793422,False,False,252.0,0.33
MODEL_B_FOUR_STATE,bimonthly,2023,2006-06-21,2022-12-31,225,0.19207549935485568,-0.5306679735877727,0.3619504264714899,0.6818550908077446,0.7312924709955542,1.535186380114161,False,False,252.0,0.4
MODEL_B_FOUR_STATE,bimonthly,2023,2006-06-21,2022-12-31,250,0.16118191472929055,-0.530667973587773,0.3037340159036956,0.6070226595147964,0.6547550216925465,2.173576444624489,False,False,126.0,0.25
MODEL_B_FOUR_STATE,bimonthly,2023,2006-06-21,2022-12-31,250,0.16376347825182935,-0.5306679735877728,0.30859875930451786,0.6121189071811862,0.660856501755346,2.17882496868872,False,False,126.0,0.33
MODEL_B_FOUR_STATE,bimonthly,2023,2006-06-21,2022-12-31,250,0.1640561890079042,-0.5306679735877728,0.30915034856681284,0.6104524619595509,0.6592044196311688,2.1339464095916987,False,False,126.0,0.4
MODEL_B_FOUR_STATE,bimonthly,2023,2006-06-21,2022-12-31,250,0.1751647506361378,-0.5306679735877728,0.33008351616147685,0.6357961988062197,0.6947933983781994,1.7415902516316022,False,False,189.0,0.25
MODEL_B_FOUR_STATE,bimonthly,2023,2006-06-21,2022-12-31,250,0.17777740108714246,-0.5306679735877727,0.33500684031337724,0.6407126875110454,0.7008029870439245,1.7468387756958332,False,False,189.0,0.33
MODEL_B_FOUR_STATE,bimonthly,2023,2006-06-21,2022-12-31,250,0.17807452150878267,-0.5306679735877728,0.3355667392264987,0.6389361963623982,0.6989988860792096,1.7004584732332397,False,False,189.0,0.4
MODEL_B_FOUR_STATE,bimonthly,2023,2006-06-21,2022-12-31,250,0.17360544907449293,-0.5306679735877728,0.3271451410582977,0.632458318127933,0.6918879210800744,1.5000625274550579,False,False,252.0,0.25
MODEL_B_FOUR_STATE,bimonthly,2023,2006-06-21,2022-12-31,250,0.17621463285418493,-0.5306679735877728,0.3320619325542149,0.6373938068878584,0.6979133506820714,1.5053110515192887,False,False,252.0,0.33
MODEL_B_FOUR_STATE,bimonthly,2023,2006-06-21,2022-12-31,250,0.1765113590329439,-0.5306679735877728,0.3326210885491638,0.6356351910585682,0.696107189101045,1.4589307490566952,False,False,252.0,0.4
MODEL_B_FOUR_STATE,bimonthly,2024,2006-06-21,2023-12-31,150,0.1433000106486888,-0.796723742948901,0.17986160437279644,0.5527311056396594,0.5857617287171195,2.2574136970543597,False,False,126.0,0.25
MODEL_B_FOUR_STATE,bimonthly,2024,2006-06-21,2023-12-31,150,0.14569710197626606,-0.796723742948901,0.1828702900669179,0.5576839398452798,0.5915924749607827,2.2623637113124375,False,False,126.0,0.33
MODEL_B_FOUR_STATE,bimonthly,2024,2006-06-21,2023-12-31,150,0.14596887723836272,-0.796723742948901,0.18321140612439943,0.5568376465346834,0.5910296452778386,2.220037620264059,False,False,126.0,0.4
MODEL_B_FOUR_STATE,bimonthly,2024,2006-06-21,2023-12-31,150,0.17994031058902804,-0.6410822814637887,0.2806820837072096,0.6557251977130556,0.7109093935384337,2.1914581165193763,False,False,189.0,0.25
MODEL_B_FOUR_STATE,bimonthly,2024,2006-06-21,2023-12-31,150,0.1824142235245898,-0.6410822814637887,0.28454104691223386,0.6603135937901917,0.7164438923743573,2.196408130777454,False,False,189.0,0.33
MODEL_B_FOUR_STATE,bimonthly,2024,2006-06-21,2023-12-31,150,0.18270820262854892,-0.6410822814637887,0.28499961379586053,0.6582902178654696,0.7142702461572852,2.1312655123406055,False,False,189.0,0.4
MODEL_B_FOUR_STATE,bimonthly,2024,2006-06-21,2023-12-31,150,0.1869438522686928,-0.6410822814637887,0.2916066434434006,0.6732056504566988,0.7318037057934504,1.872104153173359,False,False,252.0,0.25
MODEL_B_FOUR_STATE,bimonthly,2024,2006-06-21,2023-12-31,150,0.18943244912699275,-0.6410822814637887,0.2954885115440408,0.6777108154679221,0.7372624370727818,1.8770541674314374,False,False,252.0,0.33
MODEL_B_FOUR_STATE,bimonthly,2024,2006-06-21,2023-12-31,150,0.19152492094518903,-0.6410822814637887,0.2987524791792382,0.6797573783592442,0.7398193450665485,1.8142955723565457,False,False,252.0,0.4
MODEL_B_FOUR_STATE,bimonthly,2024,2006-06-21,2023-12-31,175,0.21733790899170868,-0.5306679735877728,0.40955535251603203,0.7531703881869902,0.8094415455384137,2.086231280450162,False,False,126.0,0.25
MODEL_B_FOUR_STATE,bimonthly,2024,2006-06-21,2023-12-31,175,0.21989023131935337,-0.5306679735877728,0.414364993298363,0.7572963203542573,0.8144819727262923,2.0911812947082393,False,False,126.0,0.33
MODEL_B_FOUR_STATE,bimonthly,2024,2006-06-21,2023-12-31,175,0.2201796062219994,-0.5306679735877728,0.41491029642018057,0.7542299145088179,0.811156687656438,2.0488552036598615,False,False,126.0,0.4
MODEL_B_FOUR_STATE,bimonthly,2024,2006-06-21,2023-12-31,175,0.2246840475132732,-0.5306679735877728,0.4233985442803631,0.7708622710576192,0.8302135402262458,2.0202756999151785,False,False,189.0,0.25
MODEL_B_FOUR_STATE,bimonthly,2024,2006-06-21,2023-12-31,175,0.22725177206673575,-0.5306679735877728,0.4282372092860964,0.7749004479105411,0.8351787157818945,2.0252257141732564,False,False,189.0,0.33
MODEL_B_FOUR_STATE,bimonthly,2024,2006-06-21,2023-12-31,175,0.22755689895806208,-0.5306679735877728,0.4288121957305645,0.771710263444741,0.8316877320753764,1.960083095736407,False,False,189.0,0.4
MODEL_B_FOUR_STATE,bimonthly,2024,2006-06-21,2023-12-31,175,0.23195316586969117,-0.5306679735877728,0.4370965978999785,0.7887116968567356,0.8517538302617372,1.7009217365691616,False,False,252.0,0.25
MODEL_B_FOUR_STATE,bimonthly,2024,2006-06-21,2023-12-31,175,0.23453613116522365,-0.5306679735877728,0.44196398282631844,0.7926614470164487,0.8566326537860284,1.7058717508272396,False,False,252.0,0.33
MODEL_B_FOUR_STATE,bimonthly,2024,2006-06-21,2023-12-31,175,0.23670795022472912,-0.5306679735877728,0.44605659660291797,0.7935531826488205,0.85790308519235,1.6431131557523477,False,False,252.0,0.4
MODEL_B_FOUR_STATE,bimonthly,2024,2006-06-21,2023-12-31,200,0.21025708057218417,-0.5306679735877728,0.3962121157428535,0.7354965543393096,0.7934659225815056,2.200314863658557,False,False,126.0,0.25
MODEL_B_FOUR_STATE,bimonthly,2024,2006-06-21,2023-12-31,200,0.21279455693443183,-0.5306679735877728,0.4009937805286368,0.7397096246846481,0.7985923183702526,2.2052648779166355,False,False,126.0,0.33
MODEL_B_FOUR_STATE,bimonthly,2024,2006-06-21,2023-12-31,200,0.21308224864458092,-0.5306679735877728,0.40153591181310844,0.7368130630504799,0.7954190249112106,2.1629387868682572,False,False,126.0,0.4
MODEL_B_FOUR_STATE,bimonthly,2024,2006-06-21,2023-12-31,200,0.21932790820843695,-0.5306679735877728,0.41330534180457745,0.7556303853013648,0.8205433070017905,1.9069814686005364,False,False,189.0,0.25
MODEL_B_FOUR_STATE,bimonthly,2024,2006-06-21,2023-12-31,200,0.22188440285290145,-0.5306679735877728,0.4181228449736125,0.7597422561717134,0.8255952252364394,1.9119314828586143,False,False,189.0,0.33
MODEL_B_FOUR_STATE,bimonthly,2024,2006-06-21,2023-12-31,200,0.22218819527584888,-0.5306679735877728,0.4186953167225548,0.756742423458426,0.822241605543249,1.8467888644217652,False,False,189.0,0.4
MODEL_B_FOUR_STATE,bimonthly,2024,2006-06-21,2023-12-31,200,0.21780196797639295,-0.5306679735877728,0.41042983337370814,0.7525914496833512,0.8181692785340936,1.679190633736533,False,False,252.0,0.25
MODEL_B_FOUR_STATE,bimonthly,2024,2006-06-21,2023-12-31,200,0.22035526326980115,-0.5306679735877728,0.4152413076297212,0.7567188239522463,0.8232306708342907,1.6841406479946108,False,False,252.0,0.33
MODEL_B_FOUR_STATE,bimonthly,2024,2006-06-21,2023-12-31,200,0.22065867550865126,-0.5306679735877728,0.41581306295310877,0.7537307058348486,0.8198618390712337,1.6189980295577617,False,False,252.0,0.4
MODEL_B_FOUR_STATE,bimonthly,2024,2006-06-21,2023-12-31,225,0.20209552811111453,-0.5306679735877728,0.38083234370594216,0.7186558289482073,0.7683375980558911,2.2003148636585577,False,False,126.0,0.25
MODEL_B_FOUR_STATE,bimonthly,2024,2006-06-21,2023-12-31,225,0.20461589261607038,-0.5306679735877728,0.38558176260890703,0.7229577166456147,0.7735249295949368,2.2052648779166355,False,False,126.0,0.33
MODEL_B_FOUR_STATE,bimonthly,2024,2006-06-21,2023-12-31,225,0.20490164423347168,-0.5306679735877728,0.38612023794871203,0.7201368702940346,0.7704939064930002,2.1629387868682572,False,False,126.0,0.4
MODEL_B_FOUR_STATE,bimonthly,2024,2006-06-21,2023-12-31,225,0.21474975086562953,-0.5306679735877728,0.4046781821290931,0.7453450236407471,0.8048965278047202,1.9069814686005364,False,False,189.0,0.25
MODEL_B_FOUR_STATE,bimonthly,2024,2006-06-21,2023-12-31,225,0.21729664675109772,-0.5306679735877728,0.4094775972289888,0.749508190499004,0.8099890881448887,1.9119314828586143,False,False,189.0,0.33
MODEL_B_FOUR_STATE,bimonthly,2024,2006-06-21,2023-12-31,225,0.21759929853787807,-0.5306679735877728,0.41004791954321135,0.746582124883296,0.8067609930336266,1.8467888644217652,False,False,189.0,0.4
MODEL_B_FOUR_STATE,bimonthly,2024,2006-06-21,2023-12-31,225,0.2132295400148545,-0.5306679735877728,0.4018134702443772,0.7422859263389556,0.8025025316628438,1.679190633736533,False,False,252.0,0.25
MODEL_B_FOUR_STATE,bimonthly,2024,2006-06-21,2023-12-31,225,0.21577324856173052,-0.5306679735877728,0.4066068790677482,0.7464649008535008,0.8076049644602122,1.6841406479946108,False,False,252.0,0.33
MODEL_B_FOUR_STATE,bimonthly,2024,2006-06-21,2023-12-31,225,0.21607552159187393,-0.5306679735877727,0.40717648764634734,0.743550997765608,0.804362488829927,1.6189980295577617,False,False,252.0,0.4
MODEL_B_FOUR_STATE,bimonthly,2024,2006-06-21,2023-12-31,250,0.17996169915808502,-0.530667973587773,0.3391229697571323,0.6571233620508917,0.7106749160931817,2.1069960759406694,False,False,126.0,0.25
MODEL_B_FOUR_STATE,bimonthly,2024,2006-06-21,2023-12-31,250,0.1824356569378287,-0.5306679735877728,0.34378493901639934,0.6617106505104517,0.7162036211071902,2.1119460901987472,False,False,126.0,0.33
MODEL_B_FOUR_STATE,bimonthly,2024,2006-06-21,2023-12-31,250,0.18271614709532513,-0.5306679735877728,0.34431349956924384,0.6596099289704098,0.7139598115645479,2.069619999150369,False,False,126.0,0.4
MODEL_B_FOUR_STATE,bimonthly,2024,2006-06-21,2023-12-31,250,0.19335797393613574,-0.5306679735877728,0.3643671439768057,0.6835029215881759,0.7483721411169139,1.6995790976742529,False,False,189.0,0.25
MODEL_B_FOUR_STATE,bimonthly,2024,2006-06-21,2023-12-31,250,0.19586001891415905,-0.5306679735877727,0.36908204124318367,0.6879399867554971,0.7538257052028176,1.7045291119323307,False,False,189.0,0.33
MODEL_B_FOUR_STATE,bimonthly,2024,2006-06-21,2023-12-31,250,0.19614454086246735,-0.5306679735877728,0.3696181993730679,0.6857660451330778,0.7514626860706308,1.6607866891722973,False,False,189.0,0.4
MODEL_B_FOUR_STATE,bimonthly,2024,2006-06-21,2023-12-31,250,0.1918645340407632,-0.5306679735877728,0.3615528797481288,0.6803999063052465,0.7457780342268372,1.4717882628102497,False,False,252.0,0.25
MODEL_B_FOUR_STATE,bimonthly,2024,2006-06-21,2023-12-31,250,0.1943634478093157,-0.5306679735877728,0.3662618765086788,0.6848533228810046,0.7512440211693479,1.4767382770683273,False,False,252.0,0.33
MODEL_B_FOUR_STATE,bimonthly,2024,2006-06-21,2023-12-31,250,0.19464761368975658,-0.5306679735877728,0.3667973636580534,0.6826937465969758,0.7488739236518915,1.4329958543082937,False,False,252.0,0.4
MODEL_B_FOUR_STATE,bimonthly,2025,2006-06-21,2024-12-31,150,0.1583329403119318,-0.796723742948901,0.1987300387533282,0.5885166470137771,0.6320227310668343,2.2536603843284637,False,False,126.0,0.25
MODEL_B_FOUR_STATE,bimonthly,2025,2006-06-21,2024-12-31,150,0.16062936742763334,-0.796723742948901,0.20161237674817922,0.5930523502242797,0.6374593300381565,2.2583412488751096,False,False,126.0,0.33
MODEL_B_FOUR_STATE,bimonthly,2025,2006-06-21,2024-12-31,150,0.1608897131746032,-0.796723742948901,0.20193914716173092,0.59199235068057,0.6366015721696596,2.2183165764889368,False,False,126.0,0.4
MODEL_B_FOUR_STATE,bimonthly,2025,2006-06-21,2024-12-31,150,0.19340630932186786,-0.6410822814637887,0.3016871857388752,0.6872125651821812,0.7546791781927695,2.1912910410329722,False,False,189.0,0.25
MODEL_B_FOUR_STATE,bimonthly,2025,2006-06-21,2024-12-31,150,0.1957722703624285,-0.6410822814637887,0.3053777588664906,0.6914052097653464,0.7598121980657694,2.195971905579617,False,False,189.0,0.33
MODEL_B_FOUR_STATE,bimonthly,2025,2006-06-21,2024-12-31,150,0.19605340346354128,-0.6410822814637887,0.3058162877562157,0.6892659346065457,0.7574155282543694,2.1343713207693584,False,False,189.0,0.4
MODEL_B_FOUR_STATE,bimonthly,2025,2006-06-21,2024-12-31,150,0.20010354669412744,-0.6410822814637887,0.3121339529728217,0.7036839478116124,0.7747244569006487,1.8893014775852015,False,False,252.0,0.25
MODEL_B_FOUR_STATE,bimonthly,2025,2006-06-21,2024-12-31,150,0.20248278519315188,-0.6410822814637887,0.31584523710563517,0.7078029951563786,0.7797878687412633,1.8939823421318471,False,False,252.0,0.33
MODEL_B_FOUR_STATE,bimonthly,2025,2006-06-21,2024-12-31,150,0.2044830963992199,-0.6410822814637887,0.3189654468882246,0.7094981526505199,0.7819159655453698,1.8346361529357325,False,False,252.0,0.4
MODEL_B_FOUR_STATE,bimonthly,2025,2006-06-21,2024-12-31,175,0.227966255581858,-0.5306679735877728,0.42958359450375283,0.7763294711402792,0.8456253197195623,2.059438887670546,False,False,126.0,0.25
MODEL_B_FOUR_STATE,bimonthly,2025,2006-06-21,2024-12-31,175,0.23040073267246508,-0.5306679735877728,0.4341711656626978,0.7801236665298182,0.850322792301582,2.0641197522171915,False,False,126.0,0.33
MODEL_B_FOUR_STATE,bimonthly,2025,2006-06-21,2024-12-31,175,0.23067672913335935,-0.5306679735877728,0.434691258215162,0.7770807405209141,0.8469080684482161,2.0240950798310187,False,False,126.0,0.4
MODEL_B_FOUR_STATE,bimonthly,2025,2006-06-21,2024-12-31,175,0.23497246182089815,-0.5306679735877728,0.442786211936405,0.7929563127360999,0.8655014637954992,1.997069544375054,False,False,189.0,0.25
MODEL_B_FOUR_STATE,bimonthly,2025,2006-06-21,2024-12-31,175,0.23742082890929916,-0.5306679735877728,0.44739995764984597,0.7966735085762011,0.8701311509866129,2.0017504089216995,False,False,189.0,0.33
MODEL_B_FOUR_STATE,bimonthly,2025,2006-06-21,2024-12-31,175,0.2377117538317406,-0.5306679735877728,0.44794818165604433,0.7935239109373993,0.8665673738382637,1.9401498241114405,False,False,189.0,0.4
MODEL_B_FOUR_STATE,bimonthly,2025,2006-06-21,2024-12-31,175,0.2419029629087619,-0.5306679735877728,0.45584616925963967,0.8097476238505038,0.8861182131889334,1.695079980927284,False,False,252.0,0.25
MODEL_B_FOUR_STATE,bimonthly,2025,2006-06-21,2024-12-31,175,0.24436506990739915,-0.5306679735877728,0.4604858066999609,0.8133870017673557,0.8906694565125258,1.69976084547393,False,False,252.0,0.33
MODEL_B_FOUR_STATE,bimonthly,2025,2006-06-21,2024-12-31,175,0.2464350516355578,-0.5306679735877728,0.46438651643031037,0.8140830025035312,0.8916588731307052,1.6404146562778148,False,False,252.0,0.4
MODEL_B_FOUR_STATE,bimonthly,2025,2006-06-21,2024-12-31,200,0.22121090653624909,-0.5306679735877728,0.4168536967487838,0.7596969961285331,0.8304395022800128,2.167319344605199,False,False,126.0,0.25
MODEL_B_FOUR_STATE,bimonthly,2025,2006-06-21,2024-12-31,200,0.22363199096039166,-0.5306679735877728,0.4214160305330783,0.7635679612255248,0.8352134080912537,2.1720002091518453,False,False,126.0,0.33
MODEL_B_FOUR_STATE,bimonthly,2025,2006-06-21,2024-12-31,200,0.22390646909582657,-0.5306679735877728,0.42193326192652225,0.7606749070205809,0.8319349582236277,2.1319755367656725,False,False,126.0,0.4
MODEL_B_FOUR_STATE,bimonthly,2025,2006-06-21,2024-12-31,200,0.2298643968217,-0.5306679735877728,0.43316048501592924,0.7785457545322514,0.8563390797231395,1.8899355194912315,False,False,189.0,0.25
MODEL_B_FOUR_STATE,bimonthly,2025,2006-06-21,2024-12-31,200,0.23230263702985376,-0.5306679735877728,0.4377551474593195,0.7823289305664523,0.8610465516398843,1.8946163840378771,False,False,189.0,0.33
MODEL_B_FOUR_STATE,bimonthly,2025,2006-06-21,2024-12-31,200,0.23259235863524985,-0.5306679735877728,0.43830110391385607,0.7793491361740039,0.8576065239638593,1.8330157992276184,False,False,189.0,0.4
MODEL_B_FOUR_STATE,bimonthly,2025,2006-06-21,2024-12-31,200,0.22840890876859765,-0.5306679735877728,0.43041773790183074,0.7757158502317174,0.8541547705094577,1.6745304747025762,False,False,252.0,0.25
MODEL_B_FOUR_STATE,bimonthly,2025,2006-06-21,2024-12-31,200,0.23084426343139985,-0.5306679735877728,0.43500696277315115,0.7795122712279611,0.8588697793021157,1.6792113392492218,False,False,252.0,0.33
MODEL_B_FOUR_STATE,bimonthly,2025,2006-06-21,2024-12-31,200,0.23113364216457644,-0.5306679735877728,0.4355522731132874,0.7765420902825286,0.8554139217316948,1.6176107544389629,False,False,252.0,0.4
MODEL_B_FOUR_STATE,bimonthly,2025,2006-06-21,2024-12-31,225,0.21342184298310918,-0.5306679735877728,0.4021758493172173,0.7440239431096518,0.8065551216267816,2.1673193446051995,False,False,126.0,0.25
MODEL_B_FOUR_STATE,bimonthly,2025,2006-06-21,2024-12-31,225,0.21582748537316387,-0.5306679735877728,0.40670908386271,0.7479706894756161,0.8113829042867536,2.1720002091518453,False,False,126.0,0.33
MODEL_B_FOUR_STATE,bimonthly,2025,2006-06-21,2024-12-31,225,0.2161002128465066,-0.5306679735877728,0.40722301627792407,0.7451402416356468,0.8082294466464894,2.131975536765672,False,False,126.0,0.4
MODEL_B_FOUR_STATE,bimonthly,2025,2006-06-21,2024-12-31,225,0.22549731386843153,-0.5306679735877728,0.4249310776074828,0.7689079461678385,0.8414152479591264,1.8899355194912315,False,False,189.0,0.25
MODEL_B_FOUR_STATE,bimonthly,2025,2006-06-21,2024-12-31,225,0.22792689621375373,-0.5306679735877728,0.4295094250229036,0.7727357408823775,0.8461600133000848,1.894616384037878,False,False,189.0,0.33
MODEL_B_FOUR_STATE,bimonthly,2025,2006-06-21,2024-12-31,225,0.228215589056721,-0.5306679735877728,0.4300534428595473,0.7698200390195905,0.8428330480819447,1.8330157992276184,False,False,189.0,0.4
MODEL_B_FOUR_STATE,bimonthly,2025,2006-06-21,2024-12-31,225,0.2240469940575207,-0.5306679735877728,0.42219806961925727,0.7660604917999808,0.8392128261275812,1.6745304747025762,False,False,252.0,0.25
MODEL_B_FOUR_STATE,bimonthly,2025,2006-06-21,2024-12-31,225,0.2264737011036746,-0.5306679735877728,0.42677099877069496,0.7699017777645074,0.8439654665164443,1.6792113392492216,False,False,252.0,0.33
MODEL_B_FOUR_STATE,bimonthly,2025,2006-06-21,2024-12-31,225,0.22676205229191537,-0.5306679735877727,0.42731437278720347,0.7669960516414267,0.8406233726271664,1.6176107544389629,False,False,252.0,0.4
MODEL_B_FOUR_STATE,bimonthly,2025,2006-06-21,2024-12-31,250,0.19228365452949325,-0.530667973587773,0.3623426777189699,0.6857713455795118,0.7513597472677892,2.079074628087102,False,False,126.0,0.25
MODEL_B_FOUR_STATE,bimonthly,2025,2006-06-21,2024-12-31,250,0.19464738987585406,-0.5306679735877728,0.3667969418992255,0.689974326689207,0.7565001122639639,2.083755492633748,False,False,126.0,0.33
MODEL_B_FOUR_STATE,bimonthly,2025,2006-06-21,2024-12-31,250,0.19491536635121443,-0.5306679735877728,0.3673019214508435,0.6877878033689129,0.7540673646221158,2.043730820247575,False,False,126.0,0.4
MODEL_B_FOUR_STATE,bimonthly,2025,2006-06-21,2024-12-31,250,0.20507987795665894,-0.5306679735877728,0.3864561046903626,0.7101611363155386,0.7871088527225844,1.6938103460384817,False,False,189.0,0.25
MODEL_B_FOUR_STATE,bimonthly,2025,2006-06-21,2024-12-31,250,0.2074689821701512,-0.5306679735877727,0.3909581744070254,0.7142375705280817,0.7921871229197154,1.6984912105851273,False,False,189.0,0.33
MODEL_B_FOUR_STATE,bimonthly,2025,2006-06-21,2024-12-31,250,0.20774064375239187,-0.5306679735877728,0.391470098238426,0.7119973302985868,0.7896564764170427,1.6571272174314313,False,False,189.0,0.4
MODEL_B_FOUR_STATE,bimonthly,2025,2006-06-21,2024-12-31,250,0.2036537212438274,-0.5306679735877728,0.38376863006627804,0.7072726270367994,0.7847214081153677,1.4784053012498257,False,False,252.0,0.25
MODEL_B_FOUR_STATE,bimonthly,2025,2006-06-21,2024-12-31,250,0.2060399980621619,-0.5306679735877728,0.3882653717901119,0.7113630546344,0.789809850088519,1.4830861657964713,False,False,252.0,0.33
MODEL_B_FOUR_STATE,bimonthly,2025,2006-06-21,2024-12-31,250,0.20631133814539138,-0.5306679735877728,0.3887766897831594,0.7091347054195544,0.7872705538484104,1.4417221726427756,False,False,252.0,0.4
MODEL_B_FOUR_STATE,bimonthly,2026,2006-06-21,2025-12-31,150,0.15082815548686201,-0.796723742948901,0.18931048160884995,0.5676381616523172,0.6137804962583299,2.2613077073618797,False,False,126.0,0.25
MODEL_B_FOUR_STATE,bimonthly,2026,2006-06-21,2025-12-31,150,0.1543290794149541,-0.796723742948901,0.19370463197662255,0.5750172840735198,0.6223461394685412,2.267581994106738,False,False,126.0,0.33
MODEL_B_FOUR_STATE,bimonthly,2026,2006-06-21,2025-12-31,150,0.15457476077191612,-0.796723742948901,0.1940129965247314,0.5742055009021254,0.6217171975065451,2.229605408839723,False,False,126.0,0.4
MODEL_B_FOUR_STATE,bimonthly,2026,2006-06-21,2025-12-31,150,0.183865841459103,-0.6410822814637887,0.2868053708164895,0.6582660181556914,0.7267774272447403,2.2021298417479875,False,False,189.0,0.25
MODEL_B_FOUR_STATE,bimonthly,2026,2006-06-21,2025-12-31,150,0.1874672690330237,-0.6410822814637887,0.2924231014542752,0.6654349756431597,0.7352449747448335,2.2084041284928455,False,False,189.0,0.33
MODEL_B_FOUR_STATE,bimonthly,2026,2006-06-21,2025-12-31,150,0.1877321621457675,-0.6410822814637887,0.29283629820046975,0.6637290148052444,0.7333358238488785,2.1499556835193663,False,False,189.0,0.4
MODEL_B_FOUR_STATE,bimonthly,2026,2006-06-21,2025-12-31,150,0.1901686735795407,-0.6410822814637887,0.29663692021767774,0.6736028696710135,0.7454507446780821,1.915593270121111,False,False,252.0,0.25
MODEL_B_FOUR_STATE,bimonthly,2026,2006-06-21,2025-12-31,150,0.19378927494207643,-0.6410822814637887,0.3022845593230181,0.6807007608582205,0.7538586440274835,1.92186755686597,False,False,252.0,0.33
MODEL_B_FOUR_STATE,bimonthly,2026,2006-06-21,2025-12-31,150,0.19567342733212456,-0.6410822814637887,0.30522357736255284,0.6825954537484991,0.7562097798831117,1.8655581486955921,False,False,252.0,0.4
MODEL_B_FOUR_STATE,bimonthly,2026,2006-06-21,2025-12-31,175,0.2163713275496013,-0.5306679735877728,0.4077339095607083,0.7407331990930174,0.811581225196982,2.0770246442214355,False,False,126.0,0.25
MODEL_B_FOUR_STATE,bimonthly,2026,2006-06-21,2025-12-31,175,0.22007163976890198,-0.5306679735877728,0.41470684254983026,0.7475488761908385,0.8196392410535981,2.083298930966294,False,False,126.0,0.33
MODEL_B_FOUR_STATE,bimonthly,2026,2006-06-21,2025-12-31,175,0.22033131342816858,-0.5306679735877728,0.415196176129754,0.7450819190235829,0.8168683697684889,2.0453223456992786,False,False,126.0,0.4
MODEL_B_FOUR_STATE,bimonthly,2026,2006-06-21,2025-12-31,175,0.22295529248809376,-0.5306679735877728,0.4201408481102107,0.7562353762890172,0.8301331391849495,2.0178467786075434,False,False,189.0,0.25
MODEL_B_FOUR_STATE,bimonthly,2026,2006-06-21,2025-12-31,175,0.22667563372761368,-0.5306679735877728,0.42715152413493324,0.7629742221871625,0.8381290259055789,2.024121065352402,False,False,189.0,0.33
MODEL_B_FOUR_STATE,bimonthly,2026,2006-06-21,2025-12-31,175,0.22694927320839642,-0.5306679735877728,0.42766717515289976,0.7604185848906615,0.8352353295505578,1.9656726203789219,False,False,189.0,0.4
MODEL_B_FOUR_STATE,bimonthly,2026,2006-06-21,2025-12-31,175,0.22946623454708037,-0.5306679735877728,0.4324101810698898,0.7718437435892418,0.8492903456028392,1.7313102069806674,False,False,252.0,0.25
MODEL_B_FOUR_STATE,bimonthly,2026,2006-06-21,2025-12-31,175,0.23320638266457738,-0.5306679735877728,0.4394581815214912,0.7785078374635243,0.8572189274011284,1.737584493725526,False,False,252.0,0.33
MODEL_B_FOUR_STATE,bimonthly,2026,2006-06-21,2025-12-31,175,0.2351527469033019,-0.5306679735877728,0.44312594429519964,0.779563452540339,0.8586110163460047,1.681275085555148,False,False,252.0,0.4
MODEL_B_FOUR_STATE,bimonthly,2026,2006-06-21,2025-12-31,200,0.21002128108986207,-0.5306679735877728,0.3957677710790369,0.7252796322096298,0.7972795950872269,2.1793847917797886,False,False,126.0,0.25
MODEL_B_FOUR_STATE,bimonthly,2026,2006-06-21,2025-12-31,200,0.21370227589023316,-0.5306679735877728,0.40270430198645984,0.7321684611317911,0.8054211365043568,2.1856590785246475,False,False,126.0,0.33
MODEL_B_FOUR_STATE,bimonthly,2026,2006-06-21,2025-12-31,200,0.21396059392744293,-0.5306679735877728,0.4031910810084975,0.7298283266783807,0.8027671562674585,2.1476824932576317,False,False,126.0,0.4
MODEL_B_FOUR_STATE,bimonthly,2026,2006-06-21,2025-12-31,200,0.21815526336963242,-0.5306679735877728,0.41109558938466706,0.7430395975378007,0.8215199624134077,1.9161948677125895,False,False,189.0,0.25
MODEL_B_FOUR_STATE,bimonthly,2026,2006-06-21,2025-12-31,200,0.22186100248396423,-0.5306679735877728,0.4180787489095915,0.749829102979529,0.8295998472508115,1.922469154457448,False,False,189.0,0.33
MODEL_B_FOUR_STATE,bimonthly,2026,2006-06-21,2025-12-31,200,0.22213356794553807,-0.5306679735877728,0.418592376026998,0.747413258627545,0.826810746231619,1.8640207094839676,False,False,189.0,0.4
MODEL_B_FOUR_STATE,bimonthly,2026,2006-06-21,2025-12-31,200,0.21678736024059186,-0.5306679735877728,0.40851788883154655,0.7403335622761978,0.8193447450321324,1.711812231636657,False,False,252.0,0.25
MODEL_B_FOUR_STATE,bimonthly,2026,2006-06-21,2025-12-31,200,0.2204889380691808,-0.5306679735877728,0.415493206756921,0.7471405219290584,0.8274404632687918,1.7180865183815162,False,False,252.0,0.33
MODEL_B_FOUR_STATE,bimonthly,2026,2006-06-21,2025-12-31,200,0.22076119745881218,-0.5306679735877728,0.41600625710701217,0.7447343527849,0.824640810477947,1.6596380734080358,False,False,252.0,0.4
MODEL_B_FOUR_STATE,bimonthly,2026,2006-06-21,2025-12-31,225,0.20269730813637765,-0.5306679735877728,0.38196634849842015,0.7103391419626011,0.7748076311493102,2.1793847917797886,False,False,126.0,0.25
MODEL_B_FOUR_STATE,bimonthly,2026,2006-06-21,2025-12-31,225,0.20635602274483733,-0.5306679735877728,0.3888608942229786,0.7173251928952962,0.7830022229610684,2.185659078524647,False,False,126.0,0.33
MODEL_B_FOUR_STATE,bimonthly,2026,2006-06-21,2025-12-31,225,0.20661277724399407,-0.5306679735877728,0.3893447268865947,0.7150458134203597,0.7804594883939501,2.1476824932576317,False,False,126.0,0.4
MODEL_B_FOUR_STATE,bimonthly,2026,2006-06-21,2025-12-31,225,0.2140507234184148,-0.5306679735877728,0.4033609225958134,0.7339751592015967,0.8076146313306546,1.9161948677125895,False,False,189.0,0.25
MODEL_B_FOUR_STATE,bimonthly,2026,2006-06-21,2025-12-31,225,0.21774397614886687,-0.5306679735877728,0.4103205525608224,0.7408140413166048,0.8157216488441409,1.922469154457448,False,False,189.0,0.33
MODEL_B_FOUR_STATE,bimonthly,2026,2006-06-21,2025-12-31,225,0.2180156232087722,-0.5306679735877728,0.4108324490260807,0.7384546434924328,0.8130292915717692,1.8640207094839676,False,False,189.0,0.4
MODEL_B_FOUR_STATE,bimonthly,2026,2006-06-21,2025-12-31,225,0.21268742940055363,-0.5306679735877728,0.40079190753231875,0.73125380804591,0.8054241562495968,1.711812231636657,False,False,252.0,0.25
MODEL_B_FOUR_STATE,bimonthly,2026,2006-06-21,2025-12-31,225,0.21637653486659847,-0.5306679735877728,0.40774372231982764,0.7381103934332572,0.8135473090062585,1.7180865183815162,False,False,252.0,0.33
MODEL_B_FOUR_STATE,bimonthly,2026,2006-06-21,2025-12-31,225,0.21664787688586196,-0.5306679735877727,0.4082550439611715,0.7357609658812232,0.8108449533120997,1.6596380734080358,False,False,252.0,0.4
MODEL_B_FOUR_STATE,bimonthly,2026,2006-06-21,2025-12-31,250,0.18280912377087222,-0.530667973587773,0.3444887064409125,0.656783967955015,0.7235971370866764,2.0956556117160736,False,False,126.0,0.25
MODEL_B_FOUR_STATE,bimonthly,2026,2006-06-21,2025-12-31,250,0.18640733671346665,-0.5306679735877728,0.3512692417693731,0.6639732469812406,0.732076346841696,2.1019298984609316,False,False,126.0,0.33
MODEL_B_FOUR_STATE,bimonthly,2026,2006-06-21,2025-12-31,250,0.18665984543874403,-0.5306679735877728,0.35174507362251883,0.6622273545748449,0.7301349547958708,2.0639533131939163,False,False,126.0,0.4
MODEL_B_FOUR_STATE,bimonthly,2026,2006-06-21,2025-12-31,250,0.19485077906321768,-0.5306679735877728,0.3671802120370266,0.6802358544966888,0.7575292684566061,1.730105540090521,False,False,189.0,0.25
MODEL_B_FOUR_STATE,bimonthly,2026,2006-06-21,2025-12-31,250,0.19848562381651802,-0.5306679735877727,0.37402977698952544,0.6872495887544643,0.7659228873551518,1.7363798268353794,False,False,189.0,0.33
MODEL_B_FOUR_STATE,bimonthly,2026,2006-06-21,2025-12-31,250,0.19874146514276725,-0.5306679735877728,0.3745118888541618,0.6854435334726648,0.7638878663457217,1.6971324546687994,False,False,189.0,0.4
MODEL_B_FOUR_STATE,bimonthly,2026,2006-06-21,2025-12-31,250,0.1935090452394883,-0.5306679735877728,0.36465182538000246,0.6774836902041098,0.7551855319491384,1.5257229040145888,False,False,252.0,0.25
MODEL_B_FOUR_STATE,bimonthly,2026,2006-06-21,2025-12-31,250,0.19713980831645284,-0.5306679735877728,0.37149369875030863,0.6845152586149906,0.7635968430304813,1.5319971907594474,False,False,252.0,0.33
MODEL_B_FOUR_STATE,bimonthly,2026,2006-06-21,2025-12-31,250,0.19739536235079358,-0.5306679735877728,0.3719752692370538,0.6827205241685077,0.7615566406880329,1.4927498185928676,False,False,252.0,0.4
MODEL_A_QLD_TREND,quarterly,2013,2006-06-21,2012-12-31,150,0.10328192174470963,-0.46112249075217937,0.22397936300230545,0.4719104668089876,0.5299419798672363,1.2248510964643466,False,False,,
MODEL_A_QLD_TREND,quarterly,2013,2006-06-21,2012-12-31,175,0.10328192174470963,-0.46112249075217937,0.22397936300230545,0.4719104668089876,0.5299419798672363,1.2248510964643466,False,False,,
MODEL_A_QLD_TREND,quarterly,2013,2006-06-21,2012-12-31,200,0.04745125799327421,-0.46112249075217937,0.102903803099849,0.3053068023640519,0.33669075577930474,1.2248510964643466,False,False,,
MODEL_A_QLD_TREND,quarterly,2013,2006-06-21,2012-12-31,225,0.04745125799327421,-0.46112249075217937,0.102903803099849,0.3053068023640519,0.33669075577930474,1.2248510964643466,False,False,,
MODEL_A_QLD_TREND,quarterly,2013,2006-06-21,2012-12-31,250,0.04745125799327421,-0.46112249075217937,0.102903803099849,0.3053068023640519,0.33669075577930474,1.2248510964643466,False,False,,
MODEL_A_QLD_TREND,quarterly,2014,2006-06-21,2013-12-31,150,0.17923232158883784,-0.46112249075217937,0.3886870087305338,0.6953469029011796,0.7924098126825582,1.0622799509336243,False,False,,
MODEL_A_QLD_TREND,quarterly,2014,2006-06-21,2013-12-31,175,0.17923232158883784,-0.46112249075217937,0.3886870087305338,0.6953469029011796,0.7924098126825582,1.0622799509336243,False,False,,
MODEL_A_QLD_TREND,quarterly,2014,2006-06-21,2013-12-31,200,0.1273014110725068,-0.46112249075217937,0.27606853629033307,0.548940688264886,0.6152459216439381,1.0622799509336243,False,False,,
MODEL_A_QLD_TREND,quarterly,2014,2006-06-21,2013-12-31,225,0.1273014110725068,-0.46112249075217937,0.27606853629033307,0.548940688264886,0.6152459216439381,1.0622799509336243,False,False,,
MODEL_A_QLD_TREND,quarterly,2014,2006-06-21,2013-12-31,250,0.1273014110725068,-0.46112249075217937,0.27606853629033307,0.548940688264886,0.6152459216439381,1.0622799509336243,False,False,,
MODEL_A_QLD_TREND,quarterly,2015,2006-06-21,2014-12-31,150,0.20077084073193863,-0.46112249075217937,0.4353958975291854,0.7595870947500007,0.8815895092710121,0.9378073403105832,False,False,,
MODEL_A_QLD_TREND,quarterly,2015,2006-06-21,2014-12-31,175,0.20077084073193863,-0.46112249075217937,0.4353958975291854,0.7595870947500007,0.8815895092710121,0.9378073403105832,False,False,,
MODEL_A_QLD_TREND,quarterly,2015,2006-06-21,2014-12-31,200,0.15396509457361685,-0.46112249075217937,0.3338919650665275,0.62958005709477,0.7200583388895135,0.9378073403105832,False,False,,
MODEL_A_QLD_TREND,quarterly,2015,2006-06-21,2014-12-31,225,0.15396509457361685,-0.46112249075217937,0.3338919650665275,0.62958005709477,0.7200583388895135,0.9378073403105832,False,False,,
MODEL_A_QLD_TREND,quarterly,2015,2006-06-21,2014-12-31,250,0.15396509457361685,-0.46112249075217937,0.3338919650665275,0.62958005709477,0.7200583388895135,0.9378073403105832,False,False,,
MODEL_A_QLD_TREND,quarterly,2016,2006-06-21,2015-12-31,150,0.17226607200035193,-0.46112249075217937,0.37357985232807206,0.6781592248864368,0.7893124197497288,0.9444022600768581,False,False,,
MODEL_A_QLD_TREND,quarterly,2016,2006-06-21,2015-12-31,175,0.17226607200035193,-0.46112249075217937,0.37357985232807206,0.6781592248864368,0.7893124197497288,0.9444022600768581,False,False,,
MODEL_A_QLD_TREND,quarterly,2016,2006-06-21,2015-12-31,200,0.1312792820496158,-0.46112249075217937,0.2846950315424305,0.5618283377420455,0.645428363164848,0.9444022600768581,False,False,,
MODEL_A_QLD_TREND,quarterly,2016,2006-06-21,2015-12-31,225,0.1312792820496158,-0.46112249075217937,0.2846950315424305,0.5618283377420455,0.645428363164848,0.9444022600768581,False,False,,
MODEL_A_QLD_TREND,quarterly,2016,2006-06-21,2015-12-31,250,0.1312792820496158,-0.46112249075217937,0.2846950315424305,0.5618283377420455,0.645428363164848,0.9444022600768581,False,False,,
MODEL_A_QLD_TREND,quarterly,2017,2006-06-21,2016-12-31,150,0.17026488023187736,-0.46112249075217937,0.3692400254738012,0.6706120912132832,0.7876088683763128,0.9496976154315561,False,False,,
MODEL_A_QLD_TREND,quarterly,2017,2006-06-21,2016-12-31,175,0.17026488023187736,-0.46112249075217937,0.3692400254738012,0.6706120912132832,0.7876088683763128,0.9496976154315561,False,False,,
MODEL_A_QLD_TREND,quarterly,2017,2006-06-21,2016-12-31,200,0.13316997535817787,-0.46112249075217937,0.2887952290961824,0.5658797681333277,0.6568324823119802,0.9496976154315561,False,False,,
MODEL_A_QLD_TREND,quarterly,2017,2006-06-21,2016-12-31,225,0.13316997535817787,-0.46112249075217937,0.2887952290961824,0.5658797681333277,0.6568324823119802,0.9496976154315561,False,False,,
MODEL_A_QLD_TREND,quarterly,2017,2006-06-21,2016-12-31,250,0.13316997535817787,-0.46112249075217937,0.2887952290961824,0.5658797681333277,0.6568324823119802,0.9496976154315561,False,False,,
MODEL_A_QLD_TREND,quarterly,2018,2006-06-21,2017-12-31,150,0.20907111705115966,-0.46112249075217937,0.453396052554549,0.789845198934403,0.9218429476056924,0.8675664840423695,False,False,,
MODEL_A_QLD_TREND,quarterly,2018,2006-06-21,2017-12-31,175,0.20907111705115966,-0.46112249075217937,0.453396052554549,0.789845198934403,0.9218429476056924,0.8675664840423695,False,False,,
MODEL_A_QLD_TREND,quarterly,2018,2006-06-21,2017-12-31,200,0.17401198610692803,-0.46112249075217937,0.3773660786379798,0.6925410089553405,0.7992376235657174,0.8675664840423695,False,False,,
MODEL_A_QLD_TREND,quarterly,2018,2006-06-21,2017-12-31,225,0.17401198610692803,-0.46112249075217937,0.3773660786379798,0.6925410089553405,0.7992376235657174,0.8675664840423695,False,False,,
MODEL_A_QLD_TREND,quarterly,2018,2006-06-21,2017-12-31,250,0.17401198610692803,-0.46112249075217937,0.3773660786379798,0.6925410089553405,0.7992376235657174,0.8675664840423695,False,False,,
MODEL_A_QLD_TREND,quarterly,2019,2006-06-21,2018-12-31,150,0.18258275963305004,-0.46112249075217937,0.3959528396353483,0.6953788702777273,0.8120485431413336,0.7979867419873979,False,False,,
MODEL_A_QLD_TREND,quarterly,2019,2006-06-21,2018-12-31,175,0.18258275963305004,-0.46112249075217937,0.3959528396353483,0.6953788702777273,0.8120485431413336,0.7979867419873979,False,False,,
MODEL_A_QLD_TREND,quarterly,2019,2006-06-21,2018-12-31,200,0.15100481943153898,-0.46112249075217937,0.32747224969491534,0.6096989833740348,0.7050880954102882,0.7979867419873979,False,False,,
MODEL_A_QLD_TREND,quarterly,2019,2006-06-21,2018-12-31,225,0.15100481943153898,-0.46112249075217937,0.32747224969491534,0.6096989833740348,0.7050880954102882,0.7979867419873979,False,False,,
MODEL_A_QLD_TREND,quarterly,2019,2006-06-21,2018-12-31,250,0.15100481943153898,-0.46112249075217937,0.32747224969491534,0.6096989833740348,0.7050880954102882,0.7979867419873979,False,False,,
MODEL_A_QLD_TREND,quarterly,2020,2006-06-21,2019-12-31,150,0.18911195803247716,-0.46112249075217937,0.41011219757249145,0.716478537798501,0.8327732460727432,0.8868457392433109,False,False,,
MODEL_A_QLD_TREND,quarterly,2020,2006-06-21,2019-12-31,175,0.18911195803247716,-0.46112249075217937,0.41011219757249145,0.716478537798501,0.8327732460727432,0.8868457392433109,False,False,,
MODEL_A_QLD_TREND,quarterly,2020,2006-06-21,2019-12-31,200,0.15967598233452573,-0.46112249075217937,0.34627671722119546,0.6365882326843536,0.7331989647807955,0.8868457392433109,False,False,,
MODEL_A_QLD_TREND,quarterly,2020,2006-06-21,2019-12-31,225,0.15967598233452573,-0.46112249075217937,0.34627671722119546,0.6365882326843536,0.7331989647807955,0.8868457392433109,False,False,,
MODEL_A_QLD_TREND,quarterly,2020,2006-06-21,2019-12-31,250,0.15967598233452573,-0.46112249075217937,0.34627671722119546,0.6365882326843536,0.7331989647807955,0.8868457392433109,False,False,,
MODEL_A_QLD_TREND,quarterly,2021,2006-06-21,2020-12-31,150,0.18093846463880126,-0.517154219036865,0.34987332207359056,0.6582873316100034,0.7238155853683637,0.9632979581435964,False,False,,
MODEL_A_QLD_TREND,quarterly,2021,2006-06-21,2020-12-31,175,0.18093846463880126,-0.517154219036865,0.34987332207359056,0.6582873316100034,0.7238155853683637,0.9632979581435964,False,False,,
MODEL_A_QLD_TREND,quarterly,2021,2006-06-21,2020-12-31,200,0.15369749313805592,-0.517154219036865,0.2971985676232097,0.5910194514943854,0.6445036428914563,0.9632979581435964,False,False,,
MODEL_A_QLD_TREND,quarterly,2021,2006-06-21,2020-12-31,225,0.15369749313805592,-0.517154219036865,0.2971985676232097,0.5910194514943854,0.6445036428914563,0.9632979581435964,False,False,,
MODEL_A_QLD_TREND,quarterly,2021,2006-06-21,2020-12-31,250,0.15369749313805592,-0.517154219036865,0.2971985676232097,0.5910194514943854,0.6445036428914563,0.9632979581435964,False,False,,
MODEL_A_QLD_TREND,quarterly,2022,2006-06-21,2021-12-31,150,0.20164479376459066,-0.517154219036865,0.3899123053469985,0.7073852000208701,0.7912712363033347,0.9013085796664432,False,False,,
MODEL_A_QLD_TREND,quarterly,2022,2006-06-21,2021-12-31,175,0.20164479376459066,-0.517154219036865,0.3899123053469985,0.7073852000208701,0.7912712363033347,0.9013085796664432,False,False,,
MODEL_A_QLD_TREND,quarterly,2022,2006-06-21,2021-12-31,200,0.1756905021151154,-0.517154219036865,0.33972555119499354,0.6448398682262223,0.7158923584536347,0.9013085796664432,False,False,,
MODEL_A_QLD_TREND,quarterly,2022,2006-06-21,2021-12-31,225,0.1756905021151154,-0.517154219036865,0.33972555119499354,0.6448398682262223,0.7158923584536347,0.9013085796664432,False,False,,
MODEL_A_QLD_TREND,quarterly,2022,2006-06-21,2021-12-31,250,0.1756905021151154,-0.517154219036865,0.33972555119499354,0.6448398682262223,0.7158923584536347,0.9013085796664432,False,False,,
MODEL_A_QLD_TREND,quarterly,2023,2006-06-21,2022-12-31,150,0.17342620819324162,-0.517154219036865,0.33534717848038875,0.6399187139130962,0.7053392266099825,0.9074672405348022,False,False,,
MODEL_A_QLD_TREND,quarterly,2023,2006-06-21,2022-12-31,175,0.17342620819324162,-0.517154219036865,0.33534717848038875,0.6399187139130962,0.7053392266099825,0.9074672405348022,False,False,,
MODEL_A_QLD_TREND,quarterly,2023,2006-06-21,2022-12-31,200,0.14959419254206252,-0.517154219036865,0.289264182782194,0.5806672509535475,0.6354396425459664,0.9074672405348022,False,False,,
MODEL_A_QLD_TREND,quarterly,2023,2006-06-21,2022-12-31,225,0.14959419254206252,-0.517154219036865,0.289264182782194,0.5806672509535475,0.6354396425459664,0.9074672405348022,False,False,,
MODEL_A_QLD_TREND,quarterly,2023,2006-06-21,2022-12-31,250,0.11084495143292683,-0.5786966921474048,0.19154239679789384,0.4759490177607791,0.5228075090522908,0.9074672405348022,False,False,,
MODEL_A_QLD_TREND,quarterly,2024,2006-06-21,2023-12-31,150,0.19267381703485764,-0.517154219036865,0.3725654938940429,0.6907767339937035,0.7661106994973721,0.9128968328335832,False,False,,
MODEL_A_QLD_TREND,quarterly,2024,2006-06-21,2023-12-31,175,0.19267381703485764,-0.517154219036865,0.3725654938940429,0.6907767339937035,0.7661106994973721,0.9128968328335832,False,False,,
MODEL_A_QLD_TREND,quarterly,2024,2006-06-21,2023-12-31,200,0.1698152761532714,-0.517154219036865,0.32836486661470365,0.6344911779803193,0.6989072536331872,0.9128968328335832,False,False,,
MODEL_A_QLD_TREND,quarterly,2024,2006-06-21,2023-12-31,225,0.1698152761532714,-0.517154219036865,0.32836486661470365,0.6344911779803193,0.6989072536331872,0.9128968328335832,False,False,,
MODEL_A_QLD_TREND,quarterly,2024,2006-06-21,2023-12-31,250,0.13259099663394425,-0.5828557048950731,0.2274851142750907,0.5326172622789349,0.5881994424644209,0.9128968328335832,False,False,,
MODEL_A_QLD_TREND,quarterly,2025,2006-06-21,2024-12-31,150,0.20424148785905594,-0.517154219036865,0.39493342670476544,0.7181355297222382,0.8057163519547457,0.8632594163910952,False,False,,
MODEL_A_QLD_TREND,quarterly,2025,2006-06-21,2024-12-31,175,0.20424148785905594,-0.517154219036865,0.39493342670476544,0.7181355297222382,0.8057163519547457,0.8632594163910952,False,False,,
MODEL_A_QLD_TREND,quarterly,2025,2006-06-21,2024-12-31,200,0.18240474800971795,-0.517154219036865,0.3527086143654092,0.665134343114985,0.741552622866172,0.8632594163910952,False,False,,
MODEL_A_QLD_TREND,quarterly,2025,2006-06-21,2024-12-31,225,0.18240474800971795,-0.517154219036865,0.3527086143654092,0.665134343114985,0.741552622866172,0.8632594163910952,False,False,,
MODEL_A_QLD_TREND,quarterly,2025,2006-06-21,2024-12-31,250,0.14679453141196142,-0.5828557048950731,0.2518539840634959,0.5679836910600883,0.6344328468134527,0.8632594163910952,False,False,,
MODEL_A_QLD_TREND,quarterly,2026,2006-06-21,2025-12-31,150,0.19175559181842905,-0.517154219036865,0.3707899592805215,0.6894793897532034,0.7727810725788934,0.9214716383571847,False,False,,
MODEL_A_QLD_TREND,quarterly,2026,2006-06-21,2025-12-31,175,0.19175559181842905,-0.517154219036865,0.3707899592805215,0.6894793897532034,0.7727810725788934,0.9214716383571847,False,False,,
MODEL_A_QLD_TREND,quarterly,2026,2006-06-21,2025-12-31,200,0.17124150107623648,-0.517154219036865,0.3311226995211454,0.6388602033414537,0.7117605320927771,0.9214716383571847,False,False,,
MODEL_A_QLD_TREND,quarterly,2026,2006-06-21,2025-12-31,225,0.17124150107623648,-0.517154219036865,0.3311226995211454,0.6388602033414537,0.7117605320927771,0.9214716383571847,False,False,,
MODEL_A_QLD_TREND,quarterly,2026,2006-06-21,2025-12-31,250,0.13774641267124776,-0.5828557048950731,0.23633021263134957,0.5467433014632045,0.6101698443339214,0.9214716383571847,False,False,,
MODEL_B_FOUR_STATE,quarterly,2013,2006-06-21,2012-12-31,150,0.06106404947341049,-0.46112249075217926,0.13242479102201957,0.34643107585934907,0.380539790893903,2.0856049772289236,False,False,126.0,0.25
MODEL_B_FOUR_STATE,quarterly,2013,2006-06-21,2012-12-31,150,0.06043493380930243,-0.46112249075217926,0.13106047746819172,0.344453047259464,0.37900905091164255,2.084654272497312,False,False,126.0,0.33
MODEL_B_FOUR_STATE,quarterly,2013,2006-06-21,2012-12-31,150,0.05594285063590321,-0.46112249075217926,0.1213188507562268,0.33100329253689076,0.36059322066691724,2.025329917361584,False,False,126.0,0.4
MODEL_B_FOUR_STATE,quarterly,2013,2006-06-21,2012-12-31,150,0.04902564628069839,-0.46112249075217937,0.10631805488543432,0.3102274076485431,0.34080131385312223,2.0856049772289236,False,False,189.0,0.25
MODEL_B_FOUR_STATE,quarterly,2013,2006-06-21,2012-12-31,150,0.048403668308253156,-0.46112249075217937,0.10496922028092248,0.30834738717206506,0.33931681095912997,2.0846542724973114,False,False,189.0,0.33
MODEL_B_FOUR_STATE,quarterly,2013,2006-06-21,2012-12-31,150,0.043962550492169905,-0.46112249075217937,0.09533811812227709,0.29528717161624635,0.3216486447278575,2.025329917361584,False,False,189.0,0.4
MODEL_B_FOUR_STATE,quarterly,2013,2006-06-21,2012-12-31,150,0.07633765046160623,-0.46112249075217937,0.16554744561924287,0.39198378417552376,0.43535590842572947,1.8407449816814234,False,False,252.0,0.25
MODEL_B_FOUR_STATE,quarterly,2013,2006-06-21,2012-12-31,150,0.07569947892416651,-0.46112249075217937,0.16416349330670493,0.38983744919199853,0.4337058712183758,1.8397942769498117,False,False,252.0,0.33
MODEL_B_FOUR_STATE,quarterly,2013,2006-06-21,2012-12-31,150,0.07709971814171834,-0.46112249075217937,0.16720008173089518,0.3928022501064449,0.4335313507314801,1.727865217540858,False,False,252.0,0.4
MODEL_B_FOUR_STATE,quarterly,2013,2006-06-21,2012-12-31,175,0.06106404947341049,-0.46112249075217926,0.13242479102201957,0.34643107585934907,0.380539790893903,2.0856049772289236,False,False,126.0,0.25
MODEL_B_FOUR_STATE,quarterly,2013,2006-06-21,2012-12-31,175,0.06043493380930243,-0.46112249075217926,0.13106047746819172,0.344453047259464,0.37900905091164255,2.084654272497312,False,False,126.0,0.33
MODEL_B_FOUR_STATE,quarterly,2013,2006-06-21,2012-12-31,175,0.05594285063590321,-0.46112249075217926,0.1213188507562268,0.33100329253689076,0.36059322066691724,2.025329917361584,False,False,126.0,0.4
MODEL_B_FOUR_STATE,quarterly,2013,2006-06-21,2012-12-31,175,0.04902564628069839,-0.46112249075217937,0.10631805488543432,0.3102274076485431,0.34080131385312223,2.0856049772289236,False,False,189.0,0.25
MODEL_B_FOUR_STATE,quarterly,2013,2006-06-21,2012-12-31,175,0.048403668308253156,-0.46112249075217937,0.10496922028092248,0.30834738717206506,0.33931681095912997,2.0846542724973114,False,False,189.0,0.33
MODEL_B_FOUR_STATE,quarterly,2013,2006-06-21,2012-12-31,175,0.043962550492169905,-0.46112249075217937,0.09533811812227709,0.29528717161624635,0.3216486447278575,2.025329917361584,False,False,189.0,0.4
MODEL_B_FOUR_STATE,quarterly,2013,2006-06-21,2012-12-31,175,0.07633765046160623,-0.46112249075217937,0.16554744561924287,0.39198378417552376,0.43535590842572947,1.8407449816814234,False,False,252.0,0.25
MODEL_B_FOUR_STATE,quarterly,2013,2006-06-21,2012-12-31,175,0.07569947892416651,-0.46112249075217937,0.16416349330670493,0.38983744919199853,0.4337058712183758,1.8397942769498117,False,False,252.0,0.33
MODEL_B_FOUR_STATE,quarterly,2013,2006-06-21,2012-12-31,175,0.07709971814171834,-0.46112249075217937,0.16720008173089518,0.3928022501064449,0.4335313507314801,1.727865217540858,False,False,252.0,0.4
MODEL_B_FOUR_STATE,quarterly,2013,2006-06-21,2012-12-31,200,0.03362892633735015,-0.46112249075217926,0.07292840191441306,0.26324668828414816,0.2870308023444489,1.7794687371728506,False,False,126.0,0.25
MODEL_B_FOUR_STATE,quarterly,2013,2006-06-21,2012-12-31,200,0.03301607723671718,-0.46112249075217926,0.07159936437466241,0.26155181081650686,0.2857087791082179,1.778518032441239,False,False,126.0,0.33
MODEL_B_FOUR_STATE,quarterly,2013,2006-06-21,2012-12-31,200,0.028640142428782767,-0.46112249075217926,0.06210961946806194,0.24933333278579586,0.26956210278727355,1.7191936773055116,False,False,126.0,0.4
MODEL_B_FOUR_STATE,quarterly,2013,2006-06-21,2012-12-31,200,0.021901790946160293,-0.46112249075217937,0.04749668772484782,0.22619011301379943,0.24668670145141075,1.7794687371728508,False,False,189.0,0.25
MODEL_B_FOUR_STATE,quarterly,2013,2006-06-21,2012-12-31,200,0.021295894983345276,-0.46112249075217937,0.04618272890703635,0.2246019949820198,0.24541114582326568,1.778518032441239,False,False,189.0,0.33
MODEL_B_FOUR_STATE,quarterly,2013,2006-06-21,2012-12-31,200,0.01696960776038825,-0.46112249075217937,0.036800650804751596,0.21281024002364368,0.23008295587378783,1.7191936773055116,False,False,189.0,0.4
MODEL_B_FOUR_STATE,quarterly,2013,2006-06-21,2012-12-31,200,0.021901790946160293,-0.46112249075217937,0.04749668772484782,0.22619011301379943,0.24668670145141075,1.7794687371728508,False,False,252.0,0.25
MODEL_B_FOUR_STATE,quarterly,2013,2006-06-21,2012-12-31,200,0.021295894983345276,-0.46112249075217937,0.04618272890703635,0.2246019949820198,0.24541114582326568,1.778518032441239,False,False,252.0,0.33
MODEL_B_FOUR_STATE,quarterly,2013,2006-06-21,2012-12-31,200,0.01696960776038825,-0.46112249075217937,0.036800650804751596,0.21281024002364368,0.23008295587378783,1.7191936773055116,False,False,252.0,0.4
MODEL_B_FOUR_STATE,quarterly,2013,2006-06-21,2012-12-31,225,0.03362892633735015,-0.46112249075217926,0.07292840191441306,0.26324668828414816,0.2870308023444489,1.7794687371728506,False,False,126.0,0.25
MODEL_B_FOUR_STATE,quarterly,2013,2006-06-21,2012-12-31,225,0.03301607723671718,-0.46112249075217926,0.07159936437466241,0.26155181081650686,0.2857087791082179,1.778518032441239,False,False,126.0,0.33
MODEL_B_FOUR_STATE,quarterly,2013,2006-06-21,2012-12-31,225,0.028640142428782767,-0.46112249075217926,0.06210961946806194,0.24933333278579586,0.26956210278727355,1.7191936773055116,False,False,126.0,0.4
MODEL_B_FOUR_STATE,quarterly,2013,2006-06-21,2012-12-31,225,0.021901790946160293,-0.46112249075217937,0.04749668772484782,0.22619011301379943,0.24668670145141075,1.7794687371728508,False,False,189.0,0.25
MODEL_B_FOUR_STATE,quarterly,2013,2006-06-21,2012-12-31,225,0.021295894983345276,-0.46112249075217937,0.04618272890703635,0.2246019949820198,0.24541114582326568,1.778518032441239,False,False,189.0,0.33
MODEL_B_FOUR_STATE,quarterly,2013,2006-06-21,2012-12-31,225,0.01696960776038825,-0.46112249075217937,0.036800650804751596,0.21281024002364368,0.23008295587378783,1.7191936773055116,False,False,189.0,0.4
MODEL_B_FOUR_STATE,quarterly,2013,2006-06-21,2012-12-31,225,0.021901790946160293,-0.46112249075217937,0.04749668772484782,0.22619011301379943,0.24668670145141075,1.7794687371728508,False,False,252.0,0.25
MODEL_B_FOUR_STATE,quarterly,2013,2006-06-21,2012-12-31,225,0.021295894983345276,-0.46112249075217937,0.04618272890703635,0.2246019949820198,0.24541114582326568,1.778518032441239,False,False,252.0,0.33
MODEL_B_FOUR_STATE,quarterly,2013,2006-06-21,2012-12-31,225,0.01696960776038825,-0.46112249075217937,0.036800650804751596,0.21281024002364368,0.23008295587378783,1.7191936773055116,False,False,252.0,0.4
MODEL_B_FOUR_STATE,quarterly,2013,2006-06-21,2012-12-31,250,0.03362892633735015,-0.46112249075217926,0.07292840191441306,0.26324668828414816,0.2870308023444489,1.7794687371728506,False,False,126.0,0.25
MODEL_B_FOUR_STATE,quarterly,2013,2006-06-21,2012-12-31,250,0.03301607723671718,-0.46112249075217926,0.07159936437466241,0.26155181081650686,0.2857087791082179,1.778518032441239,False,False,126.0,0.33
MODEL_B_FOUR_STATE,quarterly,2013,2006-06-21,2012-12-31,250,0.028640142428782767,-0.46112249075217926,0.06210961946806194,0.24933333278579586,0.26956210278727355,1.7191936773055116,False,False,126.0,0.4
MODEL_B_FOUR_STATE,quarterly,2013,2006-06-21,2012-12-31,250,0.021901790946160293,-0.46112249075217937,0.04749668772484782,0.22619011301379943,0.24668670145141075,1.7794687371728508,False,False,189.0,0.25
MODEL_B_FOUR_STATE,quarterly,2013,2006-06-21,2012-12-31,250,0.021295894983345276,-0.46112249075217937,0.04618272890703635,0.2246019949820198,0.24541114582326568,1.778518032441239,False,False,189.0,0.33
MODEL_B_FOUR_STATE,quarterly,2013,2006-06-21,2012-12-31,250,0.01696960776038825,-0.46112249075217937,0.036800650804751596,0.21281024002364368,0.23008295587378783,1.7191936773055116,False,False,189.0,0.4
MODEL_B_FOUR_STATE,quarterly,2013,2006-06-21,2012-12-31,250,0.021901790946160293,-0.46112249075217937,0.04749668772484782,0.22619011301379943,0.24668670145141075,1.7794687371728508,False,False,252.0,0.25
MODEL_B_FOUR_STATE,quarterly,2013,2006-06-21,2012-12-31,250,0.021295894983345276,-0.46112249075217937,0.04618272890703635,0.2246019949820198,0.24541114582326568,1.778518032441239,False,False,252.0,0.33
MODEL_B_FOUR_STATE,quarterly,2013,2006-06-21,2012-12-31,250,0.01696960776038825,-0.46112249075217937,0.036800650804751596,0.21281024002364368,0.23008295587378783,1.7191936773055116,False,False,252.0,0.4
MODEL_B_FOUR_STATE,quarterly,2014,2006-06-21,2013-12-31,150,0.13933279473379678,-0.46112249075217926,0.30216004972240296,0.5810017429967698,0.6454579733182982,2.394593806668635,False,False,126.0,0.25
MODEL_B_FOUR_STATE,quarterly,2014,2006-06-21,2013-12-31,150,0.14162408189864273,-0.46112249075217926,0.307128983597453,0.5862164551207348,0.6528278212703238,2.3445856375326013,False,False,126.0,0.33
MODEL_B_FOUR_STATE,quarterly,2014,2006-06-21,2013-12-31,150,0.1374287643220835,-0.46112249075217926,0.2980309290442781,0.5705808304968772,0.6293741492478049,2.2931352422603433,False,False,126.0,0.4
MODEL_B_FOUR_STATE,quarterly,2014,2006-06-21,2013-12-31,150,0.1284432039731962,-0.46112249075217937,0.27854465255789335,0.5501120235046352,0.6111043586138573,2.4473406908475175,False,False,189.0,0.25
MODEL_B_FOUR_STATE,quarterly,2014,2006-06-21,2013-12-31,150,0.13074261554847988,-0.46112249075217937,0.28353120520149333,0.5555707051766411,0.6187003249870232,2.344232059509847,False,False,189.0,0.33
MODEL_B_FOUR_STATE,quarterly,2014,2006-06-21,2013-12-31,150,0.12658728592221102,-0.46112249075217937,0.2745198693642612,0.5403166214329785,0.595989248840252,2.292781664237589,False,False,189.0,0.4
MODEL_B_FOUR_STATE,quarterly,2014,2006-06-21,2013-12-31,150,0.1599434973386007,-0.46112249075217937,0.3468568559249889,0.6361014713355405,0.7202888357345576,1.7068867120564264,False,False,252.0,0.25
MODEL_B_FOUR_STATE,quarterly,2014,2006-06-21,2013-12-31,150,0.16230709658317433,-0.46112249075217937,0.35198260730770314,0.6411132787851276,0.727748751656597,1.6037780807187563,False,False,252.0,0.33
MODEL_B_FOUR_STATE,quarterly,2014,2006-06-21,2013-12-31,150,0.16361914649937703,-0.46112249075217937,0.354827946545142,0.6397315271108065,0.7205481653903834,1.506705060104082,False,False,252.0,0.4
MODEL_B_FOUR_STATE,quarterly,2014,2006-06-21,2013-12-31,175,0.13933279473379678,-0.46112249075217926,0.30216004972240296,0.5810017429967698,0.6454579733182982,2.394593806668635,False,False,126.0,0.25
MODEL_B_FOUR_STATE,quarterly,2014,2006-06-21,2013-12-31,175,0.14162408189864273,-0.46112249075217926,0.307128983597453,0.5862164551207348,0.6528278212703238,2.3445856375326013,False,False,126.0,0.33
MODEL_B_FOUR_STATE,quarterly,2014,2006-06-21,2013-12-31,175,0.1374287643220835,-0.46112249075217926,0.2980309290442781,0.5705808304968772,0.6293741492478049,2.2931352422603433,False,False,126.0,0.4
MODEL_B_FOUR_STATE,quarterly,2014,2006-06-21,2013-12-31,175,0.1284432039731962,-0.46112249075217937,0.27854465255789335,0.5501120235046352,0.6111043586138573,2.4473406908475175,False,False,189.0,0.25
MODEL_B_FOUR_STATE,quarterly,2014,2006-06-21,2013-12-31,175,0.13074261554847988,-0.46112249075217937,0.28353120520149333,0.5555707051766411,0.6187003249870232,2.344232059509847,False,False,189.0,0.33
MODEL_B_FOUR_STATE,quarterly,2014,2006-06-21,2013-12-31,175,0.12658728592221102,-0.46112249075217937,0.2745198693642612,0.5403166214329785,0.595989248840252,2.292781664237589,False,False,189.0,0.4
MODEL_B_FOUR_STATE,quarterly,2014,2006-06-21,2013-12-31,175,0.1599434973386007,-0.46112249075217937,0.3468568559249889,0.6361014713355405,0.7202888357345576,1.7068867120564264,False,False,252.0,0.25
MODEL_B_FOUR_STATE,quarterly,2014,2006-06-21,2013-12-31,175,0.16230709658317433,-0.46112249075217937,0.35198260730770314,0.6411132787851276,0.727748751656597,1.6037780807187563,False,False,252.0,0.33
MODEL_B_FOUR_STATE,quarterly,2014,2006-06-21,2013-12-31,175,0.16361914649937703,-0.46112249075217937,0.354827946545142,0.6397315271108065,0.7205481653903834,1.506705060104082,False,False,252.0,0.4
MODEL_B_FOUR_STATE,quarterly,2014,2006-06-21,2013-12-31,200,0.11373965668265162,-0.46112249075217926,0.2466582284831096,0.5068246793919521,0.5586080528803291,2.1290901948381866,False,False,126.0,0.25
MODEL_B_FOUR_STATE,quarterly,2014,2006-06-21,2013-12-31,200,0.11597947404956344,-0.46112249075217926,0.25151554386423153,0.5124067969876616,0.5662118726890153,2.079082025702153,False,False,126.0,0.33
MODEL_B_FOUR_STATE,quarterly,2014,2006-06-21,2013-12-31,200,0.11187839701659397,-0.46112249075217926,0.24262186134989608,0.4977760915299661,0.5446869536920537,2.027631630429895,False,False,126.0,0.4
MODEL_B_FOUR_STATE,quarterly,2014,2006-06-21,2013-12-31,200,0.10309468171907255,-0.46112249075217937,0.22357331031697308,0.47571268962027896,0.52442724519874,2.1818370790170687,False,False,189.0,0.25
MODEL_B_FOUR_STATE,quarterly,2014,2006-06-21,2013-12-31,200,0.10534244099561185,-0.46112249075217937,0.2284478486915225,0.4815423413090501,0.5322524839884757,2.0787284476793992,False,False,189.0,0.33
MODEL_B_FOUR_STATE,quarterly,2014,2006-06-21,2013-12-31,200,0.10128045365288396,-0.46112249075217937,0.2196389369073629,0.4673018857808549,0.5114731504041186,2.0272780524071408,False,False,189.0,0.4
MODEL_B_FOUR_STATE,quarterly,2014,2006-06-21,2013-12-31,200,0.10889149364763329,-0.46112249075217937,0.23614439944148102,0.4914759555112897,0.5474510628895572,1.6537434963644462,False,False,252.0,0.25
MODEL_B_FOUR_STATE,quarterly,2014,2006-06-21,2013-12-31,200,0.11115106499978378,-0.46112249075217937,0.24104455373338013,0.4972018738386149,0.5552925114940522,1.550634865026776,False,False,252.0,0.33
MODEL_B_FOUR_STATE,quarterly,2014,2006-06-21,2013-12-31,200,0.10706773173174922,-0.46112249075217937,0.2321893507234947,0.48290332309598344,0.5339735513025512,1.4991844697545178,False,False,252.0,0.4
MODEL_B_FOUR_STATE,quarterly,2014,2006-06-21,2013-12-31,225,0.11373965668265162,-0.46112249075217926,0.2466582284831096,0.5068246793919521,0.5586080528803291,2.1290901948381866,False,False,126.0,0.25
MODEL_B_FOUR_STATE,quarterly,2014,2006-06-21,2013-12-31,225,0.11597947404956344,-0.46112249075217926,0.25151554386423153,0.5124067969876616,0.5662118726890153,2.079082025702153,False,False,126.0,0.33
MODEL_B_FOUR_STATE,quarterly,2014,2006-06-21,2013-12-31,225,0.11187839701659397,-0.46112249075217926,0.24262186134989608,0.4977760915299661,0.5446869536920537,2.027631630429895,False,False,126.0,0.4
MODEL_B_FOUR_STATE,quarterly,2014,2006-06-21,2013-12-31,225,0.10309468171907255,-0.46112249075217937,0.22357331031697308,0.47571268962027896,0.52442724519874,2.1818370790170687,False,False,189.0,0.25
MODEL_B_FOUR_STATE,quarterly,2014,2006-06-21,2013-12-31,225,0.10534244099561185,-0.46112249075217937,0.2284478486915225,0.4815423413090501,0.5322524839884757,2.0787284476793992,False,False,189.0,0.33
MODEL_B_FOUR_STATE,quarterly,2014,2006-06-21,2013-12-31,225,0.10128045365288396,-0.46112249075217937,0.2196389369073629,0.4673018857808549,0.5114731504041186,2.0272780524071408,False,False,189.0,0.4
MODEL_B_FOUR_STATE,quarterly,2014,2006-06-21,2013-12-31,225,0.10889149364763329,-0.46112249075217937,0.23614439944148102,0.4914759555112897,0.5474510628895572,1.6537434963644462,False,False,252.0,0.25
MODEL_B_FOUR_STATE,quarterly,2014,2006-06-21,2013-12-31,225,0.11115106499978378,-0.46112249075217937,0.24104455373338013,0.4972018738386149,0.5552925114940522,1.550634865026776,False,False,252.0,0.33
MODEL_B_FOUR_STATE,quarterly,2014,2006-06-21,2013-12-31,225,0.10706773173174922,-0.46112249075217937,0.2321893507234947,0.48290332309598344,0.5339735513025512,1.4991844697545178,False,False,252.0,0.4
MODEL_B_FOUR_STATE,quarterly,2014,2006-06-21,2013-12-31,250,0.11373965668265162,-0.46112249075217926,0.2466582284831096,0.5068246793919521,0.5586080528803291,2.1290901948381866,False,False,126.0,0.25
MODEL_B_FOUR_STATE,quarterly,2014,2006-06-21,2013-12-31,250,0.11597947404956344,-0.46112249075217926,0.25151554386423153,0.5124067969876616,0.5662118726890153,2.079082025702153,False,False,126.0,0.33
MODEL_B_FOUR_STATE,quarterly,2014,2006-06-21,2013-12-31,250,0.11187839701659397,-0.46112249075217926,0.24262186134989608,0.4977760915299661,0.5446869536920537,2.027631630429895,False,False,126.0,0.4
MODEL_B_FOUR_STATE,quarterly,2014,2006-06-21,2013-12-31,250,0.10309468171907255,-0.46112249075217937,0.22357331031697308,0.47571268962027896,0.52442724519874,2.1818370790170687,False,False,189.0,0.25
MODEL_B_FOUR_STATE,quarterly,2014,2006-06-21,2013-12-31,250,0.10534244099561185,-0.46112249075217937,0.2284478486915225,0.4815423413090501,0.5322524839884757,2.0787284476793992,False,False,189.0,0.33
MODEL_B_FOUR_STATE,quarterly,2014,2006-06-21,2013-12-31,250,0.10128045365288396,-0.46112249075217937,0.2196389369073629,0.4673018857808549,0.5114731504041186,2.0272780524071408,False,False,189.0,0.4
MODEL_B_FOUR_STATE,quarterly,2014,2006-06-21,2013-12-31,250,0.10889149364763329,-0.46112249075217937,0.23614439944148102,0.4914759555112897,0.5474510628895572,1.6537434963644462,False,False,252.0,0.25
MODEL_B_FOUR_STATE,quarterly,2014,2006-06-21,2013-12-31,250,0.11115106499978378,-0.46112249075217937,0.24104455373338013,0.4972018738386149,0.5552925114940522,1.550634865026776,False,False,252.0,0.33
MODEL_B_FOUR_STATE,quarterly,2014,2006-06-21,2013-12-31,250,0.10706773173174922,-0.46112249075217937,0.2321893507234947,0.48290332309598344,0.5339735513025512,1.4991844697545178,False,False,252.0,0.4
MODEL_B_FOUR_STATE,quarterly,2015,2006-06-21,2014-12-31,150,0.16851130179057638,-0.46112249075217926,0.36543717812527887,0.6640943090205833,0.7554857710004454,2.121652732765306,False,False,126.0,0.25
MODEL_B_FOUR_STATE,quarterly,2015,2006-06-21,2014-12-31,150,0.1705856676161559,-0.46112249075217926,0.36993569178961094,0.6683423065903363,0.7618524047332021,2.0775042688410386,False,False,126.0,0.33
MODEL_B_FOUR_STATE,quarterly,2015,2006-06-21,2014-12-31,150,0.16678715837175861,-0.46112249075217926,0.36169816418994605,0.653459889702787,0.7383556177932625,2.0320825715701845,False,False,126.0,0.4
MODEL_B_FOUR_STATE,quarterly,2015,2006-06-21,2014-12-31,150,0.15864595140687165,-0.46112249075217937,0.3440429703354734,0.6369858181650708,0.7245571128335061,2.168219002907176,False,False,189.0,0.25
MODEL_B_FOUR_STATE,quarterly,2015,2006-06-21,2014-12-31,150,0.16073001318231683,-0.46112249075217937,0.3485625108420439,0.6414309944086175,0.7311191560289394,2.0771921213089124,False,False,189.0,0.33
MODEL_B_FOUR_STATE,quarterly,2015,2006-06-21,2014-12-31,150,0.15696348518928138,-0.46112249075217937,0.3403943384614439,0.6268413485900541,0.7082218842850967,2.0317704240380583,False,False,189.0,0.4
MODEL_B_FOUR_STATE,quarterly,2015,2006-06-21,2014-12-31,150,0.18715329302168948,-0.46112249075217937,0.40586459514565537,0.7119959656331872,0.8233863356690739,1.5145276893676893,False,False,252.0,0.25
MODEL_B_FOUR_STATE,quarterly,2015,2006-06-21,2014-12-31,150,0.1892886310829638,-0.46112249075217937,0.4104953344917045,0.716104548897526,0.8298290554928995,1.4235008077694251,False,False,252.0,0.33
MODEL_B_FOUR_STATE,quarterly,2015,2006-06-21,2014-12-31,150,0.19047375201100514,-0.46112249075217937,0.41306541283706605,0.713819800830193,0.8212321550442372,1.3378023144498892,False,False,252.0,0.4
MODEL_B_FOUR_STATE,quarterly,2015,2006-06-21,2014-12-31,175,0.16851130179057638,-0.46112249075217926,0.36543717812527887,0.6640943090205833,0.7554857710004454,2.121652732765306,False,False,126.0,0.25
MODEL_B_FOUR_STATE,quarterly,2015,2006-06-21,2014-12-31,175,0.1705856676161559,-0.46112249075217926,0.36993569178961094,0.6683423065903363,0.7618524047332021,2.0775042688410386,False,False,126.0,0.33
MODEL_B_FOUR_STATE,quarterly,2015,2006-06-21,2014-12-31,175,0.16678715837175861,-0.46112249075217926,0.36169816418994605,0.653459889702787,0.7383556177932625,2.0320825715701845,False,False,126.0,0.4
MODEL_B_FOUR_STATE,quarterly,2015,2006-06-21,2014-12-31,175,0.15864595140687165,-0.46112249075217937,0.3440429703354734,0.6369858181650708,0.7245571128335061,2.168219002907176,False,False,189.0,0.25
MODEL_B_FOUR_STATE,quarterly,2015,2006-06-21,2014-12-31,175,0.16073001318231683,-0.46112249075217937,0.3485625108420439,0.6414309944086175,0.7311191560289394,2.0771921213089124,False,False,189.0,0.33
MODEL_B_FOUR_STATE,quarterly,2015,2006-06-21,2014-12-31,175,0.15696348518928138,-0.46112249075217937,0.3403943384614439,0.6268413485900541,0.7082218842850967,2.0317704240380583,False,False,189.0,0.4
MODEL_B_FOUR_STATE,quarterly,2015,2006-06-21,2014-12-31,175,0.18715329302168948,-0.46112249075217937,0.40586459514565537,0.7119959656331872,0.8233863356690739,1.5145276893676893,False,False,252.0,0.25
MODEL_B_FOUR_STATE,quarterly,2015,2006-06-21,2014-12-31,175,0.1892886310829638,-0.46112249075217937,0.4104953344917045,0.716104548897526,0.8298290554928995,1.4235008077694251,False,False,252.0,0.33
MODEL_B_FOUR_STATE,quarterly,2015,2006-06-21,2014-12-31,175,0.19047375201100514,-0.46112249075217937,0.41306541283706605,0.713819800830193,0.8212321550442372,1.3378023144498892,False,False,252.0,0.4
MODEL_B_FOUR_STATE,quarterly,2015,2006-06-21,2014-12-31,200,0.14530764046545563,-0.46112249075217926,0.31511722672305786,0.5987190508186437,0.6765425361779246,1.887259495996852,False,False,126.0,0.25
MODEL_B_FOUR_STATE,quarterly,2015,2006-06-21,2014-12-31,200,0.1473408146636992,-0.46112249075217926,0.3195264113519123,0.6032517728838301,0.683112579514894,1.843111032072584,False,False,126.0,0.33
MODEL_B_FOUR_STATE,quarterly,2015,2006-06-21,2014-12-31,200,0.143617734148072,-0.46112249075217926,0.3114524600910355,0.5891522459676292,0.6611728502818482,1.7976893348017309,False,False,126.0,0.4
MODEL_B_FOUR_STATE,quarterly,2015,2006-06-21,2014-12-31,200,0.13563819083924167,-0.46112249075217937,0.2941478534651167,0.5714400339974427,0.6457644956751887,1.9338257661387224,False,False,189.0,0.25
MODEL_B_FOUR_STATE,quarterly,2015,2006-06-21,2014-12-31,200,0.13768086845045668,-0.46112249075217937,0.29857764739662285,0.5761723455422727,0.652526886914703,1.842798884540458,False,False,189.0,0.33
MODEL_B_FOUR_STATE,quarterly,2015,2006-06-21,2014-12-31,200,0.1339891341199113,-0.46112249075217937,0.2905716741366254,0.5623715122312748,0.631187912193936,1.7973771872696043,False,False,189.0,0.4
MODEL_B_FOUR_STATE,quarterly,2015,2006-06-21,2014-12-31,200,0.14090512126516308,-0.46112249075217937,0.3055698303401332,0.5846972960555555,0.6666015670121243,1.4676115278418644,False,False,252.0,0.25
MODEL_B_FOUR_STATE,quarterly,2015,2006-06-21,2014-12-31,200,0.14295727252823998,-0.46112249075217937,0.3100201690337186,0.5893572755159376,0.6733768963838554,1.3765846462436,False,False,252.0,0.33
MODEL_B_FOUR_STATE,quarterly,2015,2006-06-21,2014-12-31,200,0.13924841645238262,-0.46112249075217937,0.3019770651941997,0.5755353372209921,0.6516109710970064,1.3311629489727463,False,False,252.0,0.4
MODEL_B_FOUR_STATE,quarterly,2015,2006-06-21,2014-12-31,225,0.14530764046545563,-0.46112249075217926,0.31511722672305786,0.5987190508186437,0.6765425361779246,1.887259495996852,False,False,126.0,0.25
MODEL_B_FOUR_STATE,quarterly,2015,2006-06-21,2014-12-31,225,0.1473408146636992,-0.46112249075217926,0.3195264113519123,0.6032517728838301,0.683112579514894,1.843111032072584,False,False,126.0,0.33
MODEL_B_FOUR_STATE,quarterly,2015,2006-06-21,2014-12-31,225,0.143617734148072,-0.46112249075217926,0.3114524600910355,0.5891522459676292,0.6611728502818482,1.7976893348017309,False,False,126.0,0.4
MODEL_B_FOUR_STATE,quarterly,2015,2006-06-21,2014-12-31,225,0.13563819083924167,-0.46112249075217937,0.2941478534651167,0.5714400339974427,0.6457644956751887,1.9338257661387224,False,False,189.0,0.25
MODEL_B_FOUR_STATE,quarterly,2015,2006-06-21,2014-12-31,225,0.13768086845045668,-0.46112249075217937,0.29857764739662285,0.5761723455422727,0.652526886914703,1.842798884540458,False,False,189.0,0.33
MODEL_B_FOUR_STATE,quarterly,2015,2006-06-21,2014-12-31,225,0.1339891341199113,-0.46112249075217937,0.2905716741366254,0.5623715122312748,0.631187912193936,1.7973771872696043,False,False,189.0,0.4
MODEL_B_FOUR_STATE,quarterly,2015,2006-06-21,2014-12-31,225,0.14090512126516308,-0.46112249075217937,0.3055698303401332,0.5846972960555555,0.6666015670121243,1.4676115278418644,False,False,252.0,0.25
MODEL_B_FOUR_STATE,quarterly,2015,2006-06-21,2014-12-31,225,0.14295727252823998,-0.46112249075217937,0.3100201690337186,0.5893572755159376,0.6733768963838554,1.3765846462436,False,False,252.0,0.33
MODEL_B_FOUR_STATE,quarterly,2015,2006-06-21,2014-12-31,225,0.13924841645238262,-0.46112249075217937,0.3019770651941997,0.5755353372209921,0.6516109710970064,1.3311629489727463,False,False,252.0,0.4
MODEL_B_FOUR_STATE,quarterly,2015,2006-06-21,2014-12-31,250,0.14530764046545563,-0.46112249075217926,0.31511722672305786,0.5987190508186437,0.6765425361779246,1.887259495996852,False,False,126.0,0.25
MODEL_B_FOUR_STATE,quarterly,2015,2006-06-21,2014-12-31,250,0.1473408146636992,-0.46112249075217926,0.3195264113519123,0.6032517728838301,0.683112579514894,1.843111032072584,False,False,126.0,0.33
MODEL_B_FOUR_STATE,quarterly,2015,2006-06-21,2014-12-31,250,0.143617734148072,-0.46112249075217926,0.3114524600910355,0.5891522459676292,0.6611728502818482,1.7976893348017309,False,False,126.0,0.4
MODEL_B_FOUR_STATE,quarterly,2015,2006-06-21,2014-12-31,250,0.13563819083924167,-0.46112249075217937,0.2941478534651167,0.5714400339974427,0.6457644956751887,1.9338257661387224,False,False,189.0,0.25
MODEL_B_FOUR_STATE,quarterly,2015,2006-06-21,2014-12-31,250,0.13768086845045668,-0.46112249075217937,0.29857764739662285,0.5761723455422727,0.652526886914703,1.842798884540458,False,False,189.0,0.33
MODEL_B_FOUR_STATE,quarterly,2015,2006-06-21,2014-12-31,250,0.1339891341199113,-0.46112249075217937,0.2905716741366254,0.5623715122312748,0.631187912193936,1.7973771872696043,False,False,189.0,0.4
MODEL_B_FOUR_STATE,quarterly,2015,2006-06-21,2014-12-31,250,0.14090512126516308,-0.46112249075217937,0.3055698303401332,0.5846972960555555,0.6666015670121243,1.4676115278418644,False,False,252.0,0.25
MODEL_B_FOUR_STATE,quarterly,2015,2006-06-21,2014-12-31,250,0.14295727252823998,-0.46112249075217937,0.3100201690337186,0.5893572755159376,0.6733768963838554,1.3765846462436,False,False,252.0,0.33
MODEL_B_FOUR_STATE,quarterly,2015,2006-06-21,2014-12-31,250,0.13924841645238262,-0.46112249075217937,0.3019770651941997,0.5755353372209921,0.6516109710970064,1.3311629489727463,False,False,252.0,0.4
MODEL_B_FOUR_STATE,quarterly,2016,2006-06-21,2015-12-31,150,0.1441188256815935,-0.46112249075217926,0.3125391378037277,0.594140128996534,0.679332309434796,2.0474407536097625,False,False,126.0,0.25
MODEL_B_FOUR_STATE,quarterly,2016,2006-06-21,2015-12-31,150,0.1442653892238217,-0.46112249075217926,0.3128569786056134,0.5910817907986449,0.6762445577319227,2.050418119645136,False,False,126.0,0.33
MODEL_B_FOUR_STATE,quarterly,2016,2006-06-21,2015-12-31,150,0.14117812178328148,-0.46112249075217926,0.30616186504586423,0.5788216714135992,0.6575578388874492,1.926068628940859,False,False,126.0,0.4
MODEL_B_FOUR_STATE,quarterly,2016,2006-06-21,2015-12-31,150,0.13546870075418704,-0.46112249075217937,0.29378029367687436,0.5698118816776478,0.6514354042899804,2.08912291783158,False,False,189.0,0.25
MODEL_B_FOUR_STATE,quarterly,2016,2006-06-21,2015-12-31,150,0.13563798502704194,-0.46112249075217937,0.29414740713642124,0.5671009839050046,0.6487761141319233,2.0501387117248564,False,False,189.0,0.33
MODEL_B_FOUR_STATE,quarterly,2016,2006-06-21,2015-12-31,150,0.13257399462024244,-0.46112249075217937,0.2875027726450488,0.5551286810220201,0.6306212767235677,1.9257892210205791,False,False,189.0,0.4
MODEL_B_FOUR_STATE,quarterly,2016,2006-06-21,2015-12-31,150,0.1604436281851429,-0.46112249075217937,0.34794145027155043,0.6375854638918296,0.7397203653950954,1.5039940552811486,False,False,252.0,0.25
MODEL_B_FOUR_STATE,quarterly,2016,2006-06-21,2015-12-31,150,0.1606166359093153,-0.46112249075217937,0.348316638486487,0.6341641673602506,0.7361534951876979,1.465009849174425,False,False,252.0,0.33
MODEL_B_FOUR_STATE,quarterly,2016,2006-06-21,2015-12-31,150,0.16189307858737934,-0.46112249075217937,0.3510847591131385,0.6331066173361098,0.730806629771953,1.30460799648979,False,False,252.0,0.4
MODEL_B_FOUR_STATE,quarterly,2016,2006-06-21,2015-12-31,175,0.1441188256815935,-0.46112249075217926,0.3125391378037277,0.594140128996534,0.679332309434796,2.0474407536097625,False,False,126.0,0.25
MODEL_B_FOUR_STATE,quarterly,2016,2006-06-21,2015-12-31,175,0.1442653892238217,-0.46112249075217926,0.3128569786056134,0.5910817907986449,0.6762445577319227,2.050418119645136,False,False,126.0,0.33
MODEL_B_FOUR_STATE,quarterly,2016,2006-06-21,2015-12-31,175,0.14117812178328148,-0.46112249075217926,0.30616186504586423,0.5788216714135992,0.6575578388874492,1.926068628940859,False,False,126.0,0.4
MODEL_B_FOUR_STATE,quarterly,2016,2006-06-21,2015-12-31,175,0.13546870075418704,-0.46112249075217937,0.29378029367687436,0.5698118816776478,0.6514354042899804,2.08912291783158,False,False,189.0,0.25
MODEL_B_FOUR_STATE,quarterly,2016,2006-06-21,2015-12-31,175,0.13563798502704194,-0.46112249075217937,0.29414740713642124,0.5671009839050046,0.6487761141319233,2.0501387117248564,False,False,189.0,0.33
MODEL_B_FOUR_STATE,quarterly,2016,2006-06-21,2015-12-31,175,0.13257399462024244,-0.46112249075217937,0.2875027726450488,0.5551286810220201,0.6306212767235677,1.9257892210205791,False,False,189.0,0.4
MODEL_B_FOUR_STATE,quarterly,2016,2006-06-21,2015-12-31,175,0.1604436281851429,-0.46112249075217937,0.34794145027155043,0.6375854638918296,0.7397203653950954,1.5039940552811486,False,False,252.0,0.25
MODEL_B_FOUR_STATE,quarterly,2016,2006-06-21,2015-12-31,175,0.1606166359093153,-0.46112249075217937,0.348316638486487,0.6341641673602506,0.7361534951876979,1.465009849174425,False,False,252.0,0.33
MODEL_B_FOUR_STATE,quarterly,2016,2006-06-21,2015-12-31,175,0.16189307858737934,-0.46112249075217937,0.3510847591131385,0.6331066173361098,0.730806629771953,1.30460799648979,False,False,252.0,0.4
MODEL_B_FOUR_STATE,quarterly,2016,2006-06-21,2015-12-31,200,0.12376111646470211,-0.46112249075217926,0.26839097842055804,0.5356778644907535,0.6088409170613827,1.8376318649506436,False,False,126.0,0.25
MODEL_B_FOUR_STATE,quarterly,2016,2006-06-21,2015-12-31,200,0.12390507215020463,-0.46112249075217926,0.26870316376911413,0.5333198204716864,0.6065946966536993,1.8406092309860176,False,False,126.0,0.33
MODEL_B_FOUR_STATE,quarterly,2016,2006-06-21,2015-12-31,200,0.12087273754655059,-0.46112249075217926,0.26212717872291147,0.5218094457272988,0.5892667888914014,1.7162597402817403,False,False,126.0,0.4
MODEL_B_FOUR_STATE,quarterly,2016,2006-06-21,2015-12-31,200,0.11526490625664954,-0.46112249075217937,0.24996591701400278,0.511212425783232,0.5810512874320903,1.8793140291724615,False,False,189.0,0.25
MODEL_B_FOUR_STATE,quarterly,2016,2006-06-21,2015-12-31,200,0.11543117839481654,-0.46112249075217937,0.25032649829446857,0.5092068256908441,0.5792287760359137,1.840329823065738,False,False,189.0,0.33
MODEL_B_FOUR_STATE,quarterly,2016,2006-06-21,2015-12-31,200,0.11242170664844342,-0.46112249075217937,0.24380009412479972,0.4979893244096906,0.5624329078759887,1.7159803323614606,False,False,189.0,0.4
MODEL_B_FOUR_STATE,quarterly,2016,2006-06-21,2015-12-31,200,0.11989371219658929,-0.46112249075217937,0.2600040436132699,0.523438522510381,0.5996046931060702,1.4619986980532909,False,False,252.0,0.25
MODEL_B_FOUR_STATE,quarterly,2016,2006-06-21,2015-12-31,200,0.12006067443219992,-0.46112249075217937,0.26036612145366816,0.5213355601275693,0.5976486904672649,1.4230144919465673,False,False,252.0,0.33
MODEL_B_FOUR_STATE,quarterly,2016,2006-06-21,2015-12-31,200,0.11703871214603012,-0.46112249075217937,0.2538126300348471,0.5100640168862469,0.580507215019092,1.2986650012422902,False,False,252.0,0.4
MODEL_B_FOUR_STATE,quarterly,2016,2006-06-21,2015-12-31,225,0.12376111646470211,-0.46112249075217926,0.26839097842055804,0.5356778644907535,0.6088409170613827,1.8376318649506436,False,False,126.0,0.25
MODEL_B_FOUR_STATE,quarterly,2016,2006-06-21,2015-12-31,225,0.12390507215020463,-0.46112249075217926,0.26870316376911413,0.5333198204716864,0.6065946966536993,1.8406092309860176,False,False,126.0,0.33
MODEL_B_FOUR_STATE,quarterly,2016,2006-06-21,2015-12-31,225,0.12087273754655059,-0.46112249075217926,0.26212717872291147,0.5218094457272988,0.5892667888914014,1.7162597402817403,False,False,126.0,0.4
MODEL_B_FOUR_STATE,quarterly,2016,2006-06-21,2015-12-31,225,0.11526490625664954,-0.46112249075217937,0.24996591701400278,0.511212425783232,0.5810512874320903,1.8793140291724615,False,False,189.0,0.25
MODEL_B_FOUR_STATE,quarterly,2016,2006-06-21,2015-12-31,225,0.11543117839481654,-0.46112249075217937,0.25032649829446857,0.5092068256908441,0.5792287760359137,1.840329823065738,False,False,189.0,0.33
MODEL_B_FOUR_STATE,quarterly,2016,2006-06-21,2015-12-31,225,0.11242170664844342,-0.46112249075217937,0.24380009412479972,0.4979893244096906,0.5624329078759887,1.7159803323614606,False,False,189.0,0.4
MODEL_B_FOUR_STATE,quarterly,2016,2006-06-21,2015-12-31,225,0.11989371219658929,-0.46112249075217937,0.2600040436132699,0.523438522510381,0.5996046931060702,1.4619986980532909,False,False,252.0,0.25
MODEL_B_FOUR_STATE,quarterly,2016,2006-06-21,2015-12-31,225,0.12006067443219992,-0.46112249075217937,0.26036612145366816,0.5213355601275693,0.5976486904672649,1.4230144919465673,False,False,252.0,0.33
MODEL_B_FOUR_STATE,quarterly,2016,2006-06-21,2015-12-31,225,0.11703871214603012,-0.46112249075217937,0.2538126300348471,0.5100640168862469,0.580507215019092,1.2986650012422902,False,False,252.0,0.4
MODEL_B_FOUR_STATE,quarterly,2016,2006-06-21,2015-12-31,250,0.12376111646470211,-0.46112249075217926,0.26839097842055804,0.5356778644907535,0.6088409170613827,1.8376318649506436,False,False,126.0,0.25
MODEL_B_FOUR_STATE,quarterly,2016,2006-06-21,2015-12-31,250,0.12390507215020463,-0.46112249075217926,0.26870316376911413,0.5333198204716864,0.6065946966536993,1.8406092309860176,False,False,126.0,0.33
MODEL_B_FOUR_STATE,quarterly,2016,2006-06-21,2015-12-31,250,0.12087273754655059,-0.46112249075217926,0.26212717872291147,0.5218094457272988,0.5892667888914014,1.7162597402817403,False,False,126.0,0.4
MODEL_B_FOUR_STATE,quarterly,2016,2006-06-21,2015-12-31,250,0.11526490625664954,-0.46112249075217937,0.24996591701400278,0.511212425783232,0.5810512874320903,1.8793140291724615,False,False,189.0,0.25
MODEL_B_FOUR_STATE,quarterly,2016,2006-06-21,2015-12-31,250,0.11543117839481654,-0.46112249075217937,0.25032649829446857,0.5092068256908441,0.5792287760359137,1.840329823065738,False,False,189.0,0.33
MODEL_B_FOUR_STATE,quarterly,2016,2006-06-21,2015-12-31,250,0.11242170664844342,-0.46112249075217937,0.24380009412479972,0.4979893244096906,0.5624329078759887,1.7159803323614606,False,False,189.0,0.4
MODEL_B_FOUR_STATE,quarterly,2016,2006-06-21,2015-12-31,250,0.11989371219658929,-0.46112249075217937,0.2600040436132699,0.523438522510381,0.5996046931060702,1.4619986980532909,False,False,252.0,0.25
MODEL_B_FOUR_STATE,quarterly,2016,2006-06-21,2015-12-31,250,0.12006067443219992,-0.46112249075217937,0.26036612145366816,0.5213355601275693,0.5976486904672649,1.4230144919465673,False,False,252.0,0.33
MODEL_B_FOUR_STATE,quarterly,2016,2006-06-21,2015-12-31,250,0.11703871214603012,-0.46112249075217937,0.2538126300348471,0.5100640168862469,0.580507215019092,1.2986650012422902,False,False,252.0,0.4
MODEL_B_FOUR_STATE,quarterly,2017,2006-06-21,2016-12-31,150,0.13403104972684177,-0.46112249075217926,0.2906625732095856,0.5645990037717091,0.6495660321622139,2.3658192450063074,False,False,126.0,0.25
MODEL_B_FOUR_STATE,quarterly,2017,2006-06-21,2016-12-31,150,0.13416252982693666,-0.46112249075217926,0.2909477037393943,0.5621699576588359,0.6471125069956679,2.368513974213876,False,False,126.0,0.33
MODEL_B_FOUR_STATE,quarterly,2017,2006-06-21,2016-12-31,150,0.13126873464686795,-0.46112249075217926,0.284672158221438,0.5507405990302439,0.6307631910575856,2.2559687914698228,False,False,126.0,0.4
MODEL_B_FOUR_STATE,quarterly,2017,2006-06-21,2016-12-31,150,0.1364107935138401,-0.46112249075217937,0.2958233359889428,0.5707438103586737,0.6597644293608277,2.0610143152959104,False,False,189.0,0.25
MODEL_B_FOUR_STATE,quarterly,2017,2006-06-21,2016-12-31,150,0.1365641339244037,-0.46112249075217937,0.2961558732510344,0.5683329198940724,0.6573456090521492,2.025730820562127,False,False,189.0,0.33
MODEL_B_FOUR_STATE,quarterly,2017,2006-06-21,2016-12-31,150,0.133642664535099,-0.46112249075217937,0.2898203128567902,0.556811228161603,0.6407678269582404,1.9511944396783976,False,False,189.0,0.4
MODEL_B_FOUR_STATE,quarterly,2017,2006-06-21,2016-12-31,150,0.15901021304394636,-0.46112249075217937,0.34483291583667963,0.6317542066285963,0.7397190216237758,1.5314308454193173,False,False,252.0,0.25
MODEL_B_FOUR_STATE,quarterly,2017,2006-06-21,2016-12-31,150,0.15916660288372064,-0.46112249075217937,0.34517206615554435,0.6287695185221632,0.7365588863008634,1.4961473506855336,False,False,252.0,0.33
MODEL_B_FOUR_STATE,quarterly,2017,2006-06-21,2016-12-31,150,0.16017123959467172,-0.46112249075217937,0.34735074260507587,0.6270853772838604,0.7318187448345826,1.3889810036921437,False,False,252.0,0.4
MODEL_B_FOUR_STATE,quarterly,2017,2006-06-21,2016-12-31,175,0.13403104972684177,-0.46112249075217926,0.2906625732095856,0.5645990037717091,0.6495660321622139,2.3658192450063074,False,False,126.0,0.25
MODEL_B_FOUR_STATE,quarterly,2017,2006-06-21,2016-12-31,175,0.13416252982693666,-0.46112249075217926,0.2909477037393943,0.5621699576588359,0.6471125069956679,2.368513974213876,False,False,126.0,0.33
MODEL_B_FOUR_STATE,quarterly,2017,2006-06-21,2016-12-31,175,0.13126873464686795,-0.46112249075217926,0.284672158221438,0.5507405990302439,0.6307631910575856,2.2559687914698228,False,False,126.0,0.4
MODEL_B_FOUR_STATE,quarterly,2017,2006-06-21,2016-12-31,175,0.1364107935138401,-0.46112249075217937,0.2958233359889428,0.5707438103586737,0.6597644293608277,2.0610143152959104,False,False,189.0,0.25
MODEL_B_FOUR_STATE,quarterly,2017,2006-06-21,2016-12-31,175,0.1365641339244037,-0.46112249075217937,0.2961558732510344,0.5683329198940724,0.6573456090521492,2.025730820562127,False,False,189.0,0.33
MODEL_B_FOUR_STATE,quarterly,2017,2006-06-21,2016-12-31,175,0.133642664535099,-0.46112249075217937,0.2898203128567902,0.556811228161603,0.6407678269582404,1.9511944396783976,False,False,189.0,0.4
MODEL_B_FOUR_STATE,quarterly,2017,2006-06-21,2016-12-31,175,0.15901021304394636,-0.46112249075217937,0.34483291583667963,0.6317542066285963,0.7397190216237758,1.5314308454193173,False,False,252.0,0.25
MODEL_B_FOUR_STATE,quarterly,2017,2006-06-21,2016-12-31,175,0.15916660288372064,-0.46112249075217937,0.34517206615554435,0.6287695185221632,0.7365588863008634,1.4961473506855336,False,False,252.0,0.33
MODEL_B_FOUR_STATE,quarterly,2017,2006-06-21,2016-12-31,175,0.16017123959467172,-0.46112249075217937,0.34735074260507587,0.6270853772838604,0.7318187448345826,1.3889810036921437,False,False,252.0,0.4
MODEL_B_FOUR_STATE,quarterly,2017,2006-06-21,2016-12-31,200,0.11575279814650452,-0.46112249075217926,0.25102396969987195,0.5117792956777617,0.5854845608742443,2.1759271949325143,False,False,126.0,0.25
MODEL_B_FOUR_STATE,quarterly,2017,2006-06-21,2016-12-31,200,0.11588215905740418,-0.46112249075217926,0.25130450451110753,0.5099220047897753,0.5837159857219819,2.1786219241400833,False,False,126.0,0.33
MODEL_B_FOUR_STATE,quarterly,2017,2006-06-21,2016-12-31,200,0.1130350059126981,-0.46112249075217926,0.24513010789891493,0.4991779417352931,0.5685218211081308,2.06607674139603,False,False,126.0,0.4
MODEL_B_FOUR_STATE,quarterly,2017,2006-06-21,2016-12-31,200,0.11809418535089788,-0.46112249075217937,0.25610155158180115,0.518078112030609,0.5956765102508619,1.8711222652221178,False,False,189.0,0.25
MODEL_B_FOUR_STATE,quarterly,2017,2006-06-21,2016-12-31,200,0.1182450542289557,-0.46112249075217937,0.25642872902615377,0.5162340442288703,0.5939382991599014,1.8358387704883339,False,False,189.0,0.33
MODEL_B_FOUR_STATE,quarterly,2017,2006-06-21,2016-12-31,200,0.1153706729264321,-0.46112249075217937,0.2501952848542269,0.5053918438924755,0.5785081246098379,1.761302389604605,False,False,189.0,0.4
MODEL_B_FOUR_STATE,quarterly,2017,2006-06-21,2016-12-31,200,0.12229338760025743,-0.46112249075217937,0.265208030518688,0.5290537186686547,0.6124059922469816,1.4934220435589933,False,False,252.0,0.25
MODEL_B_FOUR_STATE,quarterly,2017,2006-06-21,2016-12-31,200,0.12244482309331106,-0.46112249075217937,0.2655364367363215,0.527131920863679,0.6105585738440804,1.4581385488252099,False,False,252.0,0.33
MODEL_B_FOUR_STATE,quarterly,2017,2006-06-21,2016-12-31,200,0.11955964653884066,-0.46112249075217937,0.25927958175237975,0.5162392593576253,0.594863824131949,1.383602167941481,False,False,252.0,0.4
MODEL_B_FOUR_STATE,quarterly,2017,2006-06-21,2016-12-31,225,0.11575279814650452,-0.46112249075217926,0.25102396969987195,0.5117792956777617,0.5854845608742443,2.1759271949325143,False,False,126.0,0.25
MODEL_B_FOUR_STATE,quarterly,2017,2006-06-21,2016-12-31,225,0.11588215905740418,-0.46112249075217926,0.25130450451110753,0.5099220047897753,0.5837159857219819,2.1786219241400833,False,False,126.0,0.33
MODEL_B_FOUR_STATE,quarterly,2017,2006-06-21,2016-12-31,225,0.1130350059126981,-0.46112249075217926,0.24513010789891493,0.4991779417352931,0.5685218211081308,2.06607674139603,False,False,126.0,0.4
MODEL_B_FOUR_STATE,quarterly,2017,2006-06-21,2016-12-31,225,0.11809418535089788,-0.46112249075217937,0.25610155158180115,0.518078112030609,0.5956765102508619,1.8711222652221178,False,False,189.0,0.25
MODEL_B_FOUR_STATE,quarterly,2017,2006-06-21,2016-12-31,225,0.1182450542289557,-0.46112249075217937,0.25642872902615377,0.5162340442288703,0.5939382991599014,1.8358387704883339,False,False,189.0,0.33
MODEL_B_FOUR_STATE,quarterly,2017,2006-06-21,2016-12-31,225,0.1153706729264321,-0.46112249075217937,0.2501952848542269,0.5053918438924755,0.5785081246098379,1.761302389604605,False,False,189.0,0.4
MODEL_B_FOUR_STATE,quarterly,2017,2006-06-21,2016-12-31,225,0.12229338760025743,-0.46112249075217937,0.265208030518688,0.5290537186686547,0.6124059922469816,1.4934220435589933,False,False,252.0,0.25
MODEL_B_FOUR_STATE,quarterly,2017,2006-06-21,2016-12-31,225,0.12244482309331106,-0.46112249075217937,0.2655364367363215,0.527131920863679,0.6105585738440804,1.4581385488252099,False,False,252.0,0.33
MODEL_B_FOUR_STATE,quarterly,2017,2006-06-21,2016-12-31,225,0.11955964653884066,-0.46112249075217937,0.25927958175237975,0.5162392593576253,0.594863824131949,1.383602167941481,False,False,252.0,0.4
MODEL_B_FOUR_STATE,quarterly,2017,2006-06-21,2016-12-31,250,0.11575279814650452,-0.46112249075217926,0.25102396969987195,0.5117792956777617,0.5854845608742443,2.1759271949325143,False,False,126.0,0.25
MODEL_B_FOUR_STATE,quarterly,2017,2006-06-21,2016-12-31,250,0.11588215905740418,-0.46112249075217926,0.25130450451110753,0.5099220047897753,0.5837159857219819,2.1786219241400833,False,False,126.0,0.33
MODEL_B_FOUR_STATE,quarterly,2017,2006-06-21,2016-12-31,250,0.1130350059126981,-0.46112249075217926,0.24513010789891493,0.4991779417352931,0.5685218211081308,2.06607674139603,False,False,126.0,0.4
MODEL_B_FOUR_STATE,quarterly,2017,2006-06-21,2016-12-31,250,0.11809418535089788,-0.46112249075217937,0.25610155158180115,0.518078112030609,0.5956765102508619,1.8711222652221178,False,False,189.0,0.25
MODEL_B_FOUR_STATE,quarterly,2017,2006-06-21,2016-12-31,250,0.1182450542289557,-0.46112249075217937,0.25642872902615377,0.5162340442288703,0.5939382991599014,1.8358387704883339,False,False,189.0,0.33
MODEL_B_FOUR_STATE,quarterly,2017,2006-06-21,2016-12-31,250,0.1153706729264321,-0.46112249075217937,0.2501952848542269,0.5053918438924755,0.5785081246098379,1.761302389604605,False,False,189.0,0.4
MODEL_B_FOUR_STATE,quarterly,2017,2006-06-21,2016-12-31,250,0.12229338760025743,-0.46112249075217937,0.265208030518688,0.5290537186686547,0.6124059922469816,1.4934220435589933,False,False,252.0,0.25
MODEL_B_FOUR_STATE,quarterly,2017,2006-06-21,2016-12-31,250,0.12244482309331106,-0.46112249075217937,0.2655364367363215,0.527131920863679,0.6105585738440804,1.4581385488252099,False,False,252.0,0.33
MODEL_B_FOUR_STATE,quarterly,2017,2006-06-21,2016-12-31,250,0.11955964653884066,-0.46112249075217937,0.25927958175237975,0.5162392593576253,0.594863824131949,1.383602167941481,False,False,252.0,0.4
MODEL_B_FOUR_STATE,quarterly,2018,2006-06-21,2017-12-31,150,0.17893413020354432,-0.46112249075217926,0.38804034457670544,0.6998749656308899,0.8026187544596599,2.2692981552419287,False,False,126.0,0.25
MODEL_B_FOUR_STATE,quarterly,2018,2006-06-21,2017-12-31,150,0.17905899495650845,-0.46112249075217926,0.38831112892461367,0.6960588712527971,0.7984390706607492,2.271759840631119,False,False,126.0,0.33
MODEL_B_FOUR_STATE,quarterly,2018,2006-06-21,2017-12-31,150,0.17643822350431293,-0.46112249075217926,0.38262766844555407,0.6838344182579951,0.7805513786822493,2.134240126406046,False,False,126.0,0.4
MODEL_B_FOUR_STATE,quarterly,2018,2006-06-21,2017-12-31,150,0.1811939449349631,-0.46112249075217937,0.39294102666604047,0.7052181988330024,0.8120271544014614,1.9908531671838448,False,False,189.0,0.25
MODEL_B_FOUR_STATE,quarterly,2018,2006-06-21,2017-12-31,150,0.18133954359171822,-0.46112249075217937,0.39325677499685296,0.7014333309026123,0.8078921517042726,1.958621036689333,False,False,189.0,0.33
MODEL_B_FOUR_STATE,quarterly,2018,2006-06-21,2017-12-31,150,0.17869323764462486,-0.46112249075217937,0.3875179398713384,0.6891374542267698,0.7898165705537672,1.8558230718472364,False,False,189.0,0.4
MODEL_B_FOUR_STATE,quarterly,2018,2006-06-21,2017-12-31,150,0.2026341834876162,-0.46112249075217937,0.4394367820946684,0.7608760724039818,0.8863524193576051,1.5070687904493472,False,False,252.0,0.25
MODEL_B_FOUR_STATE,quarterly,2018,2006-06-21,2017-12-31,150,0.20278242495332477,-0.46112249075217937,0.439758261676952,0.7566201186907329,0.8815543921606308,1.4748366599548353,False,False,252.0,0.33
MODEL_B_FOUR_STATE,quarterly,2018,2006-06-21,2017-12-31,150,0.20386536712325332,-0.46112249075217937,0.4421067530033283,0.7534342347082355,0.8745637916793662,1.3422306125060284,False,False,252.0,0.4
MODEL_B_FOUR_STATE,quarterly,2018,2006-06-21,2017-12-31,175,0.17893413020354432,-0.46112249075217926,0.38804034457670544,0.6998749656308899,0.8026187544596599,2.2692981552419287,False,False,126.0,0.25
MODEL_B_FOUR_STATE,quarterly,2018,2006-06-21,2017-12-31,175,0.17905899495650845,-0.46112249075217926,0.38831112892461367,0.6960588712527971,0.7984390706607492,2.271759840631119,False,False,126.0,0.33
MODEL_B_FOUR_STATE,quarterly,2018,2006-06-21,2017-12-31,175,0.17643822350431293,-0.46112249075217926,0.38262766844555407,0.6838344182579951,0.7805513786822493,2.134240126406046,False,False,126.0,0.4
MODEL_B_FOUR_STATE,quarterly,2018,2006-06-21,2017-12-31,175,0.1811939449349631,-0.46112249075217937,0.39294102666604047,0.7052181988330024,0.8120271544014614,1.9908531671838448,False,False,189.0,0.25
MODEL_B_FOUR_STATE,quarterly,2018,2006-06-21,2017-12-31,175,0.18133954359171822,-0.46112249075217937,0.39325677499685296,0.7014333309026123,0.8078921517042726,1.958621036689333,False,False,189.0,0.33
MODEL_B_FOUR_STATE,quarterly,2018,2006-06-21,2017-12-31,175,0.17869323764462486,-0.46112249075217937,0.3875179398713384,0.6891374542267698,0.7898165705537672,1.8558230718472364,False,False,189.0,0.4
MODEL_B_FOUR_STATE,quarterly,2018,2006-06-21,2017-12-31,175,0.2026341834876162,-0.46112249075217937,0.4394367820946684,0.7608760724039818,0.8863524193576051,1.5070687904493472,False,False,252.0,0.25
MODEL_B_FOUR_STATE,quarterly,2018,2006-06-21,2017-12-31,175,0.20278242495332477,-0.46112249075217937,0.439758261676952,0.7566201186907329,0.8815543921606308,1.4748366599548353,False,False,252.0,0.33
MODEL_B_FOUR_STATE,quarterly,2018,2006-06-21,2017-12-31,175,0.20386536712325332,-0.46112249075217937,0.4421067530033283,0.7534342347082355,0.8745637916793662,1.3422306125060284,False,False,252.0,0.4
MODEL_B_FOUR_STATE,quarterly,2018,2006-06-21,2017-12-31,200,0.16156328216172278,-0.46112249075217926,0.35036955559938543,0.6507443370212513,0.7421564035975817,2.095828225915786,False,False,126.0,0.25
MODEL_B_FOUR_STATE,quarterly,2018,2006-06-21,2017-12-31,200,0.16168630711160192,-0.46112249075217926,0.3506363501113566,0.6474319696459092,0.7386090761932103,2.0982899113049767,False,False,126.0,0.33
MODEL_B_FOUR_STATE,quarterly,2018,2006-06-21,2017-12-31,200,0.15910415106758102,-0.46112249075217926,0.34503663182433725,0.635814207148564,0.7217634112954016,1.9607701970799036,False,False,126.0,0.4
MODEL_B_FOUR_STATE,quarterly,2018,2006-06-21,2017-12-31,200,0.16378979995373144,-0.46112249075217937,0.3551980292406879,0.6562227849343447,0.7515998730334746,1.8173832378577024,False,False,189.0,0.25
MODEL_B_FOUR_STATE,quarterly,2018,2006-06-21,2017-12-31,200,0.1639332533064557,-0.46112249075217937,0.35550912521974165,0.6529375371596737,0.7480927249193584,1.7851511073631912,False,False,189.0,0.33
MODEL_B_FOUR_STATE,quarterly,2018,2006-06-21,2017-12-31,200,0.1613259390021533,-0.46112249075217937,0.34985484819662493,0.6412434915832996,0.7310515897421261,1.6823531425210942,False,False,189.0,0.4
MODEL_B_FOUR_STATE,quarterly,2018,2006-06-21,2017-12-31,200,0.16778197825503294,-0.46112249075217937,0.36385555165905764,0.6656788062353151,0.7670245353212022,1.4723470410663708,False,False,252.0,0.25
MODEL_B_FOUR_STATE,quarterly,2018,2006-06-21,2017-12-31,200,0.1679259236995092,-0.46112249075217937,0.3641677147987073,0.6623488127340328,0.7634313406750622,1.4401149105718603,False,False,252.0,0.33
MODEL_B_FOUR_STATE,quarterly,2018,2006-06-21,2017-12-31,200,0.1653096654574009,-0.46112249075217937,0.35849404176263244,0.6506370099851913,0.746174850536487,1.3373169457297631,False,False,252.0,0.4
MODEL_B_FOUR_STATE,quarterly,2018,2006-06-21,2017-12-31,225,0.16156328216172278,-0.46112249075217926,0.35036955559938543,0.6507443370212513,0.7421564035975817,2.095828225915786,False,False,126.0,0.25
MODEL_B_FOUR_STATE,quarterly,2018,2006-06-21,2017-12-31,225,0.16168630711160192,-0.46112249075217926,0.3506363501113566,0.6474319696459092,0.7386090761932103,2.0982899113049767,False,False,126.0,0.33
MODEL_B_FOUR_STATE,quarterly,2018,2006-06-21,2017-12-31,225,0.15910415106758102,-0.46112249075217926,0.34503663182433725,0.635814207148564,0.7217634112954016,1.9607701970799036,False,False,126.0,0.4
MODEL_B_FOUR_STATE,quarterly,2018,2006-06-21,2017-12-31,225,0.16378979995373144,-0.46112249075217937,0.3551980292406879,0.6562227849343447,0.7515998730334746,1.8173832378577024,False,False,189.0,0.25
MODEL_B_FOUR_STATE,quarterly,2018,2006-06-21,2017-12-31,225,0.1639332533064557,-0.46112249075217937,0.35550912521974165,0.6529375371596737,0.7480927249193584,1.7851511073631912,False,False,189.0,0.33
MODEL_B_FOUR_STATE,quarterly,2018,2006-06-21,2017-12-31,225,0.1613259390021533,-0.46112249075217937,0.34985484819662493,0.6412434915832996,0.7310515897421261,1.6823531425210942,False,False,189.0,0.4
MODEL_B_FOUR_STATE,quarterly,2018,2006-06-21,2017-12-31,225,0.16778197825503294,-0.46112249075217937,0.36385555165905764,0.6656788062353151,0.7670245353212022,1.4723470410663708,False,False,252.0,0.25
MODEL_B_FOUR_STATE,quarterly,2018,2006-06-21,2017-12-31,225,0.1679259236995092,-0.46112249075217937,0.3641677147987073,0.6623488127340328,0.7634313406750622,1.4401149105718603,False,False,252.0,0.33
MODEL_B_FOUR_STATE,quarterly,2018,2006-06-21,2017-12-31,225,0.1653096654574009,-0.46112249075217937,0.35849404176263244,0.6506370099851913,0.746174850536487,1.3373169457297631,False,False,252.0,0.4
MODEL_B_FOUR_STATE,quarterly,2018,2006-06-21,2017-12-31,250,0.16156328216172278,-0.46112249075217926,0.35036955559938543,0.6507443370212513,0.7421564035975817,2.095828225915786,False,False,126.0,0.25
MODEL_B_FOUR_STATE,quarterly,2018,2006-06-21,2017-12-31,250,0.16168630711160192,-0.46112249075217926,0.3506363501113566,0.6474319696459092,0.7386090761932103,2.0982899113049767,False,False,126.0,0.33
MODEL_B_FOUR_STATE,quarterly,2018,2006-06-21,2017-12-31,250,0.15910415106758102,-0.46112249075217926,0.34503663182433725,0.635814207148564,0.7217634112954016,1.9607701970799036,False,False,126.0,0.4
MODEL_B_FOUR_STATE,quarterly,2018,2006-06-21,2017-12-31,250,0.16378979995373144,-0.46112249075217937,0.3551980292406879,0.6562227849343447,0.7515998730334746,1.8173832378577024,False,False,189.0,0.25
MODEL_B_FOUR_STATE,quarterly,2018,2006-06-21,2017-12-31,250,0.1639332533064557,-0.46112249075217937,0.35550912521974165,0.6529375371596737,0.7480927249193584,1.7851511073631912,False,False,189.0,0.33
MODEL_B_FOUR_STATE,quarterly,2018,2006-06-21,2017-12-31,250,0.1613259390021533,-0.46112249075217937,0.34985484819662493,0.6412434915832996,0.7310515897421261,1.6823531425210942,False,False,189.0,0.4
MODEL_B_FOUR_STATE,quarterly,2018,2006-06-21,2017-12-31,250,0.16778197825503294,-0.46112249075217937,0.36385555165905764,0.6656788062353151,0.7670245353212022,1.4723470410663708,False,False,252.0,0.25
MODEL_B_FOUR_STATE,quarterly,2018,2006-06-21,2017-12-31,250,0.1679259236995092,-0.46112249075217937,0.3641677147987073,0.6623488127340328,0.7634313406750622,1.4401149105718603,False,False,252.0,0.33
MODEL_B_FOUR_STATE,quarterly,2018,2006-06-21,2017-12-31,250,0.1653096654574009,-0.46112249075217937,0.35849404176263244,0.6506370099851913,0.746174850536487,1.3373169457297631,False,False,252.0,0.4
MODEL_B_FOUR_STATE,quarterly,2019,2006-06-21,2018-12-31,150,0.15096249799686356,-0.46112249075217926,0.32738047053531216,0.6019527510134574,0.6890923589787112,2.1524249525574843,False,False,126.0,0.25
MODEL_B_FOUR_STATE,quarterly,2019,2006-06-21,2018-12-31,150,0.15267354857589166,-0.46112249075217926,0.33109109106097123,0.6038171466648046,0.6924207004736421,2.1568920515173575,False,False,126.0,0.33
MODEL_B_FOUR_STATE,quarterly,2019,2006-06-21,2018-12-31,150,0.15031670048988888,-0.46112249075217926,0.325979980383723,0.594620481277224,0.67962748400408,2.0304015626245837,False,False,126.0,0.4
MODEL_B_FOUR_STATE,quarterly,2019,2006-06-21,2018-12-31,150,0.1529916006426626,-0.46112249075217937,0.33178082550929994,0.606892436684867,0.6973153792933166,1.8963115446168208,False,False,189.0,0.25
MODEL_B_FOUR_STATE,quarterly,2019,2006-06-21,2018-12-31,150,0.15472409391708308,-0.46112249075217937,0.3355379471183424,0.6087670927460571,0.7006921418712779,1.86886730811898,False,False,189.0,0.33
MODEL_B_FOUR_STATE,quarterly,2019,2006-06-21,2018-12-31,150,0.15234464990293306,-0.46112249075217937,0.3303778344327332,0.5995017773564838,0.6877518086237426,1.7743138478872524,False,False,189.0,0.4
MODEL_B_FOUR_STATE,quarterly,2019,2006-06-21,2018-12-31,150,0.17222753447397277,-0.46112249075217937,0.373496279032143,0.6562588835773109,0.7616103636583889,1.451327182362559,False,False,252.0,0.25
MODEL_B_FOUR_STATE,quarterly,2019,2006-06-21,2018-12-31,150,0.1739889317976262,-0.46112249075217937,0.3773160825745385,0.657687244151616,0.7645425390667508,1.4238829458647184,False,False,252.0,0.33
MODEL_B_FOUR_STATE,quarterly,2019,2006-06-21,2018-12-31,150,0.17496114033159404,-0.46112249075217937,0.3794244345926368,0.656533156487989,0.761476437313897,1.3019120425185577,False,False,252.0,0.4
MODEL_B_FOUR_STATE,quarterly,2019,2006-06-21,2018-12-31,175,0.15096249799686356,-0.46112249075217926,0.32738047053531216,0.6019527510134574,0.6890923589787112,2.1524249525574843,False,False,126.0,0.25
MODEL_B_FOUR_STATE,quarterly,2019,2006-06-21,2018-12-31,175,0.15267354857589166,-0.46112249075217926,0.33109109106097123,0.6038171466648046,0.6924207004736421,2.1568920515173575,False,False,126.0,0.33
MODEL_B_FOUR_STATE,quarterly,2019,2006-06-21,2018-12-31,175,0.15031670048988888,-0.46112249075217926,0.325979980383723,0.594620481277224,0.67962748400408,2.0304015626245837,False,False,126.0,0.4
MODEL_B_FOUR_STATE,quarterly,2019,2006-06-21,2018-12-31,175,0.1529916006426626,-0.46112249075217937,0.33178082550929994,0.606892436684867,0.6973153792933166,1.8963115446168208,False,False,189.0,0.25
MODEL_B_FOUR_STATE,quarterly,2019,2006-06-21,2018-12-31,175,0.15472409391708308,-0.46112249075217937,0.3355379471183424,0.6087670927460571,0.7006921418712779,1.86886730811898,False,False,189.0,0.33
MODEL_B_FOUR_STATE,quarterly,2019,2006-06-21,2018-12-31,175,0.15234464990293306,-0.46112249075217937,0.3303778344327332,0.5995017773564838,0.6877518086237426,1.7743138478872524,False,False,189.0,0.4
MODEL_B_FOUR_STATE,quarterly,2019,2006-06-21,2018-12-31,175,0.17222753447397277,-0.46112249075217937,0.373496279032143,0.6562588835773109,0.7616103636583889,1.451327182362559,False,False,252.0,0.25
MODEL_B_FOUR_STATE,quarterly,2019,2006-06-21,2018-12-31,175,0.1739889317976262,-0.46112249075217937,0.3773160825745385,0.657687244151616,0.7645425390667508,1.4238829458647184,False,False,252.0,0.33
MODEL_B_FOUR_STATE,quarterly,2019,2006-06-21,2018-12-31,175,0.17496114033159404,-0.46112249075217937,0.3794244345926368,0.656533156487989,0.761476437313897,1.3019120425185577,False,False,252.0,0.4
MODEL_B_FOUR_STATE,quarterly,2019,2006-06-21,2018-12-31,200,0.13535463427896044,-0.46112249075217926,0.2935329267027749,0.5592656512728752,0.6370997846711485,1.9928674935247628,False,False,126.0,0.25
MODEL_B_FOUR_STATE,quarterly,2019,2006-06-21,2018-12-31,200,0.1370424818046323,-0.46112249075217926,0.297193228595486,0.5615468544728418,0.6408492967576486,1.997334592484636,False,False,126.0,0.33
MODEL_B_FOUR_STATE,quarterly,2019,2006-06-21,2018-12-31,200,0.1347175942419261,-0.46112249075217926,0.2921514281859812,0.5527846573914231,0.6287663895848095,1.8708441035918628,False,False,126.0,0.4
MODEL_B_FOUR_STATE,quarterly,2019,2006-06-21,2018-12-31,200,0.13735622086092558,-0.46112249075217937,0.29787360975794347,0.56430191089046,0.6453194180220457,1.7367540855840997,False,False,189.0,0.25
MODEL_B_FOUR_STATE,quarterly,2019,2006-06-21,2018-12-31,200,0.13906522030390822,-0.46112249075217937,0.30157978214653147,0.5665905663404898,0.6491158091983202,1.7093098490862586,False,False,189.0,0.33
MODEL_B_FOUR_STATE,quarterly,2019,2006-06-21,2018-12-31,200,0.1367180432297861,-0.46112249075217937,0.2964896442304792,0.5577568440760948,0.6368821512368819,1.614756388854531,False,False,189.0,0.4
MODEL_B_FOUR_STATE,quarterly,2019,2006-06-21,2018-12-31,200,0.14094432574600257,-0.46112249075217937,0.30565485000763093,0.5730786300660532,0.6588183429192142,1.4193901537015134,False,False,252.0,0.25
MODEL_B_FOUR_STATE,quarterly,2019,2006-06-21,2018-12-31,200,0.14265871670057795,-0.46112249075217937,0.3093727145424509,0.5752959612217833,0.6625558811298656,1.391945917203673,False,False,252.0,0.33
MODEL_B_FOUR_STATE,quarterly,2019,2006-06-21,2018-12-31,200,0.14030413480695314,-0.46112249075217937,0.30426651837799135,0.5664329520282427,0.6501655138725866,1.297392456971945,False,False,252.0,0.4
MODEL_B_FOUR_STATE,quarterly,2019,2006-06-21,2018-12-31,225,0.13535463427896044,-0.46112249075217926,0.2935329267027749,0.5592656512728752,0.6370997846711485,1.9928674935247628,False,False,126.0,0.25
MODEL_B_FOUR_STATE,quarterly,2019,2006-06-21,2018-12-31,225,0.1370424818046323,-0.46112249075217926,0.297193228595486,0.5615468544728418,0.6408492967576486,1.997334592484636,False,False,126.0,0.33
MODEL_B_FOUR_STATE,quarterly,2019,2006-06-21,2018-12-31,225,0.1347175942419261,-0.46112249075217926,0.2921514281859812,0.5527846573914231,0.6287663895848095,1.8708441035918628,False,False,126.0,0.4
MODEL_B_FOUR_STATE,quarterly,2019,2006-06-21,2018-12-31,225,0.13735622086092558,-0.46112249075217937,0.29787360975794347,0.56430191089046,0.6453194180220457,1.7367540855840997,False,False,189.0,0.25
MODEL_B_FOUR_STATE,quarterly,2019,2006-06-21,2018-12-31,225,0.13906522030390822,-0.46112249075217937,0.30157978214653147,0.5665905663404898,0.6491158091983202,1.7093098490862586,False,False,189.0,0.33
MODEL_B_FOUR_STATE,quarterly,2019,2006-06-21,2018-12-31,225,0.1367180432297861,-0.46112249075217937,0.2964896442304792,0.5577568440760948,0.6368821512368819,1.614756388854531,False,False,189.0,0.4
MODEL_B_FOUR_STATE,quarterly,2019,2006-06-21,2018-12-31,225,0.14094432574600257,-0.46112249075217937,0.30565485000763093,0.5730786300660532,0.6588183429192142,1.4193901537015134,False,False,252.0,0.25
MODEL_B_FOUR_STATE,quarterly,2019,2006-06-21,2018-12-31,225,0.14265871670057795,-0.46112249075217937,0.3093727145424509,0.5752959612217833,0.6625558811298656,1.391945917203673,False,False,252.0,0.33
MODEL_B_FOUR_STATE,quarterly,2019,2006-06-21,2018-12-31,225,0.14030413480695314,-0.46112249075217937,0.30426651837799135,0.5664329520282427,0.6501655138725866,1.297392456971945,False,False,252.0,0.4
MODEL_B_FOUR_STATE,quarterly,2019,2006-06-21,2018-12-31,250,0.13535463427896044,-0.46112249075217926,0.2935329267027749,0.5592656512728752,0.6370997846711485,1.9928674935247628,False,False,126.0,0.25
MODEL_B_FOUR_STATE,quarterly,2019,2006-06-21,2018-12-31,250,0.1370424818046323,-0.46112249075217926,0.297193228595486,0.5615468544728418,0.6408492967576486,1.997334592484636,False,False,126.0,0.33
MODEL_B_FOUR_STATE,quarterly,2019,2006-06-21,2018-12-31,250,0.1347175942419261,-0.46112249075217926,0.2921514281859812,0.5527846573914231,0.6287663895848095,1.8708441035918628,False,False,126.0,0.4
MODEL_B_FOUR_STATE,quarterly,2019,2006-06-21,2018-12-31,250,0.13735622086092558,-0.46112249075217937,0.29787360975794347,0.56430191089046,0.6453194180220457,1.7367540855840997,False,False,189.0,0.25
MODEL_B_FOUR_STATE,quarterly,2019,2006-06-21,2018-12-31,250,0.13906522030390822,-0.46112249075217937,0.30157978214653147,0.5665905663404898,0.6491158091983202,1.7093098490862586,False,False,189.0,0.33
MODEL_B_FOUR_STATE,quarterly,2019,2006-06-21,2018-12-31,250,0.1367180432297861,-0.46112249075217937,0.2964896442304792,0.5577568440760948,0.6368821512368819,1.614756388854531,False,False,189.0,0.4
MODEL_B_FOUR_STATE,quarterly,2019,2006-06-21,2018-12-31,250,0.14094432574600257,-0.46112249075217937,0.30565485000763093,0.5730786300660532,0.6588183429192142,1.4193901537015134,False,False,252.0,0.25
MODEL_B_FOUR_STATE,quarterly,2019,2006-06-21,2018-12-31,250,0.14265871670057795,-0.46112249075217937,0.3093727145424509,0.5752959612217833,0.6625558811298656,1.391945917203673,False,False,252.0,0.33
MODEL_B_FOUR_STATE,quarterly,2019,2006-06-21,2018-12-31,250,0.14030413480695314,-0.46112249075217937,0.30426651837799135,0.5664329520282427,0.6501655138725866,1.297392456971945,False,False,252.0,0.4
MODEL_B_FOUR_STATE,quarterly,2020,2006-06-21,2019-12-31,150,0.15634157195258203,-0.46112249075217926,0.3390456442442418,0.621754997886494,0.7072789889577605,2.2889999962970347,False,False,126.0,0.25
MODEL_B_FOUR_STATE,quarterly,2020,2006-06-21,2019-12-31,150,0.1597833327111311,-0.46112249075217926,0.3465095195215784,0.6279817003154895,0.7160166970573127,2.3227148896371124,False,False,126.0,0.33
MODEL_B_FOUR_STATE,quarterly,2020,2006-06-21,2019-12-31,150,0.1575869596424122,-0.46112249075217926,0.341746418365666,0.6189714726090872,0.7034660241525059,2.2055684664083466,False,False,126.0,0.4
MODEL_B_FOUR_STATE,quarterly,2020,2006-06-21,2019-12-31,150,0.1612588709291638,-0.4759606609972937,0.33880714131137135,0.632330977374875,0.7236912148693816,1.9040354370438044,False,False,189.0,0.25
MODEL_B_FOUR_STATE,quarterly,2020,2006-06-21,2019-12-31,150,0.16473248057013157,-0.47592914820782095,0.34612816044248434,0.6384990820423233,0.732484098843255,1.908196339075544,False,False,189.0,0.33
MODEL_B_FOUR_STATE,quarterly,2020,2006-06-21,2019-12-31,150,0.16300418886308177,-0.48368224387763403,0.3370067661700642,0.6302062738746455,0.7207221007542208,1.8508842543312531,False,False,189.0,0.4
MODEL_B_FOUR_STATE,quarterly,2020,2006-06-21,2019-12-31,150,0.1791905608339528,-0.4759606609972937,0.3764818723851879,0.6782938264987859,0.7836250390925297,1.4919228198255285,False,False,252.0,0.25
MODEL_B_FOUR_STATE,quarterly,2020,2006-06-21,2019-12-31,150,0.18271780855036734,-0.47592914820782073,0.38391808788853843,0.6840028454748527,0.7920370224388675,1.4960837218572682,False,False,252.0,0.33
MODEL_B_FOUR_STATE,quarterly,2020,2006-06-21,2019-12-31,150,0.1841284978726334,-0.4836822438776339,0.3806807055733388,0.6832005577760145,0.7894135926086676,1.4133795667442979,False,False,252.0,0.4
MODEL_B_FOUR_STATE,quarterly,2020,2006-06-21,2019-12-31,175,0.15634157195258203,-0.46112249075217926,0.3390456442442418,0.621754997886494,0.7072789889577605,2.2889999962970347,False,False,126.0,0.25
MODEL_B_FOUR_STATE,quarterly,2020,2006-06-21,2019-12-31,175,0.1597833327111311,-0.46112249075217926,0.3465095195215784,0.6279817003154895,0.7160166970573127,2.3227148896371124,False,False,126.0,0.33
MODEL_B_FOUR_STATE,quarterly,2020,2006-06-21,2019-12-31,175,0.1575869596424122,-0.46112249075217926,0.341746418365666,0.6189714726090872,0.7034660241525059,2.2055684664083466,False,False,126.0,0.4
MODEL_B_FOUR_STATE,quarterly,2020,2006-06-21,2019-12-31,175,0.1612588709291638,-0.4759606609972937,0.33880714131137135,0.632330977374875,0.7236912148693816,1.9040354370438044,False,False,189.0,0.25
MODEL_B_FOUR_STATE,quarterly,2020,2006-06-21,2019-12-31,175,0.16473248057013157,-0.47592914820782095,0.34612816044248434,0.6384990820423233,0.732484098843255,1.908196339075544,False,False,189.0,0.33
MODEL_B_FOUR_STATE,quarterly,2020,2006-06-21,2019-12-31,175,0.16300418886308177,-0.48368224387763403,0.3370067661700642,0.6302062738746455,0.7207221007542208,1.8508842543312531,False,False,189.0,0.4
MODEL_B_FOUR_STATE,quarterly,2020,2006-06-21,2019-12-31,175,0.1791905608339528,-0.4759606609972937,0.3764818723851879,0.6782938264987859,0.7836250390925297,1.4919228198255285,False,False,252.0,0.25
MODEL_B_FOUR_STATE,quarterly,2020,2006-06-21,2019-12-31,175,0.18271780855036734,-0.47592914820782073,0.38391808788853843,0.6840028454748527,0.7920370224388675,1.4960837218572682,False,False,252.0,0.33
MODEL_B_FOUR_STATE,quarterly,2020,2006-06-21,2019-12-31,175,0.1841284978726334,-0.4836822438776339,0.3806807055733388,0.6832005577760145,0.7894135926086676,1.4133795667442979,False,False,252.0,0.4
MODEL_B_FOUR_STATE,quarterly,2020,2006-06-21,2019-12-31,200,0.14181182239869417,-0.46112249075217926,0.30753612162220034,0.5815720500406208,0.6585022851096781,2.1412293157599502,False,False,126.0,0.25
MODEL_B_FOUR_STATE,quarterly,2020,2006-06-21,2019-12-31,200,0.14521033648769555,-0.46112249075217926,0.3149062112559932,0.5882162928128037,0.6676197815212893,2.174944209100028,False,False,126.0,0.33
MODEL_B_FOUR_STATE,quarterly,2020,2006-06-21,2019-12-31,200,0.143041561450034,-0.46112249075217926,0.3102029597747569,0.5795969283233924,0.6557092279402051,2.0577977858712626,False,False,126.0,0.4
MODEL_B_FOUR_STATE,quarterly,2020,2006-06-21,2019-12-31,200,0.1466673341626179,-0.47596066099729384,0.3081501186574993,0.5925334936130333,0.6751630718860091,1.7562647565067202,False,False,189.0,0.25
MODEL_B_FOUR_STATE,quarterly,2020,2006-06-21,2019-12-31,200,0.15009729694408036,-0.47592914820782095,0.3153773991555111,0.5991072714343658,0.6843265113192152,1.76042565853846,False,False,189.0,0.33
MODEL_B_FOUR_STATE,quarterly,2020,2006-06-21,2019-12-31,200,0.14839072169717404,-0.48368224387763414,0.30679381675775375,0.591270121183653,0.6732752923074247,1.7031135737941687,False,False,189.0,0.4
MODEL_B_FOUR_STATE,quarterly,2020,2006-06-21,2019-12-31,200,0.15001719428567917,-0.47596066099729384,0.31518822158819576,0.6006040482931492,0.6877486170264991,1.462345033314105,False,False,252.0,0.25
MODEL_B_FOUR_STATE,quarterly,2020,2006-06-21,2019-12-31,200,0.15345717731905162,-0.47592914820782084,0.32243702218474435,0.6070943138379559,0.6968697447577676,1.4665059353458443,False,False,252.0,0.33
MODEL_B_FOUR_STATE,quarterly,2020,2006-06-21,2019-12-31,200,0.1517456165037976,-0.48368224387763414,0.3137299713284233,0.5992217732639237,0.6856685059173595,1.4091938506015533,False,False,252.0,0.4
MODEL_B_FOUR_STATE,quarterly,2020,2006-06-21,2019-12-31,225,0.14181182239869417,-0.46112249075217926,0.30753612162220034,0.5815720500406208,0.6585022851096781,2.1412293157599502,False,False,126.0,0.25
MODEL_B_FOUR_STATE,quarterly,2020,2006-06-21,2019-12-31,225,0.14521033648769555,-0.46112249075217926,0.3149062112559932,0.5882162928128037,0.6676197815212893,2.174944209100028,False,False,126.0,0.33
MODEL_B_FOUR_STATE,quarterly,2020,2006-06-21,2019-12-31,225,0.143041561450034,-0.46112249075217926,0.3102029597747569,0.5795969283233924,0.6557092279402051,2.0577977858712626,False,False,126.0,0.4
MODEL_B_FOUR_STATE,quarterly,2020,2006-06-21,2019-12-31,225,0.1466673341626179,-0.47596066099729384,0.3081501186574993,0.5925334936130333,0.6751630718860091,1.7562647565067202,False,False,189.0,0.25
MODEL_B_FOUR_STATE,quarterly,2020,2006-06-21,2019-12-31,225,0.15009729694408036,-0.47592914820782095,0.3153773991555111,0.5991072714343658,0.6843265113192152,1.76042565853846,False,False,189.0,0.33
MODEL_B_FOUR_STATE,quarterly,2020,2006-06-21,2019-12-31,225,0.14839072169717404,-0.48368224387763414,0.30679381675775375,0.591270121183653,0.6732752923074247,1.7031135737941687,False,False,189.0,0.4
MODEL_B_FOUR_STATE,quarterly,2020,2006-06-21,2019-12-31,225,0.15001719428567917,-0.47596066099729384,0.31518822158819576,0.6006040482931492,0.6877486170264991,1.462345033314105,False,False,252.0,0.25
MODEL_B_FOUR_STATE,quarterly,2020,2006-06-21,2019-12-31,225,0.15345717731905162,-0.47592914820782084,0.32243702218474435,0.6070943138379559,0.6968697447577676,1.4665059353458443,False,False,252.0,0.33
MODEL_B_FOUR_STATE,quarterly,2020,2006-06-21,2019-12-31,225,0.1517456165037976,-0.48368224387763414,0.3137299713284233,0.5992217732639237,0.6856685059173595,1.4091938506015533,False,False,252.0,0.4
MODEL_B_FOUR_STATE,quarterly,2020,2006-06-21,2019-12-31,250,0.14181182239869417,-0.46112249075217926,0.30753612162220034,0.5815720500406208,0.6585022851096781,2.1412293157599502,False,False,126.0,0.25
MODEL_B_FOUR_STATE,quarterly,2020,2006-06-21,2019-12-31,250,0.14521033648769555,-0.46112249075217926,0.3149062112559932,0.5882162928128037,0.6676197815212893,2.174944209100028,False,False,126.0,0.33
MODEL_B_FOUR_STATE,quarterly,2020,2006-06-21,2019-12-31,250,0.143041561450034,-0.46112249075217926,0.3102029597747569,0.5795969283233924,0.6557092279402051,2.0577977858712626,False,False,126.0,0.4
MODEL_B_FOUR_STATE,quarterly,2020,2006-06-21,2019-12-31,250,0.1466673341626179,-0.47596066099729384,0.3081501186574993,0.5925334936130333,0.6751630718860091,1.7562647565067202,False,False,189.0,0.25
MODEL_B_FOUR_STATE,quarterly,2020,2006-06-21,2019-12-31,250,0.15009729694408036,-0.47592914820782095,0.3153773991555111,0.5991072714343658,0.6843265113192152,1.76042565853846,False,False,189.0,0.33
MODEL_B_FOUR_STATE,quarterly,2020,2006-06-21,2019-12-31,250,0.14839072169717404,-0.48368224387763414,0.30679381675775375,0.591270121183653,0.6732752923074247,1.7031135737941687,False,False,189.0,0.4
MODEL_B_FOUR_STATE,quarterly,2020,2006-06-21,2019-12-31,250,0.15001719428567917,-0.47596066099729384,0.31518822158819576,0.6006040482931492,0.6877486170264991,1.462345033314105,False,False,252.0,0.25
MODEL_B_FOUR_STATE,quarterly,2020,2006-06-21,2019-12-31,250,0.15345717731905162,-0.47592914820782084,0.32243702218474435,0.6070943138379559,0.6968697447577676,1.4665059353458443,False,False,252.0,0.33
MODEL_B_FOUR_STATE,quarterly,2020,2006-06-21,2019-12-31,250,0.1517456165037976,-0.48368224387763414,0.3137299713284233,0.5992217732639237,0.6856685059173595,1.4091938506015533,False,False,252.0,0.4
MODEL_B_FOUR_STATE,quarterly,2021,2006-06-21,2020-12-31,150,0.14606043010222614,-0.5684168996003968,0.25696004148523416,0.5660591429783434,0.6078276503327258,2.296289860773217,False,False,126.0,0.25
MODEL_B_FOUR_STATE,quarterly,2021,2006-06-21,2020-12-31,150,0.149391967898435,-0.55809938163377,0.2676798663727375,0.5726214550905924,0.6167015040478357,2.3027074749155783,False,False,126.0,0.33
MODEL_B_FOUR_STATE,quarterly,2021,2006-06-21,2020-12-31,150,0.1473652581815701,-0.55809938163377,0.26404841687904346,0.5660965983389353,0.6090455223135474,2.1936401153577623,False,False,126.0,0.4
MODEL_B_FOUR_STATE,quarterly,2021,2006-06-21,2020-12-31,150,0.15059723567371108,-0.5563239872438749,0.2707005973619721,0.5757720906175562,0.6217941399678604,1.9378745814684855,False,False,189.0,0.25
MODEL_B_FOUR_STATE,quarterly,2021,2006-06-21,2020-12-31,150,0.15395783931018747,-0.556323987243875,0.2767413285070111,0.5822841797716912,0.6307126872673973,1.9167764105996357,False,False,189.0,0.33
MODEL_B_FOUR_STATE,quarterly,2021,2006-06-21,2020-12-31,150,0.15236354388332418,-0.5563239872438748,0.27387556060302115,0.5765151029524993,0.6240042222355761,1.8634168834239162,False,False,189.0,0.4
MODEL_B_FOUR_STATE,quarterly,2021,2006-06-21,2020-12-31,150,0.16713021874269374,-0.5563239872438748,0.30041886126587086,0.6147242905157584,0.6688043169294161,1.5541835240583661,False,False,252.0,0.25
MODEL_B_FOUR_STATE,quarterly,2021,2006-06-21,2020-12-31,150,0.17053911104291863,-0.5563239872438749,0.30654639194653255,0.6209320634405902,0.6775607048809497,1.5330853531895166,False,False,252.0,0.33
MODEL_B_FOUR_STATE,quarterly,2021,2006-06-21,2020-12-31,150,0.17183893364195235,-0.5563239872438748,0.308882840902245,0.6215962330589868,0.678314965316961,1.4560849329119236,False,False,252.0,0.4
MODEL_B_FOUR_STATE,quarterly,2021,2006-06-21,2020-12-31,175,0.14606043010222614,-0.5684168996003968,0.25696004148523416,0.5660591429783434,0.6078276503327258,2.296289860773217,False,False,126.0,0.25
MODEL_B_FOUR_STATE,quarterly,2021,2006-06-21,2020-12-31,175,0.149391967898435,-0.55809938163377,0.2676798663727375,0.5726214550905924,0.6167015040478357,2.3027074749155783,False,False,126.0,0.33
MODEL_B_FOUR_STATE,quarterly,2021,2006-06-21,2020-12-31,175,0.1473652581815701,-0.55809938163377,0.26404841687904346,0.5660965983389353,0.6090455223135474,2.1936401153577623,False,False,126.0,0.4
MODEL_B_FOUR_STATE,quarterly,2021,2006-06-21,2020-12-31,175,0.15059723567371108,-0.5563239872438749,0.2707005973619721,0.5757720906175562,0.6217941399678604,1.9378745814684855,False,False,189.0,0.25
MODEL_B_FOUR_STATE,quarterly,2021,2006-06-21,2020-12-31,175,0.15395783931018747,-0.556323987243875,0.2767413285070111,0.5822841797716912,0.6307126872673973,1.9167764105996357,False,False,189.0,0.33
MODEL_B_FOUR_STATE,quarterly,2021,2006-06-21,2020-12-31,175,0.15236354388332418,-0.5563239872438748,0.27387556060302115,0.5765151029524993,0.6240042222355761,1.8634168834239162,False,False,189.0,0.4
MODEL_B_FOUR_STATE,quarterly,2021,2006-06-21,2020-12-31,175,0.16713021874269374,-0.5563239872438748,0.30041886126587086,0.6147242905157584,0.6688043169294161,1.5541835240583661,False,False,252.0,0.25
MODEL_B_FOUR_STATE,quarterly,2021,2006-06-21,2020-12-31,175,0.17053911104291863,-0.5563239872438749,0.30654639194653255,0.6209320634405902,0.6775607048809497,1.5330853531895166,False,False,252.0,0.33
MODEL_B_FOUR_STATE,quarterly,2021,2006-06-21,2020-12-31,175,0.17183893364195235,-0.5563239872438748,0.308882840902245,0.6215962330589868,0.678314965316961,1.4560849329119236,False,False,252.0,0.4
MODEL_B_FOUR_STATE,quarterly,2021,2006-06-21,2020-12-31,200,0.13264717285854366,-0.5684168996003969,0.23336247207251584,0.5326691567416342,0.5691820837538214,2.158710261652483,False,False,126.0,0.25
MODEL_B_FOUR_STATE,quarterly,2021,2006-06-21,2020-12-31,200,0.13593971901669955,-0.5580993816337704,0.24357618641101517,0.5394912979245361,0.5782252388670263,2.1651278757948447,False,False,126.0,0.33
MODEL_B_FOUR_STATE,quarterly,2021,2006-06-21,2020-12-31,200,0.13393672949649837,-0.5580993816337703,0.23998723866063848,0.5332102450255379,0.5709132781557889,2.0560605162370287,False,False,126.0,0.4
MODEL_B_FOUR_STATE,quarterly,2021,2006-06-21,2020-12-31,200,0.13713088058405432,-0.5563239872438748,0.24649463932595178,0.5426204804822888,0.5832356241180449,1.8002949823477516,False,False,189.0,0.25
MODEL_B_FOUR_STATE,quarterly,2021,2006-06-21,2020-12-31,200,0.14045215240181852,-0.556323987243875,0.2524646709872114,0.5493868639301458,0.5923211226702902,1.7791968114789019,False,False,189.0,0.33
MODEL_B_FOUR_STATE,quarterly,2021,2006-06-21,2020-12-31,200,0.13887651628306963,-0.5563239872438749,0.24963244344556826,0.5439042004865071,0.5859944247097628,1.7258372843031828,False,False,189.0,0.4
MODEL_B_FOUR_STATE,quarterly,2021,2006-06-21,2020-12-31,200,0.1402234663009143,-0.5563239872438749,0.2520536045831955,0.5497012633785439,0.5932470023028231,1.526645584892558,False,False,252.0,0.25
MODEL_B_FOUR_STATE,quarterly,2021,2006-06-21,2020-12-31,200,0.14355377077970344,-0.556323987243875,0.25803987257657823,0.5564061935936924,0.6023206212025892,1.5055474140237082,False,False,252.0,0.33
MODEL_B_FOUR_STATE,quarterly,2021,2006-06-21,2020-12-31,200,0.1419738494992031,-0.556323987243875,0.25519994239789306,0.5508919692363581,0.5959162060906629,1.4521878868479887,False,False,252.0,0.4
MODEL_B_FOUR_STATE,quarterly,2021,2006-06-21,2020-12-31,225,0.13264717285854366,-0.5684168996003969,0.23336247207251584,0.5326691567416342,0.5691820837538214,2.158710261652483,False,False,126.0,0.25
MODEL_B_FOUR_STATE,quarterly,2021,2006-06-21,2020-12-31,225,0.13593971901669955,-0.5580993816337704,0.24357618641101517,0.5394912979245361,0.5782252388670263,2.1651278757948447,False,False,126.0,0.33
MODEL_B_FOUR_STATE,quarterly,2021,2006-06-21,2020-12-31,225,0.13393672949649837,-0.5580993816337703,0.23998723866063848,0.5332102450255379,0.5709132781557889,2.0560605162370287,False,False,126.0,0.4
MODEL_B_FOUR_STATE,quarterly,2021,2006-06-21,2020-12-31,225,0.13713088058405432,-0.5563239872438748,0.24649463932595178,0.5426204804822888,0.5832356241180449,1.8002949823477516,False,False,189.0,0.25
MODEL_B_FOUR_STATE,quarterly,2021,2006-06-21,2020-12-31,225,0.14045215240181852,-0.556323987243875,0.2524646709872114,0.5493868639301458,0.5923211226702902,1.7791968114789019,False,False,189.0,0.33
MODEL_B_FOUR_STATE,quarterly,2021,2006-06-21,2020-12-31,225,0.13887651628306963,-0.5563239872438749,0.24963244344556826,0.5439042004865071,0.5859944247097628,1.7258372843031828,False,False,189.0,0.4
MODEL_B_FOUR_STATE,quarterly,2021,2006-06-21,2020-12-31,225,0.1402234663009143,-0.5563239872438749,0.2520536045831955,0.5497012633785439,0.5932470023028231,1.526645584892558,False,False,252.0,0.25
MODEL_B_FOUR_STATE,quarterly,2021,2006-06-21,2020-12-31,225,0.14355377077970344,-0.556323987243875,0.25803987257657823,0.5564061935936924,0.6023206212025892,1.5055474140237082,False,False,252.0,0.33
MODEL_B_FOUR_STATE,quarterly,2021,2006-06-21,2020-12-31,225,0.1419738494992031,-0.556323987243875,0.25519994239789306,0.5508919692363581,0.5959162060906629,1.4521878868479887,False,False,252.0,0.4
MODEL_B_FOUR_STATE,quarterly,2021,2006-06-21,2020-12-31,250,0.13264717285854366,-0.5684168996003969,0.23336247207251584,0.5326691567416342,0.5691820837538214,2.158710261652483,False,False,126.0,0.25
MODEL_B_FOUR_STATE,quarterly,2021,2006-06-21,2020-12-31,250,0.13593971901669955,-0.5580993816337704,0.24357618641101517,0.5394912979245361,0.5782252388670263,2.1651278757948447,False,False,126.0,0.33
MODEL_B_FOUR_STATE,quarterly,2021,2006-06-21,2020-12-31,250,0.13393672949649837,-0.5580993816337703,0.23998723866063848,0.5332102450255379,0.5709132781557889,2.0560605162370287,False,False,126.0,0.4
MODEL_B_FOUR_STATE,quarterly,2021,2006-06-21,2020-12-31,250,0.13713088058405432,-0.5563239872438748,0.24649463932595178,0.5426204804822888,0.5832356241180449,1.8002949823477516,False,False,189.0,0.25
MODEL_B_FOUR_STATE,quarterly,2021,2006-06-21,2020-12-31,250,0.14045215240181852,-0.556323987243875,0.2524646709872114,0.5493868639301458,0.5923211226702902,1.7791968114789019,False,False,189.0,0.33
MODEL_B_FOUR_STATE,quarterly,2021,2006-06-21,2020-12-31,250,0.13887651628306963,-0.5563239872438749,0.24963244344556826,0.5439042004865071,0.5859944247097628,1.7258372843031828,False,False,189.0,0.4
MODEL_B_FOUR_STATE,quarterly,2021,2006-06-21,2020-12-31,250,0.1402234663009143,-0.5563239872438749,0.2520536045831955,0.5497012633785439,0.5932470023028231,1.526645584892558,False,False,252.0,0.25
MODEL_B_FOUR_STATE,quarterly,2021,2006-06-21,2020-12-31,250,0.14355377077970344,-0.556323987243875,0.25803987257657823,0.5564061935936924,0.6023206212025892,1.5055474140237082,False,False,252.0,0.33
MODEL_B_FOUR_STATE,quarterly,2021,2006-06-21,2020-12-31,250,0.1419738494992031,-0.556323987243875,0.25519994239789306,0.5508919692363581,0.5959162060906629,1.4521878868479887,False,False,252.0,0.4
MODEL_B_FOUR_STATE,quarterly,2022,2006-06-21,2021-12-31,150,0.16834030887298024,-0.5684168996003968,0.2961564108866666,0.6190637694392614,0.6769653883968743,2.251533797744574,False,False,126.0,0.25
MODEL_B_FOUR_STATE,quarterly,2022,2006-06-21,2021-12-31,150,0.17151775994568808,-0.55809938163377,0.30732476256037067,0.6248144225691328,0.6850782878019412,2.2575384307229793,False,False,126.0,0.33
MODEL_B_FOUR_STATE,quarterly,2022,2006-06-21,2021-12-31,150,0.1709494199381998,-0.55809938163377,0.30630641345232373,0.6211794423132107,0.6808566361316517,2.1297444722032015,False,False,126.0,0.4
MODEL_B_FOUR_STATE,quarterly,2022,2006-06-21,2021-12-31,150,0.17266713689126534,-0.5563239872438749,0.3103715476060778,0.6277779829265712,0.6901364757677763,1.9161829713570198,False,False,189.0,0.25
MODEL_B_FOUR_STATE,quarterly,2022,2006-06-21,2021-12-31,150,0.1758714932878349,-0.556323987243875,0.3161314221936261,0.633494980914098,0.6982983400927095,1.8964424930775787,False,False,189.0,0.33
MODEL_B_FOUR_STATE,quarterly,2022,2006-06-21,2021-12-31,150,0.1757215206257643,-0.5563239872438748,0.31586184427588515,0.6304753007805736,0.6949084195854318,1.8207715011395695,False,False,189.0,0.4
MODEL_B_FOUR_STATE,quarterly,2022,2006-06-21,2021-12-31,150,0.18842566665470284,-0.5563239872438748,0.3386977210675315,0.6637961649842019,0.7347895872510254,1.5571828934875729,False,False,252.0,0.25
MODEL_B_FOUR_STATE,quarterly,2022,2006-06-21,2021-12-31,150,0.19167308381767367,-0.5563239872438749,0.34453499797349246,0.6692558679314501,0.7428078583135154,1.5374424152081325,False,False,252.0,0.33
MODEL_B_FOUR_STATE,quarterly,2022,2006-06-21,2021-12-31,150,0.19430295176180845,-0.5563239872438748,0.34926222168563836,0.6721475274478242,0.7464886644205332,1.4396518499817514,False,False,252.0,0.4
MODEL_B_FOUR_STATE,quarterly,2022,2006-06-21,2021-12-31,175,0.16834030887298024,-0.5684168996003968,0.2961564108866666,0.6190637694392614,0.6769653883968743,2.251533797744574,False,False,126.0,0.25
MODEL_B_FOUR_STATE,quarterly,2022,2006-06-21,2021-12-31,175,0.17151775994568808,-0.55809938163377,0.30732476256037067,0.6248144225691328,0.6850782878019412,2.2575384307229793,False,False,126.0,0.33
MODEL_B_FOUR_STATE,quarterly,2022,2006-06-21,2021-12-31,175,0.1709494199381998,-0.55809938163377,0.30630641345232373,0.6211794423132107,0.6808566361316517,2.1297444722032015,False,False,126.0,0.4
MODEL_B_FOUR_STATE,quarterly,2022,2006-06-21,2021-12-31,175,0.17266713689126534,-0.5563239872438749,0.3103715476060778,0.6277779829265712,0.6901364757677763,1.9161829713570198,False,False,189.0,0.25
MODEL_B_FOUR_STATE,quarterly,2022,2006-06-21,2021-12-31,175,0.1758714932878349,-0.556323987243875,0.3161314221936261,0.633494980914098,0.6982983400927095,1.8964424930775787,False,False,189.0,0.33
MODEL_B_FOUR_STATE,quarterly,2022,2006-06-21,2021-12-31,175,0.1757215206257643,-0.5563239872438748,0.31586184427588515,0.6304753007805736,0.6949084195854318,1.8207715011395695,False,False,189.0,0.4
MODEL_B_FOUR_STATE,quarterly,2022,2006-06-21,2021-12-31,175,0.18842566665470284,-0.5563239872438748,0.3386977210675315,0.6637961649842019,0.7347895872510254,1.5571828934875729,False,False,252.0,0.25
MODEL_B_FOUR_STATE,quarterly,2022,2006-06-21,2021-12-31,175,0.19167308381767367,-0.5563239872438749,0.34453499797349246,0.6692558679314501,0.7428078583135154,1.5374424152081325,False,False,252.0,0.33
MODEL_B_FOUR_STATE,quarterly,2022,2006-06-21,2021-12-31,175,0.19430295176180845,-0.5563239872438748,0.34926222168563836,0.6721475274478242,0.7464886644205332,1.4396518499817514,False,False,252.0,0.4
MODEL_B_FOUR_STATE,quarterly,2022,2006-06-21,2021-12-31,200,0.1555413937482455,-0.5684168996003969,0.2736396364316275,0.5880488908408582,0.6402454009575349,2.122807610767541,False,False,126.0,0.25
MODEL_B_FOUR_STATE,quarterly,2022,2006-06-21,2021-12-31,200,0.15868403653240604,-0.5580993816337704,0.2843293537933641,0.5940221049392475,0.6485141387958557,2.1288122437459456,False,False,126.0,0.33
MODEL_B_FOUR_STATE,quarterly,2022,2006-06-21,2021-12-31,200,0.15812192256664792,-0.5580993816337703,0.28332216047931214,0.5906518031717195,0.6446278052359934,2.0010182852261678,False,False,126.0,0.4
MODEL_B_FOUR_STATE,quarterly,2022,2006-06-21,2021-12-31,200,0.15982082230239758,-0.5563239872438748,0.2872801208773642,0.5969672086962949,0.6535039402147655,1.7874567843799858,False,False,189.0,0.25
MODEL_B_FOUR_STATE,quarterly,2022,2006-06-21,2021-12-31,200,0.1629900756684226,-0.556323987243875,0.2929768972858847,0.6029023912179456,0.6618196785253257,1.7677163061005456,False,False,189.0,0.33
MODEL_B_FOUR_STATE,quarterly,2022,2006-06-21,2021-12-31,200,0.16284174592439427,-0.5563239872438749,0.292710272535866,0.6001831033977717,0.6587995715452332,1.6920453141625362,False,False,189.0,0.4
MODEL_B_FOUR_STATE,quarterly,2022,2006-06-21,2021-12-31,200,0.1627718758539296,-0.5563239872438749,0.2925846801255678,0.6034116083581976,0.663050745502232,1.5314170537215388,False,False,252.0,0.25
MODEL_B_FOUR_STATE,quarterly,2022,2006-06-21,2021-12-31,200,0.16594919308311473,-0.556323987243875,0.29829595143875726,0.6092969049850245,0.6713571135603756,1.5116765754420982,False,False,252.0,0.33
MODEL_B_FOUR_STATE,quarterly,2022,2006-06-21,2021-12-31,200,0.16580048592818852,-0.556323987243875,0.29802864828747133,0.6065379840220736,0.6682679107246356,1.4360055835040886,False,False,252.0,0.4
MODEL_B_FOUR_STATE,quarterly,2022,2006-06-21,2021-12-31,225,0.1555413937482455,-0.5684168996003969,0.2736396364316275,0.5880488908408582,0.6402454009575349,2.122807610767541,False,False,126.0,0.25
MODEL_B_FOUR_STATE,quarterly,2022,2006-06-21,2021-12-31,225,0.15868403653240604,-0.5580993816337704,0.2843293537933641,0.5940221049392475,0.6485141387958557,2.1288122437459456,False,False,126.0,0.33
MODEL_B_FOUR_STATE,quarterly,2022,2006-06-21,2021-12-31,225,0.15812192256664792,-0.5580993816337703,0.28332216047931214,0.5906518031717195,0.6446278052359934,2.0010182852261678,False,False,126.0,0.4
MODEL_B_FOUR_STATE,quarterly,2022,2006-06-21,2021-12-31,225,0.15982082230239758,-0.5563239872438748,0.2872801208773642,0.5969672086962949,0.6535039402147655,1.7874567843799858,False,False,189.0,0.25
MODEL_B_FOUR_STATE,quarterly,2022,2006-06-21,2021-12-31,225,0.1629900756684226,-0.556323987243875,0.2929768972858847,0.6029023912179456,0.6618196785253257,1.7677163061005456,False,False,189.0,0.33
MODEL_B_FOUR_STATE,quarterly,2022,2006-06-21,2021-12-31,225,0.16284174592439427,-0.5563239872438749,0.292710272535866,0.6001831033977717,0.6587995715452332,1.6920453141625362,False,False,189.0,0.4
MODEL_B_FOUR_STATE,quarterly,2022,2006-06-21,2021-12-31,225,0.1627718758539296,-0.5563239872438749,0.2925846801255678,0.6034116083581976,0.663050745502232,1.5314170537215388,False,False,252.0,0.25
MODEL_B_FOUR_STATE,quarterly,2022,2006-06-21,2021-12-31,225,0.16594919308311473,-0.556323987243875,0.29829595143875726,0.6092969049850245,0.6713571135603756,1.5116765754420982,False,False,252.0,0.33
MODEL_B_FOUR_STATE,quarterly,2022,2006-06-21,2021-12-31,225,0.16580048592818852,-0.556323987243875,0.29802864828747133,0.6065379840220736,0.6682679107246356,1.4360055835040886,False,False,252.0,0.4
MODEL_B_FOUR_STATE,quarterly,2022,2006-06-21,2021-12-31,250,0.1555413937482455,-0.5684168996003969,0.2736396364316275,0.5880488908408582,0.6402454009575349,2.122807610767541,False,False,126.0,0.25
MODEL_B_FOUR_STATE,quarterly,2022,2006-06-21,2021-12-31,250,0.15868403653240604,-0.5580993816337704,0.2843293537933641,0.5940221049392475,0.6485141387958557,2.1288122437459456,False,False,126.0,0.33
MODEL_B_FOUR_STATE,quarterly,2022,2006-06-21,2021-12-31,250,0.15812192256664792,-0.5580993816337703,0.28332216047931214,0.5906518031717195,0.6446278052359934,2.0010182852261678,False,False,126.0,0.4
MODEL_B_FOUR_STATE,quarterly,2022,2006-06-21,2021-12-31,250,0.15982082230239758,-0.5563239872438748,0.2872801208773642,0.5969672086962949,0.6535039402147655,1.7874567843799858,False,False,189.0,0.25
MODEL_B_FOUR_STATE,quarterly,2022,2006-06-21,2021-12-31,250,0.1629900756684226,-0.556323987243875,0.2929768972858847,0.6029023912179456,0.6618196785253257,1.7677163061005456,False,False,189.0,0.33
MODEL_B_FOUR_STATE,quarterly,2022,2006-06-21,2021-12-31,250,0.16284174592439427,-0.5563239872438749,0.292710272535866,0.6001831033977717,0.6587995715452332,1.6920453141625362,False,False,189.0,0.4
MODEL_B_FOUR_STATE,quarterly,2022,2006-06-21,2021-12-31,250,0.1627718758539296,-0.5563239872438749,0.2925846801255678,0.6034116083581976,0.663050745502232,1.5314170537215388,False,False,252.0,0.25
MODEL_B_FOUR_STATE,quarterly,2022,2006-06-21,2021-12-31,250,0.16594919308311473,-0.556323987243875,0.29829595143875726,0.6092969049850245,0.6713571135603756,1.5116765754420982,False,False,252.0,0.33
MODEL_B_FOUR_STATE,quarterly,2022,2006-06-21,2021-12-31,250,0.16580048592818852,-0.556323987243875,0.29802864828747133,0.6065379840220736,0.6682679107246356,1.4360055835040886,False,False,252.0,0.4
MODEL_B_FOUR_STATE,quarterly,2023,2006-06-21,2022-12-31,150,0.14283928605672447,-0.5684168996003968,0.25129317259416817,0.5579182095665798,0.6016288265617338,2.1762673460581885,False,False,126.0,0.25
MODEL_B_FOUR_STATE,quarterly,2023,2006-06-21,2022-12-31,150,0.14575971122638864,-0.55809938163377,0.2611716049562612,0.5637475303871089,0.6095168575768274,2.1819098706197377,False,False,126.0,0.33
MODEL_B_FOUR_STATE,quarterly,2023,2006-06-21,2022-12-31,150,0.14525112009025576,-0.55809938163377,0.2602603136112609,0.5608119651116306,0.6061686202979754,2.087771890476068,False,False,126.0,0.4
MODEL_B_FOUR_STATE,quarterly,2023,2006-06-21,2022-12-31,150,0.1468159966814675,-0.5563239872438749,0.2639037683937004,0.566516047063904,0.6141318864449201,1.8611397968086507,False,False,189.0,0.25
MODEL_B_FOUR_STATE,quarterly,2023,2006-06-21,2022-12-31,150,0.1497604931821228,-0.556323987243875,0.2691965412529884,0.5723094009754472,0.6220618588537415,1.8425897648668035,False,False,189.0,0.33
MODEL_B_FOUR_STATE,quarterly,2023,2006-06-21,2022-12-31,150,0.14963648648895322,-0.5563239872438748,0.2689736375206078,0.5700201285977955,0.6195559605293709,1.7974314842678307,False,False,189.0,0.4
MODEL_B_FOUR_STATE,quarterly,2023,2006-06-21,2022-12-31,150,0.16129192740945353,-0.5563239872438748,0.2899244524912931,0.600866191094118,0.6557783635392622,1.5237891603481633,False,False,252.0,0.25
MODEL_B_FOUR_STATE,quarterly,2023,2006-06-21,2022-12-31,150,0.1642735914483151,-0.5563239872438749,0.2952840345104565,0.6064218242650942,0.6635839837612588,1.5052391284063167,False,False,252.0,0.33
MODEL_B_FOUR_STATE,quarterly,2023,2006-06-21,2022-12-31,150,0.1667018821842201,-0.5563239872438748,0.29964892042511065,0.6097707163349338,0.6676981397182314,1.4392951917948116,False,False,252.0,0.4
MODEL_B_FOUR_STATE,quarterly,2023,2006-06-21,2022-12-31,175,0.14283928605672447,-0.5684168996003968,0.25129317259416817,0.5579182095665798,0.6016288265617338,2.1762673460581885,False,False,126.0,0.25
MODEL_B_FOUR_STATE,quarterly,2023,2006-06-21,2022-12-31,175,0.14575971122638864,-0.55809938163377,0.2611716049562612,0.5637475303871089,0.6095168575768274,2.1819098706197377,False,False,126.0,0.33
MODEL_B_FOUR_STATE,quarterly,2023,2006-06-21,2022-12-31,175,0.14525112009025576,-0.55809938163377,0.2602603136112609,0.5608119651116306,0.6061686202979754,2.087771890476068,False,False,126.0,0.4
MODEL_B_FOUR_STATE,quarterly,2023,2006-06-21,2022-12-31,175,0.1468159966814675,-0.5563239872438749,0.2639037683937004,0.566516047063904,0.6141318864449201,1.8611397968086507,False,False,189.0,0.25
MODEL_B_FOUR_STATE,quarterly,2023,2006-06-21,2022-12-31,175,0.1497604931821228,-0.556323987243875,0.2691965412529884,0.5723094009754472,0.6220618588537415,1.8425897648668035,False,False,189.0,0.33
MODEL_B_FOUR_STATE,quarterly,2023,2006-06-21,2022-12-31,175,0.14963648648895322,-0.5563239872438748,0.2689736375206078,0.5700201285977955,0.6195559605293709,1.7974314842678307,False,False,189.0,0.4
MODEL_B_FOUR_STATE,quarterly,2023,2006-06-21,2022-12-31,175,0.16129192740945353,-0.5563239872438748,0.2899244524912931,0.600866191094118,0.6557783635392622,1.5237891603481633,False,False,252.0,0.25
MODEL_B_FOUR_STATE,quarterly,2023,2006-06-21,2022-12-31,175,0.1642735914483151,-0.5563239872438749,0.2952840345104565,0.6064218242650942,0.6635839837612588,1.5052391284063167,False,False,252.0,0.33
MODEL_B_FOUR_STATE,quarterly,2023,2006-06-21,2022-12-31,175,0.1667018821842201,-0.5563239872438748,0.29964892042511065,0.6097707163349338,0.6676981397182314,1.4392951917948116,False,False,252.0,0.4
MODEL_B_FOUR_STATE,quarterly,2023,2006-06-21,2022-12-31,200,0.13107081784104158,-0.5684168996003969,0.23058923465010586,0.5285460707917606,0.5676080201839546,2.055303970886927,False,False,126.0,0.25
MODEL_B_FOUR_STATE,quarterly,2023,2006-06-21,2022-12-31,200,0.1339611697263825,-0.5580993816337704,0.24003103055629074,0.5345768696158596,0.5756302719434756,2.0609464954484764,False,False,126.0,0.33
MODEL_B_FOUR_STATE,quarterly,2023,2006-06-21,2022-12-31,200,0.13345781584337302,-0.5580993816337703,0.2391291232982394,0.5318810316607407,0.5725769438264566,1.9668085153048065,False,False,126.0,0.4
MODEL_B_FOUR_STATE,quarterly,2023,2006-06-21,2022-12-31,200,0.13500657800742966,-0.5563239872438748,0.24267617629841126,0.5373287378040502,0.5801792347509854,1.740176421637389,False,False,189.0,0.25
MODEL_B_FOUR_STATE,quarterly,2023,2006-06-21,2022-12-31,200,0.13792075334753173,-0.556323987243875,0.24791444645558955,0.5433197809061818,0.588241945631471,1.7216263896955426,False,False,189.0,0.33
MODEL_B_FOUR_STATE,quarterly,2023,2006-06-21,2022-12-31,200,0.13779802362203797,-0.5563239872438749,0.24769383809012654,0.5413028450539524,0.5860613836897658,1.6764681090965696,False,False,189.0,0.4
MODEL_B_FOUR_STATE,quarterly,2023,2006-06-21,2022-12-31,200,0.1377201307567013,-0.5563239872438749,0.2475538245959708,0.5435760912734032,0.5890946907465502,1.4995771253658992,False,False,252.0,0.25
MODEL_B_FOUR_STATE,quarterly,2023,2006-06-21,2022-12-31,200,0.14064127325334597,-0.556323987243875,0.2528046183126259,0.5495190875389211,0.5971493130942365,1.4810270934240526,False,False,252.0,0.33
MODEL_B_FOUR_STATE,quarterly,2023,2006-06-21,2022-12-31,200,0.14051825010789276,-0.556323987243875,0.2525834825207599,0.5474621238665497,0.5949059829019322,1.4358688128250796,False,False,252.0,0.4
MODEL_B_FOUR_STATE,quarterly,2023,2006-06-21,2022-12-31,225,0.13107081784104158,-0.5684168996003969,0.23058923465010586,0.5285460707917606,0.5676080201839546,2.055303970886927,False,False,126.0,0.25
MODEL_B_FOUR_STATE,quarterly,2023,2006-06-21,2022-12-31,225,0.1339611697263825,-0.5580993816337704,0.24003103055629074,0.5345768696158596,0.5756302719434756,2.0609464954484764,False,False,126.0,0.33
MODEL_B_FOUR_STATE,quarterly,2023,2006-06-21,2022-12-31,225,0.13345781584337302,-0.5580993816337703,0.2391291232982394,0.5318810316607407,0.5725769438264566,1.9668085153048065,False,False,126.0,0.4
MODEL_B_FOUR_STATE,quarterly,2023,2006-06-21,2022-12-31,225,0.13500657800742966,-0.5563239872438748,0.24267617629841126,0.5373287378040502,0.5801792347509854,1.740176421637389,False,False,189.0,0.25
MODEL_B_FOUR_STATE,quarterly,2023,2006-06-21,2022-12-31,225,0.13792075334753173,-0.556323987243875,0.24791444645558955,0.5433197809061818,0.588241945631471,1.7216263896955426,False,False,189.0,0.33
MODEL_B_FOUR_STATE,quarterly,2023,2006-06-21,2022-12-31,225,0.13779802362203797,-0.5563239872438749,0.24769383809012654,0.5413028450539524,0.5860613836897658,1.6764681090965696,False,False,189.0,0.4
MODEL_B_FOUR_STATE,quarterly,2023,2006-06-21,2022-12-31,225,0.1377201307567013,-0.5563239872438749,0.2475538245959708,0.5435760912734032,0.5890946907465502,1.4995771253658992,False,False,252.0,0.25
MODEL_B_FOUR_STATE,quarterly,2023,2006-06-21,2022-12-31,225,0.14064127325334597,-0.556323987243875,0.2528046183126259,0.5495190875389211,0.5971493130942365,1.4810270934240526,False,False,252.0,0.33
MODEL_B_FOUR_STATE,quarterly,2023,2006-06-21,2022-12-31,225,0.14051825010789276,-0.556323987243875,0.2525834825207599,0.5474621238665497,0.5949059829019322,1.4358688128250796,False,False,252.0,0.4
MODEL_B_FOUR_STATE,quarterly,2023,2006-06-21,2022-12-31,250,0.09294594202280715,-0.5786966921474047,0.1606125337919369,0.42866100778010163,0.46307272570372016,2.055303970886927,False,False,126.0,0.25
MODEL_B_FOUR_STATE,quarterly,2023,2006-06-21,2022-12-31,250,0.09573886914485152,-0.5786966921474046,0.16543877033336332,0.43524756529442504,0.47149318737256257,2.0609464954484764,False,False,126.0,0.33
MODEL_B_FOUR_STATE,quarterly,2023,2006-06-21,2022-12-31,250,0.09525248175410717,-0.5809697358938286,0.1639542920554375,0.4335582340708775,0.4696874992598366,1.9668085153048065,False,False,126.0,0.4
MODEL_B_FOUR_STATE,quarterly,2023,2006-06-21,2022-12-31,250,0.09674903996749595,-0.5786966921474047,0.16718436666448439,0.43783980232142783,0.4755656223294845,1.740176421637389,False,False,189.0,0.25
MODEL_B_FOUR_STATE,quarterly,2023,2006-06-21,2022-12-31,250,0.09956498752981302,-0.5786966921474047,0.17205038300867284,0.4443793748571099,0.4840183292549242,1.7216263896955426,False,False,189.0,0.33
MODEL_B_FOUR_STATE,quarterly,2023,2006-06-21,2022-12-31,250,0.09944639464126159,-0.5809697358938286,0.17117310678543723,0.44347350965021093,0.483199548352124,1.6764681090965696,False,False,189.0,0.4
MODEL_B_FOUR_STATE,quarterly,2023,2006-06-21,2022-12-31,250,0.09937112730190556,-0.5786966921474047,0.1717153884760653,0.4441788950753996,0.4841812887571356,1.4995771253658992,False,False,252.0,0.25
MODEL_B_FOUR_STATE,quarterly,2023,2006-06-21,2022-12-31,250,0.10219380717960957,-0.5786966921474047,0.1765930384021945,0.450669325307541,0.4926269728704603,1.4810270934240526,False,False,252.0,0.33
MODEL_B_FOUR_STATE,quarterly,2023,2006-06-21,2022-12-31,250,0.10207493076137197,-0.5809697358938286,0.17569750101410794,0.44971942493870304,0.49175105202838465,1.4358688128250796,False,False,252.0,0.4
MODEL_B_FOUR_STATE,quarterly,2024,2006-06-21,2023-12-31,150,0.16333141003443363,-0.5684168996003968,0.2873443948433929,0.6112451067592033,0.6632990165498066,2.109533932355327,False,False,126.0,0.25
MODEL_B_FOUR_STATE,quarterly,2024,2006-06-21,2023-12-31,150,0.1676287825585685,-0.55809938163377,0.30035651010372927,0.619750949957967,0.6745029670025033,2.137690513825086,False,False,126.0,0.33
MODEL_B_FOUR_STATE,quarterly,2024,2006-06-21,2023-12-31,150,0.1671399560242901,-0.55809938163377,0.29948063288478766,0.6164594332168831,0.6706104674221378,2.0489066313020876,False,False,126.0,0.4
MODEL_B_FOUR_STATE,quarterly,2024,2006-06-21,2023-12-31,150,0.1671488183513976,-0.5563239872438749,0.30045229431770815,0.6190906921048335,0.6751469237669763,1.8123292624693568,False,False,189.0,0.25
MODEL_B_FOUR_STATE,quarterly,2024,2006-06-21,2023-12-31,150,0.1714736583191201,-0.556323987243875,0.3082262534977688,0.6275471129022742,0.6864001542039814,1.81766923908685,False,False,189.0,0.33
MODEL_B_FOUR_STATE,quarterly,2024,2006-06-21,2023-12-31,150,0.17135449547466108,-0.5563239872438748,0.30801205664990444,0.624805832491246,0.6832387627080901,1.775079335696944,False,False,189.0,0.4
MODEL_B_FOUR_STATE,quarterly,2024,2006-06-21,2023-12-31,150,0.1723930519480954,-0.5563239872438748,0.30987887616020365,0.6320473243057857,0.689752151807533,1.6082490266659553,False,False,252.0,0.25
MODEL_B_FOUR_STATE,quarterly,2024,2006-06-21,2023-12-31,150,0.17673732428871025,-0.5563239872438749,0.3176877652971562,0.6404059520595249,0.7009522125439737,1.613589003283449,False,False,252.0,0.33
MODEL_B_FOUR_STATE,quarterly,2024,2006-06-21,2023-12-31,150,0.1790518855592511,-0.5563239872438748,0.32184822093741655,0.6431941894428699,0.7043492673160447,1.5513956280667234,False,False,252.0,0.4
MODEL_B_FOUR_STATE,quarterly,2024,2006-06-21,2023-12-31,175,0.16333141003443363,-0.5684168996003968,0.2873443948433929,0.6112451067592033,0.6632990165498066,2.109533932355327,False,False,126.0,0.25
MODEL_B_FOUR_STATE,quarterly,2024,2006-06-21,2023-12-31,175,0.1676287825585685,-0.55809938163377,0.30035651010372927,0.619750949957967,0.6745029670025033,2.137690513825086,False,False,126.0,0.33
MODEL_B_FOUR_STATE,quarterly,2024,2006-06-21,2023-12-31,175,0.1671399560242901,-0.55809938163377,0.29948063288478766,0.6164594332168831,0.6706104674221378,2.0489066313020876,False,False,126.0,0.4
MODEL_B_FOUR_STATE,quarterly,2024,2006-06-21,2023-12-31,175,0.1671488183513976,-0.5563239872438749,0.30045229431770815,0.6190906921048335,0.6751469237669763,1.8123292624693568,False,False,189.0,0.25
MODEL_B_FOUR_STATE,quarterly,2024,2006-06-21,2023-12-31,175,0.1714736583191201,-0.556323987243875,0.3082262534977688,0.6275471129022742,0.6864001542039814,1.81766923908685,False,False,189.0,0.33
MODEL_B_FOUR_STATE,quarterly,2024,2006-06-21,2023-12-31,175,0.17135449547466108,-0.5563239872438748,0.30801205664990444,0.624805832491246,0.6832387627080901,1.775079335696944,False,False,189.0,0.4
MODEL_B_FOUR_STATE,quarterly,2024,2006-06-21,2023-12-31,175,0.1723930519480954,-0.5563239872438748,0.30987887616020365,0.6320473243057857,0.689752151807533,1.6082490266659553,False,False,252.0,0.25
MODEL_B_FOUR_STATE,quarterly,2024,2006-06-21,2023-12-31,175,0.17673732428871025,-0.5563239872438749,0.3176877652971562,0.6404059520595249,0.7009522125439737,1.613589003283449,False,False,252.0,0.33
MODEL_B_FOUR_STATE,quarterly,2024,2006-06-21,2023-12-31,175,0.1790518855592511,-0.5563239872438748,0.32184822093741655,0.6431941894428699,0.7043492673160447,1.5513956280667234,False,False,252.0,0.4
MODEL_B_FOUR_STATE,quarterly,2024,2006-06-21,2023-12-31,200,0.15202993548054233,-0.5684168996003969,0.2674620258254478,0.5832762195687886,0.6305051068039859,1.9954503491469313,False,False,126.0,0.25
MODEL_B_FOUR_STATE,quarterly,2024,2006-06-21,2023-12-31,200,0.15628556010222083,-0.5580993816337704,0.2800317743494236,0.5920011288166547,0.6418554992208636,2.02360693061669,False,False,126.0,0.33
MODEL_B_FOUR_STATE,quarterly,2024,2006-06-21,2023-12-31,200,0.15580148239582692,-0.5580993816337703,0.27916440605925136,0.5889284472556523,0.6382421289742027,1.9348230480936917,False,False,126.0,0.4
MODEL_B_FOUR_STATE,quarterly,2024,2006-06-21,2023-12-31,200,0.15581025862763642,-0.5563239872438748,0.2800710776458649,0.5912908601681944,0.6424279989305045,1.6982456792609606,False,False,189.0,0.25
MODEL_B_FOUR_STATE,quarterly,2024,2006-06-21,2023-12-31,200,0.1600930838535377,-0.556323987243875,0.28776951475104723,0.599962383728969,0.6538263954024318,1.7035856558784543,False,False,189.0,0.33
MODEL_B_FOUR_STATE,quarterly,2024,2006-06-21,2023-12-31,200,0.15997507864639782,-0.5563239872438749,0.28755739877214714,0.5974699000030039,0.6509734970650503,1.660995752488548,False,False,189.0,0.4
MODEL_B_FOUR_STATE,quarterly,2024,2006-06-21,2023-12-31,200,0.1499363386582384,-0.5563239872438749,0.2695126259089581,0.5772439286867352,0.6257063370464777,1.5854140511733075,False,False,252.0,0.25
MODEL_B_FOUR_STATE,quarterly,2024,2006-06-21,2023-12-31,200,0.15419739822456724,-0.556323987243875,0.2771719389424277,0.5860327871266595,0.6371761717238149,1.590754027790801,False,False,252.0,0.33
MODEL_B_FOUR_STATE,quarterly,2024,2006-06-21,2023-12-31,200,0.15407999272930684,-0.556323987243875,0.2769609009538591,0.5836510070506356,0.6344757541683135,1.5481641244008946,False,False,252.0,0.4
MODEL_B_FOUR_STATE,quarterly,2024,2006-06-21,2023-12-31,225,0.15202993548054233,-0.5684168996003969,0.2674620258254478,0.5832762195687886,0.6305051068039859,1.9954503491469313,False,False,126.0,0.25
MODEL_B_FOUR_STATE,quarterly,2024,2006-06-21,2023-12-31,225,0.15628556010222083,-0.5580993816337704,0.2800317743494236,0.5920011288166547,0.6418554992208636,2.02360693061669,False,False,126.0,0.33
MODEL_B_FOUR_STATE,quarterly,2024,2006-06-21,2023-12-31,225,0.15580148239582692,-0.5580993816337703,0.27916440605925136,0.5889284472556523,0.6382421289742027,1.9348230480936917,False,False,126.0,0.4
MODEL_B_FOUR_STATE,quarterly,2024,2006-06-21,2023-12-31,225,0.15581025862763642,-0.5563239872438748,0.2800710776458649,0.5912908601681944,0.6424279989305045,1.6982456792609606,False,False,189.0,0.25
MODEL_B_FOUR_STATE,quarterly,2024,2006-06-21,2023-12-31,225,0.1600930838535377,-0.556323987243875,0.28776951475104723,0.599962383728969,0.6538263954024318,1.7035856558784543,False,False,189.0,0.33
MODEL_B_FOUR_STATE,quarterly,2024,2006-06-21,2023-12-31,225,0.15997507864639782,-0.5563239872438749,0.28755739877214714,0.5974699000030039,0.6509734970650503,1.660995752488548,False,False,189.0,0.4
MODEL_B_FOUR_STATE,quarterly,2024,2006-06-21,2023-12-31,225,0.1499363386582384,-0.5563239872438749,0.2695126259089581,0.5772439286867352,0.6257063370464777,1.5854140511733075,False,False,252.0,0.25
MODEL_B_FOUR_STATE,quarterly,2024,2006-06-21,2023-12-31,225,0.15419739822456724,-0.556323987243875,0.2771719389424277,0.5860327871266595,0.6371761717238149,1.590754027790801,False,False,252.0,0.33
MODEL_B_FOUR_STATE,quarterly,2024,2006-06-21,2023-12-31,225,0.15407999272930684,-0.556323987243875,0.2769609009538591,0.5836510070506356,0.6344757541683135,1.5481641244008946,False,False,252.0,0.4
MODEL_B_FOUR_STATE,quarterly,2024,2006-06-21,2023-12-31,250,0.11537159701707589,-0.5828557048950731,0.19794195381144175,0.4859978630311737,0.5278202941919334,1.9954503491469313,False,False,126.0,0.25
MODEL_B_FOUR_STATE,quarterly,2024,2006-06-21,2023-12-31,250,0.11949180490786038,-0.5828557048950731,0.2050109553776634,0.495296080299207,0.5395841524239443,2.02360693061669,False,False,126.0,0.33
MODEL_B_FOUR_STATE,quarterly,2024,2006-06-21,2023-12-31,250,0.11902313086751448,-0.58510630965813,0.2034213764282565,0.4931947539248322,0.5372288429014612,1.9348230480936917,False,False,126.0,0.4
MODEL_B_FOUR_STATE,quarterly,2024,2006-06-21,2023-12-31,250,0.11903162783394539,-0.5828557048950731,0.2042214339402815,0.49441094183419015,0.5397063027149516,1.6982456792609606,False,False,189.0,0.25
MODEL_B_FOUR_STATE,quarterly,2024,2006-06-21,2023-12-31,250,0.12317817078811433,-0.5828557048950731,0.21133561832476036,0.5036483419657175,0.5515083518508844,1.7035856558784543,False,False,189.0,0.33
MODEL_B_FOUR_STATE,quarterly,2024,2006-06-21,2023-12-31,250,0.1230639205830717,-0.5851063096581299,0.2103274542620748,0.5022294522987533,0.5500302742159549,1.660995752488548,False,False,189.0,0.4
MODEL_B_FOUR_STATE,quarterly,2024,2006-06-21,2023-12-31,250,0.11334461980122001,-0.5786966921474047,0.19586187607298272,0.4805619174238321,0.5234312516393773,1.5854140511733075,False,False,252.0,0.25
MODEL_B_FOUR_STATE,quarterly,2024,2006-06-21,2023-12-31,250,0.11747008969319683,-0.5786966921474047,0.20299077441983207,0.48991142248976677,0.5352947251106377,1.590754027790801,False,False,252.0,0.33
MODEL_B_FOUR_STATE,quarterly,2024,2006-06-21,2023-12-31,250,0.11735642011681335,-0.5809697358938286,0.20200091823416438,0.4885995361809562,0.5339513280485907,1.5481641244008946,False,False,252.0,0.4
MODEL_B_FOUR_STATE,quarterly,2025,2006-06-21,2024-12-31,150,0.17669922664501492,-0.5684168996003968,0.31086202181750117,0.6426730262317621,0.7062288090695935,2.0819001596082884,False,False,126.0,0.25
MODEL_B_FOUR_STATE,quarterly,2025,2006-06-21,2024-12-31,150,0.1806973468329931,-0.55809938163377,0.32377270568554106,0.6501978777749086,0.7164292651594116,2.0887003121376497,False,False,126.0,0.33
MODEL_B_FOUR_STATE,quarterly,2025,2006-06-21,2024-12-31,150,0.1809221615130585,-0.55809938163377,0.3241755276335018,0.6482624982311452,0.7143367945547201,1.962474073956725,False,False,126.0,0.4
MODEL_B_FOUR_STATE,quarterly,2025,2006-06-21,2024-12-31,150,0.18035022428120495,-0.5563239872438749,0.3241820026037186,0.649900538315209,0.7175205743915885,1.8008555545151728,False,False,189.0,0.25
MODEL_B_FOUR_STATE,quarterly,2025,2006-06-21,2024-12-31,150,0.18437352790062933,-0.556323987243875,0.33141394606054575,0.65738859013253,0.727771749103062,1.7860797213686321,False,False,189.0,0.33
MODEL_B_FOUR_STATE,quarterly,2025,2006-06-21,2024-12-31,150,0.1849542077139288,-0.5563239872438748,0.3324577259920499,0.6559319419012595,0.7263442138524752,1.7035357329589533,False,False,189.0,0.4
MODEL_B_FOUR_STATE,quarterly,2025,2006-06-21,2024-12-31,150,0.18536479007062834,-0.5563239872438748,0.33319575341152835,0.6621069367753671,0.731477448924282,1.6078718799965896,False,False,252.0,0.25
MODEL_B_FOUR_STATE,quarterly,2025,2006-06-21,2024-12-31,150,0.1894051861769055,-0.5563239872438749,0.34045842084798733,0.6695080972505092,0.7416797639397826,1.5930960468500488,False,False,252.0,0.33
MODEL_B_FOUR_STATE,quarterly,2025,2006-06-21,2024-12-31,150,0.19231626041689953,-0.5563239872438748,0.34569111673517355,0.6732382172483629,0.7465134926297842,1.4920144964291937,False,False,252.0,0.4
MODEL_B_FOUR_STATE,quarterly,2025,2006-06-21,2024-12-31,175,0.17669922664501492,-0.5684168996003968,0.31086202181750117,0.6426730262317621,0.7062288090695935,2.0819001596082884,False,False,126.0,0.25
MODEL_B_FOUR_STATE,quarterly,2025,2006-06-21,2024-12-31,175,0.1806973468329931,-0.55809938163377,0.32377270568554106,0.6501978777749086,0.7164292651594116,2.0887003121376497,False,False,126.0,0.33
MODEL_B_FOUR_STATE,quarterly,2025,2006-06-21,2024-12-31,175,0.1809221615130585,-0.55809938163377,0.3241755276335018,0.6482624982311452,0.7143367945547201,1.962474073956725,False,False,126.0,0.4
MODEL_B_FOUR_STATE,quarterly,2025,2006-06-21,2024-12-31,175,0.18035022428120495,-0.5563239872438749,0.3241820026037186,0.649900538315209,0.7175205743915885,1.8008555545151728,False,False,189.0,0.25
MODEL_B_FOUR_STATE,quarterly,2025,2006-06-21,2024-12-31,175,0.18437352790062933,-0.556323987243875,0.33141394606054575,0.65738859013253,0.727771749103062,1.7860797213686321,False,False,189.0,0.33
MODEL_B_FOUR_STATE,quarterly,2025,2006-06-21,2024-12-31,175,0.1849542077139288,-0.5563239872438748,0.3324577259920499,0.6559319419012595,0.7263442138524752,1.7035357329589533,False,False,189.0,0.4
MODEL_B_FOUR_STATE,quarterly,2025,2006-06-21,2024-12-31,175,0.18536479007062834,-0.5563239872438748,0.33319575341152835,0.6621069367753671,0.731477448924282,1.6078718799965896,False,False,252.0,0.25
MODEL_B_FOUR_STATE,quarterly,2025,2006-06-21,2024-12-31,175,0.1894051861769055,-0.5563239872438749,0.34045842084798733,0.6695080972505092,0.7416797639397826,1.5930960468500488,False,False,252.0,0.33
MODEL_B_FOUR_STATE,quarterly,2025,2006-06-21,2024-12-31,175,0.19231626041689953,-0.5563239872438748,0.34569111673517355,0.6732382172483629,0.7465134926297842,1.4920144964291937,False,False,252.0,0.4
MODEL_B_FOUR_STATE,quarterly,2025,2006-06-21,2024-12-31,200,0.16588658448916638,-0.5684168996003969,0.29183964200534224,0.6163718123310011,0.6749497256045561,1.9740197026736355,False,False,126.0,0.25
MODEL_B_FOUR_STATE,quarterly,2025,2006-06-21,2024-12-31,200,0.1698479661105594,-0.5580993816337704,0.30433283336267003,0.6240898268537841,0.6852873349606358,1.9808198552029963,False,False,126.0,0.33
MODEL_B_FOUR_STATE,quarterly,2025,2006-06-21,2024-12-31,200,0.1700707149775167,-0.5580993816337703,0.3047319537958539,0.6223724668460946,0.6834558602961011,1.8545936170220718,False,False,126.0,0.4
MODEL_B_FOUR_STATE,quarterly,2025,2006-06-21,2024-12-31,200,0.16950403325402386,-0.5563239872438748,0.3046858254194218,0.6237479065014881,0.6863134305516299,1.692975097580519,False,False,189.0,0.25
MODEL_B_FOUR_STATE,quarterly,2025,2006-06-21,2024-12-31,200,0.17349036689731823,-0.556323987243875,0.31185131483691625,0.6314258524770207,0.6967006548682187,1.6781992644339785,False,False,189.0,0.33
MODEL_B_FOUR_STATE,quarterly,2025,2006-06-21,2024-12-31,200,0.1740657108670256,-0.5563239872438749,0.3128855035163542,0.6302133780994345,0.6955610213243838,1.5956552760243001,False,False,189.0,0.4
MODEL_B_FOUR_STATE,quarterly,2025,2006-06-21,2024-12-31,200,0.16388291223029272,-0.5563239872438749,0.2945817832558272,0.6105908040976615,0.6703664528576888,1.5862785225567335,False,False,252.0,0.25
MODEL_B_FOUR_STATE,quarterly,2025,2006-06-21,2024-12-31,200,0.16785008590216943,-0.556323987243875,0.301712832361818,0.6183705501594849,0.6808182411168282,1.5715026894101929,False,False,252.0,0.33
MODEL_B_FOUR_STATE,quarterly,2025,2006-06-21,2024-12-31,200,0.16842266453033705,-0.556323987243875,0.3027420503018969,0.6172682036774304,0.6798218130966912,1.4889587010005148,False,False,252.0,0.4
MODEL_B_FOUR_STATE,quarterly,2025,2006-06-21,2024-12-31,225,0.16588658448916638,-0.5684168996003969,0.29183964200534224,0.6163718123310011,0.6749497256045561,1.9740197026736355,False,False,126.0,0.25
MODEL_B_FOUR_STATE,quarterly,2025,2006-06-21,2024-12-31,225,0.1698479661105594,-0.5580993816337704,0.30433283336267003,0.6240898268537841,0.6852873349606358,1.9808198552029963,False,False,126.0,0.33
MODEL_B_FOUR_STATE,quarterly,2025,2006-06-21,2024-12-31,225,0.1700707149775167,-0.5580993816337703,0.3047319537958539,0.6223724668460946,0.6834558602961011,1.8545936170220718,False,False,126.0,0.4
MODEL_B_FOUR_STATE,quarterly,2025,2006-06-21,2024-12-31,225,0.16950403325402386,-0.5563239872438748,0.3046858254194218,0.6237479065014881,0.6863134305516299,1.692975097580519,False,False,189.0,0.25
MODEL_B_FOUR_STATE,quarterly,2025,2006-06-21,2024-12-31,225,0.17349036689731823,-0.556323987243875,0.31185131483691625,0.6314258524770207,0.6967006548682187,1.6781992644339785,False,False,189.0,0.33
MODEL_B_FOUR_STATE,quarterly,2025,2006-06-21,2024-12-31,225,0.1740657108670256,-0.5563239872438749,0.3128855035163542,0.6302133780994345,0.6955610213243838,1.5956552760243001,False,False,189.0,0.4
MODEL_B_FOUR_STATE,quarterly,2025,2006-06-21,2024-12-31,225,0.16388291223029272,-0.5563239872438749,0.2945817832558272,0.6105908040976615,0.6703664528576888,1.5862785225567335,False,False,252.0,0.25
MODEL_B_FOUR_STATE,quarterly,2025,2006-06-21,2024-12-31,225,0.16785008590216943,-0.556323987243875,0.301712832361818,0.6183705501594849,0.6808182411168282,1.5715026894101929,False,False,252.0,0.33
MODEL_B_FOUR_STATE,quarterly,2025,2006-06-21,2024-12-31,225,0.16842266453033705,-0.556323987243875,0.3027420503018969,0.6172682036774304,0.6798218130966912,1.4889587010005148,False,False,252.0,0.4
MODEL_B_FOUR_STATE,quarterly,2025,2006-06-21,2024-12-31,250,0.13077384168940864,-0.5828557048950731,0.22436743878650175,0.5237412762081312,0.575785462213502,1.9740197026736355,False,False,126.0,0.25
MODEL_B_FOUR_STATE,quarterly,2025,2006-06-21,2024-12-31,250,0.13461591927569727,-0.5828557048950731,0.23095925482951413,0.5319977428950208,0.5865327164379104,1.9808198552029963,False,False,126.0,0.33
MODEL_B_FOUR_STATE,quarterly,2025,2006-06-21,2024-12-31,250,0.13483195966536465,-0.58510630965813,0.23044010539579585,0.5312200381353239,0.5858948256312787,1.8545936170220718,False,False,126.0,0.4
MODEL_B_FOUR_STATE,quarterly,2025,2006-06-21,2024-12-31,250,0.1342823445672805,-0.5828557048950731,0.2303869438688162,0.5314853013169487,0.5871213301683028,1.692975097580519,False,False,189.0,0.25
MODEL_B_FOUR_STATE,quarterly,2025,2006-06-21,2024-12-31,250,0.13814862270106554,-0.5828557048950731,0.23702028056143903,0.5396947575204992,0.5979089872977504,1.6781992644339785,False,False,189.0,0.33
MODEL_B_FOUR_STATE,quarterly,2025,2006-06-21,2024-12-31,250,0.13870663916645243,-0.5851063096581299,0.23706228573658167,0.5395150792745694,0.5980729865120783,1.5956552760243001,False,False,189.0,0.4
MODEL_B_FOUR_STATE,quarterly,2025,2006-06-21,2024-12-31,250,0.12883051357516861,-0.5786966921474047,0.22262182473708197,0.5184974372570019,0.571582241080964,1.5862785225567335,False,False,252.0,0.25
MODEL_B_FOUR_STATE,quarterly,2025,2006-06-21,2024-12-31,250,0.13267820877406544,-0.5786966921474047,0.22927072259861797,0.526804594182548,0.582425850631926,1.5715026894101929,False,False,252.0,0.33
MODEL_B_FOUR_STATE,quarterly,2025,2006-06-21,2024-12-31,250,0.13323354318107894,-0.5809697358938286,0.22932957596508466,0.5267316172252333,0.5827168081898354,1.4889587010005148,False,False,252.0,0.4
MODEL_B_FOUR_STATE,quarterly,2026,2006-06-21,2025-12-31,150,0.16667775428847764,-0.5684168996003968,0.29323152496988375,0.6194625521256151,0.6809246262446492,2.078838394509803,False,False,126.0,0.25
MODEL_B_FOUR_STATE,quarterly,2026,2006-06-21,2025-12-31,150,0.17043865362531152,-0.55809938163377,0.30539122463524776,0.6267794510668636,0.6907595363378513,2.0852905790490874,False,False,126.0,0.33
MODEL_B_FOUR_STATE,quarterly,2026,2006-06-21,2025-12-31,150,0.17065010998218066,-0.55809938163377,0.305770111198874,0.6250985532782585,0.6889437828404429,1.9655234151617333,False,False,126.0,0.4
MODEL_B_FOUR_STATE,quarterly,2026,2006-06-21,2025-12-31,150,0.17011215279397573,-0.5563239872438749,0.3057789286360646,0.6264622383900921,0.69172818279738,1.8121750148280127,False,False,189.0,0.25
MODEL_B_FOUR_STATE,quarterly,2026,2006-06-21,2025-12-31,150,0.17389614040665546,-0.556323987243875,0.3125806982872821,0.633744455438049,0.7016080708644302,1.7981552701573575,False,False,189.0,0.33
MODEL_B_FOUR_STATE,quarterly,2026,2006-06-21,2025-12-31,150,0.17444222558659073,-0.5563239872438748,0.31356229389066553,0.6325407364016681,0.7004454681164088,1.7198351084362435,False,False,189.0,0.4
MODEL_B_FOUR_STATE,quarterly,2026,2006-06-21,2025-12-31,150,0.1748283387869427,-0.5563239872438748,0.3142563376658852,0.63809236132492,0.7050141313662248,1.6290664337062168,False,False,252.0,0.25
MODEL_B_FOUR_STATE,quarterly,2026,2006-06-21,2025-12-31,150,0.17862757792002903,-0.5563239872438749,0.32108552213428887,0.645295317202507,0.7148495224123691,1.6150466890355615,False,False,252.0,0.33
MODEL_B_FOUR_STATE,quarterly,2026,2006-06-21,2025-12-31,150,0.18136449099865204,-0.5563239872438748,0.3260051609443682,0.6490554692295535,0.7196631561189553,1.5191375437603125,False,False,252.0,0.4
MODEL_B_FOUR_STATE,quarterly,2026,2006-06-21,2025-12-31,175,0.16667775428847764,-0.5684168996003968,0.29323152496988375,0.6194625521256151,0.6809246262446492,2.078838394509803,False,False,126.0,0.25
MODEL_B_FOUR_STATE,quarterly,2026,2006-06-21,2025-12-31,175,0.17043865362531152,-0.55809938163377,0.30539122463524776,0.6267794510668636,0.6907595363378513,2.0852905790490874,False,False,126.0,0.33
MODEL_B_FOUR_STATE,quarterly,2026,2006-06-21,2025-12-31,175,0.17065010998218066,-0.55809938163377,0.305770111198874,0.6250985532782585,0.6889437828404429,1.9655234151617333,False,False,126.0,0.4
MODEL_B_FOUR_STATE,quarterly,2026,2006-06-21,2025-12-31,175,0.17011215279397573,-0.5563239872438749,0.3057789286360646,0.6264622383900921,0.69172818279738,1.8121750148280127,False,False,189.0,0.25
MODEL_B_FOUR_STATE,quarterly,2026,2006-06-21,2025-12-31,175,0.17389614040665546,-0.556323987243875,0.3125806982872821,0.633744455438049,0.7016080708644302,1.7981552701573575,False,False,189.0,0.33
MODEL_B_FOUR_STATE,quarterly,2026,2006-06-21,2025-12-31,175,0.17444222558659073,-0.5563239872438748,0.31356229389066553,0.6325407364016681,0.7004454681164088,1.7198351084362435,False,False,189.0,0.4
MODEL_B_FOUR_STATE,quarterly,2026,2006-06-21,2025-12-31,175,0.1748283387869427,-0.5563239872438748,0.3142563376658852,0.63809236132492,0.7050141313662248,1.6290664337062168,False,False,252.0,0.25
MODEL_B_FOUR_STATE,quarterly,2026,2006-06-21,2025-12-31,175,0.17862757792002903,-0.5563239872438749,0.32108552213428887,0.645295317202507,0.7148495224123691,1.6150466890355615,False,False,252.0,0.33
MODEL_B_FOUR_STATE,quarterly,2026,2006-06-21,2025-12-31,175,0.18136449099865204,-0.5563239872438748,0.3260051609443682,0.6490554692295535,0.7196631561189553,1.5191375437603125,False,False,252.0,0.4
MODEL_B_FOUR_STATE,quarterly,2026,2006-06-21,2025-12-31,200,0.1565033772590516,-0.5684168996003969,0.27533202719531236,0.5943824771327781,0.6512079862086043,1.9764782469514492,False,False,126.0,0.25
MODEL_B_FOUR_STATE,quarterly,2026,2006-06-21,2025-12-31,200,0.1602314785008827,-0.5580993816337704,0.28710205345833545,0.6018760081934362,0.6611670820982339,1.9829304314907337,False,False,126.0,0.33
MODEL_B_FOUR_STATE,quarterly,2026,2006-06-21,2025-12-31,200,0.16044109078667734,-0.5580993816337703,0.28747763582357844,0.6003945958308949,0.6595885712589394,1.86316326760338,False,False,126.0,0.4
MODEL_B_FOUR_STATE,quarterly,2026,2006-06-21,2025-12-31,200,0.15990782502182244,-0.5563239872438748,0.2874365094592334,0.6015180251199069,0.662074800430992,1.7098148672696594,False,False,189.0,0.25
MODEL_B_FOUR_STATE,quarterly,2026,2006-06-21,2025-12-31,200,0.16365881319099285,-0.556323987243875,0.29417896215798073,0.6089740072758818,0.6720779160878935,1.6957951225990042,False,False,189.0,0.33
MODEL_B_FOUR_STATE,quarterly,2026,2006-06-21,2025-12-31,200,0.1642001360648926,-0.5563239872438749,0.295151997450925,0.6079938755091103,0.6711771551787938,1.61747496087789,False,False,189.0,0.4
MODEL_B_FOUR_STATE,quarterly,2026,2006-06-21,2025-12-31,200,0.1546174518191361,-0.5563239872438749,0.2779269910419245,0.5889353329834617,0.6468628745760078,1.6085780216561754,False,False,252.0,0.25
MODEL_B_FOUR_STATE,quarterly,2026,2006-06-21,2025-12-31,200,0.15835133162256776,-0.556323987243875,0.2846386912185246,0.5964851542477492,0.6569250991018234,1.5945582769855202,False,False,252.0,0.33
MODEL_B_FOUR_STATE,quarterly,2026,2006-06-21,2025-12-31,200,0.15889018550715273,-0.556323987243875,0.2856072884693003,0.5956067789099867,0.6561555919614013,1.5162381152644058,False,False,252.0,0.4
MODEL_B_FOUR_STATE,quarterly,2026,2006-06-21,2025-12-31,225,0.1565033772590516,-0.5684168996003969,0.27533202719531236,0.5943824771327781,0.6512079862086043,1.9764782469514492,False,False,126.0,0.25
MODEL_B_FOUR_STATE,quarterly,2026,2006-06-21,2025-12-31,225,0.1602314785008827,-0.5580993816337704,0.28710205345833545,0.6018760081934362,0.6611670820982339,1.9829304314907337,False,False,126.0,0.33
MODEL_B_FOUR_STATE,quarterly,2026,2006-06-21,2025-12-31,225,0.16044109078667734,-0.5580993816337703,0.28747763582357844,0.6003945958308949,0.6595885712589394,1.86316326760338,False,False,126.0,0.4
MODEL_B_FOUR_STATE,quarterly,2026,2006-06-21,2025-12-31,225,0.15990782502182244,-0.5563239872438748,0.2874365094592334,0.6015180251199069,0.662074800430992,1.7098148672696594,False,False,189.0,0.25
MODEL_B_FOUR_STATE,quarterly,2026,2006-06-21,2025-12-31,225,0.16365881319099285,-0.556323987243875,0.29417896215798073,0.6089740072758818,0.6720779160878935,1.6957951225990042,False,False,189.0,0.33
MODEL_B_FOUR_STATE,quarterly,2026,2006-06-21,2025-12-31,225,0.1642001360648926,-0.5563239872438749,0.295151997450925,0.6079938755091103,0.6711771551787938,1.61747496087789,False,False,189.0,0.4
MODEL_B_FOUR_STATE,quarterly,2026,2006-06-21,2025-12-31,225,0.1546174518191361,-0.5563239872438749,0.2779269910419245,0.5889353329834617,0.6468628745760078,1.6085780216561754,False,False,252.0,0.25
MODEL_B_FOUR_STATE,quarterly,2026,2006-06-21,2025-12-31,225,0.15835133162256776,-0.556323987243875,0.2846386912185246,0.5964851542477492,0.6569250991018234,1.5945582769855202,False,False,252.0,0.33
MODEL_B_FOUR_STATE,quarterly,2026,2006-06-21,2025-12-31,225,0.15889018550715273,-0.556323987243875,0.2856072884693003,0.5956067789099867,0.6561555919614013,1.5162381152644058,False,False,252.0,0.4
MODEL_B_FOUR_STATE,quarterly,2026,2006-06-21,2025-12-31,250,0.12342976876211487,-0.5828557048950731,0.2117672825804029,0.506522072230199,0.5569801778108737,1.9764782469514492,False,False,126.0,0.25
MODEL_B_FOUR_STATE,quarterly,2026,2006-06-21,2025-12-31,250,0.12705125400667883,-0.5828557048950731,0.21798063043674054,0.5144982901528212,0.5673007205588158,1.9829304314907337,False,False,126.0,0.33
MODEL_B_FOUR_STATE,quarterly,2026,2006-06-21,2025-12-31,250,0.12725487181393325,-0.58510630965813,0.2174901718087549,0.5138657831727802,0.5667990904660586,1.86316326760338,False,False,126.0,0.4
MODEL_B_FOUR_STATE,quarterly,2026,2006-06-21,2025-12-31,250,0.1267368563487996,-0.5828557048950731,0.21744122135960742,0.5139866184956494,0.5678110288199374,1.7098148672696594,False,False,189.0,0.25
MODEL_B_FOUR_STATE,quarterly,2026,2006-06-21,2025-12-31,250,0.13038057400184067,-0.5828557048950731,0.22369271314812308,0.5219194157297121,0.5781678749133443,1.6957951225990042,False,False,189.0,0.33
MODEL_B_FOUR_STATE,quarterly,2026,2006-06-21,2025-12-31,250,0.13090641615933807,-0.5851063096581299,0.22373099383567577,0.5218727964277344,0.5784435792115235,1.61747496087789,False,False,189.0,0.4
MODEL_B_FOUR_STATE,quarterly,2026,2006-06-21,2025-12-31,250,0.12159777689548656,-0.5786966921474047,0.21012350432532517,0.5015613496516063,0.5529751961689697,1.6085780216561754,False,False,252.0,0.25
MODEL_B_FOUR_STATE,quarterly,2026,2006-06-21,2025-12-31,250,0.12522487544672156,-0.5786966921474047,0.21639120656114702,0.5095842934520756,0.5633835754765147,1.59455827698552,False,False,252.0,0.33
MODEL_B_FOUR_STATE,quarterly,2026,2006-06-21,2025-12-31,250,0.12574831922290008,-0.5809697358938286,0.216445558957447,0.5096363012226951,0.5637761936405726,1.5162381152644058,False,False,252.0,0.4
