date,asset,side,shares,price,notional,transaction_cost,realized_gain,strategy,tax_mode
2006-09-18,RISK,BUY,2911.9148703145047,34.324501037597656,99950.02498750626,49.97501249375313,0.0,QQQ_MA200_QQQ_weekly,pre_tax
2006-09-25,RISK,SELL,2911.9148703145047,34.256049749809364,99750.70066470336,49.87535033235168,-299.17468562901195,QQQ_MA200_QQQ_weekly,pre_tax
2006-10-02,RISK,BUY,2868.880761375212,34.73514868798367,99650.99981446378,49.825499907231894,0.0,QQQ_MA200_QQQ_weekly,pre_tax
2008-01-07,RISK,SELL,2868.880761375212,41.58231318387644,119294.69830670195,59.64734915335097,19534.225643177575,QQQ_MA200_QQQ_weekly,pre_tax
2008-05-05,RISK,BUY,2842.0484687255625,41.93294538688024,119175.46322593563,59.587731612967815,0.0,QQQ_MA200_QQQ_weekly,pre_tax
2008-06-23,RISK,SELL,2842.0484687255625,40.96411140433683,116421.99008939885,58.21099504469943,-2871.2718631944444,QQQ_MA200_QQQ_weekly,pre_tax
2008-08-11,RISK,BUY,2857.815855269985,40.697382956546676,116305.62628121355,58.15281314060678,0.0,QQQ_MA200_QQQ_weekly,pre_tax
2008-09-02,RISK,SELL,2857.815855269985,40.32740239515547,115248.28996672807,57.62414498336404,-1173.113272609451,QQQ_MA200_QQQ_weekly,pre_tax
2009-05-04,RISK,BUY,3843.929364535797,29.951928964754128,115133.09927210867,57.56654963605433,0.0,QQQ_MA200_QQQ_weekly,pre_tax
2009-05-18,RISK,SELL,3843.929364535797,29.019169607206816,111547.63818758701,55.773819093793506,-3698.801453251508,QQQ_MA200_QQQ_weekly,pre_tax
2009-05-26,RISK,BUY,3880.5093844450525,28.71688617531379,111436.14629534555,55.718073147672776,0.0,QQQ_MA200_QQQ_weekly,pre_tax
2010-07-06,RISK,SELL,3880.5093844450525,37.552576671677166,145723.1261845356,72.8615630922678,34158.4002529501,QQQ_MA200_QQQ_weekly,pre_tax
2010-07-26,RISK,BUY,3622.784004296618,40.183868458855635,145577.47588350158,72.7887379417508,0.0,QQQ_MA200_QQQ_weekly,pre_tax
2010-08-16,RISK,SELL,3622.784004296618,38.77237015574949,140463.92240891684,70.23196120445843,-5256.574173730944,QQQ_MA200_QQQ_weekly,pre_tax
2010-09-07,RISK,BUY,3514.9005805572433,39.922474467577736,140323.5286833707,70.16176434168536,0.0,QQQ_MA200_QQQ_weekly,pre_tax
2011-06-20,RISK,SELL,3514.9005805572433,47.109926789276976,165586.70902163888,82.79335451081944,25110.225219415646,QQQ_MA200_QQQ_weekly,pre_tax
2011-07-05,RISK,BUY,3249.1088740655705,50.912792238201064,165421.20506459576,82.71060253229788,0.0,QQQ_MA200_QQQ_weekly,pre_tax
2011-08-08,RISK,SELL,3249.1088740655705,45.82765209979873,148899.03111504574,74.44951555752287,-16679.334067639837,QQQ_MA200_QQQ_weekly,pre_tax
2011-09-19,RISK,BUY,3024.7892612495634,49.17704793582554,148750.2064962401,74.37510324812006,0.0,QQQ_MA200_QQQ_weekly,pre_tax
2011-09-26,RISK,SELL,3024.7892612495634,47.883609866892414,144837.8289152398,72.4189144576199,-4059.171598706016,QQQ_MA200_QQQ_weekly,pre_tax
2011-10-17,RISK,BUY,2839.6571501091626,50.95441309296278,144693.0634690477,72.34653173452385,0.0,QQQ_MA200_QQQ_weekly,pre_tax
2011-11-21,RISK,SELL,2839.6571501091626,48.0859612208911,136547.64360077534,68.27382180038767,-8286.040221807256,QQQ_MA200_QQQ_weekly,pre_tax
2011-12-05,RISK,BUY,2697.6177785021596,50.56726912313657,136411.16419687652,68.20558209843826,0.0,QQQ_MA200_QQQ_weekly,pre_tax
2011-12-19,RISK,SELL,2697.6177785021596,48.59847528790157,131100.11094474114,65.55005547237057,-5444.808889706168,QQQ_MA200_QQQ_weekly,pre_tax
2011-12-27,RISK,BUY,2648.324365850352,49.45356318127606,130969.07635109323,65.48453817554662,0.0,QQQ_MA200_QQQ_weekly,pre_tax
2012-01-03,RISK,SELL,2648.324365850352,50.26616675225979,133121.11418790647,66.56055709395324,2019.9927415437123,QQQ_MA200_QQQ_weekly,pre_tax
2012-01-09,RISK,BUY,2597.7487752559323,51.193579944199925,132988.059601012,66.494029800506,0.0,QQQ_MA200_QQQ_weekly,pre_tax
2012-11-12,RISK,SELL,2597.7487752559323,56.73855022491667,147392.4993565745,73.69624967828724,14264.2494760837,QQQ_MA200_QQQ_weekly,pre_tax
2012-12-03,RISK,BUY,2496.9193024959354,58.97074061202168,147245.1805166379,73.62259025831895,0.0,QQQ_MA200_QQQ_weekly,pre_tax
2012-12-10,RISK,SELL,2496.9193024959354,57.58342120746645,143781.1559166768,71.8905779583384,-3609.5377681777463,QQQ_MA200_QQQ_weekly,pre_tax
2012-12-24,RISK,BUY,2469.9271213011652,58.15452827601736,143637.44661541076,71.81872330770538,0.0,QQQ_MA200_QQQ_weekly,pre_tax
2012-12-31,RISK,SELL,2469.9271213011652,56.97408864878012,140721.84676503888,70.36092338251945,-3057.779497062118,QQQ_MA200_QQQ_weekly,pre_tax
2013-01-07,RISK,BUY,2365.359524204575,59.43333087654365,140581.19524403434,70.29059762201717,0.0,QQQ_MA200_QQQ_weekly,pre_tax
2015-08-24,RISK,SELL,2365.359524204575,86.95873971245753,205688.683191688,102.844341595844,64934.353008435806,QQQ_MA200_QQQ_weekly,pre_tax
2015-10-12,RISK,BUY,2081.1831462339965,98.73378884182935,205483.09730144145,102.74154865072073,0.0,QQQ_MA200_QQQ_weekly,pre_tax
2016-01-11,RISK,SELL,2081.1831462339965,97.19807574797389,202286.9970930586,101.1434985465293,-3399.9852555801044,QQQ_MA200_QQQ_weekly,pre_tax
2016-03-21,RISK,BUY,2025.9553239559623,99.74791092348406,202084.8111889176,101.0424055944588,0.0,QQQ_MA200_QQQ_weekly,pre_tax
2016-05-02,RISK,SELL,2025.9553239559623,98.64040285951161,199841.0493303885,99.92052466519425,-2444.7247887887643,QQQ_MA200_QQQ_weekly,pre_tax
2016-05-31,RISK,BUY,1945.1969756189876,102.63295216574093,199641.30815164748,99.82065407582374,0.0,QQQ_MA200_QQQ_weekly,pre_tax
2016-06-20,RISK,SELL,1945.1969756189876,100.52680638637572,195544.4397514136,97.7722198757068,-4294.461274185422,QQQ_MA200_QQQ_weekly,pre_tax
2016-07-05,RISK,BUY,1947.229059228412,100.32152720257126,195348.9930350204,97.67449651751019,0.0,QQQ_MA200_QQQ_weekly,pre_tax
2018-10-29,RISK,SELL,1947.229059228412,161.0995867692778,313697.79678682674,156.84889839341338,118094.28035689544,QQQ_MA200_QQQ_weekly,pre_tax
2019-02-19,RISK,BUY,1914.8367854053186,163.66107970618407,313384.2557605531,156.69212788027656,0.0,QQQ_MA200_QQQ_weekly,pre_tax
2019-03-11,RISK,SELL,1914.8367854053186,164.10985707893892,314243.59118236165,157.1217955911808,545.5214983370388,QQQ_MA200_QQQ_weekly,pre_tax
2019-03-18,RISK,BUY,1844.3154094873325,170.2146514742382,313929.5046344532,156.9647523172266,0.0,QQQ_MA200_QQQ_weekly,pre_tax
2020-03-16,RISK,SELL,1844.3154094873325,167.64744420772877,309194.764713482,154.597382356741,-5046.30205564521,QQQ_MA200_QQQ_weekly,pre_tax
2020-04-13,RISK,BUY,1600.9208147992965,192.94253757804694,308885.7244688908,154.4428622344454,0.0,QQQ_MA200_QQQ_weekly,pre_tax
2022-01-24,RISK,SELL,1600.9208147992965,336.5033910595923,538715.2829978488,269.3576414989244,229405.75802522467,QQQ_MA200_QQQ_weekly,pre_tax
2023-01-30,RISK,BUY,1874.761266121965,287.0641967396339,538176.836937881,269.08841846894046,0.0,QQQ_MA200_QQQ_weekly,pre_tax
2023-03-13,RISK,SELL,1874.761266121965,280.9883548940412,526786.0839866807,263.3930419933404,-11923.23441166256,QQQ_MA200_QQQ_weekly,pre_tax
2023-03-20,RISK,BUY,1762.252397254377,298.62893759374526,526259.5611641053,263.12978058205266,0.0,QQQ_MA200_QQQ_weekly,pre_tax
2025-03-10,RISK,SELL,1762.252397254377,479.8773847046623,845665.071583952,422.83253579197606,318719.5481034727,QQQ_MA200_QQQ_weekly,pre_tax
2025-05-19,RISK,BUY,1652.6174943989138,511.2010686059385,844819.8291335932,422.40991456679666,0.0,QQQ_MA200_QQQ_weekly,pre_tax
2026-03-23,RISK,SELL,1652.6174943989138,589.8718065319924,974832.4669274621,487.4162334637311,129102.81164583843,QQQ_MA200_QQQ_weekly,pre_tax
2026-04-13,RISK,BUY,1599.6068316511391,608.8109292631304,973858.1216331819,486.92906081659095,0.0,QQQ_MA200_QQQ_weekly,pre_tax
2006-09-18,RISK,BUY,2911.9148703145047,34.324501037597656,99950.02498750626,49.97501249375313,0.0,QQQ_MA200_QQQ_weekly,after_tax
2006-09-25,RISK,SELL,2911.9148703145047,34.256049749809364,99750.70066470336,49.87535033235168,-299.17468562901195,QQQ_MA200_QQQ_weekly,after_tax
2006-10-02,RISK,BUY,2868.880761375212,34.73514868798367,99650.99981446378,49.825499907231894,0.0,QQQ_MA200_QQQ_weekly,after_tax
2008-01-07,RISK,SELL,2868.880761375212,41.58231318387644,119294.69830670195,59.64734915335097,19534.225643177575,QQQ_MA200_QQQ_weekly,after_tax
2008-05-05,RISK,BUY,2748.908152868835,41.93294538688024,115269.8154477987,57.63490772389935,0.0,QQQ_MA200_QQQ_weekly,after_tax
2008-06-23,RISK,SELL,2748.908152868835,40.96411140433683,112606.57981440873,56.303289907204366,-2777.1738310210785,QQQ_MA200_QQQ_weekly,after_tax
2008-08-11,RISK,BUY,2764.158806718814,40.697382956546676,112494.02950974666,56.247014754873334,0.0,QQQ_MA200_QQQ_weekly,after_tax
2008-09-02,RISK,SELL,2764.158806718814,40.32740239515547,111471.34448266237,55.73567224133119,-1134.6677140804968,QQQ_MA200_QQQ_weekly,after_tax
2009-05-04,RISK,BUY,3717.9551599845418,29.951928964754128,111359.92884599806,55.67996442299903,0.0,QQQ_MA200_QQQ_weekly,after_tax
2009-05-18,RISK,SELL,3717.9551599845418,29.019169607206816,107891.97137958117,53.94598568979059,-3577.5834165296837,QQQ_MA200_QQQ_weekly,after_tax
2009-05-26,RISK,BUY,3753.3363704273556,28.71688617531379,107784.13332722777,53.89206666361389,0.0,QQQ_MA200_QQQ_weekly,after_tax
2010-07-06,RISK,SELL,3753.3363704273556,37.552576671677166,140947.45182506775,70.47372591253388,33038.95270526383,QQQ_MA200_QQQ_weekly,after_tax
2010-07-26,RISK,BUY,3374.9558553782144,40.183868458855635,135618.78214696277,67.80939107348138,0.0,QQQ_MA200_QQQ_weekly,after_tax
2010-08-16,RISK,SELL,3374.9558553782144,38.77237015574949,130855.03768403828,65.42751884201914,-4896.981372839975,QQQ_MA200_QQQ_weekly,after_tax
2010-09-07,RISK,BUY,3274.452542948981,39.922474467577736,130724.24804117568,65.36212402058784,0.0,QQQ_MA200_QQQ_weekly,after_tax
2011-06-20,RISK,SELL,3274.452542948981,47.109926789276976,154259.2195732883,77.12960978664415,23392.479798305416,QQQ_MA200_QQQ_weekly,after_tax
2011-07-05,RISK,BUY,2953.0801213494838,50.912792238201064,150349.55468102786,75.17477734051393,0.0,QQQ_MA200_QQQ_weekly,after_tax
2011-08-08,RISK,SELL,2953.0801213494838,45.82765209979873,135332.72842403557,67.66636421201778,-15159.667398544843,QQQ_MA200_QQQ_weekly,after_tax
2011-09-19,RISK,BUY,2749.1984371365234,49.17704793582554,135197.46332815947,67.59873166407974,0.0,QQQ_MA200_QQQ_weekly,after_tax
2011-09-26,RISK,SELL,2749.1984371365234,47.883609866892414,131641.54541051562,65.82077270525781,-3689.3374220131664,QQQ_MA200_QQQ_weekly,after_tax
2011-10-17,RISK,BUY,2580.93385185407,50.95441309296278,131509.96965298388,65.75498482649195,0.0,QQQ_MA200_QQQ_weekly,after_tax
2011-11-21,RISK,SELL,2580.93385185407,48.0859612208911,124106.6851139399,62.053342556969945,-7531.092866427454,QQQ_MA200_QQQ_weekly,after_tax
2011-12-05,RISK,BUY,2451.8357942021094,50.56726912313657,123982.64045115735,61.991320225578676,0.0,QQQ_MA200_QQQ_weekly,after_tax
2011-12-19,RISK,SELL,2451.8357942021094,48.59847528790157,119155.48125452374,59.57774062726187,-4948.728257486466,QQQ_MA200_QQQ_weekly,after_tax
2011-12-27,RISK,BUY,2407.033541443683,49.45356318127606,119036.38532123585,59.51819266061793,0.0,QQQ_MA200_QQQ_weekly,after_tax
2012-01-03,RISK,SELL,2407.033541443683,50.26616675225979,120992.34937249061,60.49617468624531,1835.9496839079075,QQQ_MA200_QQQ_weekly,after_tax
2012-01-09,RISK,BUY,2361.065930939143,51.193579944199925,120871.41748905985,60.435708744529926,0.0,QQQ_MA200_QQQ_weekly,after_tax
2012-11-12,RISK,SELL,2361.065930939143,56.73855022491667,133963.4579069302,66.98172895346511,12964.622980172368,QQQ_MA200_QQQ_weekly,after_tax
2012-12-03,RISK,BUY,2269.423107262042,58.97074061202168,133829.56139727813,66.91478069863906,0.0,QQQ_MA200_QQQ_weekly,after_tax
2012-12-10,RISK,SELL,2269.423107262042,57.58342120746645,130681.14668342748,65.34057334171374,-3280.6700678909983,QQQ_MA200_QQQ_weekly,after_tax
2012-12-24,RISK,BUY,2244.890203992968,58.15452827601736,130550.53084466343,65.27526542233171,0.0,QQQ_MA200_QQQ_weekly,after_tax
2012-12-31,RISK,SELL,2244.890203992968,56.97408864878012,127900.57348907345,63.950286744536726,-2779.1829077568545,QQQ_MA200_QQQ_weekly,after_tax
2013-01-07,RISK,BUY,2149.8498392985002,59.43333087654365,127772.73683391196,63.88636841695598,0.0,QQQ_MA200_QQQ_weekly,after_tax
2015-08-24,RISK,SELL,2149.8498392985002,86.95873971245753,186948.23259642694,93.47411629821347,59018.135277799796,QQQ_MA200_QQQ_weekly,after_tax
2015-10-12,RISK,BUY,1816.6457302042259,98.73378884182935,179364.31592639492,89.68215796319747,0.0,QQQ_MA200_QQQ_weekly,after_tax
2016-01-11,RISK,SELL,1816.6457302042259,97.19807574797389,176574.46929162368,88.28723464581184,-2967.816027380235,QQQ_MA200_QQQ_weekly,after_tax
2016-03-21,RISK,BUY,1768.4378693480496,99.74791092348406,176397.98306544518,88.19899153272259,0.0,QQQ_MA200_QQQ_weekly,after_tax
2016-05-02,RISK,SELL,1768.4378693480496,98.64040285951161,174439.42386450796,87.21971193225399,-2133.9779044022143,QQQ_MA200_QQQ_weekly,after_tax
2016-05-31,RISK,BUY,1697.9446458418968,102.63295216574093,174265.07161676732,87.13253580838366,0.0,QQQ_MA200_QQQ_weekly,after_tax
2016-06-20,RISK,SELL,1697.9446458418968,100.52680638637572,170688.95266733164,85.34447633366582,-3748.5959615777247,QQQ_MA200_QQQ_weekly,after_tax
2016-07-05,RISK,BUY,1699.71843303557,100.32152720257126,170518.34901648972,85.25917450824487,0.0,QQQ_MA200_QQQ_weekly,after_tax
2018-10-29,RISK,SELL,1699.71843303557,161.0995867692778,273823.9371861547,136.91196859307735,103083.41702656366,QQQ_MA200_QQQ_weekly,after_tax
2019-02-19,RISK,BUY,1554.5319511725957,163.66107970618407,254416.37756666803,127.20818878333402,0.0,QQQ_MA200_QQQ_weekly,after_tax
2019-03-11,RISK,SELL,1554.5319511725957,164.10985707893892,255114.01633157872,127.55700816578937,442.8735679615638,QQQ_MA200_QQQ_weekly,after_tax
2019-03-18,RISK,BUY,1496.75191177146,170.2146514742382,254769.10500557878,127.38455250278939,0.0,QQQ_MA200_QQQ_weekly,after_tax
2020-03-16,RISK,SELL,1496.75191177146,167.64744420772877,250926.63262151723,125.46331631075861,-4095.320252875099,QQQ_MA200_QQQ_weekly,after_tax
2020-04-13,RISK,BUY,1299.22532654631,192.94253757804694,250675.83138951173,125.33791569475586,0.0,QQQ_MA200_QQQ_weekly,after_tax
2022-01-24,RISK,SELL,1299.22532654631,336.5033910595923,437193.72813333943,218.59686406666972,186173.96196406626,QQQ_MA200_QQQ_weekly,after_tax
2023-01-30,RISK,BUY,1392.6709313287727,287.0641967396339,399785.96222453204,199.89298111226603,0.0,QQQ_MA200_QQQ_weekly,after_tax
2023-03-13,RISK,SELL,1392.6709313287727,280.9883548940412,391324.31390282407,195.66215695141204,-8857.2034597717,QQQ_MA200_QQQ_weekly,after_tax
2023-03-20,RISK,BUY,1309.093446547104,298.62893759374526,390933.185153296,195.466592576648,0.0,QQQ_MA200_QQQ_weekly,after_tax
2025-03-10,RISK,SELL,1309.093446547104,479.8773847046623,628204.3394630369,314.1021697315184,236761.5855474327,QQQ_MA200_QQQ_weekly,after_tax
2025-05-19,RISK,BUY,1137.127536238509,511.2010686059385,581300.8116663639,290.65040583318194,0.0,QQQ_MA200_QQQ_weekly,after_tax
2026-03-23,RISK,SELL,1137.127536238509,589.8718065319924,670759.474058283,335.3797370291415,88832.63224905694,QQQ_MA200_QQQ_weekly,after_tax
2026-04-13,RISK,BUY,1071.0249896621494,608.8109292631304,652051.7192202479,326.025859610124,0.0,QQQ_MA200_QQQ_weekly,after_tax
2006-10-02,RISK,BUY,2877.489481485454,34.73514868798367,99950.02498750626,49.97501249375313,0.0,QQQ_MA200_QQQ_monthly,pre_tax
2008-02-01,RISK,SELL,2877.489481485454,39.09081778356802,112483.4169948815,56.24170849744075,12427.175286384037,QQQ_MA200_QQQ_monthly,pre_tax
2008-06-02,RISK,BUY,2618.0449411201976,42.92171919073609,112370.98979148832,56.185494895744164,0.0,QQQ_MA200_QQQ_monthly,pre_tax
2008-07-01,RISK,SELL,2618.0449411201976,38.55497240482036,100938.65045946877,50.46932522973439,-11538.994152145024,QQQ_MA200_QQQ_monthly,pre_tax
2009-05-01,RISK,BUY,3406.9325353658833,29.59781598442575,100837.7622531125,50.41888112655625,0.0,QQQ_MA200_QQQ_monthly,pre_tax
2010-07-01,RISK,SELL,3406.9325353658833,37.32603000581639,127167.26604285908,63.58363302142954,26215.501275598595,QQQ_MA200_QQQ_monthly,pre_tax
2010-08-02,RISK,BUY,3143.0713863405044,40.41911452624908,127040.16232867332,63.520081164336666,0.0,QQQ_MA200_QQQ_monthly,pre_tax
2010-09-01,RISK,SELL,3143.0713863405044,38.42386192946771,120768.94098320822,60.38447049160411,-6395.125897121034,QQQ_MA200_QQQ_monthly,pre_tax
2010-10-01,RISK,BUY,2791.9837615735937,43.21236894605707,120648.23239651836,60.32411619825918,0.0,QQQ_MA200_QQQ_monthly,pre_tax
2011-09-01,RISK,SELL,2791.9837615735937,48.480021074774626,135355.43160151635,67.67771580075818,14579.19737299897,QQQ_MA200_QQQ_monthly,pre_tax
2011-11-01,RISK,BUY,2719.011287495343,49.73136538111569,135220.14381380868,67.61007190690434,0.0,QQQ_MA200_QQQ_monthly,pre_tax
2012-01-03,RISK,SELL,2719.011287495343,50.26616675225979,136674.2747785175,68.33713738925874,1318.1837554126396,QQQ_MA200_QQQ_monthly,pre_tax
2012-02-01,RISK,BUY,2539.163382560368,53.77269920655793,136537.66880672486,68.26883440336243,0.0,QQQ_MA200_QQQ_monthly,pre_tax
2015-09-01,RISK,SELL,2539.163382560368,93.86154699198785,238329.8031525248,119.16490157626241,101604.70060982031,QQQ_MA200_QQQ_monthly,pre_tax
2015-11-02,RISK,BUY,2265.019675007707,105.11678776208028,238091.5924547212,119.0457962273606,0.0,QQQ_MA200_QQQ_monthly,pre_tax
2016-02-01,RISK,SELL,2265.019675007707,96.15882677309172,217801.6345667106,108.9008172833553,-20517.90450152126,QQQ_MA200_QQQ_monthly,pre_tax
2016-04-01,RISK,BUY,2154.006717864267,101.01358550741942,217583.941778538,108.791970889269,0.0,QQQ_MA200_QQQ_monthly,pre_tax
2016-05-02,RISK,SELL,2154.006717864267,98.64040285951161,212472.09041222566,106.23604520611283,-5326.8793824077,QQQ_MA200_QQQ_monthly,pre_tax
2016-06-01,RISK,BUY,2073.408514620378,102.37236078083242,212259.7245047672,106.1298622523836,0.0,QQQ_MA200_QQQ_monthly,pre_tax
2018-11-01,RISK,SELL,2073.408514620378,161.91841045116647,335723.0109032457,167.86150545162286,123189.29503077452,QQQ_MA200_QQQ_monthly,pre_tax
2019-03-01,RISK,BUY,2013.6843413633346,166.5541360086706,335387.45566995913,167.69372783497957,0.0,QQQ_MA200_QQQ_monthly,pre_tax
2020-04-01,RISK,SELL,2013.6843413633346,178.25000066836228,358939.23519388505,179.46961759694253,23204.616178494005,QQQ_MA200_QQQ_monthly,pre_tax
2020-05-01,RISK,BUY,1732.8509716493716,206.93093705416155,358580.4753386188,179.2902376693094,0.0,QQQ_MA200_QQQ_monthly,pre_tax
2022-02-01,RISK,SELL,1732.8509716493716,354.51975345573044,614329.8992446582,307.1649496223291,255262.96871874772,QQQ_MA200_QQQ_monthly,pre_tax
2023-02-01,RISK,BUY,2127.157922944531,288.5144867416885,613715.8763568575,306.85793817842875,0.0,QQQ_MA200_QQQ_monthly,pre_tax
2025-04-01,RISK,SELL,2127.157922944531,464.538472789733,988146.692907233,494.0733464536165,373629.8852657435,QQQ_MA200_QQQ_monthly,pre_tax
2025-06-02,RISK,BUY,1919.8578127959142,514.1834116366912,987159.0400407591,493.57952002037956,0.0,QQQ_MA200_QQQ_monthly,pre_tax
2026-04-01,RISK,SELL,1919.8578127959142,580.8416686249938,1115133.4155071098,557.566707753555,126923.22923857684,QQQ_MA200_QQQ_monthly,pre_tax
2026-05-01,RISK,BUY,1666.6315191423832,668.425399726581,1114018.8393796664,557.0094196898332,0.0,QQQ_MA200_QQQ_monthly,pre_tax
2006-10-02,RISK,BUY,2877.489481485454,34.73514868798367,99950.02498750626,49.97501249375313,0.0,QQQ_MA200_QQQ_monthly,after_tax
2008-02-01,RISK,SELL,2877.489481485454,39.09081778356802,112483.4169948815,56.24170849744075,12427.175286384037,QQQ_MA200_QQQ_monthly,after_tax
2008-06-02,RISK,BUY,2559.2560797347573,42.92171919073609,109847.67079155936,54.92383539577968,0.0,QQQ_MA200_QQQ_monthly,after_tax
2008-07-01,RISK,SELL,2559.2560797347573,38.55497240482036,98672.0475310423,49.336023765521155,-11279.883119678343,QQQ_MA200_QQQ_monthly,after_tax
2009-05-01,RISK,BUY,3330.4290035031063,29.59781598442575,98573.42479487936,49.286712397439686,0.0,QQQ_MA200_QQQ_monthly,after_tax
2010-07-01,RISK,SELL,3330.4290035031063,37.32603000581639,124311.69291699813,62.15584645849906,25626.825563262828,QQQ_MA200_QQQ_monthly,after_tax
2010-08-02,RISK,BUY,3000.419973947976,40.41911452624908,121274.31855384853,60.637159276924265,0.0,QQQ_MA200_QQQ_monthly,after_tax
2010-09-01,RISK,SELL,3000.419973947976,38.42386192946771,115287.72280939414,57.64386140469707,-6104.876765136025,QQQ_MA200_QQQ_monthly,after_tax
2010-10-01,RISK,BUY,2665.26680926498,43.21236894605707,115172.49270163864,57.586246350819316,0.0,QQQ_MA200_QQQ_monthly,after_tax
2011-09-01,RISK,SELL,2665.26680926498,48.480021074774626,129212.19108306356,64.60609554153179,13917.50603953257,QQQ_MA200_QQQ_monthly,after_tax
2011-11-01,RISK,BUY,2563.7080346147563,49.73136538111569,127496.70099992842,63.74835049996421,0.0,QQQ_MA200_QQQ_monthly,after_tax
2012-01-03,RISK,SELL,2563.7080346147563,50.26616675225979,128867.77557205356,64.43388778602679,1242.8923338391469,QQQ_MA200_QQQ_monthly,after_tax
2012-02-01,RISK,BUY,2389.439375373149,53.77269920655793,128486.604804246,64.243302402123,0.0,QQQ_MA200_QQQ_monthly,after_tax
2015-09-01,RISK,SELL,2389.439375373149,93.86154699198785,224276.4762160929,112.13823810804645,95613.48987133673,QQQ_MA200_QQQ_monthly,after_tax
2015-11-02,RISK,BUY,1946.7693296010618,105.11678776208028,204638.13844140212,102.31906922070107,0.0,QQQ_MA200_QQQ_monthly,after_tax
2016-02-01,RISK,SELL,1946.7693296010618,96.15882677309172,187199.0547322764,93.59952736613819,-17635.00230571258,QQQ_MA200_QQQ_monthly,after_tax
2016-04-01,RISK,BUY,1851.3544320883366,101.01358550741942,187011.9492302951,93.50597461514755,0.0,QQQ_MA200_QQQ_monthly,after_tax
2016-05-02,RISK,SELL,1851.3544320883366,98.64040285951161,182618.34701693585,91.30917350846792,-4578.417361482861,QQQ_MA200_QQQ_monthly,after_tax
2016-06-01,RISK,BUY,1782.0808130432297,102.37236078083242,182435.81993346068,91.21790996673035,0.0,QQQ_MA200_QQQ_monthly,after_tax
2018-11-01,RISK,SELL,1782.0808130432297,161.91841045116647,288551.6925434821,144.27584627174107,105880.37885378298,QQQ_MA200_QQQ_monthly,after_tax
2019-03-01,RISK,BUY,1628.7487241149797,166.5541360086706,271274.83652019507,135.63741826009755,0.0,QQQ_MA200_QQQ_monthly,after_tax
2020-04-01,RISK,SELL,1628.7487241149797,178.25000066836228,290324.4611620893,145.16223058104467,18768.824993053102,QQQ_MA200_QQQ_monthly,after_tax
2020-05-01,RISK,BUY,1383.1827398965108,206.93093705416155,286223.3004839276,143.11165024196382,0.0,QQQ_MA200_QQQ_monthly,after_tax
2022-02-01,RISK,SELL,1383.1827398965108,354.51975345573044,490365.6039323328,245.18280196616638,203754.00899619708,QQQ_MA200_QQQ_monthly,after_tax
2023-02-01,RISK,BUY,1554.5269407325313,288.5144867416885,448503.54243157344,224.25177121578673,0.0,QQQ_MA200_QQQ_monthly,after_tax
2025-04-01,RISK,SELL,1554.5269407325313,464.538472789733,722137.570958386,361.06878547919297,273048.7079701175,QQQ_MA200_QQQ_monthly,after_tax
2025-06-02,RISK,BUY,1295.206448208369,514.1834116366912,665973.6703136206,332.9868351568103,0.0,QQQ_MA200_QQQ_monthly,after_tax
2026-04-01,RISK,SELL,1295.206448208369,580.8416686249938,752309.8745912006,376.1549372956003,85627.06250512763,QQQ_MA200_QQQ_monthly,after_tax
2026-05-01,RISK,BUY,1098.359662062845,668.425399726581,734171.4961579095,367.08574807895474,0.0,QQQ_MA200_QQQ_monthly,after_tax
2006-06-21,RISK,BUY,3064.8485430407773,32.61173385368702,99950.02498750626,49.97501249375313,0.0,QQQ_MA200_QQQ_bimonthly,pre_tax
2006-07-03,RISK,SELL,3064.8485430407773,33.25304666513917,101915.55162331877,50.95777581165938,1864.5938475071016,QQQ_MA200_QQQ_bimonthly,pre_tax
2006-11-01,RISK,BUY,2785.030964509871,36.557470384148125,101813.6870040051,50.90684350200255,0.0,QQQ_MA200_QQQ_bimonthly,pre_tax
2008-03-03,RISK,SELL,2785.030964509871,36.874231391076805,102695.8762166508,51.3479381083254,779.9344310353626,QQQ_MA200_QQQ_bimonthly,pre_tax
2009-05-01,RISK,BUY,3466.2433105434284,29.59781598442575,102593.23166271111,51.29661583135556,0.0,QQQ_MA200_QQQ_bimonthly,pre_tax
2010-07-01,RISK,SELL,3466.2433105434284,37.32603000581639,129381.10181680435,64.69055090840217,26671.882987353485,QQQ_MA200_QQQ_bimonthly,pre_tax
2010-11-01,RISK,BUY,2826.0238872563236,45.736267819977584,129251.78537320935,64.62589268660467,0.0,QQQ_MA200_QQQ_bimonthly,pre_tax
2011-09-01,RISK,SELL,2826.0238872563236,48.480021074774626,137005.69761200307,68.50284880600154,7620.783497301105,QQQ_MA200_QQQ_bimonthly,pre_tax
2011-11-01,RISK,BUY,2752.1617259874843,49.73136538111569,136868.76038300557,68.43438019150278,0.0,QQQ_MA200_QQQ_bimonthly,pre_tax
2012-01-03,RISK,SELL,2752.1617259874843,50.26616675225979,138340.620247674,69.170310123837,1334.2551743531076,QQQ_MA200_QQQ_bimonthly,pre_tax
2012-03-01,RISK,BUY,2420.2476440722166,57.10256514520744,138202.3487631686,69.1011743815843,0.0,QQQ_MA200_QQQ_bimonthly,pre_tax
2015-09-01,RISK,SELL,2420.2476440722166,93.86154699198785,227168.18797633224,113.58409398816612,88783.15394479388,QQQ_MA200_QQQ_bimonthly,pre_tax
2015-11-02,RISK,BUY,2158.9428115834485,105.11678776208028,226941.13331568622,113.47056665784311,0.0,QQQ_MA200_QQQ_bimonthly,pre_tax
2016-03-01,RISK,SELL,2158.9428115834485,96.01965717355068,207300.94862554435,103.65047431277218,-19857.305731112487,QQQ_MA200_QQQ_bimonthly,pre_tax
2016-07-01,RISK,BUY,2064.6845227880326,100.3028544990235,207093.7512755938,103.5468756377969,0.0,QQQ_MA200_QQQ_bimonthly,pre_tax
2018-11-01,RISK,SELL,2064.6845227880326,161.91841045116647,334310.4360129634,167.1552180064817,126945.98264372535,QQQ_MA200_QQQ_bimonthly,pre_tax
2019-03-01,RISK,BUY,2005.2116426051782,166.5541360086706,333976.29264863266,166.98814632431635,0.0,QQQ_MA200_QQQ_bimonthly,pre_tax
2022-03-01,RISK,SELL,2005.2116426051782,336.34780851003364,674448.5415890565,337.22427079452825,339968.036523305,QQQ_MA200_QQQ_bimonthly,pre_tax
2023-03-01,RISK,BUY,2344.4802200262193,287.38755155531885,673774.4301032104,336.8872150516052,0.0,QQQ_MA200_QQQ_bimonthly,pre_tax
2025-05-01,RISK,SELL,2344.4802200262193,480.5532222946606,1126647.5243396945,563.3237621698473,451972.8832592628,QQQ_MA200_QQQ_bimonthly,pre_tax
2025-07-01,RISK,BUY,2057.26865835107,547.0950210069877,1125521.439857596,562.760719928798,0.0,QQQ_MA200_QQQ_bimonthly,pre_tax
2006-06-21,RISK,BUY,3064.8485430407773,32.61173385368702,99950.02498750626,49.97501249375313,0.0,QQQ_MA200_QQQ_bimonthly,after_tax
2006-07-03,RISK,SELL,3064.8485430407773,33.25304666513917,101915.55162331877,50.95777581165938,1864.5938475071016,QQQ_MA200_QQQ_bimonthly,after_tax
2006-11-01,RISK,BUY,2774.674587696231,36.557470384148125,101435.08406535337,50.71754203267668,0.0,QQQ_MA200_QQQ_bimonthly,after_tax
2008-03-03,RISK,SELL,2774.674587696231,36.874231391076805,102313.99278165145,51.156996390825725,777.0341778745787,QQQ_MA200_QQQ_bimonthly,after_tax
2009-05-01,RISK,BUY,3448.0231368614614,29.59781598442575,102053.95431486798,51.02697715743399,0.0,QQQ_MA200_QQQ_bimonthly,after_tax
2010-07-01,RISK,SELL,3448.0231368614614,37.32603000581639,128701.01506724006,64.35050753362003,26531.68326768103,QQQ_MA200_QQQ_bimonthly,after_tax
2010-11-01,RISK,BUY,2693.3802514994027,45.736267819977584,123185.16052361525,61.592580261807626,0.0,QQQ_MA200_QQQ_bimonthly,after_tax
2011-09-01,RISK,SELL,2693.3802514994027,48.480021074774626,130575.13135507282,65.2875656775364,7263.090685518211,QQQ_MA200_QQQ_bimonthly,after_tax
2011-11-01,RISK,BUY,2593.3304062191046,49.73136538111569,128969.86198563945,64.48493099281973,0.0,QQQ_MA200_QQQ_bimonthly,after_tax
2012-01-03,RISK,SELL,2593.3304062191046,50.26616675225979,130356.77864271513,65.17838932135757,1257.2533367615106,QQQ_MA200_QQQ_bimonthly,after_tax
2012-03-01,RISK,BUY,2276.100965091599,57.10256514520744,129971.20363621257,64.98560181810629,0.0,QQQ_MA200_QQQ_bimonthly,after_tax
2015-09-01,RISK,SELL,2276.100965091599,93.86154699198785,213638.35769345402,106.81917884672701,83495.34927657663,QQQ_MA200_QQQ_bimonthly,after_tax
2015-11-02,RISK,BUY,1869.0755956357025,105.11678776208028,196471.2226977219,98.23561134886096,0.0,QQQ_MA200_QQQ_bimonthly,after_tax
2016-03-01,RISK,SELL,1869.0755956357025,96.01965717355068,179467.9979243902,89.7339989621951,-17191.194383642753,QQQ_MA200_QQQ_bimonthly,after_tax
2016-07-01,RISK,BUY,1787.4727545003784,100.3028544990235,179288.6196156202,89.6443098078101,0.0,QQQ_MA200_QQQ_bimonthly,after_tax
2018-11-01,RISK,SELL,1787.4727545003784,161.91841045116647,289424.7471334694,144.7123735667347,109901.77083447462,QQQ_MA200_QQQ_bimonthly,after_tax
2019-03-01,RISK,BUY,1622.9601513885464,166.5541360086706,270310.7257910206,135.1553628955103,0.0,QQQ_MA200_QQQ_bimonthly,after_tax
2022-03-01,RISK,SELL,1622.9601513885464,336.34780851003364,545879.0902186501,272.939545109325,275160.26951962465,QQQ_MA200_QQQ_bimonthly,after_tax
2023-03-01,RISK,BUY,1703.1447881663216,287.38755155531885,489462.6106153214,244.7313053076607,0.0,QQQ_MA200_QQQ_bimonthly,after_tax
2025-05-01,RISK,SELL,1703.1447881663216,480.5532222946606,818451.715987683,409.22585799384154,328335.1482090602,QQQ_MA200_QQQ_bimonthly,after_tax
2025-07-01,RISK,BUY,1372.6422158400012,547.0950210069877,750965.7219100636,375.4828609550318,0.0,QQQ_MA200_QQQ_bimonthly,after_tax
2006-06-21,RISK,BUY,3064.8485430407773,32.61173385368702,99950.02498750626,49.97501249375313,0.0,QQQ_MA200_QQQ_quarterly,pre_tax
2006-07-03,RISK,SELL,3064.8485430407773,33.25304666513917,101915.55162331877,50.95777581165938,1864.5938475071016,QQQ_MA200_QQQ_quarterly,pre_tax
2006-10-02,RISK,BUY,2931.142973319895,34.73514868798367,101813.6870040051,50.90684350200255,0.0,QQQ_MA200_QQQ_quarterly,pre_tax
2008-04-01,RISK,SELL,2931.142973319895,38.19275497407215,111948.42537398006,55.97421268699003,10027.857313785964,QQQ_MA200_QQQ_quarterly,pre_tax
2009-07-01,RISK,BUY,3537.5127742487916,31.614453439986427,111836.53289484564,55.91826644742282,0.0,QQQ_MA200_QQQ_quarterly,pre_tax
2010-07-01,RISK,SELL,3537.5127742487916,37.32603000581639,132041.3079575692,66.0206539787846,20082.836142297354,QQQ_MA200_QQQ_quarterly,pre_tax
2010-10-01,RISK,BUY,3052.5827640215016,43.21236894605707,131909.3326372718,65.9546663186359,0.0,QQQ_MA200_QQQ_quarterly,pre_tax
2011-10-03,RISK,SELL,3052.5827640215016,45.77186634772402,139722.41029015815,69.86120514507908,7677.261781422654,QQQ_MA200_QQQ_quarterly,pre_tax
2012-04-02,RISK,BUY,2337.937125772033,59.70338387952456,139582.75770616,69.79137885307999,0.0,QQQ_MA200_QQQ_quarterly,pre_tax
2015-10-01,RISK,SELL,2337.937125772033,94.30266997903755,220473.71320341964,110.23685660170982,80710.92726180487,QQQ_MA200_QQQ_quarterly,pre_tax
2016-01-04,RISK,BUY,2168.7183362959954,101.55922324526374,220253.34967198197,110.12667483599098,0.0,QQQ_MA200_QQQ_quarterly,pre_tax
2019-01-02,RISK,SELL,2168.7183362959954,144.1642273096665,312651.6032044176,156.32580160220883,92131.80105599746,QQQ_MA200_QQQ_quarterly,pre_tax
2019-04-01,RISK,BUY,1798.9826478354103,173.61985576942988,312339.107848891,156.1695539244455,0.0,QQQ_MA200_QQQ_quarterly,pre_tax
2020-04-01,RISK,SELL,1798.9826478354103,178.25000066836228,320668.658179034,160.334329089517,8013.046447129047,QQQ_MA200_QQQ_quarterly,pre_tax
2020-07-01,RISK,BUY,1338.593576905705,239.31696319324513,320348.149775057,160.1740748875285,0.0,QQQ_MA200_QQQ_quarterly,pre_tax
2022-04-01,RISK,SELL,1338.593576905705,353.3801084265365,473032.3433460033,236.51617167300168,152287.5033243858,QQQ_MA200_QQQ_quarterly,pre_tax
2023-04-03,RISK,BUY,1510.400651281328,312.8703281475286,472559.54740063,236.27977370031502,0.0,QQQ_MA200_QQQ_quarterly,pre_tax
2025-04-01,RISK,SELL,1510.400651281328,464.538472789733,701639.2118468463,350.8196059234231,228492.56506659254,QQQ_MA200_QQQ_quarterly,pre_tax
2025-07-01,RISK,BUY,1281.1996021991408,547.0950210069877,700937.9232792833,350.4689616396417,0.0,QQQ_MA200_QQQ_quarterly,pre_tax
2026-04-01,RISK,SELL,1281.1996021991408,580.8416686249938,744174.1147830272,372.0870573915136,42513.635484712664,QQQ_MA200_QQQ_quarterly,pre_tax
2026-07-01,RISK,BUY,1019.5289431838981,729.1900024414062,743430.312569351,371.7151562846755,0.0,QQQ_MA200_QQQ_quarterly,pre_tax
2006-06-21,RISK,BUY,3064.8485430407773,32.61173385368702,99950.02498750626,49.97501249375313,0.0,QQQ_MA200_QQQ_quarterly,after_tax
2006-07-03,RISK,SELL,3064.8485430407773,33.25304666513917,101915.55162331877,50.95777581165938,1864.5938475071016,QQQ_MA200_QQQ_quarterly,after_tax
2006-10-02,RISK,BUY,2920.2432664537287,34.73514868798367,101435.08406535337,50.71754203267668,0.0,QQQ_MA200_QQQ_quarterly,after_tax
2008-04-01,RISK,SELL,2920.2432664537287,38.19275497407215,111532.13554035136,55.76606777017568,9990.567865195131,QQQ_MA200_QQQ_quarterly,after_tax
2009-07-01,RISK,BUY,3460.1923380912563,31.614453439986427,109392.0895659838,54.6960447829919,0.0,QQQ_MA200_QQQ_quarterly,after_tax
2010-07-01,RISK,SELL,3460.1923380912563,37.32603000581639,129155.2430374902,64.5776215187451,19643.879805204662,QQQ_MA200_QQQ_quarterly,after_tax
2010-10-01,RISK,BUY,2893.5579218854555,43.21236894605707,125037.49248730048,62.51874624365024,0.0,QQQ_MA200_QQQ_quarterly,after_tax
2011-10-03,RISK,SELL,2893.5579218854555,45.77186634772402,132443.54646993915,66.22177323496958,7277.313463160055,QQQ_MA200_QQQ_quarterly,after_tax
2012-04-02,RISK,BUY,2191.392065311059,59.70338387952456,130833.5217058103,65.41676085290516,0.0,QQQ_MA200_QQQ_quarterly,after_tax
2015-10-01,RISK,SELL,2191.392065311059,94.30266997903755,206654.1227297103,103.32706136485515,75651.85720168223,QQQ_MA200_QQQ_quarterly,after_tax
2016-01-04,RISK,BUY,1881.528545443465,101.55922324526374,191086.5775890292,95.54328879451461,0.0,QQQ_MA200_QQQ_quarterly,after_tax
2019-01-02,RISK,SELL,1881.528545443465,144.1642273096665,271249.1089149379,135.62455445746895,79931.36348265666,QQQ_MA200_QQQ_quarterly,after_tax
2019-04-01,RISK,BUY,1467.2748846213042,173.61985576942988,254748.05384205768,127.37402692102884,0.0,QQQ_MA200_QQQ_quarterly,after_tax
2020-04-01,RISK,SELL,1467.2748846213042,178.25000066836228,261541.74916441864,130.77087458220933,6535.550420857733,QQQ_MA200_QQQ_quarterly,after_tax
2020-07-01,RISK,BUY,1086.2301656387212,239.31696319324513,259953.30456955443,129.97665228477723,0.0,QQQ_MA200_QQQ_quarterly,after_tax
2022-04-01,RISK,SELL,1086.2301656387212,353.3801084265365,383852.133709586,191.926066854793,123576.926420892,QQQ_MA200_QQQ_quarterly,after_tax
2023-04-03,RISK,BUY,1145.4469619372546,312.8703281475286,358376.3668568986,179.1881834284493,0.0,QQQ_MA200_QQQ_quarterly,after_tax
2025-04-01,RISK,SELL,1145.4469619372546,464.538472789733,532104.1823599717,266.05209117998584,173282.57522846467,QQQ_MA200_QQQ_quarterly,after_tax
2025-07-01,RISK,BUY,907.3151139390991,547.0950210069877,496387.5813204689,248.19379066023447,0.0,QQQ_MA200_QQQ_quarterly,after_tax
2026-04-01,RISK,SELL,907.3151139390991,580.8416686249938,527006.4247490626,263.5032123745313,30107.14642555901,QQQ_MA200_QQQ_quarterly,after_tax
2026-07-01,RISK,BUY,713.6226083220297,729.1900024414062,520366.4715045835,260.18323575229175,0.0,QQQ_MA200_QQQ_quarterly,after_tax
2006-09-18,RISK,BUY,96372.34188470518,1.0371235463706094,99950.02498750626,49.97501249375313,0.0,QQQ_MA200_QLD_weekly,pre_tax
2006-09-25,RISK,SELL,96372.34188470518,1.032091240829839,99465.04991746283,49.73252495873142,-584.6826074959099,QQQ_MA200_QLD_weekly,pre_tax
2006-10-02,RISK,BUY,94202.75842928168,1.0548059975314907,99365.6345752165,49.68281728760825,0.0,QQQ_MA200_QLD_weekly,pre_tax
2008-01-07,RISK,SELL,94202.75842928168,1.347410977138844,126929.8307843729,63.46491539218645,27451.048476476586,QQQ_MA200_QLD_weekly,pre_tax
2008-05-05,RISK,BUY,96412.66574750887,1.3152106458591897,126802.96438678732,63.40148219339366,0.0,QQQ_MA200_QLD_weekly,pre_tax
2008-06-23,RISK,SELL,96412.66574750887,1.2447033745882312,120005.17040897146,60.00258520448573,-6921.19804521375,QQQ_MA200_QLD_weekly,pre_tax
2008-08-11,RISK,BUY,98970.0747772194,1.2113280249714045,119885.22521116139,59.9426126055807,0.0,QQQ_MA200_QLD_weekly,pre_tax
2008-09-02,RISK,SELL,98970.0747772194,1.184303849414458,117210.64053549769,58.605320267748844,-2793.1326085370238,QQQ_MA200_QLD_weekly,pre_tax
2009-05-04,RISK,BUY,219377.39089347687,0.5337536744059992,117093.48847099446,58.54674423549723,0.0,QQQ_MA200_QLD_weekly,pre_tax
2009-05-18,RISK,SELL,219377.39089347687,0.49909595003144464,109490.36732339943,54.74518366169972,-7716.413075492208,QQQ_MA200_QLD_weekly,pre_tax
2009-05-26,RISK,BUY,225008.62539184335,0.48611883870415346,109380.93167390079,54.690465836950395,0.0,QQQ_MA200_QLD_weekly,pre_tax
2010-07-06,RISK,SELL,225008.62539184335,0.7853627560037075,176713.3941623439,88.35669708117196,67189.41532552498,QQQ_MA200_QLD_weekly,pre_tax
2010-07-26,RISK,BUY,196747.92937871927,0.8972738347904413,176536.76908072238,88.2683845403612,0.0,QQQ_MA200_QLD_weekly,pre_tax
2010-08-16,RISK,SELL,196747.92937871927,0.831776302715947,163650.26526564936,81.82513263282468,-13056.597332246223,QQQ_MA200_QLD_weekly,pre_tax
2010-09-07,RISK,BUY,185743.62459376553,0.8801739340565858,163486.69678462422,81.74334839231211,0.0,QQQ_MA200_QLD_weekly,pre_tax
2011-06-20,RISK,SELL,185743.62459376553,1.1971284527652901,222358.9779209514,111.17948896047571,58679.3582989744,QQQ_MA200_QLD_weekly,pre_tax
2011-07-05,RISK,BUY,159412.67641186866,1.393469672970241,222136.73006695748,111.06836503347874,0.0,QQQ_MA200_QLD_weekly,pre_tax
2011-08-08,RISK,SELL,159412.67641186866,1.122318245115123,178911.7552396734,89.4558776198367,-43425.49906993739,QQQ_MA200_QLD_weekly,pre_tax
2011-09-19,RISK,BUY,141112.813254311,1.2665960572517,178732.93289560577,89.36646644780289,0.0,QQQ_MA200_QLD_weekly,pre_tax
2011-09-26,RISK,SELL,141112.813254311,1.1991140306329697,169210.35427533442,84.60517713766721,-9696.550263856829,QQQ_MA200_QLD_weekly,pre_tax
2011-10-17,RISK,BUY,125318.91670060408,1.348888363660264,169041.22848395476,84.52061424197738,0.0,QQQ_MA200_QLD_weekly,pre_tax
2011-11-21,RISK,SELL,125318.91670060408,1.1940750652414829,149640.19363526578,74.82009681763289,-19560.375559748587,QQQ_MA200_QLD_weekly,pre_tax
2011-12-05,RISK,BUY,113774.00973362502,1.313925988671165,149490.628224336,74.74531411216799,0.0,QQQ_MA200_QLD_weekly,pre_tax
2011-12-19,RISK,SELL,113774.00973362502,1.2114806317797169,137835.0091922037,68.91750459610185,-11799.281850840547,QQQ_MA200_QLD_weekly,pre_tax
2011-12-27,RISK,BUY,110094.56637321763,1.2507178837444586,137697.2430660746,68.8486215330373,0.0,QQQ_MA200_QLD_weekly,pre_tax
2012-01-03,RISK,SELL,110094.56637321763,1.290871759931478,142117.96665308837,71.05898332654418,4280.815982154192,QQQ_MA200_QLD_weekly,pre_tax
2012-01-09,RISK,BUY,106070.39746903213,1.338506530545976,141975.91970990688,70.98795985495344,0.0,QQQ_MA200_QLD_weekly,pre_tax
2012-11-12,RISK,SELL,106070.39746903213,1.6000397225028735,169716.8493321197,84.85842466605985,27585.08323769181,QQQ_MA200_QLD_weekly,pre_tax
2012-12-03,RISK,BUY,98240.17950784243,1.725843928097357,169547.21729880426,84.77360864940214,0.0,QQQ_MA200_QLD_weekly,pre_tax
2012-12-10,RISK,SELL,98240.17950784243,1.6458421197495952,161687.82528576814,80.84391264288406,-8025.009534328419,QQQ_MA200_QLD_weekly,pre_tax
2012-12-24,RISK,BUY,96442.15374760325,1.674850799026328,161526.21826399327,80.76310913199664,0.0,QQQ_MA200_QLD_weekly,pre_tax
2012-12-31,RISK,SELL,96442.15374760325,1.6054926399715426,154837.16802478096,77.41858401239048,-6847.231932356721,QQQ_MA200_QLD_weekly,pre_tax
2013-01-07,RISK,BUY,88615.14442291512,1.7455527409449292,154682.40823665026,77.34120411832512,0.0,QQQ_MA200_QLD_weekly,pre_tax
2015-08-24,RISK,SELL,88615.14442291512,3.432666745387014,304186.2593982083,152.09312969910414,149274.41682774058,QQQ_MA200_QLD_weekly,pre_tax
2015-10-12,RISK,BUY,69072.48266226005,4.399468694962183,303882.2251559312,151.9411125779656,0.0,QQQ_MA200_QLD_weekly,pre_tax
2016-01-11,RISK,SELL,69072.48266226005,4.215746027529573,291192.0443950281,145.59602219751406,-12987.717895678594,QQQ_MA200_QLD_weekly,pre_tax
2016-03-21,RISK,BUY,66416.55619165204,4.379947027582518,290900.99787389365,145.45049893694681,0.0,QQQ_MA200_QLD_weekly,pre_tax
2016-05-02,RISK,SELL,66416.55619165204,4.257564817205552,282772.7929215332,141.3863964607666,-8415.041847758112,QQQ_MA200_QLD_weekly,pre_tax
2016-05-31,RISK,BUY,61343.77500722548,4.605033867105126,282490.1614443503,141.24508072217517,0.0,QQQ_MA200_QLD_weekly,pre_tax
2016-06-20,RISK,SELL,61343.77500722548,4.412542996675287,270682.0447977573,135.34102239887864,-12084.70274971408,QQQ_MA200_QLD_weekly,pre_tax
2016-07-05,RISK,BUY,61729.93398367423,4.38055705839344,270411.4980263452,135.2057490131726,0.0,QQQ_MA200_QLD_weekly,pre_tax
2018-10-29,RISK,SELL,61729.93398367423,10.144939535035777,626246.4477661252,313.1232238830626,355386.6207668837,QQQ_MA200_QLD_weekly,pre_tax
2019-02-19,RISK,BUY,61889.09741420683,10.1087354707727,625620.5142850996,312.8102571425498,0.0,QQQ_MA200_QLD_weekly,pre_tax
2019-03-11,RISK,SELL,61889.09741420683,10.137084270374908,627374.9959052565,313.68749795262823,1127.9838650617748,QQQ_MA200_QLD_weekly,pre_tax
2019-03-18,RISK,BUY,57505.889925435906,10.898847670260327,626747.9344400839,313.37396722004195,0.0,QQQ_MA200_QLD_weekly,pre_tax
2020-03-16,RISK,SELL,57505.889925435906,9.445307493430235,543160.813029094,271.580406514547,-84172.07578472455,QQQ_MA200_QLD_weekly,pre_tax
2020-04-13,RISK,BUY,44809.42216855592,12.109460408117469,542617.9236607491,271.3089618303746,0.0,QQQ_MA200_QLD_weekly,pre_tax
2022-01-24,RISK,SELL,44809.42216855592,33.0985388893131,1483126.4022535963,741.5632011267982,939495.60642989,QQQ_MA200_QLD_weekly,pre_tax
2023-01-30,RISK,BUY,71222.34393982452,20.803078571744038,1481644.0170439475,740.8220085219738,0.0,QQQ_MA200_QLD_weekly,pre_tax
2023-03-13,RISK,SELL,71222.34393982452,19.663863781418385,1400506.4694260387,700.2532347130193,-82578.6228611439,QQQ_MA200_QLD_weekly,pre_tax
2023-03-20,RISK,BUY,63164.15464410411,22.150326727921968,1399106.6628598957,699.5533314299479,0.0,QQQ_MA200_QLD_weekly,pre_tax
2025-03-10,RISK,SELL,63164.15464410411,47.364473139597685,2991736.9060260635,1495.8684530130317,1590434.8213817247,QQQ_MA200_QLD_weekly,pre_tax
2025-05-19,RISK,BUY,58139.48204267655,51.406489346552455,2988746.6642409298,1494.373332120465,0.0,QQQ_MA200_QLD_weekly,pre_tax
2026-03-23,RISK,SELL,58139.48204267655,64.02386157339181,3722314.1502490225,1861.1570751245113,730211.955600848,QQQ_MA200_QLD_weekly,pre_tax
2026-04-13,RISK,BUY,54810.455863561496,67.84460442333032,3718593.6963257357,1859.296848162868,0.0,QQQ_MA200_QLD_weekly,pre_tax
2006-09-18,RISK,BUY,96372.34188470518,1.0371235463706094,99950.02498750626,49.97501249375313,0.0,QQQ_MA200_QLD_weekly,after_tax
2006-09-25,RISK,SELL,96372.34188470518,1.032091240829839,99465.04991746283,49.73252495873142,-584.6826074959099,QQQ_MA200_QLD_weekly,after_tax
2006-10-02,RISK,BUY,94202.75842928168,1.0548059975314907,99365.6345752165,49.68281728760825,0.0,QQQ_MA200_QLD_weekly,after_tax
2008-01-07,RISK,SELL,94202.75842928168,1.347410977138844,126929.8307843729,63.46491539218645,27451.048476476586,QQQ_MA200_QLD_weekly,after_tax
2008-05-05,RISK,BUY,92264.90838549312,1.3152106458591897,121347.78974782338,60.67389487391169,0.0,QQQ_MA200_QLD_weekly,after_tax
2008-06-23,RISK,SELL,92264.90838549312,1.2447033745882312,114842.44282349729,57.42122141174865,-6623.442040611757,QQQ_MA200_QLD_weekly,after_tax
2008-08-11,RISK,BUY,94712.29543781694,1.2113280249714045,114727.65777319895,57.36382888659948,0.0,QQQ_MA200_QLD_weekly,after_tax
2008-09-02,RISK,SELL,94712.29543781694,1.184303849414458,112168.13607388601,56.08406803694301,-2672.9695962365076,QQQ_MA200_QLD_weekly,after_tax
2009-05-04,RISK,BUY,209939.58330789278,0.5337536744059992,112056.02399385214,56.02801199692607,0.0,QQQ_MA200_QLD_weekly,after_tax
2009-05-18,RISK,SELL,209939.58330789278,0.49909595003144464,104779.99578025837,52.38999789012919,-7384.446223480831,QQQ_MA200_QLD_weekly,after_tax
2009-05-26,RISK,BUY,215328.55716377267,0.48611883870415346,104675.2681482941,52.33763407414705,0.0,QQQ_MA200_QLD_weekly,after_tax
2010-07-06,RISK,SELL,215328.55716377267,0.7853627560037075,169111.0291004424,84.5555145502212,64298.86780352393,QQQ_MA200_QLD_weekly,after_tax
2010-07-26,RISK,BUY,177507.94915802608,0.8972738347904413,159273.23824680876,79.63661912340439,0.0,QQQ_MA200_QLD_weekly,after_tax
2010-08-16,RISK,SELL,177507.94915802608,0.831776302715947,147646.90565335323,73.82345282667661,-11779.792665405606,QQQ_MA200_QLD_weekly,after_tax
2010-09-07,RISK,BUY,167579.7553495566,0.8801739340565858,147499.33253425942,73.74966626712971,0.0,QQQ_MA200_QLD_weekly,after_tax
2011-06-20,RISK,SELL,167579.7553495566,1.1971284527652901,200614.49323640054,100.30724661820027,52941.10378925578,QQQ_MA200_QLD_weekly,after_tax
2011-07-05,RISK,BUY,137825.91845492978,1.393469672970241,192056.23751621408,96.02811875810704,0.0,QQQ_MA200_QLD_weekly,after_tax
2011-08-08,RISK,SELL,137825.91845492978,1.122318245115123,154684.54293171683,77.34227146585842,-37545.06497472123,QQQ_MA200_QLD_weekly,after_tax
2011-09-19,RISK,BUY,122004.11868303828,1.2665960572517,154529.93569240478,77.2649678462024,0.0,QQQ_MA200_QLD_weekly,after_tax
2011-09-26,RISK,SELL,122004.11868303828,1.1991140306329697,146296.85050784124,73.14842525392062,-8383.498577663646,QQQ_MA200_QLD_weekly,after_tax
2011-10-17,RISK,BUY,108348.9417705532,1.348888363660264,146150.62676920273,73.07531338460137,0.0,QQQ_MA200_QLD_weekly,after_tax
2011-11-21,RISK,SELL,108348.9417705532,1.1940750652414829,129376.76971351894,64.68838485675947,-16911.620753925163,QQQ_MA200_QLD_weekly,after_tax
2011-12-05,RISK,BUY,98367.38044170683,1.313925988671165,129247.45759986226,64.62372879993113,0.0,QQQ_MA200_QLD_weekly,after_tax
2011-12-19,RISK,SELL,98367.38044170683,1.2114806317797169,119170.17620403475,59.58508810201738,-10201.490212729463,QQQ_MA200_QLD_weekly,after_tax
2011-12-27,RISK,BUY,95186.18637379713,1.2507178837444586,119051.06558314117,59.52553279157058,0.0,QQQ_MA200_QLD_weekly,after_tax
2012-01-03,RISK,SELL,95186.18637379713,1.290871759931478,122873.15992550917,61.436579962754585,3701.132229613664,QQQ_MA200_QLD_weekly,after_tax
2012-01-09,RISK,BUY,91706.94753457115,1.338506530545976,122750.34817146069,61.37517408573034,0.0,QQQ_MA200_QLD_weekly,after_tax
2012-11-12,RISK,SELL,91706.94753457115,1.6000397225028735,146734.7588848008,73.3673794424004,23849.668159811976,QQQ_MA200_QLD_weekly,after_tax
2012-12-03,RISK,BUY,84937.05315418352,1.725843928097357,146588.0974566301,73.29404872831505,0.0,QQQ_MA200_QLD_weekly,after_tax
2012-12-10,RISK,SELL,84937.05315418352,1.6458421197495952,139792.97960856545,69.89648980428272,-6938.308386597229,QQQ_MA200_QLD_weekly,after_tax
2012-12-24,RISK,BUY,83382.5058158632,1.674850799026328,139653.25649051592,69.82662824525796,0.0,QQQ_MA200_QLD_weekly,after_tax
2012-12-31,RISK,SELL,83382.5058158632,1.6054926399715426,133869.99938975272,66.93499969487635,-5920.018728703348,QQQ_MA200_QLD_weekly,after_tax
2013-01-07,RISK,BUY,76615.3855766717,1.7455527409449292,133736.19629191188,66.86809814595594,0.0,QQQ_MA200_QLD_weekly,after_tax
2015-08-24,RISK,SELL,76615.3855766717,3.432666745387014,262995.08625404484,131.49754312702242,129060.52432085996,QQQ_MA200_QLD_weekly,after_tax
2015-10-12,RISK,BUY,56455.543487407296,4.399468694962183,248374.39622992452,124.18719811496226,0.0,QQQ_MA200_QLD_weekly,after_tax
2016-01-11,RISK,SELL,56455.543487407296,4.215746027529573,238002.23318906035,119.00111659453017,-10615.351355573657,QQQ_MA200_QLD_weekly,after_tax
2016-03-21,RISK,BUY,54284.754678585574,4.379947027582518,237764.34989751707,118.88217494875853,0.0,QQQ_MA200_QLD_weekly,after_tax
2016-05-02,RISK,SELL,54284.754678585574,4.257564817205552,231120.8616301804,115.56043081509021,-6877.9308731005,QQQ_MA200_QLD_weekly,after_tax
2016-05-31,RISK,BUY,50138.579418607966,4.605033867105126,230889.8562712297,115.44492813561486,0.0,QQQ_MA200_QLD_weekly,after_tax
2016-06-20,RISK,SELL,50138.579418607966,4.412542996675287,221238.6374768263,110.61931873841314,-9877.283041277435,QQQ_MA200_QLD_weekly,after_tax
2016-07-05,RISK,BUY,50454.20170475851,4.38055705839344,221017.5094033862,110.5087547016931,0.0,QQQ_MA200_QLD_weekly,after_tax
2018-10-29,RISK,SELL,50454.20170475851,10.144939535035777,511854.82558327407,255.92741279163704,290470.8800123945,QQQ_MA200_QLD_weekly,after_tax
2019-02-19,RISK,BUY,45299.54414181679,10.1087354707727,457921.1086762171,228.96055433810855,0.0,QQQ_MA200_QLD_weekly,after_tax
2019-03-11,RISK,SELL,45299.54414181679,10.137084270374908,459205.2963751648,229.60264818758242,825.6244964220678,QQQ_MA200_QLD_weekly,after_tax
2019-03-18,RISK,BUY,42075.886611615526,10.898847670260327,458578.67877114355,229.28933938557176,0.0,QQQ_MA200_QLD_weekly,after_tax
2020-03-16,RISK,SELL,42075.886611615526,9.445307493430235,397419.687105413,198.7098435527065,-61586.99084866885,QQQ_MA200_QLD_weekly,after_tax
2020-04-13,RISK,BUY,32786.14014565879,12.109460408117469,397022.46602884587,198.51123301442294,0.0,QQQ_MA200_QLD_weekly,after_tax
2022-01-24,RISK,SELL,32786.14014565879,33.0985388893131,1085173.334641557,542.5866673207785,687409.770712376,QQQ_MA200_QLD_weekly,after_tax
2023-01-30,RISK,BUY,46003.59214975822,20.803078571744038,957016.3420738874,478.5081710369437,0.0,QQQ_MA200_QLD_weekly,after_tax
2023-03-13,RISK,SELL,46003.59214975822,19.663863781418385,904608.3694887738,452.3041847443869,-53338.78494089504,QQQ_MA200_QLD_weekly,after_tax
2023-03-20,RISK,BUY,40798.68546851957,22.150326727921968,903704.2131974307,451.85210659871535,0.0,QQQ_MA200_QLD_weekly,after_tax
2025-03-10,RISK,SELL,40798.68546851957,47.364473139597685,1932408.2420045896,966.2041210022949,1027285.972579558,QQQ_MA200_QLD_weekly,after_tax
2025-05-19,RISK,BUY,33706.217436480445,51.406489346552455,1732718.3075610127,866.3591537805064,0.0,QQQ_MA200_QLD_weekly,after_tax
2026-03-23,RISK,SELL,33706.217436480445,64.02386157339181,2158002.1993158692,1079.0010996579347,423338.5315014182,QQQ_MA200_QLD_weekly,after_tax
2026-04-13,RISK,BUY,30509.235769291263,67.84460442333032,2069887.0320256858,1034.9435160128428,0.0,QQQ_MA200_QLD_weekly,after_tax
2006-10-02,RISK,BUY,94756.78486983792,1.0548059975314907,99950.02498750626,49.97501249375313,0.0,QQQ_MA200_QLD_monthly,pre_tax
2008-02-01,RISK,SELL,94756.78486983792,1.1752651317284033,111364.34525221004,55.68217262610502,11308.663079583901,QQQ_MA200_QLD_monthly,pre_tax
2008-06-02,RISK,BUY,81026.19331509163,1.3730502694192561,111253.03656130329,55.626518280651645,0.0,QQQ_MA200_QLD_monthly,pre_tax
2008-07-01,RISK,SELL,81026.19331509163,1.0997216982783382,89106.2629175015,44.553131458750755,-22246.9532935412,QQQ_MA200_QLD_monthly,pre_tax
2009-05-01,RISK,BUY,170681.57161903102,0.5215396152089603,89017.20118545003,44.50860059272502,0.0,QQQ_MA200_QLD_monthly,pre_tax
2010-07-01,RISK,SELL,170681.57161903102,0.7762022502958725,132483.41997472802,66.24170998736402,43355.46847869789,QQQ_MA200_QLD_monthly,pre_tax
2010-08-02,RISK,BUY,146037.3559134422,0.9062818340932217,132351.002763359,66.1755013816795,0.0,QQQ_MA200_QLD_monthly,pre_tax
2010-09-01,RISK,SELL,146037.3559134422,0.8158979594631174,119151.58069516651,59.57579034758326,-13325.173359921755,QQQ_MA200_QLD_monthly,pre_tax
2010-10-01,RISK,BUY,115708.40578148121,1.0287281019607608,119032.48866048869,59.51624433024434,0.0,QQQ_MA200_QLD_monthly,pre_tax
2011-09-01,RISK,SELL,115708.40578148121,1.2346873260889206,142863.70214034885,71.43185107017443,23700.265384459737,QQQ_MA200_QLD_monthly,pre_tax
2011-11-01,RISK,BUY,111192.90482430681,1.2835433165440844,142720.9098343615,71.36045491718075,0.0,QQQ_MA200_QLD_monthly,pre_tax
2012-01-03,RISK,SELL,111192.90482430681,1.290871759931478,143535.78074244628,71.76789037122315,671.7425627963676,QQQ_MA200_QLD_monthly,pre_tax
2012-02-01,RISK,BUY,97295.83602674054,1.4737765000993321,143392.31669372818,71.6961583468641,0.0,QQQ_MA200_QLD_monthly,pre_tax
2015-09-01,RISK,SELL,97295.83602674054,4.004880768822511,389658.22259000165,194.82911129500084,245999.3806266316,QQQ_MA200_QLD_monthly,pre_tax
2015-11-02,RISK,BUY,78219.82866616607,4.976599485541127,389268.7590991571,194.63437954957857,0.0,QQQ_MA200_QLD_monthly,pre_tax
2016-02-01,RISK,SELL,78219.82866616607,4.097667973657485,320518.88683032437,160.2594434151622,-69104.7660917975,QQQ_MA200_QLD_monthly,pre_tax
2016-04-01,RISK,BUY,71440.41729557705,4.482036083272873,320198.5281228478,160.0992640614239,0.0,QQQ_MA200_QLD_monthly,pre_tax
2016-05-02,RISK,SELL,71440.41729557705,4.257564817205552,304162.2072041318,152.08110360206592,-16348.50128637941,QQQ_MA200_QLD_monthly,pre_tax
2016-06-01,RISK,BUY,66382.8686995879,4.57735863114206,303858.19700202876,151.92909850101438,0.0,QQQ_MA200_QLD_monthly,pre_tax
2018-11-01,RISK,SELL,66382.8686995879,10.25087243510065,680482.3189155112,340.24115945775566,376131.9516555238,QQQ_MA200_QLD_monthly,pre_tax
2019-03-01,RISK,BUY,65013.41389131735,10.456337176880792,679802.1766677197,339.9010883338599,0.0,QQQ_MA200_QLD_monthly,pre_tax
2020-04-01,RISK,SELL,65013.41389131735,10.422928032946222,677630.134165347,338.81506708267347,-2850.758657789207,QQQ_MA200_QLD_monthly,pre_tax
2020-05-01,RISK,BUY,48981.12078766518,13.820689110229623,676952.8426769259,338.47642133846296,0.0,QQQ_MA200_QLD_monthly,pre_tax
2022-02-01,RISK,SELL,48981.12078766518,36.61481947444583,1793434.8952963867,896.7174476481933,1115246.858750474,QQQ_MA200_QLD_monthly,pre_tax
2023-02-01,RISK,BUY,85311.3827656157,21.001211076284598,1791642.3566704034,895.8211783352017,0.0,QQQ_MA200_QLD_monthly,pre_tax
2025-04-01,RISK,SELL,85311.3827656157,44.0057077774389,3754187.7800729214,1877.0938900364608,1959772.5083341463,QQQ_MA200_QLD_monthly,pre_tax
2025-06-02,RISK,BUY,72345.85998562274,51.840360584475505,3750435.468448661,1875.2177342243303,0.0,QQQ_MA200_QLD_monthly,pre_tax
2026-04-01,RISK,SELL,72345.85998562274,61.85860985691658,4475214.32761375,2237.6071638068747,720666.0342670581,QQQ_MA200_QLD_monthly,pre_tax
2026-05-01,RISK,BUY,54946.36642954882,81.36555045013495,4470741.349775055,2235.370674887528,0.0,QQQ_MA200_QLD_monthly,pre_tax
2006-10-02,RISK,BUY,94756.78486983792,1.0548059975314907,99950.02498750626,49.97501249375313,0.0,QQQ_MA200_QLD_monthly,after_tax
2008-02-01,RISK,SELL,94756.78486983792,1.1752651317284033,111364.34525221004,55.68217262610502,11308.663079583901,QQQ_MA200_QLD_monthly,after_tax
2008-06-02,RISK,BUY,79353.85337797624,1.3730502694192561,108956.82976008642,54.47841488004321,0.0,QQQ_MA200_QLD_monthly,after_tax
2008-07-01,RISK,SELL,79353.85337797624,1.0997216982783382,87267.15440175828,43.63357720087914,-21787.78735040904,QQQ_MA200_QLD_monthly,after_tax
2009-05-01,RISK,BUY,167158.78970037258,0.5215396152089603,87179.93085912784,43.58996542956392,0.0,QQQ_MA200_QLD_monthly,after_tax
2010-07-01,RISK,SELL,167158.78970037258,0.7762022502958725,129749.02872216371,64.87451436108185,42460.63338324522,QQQ_MA200_QLD_monthly,after_tax
2010-08-02,RISK,BUY,138391.55761562072,0.9062818340932217,125421.75465890252,62.71087732945126,0.0,QQQ_MA200_QLD_monthly,after_tax
2010-09-01,RISK,SELL,138391.55761562072,0.8158979594631174,112913.3894655074,56.4566947327537,-12627.532765457305,QQQ_MA200_QLD_monthly,after_tax
2010-10-01,RISK,BUY,109650.48226982816,1.0287281019607608,112800.53250452239,56.4002662522612,0.0,QQQ_MA200_QLD_monthly,after_tax
2011-09-01,RISK,SELL,109650.48226982816,1.2346873260889206,135384.06075809474,67.69203037904737,22459.435956941044,QQQ_MA200_QLD_monthly,after_tax
2011-11-01,RISK,BUY,103816.04553669908,1.2835433165440844,133252.39139866643,66.62619569933321,0.0,QQQ_MA200_QLD_monthly,after_tax
2012-01-03,RISK,SELL,103816.04553669908,1.290871759931478,134013.2014110852,67.00660070554261,627.1772160139226,QQQ_MA200_QLD_monthly,after_tax
2012-02-01,RISK,BUY,90754.53964426022,1.4737765000993321,133751.9078050439,66.87595390252196,0.0,QQQ_MA200_QLD_monthly,after_tax
2015-09-01,RISK,SELL,90754.53964426022,4.004880768822511,363461.110504638,181.730555252319,229460.59619043922,QQQ_MA200_QLD_monthly,after_tax
2015-11-02,RISK,BUY,63598.89069825717,4.976599485541127,316506.206729933,158.2531033649665,0.0,QQQ_MA200_QLD_monthly,after_tax
2016-02-01,RISK,SELL,63598.89069825717,4.097667973657485,260607.13757439132,130.30356878719567,-56187.62582769382,QQQ_MA200_QLD_monthly,after_tax
2016-04-01,RISK,BUY,58086.694492909155,4.482036083272873,260346.6606752665,130.17333033763325,0.0,QQQ_MA200_QLD_monthly,after_tax
2016-05-02,RISK,SELL,58086.694492909155,4.257564817205552,247307.86682077748,123.65393341038875,-13292.62111823706,QQQ_MA200_QLD_monthly,after_tax
2016-06-01,RISK,BUY,53974.50854412339,4.57735863114206,247060.68254609406,123.53034127304703,0.0,QQQ_MA200_QLD_monthly,after_tax
2018-11-01,RISK,SELL,53974.50854412339,10.25087243510065,553285.8018330589,276.64290091652947,305824.9460447753,QQQ_MA200_QLD_monthly,after_tax
2019-03-01,RISK,BUY,48271.526930615524,10.456337176880792,504743.3616293975,252.37168081469875,0.0,QQQ_MA200_QLD_monthly,after_tax
2020-04-01,RISK,SELL,48271.526930615524,10.422928032946222,503130.65123823105,251.56532561911553,-2116.647397600289,QQQ_MA200_QLD_monthly,after_tax
2020-05-01,RISK,BUY,36367.779350059325,13.820689110229623,502627.7720265986,251.3138860132993,0.0,QQQ_MA200_QLD_monthly,after_tax
2022-02-01,RISK,SELL,36367.779350059325,36.61481947444583,1331599.6755889012,665.7998377944506,828054.7898384947,QQQ_MA200_QLD_monthly,after_tax
2023-02-01,RISK,BUY,55356.96280853107,21.001211076284598,1162563.2604839972,581.2816302419986,0.0,QQQ_MA200_QLD_monthly,after_tax
2025-04-01,RISK,SELL,55356.96280853107,44.0057077774389,2436022.3287987714,1218.0111643993857,1271659.7755201329,QQQ_MA200_QLD_monthly,after_tax
2025-06-02,RISK,BUY,41963.036526727585,51.840360584475505,2175378.9447650746,1087.6894723825374,0.0,QQQ_MA200_QLD_monthly,after_tax
2026-04-01,RISK,SELL,41963.036526727585,61.85860985691658,2595775.1049183817,1297.8875524591908,418010.58312846534,QQQ_MA200_QLD_monthly,after_tax
2026-05-01,RISK,BUY,30827.594742727717,81.36555045013495,2508304.215295727,1254.1521076478634,0.0,QQQ_MA200_QLD_monthly,after_tax
2006-06-21,RISK,BUY,100704.2593271069,0.9925104027909014,99950.02498750626,49.97501249375313,0.0,QQQ_MA200_QLD_bimonthly,pre_tax
2006-07-03,RISK,SELL,100704.2593271069,0.9901980630484073,99717.16252642576,49.85858126321288,-332.6960548374627,QQQ_MA200_QLD_bimonthly,pre_tax
2006-11-01,RISK,BUY,85660.09907603578,1.1629392946316672,99617.49519756378,49.80874759878189,0.0,QQQ_MA200_QLD_bimonthly,pre_tax
2008-03-03,RISK,SELL,85660.09907603578,1.0403559681792183,89116.99530857697,44.55849765428849,-10594.867134239888,QQQ_MA200_QLD_bimonthly,pre_tax
2009-05-01,RISK,BUY,170702.12933647996,0.5215396152089603,89027.92284949793,44.51396142474897,0.0,QQQ_MA200_QLD_bimonthly,pre_tax
2010-07-01,RISK,SELL,170702.12933647996,0.7762022502958725,132499.37692127284,66.24968846063642,43360.69042188952,QQQ_MA200_QLD_bimonthly,pre_tax
2010-11-01,RISK,BUY,115045.39575179323,1.1505627226187236,132366.94376093175,66.18347188046587,0.0,QQQ_MA200_QLD_bimonthly,pre_tax
2011-09-01,RISK,SELL,115045.39575179323,1.2346873260889206,142045.09205962325,71.02254602981162,9540.942280781193,QQQ_MA200_QLD_bimonthly,pre_tax
2011-11-01,RISK,BUY,110555.76864884274,1.2835433165440844,141903.11795461611,70.95155897730805,0.0,QQQ_MA200_QLD_bimonthly,pre_tax
2012-01-03,RISK,SELL,110555.76864884274,1.290871759931478,142713.31964630896,71.35665982315447,667.8934728923778,QQQ_MA200_QLD_bimonthly,pre_tax
2012-03-01,RISK,BUY,85812.7749871264,1.6614155371277806,142570.67764766197,71.28533882383098,0.0,QQQ_MA200_QLD_bimonthly,pre_tax
2015-09-01,RISK,SELL,85812.7749871264,4.004880768822511,343669.9322652359,171.83496613261798,200856.13431261753,QQQ_MA200_QLD_bimonthly,pre_tax
2015-11-02,RISK,BUY,68988.1584964901,4.976599485541127,343326.43408206233,171.66321704103117,0.0,QQQ_MA200_QLD_bimonthly,pre_tax
2016-03-01,RISK,SELL,68988.1584964901,4.061998270463953,280229.7804952358,140.11489024761792,-63408.43169411528,QQQ_MA200_QLD_bimonthly,pre_tax
2016-07-01,RISK,BUY,63952.24903873464,4.377479994332151,279949.6907596084,139.9748453798042,0.0,QQQ_MA200_QLD_bimonthly,pre_tax
2018-11-01,RISK,SELL,63952.24903873464,10.25087243510065,655566.346833857,327.7831734169285,375148.8980554518,QQQ_MA200_QLD_bimonthly,pre_tax
2019-03-01,RISK,BUY,62632.937043615115,10.456337176880792,654911.1081063868,327.45555405319345,0.0,QQQ_MA200_QLD_bimonthly,pre_tax
2022-03-01,RISK,SELL,62632.937043615115,32.654064465527455,2045219.9638875306,1022.6099819437653,1388958.7902451467,QQQ_MA200_QLD_bimonthly,pre_tax
2023-03-01,RISK,BUY,99064.17332088095,20.624769758129208,2043175.7660225756,1021.5878830112878,0.0,QQQ_MA200_QLD_bimonthly,pre_tax
2025-05-01,RISK,SELL,99064.17332088095,45.64644299625848,4521927.140463062,2260.963570231531,2475468.822987243,QQQ_MA200_QLD_bimonthly,pre_tax
2025-07-01,RISK,BUY,77435.44412793964,58.337722783542695,4517407.473156252,2258.703736578126,0.0,QQQ_MA200_QLD_bimonthly,pre_tax
2006-06-21,RISK,BUY,100704.2593271069,0.9925104027909014,99950.02498750626,49.97501249375313,0.0,QQQ_MA200_QLD_bimonthly,after_tax
2006-07-03,RISK,SELL,100704.2593271069,0.9901980630484073,99717.16252642576,49.85858126321288,-332.6960548374627,QQQ_MA200_QLD_bimonthly,after_tax
2006-11-01,RISK,BUY,85660.09907603578,1.1629392946316672,99617.49519756378,49.80874759878189,0.0,QQQ_MA200_QLD_bimonthly,after_tax
2008-03-03,RISK,SELL,85660.09907603578,1.0403559681792183,89116.99530857697,44.55849765428849,-10594.867134239888,QQQ_MA200_QLD_bimonthly,after_tax
2009-05-01,RISK,BUY,170702.12933647996,0.5215396152089603,89027.92284949793,44.51396142474897,0.0,QQQ_MA200_QLD_bimonthly,after_tax
2010-07-01,RISK,SELL,170702.12933647996,0.7762022502958725,132499.37692127284,66.24968846063642,43360.69042188952,QQQ_MA200_QLD_bimonthly,after_tax
2010-11-01,RISK,BUY,109321.6773317904,1.1505627226187236,125781.44671211037,62.89072335605518,0.0,QQQ_MA200_QLD_bimonthly,after_tax
2011-09-01,RISK,SELL,109321.6773317904,1.2346873260889206,134978.08946834406,67.48904473417203,9066.262988143484,QQQ_MA200_QLD_bimonthly,after_tax
2011-11-01,RISK,BUY,103621.19161797971,1.2835433165440844,133002.28795359176,66.50114397679589,0.0,QQQ_MA200_QLD_bimonthly,after_tax
2012-01-03,RISK,SELL,103621.19161797971,1.290871759931478,133761.6699900984,66.8808349950492,626.0000575348095,QQQ_MA200_QLD_bimonthly,after_tax
2012-03-01,RISK,BUY,80353.68866286371,1.6614155371277806,133500.86681001016,66.75043340500508,0.0,QQQ_MA200_QLD_bimonthly,after_tax
2015-09-01,RISK,SELL,80353.68866286371,4.004880768822511,321806.94242985436,160.90347121492718,188078.42171522425,QQQ_MA200_QLD_bimonthly,after_tax
2015-11-02,RISK,BUY,56925.669883731636,4.976599485541127,283296.2594574629,141.64812972873145,0.0,QQQ_MA200_QLD_bimonthly,after_tax
2016-03-01,RISK,SELL,56925.669883731636,4.061998270463953,231231.9726127198,115.6159863063599,-52321.55096077817,QQQ_MA200_QLD_bimonthly,after_tax
2016-07-01,RISK,BUY,52770.28255923688,4.377479994332151,231000.8561983143,115.50042809915715,0.0,QQQ_MA200_QLD_bimonthly,after_tax
2018-11-01,RISK,SELL,52770.28255923688,10.25087243510065,540941.434878954,270.47071743947697,309554.6075351011,QQQ_MA200_QLD_bimonthly,after_tax
2019-03-01,RISK,BUY,46686.51894718285,10.456337176880792,488169.98372657754,244.08499186328876,0.0,QQQ_MA200_QLD_bimonthly,after_tax
2022-03-01,RISK,SELL,46686.51894718285,32.654064465527455,1524504.5993723776,762.2522996861888,1035328.2783542506,QQQ_MA200_QLD_bimonthly,after_tax
2023-03-01,RISK,BUY,63649.63309681064,20.624769758129208,1312759.02781112,656.37951390556,0.0,QQQ_MA200_QLD_bimonthly,after_tax
2025-05-01,RISK,SELL,63649.63309681064,45.64644299625848,2905379.348886334,1452.689674443167,1590511.2518868651,QQQ_MA200_QLD_bimonthly,after_tax
2025-07-01,RISK,BUY,44217.09338388345,58.337722783542695,2579524.5361230127,1289.7622680615063,0.0,QQQ_MA200_QLD_bimonthly,after_tax
2006-06-21,RISK,BUY,100704.2593271069,0.9925104027909014,99950.02498750626,49.97501249375313,0.0,QQQ_MA200_QLD_quarterly,pre_tax
2006-07-03,RISK,SELL,100704.2593271069,0.9901980630484073,99717.16252642576,49.85858126321288,-332.6960548374627,QQQ_MA200_QLD_quarterly,pre_tax
2006-10-02,RISK,BUY,94441.53278488516,1.0548059975314907,99617.49519756378,49.80874759878189,0.0,QQQ_MA200_QLD_quarterly,pre_tax
2008-04-01,RISK,SELL,94441.53278488516,1.105673796684275,104421.5281189464,52.2107640594732,4702.013409724357,QQQ_MA200_QLD_quarterly,pre_tax
2009-07-01,RISK,BUY,177654.6959853272,0.5871905507305863,104317.15877549918,52.15857938774959,0.0,QQQ_MA200_QLD_quarterly,pre_tax
2010-07-01,RISK,SELL,177654.6959853272,0.7762022502958725,137895.9747994401,68.94798739972005,33457.70945715344,QQQ_MA200_QLD_quarterly,pre_tax
2010-10-01,RISK,BUY,133911.13499826007,1.0287281019607608,137758.14773817128,68.87907386908564,0.0,QQQ_MA200_QLD_quarterly,pre_tax
2011-10-03,RISK,SELL,133911.13499826007,1.0937673872989817,146467.63225728815,73.23381612864408,8567.371629119152,QQQ_MA200_QLD_quarterly,pre_tax
2012-04-02,RISK,BUY,80753.31601547326,1.8119533047313074,146321.2378222484,73.1606189111242,0.0,QQQ_MA200_QLD_quarterly,pre_tax
2015-10-01,RISK,SELL,80753.31601547326,4.0128714863326636,324052.6792653035,162.02633963265174,177496.25448451133,QQQ_MA200_QLD_quarterly,pre_tax
2016-01-04,RISK,BUY,70317.68755495967,4.603803108263218,323728.78853140515,161.86439426570257,0.0,QQQ_MA200_QLD_quarterly,pre_tax
2019-01-02,RISK,SELL,70317.68755495967,7.930691094749013,557667.8584954621,278.8339292477311,233498.37164054357,QQQ_MA200_QLD_quarterly,pre_tax
2019-04-01,RISK,BUY,49301.761974466724,11.300011338744342,557110.4693315487,278.5552346657743,0.0,QQQ_MA200_QLD_quarterly,pre_tax
2020-04-01,RISK,SELL,49301.761974466724,10.422928032946222,513868.7169573113,256.93435847865567,-43777.241967381735,QQQ_MA200_QLD_quarterly,pre_tax
2020-07-01,RISK,BUY,28086.301801592108,18.277775004796442,513355.10504630953,256.67755252315476,0.0,QQQ_MA200_QLD_quarterly,pre_tax
2022-04-01,RISK,SELL,28086.301801592108,35.6666172610934,1001743.3766369438,500.8716883184719,487630.72234979266,QQQ_MA200_QLD_quarterly,pre_tax
2023-04-03,RISK,BUY,41326.03625732281,24.215778344925518,1000742.1338816845,500.37106694084224,0.0,QQQ_MA200_QLD_quarterly,pre_tax
2025-04-01,RISK,SELL,41326.03625732281,44.0057077774389,1818581.4751395925,909.2907375697963,816429.6794533974,QQQ_MA200_QLD_quarterly,pre_tax
2025-07-01,RISK,BUY,31142.178950688984,58.337722783542695,1816763.8025007725,908.3819012503862,0.0,QQQ_MA200_QLD_quarterly,pre_tax
2026-04-01,RISK,SELL,31142.178950688984,61.85860985691658,1926411.8978049497,963.2059489024748,107776.50745402416,QQQ_MA200_QLD_quarterly,pre_tax
2026-07-01,RISK,BUY,20272.689797166306,94.93000030517578,1924486.4486317313,962.2432243158656,0.0,QQQ_MA200_QLD_quarterly,pre_tax
2006-06-21,RISK,BUY,100704.2593271069,0.9925104027909014,99950.02498750626,49.97501249375313,0.0,QQQ_MA200_QLD_quarterly,after_tax
2006-07-03,RISK,SELL,100704.2593271069,0.9901980630484073,99717.16252642576,49.85858126321288,-332.6960548374627,QQQ_MA200_QLD_quarterly,after_tax
2006-10-02,RISK,BUY,94441.53278488516,1.0548059975314907,99617.49519756378,49.80874759878189,0.0,QQQ_MA200_QLD_quarterly,after_tax
2008-04-01,RISK,SELL,94441.53278488516,1.105673796684275,104421.5281189464,52.2107640594732,4702.013409724357,QQQ_MA200_QLD_quarterly,after_tax
2009-07-01,RISK,BUY,176143.80105023857,0.5871905507305863,103429.97554646843,51.71498777323421,0.0,QQQ_MA200_QLD_quarterly,after_tax
2010-07-01,RISK,SELL,176143.80105023857,0.7762022502958725,136723.21475086367,68.36160737543183,33173.162609246574,QQQ_MA200_QLD_quarterly,after_tax
2010-10-01,RISK,BUY,126224.60639700982,1.0287281019607608,129850.79975954002,64.92539987977001,0.0,QQQ_MA200_QLD_quarterly,after_tax
2011-10-03,RISK,SELL,126224.60639700982,1.0937673872989817,138060.35795169976,69.03017897584988,8075.6026133041305,QQQ_MA200_QLD_quarterly,after_tax
2012-04-02,RISK,BUY,75213.1014811921,1.8119533047313074,136282.62778793724,68.14131389396861,0.0,QQQ_MA200_QLD_quarterly,after_tax
2015-10-01,RISK,SELL,75213.1014811921,4.0128714863326636,301820.5103325208,150.9102551662604,165318.83097552336,QQQ_MA200_QLD_quarterly,after_tax
2016-01-04,RISK,BUY,58202.120662313704,4.603803108263218,267951.1040126707,133.97555200633536,0.0,QQQ_MA200_QLD_quarterly,after_tax
2019-01-02,RISK,SELL,58202.120662313704,7.930691094749013,461583.0400321188,230.7915200160594,193267.16894742573,QQQ_MA200_QLD_quarterly,after_tax
2019-04-01,RISK,BUY,37334.394714467,11.300011338744342,421879.08359863394,210.93954179931697,0.0,QQQ_MA200_QLD_quarterly,after_tax
2020-04-01,RISK,SELL,37334.394714467,10.422928032946222,389133.7092624974,194.5668546312487,-33150.88073256711,QQQ_MA200_QLD_quarterly,after_tax
2020-07-01,RISK,BUY,21268.714048665144,18.277775004796442,388744.77002285473,194.37238501142738,0.0,QQQ_MA200_QLD_quarterly,after_tax
2022-04-01,RISK,SELL,21268.714048665144,35.6666172610934,758583.08360938,379.29154180469,369264.64965970913,QQQ_MA200_QLD_quarterly,after_tax
2023-04-03,RISK,BUY,28476.371122258268,24.215778344925518,689577.4911644441,344.7887455822221,0.0,QQQ_MA200_QLD_quarterly,after_tax
2025-04-01,RISK,SELL,28476.371122258268,44.0057077774389,1253122.8661679972,626.5614330839986,562574.0248248868,QQQ_MA200_QLD_quarterly,after_tax
2025-07-01,RISK,BUY,19500.942392407156,58.337722783542695,1137640.5713060845,568.8202856530422,0.0,QQQ_MA200_QLD_quarterly,after_tax
2026-04-01,RISK,SELL,19500.942392407156,61.85860985691658,1206301.1872941197,603.1505936470598,67488.64510873519,QQQ_MA200_QLD_quarterly,after_tax
2026-07-01,RISK,BUY,12550.216144584363,94.93000030517578,1191392.0224354155,595.6960112177078,0.0,QQQ_MA200_QLD_quarterly,after_tax
2006-07-03,RISK,BUY,26561.98909254052,3.7628968462898555,99950.02498750626,49.97501249375313,0.0,SPY_MA200_SSO_weekly,pre_tax
2006-07-17,RISK,SELL,26561.98909254052,3.5376846540380225,93967.94119340593,46.98397059670297,-6079.042777190785,SPY_MA200_SSO_weekly,pre_tax
2006-07-31,RISK,BUY,24896.691844201097,3.770541917783663,93874.02021270289,46.937010106351444,0.0,SPY_MA200_SSO_weekly,pre_tax
2007-08-06,RISK,SELL,24896.691844201097,4.600617678341657,114540.16063065613,57.270080315328066,20561.93332753156,SPY_MA200_SSO_weekly,pre_tax
2007-08-13,RISK,BUY,24490.33847562802,4.672278328262296,114425.67771148507,57.21283885574254,0.0,SPY_MA200_SSO_weekly,pre_tax
2007-11-12,RISK,SELL,24490.33847562802,4.5567274088454495,111595.79658379649,55.79789829189824,-2942.891864836245,SPY_MA200_SSO_weekly,pre_tax
2007-12-03,RISK,BUY,23442.532411302655,4.755640499977495,111484.25655722598,55.74212827861299,0.0,SPY_MA200_SSO_weekly,pre_tax
2007-12-17,RISK,SELL,23442.532411302655,4.623212556946891,108379.8102105689,54.18990510528445,-3214.3783800409874,SPY_MA200_SSO_weekly,pre_tax
2007-12-24,RISK,BUY,22582.835355773183,4.794414999598489,108271.48456318204,54.13574228159102,0.0,SPY_MA200_SSO_weekly,pre_tax
2007-12-31,RISK,SELL,22582.835355773183,4.687996727926458,105868.2582551666,52.9341291275833,-2510.2961794246075,SPY_MA200_SSO_weekly,pre_tax
2008-05-19,RISK,BUY,24535.307655716264,4.310622242388963,105762.44290458673,52.88122145229337,0.0,SPY_MA200_SSO_weekly,pre_tax
2008-05-27,RISK,SELL,24535.307655716264,4.010858229107273,98407.64061460826,49.20382030730413,-7456.887331738064,SPY_MA200_SSO_weekly,pre_tax
2009-06-01,RISK,BUY,64050.963979909946,1.5348603056787682,98309.28215322435,49.15464107661218,0.0,SPY_MA200_SSO_weekly,pre_tax
2010-05-24,RISK,SELL,64050.963979909946,2.055191413354062,131636.99118856122,65.81849559428062,33212.73589866597,SPY_MA200_SSO_weekly,pre_tax
2010-06-21,RISK,BUY,58716.25115515879,2.2396767061212737,131505.41998297547,65.75270999148773,0.0,SPY_MA200_SSO_weekly,pre_tax
2010-06-28,RISK,SELL,58716.25115515879,2.0405987436998854,119816.30834198397,59.908154170991985,-11814.77250515396,SPY_MA200_SSO_weekly,pre_tax
2010-08-09,RISK,BUY,54008.21942273084,2.2162654720196064,119696.55191185705,59.84827595592853,0.0,SPY_MA200_SSO_weekly,pre_tax
2010-08-16,RISK,SELL,54008.21942273084,2.0089226735914303,108498.33655862506,54.24916827931253,-11312.312797467224,SPY_MA200_SSO_weekly,pre_tax
2010-09-13,RISK,BUY,49459.25546508799,2.1914986674361345,108389.89244412369,54.194946222061844,0.0,SPY_MA200_SSO_weekly,pre_tax
2011-08-08,RISK,SELL,49459.25546508799,2.388938567399874,118155.1228954317,59.07756144771585,9651.957943638248,SPY_MA200_SSO_weekly,pre_tax
2011-10-31,RISK,BUY,42703.42828800058,2.7641112564665318,118037.02682057371,59.01851341028686,0.0,SPY_MA200_SSO_weekly,pre_tax
2011-11-07,RISK,SELL,42703.42828800058,2.682216743232983,114539.85034752415,57.269925173762076,-3613.4649116336077,SPY_MA200_SSO_weekly,pre_tax
2011-11-14,RISK,BUY,42221.89370462185,2.710095585455834,114425.36773848115,57.21268386924057,0.0,SPY_MA200_SSO_weekly,pre_tax
2011-11-21,RISK,SELL,42221.89370462185,2.4551177255152337,103659.71963903715,51.829859819518575,-10874.690643132752,SPY_MA200_SSO_weekly,pre_tax
2011-12-12,RISK,BUY,39219.89935828792,2.640397181474984,103556.11172335596,51.778055861677984,0.0,SPY_MA200_SSO_weekly,pre_tax
2011-12-19,RISK,SELL,39219.89935828792,2.549790093014672,100002.51083279503,50.00125541639751,-3655.3802018390124,SPY_MA200_SSO_weekly,pre_tax
2011-12-27,RISK,BUY,36722.12732876041,2.7205002968329346,99902.55829822952,49.95127914911476,0.0,SPY_MA200_SSO_weekly,pre_tax
2012-11-19,RISK,SELL,36722.12732876041,3.2693421032372085,120057.19699635415,60.028598498177075,20044.658820477343,SPY_MA200_SSO_weekly,pre_tax
2012-11-26,RISK,BUY,35310.352145905556,3.396658274671566,119937.199797957,59.9685998989785,0.0,SPY_MA200_SSO_weekly,pre_tax
2014-10-20,RISK,SELL,35310.352145905556,6.294836199085759,222272.8828905118,111.1364414452559,102164.57805121056,SPY_MA200_SSO_weekly,pre_tax
2014-10-27,RISK,BUY,32621.816331418428,6.806816604955954,222050.7210885223,111.02536054426115,0.0,SPY_MA200_SSO_weekly,pre_tax
2015-08-24,RISK,SELL,32621.816331418428,6.25295796116513,203982.8461372095,101.99142306860476,-18280.89173492565,SPY_MA200_SSO_weekly,pre_tax
2015-10-26,RISK,BUY,26558.081465757827,7.67295504738412,203778.96523152516,101.88948261576259,0.0,SPY_MA200_SSO_weekly,pre_tax
2015-11-16,RISK,SELL,26558.081465757827,7.298464383441565,193833.21167037304,96.91660583518653,-10144.559649603063,SPY_MA200_SSO_weekly,pre_tax
2015-11-23,RISK,BUY,24797.552361655493,7.808814051595654,193639.4753268744,96.81973766343721,0.0,SPY_MA200_SSO_weekly,pre_tax
2015-12-14,RISK,SELL,24797.552361655493,7.261842286542456,180075.9143426206,90.03795717131031,-13750.418679088529,SPY_MA200_SSO_weekly,pre_tax
2015-12-28,RISK,BUY,23882.99942648937,7.532384237371399,179895.9284212387,89.94796421061935,0.0,SPY_MA200_SSO_weekly,pre_tax
2016-01-04,RISK,SELL,23882.99942648937,7.20648781811078,172112.5444269424,86.0562722134712,-7959.388230720389,SPY_MA200_SSO_weekly,pre_tax
2016-03-14,RISK,BUY,23687.740082799886,7.2586290331946985,171940.51789578106,85.97025894789053,0.0,SPY_MA200_SSO_weekly,pre_tax
2018-10-29,RISK,SELL,23687.740082799886,12.981956136431302,307513.2027260937,153.75660136304685,135332.95797000168,SPY_MA200_SSO_weekly,pre_tax
2018-11-12,RISK,BUY,22323.728172309326,13.761404046488598,307205.8432031291,153.60292160156453,0.0,SPY_MA200_SSO_weekly,pre_tax
2018-11-19,RISK,SELL,22323.728172309326,13.341703825966086,297836.5695663262,148.9182847831631,-9671.794843187556,SPY_MA200_SSO_weekly,pre_tax
2018-12-03,RISK,BUY,21223.6355330571,14.019223114587883,297538.8818406228,148.7694409203114,0.0,SPY_MA200_SSO_weekly,pre_tax
2018-12-10,RISK,SELL,21223.6355330571,12.33801637864248,261857.562821197,130.9287814105985,-35961.01724175672,SPY_MA200_SSO_weekly,pre_tax
2019-02-19,RISK,BUY,19333.783332832474,13.530504175946032,261595.83612172556,130.79791806086277,0.0,SPY_MA200_SSO_weekly,pre_tax
2019-06-03,RISK,SELL,19333.783332832474,13.331679925472988,257751.81114176693,128.87590557088348,-4103.698803590378,SPY_MA200_SSO_weekly,pre_tax
2019-06-10,RISK,BUY,17499.08555531545,14.714722510966272,257494.18814212497,128.7470940710625,0.0,SPY_MA200_SSO_weekly,pre_tax
2020-03-02,RISK,SELL,17499.08555531545,15.436006553204635,270115.99930693785,135.05799965346893,12358.00607108837,SPY_MA200_SSO_weekly,pre_tax
2020-06-01,RISK,BUY,18387.814453738298,14.675263282487325,269846.0182981354,134.9230091490677,0.0,SPY_MA200_SSO_weekly,pre_tax
2022-01-24,RISK,SELL,18387.814453738298,29.372715778559456,540100.0477385425,270.0500238692713,269849.0564073888,SPY_MA200_SSO_weekly,pre_tax
2022-01-31,RISK,BUY,17622.287125781655,30.618058470769444,539560.2176058703,269.78010880293516,0.0,SPY_MA200_SSO_weekly,pre_tax
2022-02-14,RISK,SELL,17622.287125781655,30.35537291856893,534931.0973811983,267.4655486905992,-5166.365882165614,SPY_MA200_SSO_weekly,pre_tax
2022-03-21,RISK,BUY,17258.94164844845,30.96345329284668,534396.4336156999,267.1982168078499,0.0,SPY_MA200_SSO_weekly,pre_tax
2022-04-18,RISK,SELL,17258.94164844845,29.80452373661742,514394.5360300768,257.1972680150384,-20526.293070445943,SPY_MA200_SSO_weekly,pre_tax
2022-12-05,RISK,BUY,21237.35273802397,24.197008210101163,513880.39856278035,256.94019928139016,0.0,SPY_MA200_SSO_weekly,pre_tax
2022-12-12,RISK,SELL,21237.35273802397,22.98983715856044,488243.28112607874,244.12164056303936,-26138.179276545998,SPY_MA200_SSO_weekly,pre_tax
2023-01-17,RISK,BUY,20732.57941224618,23.526029836716287,487755.28184459347,243.87764092229673,0.0,SPY_MA200_SSO_weekly,pre_tax
2023-03-13,RISK,SELL,20732.57941224618,21.268237470504747,440945.4223157495,220.47271115787476,-47274.20988092414,SPY_MA200_SSO_weekly,pre_tax
2023-03-20,RISK,BUY,19650.75266514086,22.416683206103855,440504.6972559637,220.25234862798186,0.0,SPY_MA200_SSO_weekly,pre_tax
2023-10-30,RISK,SELL,19650.75266514086,24.234643293041422,476228.9812794718,238.1144906397359,35265.91718424042,SPY_MA200_SSO_weekly,pre_tax
2023-11-06,RISK,BUY,17732.3633675557,26.82964365393923,475752.99029368523,237.87649514684261,0.0,SPY_MA200_SSO_weekly,pre_tax
2025-03-17,RISK,SELL,17732.3633675557,41.39679408362681,734062.9949427505,367.0314974713753,257705.0966564471,SPY_MA200_SSO_weekly,pre_tax
2025-05-19,RISK,BUY,16653.52799787816,44.0344711876856,733329.2987958812,366.6646493979406,0.0,SPY_MA200_SSO_weekly,pre_tax
2026-03-23,RISK,SELL,16653.52799787816,53.139928955486916,884967.2946654576,442.48364733272876,150828.84757284564,SPY_MA200_SSO_weekly,pre_tax
2026-04-13,RISK,BUY,15778.762125295929,56.0299193696557,884082.7696333082,442.0413848166541,0.0,SPY_MA200_SSO_weekly,pre_tax
2006-07-03,RISK,BUY,26561.98909254052,3.7628968462898555,99950.02498750626,49.97501249375313,0.0,SPY_MA200_SSO_weekly,after_tax
2006-07-17,RISK,SELL,26561.98909254052,3.5376846540380225,93967.94119340593,46.98397059670297,-6079.042777190785,SPY_MA200_SSO_weekly,after_tax
2006-07-31,RISK,BUY,24896.691844201097,3.770541917783663,93874.02021270289,46.937010106351444,0.0,SPY_MA200_SSO_weekly,after_tax
2007-08-06,RISK,SELL,24896.691844201097,4.600617678341657,114540.16063065613,57.270080315328066,20561.93332753156,SPY_MA200_SSO_weekly,after_tax
2007-08-13,RISK,BUY,23860.939145308155,4.672278328262296,111484.94886060877,55.742474430304384,0.0,SPY_MA200_SSO_weekly,after_tax
2007-11-12,RISK,SELL,23860.939145308155,4.5567274088454495,108727.79540421898,54.36389770210949,-2867.2598285222048,SPY_MA200_SSO_weekly,after_tax
2007-12-03,RISK,BUY,22840.06159550078,4.755640499977495,108619.12194554412,54.30956097277206,0.0,SPY_MA200_SSO_weekly,after_tax
2007-12-17,RISK,SELL,22840.06159550078,4.623212556946891,105594.45956975965,52.797229784879825,-3131.7691665421153,SPY_MA200_SSO_weekly,after_tax
2007-12-24,RISK,BUY,22002.458671155604,4.794414999598489,105488.91788103427,52.744458940517134,0.0,SPY_MA200_SSO_weekly,after_tax
2007-12-31,RISK,SELL,22002.458671155604,4.687996727926458,103147.45425671458,51.57372712835729,-2445.7818103885656,SPY_MA200_SSO_weekly,after_tax
2008-05-19,RISK,BUY,23904.752621817184,4.310622242388963,103044.35835041103,51.522179175205515,0.0,SPY_MA200_SSO_weekly,after_tax
2008-05-27,RISK,SELL,23904.752621817184,4.010858229107273,95878.57376798912,47.93928688399456,-7265.246048481116,SPY_MA200_SSO_weekly,after_tax
2009-06-01,RISK,BUY,62404.86040010783,1.5348603056787682,95782.74310955036,47.891371554775176,0.0,SPY_MA200_SSO_weekly,after_tax
2010-05-24,RISK,SELL,62404.86040010783,2.055191413354062,128253.93324586053,64.12696662293027,32359.171798132462,SPY_MA200_SSO_weekly,after_tax
2010-06-21,RISK,BUY,55697.84498556612,2.2396767061212737,124745.16599532602,62.37258299766302,0.0,SPY_MA200_SSO_weekly,after_tax
2010-06-28,RISK,SELL,55697.84498556612,2.0405987436998854,113656.95250433718,56.82847625216859,-11207.414550238682,SPY_MA200_SSO_weekly,after_tax
2010-08-09,RISK,BUY,51231.83742444037,2.2162654720196064,113543.35235190907,56.77167617595453,0.0,SPY_MA200_SSO_weekly,after_tax
2010-08-16,RISK,SELL,51231.83742444037,2.0089226735914303,102920.79981170825,51.460399905854125,-10730.784616282632,SPY_MA200_SSO_weekly,after_tax
2010-09-13,RISK,BUY,46916.72049559915,2.1914986674361345,102817.9304465791,51.408965223289556,0.0,SPY_MA200_SSO_weekly,after_tax
2011-08-08,RISK,SELL,46916.72049559915,2.388938567399874,112081.16304785694,56.04058152392847,9155.783054530606,SPY_MA200_SSO_weekly,after_tax
2011-10-31,RISK,BUY,40508.18780736008,2.7641112564665318,111969.13789738432,55.984568948692164,0.0,SPY_MA200_SSO_weekly,after_tax
2011-11-07,RISK,SELL,40508.18780736008,2.682216743232983,108651.7395749274,54.3258697874637,-3427.708761193091,SPY_MA200_SSO_weekly,after_tax
2011-11-14,RISK,BUY,40051.407307029025,2.710095585455834,108543.1421340729,54.27157106703645,0.0,SPY_MA200_SSO_weekly,after_tax
2011-11-21,RISK,SELL,40051.407307029025,2.4551177255152337,98330.92001131731,49.16546000565866,-10315.659153828266,SPY_MA200_SSO_weekly,after_tax
2011-12-12,RISK,BUY,37203.73545366408,2.640397181474984,98232.63823219556,49.116319116097785,0.0,SPY_MA200_SSO_weekly,after_tax
2011-12-19,RISK,SELL,37203.73545366408,2.549790093014672,94861.71608289139,47.430858041445696,-3467.4693264617235,SPY_MA200_SSO_weekly,after_tax
2011-12-27,RISK,BUY,34834.365533532815,2.7205002968329346,94766.90177396296,47.383450886981485,0.0,SPY_MA200_SSO_weekly,after_tax
2012-11-19,RISK,SELL,34834.365533532815,3.2693421032372085,113885.4578783339,56.94272893916695,19014.229924544794,SPY_MA200_SSO_weekly,after_tax
2012-11-26,RISK,BUY,33495.16499293069,3.396658274671566,113771.62933472737,56.88581466736369,0.0,SPY_MA200_SSO_weekly,after_tax
2014-10-20,RISK,SELL,33495.16499293069,6.294836199085759,210846.57709185017,105.42328854592509,96912.63865390951,SPY_MA200_SSO_weekly,after_tax
2014-10-27,RISK,BUY,28381.42372699506,6.806816604955954,193187.14629720087,96.59357314860044,0.0,SPY_MA200_SSO_weekly,after_tax
2015-08-24,RISK,SELL,28381.42372699506,6.25295796116513,177467.84944291468,88.73392472145734,-15904.624352156243,SPY_MA200_SSO_weekly,after_tax
2015-10-26,RISK,BUY,23105.891952735208,7.67295504738412,177290.47028305172,88.64523514152586,0.0,SPY_MA200_SSO_weekly,after_tax
2015-11-16,RISK,SELL,23105.891952735208,7.298464383441565,168637.529464687,84.3187647323435,-8825.904818238603,SPY_MA200_SSO_weekly,after_tax
2015-11-23,RISK,BUY,21574.207696420144,7.808814051595654,168468.97621184873,84.23448810592437,0.0,SPY_MA200_SSO_weekly,after_tax
2015-12-14,RISK,SELL,21574.207696420144,7.261842286542456,156668.49374851352,78.33424687425676,-11963.0511983154,SPY_MA200_SSO_weekly,after_tax
2015-12-28,RISK,BUY,20778.53420877568,7.532384237371399,156511.90354986434,78.25595177493217,0.0,SPY_MA200_SSO_weekly,after_tax
2016-01-04,RISK,SELL,20778.53420877568,7.20648781811078,149740.25365374004,74.87012682687002,-6924.775974726072,SPY_MA200_SSO_weekly,after_tax
2016-03-14,RISK,BUY,20608.655925065003,7.2586290331946985,149590.58823279678,74.7952941163984,0.0,SPY_MA200_SSO_weekly,after_tax
2018-10-29,RISK,SELL,20608.655925065003,12.981956136431302,267540.66724999895,133.77033362499947,117741.51338946074,SPY_MA200_SSO_weekly,after_tax
2018-11-12,RISK,BUY,18328.26544277779,13.761404046488598,252222.6662293594,126.1113331146797,0.0,SPY_MA200_SSO_weekly,after_tax
2018-11-19,RISK,SELL,18328.26544277779,13.341703825966086,244530.28918123042,122.26514459061521,-7940.753525834269,SPY_MA200_SSO_weekly,after_tax
2018-12-03,RISK,BUY,17425.06550465674,14.019223114587883,244285.88109609176,122.14294054804589,0.0,SPY_MA200_SSO_weekly,after_tax
2018-12-10,RISK,SELL,17425.06550465674,12.33801637864248,214990.74359537297,107.49537179768649,-29524.77581306451,SPY_MA200_SSO_weekly,after_tax
2019-02-19,RISK,BUY,15873.455822529377,13.530504175946032,214775.8602934286,107.3879301467143,0.0,SPY_MA200_SSO_weekly,after_tax
2019-06-03,RISK,SELL,15873.455822529377,13.331679925472988,211619.8323370972,105.80991616854861,-3369.2258026466297,SPY_MA200_SSO_weekly,after_tax
2019-06-10,RISK,BUY,14367.129118761426,14.714722510966272,211408.31826179777,105.70415913089889,0.0,SPY_MA200_SSO_weekly,after_tax
2020-03-02,RISK,SELL,14367.129118761426,15.436006553204635,221771.0992279385,110.88554961396926,10146.191257395869,SPY_MA200_SSO_weekly,after_tax
2020-06-01,RISK,BUY,15096.794837284478,14.675263282487325,221549.43895884513,110.77471947942257,0.0,SPY_MA200_SSO_weekly,after_tax
2022-01-24,RISK,SELL,15096.794837284478,29.372715778559456,443433.8639227807,221.71693196139037,221551.93331249474,SPY_MA200_SSO_weekly,after_tax
2022-01-31,RISK,BUY,13202.539795580335,30.618058470769444,404236.13542373915,202.11806771186957,0.0,SPY_MA200_SSO_weekly,after_tax
2022-02-14,RISK,SELL,13202.539795580335,30.35537291856893,400768.01896708785,200.38400948354393,-3870.6185338467476,SPY_MA200_SSO_weekly,after_tax
2022-03-21,RISK,BUY,12930.322966414184,30.96345329284668,400367.4512319883,200.18372561599418,0.0,SPY_MA200_SSO_weekly,after_tax
2022-04-18,RISK,SELL,12930.322966414184,29.80452373661742,385382.1177746209,192.69105888731045,-15378.208241870743,SPY_MA200_SSO_weekly,after_tax
2022-12-05,RISK,BUY,15910.931008854595,24.197008210101163,384996.9282516078,192.4984641258039,0.0,SPY_MA200_SSO_weekly,after_tax
2022-12-12,RISK,SELL,15910.931008854595,22.98983715856044,365789.71293465694,182.89485646732848,-19582.608637543977,SPY_MA200_SSO_weekly,after_tax
2023-01-17,RISK,BUY,15532.757059368849,23.526029836716287,365424.10602517705,182.71205301258854,0.0,SPY_MA200_SSO_weekly,after_tax
2023-03-13,RISK,SELL,15532.757059368849,21.268237470504747,330354.3657103157,165.17718285515787,-35417.62955072906,SPY_MA200_SSO_weekly,after_tax
2023-03-20,RISK,BUY,14722.25723158627,22.416683206103855,330024.176439241,165.0120882196205,0.0,SPY_MA200_SSO_weekly,after_tax
2023-10-30,RISK,SELL,14722.25723158627,24.234643293041422,356788.6524758928,178.39432623794642,26421.06962219422,SPY_MA200_SSO_weekly,after_tax
2023-11-06,RISK,BUY,13285.008430451438,26.82964365393923,356432.0421285906,178.2160210642953,0.0,SPY_MA200_SSO_weekly,after_tax
2025-03-17,RISK,SELL,13285.008430451438,41.39679408362681,549956.7583946444,274.97837919732217,193071.52186579217,SPY_MA200_SSO_weekly,after_tax
2025-05-19,RISK,BUY,11807.013591379122,44.0344711876856,519915.5998021962,259.9577999010981,0.0,SPY_MA200_SSO_weekly,after_tax
2026-03-23,RISK,SELL,11807.013591379122,53.139928955486916,627423.8634223549,313.71193171117744,106934.59388854646,SPY_MA200_SSO_weekly,after_tax
2026-04-13,RISK,BUY,10799.298903622435,56.0299193696557,605083.8468187762,302.5419234093881,0.0,SPY_MA200_SSO_weekly,after_tax
2006-06-21,RISK,BUY,27674.981572808407,3.6115660899196587,99950.02498750626,49.97501249375313,0.0,SPY_MA200_SSO_monthly,pre_tax
2008-01-02,RISK,SELL,27674.981572808407,4.656629587952916,128872.13803799136,64.43606901899568,28807.701968972353,SPY_MA200_SSO_monthly,pre_tax
2009-06-01,RISK,BUY,83879.50996418903,1.5348603056787682,128743.33030382046,64.37166515191024,0.0,SPY_MA200_SSO_monthly,pre_tax
2010-06-01,RISK,SELL,83879.50996418903,2.0448479079924367,171520.84047370267,85.76042023685133,42627.37808449345,SPY_MA200_SSO_monthly,pre_tax
2010-10-01,RISK,BUY,74266.1673390317,2.307233717455286,171349.40535079045,85.67470267539522,0.0,SPY_MA200_SSO_monthly,pre_tax
2011-09-01,RISK,SELL,74266.1673390317,2.569805461092331,190849.6024022406,95.4248012011203,19319.09754757362,SPY_MA200_SSO_monthly,pre_tax
2012-01-03,RISK,BUY,68416.7997426704,2.7867256126281554,190658.848176951,95.3294240884755,0.0,SPY_MA200_SSO_monthly,pre_tax
2015-09-01,RISK,SELL,68416.7997426704,6.626267773461516,453348.035298227,226.6740176491135,262367.18367953843,SPY_MA200_SSO_monthly,pre_tax
2015-11-02,RISK,BUY,58493.47566121125,7.742656915222327,452894.9138236661,226.44745691183306,0.0,SPY_MA200_SSO_monthly,pre_tax
2016-01-04,RISK,SELL,58493.47566121125,7.20648781811078,421532.51979147823,210.76625989573913,-31799.607748995477,SPY_MA200_SSO_monthly,pre_tax
2016-04-01,RISK,BUY,56358.97580601935,7.4719455403524195,421111.19793261617,210.55559896630808,0.0,SPY_MA200_SSO_monthly,pre_tax
2018-11-01,RISK,SELL,56358.97580601935,13.243374467740427,746383.0212174371,373.19151060871854,324688.07617524586,SPY_MA200_SSO_monthly,pre_tax
2018-12-03,RISK,BUY,53186.75686282114,14.019223114587883,745637.0112012278,372.8185056006139,0.0,SPY_MA200_SSO_monthly,pre_tax
2019-01-02,RISK,SELL,53186.75686282114,10.809249178341002,574908.9079180721,287.454453959036,-171388.37624271528,SPY_MA200_SSO_monthly,pre_tax
2019-03-01,RISK,BUY,41302.126480719344,13.905683199848397,574334.2863209526,287.1671431604763,0.0,SPY_MA200_SSO_monthly,pre_tax
2019-06-03,RISK,SELL,41302.126480719344,13.331679925472988,550626.7304823524,275.3133652411762,-24270.03634700179,SPY_MA200_SSO_monthly,pre_tax
2019-07-01,RISK,BUY,35317.80620494333,15.575043810355778,550076.3789276475,275.03818946382376,0.0,SPY_MA200_SSO_monthly,pre_tax
2020-03-02,RISK,SELL,35317.80620494333,15.436006553204635,545165.8880243165,272.58294401215824,-5458.1120368068805,SPY_MA200_SSO_monthly,pre_tax
2020-06-01,RISK,BUY,37111.49736120472,14.675263282487325,544620.9945830129,272.31049729150646,0.0,SPY_MA200_SSO_monthly,pre_tax
2022-03-01,RISK,SELL,37111.49736120472,29.635400614170223,1099814.091691023,549.9070458455114,554370.8795648732,SPY_MA200_SSO_monthly,pre_tax
2022-04-01,RISK,BUY,34168.70276302758,32.15559088829184,1098714.8272315618,549.3574136157808,0.0,SPY_MA200_SSO_monthly,pre_tax
2022-05-02,RISK,SELL,34168.70276302758,26.382579479570605,901458.5163593988,450.72925817969946,-198256.3975439584,SPY_MA200_SSO_monthly,pre_tax
2022-12-01,RISK,BUY,36304.79676979879,24.805468931758373,900557.5083470457,450.2787541735229,0.0,SPY_MA200_SSO_monthly,pre_tax
2023-01-03,RISK,SELL,36304.79676979879,21.942644766542635,796623.2588412195,398.31162942060973,-104782.83988942043,SPY_MA200_SSO_monthly,pre_tax
2023-02-01,RISK,BUY,32864.909477170586,24.215098911127928,795827.0336949514,397.9135168474757,0.0,SPY_MA200_SSO_monthly,pre_tax
2023-11-01,RISK,SELL,32864.909477170586,24.88461812655356,817830.722103141,408.9153610515705,21196.859530290472,SPY_MA200_SSO_monthly,pre_tax
2023-12-01,RISK,BUY,27956.66395751317,29.224277307682,817013.3000920435,408.5066500460217,0.0,SPY_MA200_SSO_monthly,pre_tax
2025-04-01,RISK,SELL,27956.66395751317,40.71270051197146,1138191.2870160607,569.0956435080303,320200.3846304632,SPY_MA200_SSO_monthly,pre_tax
2025-06-02,RISK,BUY,25935.61372511996,43.84140188820704,1137053.6645402827,568.5268322701413,0.0,SPY_MA200_SSO_monthly,pre_tax
2026-04-01,RISK,SELL,25935.61372511996,52.347155776245074,1357655.6118213744,678.8278059106872,219354.59264291078,SPY_MA200_SSO_monthly,pre_tax
2026-05-01,RISK,BUY,21424.614147438908,63.30562713355779,1356298.6346981146,678.1493173490574,0.0,SPY_MA200_SSO_monthly,pre_tax
2006-06-21,RISK,BUY,27674.981572808407,3.6115660899196587,99950.02498750626,49.97501249375313,0.0,SPY_MA200_SSO_monthly,after_tax
2008-01-02,RISK,SELL,27674.981572808407,4.656629587952916,128872.13803799136,64.43606901899568,28807.701968972353,SPY_MA200_SSO_monthly,after_tax
2009-06-01,RISK,BUY,80068.50517543568,1.5348603056787682,122893.97032881124,61.44698516440562,0.0,SPY_MA200_SSO_monthly,after_tax
2010-06-01,RISK,SELL,80068.50517543568,2.0448479079924367,163727.91530407124,81.86395765203562,40690.63403244356,SPY_MA200_SSO_monthly,after_tax
2010-10-01,RISK,BUY,67310.95199363616,2.307233717455286,155302.09799373144,77.65104899686573,0.0,SPY_MA200_SSO_monthly,after_tax
2011-09-01,RISK,SELL,67310.95199363616,2.569805461092331,172976.05202456994,86.48802601228498,17509.81495582935,SPY_MA200_SSO_monthly,after_tax
2012-01-03,RISK,BUY,60733.579370978616,2.7867256126281554,169247.8211796911,84.62391058984555,0.0,SPY_MA200_SSO_monthly,after_tax
2015-09-01,RISK,SELL,60733.579370978616,6.626267773461516,402436.9597528827,201.21847987644136,232903.29618272532,SPY_MA200_SSO_monthly,after_tax
2015-11-02,RISK,BUY,45816.838910133825,7.742656915222327,354744.064621175,177.3720323105875,0.0,SPY_MA200_SSO_monthly,after_tax
2016-01-04,RISK,SELL,45816.838910133825,7.20648781811078,330178.4914702234,165.08924573511172,-24908.034428997256,SPY_MA200_SSO_monthly,after_tax
2016-04-01,RISK,BUY,44144.92533492663,7.4719455403524195,329848.4779854956,164.9242389927478,0.0,SPY_MA200_SSO_monthly,after_tax
2018-11-01,RISK,SELL,44144.92533492663,13.243374467740427,584627.7770608749,292.31388853043745,254322.06094785605,SPY_MA200_SSO_monthly,after_tax
2018-12-03,RISK,BUY,38337.45056024194,14.019223114587883,537461.2730485139,268.73063652425697,0.0,SPY_MA200_SSO_monthly,after_tax
2019-01-02,RISK,SELL,38337.45056024194,10.809249178341002,414399.05596798396,207.199527983992,-123538.14724503824,SPY_MA200_SSO_monthly,after_tax
2019-03-01,RISK,BUY,29770.911508505338,13.905683199848397,413984.864007996,206.992432003998,0.0,SPY_MA200_SSO_monthly,after_tax
2019-06-03,RISK,SELL,29770.911508505338,13.331679925472988,396896.2633209734,198.4481316604867,-17494.041250687093,SPY_MA200_SSO_monthly,after_tax
2019-07-01,RISK,BUY,25457.364373060627,15.575043810355778,396499.5654066096,198.24978270330482,0.0,SPY_MA200_SSO_monthly,after_tax
2020-03-02,RISK,SELL,25457.364373060627,15.436006553204635,392960.0432898821,196.48002164494105,-3934.2519210758037,SPY_MA200_SSO_monthly,after_tax
2020-06-01,RISK,BUY,26750.27166953057,14.675263282487325,392567.2796284229,196.28363981421145,0.0,SPY_MA200_SSO_monthly,after_tax
2022-03-01,RISK,SELL,26750.27166953057,29.635400614170223,792755.0174644266,396.3775087322133,399595.07668745716,SPY_MA200_SSO_monthly,after_tax
2022-04-01,RISK,BUY,23021.212849668813,32.15559088829184,740260.7021462375,370.13035107311873,0.0,SPY_MA200_SSO_monthly,after_tax
2022-05-02,RISK,SELL,23021.212849668813,26.382579479570605,607358.9777224995,303.67948886124975,-133575.53426367242,SPY_MA200_SSO_monthly,after_tax
2022-12-01,RISK,BUY,24460.409272718054,24.805468931758373,606751.9222725021,303.3759611362511,0.0,SPY_MA200_SSO_monthly,after_tax
2023-01-03,RISK,SELL,24460.409272718054,21.942644766542635,536726.0715154978,268.3630357577489,-70597.58975389844,SPY_MA200_SSO_monthly,after_tax
2023-02-01,RISK,BUY,22142.780239749514,24.215098911127928,536189.6136729035,268.09480683645177,0.0,SPY_MA200_SSO_monthly,after_tax
2023-11-01,RISK,SELL,22142.780239749514,24.88461812655356,551014.6305263627,275.50731526318134,14281.414731359575,SPY_MA200_SSO_monthly,after_tax
2023-12-01,RISK,BUY,18835.84273000208,29.224277307682,550463.8912654668,275.2319456327334,0.0,SPY_MA200_SSO_monthly,after_tax
2025-04-01,RISK,SELL,18835.84273000208,40.71270051197146,766858.0239571697,383.42901197858487,215735.47173409164,SPY_MA200_SSO_monthly,after_tax
2025-06-02,RISK,BUY,17354.463585304875,43.84140188820704,760844.0125976055,380.4220062988027,0.0,SPY_MA200_SSO_monthly,after_tax
2026-04-01,RISK,SELL,17354.463585304875,52.347155776245074,908456.8087131269,454.2284043565635,146778.14570486615,SPY_MA200_SSO_monthly,after_tax
2026-05-01,RISK,BUY,13865.208621872549,63.30562713355779,877745.7271452543,438.8728635726271,0.0,SPY_MA200_SSO_monthly,after_tax
2006-06-21,RISK,BUY,27674.981572808407,3.6115660899196587,99950.02498750626,49.97501249375313,0.0,SPY_MA200_SSO_bimonthly,pre_tax
2008-01-02,RISK,SELL,27674.981572808407,4.656629587952916,128872.13803799136,64.43606901899568,28807.701968972353,SPY_MA200_SSO_bimonthly,pre_tax
2009-07-01,RISK,BUY,85749.26430752262,1.501392826439982,128743.33030382046,64.37166515191024,0.0,SPY_MA200_SSO_bimonthly,pre_tax
2010-07-01,RISK,SELL,85749.26430752262,1.858598368654811,159373.44275531176,79.68672137765589,30486.054064961732,SPY_MA200_SSO_bimonthly,pre_tax
2010-11-01,RISK,BUY,64410.37782709142,2.471871060698667,159214.14895945438,79.60707447972719,0.0,SPY_MA200_SSO_bimonthly,pre_tax
2011-09-01,RISK,SELL,64410.37782709142,2.569805461092331,165522.14069107993,82.76107034553996,6145.623586800299,SPY_MA200_SSO_bimonthly,pre_tax
2012-01-03,RISK,BUY,59337.274011039706,2.7867256126281554,165356.70127009935,82.67835063504968,0.0,SPY_MA200_SSO_bimonthly,pre_tax
2015-09-01,RISK,SELL,59337.274011039706,6.626267773461516,393184.66654440796,196.59233327220397,227548.69459040134,SPY_MA200_SSO_bimonthly,pre_tax
2015-11-02,RISK,BUY,50730.86444004873,7.742656915222327,392791.67837194976,196.3958391859749,0.0,SPY_MA200_SSO_bimonthly,pre_tax
2016-01-04,RISK,SELL,50730.86444004873,7.20648781811078,365591.35658944055,182.7956782947203,-27579.51329998992,SPY_MA200_SSO_bimonthly,pre_tax
2016-05-02,RISK,BUY,47758.5762323663,7.64733743653064,365225.94793717726,182.61297396858865,0.0,SPY_MA200_SSO_bimonthly,pre_tax
2018-11-01,RISK,SELL,47758.5762323663,13.243374467740427,632484.7090913546,316.2423545456773,266759.9058256631,SPY_MA200_SSO_bimonthly,pre_tax
2019-03-01,RISK,BUY,45438.43918963035,13.905683199848397,631852.5404665758,315.9262702332879,0.0,SPY_MA200_SSO_bimonthly,pre_tax
2020-03-02,RISK,SELL,45438.43918963035,15.436006553204635,701388.0450985244,350.69402254926223,68868.8843391661,SPY_MA200_SSO_bimonthly,pre_tax
2020-07-01,RISK,BUY,45906.676281783686,15.263292059552349,700687.0075721891,350.3435037860946,0.0,SPY_MA200_SSO_bimonthly,pre_tax
2022-03-01,RISK,SELL,45906.676281783686,29.635400614170223,1360462.742475686,680.231371237843,658745.1600284728,SPY_MA200_SSO_bimonthly,pre_tax
2023-03-01,RISK,BUY,59335.53560043644,22.90537948080204,1359102.9596246358,679.5514798123179,0.0,SPY_MA200_SSO_bimonthly,pre_tax
2023-11-01,RISK,SELL,59335.53560043644,24.88461812655356,1476542.1447513846,738.2710723756924,116021.36257456103,SPY_MA200_SSO_bimonthly,pre_tax
2024-01-02,RISK,BUY,46951.60976683336,31.41673624896121,1475066.3405087548,737.5331702543774,0.0,SPY_MA200_SSO_bimonthly,pre_tax
2025-05-01,RISK,SELL,46951.60976683336,40.148345804981716,1885029.4650193828,942.5147325096914,408283.0766078639,SPY_MA200_SSO_bimonthly,pre_tax
2025-07-01,RISK,BUY,39042.5939958423,48.23310095119738,1883145.3775980743,941.5726887990371,0.0,SPY_MA200_SSO_bimonthly,pre_tax
2006-06-21,RISK,BUY,27674.981572808407,3.6115660899196587,99950.02498750626,49.97501249375313,0.0,SPY_MA200_SSO_bimonthly,after_tax
2008-01-02,RISK,SELL,27674.981572808407,4.656629587952916,128872.13803799136,64.43606901899568,28807.701968972353,SPY_MA200_SSO_bimonthly,after_tax
2009-07-01,RISK,BUY,81853.3085842767,1.501392826439982,122893.97032881124,61.44698516440562,0.0,SPY_MA200_SSO_bimonthly,after_tax
2010-07-01,RISK,SELL,81853.3085842767,1.858598368654811,152132.42580373553,76.06621290186777,29100.942276857997,SPY_MA200_SSO_bimonthly,after_tax
2010-11-01,RISK,BUY,59093.481758019574,2.471871060698667,146071.46743357318,73.0357337167866,0.0,SPY_MA200_SSO_bimonthly,after_tax
2011-09-01,RISK,SELL,59093.481758019574,2.569805461092331,151858.75213671874,75.92937606835937,5638.319593360415,SPY_MA200_SSO_bimonthly,after_tax
2012-01-03,RISK,BUY,54028.324997065654,2.7867256126281554,150562.11707672087,75.28105853836044,0.0,SPY_MA200_SSO_bimonthly,after_tax
2015-09-01,RISK,SELL,54028.324997065654,6.626267773461516,358006.14878216136,179.00307439108067,207189.74757251103,SPY_MA200_SSO_bimonthly,after_tax
2015-11-02,RISK,BUY,40758.45831273005,7.742656915222327,315578.7591088602,157.78937955443013,0.0,SPY_MA200_SSO_bimonthly,after_tax
2016-01-04,RISK,SELL,40758.45831273005,7.20648781811078,293725.3333156652,146.8626666578326,-22158.077839407313,SPY_MA200_SSO_bimonthly,after_tax
2016-05-02,RISK,BUY,38370.446865588085,7.64733743653064,293431.75477162155,146.71587738581078,0.0,SPY_MA200_SSO_bimonthly,after_tax
2018-11-01,RISK,SELL,38370.446865588085,13.243374467740427,508154.19633551996,254.07709816775997,214321.64858834486,SPY_MA200_SSO_bimonthly,after_tax
2019-03-01,RISK,BUY,33700.44960874981,13.905683199848397,468627.77595172974,234.31388797586487,0.0,SPY_MA200_SSO_bimonthly,after_tax
2020-03-02,RISK,SELL,33700.44960874981,15.436006553204635,520200.3610066047,260.10018050330234,51078.17098639574,SPY_MA200_SSO_bimonthly,after_tax
2020-07-01,RISK,BUY,33368.232348901685,15.263292059552349,509309.0758522889,254.65453792614446,0.0,SPY_MA200_SSO_bimonthly,after_tax
2022-03-01,RISK,SELL,33368.232348901685,29.635400614170223,988880.9334464157,494.44046672320786,478822.76258947747,SPY_MA200_SSO_bimonthly,after_tax
2023-03-01,RISK,BUY,38884.67839394871,22.90537948080204,890668.314602339,445.3341573011695,0.0,SPY_MA200_SSO_bimonthly,after_tax
2023-11-01,RISK,SELL,38884.67839394871,24.88461812655356,967630.3728072615,483.8151864036308,76032.90886121779,SPY_MA200_SSO_bimonthly,after_tax
2024-01-02,RISK,BUY,30277.647309315136,31.41673624896121,951224.8597558237,475.6124298779119,0.0,SPY_MA200_SSO_bimonthly,after_tax
2025-05-01,RISK,SELL,30277.647309315136,40.148345804981716,1215597.4543356583,607.7987271678292,263289.183422789,SPY_MA200_SSO_bimonthly,after_tax
2025-07-01,RISK,BUY,24068.989430563088,48.23310095119738,1160921.996997652,580.460998498826,0.0,SPY_MA200_SSO_bimonthly,after_tax
2006-06-21,RISK,BUY,27674.981572808407,3.6115660899196587,99950.02498750626,49.97501249375313,0.0,SPY_MA200_SSO_quarterly,pre_tax
2008-01-02,RISK,SELL,27674.981572808407,4.656629587952916,128872.13803799136,64.43606901899568,28807.701968972353,SPY_MA200_SSO_quarterly,pre_tax
2009-07-01,RISK,BUY,85749.26430752262,1.501392826439982,128743.33030382046,64.37166515191024,0.0,SPY_MA200_SSO_quarterly,pre_tax
2010-07-01,RISK,SELL,85749.26430752262,1.858598368654811,159373.44275531176,79.68672137765589,30486.054064961732,SPY_MA200_SSO_quarterly,pre_tax
2010-10-01,RISK,BUY,69006.51102440381,2.307233717455286,159214.14895945438,79.60707447972719,0.0,SPY_MA200_SSO_quarterly,pre_tax
2011-10-03,RISK,SELL,69006.51102440381,2.1786472784216535,150340.8474366912,75.1704237183456,-9028.079020961246,SPY_MA200_SSO_quarterly,pre_tax
2012-01-03,RISK,BUY,53895.00173304374,2.7867256126281554,150190.58172211182,75.09529086105591,0.0,SPY_MA200_SSO_quarterly,pre_tax
2015-10-01,RISK,SELL,53895.00173304374,6.602641012861533,355849.34883083805,177.92467441541902,205405.74714344973,SPY_MA200_SSO_quarterly,pre_tax
2016-04-01,RISK,BUY,47577.12370866619,7.4719455403524195,355493.67731776374,177.74683865888187,0.0,SPY_MA200_SSO_quarterly,pre_tax
2019-01-02,RISK,SELL,47577.12370866619,10.809249178341002,514272.98535572825,257.1364926778641,158344.4247066278,SPY_MA200_SSO_quarterly,pre_tax
2019-04-01,RISK,BUY,35691.93053909766,14.394261157030419,513758.96937836125,256.87948468918063,0.0,SPY_MA200_SSO_quarterly,pre_tax
2020-04-01,RISK,SELL,35691.93053909766,9.974667954092526,356015.1557680338,178.0075778840169,-158178.7006729006,SPY_MA200_SSO_quarterly,pre_tax
2020-07-01,RISK,BUY,23301.61259728364,15.263292059552349,355659.3185308844,177.8296592654422,0.0,SPY_MA200_SSO_quarterly,pre_tax
2022-07-01,RISK,SELL,23301.61259728364,21.777797193569835,507457.7934267752,253.7288967133876,151366.91633991193,SPY_MA200_SSO_quarterly,pre_tax
2023-04-03,RISK,BUY,20722.02593073568,24.46433524067336,506950.5892354441,253.47529461772206,0.0,SPY_MA200_SSO_quarterly,pre_tax
2025-04-01,RISK,SELL,20722.02593073568,40.71270051197146,843649.6357193484,421.8248178596742,336023.74637142697,SPY_MA200_SSO_quarterly,pre_tax
2025-07-01,RISK,BUY,17473.610260936737,48.23310095119738,842806.40769764,421.40320384882,0.0,SPY_MA200_SSO_quarterly,pre_tax
2026-04-01,RISK,SELL,17473.610260936737,52.347155776245074,914693.7983026498,457.34689915132486,71008.64050200954,SPY_MA200_SSO_quarterly,pre_tax
2026-07-01,RISK,BUY,13620.205865276059,67.08999633789062,913779.5616226871,456.8897808113436,0.0,SPY_MA200_SSO_quarterly,pre_tax
2006-06-21,RISK,BUY,27674.981572808407,3.6115660899196587,99950.02498750626,49.97501249375313,0.0,SPY_MA200_SSO_quarterly,after_tax
2008-01-02,RISK,SELL,27674.981572808407,4.656629587952916,128872.13803799136,64.43606901899568,28807.701968972353,SPY_MA200_SSO_quarterly,after_tax
2009-07-01,RISK,BUY,81853.3085842767,1.501392826439982,122893.97032881124,61.44698516440562,0.0,SPY_MA200_SSO_quarterly,after_tax
2010-07-01,RISK,SELL,81853.3085842767,1.858598368654811,152132.42580373553,76.06621290186777,29100.942276857997,SPY_MA200_SSO_quarterly,after_tax
2010-10-01,RISK,BUY,63310.217048439976,2.307233717455286,146071.46743357318,73.0357337167866,0.0,SPY_MA200_SSO_quarterly,after_tax
2011-10-03,RISK,SELL,63310.217048439976,2.1786472784216535,137930.6320688679,68.96531603443395,-8282.836414456513,SPY_MA200_SSO_quarterly,after_tax
2012-01-03,RISK,BUY,49446.12047315902,2.7867256126281554,137792.77036764965,68.89638518382482,0.0,SPY_MA200_SSO_quarterly,after_tax
2015-10-01,RISK,SELL,49446.12047315902,6.602641012861533,326474.9829629721,163.23749148148605,188450.07871865714,SPY_MA200_SSO_quarterly,after_tax
2016-04-01,RISK,BUY,38753.7604014888,7.4719455403524195,289565.9872037904,144.7829936018952,0.0,SPY_MA200_SSO_quarterly,after_tax
2019-01-02,RISK,SELL,38753.7604014888,10.809249178341002,418899.05277741683,209.44952638870842,128978.83305363584,SPY_MA200_SSO_quarterly,after_tax
2019-04-01,RISK,BUY,27253.320148410225,14.394261157030419,392291.4076123758,196.1457038061879,0.0,SPY_MA200_SSO_quarterly,after_tax
2020-04-01,RISK,SELL,27253.320148410225,9.974667954092526,271842.81912697165,135.92140956348584,-120780.65559877385,SPY_MA200_SSO_quarterly,after_tax
2020-07-01,RISK,BUY,17792.433709696852,15.263292059552349,271571.1121613275,135.78555608066375,0.0,SPY_MA200_SSO_quarterly,after_tax
2022-07-01,RISK,SELL,17792.433709696852,21.777797193569835,387480.01290981343,193.74000645490673,115579.37518595037,SPY_MA200_SSO_quarterly,after_tax
2023-04-03,RISK,BUY,15822.736351998832,24.46433524067336,387092.7265400885,193.54636327004425,0.0,SPY_MA200_SSO_quarterly,after_tax
2025-04-01,RISK,SELL,15822.736351998832,40.71270051197146,644186.3263788123,322.09316318940614,256577.96031226445,SPY_MA200_SSO_quarterly,after_tax
2025-07-01,RISK,BUY,12284.111919082374,48.23310095119738,592500.8102889071,296.25040514445357,0.0,SPY_MA200_SSO_quarterly,after_tax
2026-04-01,RISK,SELL,12284.111919082374,52.347155776245074,643038.3202010338,321.51916010051696,49919.740346881794,SPY_MA200_SSO_quarterly,after_tax
2026-07-01,RISK,BUY,9424.049941322704,67.08999633789062,632259.4760514386,316.1297380257193,0.0,SPY_MA200_SSO_quarterly,after_tax
