comparison_id,comparison_label,strategy_id,strategy_frequency,benchmark_id,benchmark_frequency,tax_mode,start_date,end_date,n_sessions,metric,observed_difference,ci_lower_95,ci_upper_95,probability_difference_gt_zero,probability_strategy_maxdd_ge_benchmark,one_sided_return_null_p_value,null_definition,bootstrap_method,expected_block_length,block_role,bootstrap_replications,random_seed,bootstrap_index_sha256
A_FIXED_MA200_VS_QQQ,Fixed MA200 QQQ→QLD/CASH vs QQQ buy-and-hold,FIXED_MA200_QQQ_TO_QLD,weekly,QQQ_BUY_HOLD,none,pre_tax,2013-01-02,2026-08-31,3436,annualized_mean_return_difference,0.10605161860960621,-0.0020186657594528533,0.2071399473033148,0.9727,,0.0196,H0: expected paired excess return <= 0; H1: > 0,stationary_bootstrap_politis_romano,5,SENSITIVITY,10000,8301,3a684376251ecf139f500334c6c514081ef8796c2f67a8a8ca743a08ef37461a
A_FIXED_MA200_VS_QQQ,Fixed MA200 QQQ→QLD/CASH vs QQQ buy-and-hold,FIXED_MA200_QQQ_TO_QLD,weekly,QQQ_BUY_HOLD,none,pre_tax,2013-01-02,2026-08-31,3436,annualized_volatility_difference,0.12378129961465748,0.1007167890341093,0.14680869680598843,1.0,,,path/ratio bootstrap diagnostic,stationary_bootstrap_politis_romano,5,SENSITIVITY,10000,8301,3a684376251ecf139f500334c6c514081ef8796c2f67a8a8ca743a08ef37461a
A_FIXED_MA200_VS_QQQ,Fixed MA200 QQQ→QLD/CASH vs QQQ buy-and-hold,FIXED_MA200_QQQ_TO_QLD,weekly,QQQ_BUY_HOLD,none,pre_tax,2013-01-02,2026-08-31,3436,sharpe_difference,-0.04552765344806409,-0.36310394188364614,0.2812124206751515,0.3896,,,path/ratio bootstrap diagnostic,stationary_bootstrap_politis_romano,5,SENSITIVITY,10000,8301,3a684376251ecf139f500334c6c514081ef8796c2f67a8a8ca743a08ef37461a
A_FIXED_MA200_VS_QQQ,Fixed MA200 QQQ→QLD/CASH vs QQQ buy-and-hold,FIXED_MA200_QQQ_TO_QLD,weekly,QQQ_BUY_HOLD,none,pre_tax,2013-01-02,2026-08-31,3436,cagr_difference,0.08914681052418882,-0.04477457417506799,0.23904825384890674,0.904,,,path/ratio bootstrap diagnostic,stationary_bootstrap_politis_romano,5,SENSITIVITY,10000,8301,3a684376251ecf139f500334c6c514081ef8796c2f67a8a8ca743a08ef37461a
A_FIXED_MA200_VS_QQQ,Fixed MA200 QQQ→QLD/CASH vs QQQ buy-and-hold,FIXED_MA200_QQQ_TO_QLD,weekly,QQQ_BUY_HOLD,none,pre_tax,2013-01-02,2026-08-31,3436,max_drawdown_difference,-0.14035690084368324,-0.3673479428415205,-0.024456914903232645,,0.0128,,path/ratio bootstrap diagnostic,stationary_bootstrap_politis_romano,5,SENSITIVITY,10000,8301,3a684376251ecf139f500334c6c514081ef8796c2f67a8a8ca743a08ef37461a
A_FIXED_MA200_VS_QQQ,Fixed MA200 QQQ→QLD/CASH vs QQQ buy-and-hold,FIXED_MA200_QQQ_TO_QLD,weekly,QQQ_BUY_HOLD,none,pre_tax,2013-01-02,2026-08-31,3436,calmar_difference,0.01910384216584582,-0.5050490006712497,0.4369978341985205,0.3755,,,path/ratio bootstrap diagnostic,stationary_bootstrap_politis_romano,5,SENSITIVITY,10000,8301,3a684376251ecf139f500334c6c514081ef8796c2f67a8a8ca743a08ef37461a
A_FIXED_MA200_VS_QQQ,Fixed MA200 QQQ→QLD/CASH vs QQQ buy-and-hold,FIXED_MA200_QQQ_TO_QLD,monthly,QQQ_BUY_HOLD,none,pre_tax,2013-01-02,2026-08-31,3436,annualized_mean_return_difference,0.10303643330976675,0.002365030817259739,0.2007186702823394,0.9771,,0.0205,H0: expected paired excess return <= 0; H1: > 0,stationary_bootstrap_politis_romano,5,SENSITIVITY,10000,8301,3a684376251ecf139f500334c6c514081ef8796c2f67a8a8ca743a08ef37461a
A_FIXED_MA200_VS_QQQ,Fixed MA200 QQQ→QLD/CASH vs QQQ buy-and-hold,FIXED_MA200_QQQ_TO_QLD,monthly,QQQ_BUY_HOLD,none,pre_tax,2013-01-02,2026-08-31,3436,annualized_volatility_difference,0.1365407936001918,0.11132451788982,0.1645591079288805,1.0,,,path/ratio bootstrap diagnostic,stationary_bootstrap_politis_romano,5,SENSITIVITY,10000,8301,3a684376251ecf139f500334c6c514081ef8796c2f67a8a8ca743a08ef37461a
A_FIXED_MA200_VS_QQQ,Fixed MA200 QQQ→QLD/CASH vs QQQ buy-and-hold,FIXED_MA200_QQQ_TO_QLD,monthly,QQQ_BUY_HOLD,none,pre_tax,2013-01-02,2026-08-31,3436,sharpe_difference,-0.08878566151678313,-0.37654408675709433,0.2197527884663635,0.2773,,,path/ratio bootstrap diagnostic,stationary_bootstrap_politis_romano,5,SENSITIVITY,10000,8301,3a684376251ecf139f500334c6c514081ef8796c2f67a8a8ca743a08ef37461a
A_FIXED_MA200_VS_QQQ,Fixed MA200 QQQ→QLD/CASH vs QQQ buy-and-hold,FIXED_MA200_QQQ_TO_QLD,monthly,QQQ_BUY_HOLD,none,pre_tax,2013-01-02,2026-08-31,3436,cagr_difference,0.07982359202355593,-0.04420146812938172,0.22336359547694526,0.8959,,,path/ratio bootstrap diagnostic,stationary_bootstrap_politis_romano,5,SENSITIVITY,10000,8301,3a684376251ecf139f500334c6c514081ef8796c2f67a8a8ca743a08ef37461a
A_FIXED_MA200_VS_QQQ,Fixed MA200 QQQ→QLD/CASH vs QQQ buy-and-hold,FIXED_MA200_QQQ_TO_QLD,monthly,QQQ_BUY_HOLD,none,pre_tax,2013-01-02,2026-08-31,3436,max_drawdown_difference,-0.16596691857312096,-0.351585753598269,-0.033114827154040384,,0.0097,,path/ratio bootstrap diagnostic,stationary_bootstrap_politis_romano,5,SENSITIVITY,10000,8301,3a684376251ecf139f500334c6c514081ef8796c2f67a8a8ca743a08ef37461a
A_FIXED_MA200_VS_QQQ,Fixed MA200 QQQ→QLD/CASH vs QQQ buy-and-hold,FIXED_MA200_QQQ_TO_QLD,monthly,QQQ_BUY_HOLD,none,pre_tax,2013-01-02,2026-08-31,3436,calmar_difference,-0.028009973970306024,-0.49276493163552376,0.3750965970367921,0.3333,,,path/ratio bootstrap diagnostic,stationary_bootstrap_politis_romano,5,SENSITIVITY,10000,8301,3a684376251ecf139f500334c6c514081ef8796c2f67a8a8ca743a08ef37461a
A_FIXED_MA200_VS_QQQ,Fixed MA200 QQQ→QLD/CASH vs QQQ buy-and-hold,FIXED_MA200_QQQ_TO_QLD,bimonthly,QQQ_BUY_HOLD,none,pre_tax,2013-01-02,2026-08-31,3436,annualized_mean_return_difference,0.1437393803736781,0.043385918006575985,0.24243431838184643,0.9969,,0.0024,H0: expected paired excess return <= 0; H1: > 0,stationary_bootstrap_politis_romano,5,SENSITIVITY,10000,8301,3a684376251ecf139f500334c6c514081ef8796c2f67a8a8ca743a08ef37461a
A_FIXED_MA200_VS_QQQ,Fixed MA200 QQQ→QLD/CASH vs QQQ buy-and-hold,FIXED_MA200_QQQ_TO_QLD,bimonthly,QQQ_BUY_HOLD,none,pre_tax,2013-01-02,2026-08-31,3436,annualized_volatility_difference,0.1549278773949974,0.13018321711277178,0.18237161530340068,1.0,,,path/ratio bootstrap diagnostic,stationary_bootstrap_politis_romano,5,SENSITIVITY,10000,8301,3a684376251ecf139f500334c6c514081ef8796c2f67a8a8ca743a08ef37461a
A_FIXED_MA200_VS_QQQ,Fixed MA200 QQQ→QLD/CASH vs QQQ buy-and-hold,FIXED_MA200_QQQ_TO_QLD,bimonthly,QQQ_BUY_HOLD,none,pre_tax,2013-01-02,2026-08-31,3436,sharpe_difference,-0.02182544358328664,-0.27113639735016387,0.2455102449689409,0.4396,,,path/ratio bootstrap diagnostic,stationary_bootstrap_politis_romano,5,SENSITIVITY,10000,8301,3a684376251ecf139f500334c6c514081ef8796c2f67a8a8ca743a08ef37461a
A_FIXED_MA200_VS_QQQ,Fixed MA200 QQQ→QLD/CASH vs QQQ buy-and-hold,FIXED_MA200_QQQ_TO_QLD,bimonthly,QQQ_BUY_HOLD,none,pre_tax,2013-01-02,2026-08-31,3436,cagr_difference,0.1244838571711766,-0.004866358417728777,0.2795447735261796,0.9694,,,path/ratio bootstrap diagnostic,stationary_bootstrap_politis_romano,5,SENSITIVITY,10000,8301,3a684376251ecf139f500334c6c514081ef8796c2f67a8a8ca743a08ef37461a
A_FIXED_MA200_VS_QQQ,Fixed MA200 QQQ→QLD/CASH vs QQQ buy-and-hold,FIXED_MA200_QQQ_TO_QLD,bimonthly,QQQ_BUY_HOLD,none,pre_tax,2013-01-02,2026-08-31,3436,max_drawdown_difference,-0.16596691857312096,-0.33731769488029273,-0.05274104466036778,,0.0053,,path/ratio bootstrap diagnostic,stationary_bootstrap_politis_romano,5,SENSITIVITY,10000,8301,3a684376251ecf139f500334c6c514081ef8796c2f67a8a8ca743a08ef37461a
A_FIXED_MA200_VS_QQQ,Fixed MA200 QQQ→QLD/CASH vs QQQ buy-and-hold,FIXED_MA200_QQQ_TO_QLD,bimonthly,QQQ_BUY_HOLD,none,pre_tax,2013-01-02,2026-08-31,3436,calmar_difference,0.0583477574445026,-0.35672497280219334,0.4625555199728955,0.4928,,,path/ratio bootstrap diagnostic,stationary_bootstrap_politis_romano,5,SENSITIVITY,10000,8301,3a684376251ecf139f500334c6c514081ef8796c2f67a8a8ca743a08ef37461a
A_FIXED_MA200_VS_QQQ,Fixed MA200 QQQ→QLD/CASH vs QQQ buy-and-hold,FIXED_MA200_QQQ_TO_QLD,quarterly,QQQ_BUY_HOLD,none,pre_tax,2013-01-02,2026-08-31,3436,annualized_mean_return_difference,0.04497236415112694,-0.058500110390633915,0.14440396048437426,0.8101,,0.1906,H0: expected paired excess return <= 0; H1: > 0,stationary_bootstrap_politis_romano,5,SENSITIVITY,10000,8301,3a684376251ecf139f500334c6c514081ef8796c2f67a8a8ca743a08ef37461a
A_FIXED_MA200_VS_QQQ,Fixed MA200 QQQ→QLD/CASH vs QQQ buy-and-hold,FIXED_MA200_QQQ_TO_QLD,quarterly,QQQ_BUY_HOLD,none,pre_tax,2013-01-02,2026-08-31,3436,annualized_volatility_difference,0.14081231765593535,0.11527602234120826,0.16852128918478493,1.0,,,path/ratio bootstrap diagnostic,stationary_bootstrap_politis_romano,5,SENSITIVITY,10000,8301,3a684376251ecf139f500334c6c514081ef8796c2f67a8a8ca743a08ef37461a
A_FIXED_MA200_VS_QQQ,Fixed MA200 QQQ→QLD/CASH vs QQQ buy-and-hold,FIXED_MA200_QQQ_TO_QLD,quarterly,QQQ_BUY_HOLD,none,pre_tax,2013-01-02,2026-08-31,3436,sharpe_difference,-0.2658977685900732,-0.5529784025390457,0.021371881830905923,0.0351,,,path/ratio bootstrap diagnostic,stationary_bootstrap_politis_romano,5,SENSITIVITY,10000,8301,3a684376251ecf139f500334c6c514081ef8796c2f67a8a8ca743a08ef37461a
A_FIXED_MA200_VS_QQQ,Fixed MA200 QQQ→QLD/CASH vs QQQ buy-and-hold,FIXED_MA200_QQQ_TO_QLD,quarterly,QQQ_BUY_HOLD,none,pre_tax,2013-01-02,2026-08-31,3436,cagr_difference,0.006096654414112335,-0.1115998250772131,0.14245427558891224,0.5436,,,path/ratio bootstrap diagnostic,stationary_bootstrap_politis_romano,5,SENSITIVITY,10000,8301,3a684376251ecf139f500334c6c514081ef8796c2f67a8a8ca743a08ef37461a
A_FIXED_MA200_VS_QQQ,Fixed MA200 QQQ→QLD/CASH vs QQQ buy-and-hold,FIXED_MA200_QQQ_TO_QLD,quarterly,QQQ_BUY_HOLD,none,pre_tax,2013-01-02,2026-08-31,3436,max_drawdown_difference,-0.16596691857312107,-0.4069211163490703,-0.07635971288254068,,0.0028,,path/ratio bootstrap diagnostic,stationary_bootstrap_politis_romano,5,SENSITIVITY,10000,8301,3a684376251ecf139f500334c6c514081ef8796c2f67a8a8ca743a08ef37461a
A_FIXED_MA200_VS_QQQ,Fixed MA200 QQQ→QLD/CASH vs QQQ buy-and-hold,FIXED_MA200_QQQ_TO_QLD,quarterly,QQQ_BUY_HOLD,none,pre_tax,2013-01-02,2026-08-31,3436,calmar_difference,-0.17057274324781652,-0.6936898375560903,0.09962551394732186,0.0696,,,path/ratio bootstrap diagnostic,stationary_bootstrap_politis_romano,5,SENSITIVITY,10000,8301,3a684376251ecf139f500334c6c514081ef8796c2f67a8a8ca743a08ef37461a
B_PHASE7A_VS_QQQ,Phase 7A fixed four-state vs QQQ buy-and-hold,PHASE7A_FIXED_FOUR_STATE,weekly,QQQ_BUY_HOLD,none,pre_tax,2013-01-02,2026-08-31,3436,annualized_mean_return_difference,0.11231339441016397,0.0009390445086641888,0.2179304061942615,0.9759,,0.0171,H0: expected paired excess return <= 0; H1: > 0,stationary_bootstrap_politis_romano,5,SENSITIVITY,10000,8301,3a684376251ecf139f500334c6c514081ef8796c2f67a8a8ca743a08ef37461a
B_PHASE7A_VS_QQQ,Phase 7A fixed four-state vs QQQ buy-and-hold,PHASE7A_FIXED_FOUR_STATE,weekly,QQQ_BUY_HOLD,none,pre_tax,2013-01-02,2026-08-31,3436,annualized_volatility_difference,0.13065235569614012,0.10711550595700281,0.1535758745149883,1.0,,,path/ratio bootstrap diagnostic,stationary_bootstrap_politis_romano,5,SENSITIVITY,10000,8301,3a684376251ecf139f500334c6c514081ef8796c2f67a8a8ca743a08ef37461a
B_PHASE7A_VS_QQQ,Phase 7A fixed four-state vs QQQ buy-and-hold,PHASE7A_FIXED_FOUR_STATE,weekly,QQQ_BUY_HOLD,none,pre_tax,2013-01-02,2026-08-31,3436,sharpe_difference,-0.045975911438206785,-0.36403423075073255,0.2817789247794286,0.389,,,path/ratio bootstrap diagnostic,stationary_bootstrap_politis_romano,5,SENSITIVITY,10000,8301,3a684376251ecf139f500334c6c514081ef8796c2f67a8a8ca743a08ef37461a
B_PHASE7A_VS_QQQ,Phase 7A fixed four-state vs QQQ buy-and-hold,PHASE7A_FIXED_FOUR_STATE,weekly,QQQ_BUY_HOLD,none,pre_tax,2013-01-02,2026-08-31,3436,cagr_difference,0.09415620447098205,-0.044646668246913684,0.2520994038830159,0.9074,,,path/ratio bootstrap diagnostic,stationary_bootstrap_politis_romano,5,SENSITIVITY,10000,8301,3a684376251ecf139f500334c6c514081ef8796c2f67a8a8ca743a08ef37461a
B_PHASE7A_VS_QQQ,Phase 7A fixed four-state vs QQQ buy-and-hold,PHASE7A_FIXED_FOUR_STATE,weekly,QQQ_BUY_HOLD,none,pre_tax,2013-01-02,2026-08-31,3436,max_drawdown_difference,-0.14035690084368324,-0.37923731726284204,-0.034539201310218835,,0.0103,,path/ratio bootstrap diagnostic,stationary_bootstrap_politis_romano,5,SENSITIVITY,10000,8301,3a684376251ecf139f500334c6c514081ef8796c2f67a8a8ca743a08ef37461a
B_PHASE7A_VS_QQQ,Phase 7A fixed four-state vs QQQ buy-and-hold,PHASE7A_FIXED_FOUR_STATE,weekly,QQQ_BUY_HOLD,none,pre_tax,2013-01-02,2026-08-31,3436,calmar_difference,0.0292949784532216,-0.5154819554548881,0.43965743470243673,0.3765,,,path/ratio bootstrap diagnostic,stationary_bootstrap_politis_romano,5,SENSITIVITY,10000,8301,3a684376251ecf139f500334c6c514081ef8796c2f67a8a8ca743a08ef37461a
B_PHASE7A_VS_QQQ,Phase 7A fixed four-state vs QQQ buy-and-hold,PHASE7A_FIXED_FOUR_STATE,monthly,QQQ_BUY_HOLD,none,pre_tax,2013-01-02,2026-08-31,3436,annualized_mean_return_difference,0.10714794818753132,0.0016449214453584228,0.20945122912397635,0.9764,,0.0196,H0: expected paired excess return <= 0; H1: > 0,stationary_bootstrap_politis_romano,5,SENSITIVITY,10000,8301,3a684376251ecf139f500334c6c514081ef8796c2f67a8a8ca743a08ef37461a
B_PHASE7A_VS_QQQ,Phase 7A fixed four-state vs QQQ buy-and-hold,PHASE7A_FIXED_FOUR_STATE,monthly,QQQ_BUY_HOLD,none,pre_tax,2013-01-02,2026-08-31,3436,annualized_volatility_difference,0.1453831534078979,0.11989795057834945,0.17283107610329834,1.0,,,path/ratio bootstrap diagnostic,stationary_bootstrap_politis_romano,5,SENSITIVITY,10000,8301,3a684376251ecf139f500334c6c514081ef8796c2f67a8a8ca743a08ef37461a
B_PHASE7A_VS_QQQ,Phase 7A fixed four-state vs QQQ buy-and-hold,PHASE7A_FIXED_FOUR_STATE,monthly,QQQ_BUY_HOLD,none,pre_tax,2013-01-02,2026-08-31,3436,sharpe_difference,-0.0994105080870713,-0.3901832510543133,0.20974221602239185,0.2552,,,path/ratio bootstrap diagnostic,stationary_bootstrap_politis_romano,5,SENSITIVITY,10000,8301,3a684376251ecf139f500334c6c514081ef8796c2f67a8a8ca743a08ef37461a
B_PHASE7A_VS_QQQ,Phase 7A fixed four-state vs QQQ buy-and-hold,PHASE7A_FIXED_FOUR_STATE,monthly,QQQ_BUY_HOLD,none,pre_tax,2013-01-02,2026-08-31,3436,cagr_difference,0.08104079128759101,-0.04921377596723746,0.23038233080908266,0.8874,,,path/ratio bootstrap diagnostic,stationary_bootstrap_politis_romano,5,SENSITIVITY,10000,8301,3a684376251ecf139f500334c6c514081ef8796c2f67a8a8ca743a08ef37461a
B_PHASE7A_VS_QQQ,Phase 7A fixed four-state vs QQQ buy-and-hold,PHASE7A_FIXED_FOUR_STATE,monthly,QQQ_BUY_HOLD,none,pre_tax,2013-01-02,2026-08-31,3436,max_drawdown_difference,-0.16596691857312085,-0.36822343855529704,-0.04578158605163023,,0.0069,,path/ratio bootstrap diagnostic,stationary_bootstrap_politis_romano,5,SENSITIVITY,10000,8301,3a684376251ecf139f500334c6c514081ef8796c2f67a8a8ca743a08ef37461a
B_PHASE7A_VS_QQQ,Phase 7A fixed four-state vs QQQ buy-and-hold,PHASE7A_FIXED_FOUR_STATE,monthly,QQQ_BUY_HOLD,none,pre_tax,2013-01-02,2026-08-31,3436,calmar_difference,-0.025656325446850037,-0.5039094197637687,0.35223010879394695,0.3138,,,path/ratio bootstrap diagnostic,stationary_bootstrap_politis_romano,5,SENSITIVITY,10000,8301,3a684376251ecf139f500334c6c514081ef8796c2f67a8a8ca743a08ef37461a
B_PHASE7A_VS_QQQ,Phase 7A fixed four-state vs QQQ buy-and-hold,PHASE7A_FIXED_FOUR_STATE,bimonthly,QQQ_BUY_HOLD,none,pre_tax,2013-01-02,2026-08-31,3436,annualized_mean_return_difference,0.15010118915686518,0.04409954849021316,0.25512484666877827,0.9967,,0.0023,H0: expected paired excess return <= 0; H1: > 0,stationary_bootstrap_politis_romano,5,SENSITIVITY,10000,8301,3a684376251ecf139f500334c6c514081ef8796c2f67a8a8ca743a08ef37461a
B_PHASE7A_VS_QQQ,Phase 7A fixed four-state vs QQQ buy-and-hold,PHASE7A_FIXED_FOUR_STATE,bimonthly,QQQ_BUY_HOLD,none,pre_tax,2013-01-02,2026-08-31,3436,annualized_volatility_difference,0.16442922521364808,0.1401899932478077,0.19142713325205152,1.0,,,path/ratio bootstrap diagnostic,stationary_bootstrap_politis_romano,5,SENSITIVITY,10000,8301,3a684376251ecf139f500334c6c514081ef8796c2f67a8a8ca743a08ef37461a
B_PHASE7A_VS_QQQ,Phase 7A fixed four-state vs QQQ buy-and-hold,PHASE7A_FIXED_FOUR_STATE,bimonthly,QQQ_BUY_HOLD,none,pre_tax,2013-01-02,2026-08-31,3436,sharpe_difference,-0.029152526396514555,-0.28275483178971406,0.23934069656003418,0.4199,,,path/ratio bootstrap diagnostic,stationary_bootstrap_politis_romano,5,SENSITIVITY,10000,8301,3a684376251ecf139f500334c6c514081ef8796c2f67a8a8ca743a08ef37461a
B_PHASE7A_VS_QQQ,Phase 7A fixed four-state vs QQQ buy-and-hold,PHASE7A_FIXED_FOUR_STATE,bimonthly,QQQ_BUY_HOLD,none,pre_tax,2013-01-02,2026-08-31,3436,cagr_difference,0.12818052721324014,-0.007996950433243024,0.293842385965369,0.9678,,,path/ratio bootstrap diagnostic,stationary_bootstrap_politis_romano,5,SENSITIVITY,10000,8301,3a684376251ecf139f500334c6c514081ef8796c2f67a8a8ca743a08ef37461a
B_PHASE7A_VS_QQQ,Phase 7A fixed four-state vs QQQ buy-and-hold,PHASE7A_FIXED_FOUR_STATE,bimonthly,QQQ_BUY_HOLD,none,pre_tax,2013-01-02,2026-08-31,3436,max_drawdown_difference,-0.17948067312402882,-0.356254858004099,-0.06405189729236478,,0.0039,,path/ratio bootstrap diagnostic,stationary_bootstrap_politis_romano,5,SENSITIVITY,10000,8301,3a684376251ecf139f500334c6c514081ef8796c2f67a8a8ca743a08ef37461a
B_PHASE7A_VS_QQQ,Phase 7A fixed four-state vs QQQ buy-and-hold,PHASE7A_FIXED_FOUR_STATE,bimonthly,QQQ_BUY_HOLD,none,pre_tax,2013-01-02,2026-08-31,3436,calmar_difference,0.049357417898992395,-0.3711401325594026,0.4500529561582132,0.4738,,,path/ratio bootstrap diagnostic,stationary_bootstrap_politis_romano,5,SENSITIVITY,10000,8301,3a684376251ecf139f500334c6c514081ef8796c2f67a8a8ca743a08ef37461a
B_PHASE7A_VS_QQQ,Phase 7A fixed four-state vs QQQ buy-and-hold,PHASE7A_FIXED_FOUR_STATE,quarterly,QQQ_BUY_HOLD,none,pre_tax,2013-01-02,2026-08-31,3436,annualized_mean_return_difference,0.04625562122864635,-0.06509422760840873,0.15422545937308224,0.8027,,0.2009,H0: expected paired excess return <= 0; H1: > 0,stationary_bootstrap_politis_romano,5,SENSITIVITY,10000,8301,3a684376251ecf139f500334c6c514081ef8796c2f67a8a8ca743a08ef37461a
B_PHASE7A_VS_QQQ,Phase 7A fixed four-state vs QQQ buy-and-hold,PHASE7A_FIXED_FOUR_STATE,quarterly,QQQ_BUY_HOLD,none,pre_tax,2013-01-02,2026-08-31,3436,annualized_volatility_difference,0.15835349555580894,0.12976071117656807,0.1898990835800588,1.0,,,path/ratio bootstrap diagnostic,stationary_bootstrap_politis_romano,5,SENSITIVITY,10000,8301,3a684376251ecf139f500334c6c514081ef8796c2f67a8a8ca743a08ef37461a
B_PHASE7A_VS_QQQ,Phase 7A fixed four-state vs QQQ buy-and-hold,PHASE7A_FIXED_FOUR_STATE,quarterly,QQQ_BUY_HOLD,none,pre_tax,2013-01-02,2026-08-31,3436,sharpe_difference,-0.29649634010283776,-0.5857360984546316,-0.0004843392509016712,0.0247,,,path/ratio bootstrap diagnostic,stationary_bootstrap_politis_romano,5,SENSITIVITY,10000,8301,3a684376251ecf139f500334c6c514081ef8796c2f67a8a8ca743a08ef37461a
B_PHASE7A_VS_QQQ,Phase 7A fixed four-state vs QQQ buy-and-hold,PHASE7A_FIXED_FOUR_STATE,quarterly,QQQ_BUY_HOLD,none,pre_tax,2013-01-02,2026-08-31,3436,cagr_difference,-0.00013355974232576173,-0.1259671309078807,0.14656330184467767,0.5094,,,path/ratio bootstrap diagnostic,stationary_bootstrap_politis_romano,5,SENSITIVITY,10000,8301,3a684376251ecf139f500334c6c514081ef8796c2f67a8a8ca743a08ef37461a
B_PHASE7A_VS_QQQ,Phase 7A fixed four-state vs QQQ buy-and-hold,PHASE7A_FIXED_FOUR_STATE,quarterly,QQQ_BUY_HOLD,none,pre_tax,2013-01-02,2026-08-31,3436,max_drawdown_difference,-0.2051366867801312,-0.443599087614752,-0.09861877437698534,,0.0012,,path/ratio bootstrap diagnostic,stationary_bootstrap_politis_romano,5,SENSITIVITY,10000,8301,3a684376251ecf139f500334c6c514081ef8796c2f67a8a8ca743a08ef37461a
B_PHASE7A_VS_QQQ,Phase 7A fixed four-state vs QQQ buy-and-hold,PHASE7A_FIXED_FOUR_STATE,quarterly,QQQ_BUY_HOLD,none,pre_tax,2013-01-02,2026-08-31,3436,calmar_difference,-0.20977068395157017,-0.731668606648818,0.06319744281228076,0.0506,,,path/ratio bootstrap diagnostic,stationary_bootstrap_politis_romano,5,SENSITIVITY,10000,8301,3a684376251ecf139f500334c6c514081ef8796c2f67a8a8ca743a08ef37461a
C_PHASE7A_INCREMENTAL_VS_FIXED,Phase 7A fixed four-state vs Fixed MA200 QQQ→QLD/CASH,PHASE7A_FIXED_FOUR_STATE,weekly,FIXED_MA200_QQQ_TO_QLD,weekly,pre_tax,2013-01-02,2026-08-31,3436,annualized_mean_return_difference,0.0062617758005577544,-0.009165850187923392,0.021351445947861623,0.7935,,0.206,H0: expected paired excess return <= 0; H1: > 0,stationary_bootstrap_politis_romano,5,SENSITIVITY,10000,8301,3a684376251ecf139f500334c6c514081ef8796c2f67a8a8ca743a08ef37461a
C_PHASE7A_INCREMENTAL_VS_FIXED,Phase 7A fixed four-state vs Fixed MA200 QQQ→QLD/CASH,PHASE7A_FIXED_FOUR_STATE,weekly,FIXED_MA200_QQQ_TO_QLD,weekly,pre_tax,2013-01-02,2026-08-31,3436,annualized_volatility_difference,0.0068710560814826405,0.0034032736177509386,0.00988338912007938,0.9996,,,path/ratio bootstrap diagnostic,stationary_bootstrap_politis_romano,5,SENSITIVITY,10000,8301,3a684376251ecf139f500334c6c514081ef8796c2f67a8a8ca743a08ef37461a
C_PHASE7A_INCREMENTAL_VS_FIXED,Phase 7A fixed four-state vs Fixed MA200 QQQ→QLD/CASH,PHASE7A_FIXED_FOUR_STATE,weekly,FIXED_MA200_QQQ_TO_QLD,weekly,pre_tax,2013-01-02,2026-08-31,3436,sharpe_difference,-0.0004482579901426975,-0.04471303652435125,0.044768570832708944,0.4777,,,path/ratio bootstrap diagnostic,stationary_bootstrap_politis_romano,5,SENSITIVITY,10000,8301,3a684376251ecf139f500334c6c514081ef8796c2f67a8a8ca743a08ef37461a
C_PHASE7A_INCREMENTAL_VS_FIXED,Phase 7A fixed four-state vs Fixed MA200 QQQ→QLD/CASH,PHASE7A_FIXED_FOUR_STATE,weekly,FIXED_MA200_QQQ_TO_QLD,weekly,pre_tax,2013-01-02,2026-08-31,3436,cagr_difference,0.005009393946793228,-0.014010180305982176,0.026007008343450926,0.6922,,,path/ratio bootstrap diagnostic,stationary_bootstrap_politis_romano,5,SENSITIVITY,10000,8301,3a684376251ecf139f500334c6c514081ef8796c2f67a8a8ca743a08ef37461a
C_PHASE7A_INCREMENTAL_VS_FIXED,Phase 7A fixed four-state vs Fixed MA200 QQQ→QLD/CASH,PHASE7A_FIXED_FOUR_STATE,weekly,FIXED_MA200_QQQ_TO_QLD,weekly,pre_tax,2013-01-02,2026-08-31,3436,max_drawdown_difference,0.0,-0.036772965868883754,0.02220647558797974,,0.2183,,path/ratio bootstrap diagnostic,stationary_bootstrap_politis_romano,5,SENSITIVITY,10000,8301,3a684376251ecf139f500334c6c514081ef8796c2f67a8a8ca743a08ef37461a
C_PHASE7A_INCREMENTAL_VS_FIXED,Phase 7A fixed four-state vs Fixed MA200 QQQ→QLD/CASH,PHASE7A_FIXED_FOUR_STATE,weekly,FIXED_MA200_QQQ_TO_QLD,weekly,pre_tax,2013-01-02,2026-08-31,3436,calmar_difference,0.01019113628737578,-0.06621956185820564,0.06825549693890096,0.4825,,,path/ratio bootstrap diagnostic,stationary_bootstrap_politis_romano,5,SENSITIVITY,10000,8301,3a684376251ecf139f500334c6c514081ef8796c2f67a8a8ca743a08ef37461a
C_PHASE7A_INCREMENTAL_VS_FIXED,Phase 7A fixed four-state vs Fixed MA200 QQQ→QLD/CASH,PHASE7A_FIXED_FOUR_STATE,monthly,FIXED_MA200_QQQ_TO_QLD,monthly,pre_tax,2013-01-02,2026-08-31,3436,annualized_mean_return_difference,0.004111514877764568,-0.012311039017283384,0.019811030489001215,0.6999,,0.3194,H0: expected paired excess return <= 0; H1: > 0,stationary_bootstrap_politis_romano,5,SENSITIVITY,10000,8301,3a684376251ecf139f500334c6c514081ef8796c2f67a8a8ca743a08ef37461a
C_PHASE7A_INCREMENTAL_VS_FIXED,Phase 7A fixed four-state vs Fixed MA200 QQQ→QLD/CASH,PHASE7A_FIXED_FOUR_STATE,monthly,FIXED_MA200_QQQ_TO_QLD,monthly,pre_tax,2013-01-02,2026-08-31,3436,annualized_volatility_difference,0.00884235980770609,0.005133050757788067,0.012287630586589545,0.9999,,,path/ratio bootstrap diagnostic,stationary_bootstrap_politis_romano,5,SENSITIVITY,10000,8301,3a684376251ecf139f500334c6c514081ef8796c2f67a8a8ca743a08ef37461a
C_PHASE7A_INCREMENTAL_VS_FIXED,Phase 7A fixed four-state vs Fixed MA200 QQQ→QLD/CASH,PHASE7A_FIXED_FOUR_STATE,monthly,FIXED_MA200_QQQ_TO_QLD,monthly,pre_tax,2013-01-02,2026-08-31,3436,sharpe_difference,-0.010624846570288171,-0.05640302596538623,0.0328646918622419,0.3149,,,path/ratio bootstrap diagnostic,stationary_bootstrap_politis_romano,5,SENSITIVITY,10000,8301,3a684376251ecf139f500334c6c514081ef8796c2f67a8a8ca743a08ef37461a
C_PHASE7A_INCREMENTAL_VS_FIXED,Phase 7A fixed four-state vs Fixed MA200 QQQ→QLD/CASH,PHASE7A_FIXED_FOUR_STATE,monthly,FIXED_MA200_QQQ_TO_QLD,monthly,pre_tax,2013-01-02,2026-08-31,3436,cagr_difference,0.0012171992640350737,-0.018956952066295937,0.022662395329263868,0.5542,,,path/ratio bootstrap diagnostic,stationary_bootstrap_politis_romano,5,SENSITIVITY,10000,8301,3a684376251ecf139f500334c6c514081ef8796c2f67a8a8ca743a08ef37461a
C_PHASE7A_INCREMENTAL_VS_FIXED,Phase 7A fixed four-state vs Fixed MA200 QQQ→QLD/CASH,PHASE7A_FIXED_FOUR_STATE,monthly,FIXED_MA200_QQQ_TO_QLD,monthly,pre_tax,2013-01-02,2026-08-31,3436,max_drawdown_difference,1.1102230246251565e-16,-0.04461625579377545,0.01703730078578597,,0.1622,,path/ratio bootstrap diagnostic,stationary_bootstrap_politis_romano,5,SENSITIVITY,10000,8301,3a684376251ecf139f500334c6c514081ef8796c2f67a8a8ca743a08ef37461a
C_PHASE7A_INCREMENTAL_VS_FIXED,Phase 7A fixed four-state vs Fixed MA200 QQQ→QLD/CASH,PHASE7A_FIXED_FOUR_STATE,monthly,FIXED_MA200_QQQ_TO_QLD,monthly,pre_tax,2013-01-02,2026-08-31,3436,calmar_difference,0.0023536485234559867,-0.08505862210184288,0.05324284349886054,0.3491,,,path/ratio bootstrap diagnostic,stationary_bootstrap_politis_romano,5,SENSITIVITY,10000,8301,3a684376251ecf139f500334c6c514081ef8796c2f67a8a8ca743a08ef37461a
C_PHASE7A_INCREMENTAL_VS_FIXED,Phase 7A fixed four-state vs Fixed MA200 QQQ→QLD/CASH,PHASE7A_FIXED_FOUR_STATE,bimonthly,FIXED_MA200_QQQ_TO_QLD,bimonthly,pre_tax,2013-01-02,2026-08-31,3436,annualized_mean_return_difference,0.0063618087831871,-0.00830651753860227,0.019963712038676164,0.816,,0.1908,H0: expected paired excess return <= 0; H1: > 0,stationary_bootstrap_politis_romano,5,SENSITIVITY,10000,8301,3a684376251ecf139f500334c6c514081ef8796c2f67a8a8ca743a08ef37461a
C_PHASE7A_INCREMENTAL_VS_FIXED,Phase 7A fixed four-state vs Fixed MA200 QQQ→QLD/CASH,PHASE7A_FIXED_FOUR_STATE,bimonthly,FIXED_MA200_QQQ_TO_QLD,bimonthly,pre_tax,2013-01-02,2026-08-31,3436,annualized_volatility_difference,0.009501347818650696,0.006730080648404262,0.012375209106426093,1.0,,,path/ratio bootstrap diagnostic,stationary_bootstrap_politis_romano,5,SENSITIVITY,10000,8301,3a684376251ecf139f500334c6c514081ef8796c2f67a8a8ca743a08ef37461a
C_PHASE7A_INCREMENTAL_VS_FIXED,Phase 7A fixed four-state vs Fixed MA200 QQQ→QLD/CASH,PHASE7A_FIXED_FOUR_STATE,bimonthly,FIXED_MA200_QQQ_TO_QLD,bimonthly,pre_tax,2013-01-02,2026-08-31,3436,sharpe_difference,-0.007327082813227914,-0.04383166333995307,0.026181477913644505,0.3405,,,path/ratio bootstrap diagnostic,stationary_bootstrap_politis_romano,5,SENSITIVITY,10000,8301,3a684376251ecf139f500334c6c514081ef8796c2f67a8a8ca743a08ef37461a
C_PHASE7A_INCREMENTAL_VS_FIXED,Phase 7A fixed four-state vs Fixed MA200 QQQ→QLD/CASH,PHASE7A_FIXED_FOUR_STATE,bimonthly,FIXED_MA200_QQQ_TO_QLD,bimonthly,pre_tax,2013-01-02,2026-08-31,3436,cagr_difference,0.0036966700420635323,-0.014394199884024452,0.023571615675377782,0.6605,,,path/ratio bootstrap diagnostic,stationary_bootstrap_politis_romano,5,SENSITIVITY,10000,8301,3a684376251ecf139f500334c6c514081ef8796c2f67a8a8ca743a08ef37461a
C_PHASE7A_INCREMENTAL_VS_FIXED,Phase 7A fixed four-state vs Fixed MA200 QQQ→QLD/CASH,PHASE7A_FIXED_FOUR_STATE,bimonthly,FIXED_MA200_QQQ_TO_QLD,bimonthly,pre_tax,2013-01-02,2026-08-31,3436,max_drawdown_difference,-0.013513754550907864,-0.04080036050821574,0.007463608385599024,,0.1079,,path/ratio bootstrap diagnostic,stationary_bootstrap_politis_romano,5,SENSITIVITY,10000,8301,3a684376251ecf139f500334c6c514081ef8796c2f67a8a8ca743a08ef37461a
C_PHASE7A_INCREMENTAL_VS_FIXED,Phase 7A fixed four-state vs Fixed MA200 QQQ→QLD/CASH,PHASE7A_FIXED_FOUR_STATE,bimonthly,FIXED_MA200_QQQ_TO_QLD,bimonthly,pre_tax,2013-01-02,2026-08-31,3436,calmar_difference,-0.008990339545510206,-0.07480382537561363,0.04549360307677107,0.3663,,,path/ratio bootstrap diagnostic,stationary_bootstrap_politis_romano,5,SENSITIVITY,10000,8301,3a684376251ecf139f500334c6c514081ef8796c2f67a8a8ca743a08ef37461a
C_PHASE7A_INCREMENTAL_VS_FIXED,Phase 7A fixed four-state vs Fixed MA200 QQQ→QLD/CASH,PHASE7A_FIXED_FOUR_STATE,quarterly,FIXED_MA200_QQQ_TO_QLD,quarterly,pre_tax,2013-01-02,2026-08-31,3436,annualized_mean_return_difference,0.0012832570775194122,-0.01685753349228712,0.018231693625131155,0.5777,,0.4612,H0: expected paired excess return <= 0; H1: > 0,stationary_bootstrap_politis_romano,5,SENSITIVITY,10000,8301,3a684376251ecf139f500334c6c514081ef8796c2f67a8a8ca743a08ef37461a
C_PHASE7A_INCREMENTAL_VS_FIXED,Phase 7A fixed four-state vs Fixed MA200 QQQ→QLD/CASH,PHASE7A_FIXED_FOUR_STATE,quarterly,FIXED_MA200_QQQ_TO_QLD,quarterly,pre_tax,2013-01-02,2026-08-31,3436,annualized_volatility_difference,0.017541177899873583,0.013020470933719655,0.022259982845060648,1.0,,,path/ratio bootstrap diagnostic,stationary_bootstrap_politis_romano,5,SENSITIVITY,10000,8301,3a684376251ecf139f500334c6c514081ef8796c2f67a8a8ca743a08ef37461a
C_PHASE7A_INCREMENTAL_VS_FIXED,Phase 7A fixed four-state vs Fixed MA200 QQQ→QLD/CASH,PHASE7A_FIXED_FOUR_STATE,quarterly,FIXED_MA200_QQQ_TO_QLD,quarterly,pre_tax,2013-01-02,2026-08-31,3436,sharpe_difference,-0.030598571512764572,-0.07373753747616557,0.010048207697928049,0.0707,,,path/ratio bootstrap diagnostic,stationary_bootstrap_politis_romano,5,SENSITIVITY,10000,8301,3a684376251ecf139f500334c6c514081ef8796c2f67a8a8ca743a08ef37461a
C_PHASE7A_INCREMENTAL_VS_FIXED,Phase 7A fixed four-state vs Fixed MA200 QQQ→QLD/CASH,PHASE7A_FIXED_FOUR_STATE,quarterly,FIXED_MA200_QQQ_TO_QLD,quarterly,pre_tax,2013-01-02,2026-08-31,3436,cagr_difference,-0.006230214156438096,-0.02642079758146934,0.01655006371810028,0.2922,,,path/ratio bootstrap diagnostic,stationary_bootstrap_politis_romano,5,SENSITIVITY,10000,8301,3a684376251ecf139f500334c6c514081ef8796c2f67a8a8ca743a08ef37461a
C_PHASE7A_INCREMENTAL_VS_FIXED,Phase 7A fixed four-state vs Fixed MA200 QQQ→QLD/CASH,PHASE7A_FIXED_FOUR_STATE,quarterly,FIXED_MA200_QQQ_TO_QLD,quarterly,pre_tax,2013-01-02,2026-08-31,3436,max_drawdown_difference,-0.039169768207010125,-0.06650194320087381,-0.004384619056042222,,0.0109,,path/ratio bootstrap diagnostic,stationary_bootstrap_politis_romano,5,SENSITIVITY,10000,8301,3a684376251ecf139f500334c6c514081ef8796c2f67a8a8ca743a08ef37461a
C_PHASE7A_INCREMENTAL_VS_FIXED,Phase 7A fixed four-state vs Fixed MA200 QQQ→QLD/CASH,PHASE7A_FIXED_FOUR_STATE,quarterly,FIXED_MA200_QQQ_TO_QLD,quarterly,pre_tax,2013-01-02,2026-08-31,3436,calmar_difference,-0.03919794070375365,-0.09082809807135064,0.013159907885692124,0.077,,,path/ratio bootstrap diagnostic,stationary_bootstrap_politis_romano,5,SENSITIVITY,10000,8301,3a684376251ecf139f500334c6c514081ef8796c2f67a8a8ca743a08ef37461a
D_PHASE7B_MODEL_A_VS_FIXED,Phase 7B Model A selected WF vs Fixed MA200 QQQ→QLD/CASH,PHASE7B_MODEL_A_SELECTED,weekly,FIXED_MA200_QQQ_TO_QLD,weekly,pre_tax,2013-01-02,2026-08-31,3436,annualized_mean_return_difference,-0.24132343327690378,-0.3639667967586532,-0.11899898177491293,0.0,,1.0,H0: expected paired excess return <= 0; H1: > 0,stationary_bootstrap_politis_romano,5,SENSITIVITY,10000,8301,3a684376251ecf139f500334c6c514081ef8796c2f67a8a8ca743a08ef37461a
D_PHASE7B_MODEL_A_VS_FIXED,Phase 7B Model A selected WF vs Fixed MA200 QQQ→QLD/CASH,PHASE7B_MODEL_A_SELECTED,weekly,FIXED_MA200_QQQ_TO_QLD,weekly,pre_tax,2013-01-02,2026-08-31,3436,annualized_volatility_difference,-0.10178655533495379,-0.12384669754094904,-0.08309919312874797,0.0,,,path/ratio bootstrap diagnostic,stationary_bootstrap_politis_romano,5,SENSITIVITY,10000,8301,3a684376251ecf139f500334c6c514081ef8796c2f67a8a8ca743a08ef37461a
D_PHASE7B_MODEL_A_VS_FIXED,Phase 7B Model A selected WF vs Fixed MA200 QQQ→QLD/CASH,PHASE7B_MODEL_A_SELECTED,weekly,FIXED_MA200_QQQ_TO_QLD,weekly,pre_tax,2013-01-02,2026-08-31,3436,sharpe_difference,-0.6347812501997244,-1.0298649997591112,-0.21244402307905771,0.0022,,,path/ratio bootstrap diagnostic,stationary_bootstrap_politis_romano,5,SENSITIVITY,10000,8301,3a684376251ecf139f500334c6c514081ef8796c2f67a8a8ca743a08ef37461a
D_PHASE7B_MODEL_A_VS_FIXED,Phase 7B Model A selected WF vs Fixed MA200 QQQ→QLD/CASH,PHASE7B_MODEL_A_SELECTED,weekly,FIXED_MA200_QQQ_TO_QLD,weekly,pre_tax,2013-01-02,2026-08-31,3436,cagr_difference,-0.24626798667581107,-0.4189955479170849,-0.09751846537432696,0.0005,,,path/ratio bootstrap diagnostic,stationary_bootstrap_politis_romano,5,SENSITIVITY,10000,8301,3a684376251ecf139f500334c6c514081ef8796c2f67a8a8ca743a08ef37461a
D_PHASE7B_MODEL_A_VS_FIXED,Phase 7B Model A selected WF vs Fixed MA200 QQQ→QLD/CASH,PHASE7B_MODEL_A_SELECTED,weekly,FIXED_MA200_QQQ_TO_QLD,weekly,pre_tax,2013-01-02,2026-08-31,3436,max_drawdown_difference,0.0,-0.24240442276772772,0.19765643117396411,,0.4505,,path/ratio bootstrap diagnostic,stationary_bootstrap_politis_romano,5,SENSITIVITY,10000,8301,3a684376251ecf139f500334c6c514081ef8796c2f67a8a8ca743a08ef37461a
D_PHASE7B_MODEL_A_VS_FIXED,Phase 7B Model A selected WF vs Fixed MA200 QQQ→QLD/CASH,PHASE7B_MODEL_A_SELECTED,weekly,FIXED_MA200_QQQ_TO_QLD,weekly,pre_tax,2013-01-02,2026-08-31,3436,calmar_difference,-0.5010088330220938,-1.087645313922353,-0.12342446343080618,0.0037,,,path/ratio bootstrap diagnostic,stationary_bootstrap_politis_romano,5,SENSITIVITY,10000,8301,3a684376251ecf139f500334c6c514081ef8796c2f67a8a8ca743a08ef37461a
D_PHASE7B_MODEL_A_VS_FIXED,Phase 7B Model A selected WF vs Fixed MA200 QQQ→QLD/CASH,PHASE7B_MODEL_A_SELECTED,monthly,FIXED_MA200_QQQ_TO_QLD,monthly,pre_tax,2013-01-02,2026-08-31,3436,annualized_mean_return_difference,-0.30714880063494177,-0.4673159190848895,-0.14663446548538595,0.0001,,1.0,H0: expected paired excess return <= 0; H1: > 0,stationary_bootstrap_politis_romano,5,SENSITIVITY,10000,8301,3a684376251ecf139f500334c6c514081ef8796c2f67a8a8ca743a08ef37461a
D_PHASE7B_MODEL_A_VS_FIXED,Phase 7B Model A selected WF vs Fixed MA200 QQQ→QLD/CASH,PHASE7B_MODEL_A_SELECTED,monthly,FIXED_MA200_QQQ_TO_QLD,monthly,pre_tax,2013-01-02,2026-08-31,3436,annualized_volatility_difference,-0.34503578982203303,-0.39025957269942724,-0.3103397765097297,0.0,,,path/ratio bootstrap diagnostic,stationary_bootstrap_politis_romano,5,SENSITIVITY,10000,8301,3a684376251ecf139f500334c6c514081ef8796c2f67a8a8ca743a08ef37461a
D_PHASE7B_MODEL_A_VS_FIXED,Phase 7B Model A selected WF vs Fixed MA200 QQQ→QLD/CASH,PHASE7B_MODEL_A_SELECTED,monthly,FIXED_MA200_QQQ_TO_QLD,monthly,pre_tax,2013-01-02,2026-08-31,3436,sharpe_difference,,,,,,,path/ratio bootstrap diagnostic,stationary_bootstrap_politis_romano,5,SENSITIVITY,10000,8301,3a684376251ecf139f500334c6c514081ef8796c2f67a8a8ca743a08ef37461a
D_PHASE7B_MODEL_A_VS_FIXED,Phase 7B Model A selected WF vs Fixed MA200 QQQ→QLD/CASH,PHASE7B_MODEL_A_SELECTED,monthly,FIXED_MA200_QQQ_TO_QLD,monthly,pre_tax,2013-01-02,2026-08-31,3436,cagr_difference,-0.27938231955970605,-0.5048617730943219,-0.0832672684916027,0.0021,,,path/ratio bootstrap diagnostic,stationary_bootstrap_politis_romano,5,SENSITIVITY,10000,8301,3a684376251ecf139f500334c6c514081ef8796c2f67a8a8ca743a08ef37461a
D_PHASE7B_MODEL_A_VS_FIXED,Phase 7B Model A selected WF vs Fixed MA200 QQQ→QLD/CASH,PHASE7B_MODEL_A_SELECTED,monthly,FIXED_MA200_QQQ_TO_QLD,monthly,pre_tax,2013-01-02,2026-08-31,3436,max_drawdown_difference,0.5171542190368645,0.33567743330337413,0.7486661794792098,,1.0,,path/ratio bootstrap diagnostic,stationary_bootstrap_politis_romano,5,SENSITIVITY,10000,8301,3a684376251ecf139f500334c6c514081ef8796c2f67a8a8ca743a08ef37461a
D_PHASE7B_MODEL_A_VS_FIXED,Phase 7B Model A selected WF vs Fixed MA200 QQQ→QLD/CASH,PHASE7B_MODEL_A_SELECTED,monthly,FIXED_MA200_QQQ_TO_QLD,monthly,pre_tax,2013-01-02,2026-08-31,3436,calmar_difference,,,,,,,path/ratio bootstrap diagnostic,stationary_bootstrap_politis_romano,5,SENSITIVITY,10000,8301,3a684376251ecf139f500334c6c514081ef8796c2f67a8a8ca743a08ef37461a
D_PHASE7B_MODEL_A_VS_FIXED,Phase 7B Model A selected WF vs Fixed MA200 QQQ→QLD/CASH,PHASE7B_MODEL_A_SELECTED,bimonthly,FIXED_MA200_QQQ_TO_QLD,bimonthly,pre_tax,2013-01-02,2026-08-31,3436,annualized_mean_return_difference,-0.34785174769885313,-0.5200790637557116,-0.17720657618032792,0.0,,1.0,H0: expected paired excess return <= 0; H1: > 0,stationary_bootstrap_politis_romano,5,SENSITIVITY,10000,8301,3a684376251ecf139f500334c6c514081ef8796c2f67a8a8ca743a08ef37461a
D_PHASE7B_MODEL_A_VS_FIXED,Phase 7B Model A selected WF vs Fixed MA200 QQQ→QLD/CASH,PHASE7B_MODEL_A_SELECTED,bimonthly,FIXED_MA200_QQQ_TO_QLD,bimonthly,pre_tax,2013-01-02,2026-08-31,3436,annualized_volatility_difference,-0.3634228736168386,-0.40869492538261804,-0.32530464120067687,0.0,,,path/ratio bootstrap diagnostic,stationary_bootstrap_politis_romano,5,SENSITIVITY,10000,8301,3a684376251ecf139f500334c6c514081ef8796c2f67a8a8ca743a08ef37461a
D_PHASE7B_MODEL_A_VS_FIXED,Phase 7B Model A selected WF vs Fixed MA200 QQQ→QLD/CASH,PHASE7B_MODEL_A_SELECTED,bimonthly,FIXED_MA200_QQQ_TO_QLD,bimonthly,pre_tax,2013-01-02,2026-08-31,3436,sharpe_difference,,,,,,,path/ratio bootstrap diagnostic,stationary_bootstrap_politis_romano,5,SENSITIVITY,10000,8301,3a684376251ecf139f500334c6c514081ef8796c2f67a8a8ca743a08ef37461a
D_PHASE7B_MODEL_A_VS_FIXED,Phase 7B Model A selected WF vs Fixed MA200 QQQ→QLD/CASH,PHASE7B_MODEL_A_SELECTED,bimonthly,FIXED_MA200_QQQ_TO_QLD,bimonthly,pre_tax,2013-01-02,2026-08-31,3436,cagr_difference,-0.3240425847073267,-0.5752385223596009,-0.112120637859414,0.0011,,,path/ratio bootstrap diagnostic,stationary_bootstrap_politis_romano,5,SENSITIVITY,10000,8301,3a684376251ecf139f500334c6c514081ef8796c2f67a8a8ca743a08ef37461a
D_PHASE7B_MODEL_A_VS_FIXED,Phase 7B Model A selected WF vs Fixed MA200 QQQ→QLD/CASH,PHASE7B_MODEL_A_SELECTED,bimonthly,FIXED_MA200_QQQ_TO_QLD,bimonthly,pre_tax,2013-01-02,2026-08-31,3436,max_drawdown_difference,0.5171542190368645,0.3422539093851355,0.7476009425526999,,1.0,,path/ratio bootstrap diagnostic,stationary_bootstrap_politis_romano,5,SENSITIVITY,10000,8301,3a684376251ecf139f500334c6c514081ef8796c2f67a8a8ca743a08ef37461a
D_PHASE7B_MODEL_A_VS_FIXED,Phase 7B Model A selected WF vs Fixed MA200 QQQ→QLD/CASH,PHASE7B_MODEL_A_SELECTED,bimonthly,FIXED_MA200_QQQ_TO_QLD,bimonthly,pre_tax,2013-01-02,2026-08-31,3436,calmar_difference,,,,,,,path/ratio bootstrap diagnostic,stationary_bootstrap_politis_romano,5,SENSITIVITY,10000,8301,3a684376251ecf139f500334c6c514081ef8796c2f67a8a8ca743a08ef37461a
D_PHASE7B_MODEL_A_VS_FIXED,Phase 7B Model A selected WF vs Fixed MA200 QQQ→QLD/CASH,PHASE7B_MODEL_A_SELECTED,quarterly,FIXED_MA200_QQQ_TO_QLD,quarterly,pre_tax,2013-01-02,2026-08-31,3436,annualized_mean_return_difference,-0.24908473147630197,-0.4154916584630289,-0.08429022512035392,0.0016,,0.9984,H0: expected paired excess return <= 0; H1: > 0,stationary_bootstrap_politis_romano,5,SENSITIVITY,10000,8301,3a684376251ecf139f500334c6c514081ef8796c2f67a8a8ca743a08ef37461a
D_PHASE7B_MODEL_A_VS_FIXED,Phase 7B Model A selected WF vs Fixed MA200 QQQ→QLD/CASH,PHASE7B_MODEL_A_SELECTED,quarterly,FIXED_MA200_QQQ_TO_QLD,quarterly,pre_tax,2013-01-02,2026-08-31,3436,annualized_volatility_difference,-0.3493073138777766,-0.3933295881125827,-0.3138442119169448,0.0,,,path/ratio bootstrap diagnostic,stationary_bootstrap_politis_romano,5,SENSITIVITY,10000,8301,3a684376251ecf139f500334c6c514081ef8796c2f67a8a8ca743a08ef37461a
D_PHASE7B_MODEL_A_VS_FIXED,Phase 7B Model A selected WF vs Fixed MA200 QQQ→QLD/CASH,PHASE7B_MODEL_A_SELECTED,quarterly,FIXED_MA200_QQQ_TO_QLD,quarterly,pre_tax,2013-01-02,2026-08-31,3436,sharpe_difference,,,,,,,path/ratio bootstrap diagnostic,stationary_bootstrap_politis_romano,5,SENSITIVITY,10000,8301,3a684376251ecf139f500334c6c514081ef8796c2f67a8a8ca743a08ef37461a
D_PHASE7B_MODEL_A_VS_FIXED,Phase 7B Model A selected WF vs Fixed MA200 QQQ→QLD/CASH,PHASE7B_MODEL_A_SELECTED,quarterly,FIXED_MA200_QQQ_TO_QLD,quarterly,pre_tax,2013-01-02,2026-08-31,3436,cagr_difference,-0.20565538195026245,-0.4281989294495726,-0.01890302660884381,0.0153,,,path/ratio bootstrap diagnostic,stationary_bootstrap_politis_romano,5,SENSITIVITY,10000,8301,3a684376251ecf139f500334c6c514081ef8796c2f67a8a8ca743a08ef37461a
D_PHASE7B_MODEL_A_VS_FIXED,Phase 7B Model A selected WF vs Fixed MA200 QQQ→QLD/CASH,PHASE7B_MODEL_A_SELECTED,quarterly,FIXED_MA200_QQQ_TO_QLD,quarterly,pre_tax,2013-01-02,2026-08-31,3436,max_drawdown_difference,0.5171542190368646,0.3612921310790428,0.8006103030726852,,1.0,,path/ratio bootstrap diagnostic,stationary_bootstrap_politis_romano,5,SENSITIVITY,10000,8301,3a684376251ecf139f500334c6c514081ef8796c2f67a8a8ca743a08ef37461a
D_PHASE7B_MODEL_A_VS_FIXED,Phase 7B Model A selected WF vs Fixed MA200 QQQ→QLD/CASH,PHASE7B_MODEL_A_SELECTED,quarterly,FIXED_MA200_QQQ_TO_QLD,quarterly,pre_tax,2013-01-02,2026-08-31,3436,calmar_difference,,,,,,,path/ratio bootstrap diagnostic,stationary_bootstrap_politis_romano,5,SENSITIVITY,10000,8301,3a684376251ecf139f500334c6c514081ef8796c2f67a8a8ca743a08ef37461a
E_PHASE7B_MODEL_B_VS_MODEL_A,Phase 7B Model B selected WF vs Model A selected WF,PHASE7B_MODEL_B_SELECTED,weekly,PHASE7B_MODEL_A_SELECTED,weekly,pre_tax,2013-01-02,2026-08-31,3436,annualized_mean_return_difference,0.028364997728043736,-0.02065889940655586,0.08051129910943312,0.8693,,0.1444,H0: expected paired excess return <= 0; H1: > 0,stationary_bootstrap_politis_romano,5,SENSITIVITY,10000,8301,3a684376251ecf139f500334c6c514081ef8796c2f67a8a8ca743a08ef37461a
E_PHASE7B_MODEL_B_VS_MODEL_A,Phase 7B Model B selected WF vs Model A selected WF,PHASE7B_MODEL_B_SELECTED,weekly,PHASE7B_MODEL_A_SELECTED,weekly,pre_tax,2013-01-02,2026-08-31,3436,annualized_volatility_difference,0.022310425507141463,0.015358683678162129,0.031160961393690952,1.0,,,path/ratio bootstrap diagnostic,stationary_bootstrap_politis_romano,5,SENSITIVITY,10000,8301,3a684376251ecf139f500334c6c514081ef8796c2f67a8a8ca743a08ef37461a
E_PHASE7B_MODEL_B_VS_MODEL_A,Phase 7B Model B selected WF vs Model A selected WF,PHASE7B_MODEL_B_SELECTED,weekly,PHASE7B_MODEL_A_SELECTED,weekly,pre_tax,2013-01-02,2026-08-31,3436,sharpe_difference,0.08584458499756537,-0.12259922250846231,0.29704981681141057,0.7956,,,path/ratio bootstrap diagnostic,stationary_bootstrap_politis_romano,5,SENSITIVITY,10000,8301,3a684376251ecf139f500334c6c514081ef8796c2f67a8a8ca743a08ef37461a
E_PHASE7B_MODEL_B_VS_MODEL_A,Phase 7B Model B selected WF vs Model A selected WF,PHASE7B_MODEL_B_SELECTED,weekly,PHASE7B_MODEL_A_SELECTED,weekly,pre_tax,2013-01-02,2026-08-31,3436,cagr_difference,0.02413017799757955,-0.026819928243294804,0.08193762320513323,0.8182,,,path/ratio bootstrap diagnostic,stationary_bootstrap_politis_romano,5,SENSITIVITY,10000,8301,3a684376251ecf139f500334c6c514081ef8796c2f67a8a8ca743a08ef37461a
E_PHASE7B_MODEL_B_VS_MODEL_A,Phase 7B Model B selected WF vs Model A selected WF,PHASE7B_MODEL_B_SELECTED,weekly,PHASE7B_MODEL_A_SELECTED,weekly,pre_tax,2013-01-02,2026-08-31,3436,max_drawdown_difference,1.1102230246251565e-16,-0.1334463325373102,0.11203935244293874,,0.4024,,path/ratio bootstrap diagnostic,stationary_bootstrap_politis_romano,5,SENSITIVITY,10000,8301,3a684376251ecf139f500334c6c514081ef8796c2f67a8a8ca743a08ef37461a
E_PHASE7B_MODEL_B_VS_MODEL_A,Phase 7B Model B selected WF vs Model A selected WF,PHASE7B_MODEL_B_SELECTED,weekly,PHASE7B_MODEL_A_SELECTED,weekly,pre_tax,2013-01-02,2026-08-31,3436,calmar_difference,0.049090555708718064,-0.08444990820306397,0.21063557006205957,0.769,,,path/ratio bootstrap diagnostic,stationary_bootstrap_politis_romano,5,SENSITIVITY,10000,8301,3a684376251ecf139f500334c6c514081ef8796c2f67a8a8ca743a08ef37461a
E_PHASE7B_MODEL_B_VS_MODEL_A,Phase 7B Model B selected WF vs Model A selected WF,PHASE7B_MODEL_B_SELECTED,monthly,PHASE7B_MODEL_A_SELECTED,monthly,pre_tax,2013-01-02,2026-08-31,3436,annualized_mean_return_difference,0.08618377638353848,-0.02892101617925347,0.20264955232350543,0.9285,,0.0753,H0: expected paired excess return <= 0; H1: > 0,stationary_bootstrap_politis_romano,5,SENSITIVITY,10000,8301,3a684376251ecf139f500334c6c514081ef8796c2f67a8a8ca743a08ef37461a
E_PHASE7B_MODEL_B_VS_MODEL_A,Phase 7B Model B selected WF vs Model A selected WF,PHASE7B_MODEL_B_SELECTED,monthly,PHASE7B_MODEL_A_SELECTED,monthly,pre_tax,2013-01-02,2026-08-31,3436,annualized_volatility_difference,0.25571139884313643,0.2063753321644797,0.3136431784142292,1.0,,,path/ratio bootstrap diagnostic,stationary_bootstrap_politis_romano,5,SENSITIVITY,10000,8301,3a684376251ecf139f500334c6c514081ef8796c2f67a8a8ca743a08ef37461a
E_PHASE7B_MODEL_B_VS_MODEL_A,Phase 7B Model B selected WF vs Model A selected WF,PHASE7B_MODEL_B_SELECTED,monthly,PHASE7B_MODEL_A_SELECTED,monthly,pre_tax,2013-01-02,2026-08-31,3436,sharpe_difference,,,,,,,path/ratio bootstrap diagnostic,stationary_bootstrap_politis_romano,5,SENSITIVITY,10000,8301,3a684376251ecf139f500334c6c514081ef8796c2f67a8a8ca743a08ef37461a
E_PHASE7B_MODEL_B_VS_MODEL_A,Phase 7B Model B selected WF vs Model A selected WF,PHASE7B_MODEL_B_SELECTED,monthly,PHASE7B_MODEL_A_SELECTED,monthly,pre_tax,2013-01-02,2026-08-31,3436,cagr_difference,0.054204986510552944,-0.06603805424311089,0.19022882335227034,0.8121,,,path/ratio bootstrap diagnostic,stationary_bootstrap_politis_romano,5,SENSITIVITY,10000,8301,3a684376251ecf139f500334c6c514081ef8796c2f67a8a8ca743a08ef37461a
E_PHASE7B_MODEL_B_VS_MODEL_A,Phase 7B Model B selected WF vs Model A selected WF,PHASE7B_MODEL_B_SELECTED,monthly,PHASE7B_MODEL_A_SELECTED,monthly,pre_tax,2013-01-02,2026-08-31,3436,max_drawdown_difference,-0.5171542190368646,-0.8182300047570388,-0.30689944292200255,,0.0,,path/ratio bootstrap diagnostic,stationary_bootstrap_politis_romano,5,SENSITIVITY,10000,8301,3a684376251ecf139f500334c6c514081ef8796c2f67a8a8ca743a08ef37461a
E_PHASE7B_MODEL_B_VS_MODEL_A,Phase 7B Model B selected WF vs Model A selected WF,PHASE7B_MODEL_B_SELECTED,monthly,PHASE7B_MODEL_A_SELECTED,monthly,pre_tax,2013-01-02,2026-08-31,3436,calmar_difference,,,,,,,path/ratio bootstrap diagnostic,stationary_bootstrap_politis_romano,5,SENSITIVITY,10000,8301,3a684376251ecf139f500334c6c514081ef8796c2f67a8a8ca743a08ef37461a
E_PHASE7B_MODEL_B_VS_MODEL_A,Phase 7B Model B selected WF vs Model A selected WF,PHASE7B_MODEL_B_SELECTED,bimonthly,PHASE7B_MODEL_A_SELECTED,bimonthly,pre_tax,2013-01-02,2026-08-31,3436,annualized_mean_return_difference,0.1318381805455194,0.009896116573480674,0.2559947709103944,0.9824,,0.0183,H0: expected paired excess return <= 0; H1: > 0,stationary_bootstrap_politis_romano,5,SENSITIVITY,10000,8301,3a684376251ecf139f500334c6c514081ef8796c2f67a8a8ca743a08ef37461a
E_PHASE7B_MODEL_B_VS_MODEL_A,Phase 7B Model B selected WF vs Model A selected WF,PHASE7B_MODEL_B_SELECTED,bimonthly,PHASE7B_MODEL_A_SELECTED,bimonthly,pre_tax,2013-01-02,2026-08-31,3436,annualized_volatility_difference,0.2666805889475568,0.21722918663582974,0.323573119992348,1.0,,,path/ratio bootstrap diagnostic,stationary_bootstrap_politis_romano,5,SENSITIVITY,10000,8301,3a684376251ecf139f500334c6c514081ef8796c2f67a8a8ca743a08ef37461a
E_PHASE7B_MODEL_B_VS_MODEL_A,Phase 7B Model B selected WF vs Model A selected WF,PHASE7B_MODEL_B_SELECTED,bimonthly,PHASE7B_MODEL_A_SELECTED,bimonthly,pre_tax,2013-01-02,2026-08-31,3436,sharpe_difference,,,,,,,path/ratio bootstrap diagnostic,stationary_bootstrap_politis_romano,5,SENSITIVITY,10000,8301,3a684376251ecf139f500334c6c514081ef8796c2f67a8a8ca743a08ef37461a
E_PHASE7B_MODEL_B_VS_MODEL_A,Phase 7B Model B selected WF vs Model A selected WF,PHASE7B_MODEL_B_SELECTED,bimonthly,PHASE7B_MODEL_A_SELECTED,bimonthly,pre_tax,2013-01-02,2026-08-31,3436,cagr_difference,0.10026191163840914,-0.03092197746923892,0.24902510641855868,0.9287,,,path/ratio bootstrap diagnostic,stationary_bootstrap_politis_romano,5,SENSITIVITY,10000,8301,3a684376251ecf139f500334c6c514081ef8796c2f67a8a8ca743a08ef37461a
E_PHASE7B_MODEL_B_VS_MODEL_A,Phase 7B Model B selected WF vs Model A selected WF,PHASE7B_MODEL_B_SELECTED,bimonthly,PHASE7B_MODEL_A_SELECTED,bimonthly,pre_tax,2013-01-02,2026-08-31,3436,max_drawdown_difference,-0.5306679735877726,-0.777652067160375,-0.29612905489986496,,0.0,,path/ratio bootstrap diagnostic,stationary_bootstrap_politis_romano,5,SENSITIVITY,10000,8301,3a684376251ecf139f500334c6c514081ef8796c2f67a8a8ca743a08ef37461a
E_PHASE7B_MODEL_B_VS_MODEL_A,Phase 7B Model B selected WF vs Model A selected WF,PHASE7B_MODEL_B_SELECTED,bimonthly,PHASE7B_MODEL_A_SELECTED,bimonthly,pre_tax,2013-01-02,2026-08-31,3436,calmar_difference,,,,,,,path/ratio bootstrap diagnostic,stationary_bootstrap_politis_romano,5,SENSITIVITY,10000,8301,3a684376251ecf139f500334c6c514081ef8796c2f67a8a8ca743a08ef37461a
E_PHASE7B_MODEL_B_VS_MODEL_A,Phase 7B Model B selected WF vs Model A selected WF,PHASE7B_MODEL_B_SELECTED,quarterly,PHASE7B_MODEL_A_SELECTED,quarterly,pre_tax,2013-01-02,2026-08-31,3436,annualized_mean_return_difference,0.0,0.0,0.0,0.0,,1.0,H0: expected paired excess return <= 0; H1: > 0,stationary_bootstrap_politis_romano,5,SENSITIVITY,10000,8301,3a684376251ecf139f500334c6c514081ef8796c2f67a8a8ca743a08ef37461a
E_PHASE7B_MODEL_B_VS_MODEL_A,Phase 7B Model B selected WF vs Model A selected WF,PHASE7B_MODEL_B_SELECTED,quarterly,PHASE7B_MODEL_A_SELECTED,quarterly,pre_tax,2013-01-02,2026-08-31,3436,annualized_volatility_difference,0.0,0.0,0.0,0.0,,,path/ratio bootstrap diagnostic,stationary_bootstrap_politis_romano,5,SENSITIVITY,10000,8301,3a684376251ecf139f500334c6c514081ef8796c2f67a8a8ca743a08ef37461a
E_PHASE7B_MODEL_B_VS_MODEL_A,Phase 7B Model B selected WF vs Model A selected WF,PHASE7B_MODEL_B_SELECTED,quarterly,PHASE7B_MODEL_A_SELECTED,quarterly,pre_tax,2013-01-02,2026-08-31,3436,sharpe_difference,,,,,,,path/ratio bootstrap diagnostic,stationary_bootstrap_politis_romano,5,SENSITIVITY,10000,8301,3a684376251ecf139f500334c6c514081ef8796c2f67a8a8ca743a08ef37461a
E_PHASE7B_MODEL_B_VS_MODEL_A,Phase 7B Model B selected WF vs Model A selected WF,PHASE7B_MODEL_B_SELECTED,quarterly,PHASE7B_MODEL_A_SELECTED,quarterly,pre_tax,2013-01-02,2026-08-31,3436,cagr_difference,0.0,0.0,0.0,0.0,,,path/ratio bootstrap diagnostic,stationary_bootstrap_politis_romano,5,SENSITIVITY,10000,8301,3a684376251ecf139f500334c6c514081ef8796c2f67a8a8ca743a08ef37461a
E_PHASE7B_MODEL_B_VS_MODEL_A,Phase 7B Model B selected WF vs Model A selected WF,PHASE7B_MODEL_B_SELECTED,quarterly,PHASE7B_MODEL_A_SELECTED,quarterly,pre_tax,2013-01-02,2026-08-31,3436,max_drawdown_difference,0.0,0.0,0.0,,1.0,,path/ratio bootstrap diagnostic,stationary_bootstrap_politis_romano,5,SENSITIVITY,10000,8301,3a684376251ecf139f500334c6c514081ef8796c2f67a8a8ca743a08ef37461a
E_PHASE7B_MODEL_B_VS_MODEL_A,Phase 7B Model B selected WF vs Model A selected WF,PHASE7B_MODEL_B_SELECTED,quarterly,PHASE7B_MODEL_A_SELECTED,quarterly,pre_tax,2013-01-02,2026-08-31,3436,calmar_difference,,,,,,,path/ratio bootstrap diagnostic,stationary_bootstrap_politis_romano,5,SENSITIVITY,10000,8301,3a684376251ecf139f500334c6c514081ef8796c2f67a8a8ca743a08ef37461a
A_FIXED_MA200_VS_QQQ,Fixed MA200 QQQ→QLD/CASH vs QQQ buy-and-hold,FIXED_MA200_QQQ_TO_QLD,weekly,QQQ_BUY_HOLD,none,pre_tax,2013-01-02,2026-08-31,3436,annualized_mean_return_difference,0.10605161860960621,0.00031278485473793834,0.2062503505627635,0.9753,,0.0193,H0: expected paired excess return <= 0; H1: > 0,stationary_bootstrap_politis_romano,10,SENSITIVITY,10000,8301,4c6d72c8940ea37ac387680f516ff7206c91388578637bc0ba2257f23d0a1f2d
A_FIXED_MA200_VS_QQQ,Fixed MA200 QQQ→QLD/CASH vs QQQ buy-and-hold,FIXED_MA200_QQQ_TO_QLD,weekly,QQQ_BUY_HOLD,none,pre_tax,2013-01-02,2026-08-31,3436,annualized_volatility_difference,0.12378129961465748,0.09633455198222995,0.14996686167106368,1.0,,,path/ratio bootstrap diagnostic,stationary_bootstrap_politis_romano,10,SENSITIVITY,10000,8301,4c6d72c8940ea37ac387680f516ff7206c91388578637bc0ba2257f23d0a1f2d
A_FIXED_MA200_VS_QQQ,Fixed MA200 QQQ→QLD/CASH vs QQQ buy-and-hold,FIXED_MA200_QQQ_TO_QLD,weekly,QQQ_BUY_HOLD,none,pre_tax,2013-01-02,2026-08-31,3436,sharpe_difference,-0.04552765344806409,-0.34669952580931557,0.2852209083673176,0.3889,,,path/ratio bootstrap diagnostic,stationary_bootstrap_politis_romano,10,SENSITIVITY,10000,8301,4c6d72c8940ea37ac387680f516ff7206c91388578637bc0ba2257f23d0a1f2d
A_FIXED_MA200_VS_QQQ,Fixed MA200 QQQ→QLD/CASH vs QQQ buy-and-hold,FIXED_MA200_QQQ_TO_QLD,weekly,QQQ_BUY_HOLD,none,pre_tax,2013-01-02,2026-08-31,3436,cagr_difference,0.08914681052418882,-0.04396779054751022,0.23801317427593513,0.9031,,,path/ratio bootstrap diagnostic,stationary_bootstrap_politis_romano,10,SENSITIVITY,10000,8301,4c6d72c8940ea37ac387680f516ff7206c91388578637bc0ba2257f23d0a1f2d
A_FIXED_MA200_VS_QQQ,Fixed MA200 QQQ→QLD/CASH vs QQQ buy-and-hold,FIXED_MA200_QQQ_TO_QLD,weekly,QQQ_BUY_HOLD,none,pre_tax,2013-01-02,2026-08-31,3436,max_drawdown_difference,-0.14035690084368324,-0.3760546138240782,-0.028379411980412342,,0.0122,,path/ratio bootstrap diagnostic,stationary_bootstrap_politis_romano,10,SENSITIVITY,10000,8301,4c6d72c8940ea37ac387680f516ff7206c91388578637bc0ba2257f23d0a1f2d
A_FIXED_MA200_VS_QQQ,Fixed MA200 QQQ→QLD/CASH vs QQQ buy-and-hold,FIXED_MA200_QQQ_TO_QLD,weekly,QQQ_BUY_HOLD,none,pre_tax,2013-01-02,2026-08-31,3436,calmar_difference,0.01910384216584582,-0.4836173022582625,0.43233938104879804,0.3549,,,path/ratio bootstrap diagnostic,stationary_bootstrap_politis_romano,10,SENSITIVITY,10000,8301,4c6d72c8940ea37ac387680f516ff7206c91388578637bc0ba2257f23d0a1f2d
A_FIXED_MA200_VS_QQQ,Fixed MA200 QQQ→QLD/CASH vs QQQ buy-and-hold,FIXED_MA200_QQQ_TO_QLD,monthly,QQQ_BUY_HOLD,none,pre_tax,2013-01-02,2026-08-31,3436,annualized_mean_return_difference,0.10303643330976675,0.0031017327483663115,0.19743418989092792,0.9793,,0.0157,H0: expected paired excess return <= 0; H1: > 0,stationary_bootstrap_politis_romano,10,SENSITIVITY,10000,8301,4c6d72c8940ea37ac387680f516ff7206c91388578637bc0ba2257f23d0a1f2d
A_FIXED_MA200_VS_QQQ,Fixed MA200 QQQ→QLD/CASH vs QQQ buy-and-hold,FIXED_MA200_QQQ_TO_QLD,monthly,QQQ_BUY_HOLD,none,pre_tax,2013-01-02,2026-08-31,3436,annualized_volatility_difference,0.1365407936001918,0.10575047832748362,0.16928742656008017,1.0,,,path/ratio bootstrap diagnostic,stationary_bootstrap_politis_romano,10,SENSITIVITY,10000,8301,4c6d72c8940ea37ac387680f516ff7206c91388578637bc0ba2257f23d0a1f2d
A_FIXED_MA200_VS_QQQ,Fixed MA200 QQQ→QLD/CASH vs QQQ buy-and-hold,FIXED_MA200_QQQ_TO_QLD,monthly,QQQ_BUY_HOLD,none,pre_tax,2013-01-02,2026-08-31,3436,sharpe_difference,-0.08878566151678313,-0.37723405757806133,0.22548624815962867,0.2812,,,path/ratio bootstrap diagnostic,stationary_bootstrap_politis_romano,10,SENSITIVITY,10000,8301,4c6d72c8940ea37ac387680f516ff7206c91388578637bc0ba2257f23d0a1f2d
A_FIXED_MA200_VS_QQQ,Fixed MA200 QQQ→QLD/CASH vs QQQ buy-and-hold,FIXED_MA200_QQQ_TO_QLD,monthly,QQQ_BUY_HOLD,none,pre_tax,2013-01-02,2026-08-31,3436,cagr_difference,0.07982359202355593,-0.04546412590170386,0.21766522153765702,0.8907,,,path/ratio bootstrap diagnostic,stationary_bootstrap_politis_romano,10,SENSITIVITY,10000,8301,4c6d72c8940ea37ac387680f516ff7206c91388578637bc0ba2257f23d0a1f2d
A_FIXED_MA200_VS_QQQ,Fixed MA200 QQQ→QLD/CASH vs QQQ buy-and-hold,FIXED_MA200_QQQ_TO_QLD,monthly,QQQ_BUY_HOLD,none,pre_tax,2013-01-02,2026-08-31,3436,max_drawdown_difference,-0.16596691857312096,-0.3511096937179371,-0.029677673214492502,,0.0112,,path/ratio bootstrap diagnostic,stationary_bootstrap_politis_romano,10,SENSITIVITY,10000,8301,4c6d72c8940ea37ac387680f516ff7206c91388578637bc0ba2257f23d0a1f2d
A_FIXED_MA200_VS_QQQ,Fixed MA200 QQQ→QLD/CASH vs QQQ buy-and-hold,FIXED_MA200_QQQ_TO_QLD,monthly,QQQ_BUY_HOLD,none,pre_tax,2013-01-02,2026-08-31,3436,calmar_difference,-0.028009973970306024,-0.47495779186967674,0.3866751004864524,0.3253,,,path/ratio bootstrap diagnostic,stationary_bootstrap_politis_romano,10,SENSITIVITY,10000,8301,4c6d72c8940ea37ac387680f516ff7206c91388578637bc0ba2257f23d0a1f2d
A_FIXED_MA200_VS_QQQ,Fixed MA200 QQQ→QLD/CASH vs QQQ buy-and-hold,FIXED_MA200_QQQ_TO_QLD,bimonthly,QQQ_BUY_HOLD,none,pre_tax,2013-01-02,2026-08-31,3436,annualized_mean_return_difference,0.1437393803736781,0.04599027920191415,0.2367328089962465,0.9985,,0.0021,H0: expected paired excess return <= 0; H1: > 0,stationary_bootstrap_politis_romano,10,SENSITIVITY,10000,8301,4c6d72c8940ea37ac387680f516ff7206c91388578637bc0ba2257f23d0a1f2d
A_FIXED_MA200_VS_QQQ,Fixed MA200 QQQ→QLD/CASH vs QQQ buy-and-hold,FIXED_MA200_QQQ_TO_QLD,bimonthly,QQQ_BUY_HOLD,none,pre_tax,2013-01-02,2026-08-31,3436,annualized_volatility_difference,0.1549278773949974,0.1240073692887178,0.18828755463738645,1.0,,,path/ratio bootstrap diagnostic,stationary_bootstrap_politis_romano,10,SENSITIVITY,10000,8301,4c6d72c8940ea37ac387680f516ff7206c91388578637bc0ba2257f23d0a1f2d
A_FIXED_MA200_VS_QQQ,Fixed MA200 QQQ→QLD/CASH vs QQQ buy-and-hold,FIXED_MA200_QQQ_TO_QLD,bimonthly,QQQ_BUY_HOLD,none,pre_tax,2013-01-02,2026-08-31,3436,sharpe_difference,-0.02182544358328664,-0.2630344493667346,0.2529685062234421,0.4297,,,path/ratio bootstrap diagnostic,stationary_bootstrap_politis_romano,10,SENSITIVITY,10000,8301,4c6d72c8940ea37ac387680f516ff7206c91388578637bc0ba2257f23d0a1f2d
A_FIXED_MA200_VS_QQQ,Fixed MA200 QQQ→QLD/CASH vs QQQ buy-and-hold,FIXED_MA200_QQQ_TO_QLD,bimonthly,QQQ_BUY_HOLD,none,pre_tax,2013-01-02,2026-08-31,3436,cagr_difference,0.1244838571711766,-0.004456229515697966,0.27234893698229196,0.9713,,,path/ratio bootstrap diagnostic,stationary_bootstrap_politis_romano,10,SENSITIVITY,10000,8301,4c6d72c8940ea37ac387680f516ff7206c91388578637bc0ba2257f23d0a1f2d
A_FIXED_MA200_VS_QQQ,Fixed MA200 QQQ→QLD/CASH vs QQQ buy-and-hold,FIXED_MA200_QQQ_TO_QLD,bimonthly,QQQ_BUY_HOLD,none,pre_tax,2013-01-02,2026-08-31,3436,max_drawdown_difference,-0.16596691857312096,-0.3357223360517391,-0.03987833734175171,,0.0082,,path/ratio bootstrap diagnostic,stationary_bootstrap_politis_romano,10,SENSITIVITY,10000,8301,4c6d72c8940ea37ac387680f516ff7206c91388578637bc0ba2257f23d0a1f2d
A_FIXED_MA200_VS_QQQ,Fixed MA200 QQQ→QLD/CASH vs QQQ buy-and-hold,FIXED_MA200_QQQ_TO_QLD,bimonthly,QQQ_BUY_HOLD,none,pre_tax,2013-01-02,2026-08-31,3436,calmar_difference,0.0583477574445026,-0.3392134081987216,0.4706395522283286,0.4823,,,path/ratio bootstrap diagnostic,stationary_bootstrap_politis_romano,10,SENSITIVITY,10000,8301,4c6d72c8940ea37ac387680f516ff7206c91388578637bc0ba2257f23d0a1f2d
A_FIXED_MA200_VS_QQQ,Fixed MA200 QQQ→QLD/CASH vs QQQ buy-and-hold,FIXED_MA200_QQQ_TO_QLD,quarterly,QQQ_BUY_HOLD,none,pre_tax,2013-01-02,2026-08-31,3436,annualized_mean_return_difference,0.04497236415112694,-0.05785326862728889,0.14466405311288497,0.8083,,0.183,H0: expected paired excess return <= 0; H1: > 0,stationary_bootstrap_politis_romano,10,SENSITIVITY,10000,8301,4c6d72c8940ea37ac387680f516ff7206c91388578637bc0ba2257f23d0a1f2d
A_FIXED_MA200_VS_QQQ,Fixed MA200 QQQ→QLD/CASH vs QQQ buy-and-hold,FIXED_MA200_QQQ_TO_QLD,quarterly,QQQ_BUY_HOLD,none,pre_tax,2013-01-02,2026-08-31,3436,annualized_volatility_difference,0.14081231765593535,0.10945601163482811,0.17322756707598055,1.0,,,path/ratio bootstrap diagnostic,stationary_bootstrap_politis_romano,10,SENSITIVITY,10000,8301,4c6d72c8940ea37ac387680f516ff7206c91388578637bc0ba2257f23d0a1f2d
A_FIXED_MA200_VS_QQQ,Fixed MA200 QQQ→QLD/CASH vs QQQ buy-and-hold,FIXED_MA200_QQQ_TO_QLD,quarterly,QQQ_BUY_HOLD,none,pre_tax,2013-01-02,2026-08-31,3436,sharpe_difference,-0.2658977685900732,-0.5581104419107313,0.03842773380731348,0.0419,,,path/ratio bootstrap diagnostic,stationary_bootstrap_politis_romano,10,SENSITIVITY,10000,8301,4c6d72c8940ea37ac387680f516ff7206c91388578637bc0ba2257f23d0a1f2d
A_FIXED_MA200_VS_QQQ,Fixed MA200 QQQ→QLD/CASH vs QQQ buy-and-hold,FIXED_MA200_QQQ_TO_QLD,quarterly,QQQ_BUY_HOLD,none,pre_tax,2013-01-02,2026-08-31,3436,cagr_difference,0.006096654414112335,-0.11334879636582533,0.14245632465772737,0.5405,,,path/ratio bootstrap diagnostic,stationary_bootstrap_politis_romano,10,SENSITIVITY,10000,8301,4c6d72c8940ea37ac387680f516ff7206c91388578637bc0ba2257f23d0a1f2d
A_FIXED_MA200_VS_QQQ,Fixed MA200 QQQ→QLD/CASH vs QQQ buy-and-hold,FIXED_MA200_QQQ_TO_QLD,quarterly,QQQ_BUY_HOLD,none,pre_tax,2013-01-02,2026-08-31,3436,max_drawdown_difference,-0.16596691857312107,-0.4064353198760698,-0.06797543976399681,,0.0025,,path/ratio bootstrap diagnostic,stationary_bootstrap_politis_romano,10,SENSITIVITY,10000,8301,4c6d72c8940ea37ac387680f516ff7206c91388578637bc0ba2257f23d0a1f2d
A_FIXED_MA200_VS_QQQ,Fixed MA200 QQQ→QLD/CASH vs QQQ buy-and-hold,FIXED_MA200_QQQ_TO_QLD,quarterly,QQQ_BUY_HOLD,none,pre_tax,2013-01-02,2026-08-31,3436,calmar_difference,-0.17057274324781652,-0.6735601952914548,0.10816439217343062,0.072,,,path/ratio bootstrap diagnostic,stationary_bootstrap_politis_romano,10,SENSITIVITY,10000,8301,4c6d72c8940ea37ac387680f516ff7206c91388578637bc0ba2257f23d0a1f2d
B_PHASE7A_VS_QQQ,Phase 7A fixed four-state vs QQQ buy-and-hold,PHASE7A_FIXED_FOUR_STATE,weekly,QQQ_BUY_HOLD,none,pre_tax,2013-01-02,2026-08-31,3436,annualized_mean_return_difference,0.11231339441016397,0.002479867530750194,0.21659968299022736,0.9774,,0.017,H0: expected paired excess return <= 0; H1: > 0,stationary_bootstrap_politis_romano,10,SENSITIVITY,10000,8301,4c6d72c8940ea37ac387680f516ff7206c91388578637bc0ba2257f23d0a1f2d
B_PHASE7A_VS_QQQ,Phase 7A fixed four-state vs QQQ buy-and-hold,PHASE7A_FIXED_FOUR_STATE,weekly,QQQ_BUY_HOLD,none,pre_tax,2013-01-02,2026-08-31,3436,annualized_volatility_difference,0.13065235569614012,0.10288902054624724,0.1565597599608849,1.0,,,path/ratio bootstrap diagnostic,stationary_bootstrap_politis_romano,10,SENSITIVITY,10000,8301,4c6d72c8940ea37ac387680f516ff7206c91388578637bc0ba2257f23d0a1f2d
B_PHASE7A_VS_QQQ,Phase 7A fixed four-state vs QQQ buy-and-hold,PHASE7A_FIXED_FOUR_STATE,weekly,QQQ_BUY_HOLD,none,pre_tax,2013-01-02,2026-08-31,3436,sharpe_difference,-0.045975911438206785,-0.34769905343083046,0.2862078993513961,0.3862,,,path/ratio bootstrap diagnostic,stationary_bootstrap_politis_romano,10,SENSITIVITY,10000,8301,4c6d72c8940ea37ac387680f516ff7206c91388578637bc0ba2257f23d0a1f2d
B_PHASE7A_VS_QQQ,Phase 7A fixed four-state vs QQQ buy-and-hold,PHASE7A_FIXED_FOUR_STATE,weekly,QQQ_BUY_HOLD,none,pre_tax,2013-01-02,2026-08-31,3436,cagr_difference,0.09415620447098205,-0.04415317603485493,0.2506764730857274,0.907,,,path/ratio bootstrap diagnostic,stationary_bootstrap_politis_romano,10,SENSITIVITY,10000,8301,4c6d72c8940ea37ac387680f516ff7206c91388578637bc0ba2257f23d0a1f2d
B_PHASE7A_VS_QQQ,Phase 7A fixed four-state vs QQQ buy-and-hold,PHASE7A_FIXED_FOUR_STATE,weekly,QQQ_BUY_HOLD,none,pre_tax,2013-01-02,2026-08-31,3436,max_drawdown_difference,-0.14035690084368324,-0.3879655156912729,-0.03491684905543788,,0.0103,,path/ratio bootstrap diagnostic,stationary_bootstrap_politis_romano,10,SENSITIVITY,10000,8301,4c6d72c8940ea37ac387680f516ff7206c91388578637bc0ba2257f23d0a1f2d
B_PHASE7A_VS_QQQ,Phase 7A fixed four-state vs QQQ buy-and-hold,PHASE7A_FIXED_FOUR_STATE,weekly,QQQ_BUY_HOLD,none,pre_tax,2013-01-02,2026-08-31,3436,calmar_difference,0.0292949784532216,-0.4862423622626412,0.43722286967629564,0.3586,,,path/ratio bootstrap diagnostic,stationary_bootstrap_politis_romano,10,SENSITIVITY,10000,8301,4c6d72c8940ea37ac387680f516ff7206c91388578637bc0ba2257f23d0a1f2d
B_PHASE7A_VS_QQQ,Phase 7A fixed four-state vs QQQ buy-and-hold,PHASE7A_FIXED_FOUR_STATE,monthly,QQQ_BUY_HOLD,none,pre_tax,2013-01-02,2026-08-31,3436,annualized_mean_return_difference,0.10714794818753132,0.0034217482151092807,0.20435174983791868,0.9792,,0.0169,H0: expected paired excess return <= 0; H1: > 0,stationary_bootstrap_politis_romano,10,SENSITIVITY,10000,8301,4c6d72c8940ea37ac387680f516ff7206c91388578637bc0ba2257f23d0a1f2d
B_PHASE7A_VS_QQQ,Phase 7A fixed four-state vs QQQ buy-and-hold,PHASE7A_FIXED_FOUR_STATE,monthly,QQQ_BUY_HOLD,none,pre_tax,2013-01-02,2026-08-31,3436,annualized_volatility_difference,0.1453831534078979,0.11423996110897765,0.1776919189476365,1.0,,,path/ratio bootstrap diagnostic,stationary_bootstrap_politis_romano,10,SENSITIVITY,10000,8301,4c6d72c8940ea37ac387680f516ff7206c91388578637bc0ba2257f23d0a1f2d
B_PHASE7A_VS_QQQ,Phase 7A fixed four-state vs QQQ buy-and-hold,PHASE7A_FIXED_FOUR_STATE,monthly,QQQ_BUY_HOLD,none,pre_tax,2013-01-02,2026-08-31,3436,sharpe_difference,-0.0994105080870713,-0.38862719544422075,0.21775807242223968,0.257,,,path/ratio bootstrap diagnostic,stationary_bootstrap_politis_romano,10,SENSITIVITY,10000,8301,4c6d72c8940ea37ac387680f516ff7206c91388578637bc0ba2257f23d0a1f2d
B_PHASE7A_VS_QQQ,Phase 7A fixed four-state vs QQQ buy-and-hold,PHASE7A_FIXED_FOUR_STATE,monthly,QQQ_BUY_HOLD,none,pre_tax,2013-01-02,2026-08-31,3436,cagr_difference,0.08104079128759101,-0.048164219483128975,0.22468851579394147,0.8841,,,path/ratio bootstrap diagnostic,stationary_bootstrap_politis_romano,10,SENSITIVITY,10000,8301,4c6d72c8940ea37ac387680f516ff7206c91388578637bc0ba2257f23d0a1f2d
B_PHASE7A_VS_QQQ,Phase 7A fixed four-state vs QQQ buy-and-hold,PHASE7A_FIXED_FOUR_STATE,monthly,QQQ_BUY_HOLD,none,pre_tax,2013-01-02,2026-08-31,3436,max_drawdown_difference,-0.16596691857312085,-0.36470351176876775,-0.041801383362973954,,0.0079,,path/ratio bootstrap diagnostic,stationary_bootstrap_politis_romano,10,SENSITIVITY,10000,8301,4c6d72c8940ea37ac387680f516ff7206c91388578637bc0ba2257f23d0a1f2d
B_PHASE7A_VS_QQQ,Phase 7A fixed four-state vs QQQ buy-and-hold,PHASE7A_FIXED_FOUR_STATE,monthly,QQQ_BUY_HOLD,none,pre_tax,2013-01-02,2026-08-31,3436,calmar_difference,-0.025656325446850037,-0.4905474461463942,0.3673060336646746,0.3101,,,path/ratio bootstrap diagnostic,stationary_bootstrap_politis_romano,10,SENSITIVITY,10000,8301,4c6d72c8940ea37ac387680f516ff7206c91388578637bc0ba2257f23d0a1f2d
B_PHASE7A_VS_QQQ,Phase 7A fixed four-state vs QQQ buy-and-hold,PHASE7A_FIXED_FOUR_STATE,bimonthly,QQQ_BUY_HOLD,none,pre_tax,2013-01-02,2026-08-31,3436,annualized_mean_return_difference,0.15010118915686518,0.047664299236509715,0.2465993984093238,0.9977,,0.0021,H0: expected paired excess return <= 0; H1: > 0,stationary_bootstrap_politis_romano,10,SENSITIVITY,10000,8301,4c6d72c8940ea37ac387680f516ff7206c91388578637bc0ba2257f23d0a1f2d
B_PHASE7A_VS_QQQ,Phase 7A fixed four-state vs QQQ buy-and-hold,PHASE7A_FIXED_FOUR_STATE,bimonthly,QQQ_BUY_HOLD,none,pre_tax,2013-01-02,2026-08-31,3436,annualized_volatility_difference,0.16442922521364808,0.1337692745850576,0.19710609234518198,1.0,,,path/ratio bootstrap diagnostic,stationary_bootstrap_politis_romano,10,SENSITIVITY,10000,8301,4c6d72c8940ea37ac387680f516ff7206c91388578637bc0ba2257f23d0a1f2d
B_PHASE7A_VS_QQQ,Phase 7A fixed four-state vs QQQ buy-and-hold,PHASE7A_FIXED_FOUR_STATE,bimonthly,QQQ_BUY_HOLD,none,pre_tax,2013-01-02,2026-08-31,3436,sharpe_difference,-0.029152526396514555,-0.27294707996725265,0.24485296766783748,0.4074,,,path/ratio bootstrap diagnostic,stationary_bootstrap_politis_romano,10,SENSITIVITY,10000,8301,4c6d72c8940ea37ac387680f516ff7206c91388578637bc0ba2257f23d0a1f2d
B_PHASE7A_VS_QQQ,Phase 7A fixed four-state vs QQQ buy-and-hold,PHASE7A_FIXED_FOUR_STATE,bimonthly,QQQ_BUY_HOLD,none,pre_tax,2013-01-02,2026-08-31,3436,cagr_difference,0.12818052721324014,-0.006356551493717649,0.2852978091165458,0.9689,,,path/ratio bootstrap diagnostic,stationary_bootstrap_politis_romano,10,SENSITIVITY,10000,8301,4c6d72c8940ea37ac387680f516ff7206c91388578637bc0ba2257f23d0a1f2d
B_PHASE7A_VS_QQQ,Phase 7A fixed four-state vs QQQ buy-and-hold,PHASE7A_FIXED_FOUR_STATE,bimonthly,QQQ_BUY_HOLD,none,pre_tax,2013-01-02,2026-08-31,3436,max_drawdown_difference,-0.17948067312402882,-0.3516404284275881,-0.05326105868778941,,0.0058,,path/ratio bootstrap diagnostic,stationary_bootstrap_politis_romano,10,SENSITIVITY,10000,8301,4c6d72c8940ea37ac387680f516ff7206c91388578637bc0ba2257f23d0a1f2d
B_PHASE7A_VS_QQQ,Phase 7A fixed four-state vs QQQ buy-and-hold,PHASE7A_FIXED_FOUR_STATE,bimonthly,QQQ_BUY_HOLD,none,pre_tax,2013-01-02,2026-08-31,3436,calmar_difference,0.049357417898992395,-0.35100487892678445,0.45693571255727866,0.4625,,,path/ratio bootstrap diagnostic,stationary_bootstrap_politis_romano,10,SENSITIVITY,10000,8301,4c6d72c8940ea37ac387680f516ff7206c91388578637bc0ba2257f23d0a1f2d
B_PHASE7A_VS_QQQ,Phase 7A fixed four-state vs QQQ buy-and-hold,PHASE7A_FIXED_FOUR_STATE,quarterly,QQQ_BUY_HOLD,none,pre_tax,2013-01-02,2026-08-31,3436,annualized_mean_return_difference,0.04625562122864635,-0.0638572522808555,0.15112708469452035,0.8014,,0.1914,H0: expected paired excess return <= 0; H1: > 0,stationary_bootstrap_politis_romano,10,SENSITIVITY,10000,8301,4c6d72c8940ea37ac387680f516ff7206c91388578637bc0ba2257f23d0a1f2d
B_PHASE7A_VS_QQQ,Phase 7A fixed four-state vs QQQ buy-and-hold,PHASE7A_FIXED_FOUR_STATE,quarterly,QQQ_BUY_HOLD,none,pre_tax,2013-01-02,2026-08-31,3436,annualized_volatility_difference,0.15835349555580894,0.12409970452855545,0.195146732012474,1.0,,,path/ratio bootstrap diagnostic,stationary_bootstrap_politis_romano,10,SENSITIVITY,10000,8301,4c6d72c8940ea37ac387680f516ff7206c91388578637bc0ba2257f23d0a1f2d
B_PHASE7A_VS_QQQ,Phase 7A fixed four-state vs QQQ buy-and-hold,PHASE7A_FIXED_FOUR_STATE,quarterly,QQQ_BUY_HOLD,none,pre_tax,2013-01-02,2026-08-31,3436,sharpe_difference,-0.29649634010283776,-0.5918973558857316,0.010440071001627296,0.0287,,,path/ratio bootstrap diagnostic,stationary_bootstrap_politis_romano,10,SENSITIVITY,10000,8301,4c6d72c8940ea37ac387680f516ff7206c91388578637bc0ba2257f23d0a1f2d
B_PHASE7A_VS_QQQ,Phase 7A fixed four-state vs QQQ buy-and-hold,PHASE7A_FIXED_FOUR_STATE,quarterly,QQQ_BUY_HOLD,none,pre_tax,2013-01-02,2026-08-31,3436,cagr_difference,-0.00013355974232576173,-0.12751824412660134,0.14474728304058693,0.4973,,,path/ratio bootstrap diagnostic,stationary_bootstrap_politis_romano,10,SENSITIVITY,10000,8301,4c6d72c8940ea37ac387680f516ff7206c91388578637bc0ba2257f23d0a1f2d
B_PHASE7A_VS_QQQ,Phase 7A fixed four-state vs QQQ buy-and-hold,PHASE7A_FIXED_FOUR_STATE,quarterly,QQQ_BUY_HOLD,none,pre_tax,2013-01-02,2026-08-31,3436,max_drawdown_difference,-0.2051366867801312,-0.4403636893764591,-0.08993943634909429,,0.0013,,path/ratio bootstrap diagnostic,stationary_bootstrap_politis_romano,10,SENSITIVITY,10000,8301,4c6d72c8940ea37ac387680f516ff7206c91388578637bc0ba2257f23d0a1f2d
B_PHASE7A_VS_QQQ,Phase 7A fixed four-state vs QQQ buy-and-hold,PHASE7A_FIXED_FOUR_STATE,quarterly,QQQ_BUY_HOLD,none,pre_tax,2013-01-02,2026-08-31,3436,calmar_difference,-0.20977068395157017,-0.7105296306380304,0.07523583971149574,0.053,,,path/ratio bootstrap diagnostic,stationary_bootstrap_politis_romano,10,SENSITIVITY,10000,8301,4c6d72c8940ea37ac387680f516ff7206c91388578637bc0ba2257f23d0a1f2d
C_PHASE7A_INCREMENTAL_VS_FIXED,Phase 7A fixed four-state vs Fixed MA200 QQQ→QLD/CASH,PHASE7A_FIXED_FOUR_STATE,weekly,FIXED_MA200_QQQ_TO_QLD,weekly,pre_tax,2013-01-02,2026-08-31,3436,annualized_mean_return_difference,0.0062617758005577544,-0.007352957320840864,0.01980884129495206,0.8211,,0.1766,H0: expected paired excess return <= 0; H1: > 0,stationary_bootstrap_politis_romano,10,SENSITIVITY,10000,8301,4c6d72c8940ea37ac387680f516ff7206c91388578637bc0ba2257f23d0a1f2d
C_PHASE7A_INCREMENTAL_VS_FIXED,Phase 7A fixed four-state vs Fixed MA200 QQQ→QLD/CASH,PHASE7A_FIXED_FOUR_STATE,weekly,FIXED_MA200_QQQ_TO_QLD,weekly,pre_tax,2013-01-02,2026-08-31,3436,annualized_volatility_difference,0.0068710560814826405,0.0026342539066337295,0.01038865356516423,0.9979,,,path/ratio bootstrap diagnostic,stationary_bootstrap_politis_romano,10,SENSITIVITY,10000,8301,4c6d72c8940ea37ac387680f516ff7206c91388578637bc0ba2257f23d0a1f2d
C_PHASE7A_INCREMENTAL_VS_FIXED,Phase 7A fixed four-state vs Fixed MA200 QQQ→QLD/CASH,PHASE7A_FIXED_FOUR_STATE,weekly,FIXED_MA200_QQQ_TO_QLD,weekly,pre_tax,2013-01-02,2026-08-31,3436,sharpe_difference,-0.0004482579901426975,-0.03943046652123252,0.04054292913082454,0.4747,,,path/ratio bootstrap diagnostic,stationary_bootstrap_politis_romano,10,SENSITIVITY,10000,8301,4c6d72c8940ea37ac387680f516ff7206c91388578637bc0ba2257f23d0a1f2d
C_PHASE7A_INCREMENTAL_VS_FIXED,Phase 7A fixed four-state vs Fixed MA200 QQQ→QLD/CASH,PHASE7A_FIXED_FOUR_STATE,weekly,FIXED_MA200_QQQ_TO_QLD,weekly,pre_tax,2013-01-02,2026-08-31,3436,cagr_difference,0.005009393946793228,-0.01180310419298793,0.024440906209142722,0.7112,,,path/ratio bootstrap diagnostic,stationary_bootstrap_politis_romano,10,SENSITIVITY,10000,8301,4c6d72c8940ea37ac387680f516ff7206c91388578637bc0ba2257f23d0a1f2d
C_PHASE7A_INCREMENTAL_VS_FIXED,Phase 7A fixed four-state vs Fixed MA200 QQQ→QLD/CASH,PHASE7A_FIXED_FOUR_STATE,weekly,FIXED_MA200_QQQ_TO_QLD,weekly,pre_tax,2013-01-02,2026-08-31,3436,max_drawdown_difference,0.0,-0.034061741583130946,0.02002157582589358,,0.1949,,path/ratio bootstrap diagnostic,stationary_bootstrap_politis_romano,10,SENSITIVITY,10000,8301,4c6d72c8940ea37ac387680f516ff7206c91388578637bc0ba2257f23d0a1f2d
C_PHASE7A_INCREMENTAL_VS_FIXED,Phase 7A fixed four-state vs Fixed MA200 QQQ→QLD/CASH,PHASE7A_FIXED_FOUR_STATE,weekly,FIXED_MA200_QQQ_TO_QLD,weekly,pre_tax,2013-01-02,2026-08-31,3436,calmar_difference,0.01019113628737578,-0.061615970402013644,0.06029710723882676,0.4989,,,path/ratio bootstrap diagnostic,stationary_bootstrap_politis_romano,10,SENSITIVITY,10000,8301,4c6d72c8940ea37ac387680f516ff7206c91388578637bc0ba2257f23d0a1f2d
C_PHASE7A_INCREMENTAL_VS_FIXED,Phase 7A fixed four-state vs Fixed MA200 QQQ→QLD/CASH,PHASE7A_FIXED_FOUR_STATE,monthly,FIXED_MA200_QQQ_TO_QLD,monthly,pre_tax,2013-01-02,2026-08-31,3436,annualized_mean_return_difference,0.004111514877764568,-0.01132436809128098,0.018376938242698322,0.7193,,0.2922,H0: expected paired excess return <= 0; H1: > 0,stationary_bootstrap_politis_romano,10,SENSITIVITY,10000,8301,4c6d72c8940ea37ac387680f516ff7206c91388578637bc0ba2257f23d0a1f2d
C_PHASE7A_INCREMENTAL_VS_FIXED,Phase 7A fixed four-state vs Fixed MA200 QQQ→QLD/CASH,PHASE7A_FIXED_FOUR_STATE,monthly,FIXED_MA200_QQQ_TO_QLD,monthly,pre_tax,2013-01-02,2026-08-31,3436,annualized_volatility_difference,0.00884235980770609,0.004158628928262312,0.013095952338043311,0.9989,,,path/ratio bootstrap diagnostic,stationary_bootstrap_politis_romano,10,SENSITIVITY,10000,8301,4c6d72c8940ea37ac387680f516ff7206c91388578637bc0ba2257f23d0a1f2d
C_PHASE7A_INCREMENTAL_VS_FIXED,Phase 7A fixed four-state vs Fixed MA200 QQQ→QLD/CASH,PHASE7A_FIXED_FOUR_STATE,monthly,FIXED_MA200_QQQ_TO_QLD,monthly,pre_tax,2013-01-02,2026-08-31,3436,sharpe_difference,-0.010624846570288171,-0.05316279157539468,0.028180627057734612,0.2871,,,path/ratio bootstrap diagnostic,stationary_bootstrap_politis_romano,10,SENSITIVITY,10000,8301,4c6d72c8940ea37ac387680f516ff7206c91388578637bc0ba2257f23d0a1f2d
C_PHASE7A_INCREMENTAL_VS_FIXED,Phase 7A fixed four-state vs Fixed MA200 QQQ→QLD/CASH,PHASE7A_FIXED_FOUR_STATE,monthly,FIXED_MA200_QQQ_TO_QLD,monthly,pre_tax,2013-01-02,2026-08-31,3436,cagr_difference,0.0012171992640350737,-0.017382490812768547,0.02051502752206189,0.5611,,,path/ratio bootstrap diagnostic,stationary_bootstrap_politis_romano,10,SENSITIVITY,10000,8301,4c6d72c8940ea37ac387680f516ff7206c91388578637bc0ba2257f23d0a1f2d
C_PHASE7A_INCREMENTAL_VS_FIXED,Phase 7A fixed four-state vs Fixed MA200 QQQ→QLD/CASH,PHASE7A_FIXED_FOUR_STATE,monthly,FIXED_MA200_QQQ_TO_QLD,monthly,pre_tax,2013-01-02,2026-08-31,3436,max_drawdown_difference,1.1102230246251565e-16,-0.04015999589474397,0.01366537833168295,,0.1599,,path/ratio bootstrap diagnostic,stationary_bootstrap_politis_romano,10,SENSITIVITY,10000,8301,4c6d72c8940ea37ac387680f516ff7206c91388578637bc0ba2257f23d0a1f2d
C_PHASE7A_INCREMENTAL_VS_FIXED,Phase 7A fixed four-state vs Fixed MA200 QQQ→QLD/CASH,PHASE7A_FIXED_FOUR_STATE,monthly,FIXED_MA200_QQQ_TO_QLD,monthly,pre_tax,2013-01-02,2026-08-31,3436,calmar_difference,0.0023536485234559867,-0.08252616093272293,0.045107094279492395,0.3458,,,path/ratio bootstrap diagnostic,stationary_bootstrap_politis_romano,10,SENSITIVITY,10000,8301,4c6d72c8940ea37ac387680f516ff7206c91388578637bc0ba2257f23d0a1f2d
C_PHASE7A_INCREMENTAL_VS_FIXED,Phase 7A fixed four-state vs Fixed MA200 QQQ→QLD/CASH,PHASE7A_FIXED_FOUR_STATE,bimonthly,FIXED_MA200_QQQ_TO_QLD,bimonthly,pre_tax,2013-01-02,2026-08-31,3436,annualized_mean_return_difference,0.0063618087831871,-0.008482427172264023,0.01916098874604967,0.8196,,0.1803,H0: expected paired excess return <= 0; H1: > 0,stationary_bootstrap_politis_romano,10,SENSITIVITY,10000,8301,4c6d72c8940ea37ac387680f516ff7206c91388578637bc0ba2257f23d0a1f2d
C_PHASE7A_INCREMENTAL_VS_FIXED,Phase 7A fixed four-state vs Fixed MA200 QQQ→QLD/CASH,PHASE7A_FIXED_FOUR_STATE,bimonthly,FIXED_MA200_QQQ_TO_QLD,bimonthly,pre_tax,2013-01-02,2026-08-31,3436,annualized_volatility_difference,0.009501347818650696,0.006051697237810709,0.013082772745260944,1.0,,,path/ratio bootstrap diagnostic,stationary_bootstrap_politis_romano,10,SENSITIVITY,10000,8301,4c6d72c8940ea37ac387680f516ff7206c91388578637bc0ba2257f23d0a1f2d
C_PHASE7A_INCREMENTAL_VS_FIXED,Phase 7A fixed four-state vs Fixed MA200 QQQ→QLD/CASH,PHASE7A_FIXED_FOUR_STATE,bimonthly,FIXED_MA200_QQQ_TO_QLD,bimonthly,pre_tax,2013-01-02,2026-08-31,3436,sharpe_difference,-0.007327082813227914,-0.044488691321969705,0.023598586790929067,0.3325,,,path/ratio bootstrap diagnostic,stationary_bootstrap_politis_romano,10,SENSITIVITY,10000,8301,4c6d72c8940ea37ac387680f516ff7206c91388578637bc0ba2257f23d0a1f2d
C_PHASE7A_INCREMENTAL_VS_FIXED,Phase 7A fixed four-state vs Fixed MA200 QQQ→QLD/CASH,PHASE7A_FIXED_FOUR_STATE,bimonthly,FIXED_MA200_QQQ_TO_QLD,bimonthly,pre_tax,2013-01-02,2026-08-31,3436,cagr_difference,0.0036966700420635323,-0.014739088700453335,0.02254178973257822,0.666,,,path/ratio bootstrap diagnostic,stationary_bootstrap_politis_romano,10,SENSITIVITY,10000,8301,4c6d72c8940ea37ac387680f516ff7206c91388578637bc0ba2257f23d0a1f2d
C_PHASE7A_INCREMENTAL_VS_FIXED,Phase 7A fixed four-state vs Fixed MA200 QQQ→QLD/CASH,PHASE7A_FIXED_FOUR_STATE,bimonthly,FIXED_MA200_QQQ_TO_QLD,bimonthly,pre_tax,2013-01-02,2026-08-31,3436,max_drawdown_difference,-0.013513754550907864,-0.037881055599888865,0.004797274114110267,,0.0893,,path/ratio bootstrap diagnostic,stationary_bootstrap_politis_romano,10,SENSITIVITY,10000,8301,4c6d72c8940ea37ac387680f516ff7206c91388578637bc0ba2257f23d0a1f2d
C_PHASE7A_INCREMENTAL_VS_FIXED,Phase 7A fixed four-state vs Fixed MA200 QQQ→QLD/CASH,PHASE7A_FIXED_FOUR_STATE,bimonthly,FIXED_MA200_QQQ_TO_QLD,bimonthly,pre_tax,2013-01-02,2026-08-31,3436,calmar_difference,-0.008990339545510206,-0.07406206026139463,0.04140409704386619,0.3621,,,path/ratio bootstrap diagnostic,stationary_bootstrap_politis_romano,10,SENSITIVITY,10000,8301,4c6d72c8940ea37ac387680f516ff7206c91388578637bc0ba2257f23d0a1f2d
C_PHASE7A_INCREMENTAL_VS_FIXED,Phase 7A fixed four-state vs Fixed MA200 QQQ→QLD/CASH,PHASE7A_FIXED_FOUR_STATE,quarterly,FIXED_MA200_QQQ_TO_QLD,quarterly,pre_tax,2013-01-02,2026-08-31,3436,annualized_mean_return_difference,0.0012832570775194122,-0.019576822420538147,0.0182503630604838,0.5769,,0.47,H0: expected paired excess return <= 0; H1: > 0,stationary_bootstrap_politis_romano,10,SENSITIVITY,10000,8301,4c6d72c8940ea37ac387680f516ff7206c91388578637bc0ba2257f23d0a1f2d
C_PHASE7A_INCREMENTAL_VS_FIXED,Phase 7A fixed four-state vs Fixed MA200 QQQ→QLD/CASH,PHASE7A_FIXED_FOUR_STATE,quarterly,FIXED_MA200_QQQ_TO_QLD,quarterly,pre_tax,2013-01-02,2026-08-31,3436,annualized_volatility_difference,0.017541177899873583,0.011886665298746803,0.023302602708462725,1.0,,,path/ratio bootstrap diagnostic,stationary_bootstrap_politis_romano,10,SENSITIVITY,10000,8301,4c6d72c8940ea37ac387680f516ff7206c91388578637bc0ba2257f23d0a1f2d
C_PHASE7A_INCREMENTAL_VS_FIXED,Phase 7A fixed four-state vs Fixed MA200 QQQ→QLD/CASH,PHASE7A_FIXED_FOUR_STATE,quarterly,FIXED_MA200_QQQ_TO_QLD,quarterly,pre_tax,2013-01-02,2026-08-31,3436,sharpe_difference,-0.030598571512764572,-0.08064412547094167,0.01033651471923902,0.0803,,,path/ratio bootstrap diagnostic,stationary_bootstrap_politis_romano,10,SENSITIVITY,10000,8301,4c6d72c8940ea37ac387680f516ff7206c91388578637bc0ba2257f23d0a1f2d
C_PHASE7A_INCREMENTAL_VS_FIXED,Phase 7A fixed four-state vs Fixed MA200 QQQ→QLD/CASH,PHASE7A_FIXED_FOUR_STATE,quarterly,FIXED_MA200_QQQ_TO_QLD,quarterly,pre_tax,2013-01-02,2026-08-31,3436,cagr_difference,-0.006230214156438096,-0.029657033325872384,0.016483369085922718,0.3075,,,path/ratio bootstrap diagnostic,stationary_bootstrap_politis_romano,10,SENSITIVITY,10000,8301,4c6d72c8940ea37ac387680f516ff7206c91388578637bc0ba2257f23d0a1f2d
C_PHASE7A_INCREMENTAL_VS_FIXED,Phase 7A fixed four-state vs Fixed MA200 QQQ→QLD/CASH,PHASE7A_FIXED_FOUR_STATE,quarterly,FIXED_MA200_QQQ_TO_QLD,quarterly,pre_tax,2013-01-02,2026-08-31,3436,max_drawdown_difference,-0.039169768207010125,-0.06341446677092982,-0.003798972797617845,,0.0112,,path/ratio bootstrap diagnostic,stationary_bootstrap_politis_romano,10,SENSITIVITY,10000,8301,4c6d72c8940ea37ac387680f516ff7206c91388578637bc0ba2257f23d0a1f2d
C_PHASE7A_INCREMENTAL_VS_FIXED,Phase 7A fixed four-state vs Fixed MA200 QQQ→QLD/CASH,PHASE7A_FIXED_FOUR_STATE,quarterly,FIXED_MA200_QQQ_TO_QLD,quarterly,pre_tax,2013-01-02,2026-08-31,3436,calmar_difference,-0.03919794070375365,-0.09258357570834341,0.012328889173891643,0.0772,,,path/ratio bootstrap diagnostic,stationary_bootstrap_politis_romano,10,SENSITIVITY,10000,8301,4c6d72c8940ea37ac387680f516ff7206c91388578637bc0ba2257f23d0a1f2d
D_PHASE7B_MODEL_A_VS_FIXED,Phase 7B Model A selected WF vs Fixed MA200 QQQ→QLD/CASH,PHASE7B_MODEL_A_SELECTED,weekly,FIXED_MA200_QQQ_TO_QLD,weekly,pre_tax,2013-01-02,2026-08-31,3436,annualized_mean_return_difference,-0.24132343327690378,-0.3592029903280618,-0.11898074170393813,0.0,,1.0,H0: expected paired excess return <= 0; H1: > 0,stationary_bootstrap_politis_romano,10,SENSITIVITY,10000,8301,4c6d72c8940ea37ac387680f516ff7206c91388578637bc0ba2257f23d0a1f2d
D_PHASE7B_MODEL_A_VS_FIXED,Phase 7B Model A selected WF vs Fixed MA200 QQQ→QLD/CASH,PHASE7B_MODEL_A_SELECTED,weekly,FIXED_MA200_QQQ_TO_QLD,weekly,pre_tax,2013-01-02,2026-08-31,3436,annualized_volatility_difference,-0.10178655533495379,-0.1302564063193836,-0.07852547108228254,0.0,,,path/ratio bootstrap diagnostic,stationary_bootstrap_politis_romano,10,SENSITIVITY,10000,8301,4c6d72c8940ea37ac387680f516ff7206c91388578637bc0ba2257f23d0a1f2d
D_PHASE7B_MODEL_A_VS_FIXED,Phase 7B Model A selected WF vs Fixed MA200 QQQ→QLD/CASH,PHASE7B_MODEL_A_SELECTED,weekly,FIXED_MA200_QQQ_TO_QLD,weekly,pre_tax,2013-01-02,2026-08-31,3436,sharpe_difference,-0.6347812501997244,-1.0310341641749496,-0.2097743243691748,0.002,,,path/ratio bootstrap diagnostic,stationary_bootstrap_politis_romano,10,SENSITIVITY,10000,8301,4c6d72c8940ea37ac387680f516ff7206c91388578637bc0ba2257f23d0a1f2d
D_PHASE7B_MODEL_A_VS_FIXED,Phase 7B Model A selected WF vs Fixed MA200 QQQ→QLD/CASH,PHASE7B_MODEL_A_SELECTED,weekly,FIXED_MA200_QQQ_TO_QLD,weekly,pre_tax,2013-01-02,2026-08-31,3436,cagr_difference,-0.24626798667581107,-0.41154456533324457,-0.09819394474726978,0.0002,,,path/ratio bootstrap diagnostic,stationary_bootstrap_politis_romano,10,SENSITIVITY,10000,8301,4c6d72c8940ea37ac387680f516ff7206c91388578637bc0ba2257f23d0a1f2d
D_PHASE7B_MODEL_A_VS_FIXED,Phase 7B Model A selected WF vs Fixed MA200 QQQ→QLD/CASH,PHASE7B_MODEL_A_SELECTED,weekly,FIXED_MA200_QQQ_TO_QLD,weekly,pre_tax,2013-01-02,2026-08-31,3436,max_drawdown_difference,0.0,-0.23469417336910336,0.19154984150969578,,0.4394,,path/ratio bootstrap diagnostic,stationary_bootstrap_politis_romano,10,SENSITIVITY,10000,8301,4c6d72c8940ea37ac387680f516ff7206c91388578637bc0ba2257f23d0a1f2d
D_PHASE7B_MODEL_A_VS_FIXED,Phase 7B Model A selected WF vs Fixed MA200 QQQ→QLD/CASH,PHASE7B_MODEL_A_SELECTED,weekly,FIXED_MA200_QQQ_TO_QLD,weekly,pre_tax,2013-01-02,2026-08-31,3436,calmar_difference,-0.5010088330220938,-1.079201722260998,-0.1238029857571794,0.0033,,,path/ratio bootstrap diagnostic,stationary_bootstrap_politis_romano,10,SENSITIVITY,10000,8301,4c6d72c8940ea37ac387680f516ff7206c91388578637bc0ba2257f23d0a1f2d
D_PHASE7B_MODEL_A_VS_FIXED,Phase 7B Model A selected WF vs Fixed MA200 QQQ→QLD/CASH,PHASE7B_MODEL_A_SELECTED,monthly,FIXED_MA200_QQQ_TO_QLD,monthly,pre_tax,2013-01-02,2026-08-31,3436,annualized_mean_return_difference,-0.30714880063494177,-0.45639993277333574,-0.14640640043889783,0.0002,,1.0,H0: expected paired excess return <= 0; H1: > 0,stationary_bootstrap_politis_romano,10,SENSITIVITY,10000,8301,4c6d72c8940ea37ac387680f516ff7206c91388578637bc0ba2257f23d0a1f2d
D_PHASE7B_MODEL_A_VS_FIXED,Phase 7B Model A selected WF vs Fixed MA200 QQQ→QLD/CASH,PHASE7B_MODEL_A_SELECTED,monthly,FIXED_MA200_QQQ_TO_QLD,monthly,pre_tax,2013-01-02,2026-08-31,3436,annualized_volatility_difference,-0.34503578982203303,-0.3969537052994703,-0.30437501712111753,0.0,,,path/ratio bootstrap diagnostic,stationary_bootstrap_politis_romano,10,SENSITIVITY,10000,8301,4c6d72c8940ea37ac387680f516ff7206c91388578637bc0ba2257f23d0a1f2d
D_PHASE7B_MODEL_A_VS_FIXED,Phase 7B Model A selected WF vs Fixed MA200 QQQ→QLD/CASH,PHASE7B_MODEL_A_SELECTED,monthly,FIXED_MA200_QQQ_TO_QLD,monthly,pre_tax,2013-01-02,2026-08-31,3436,sharpe_difference,,,,,,,path/ratio bootstrap diagnostic,stationary_bootstrap_politis_romano,10,SENSITIVITY,10000,8301,4c6d72c8940ea37ac387680f516ff7206c91388578637bc0ba2257f23d0a1f2d
D_PHASE7B_MODEL_A_VS_FIXED,Phase 7B Model A selected WF vs Fixed MA200 QQQ→QLD/CASH,PHASE7B_MODEL_A_SELECTED,monthly,FIXED_MA200_QQQ_TO_QLD,monthly,pre_tax,2013-01-02,2026-08-31,3436,cagr_difference,-0.27938231955970605,-0.4936681400209877,-0.07979771775528219,0.0017,,,path/ratio bootstrap diagnostic,stationary_bootstrap_politis_romano,10,SENSITIVITY,10000,8301,4c6d72c8940ea37ac387680f516ff7206c91388578637bc0ba2257f23d0a1f2d
D_PHASE7B_MODEL_A_VS_FIXED,Phase 7B Model A selected WF vs Fixed MA200 QQQ→QLD/CASH,PHASE7B_MODEL_A_SELECTED,monthly,FIXED_MA200_QQQ_TO_QLD,monthly,pre_tax,2013-01-02,2026-08-31,3436,max_drawdown_difference,0.5171542190368645,0.3294417155555546,0.7464482897084374,,1.0,,path/ratio bootstrap diagnostic,stationary_bootstrap_politis_romano,10,SENSITIVITY,10000,8301,4c6d72c8940ea37ac387680f516ff7206c91388578637bc0ba2257f23d0a1f2d
D_PHASE7B_MODEL_A_VS_FIXED,Phase 7B Model A selected WF vs Fixed MA200 QQQ→QLD/CASH,PHASE7B_MODEL_A_SELECTED,monthly,FIXED_MA200_QQQ_TO_QLD,monthly,pre_tax,2013-01-02,2026-08-31,3436,calmar_difference,,,,,,,path/ratio bootstrap diagnostic,stationary_bootstrap_politis_romano,10,SENSITIVITY,10000,8301,4c6d72c8940ea37ac387680f516ff7206c91388578637bc0ba2257f23d0a1f2d
D_PHASE7B_MODEL_A_VS_FIXED,Phase 7B Model A selected WF vs Fixed MA200 QQQ→QLD/CASH,PHASE7B_MODEL_A_SELECTED,bimonthly,FIXED_MA200_QQQ_TO_QLD,bimonthly,pre_tax,2013-01-02,2026-08-31,3436,annualized_mean_return_difference,-0.34785174769885313,-0.5125089308493853,-0.18018450561730084,0.0,,1.0,H0: expected paired excess return <= 0; H1: > 0,stationary_bootstrap_politis_romano,10,SENSITIVITY,10000,8301,4c6d72c8940ea37ac387680f516ff7206c91388578637bc0ba2257f23d0a1f2d
D_PHASE7B_MODEL_A_VS_FIXED,Phase 7B Model A selected WF vs Fixed MA200 QQQ→QLD/CASH,PHASE7B_MODEL_A_SELECTED,bimonthly,FIXED_MA200_QQQ_TO_QLD,bimonthly,pre_tax,2013-01-02,2026-08-31,3436,annualized_volatility_difference,-0.3634228736168386,-0.4177057628804445,-0.3179006723911388,0.0,,,path/ratio bootstrap diagnostic,stationary_bootstrap_politis_romano,10,SENSITIVITY,10000,8301,4c6d72c8940ea37ac387680f516ff7206c91388578637bc0ba2257f23d0a1f2d
D_PHASE7B_MODEL_A_VS_FIXED,Phase 7B Model A selected WF vs Fixed MA200 QQQ→QLD/CASH,PHASE7B_MODEL_A_SELECTED,bimonthly,FIXED_MA200_QQQ_TO_QLD,bimonthly,pre_tax,2013-01-02,2026-08-31,3436,sharpe_difference,,,,,,,path/ratio bootstrap diagnostic,stationary_bootstrap_politis_romano,10,SENSITIVITY,10000,8301,4c6d72c8940ea37ac387680f516ff7206c91388578637bc0ba2257f23d0a1f2d
D_PHASE7B_MODEL_A_VS_FIXED,Phase 7B Model A selected WF vs Fixed MA200 QQQ→QLD/CASH,PHASE7B_MODEL_A_SELECTED,bimonthly,FIXED_MA200_QQQ_TO_QLD,bimonthly,pre_tax,2013-01-02,2026-08-31,3436,cagr_difference,-0.3240425847073267,-0.565546168900835,-0.11309728817056369,0.0007,,,path/ratio bootstrap diagnostic,stationary_bootstrap_politis_romano,10,SENSITIVITY,10000,8301,4c6d72c8940ea37ac387680f516ff7206c91388578637bc0ba2257f23d0a1f2d
D_PHASE7B_MODEL_A_VS_FIXED,Phase 7B Model A selected WF vs Fixed MA200 QQQ→QLD/CASH,PHASE7B_MODEL_A_SELECTED,bimonthly,FIXED_MA200_QQQ_TO_QLD,bimonthly,pre_tax,2013-01-02,2026-08-31,3436,max_drawdown_difference,0.5171542190368645,0.33552535725289645,0.747989373328724,,1.0,,path/ratio bootstrap diagnostic,stationary_bootstrap_politis_romano,10,SENSITIVITY,10000,8301,4c6d72c8940ea37ac387680f516ff7206c91388578637bc0ba2257f23d0a1f2d
D_PHASE7B_MODEL_A_VS_FIXED,Phase 7B Model A selected WF vs Fixed MA200 QQQ→QLD/CASH,PHASE7B_MODEL_A_SELECTED,bimonthly,FIXED_MA200_QQQ_TO_QLD,bimonthly,pre_tax,2013-01-02,2026-08-31,3436,calmar_difference,,,,,,,path/ratio bootstrap diagnostic,stationary_bootstrap_politis_romano,10,SENSITIVITY,10000,8301,4c6d72c8940ea37ac387680f516ff7206c91388578637bc0ba2257f23d0a1f2d
D_PHASE7B_MODEL_A_VS_FIXED,Phase 7B Model A selected WF vs Fixed MA200 QQQ→QLD/CASH,PHASE7B_MODEL_A_SELECTED,quarterly,FIXED_MA200_QQQ_TO_QLD,quarterly,pre_tax,2013-01-02,2026-08-31,3436,annualized_mean_return_difference,-0.24908473147630197,-0.40162927228006695,-0.08729283636842781,0.0012,,0.9996,H0: expected paired excess return <= 0; H1: > 0,stationary_bootstrap_politis_romano,10,SENSITIVITY,10000,8301,4c6d72c8940ea37ac387680f516ff7206c91388578637bc0ba2257f23d0a1f2d
D_PHASE7B_MODEL_A_VS_FIXED,Phase 7B Model A selected WF vs Fixed MA200 QQQ→QLD/CASH,PHASE7B_MODEL_A_SELECTED,quarterly,FIXED_MA200_QQQ_TO_QLD,quarterly,pre_tax,2013-01-02,2026-08-31,3436,annualized_volatility_difference,-0.3493073138777766,-0.40083423686955744,-0.30707573792501275,0.0,,,path/ratio bootstrap diagnostic,stationary_bootstrap_politis_romano,10,SENSITIVITY,10000,8301,4c6d72c8940ea37ac387680f516ff7206c91388578637bc0ba2257f23d0a1f2d
D_PHASE7B_MODEL_A_VS_FIXED,Phase 7B Model A selected WF vs Fixed MA200 QQQ→QLD/CASH,PHASE7B_MODEL_A_SELECTED,quarterly,FIXED_MA200_QQQ_TO_QLD,quarterly,pre_tax,2013-01-02,2026-08-31,3436,sharpe_difference,,,,,,,path/ratio bootstrap diagnostic,stationary_bootstrap_politis_romano,10,SENSITIVITY,10000,8301,4c6d72c8940ea37ac387680f516ff7206c91388578637bc0ba2257f23d0a1f2d
D_PHASE7B_MODEL_A_VS_FIXED,Phase 7B Model A selected WF vs Fixed MA200 QQQ→QLD/CASH,PHASE7B_MODEL_A_SELECTED,quarterly,FIXED_MA200_QQQ_TO_QLD,quarterly,pre_tax,2013-01-02,2026-08-31,3436,cagr_difference,-0.20565538195026245,-0.41381240054995067,-0.018274248953597503,0.0165,,,path/ratio bootstrap diagnostic,stationary_bootstrap_politis_romano,10,SENSITIVITY,10000,8301,4c6d72c8940ea37ac387680f516ff7206c91388578637bc0ba2257f23d0a1f2d
D_PHASE7B_MODEL_A_VS_FIXED,Phase 7B Model A selected WF vs Fixed MA200 QQQ→QLD/CASH,PHASE7B_MODEL_A_SELECTED,quarterly,FIXED_MA200_QQQ_TO_QLD,quarterly,pre_tax,2013-01-02,2026-08-31,3436,max_drawdown_difference,0.5171542190368646,0.35506460014224883,0.7967476070260366,,1.0,,path/ratio bootstrap diagnostic,stationary_bootstrap_politis_romano,10,SENSITIVITY,10000,8301,4c6d72c8940ea37ac387680f516ff7206c91388578637bc0ba2257f23d0a1f2d
D_PHASE7B_MODEL_A_VS_FIXED,Phase 7B Model A selected WF vs Fixed MA200 QQQ→QLD/CASH,PHASE7B_MODEL_A_SELECTED,quarterly,FIXED_MA200_QQQ_TO_QLD,quarterly,pre_tax,2013-01-02,2026-08-31,3436,calmar_difference,,,,,,,path/ratio bootstrap diagnostic,stationary_bootstrap_politis_romano,10,SENSITIVITY,10000,8301,4c6d72c8940ea37ac387680f516ff7206c91388578637bc0ba2257f23d0a1f2d
E_PHASE7B_MODEL_B_VS_MODEL_A,Phase 7B Model B selected WF vs Model A selected WF,PHASE7B_MODEL_B_SELECTED,weekly,PHASE7B_MODEL_A_SELECTED,weekly,pre_tax,2013-01-02,2026-08-31,3436,annualized_mean_return_difference,0.028364997728043736,-0.019808595335141867,0.07884326103417466,0.8696,,0.1299,H0: expected paired excess return <= 0; H1: > 0,stationary_bootstrap_politis_romano,10,SENSITIVITY,10000,8301,4c6d72c8940ea37ac387680f516ff7206c91388578637bc0ba2257f23d0a1f2d
E_PHASE7B_MODEL_B_VS_MODEL_A,Phase 7B Model B selected WF vs Model A selected WF,PHASE7B_MODEL_B_SELECTED,weekly,PHASE7B_MODEL_A_SELECTED,weekly,pre_tax,2013-01-02,2026-08-31,3436,annualized_volatility_difference,0.022310425507141463,0.01391319879543091,0.03370954350533894,1.0,,,path/ratio bootstrap diagnostic,stationary_bootstrap_politis_romano,10,SENSITIVITY,10000,8301,4c6d72c8940ea37ac387680f516ff7206c91388578637bc0ba2257f23d0a1f2d
E_PHASE7B_MODEL_B_VS_MODEL_A,Phase 7B Model B selected WF vs Model A selected WF,PHASE7B_MODEL_B_SELECTED,weekly,PHASE7B_MODEL_A_SELECTED,weekly,pre_tax,2013-01-02,2026-08-31,3436,sharpe_difference,0.08584458499756537,-0.12068683364459588,0.2888670279000978,0.7918,,,path/ratio bootstrap diagnostic,stationary_bootstrap_politis_romano,10,SENSITIVITY,10000,8301,4c6d72c8940ea37ac387680f516ff7206c91388578637bc0ba2257f23d0a1f2d
E_PHASE7B_MODEL_B_VS_MODEL_A,Phase 7B Model B selected WF vs Model A selected WF,PHASE7B_MODEL_B_SELECTED,weekly,PHASE7B_MODEL_A_SELECTED,weekly,pre_tax,2013-01-02,2026-08-31,3436,cagr_difference,0.02413017799757955,-0.02602748638369486,0.08042961697140885,0.8204,,,path/ratio bootstrap diagnostic,stationary_bootstrap_politis_romano,10,SENSITIVITY,10000,8301,4c6d72c8940ea37ac387680f516ff7206c91388578637bc0ba2257f23d0a1f2d
E_PHASE7B_MODEL_B_VS_MODEL_A,Phase 7B Model B selected WF vs Model A selected WF,PHASE7B_MODEL_B_SELECTED,weekly,PHASE7B_MODEL_A_SELECTED,weekly,pre_tax,2013-01-02,2026-08-31,3436,max_drawdown_difference,1.1102230246251565e-16,-0.12866638712278985,0.10340284986653751,,0.3803,,path/ratio bootstrap diagnostic,stationary_bootstrap_politis_romano,10,SENSITIVITY,10000,8301,4c6d72c8940ea37ac387680f516ff7206c91388578637bc0ba2257f23d0a1f2d
E_PHASE7B_MODEL_B_VS_MODEL_A,Phase 7B Model B selected WF vs Model A selected WF,PHASE7B_MODEL_B_SELECTED,weekly,PHASE7B_MODEL_A_SELECTED,weekly,pre_tax,2013-01-02,2026-08-31,3436,calmar_difference,0.049090555708718064,-0.08201390618134007,0.19847378749752967,0.7726,,,path/ratio bootstrap diagnostic,stationary_bootstrap_politis_romano,10,SENSITIVITY,10000,8301,4c6d72c8940ea37ac387680f516ff7206c91388578637bc0ba2257f23d0a1f2d
E_PHASE7B_MODEL_B_VS_MODEL_A,Phase 7B Model B selected WF vs Model A selected WF,PHASE7B_MODEL_B_SELECTED,monthly,PHASE7B_MODEL_A_SELECTED,monthly,pre_tax,2013-01-02,2026-08-31,3436,annualized_mean_return_difference,0.08618377638353848,-0.029934123207938704,0.19799574260559194,0.9303,,0.0667,H0: expected paired excess return <= 0; H1: > 0,stationary_bootstrap_politis_romano,10,SENSITIVITY,10000,8301,4c6d72c8940ea37ac387680f516ff7206c91388578637bc0ba2257f23d0a1f2d
E_PHASE7B_MODEL_B_VS_MODEL_A,Phase 7B Model B selected WF vs Model A selected WF,PHASE7B_MODEL_B_SELECTED,monthly,PHASE7B_MODEL_A_SELECTED,monthly,pre_tax,2013-01-02,2026-08-31,3436,annualized_volatility_difference,0.25571139884313643,0.19641670002679243,0.3225779497576846,1.0,,,path/ratio bootstrap diagnostic,stationary_bootstrap_politis_romano,10,SENSITIVITY,10000,8301,4c6d72c8940ea37ac387680f516ff7206c91388578637bc0ba2257f23d0a1f2d
E_PHASE7B_MODEL_B_VS_MODEL_A,Phase 7B Model B selected WF vs Model A selected WF,PHASE7B_MODEL_B_SELECTED,monthly,PHASE7B_MODEL_A_SELECTED,monthly,pre_tax,2013-01-02,2026-08-31,3436,sharpe_difference,,,,,,,path/ratio bootstrap diagnostic,stationary_bootstrap_politis_romano,10,SENSITIVITY,10000,8301,4c6d72c8940ea37ac387680f516ff7206c91388578637bc0ba2257f23d0a1f2d
E_PHASE7B_MODEL_B_VS_MODEL_A,Phase 7B Model B selected WF vs Model A selected WF,PHASE7B_MODEL_B_SELECTED,monthly,PHASE7B_MODEL_A_SELECTED,monthly,pre_tax,2013-01-02,2026-08-31,3436,cagr_difference,0.054204986510552944,-0.07251061157654129,0.1824495434823753,0.8056,,,path/ratio bootstrap diagnostic,stationary_bootstrap_politis_romano,10,SENSITIVITY,10000,8301,4c6d72c8940ea37ac387680f516ff7206c91388578637bc0ba2257f23d0a1f2d
E_PHASE7B_MODEL_B_VS_MODEL_A,Phase 7B Model B selected WF vs Model A selected WF,PHASE7B_MODEL_B_SELECTED,monthly,PHASE7B_MODEL_A_SELECTED,monthly,pre_tax,2013-01-02,2026-08-31,3436,max_drawdown_difference,-0.5171542190368646,-0.820529489959513,-0.2936014641706507,,0.0,,path/ratio bootstrap diagnostic,stationary_bootstrap_politis_romano,10,SENSITIVITY,10000,8301,4c6d72c8940ea37ac387680f516ff7206c91388578637bc0ba2257f23d0a1f2d
E_PHASE7B_MODEL_B_VS_MODEL_A,Phase 7B Model B selected WF vs Model A selected WF,PHASE7B_MODEL_B_SELECTED,monthly,PHASE7B_MODEL_A_SELECTED,monthly,pre_tax,2013-01-02,2026-08-31,3436,calmar_difference,,,,,,,path/ratio bootstrap diagnostic,stationary_bootstrap_politis_romano,10,SENSITIVITY,10000,8301,4c6d72c8940ea37ac387680f516ff7206c91388578637bc0ba2257f23d0a1f2d
E_PHASE7B_MODEL_B_VS_MODEL_A,Phase 7B Model B selected WF vs Model A selected WF,PHASE7B_MODEL_B_SELECTED,bimonthly,PHASE7B_MODEL_A_SELECTED,bimonthly,pre_tax,2013-01-02,2026-08-31,3436,annualized_mean_return_difference,0.1318381805455194,0.010130419195456809,0.2526642244693565,0.9823,,0.0167,H0: expected paired excess return <= 0; H1: > 0,stationary_bootstrap_politis_romano,10,SENSITIVITY,10000,8301,4c6d72c8940ea37ac387680f516ff7206c91388578637bc0ba2257f23d0a1f2d
E_PHASE7B_MODEL_B_VS_MODEL_A,Phase 7B Model B selected WF vs Model A selected WF,PHASE7B_MODEL_B_SELECTED,bimonthly,PHASE7B_MODEL_A_SELECTED,bimonthly,pre_tax,2013-01-02,2026-08-31,3436,annualized_volatility_difference,0.2666805889475568,0.20549196131923103,0.33537705386890254,1.0,,,path/ratio bootstrap diagnostic,stationary_bootstrap_politis_romano,10,SENSITIVITY,10000,8301,4c6d72c8940ea37ac387680f516ff7206c91388578637bc0ba2257f23d0a1f2d
E_PHASE7B_MODEL_B_VS_MODEL_A,Phase 7B Model B selected WF vs Model A selected WF,PHASE7B_MODEL_B_SELECTED,bimonthly,PHASE7B_MODEL_A_SELECTED,bimonthly,pre_tax,2013-01-02,2026-08-31,3436,sharpe_difference,,,,,,,path/ratio bootstrap diagnostic,stationary_bootstrap_politis_romano,10,SENSITIVITY,10000,8301,4c6d72c8940ea37ac387680f516ff7206c91388578637bc0ba2257f23d0a1f2d
E_PHASE7B_MODEL_B_VS_MODEL_A,Phase 7B Model B selected WF vs Model A selected WF,PHASE7B_MODEL_B_SELECTED,bimonthly,PHASE7B_MODEL_A_SELECTED,bimonthly,pre_tax,2013-01-02,2026-08-31,3436,cagr_difference,0.10026191163840914,-0.03411120798080792,0.24533406251913964,0.9271,,,path/ratio bootstrap diagnostic,stationary_bootstrap_politis_romano,10,SENSITIVITY,10000,8301,4c6d72c8940ea37ac387680f516ff7206c91388578637bc0ba2257f23d0a1f2d
E_PHASE7B_MODEL_B_VS_MODEL_A,Phase 7B Model B selected WF vs Model A selected WF,PHASE7B_MODEL_B_SELECTED,bimonthly,PHASE7B_MODEL_A_SELECTED,bimonthly,pre_tax,2013-01-02,2026-08-31,3436,max_drawdown_difference,-0.5306679735877726,-0.7812876316989242,-0.28102669918578305,,0.0,,path/ratio bootstrap diagnostic,stationary_bootstrap_politis_romano,10,SENSITIVITY,10000,8301,4c6d72c8940ea37ac387680f516ff7206c91388578637bc0ba2257f23d0a1f2d
E_PHASE7B_MODEL_B_VS_MODEL_A,Phase 7B Model B selected WF vs Model A selected WF,PHASE7B_MODEL_B_SELECTED,bimonthly,PHASE7B_MODEL_A_SELECTED,bimonthly,pre_tax,2013-01-02,2026-08-31,3436,calmar_difference,,,,,,,path/ratio bootstrap diagnostic,stationary_bootstrap_politis_romano,10,SENSITIVITY,10000,8301,4c6d72c8940ea37ac387680f516ff7206c91388578637bc0ba2257f23d0a1f2d
E_PHASE7B_MODEL_B_VS_MODEL_A,Phase 7B Model B selected WF vs Model A selected WF,PHASE7B_MODEL_B_SELECTED,quarterly,PHASE7B_MODEL_A_SELECTED,quarterly,pre_tax,2013-01-02,2026-08-31,3436,annualized_mean_return_difference,0.0,0.0,0.0,0.0,,1.0,H0: expected paired excess return <= 0; H1: > 0,stationary_bootstrap_politis_romano,10,SENSITIVITY,10000,8301,4c6d72c8940ea37ac387680f516ff7206c91388578637bc0ba2257f23d0a1f2d
E_PHASE7B_MODEL_B_VS_MODEL_A,Phase 7B Model B selected WF vs Model A selected WF,PHASE7B_MODEL_B_SELECTED,quarterly,PHASE7B_MODEL_A_SELECTED,quarterly,pre_tax,2013-01-02,2026-08-31,3436,annualized_volatility_difference,0.0,0.0,0.0,0.0,,,path/ratio bootstrap diagnostic,stationary_bootstrap_politis_romano,10,SENSITIVITY,10000,8301,4c6d72c8940ea37ac387680f516ff7206c91388578637bc0ba2257f23d0a1f2d
E_PHASE7B_MODEL_B_VS_MODEL_A,Phase 7B Model B selected WF vs Model A selected WF,PHASE7B_MODEL_B_SELECTED,quarterly,PHASE7B_MODEL_A_SELECTED,quarterly,pre_tax,2013-01-02,2026-08-31,3436,sharpe_difference,,,,,,,path/ratio bootstrap diagnostic,stationary_bootstrap_politis_romano,10,SENSITIVITY,10000,8301,4c6d72c8940ea37ac387680f516ff7206c91388578637bc0ba2257f23d0a1f2d
E_PHASE7B_MODEL_B_VS_MODEL_A,Phase 7B Model B selected WF vs Model A selected WF,PHASE7B_MODEL_B_SELECTED,quarterly,PHASE7B_MODEL_A_SELECTED,quarterly,pre_tax,2013-01-02,2026-08-31,3436,cagr_difference,0.0,0.0,0.0,0.0,,,path/ratio bootstrap diagnostic,stationary_bootstrap_politis_romano,10,SENSITIVITY,10000,8301,4c6d72c8940ea37ac387680f516ff7206c91388578637bc0ba2257f23d0a1f2d
E_PHASE7B_MODEL_B_VS_MODEL_A,Phase 7B Model B selected WF vs Model A selected WF,PHASE7B_MODEL_B_SELECTED,quarterly,PHASE7B_MODEL_A_SELECTED,quarterly,pre_tax,2013-01-02,2026-08-31,3436,max_drawdown_difference,0.0,0.0,0.0,,1.0,,path/ratio bootstrap diagnostic,stationary_bootstrap_politis_romano,10,SENSITIVITY,10000,8301,4c6d72c8940ea37ac387680f516ff7206c91388578637bc0ba2257f23d0a1f2d
E_PHASE7B_MODEL_B_VS_MODEL_A,Phase 7B Model B selected WF vs Model A selected WF,PHASE7B_MODEL_B_SELECTED,quarterly,PHASE7B_MODEL_A_SELECTED,quarterly,pre_tax,2013-01-02,2026-08-31,3436,calmar_difference,,,,,,,path/ratio bootstrap diagnostic,stationary_bootstrap_politis_romano,10,SENSITIVITY,10000,8301,4c6d72c8940ea37ac387680f516ff7206c91388578637bc0ba2257f23d0a1f2d
A_FIXED_MA200_VS_QQQ,Fixed MA200 QQQ→QLD/CASH vs QQQ buy-and-hold,FIXED_MA200_QQQ_TO_QLD,weekly,QQQ_BUY_HOLD,none,pre_tax,2013-01-02,2026-08-31,3436,annualized_mean_return_difference,0.10605161860960621,0.0021729605475932293,0.2021802711654159,0.978,,0.0153,H0: expected paired excess return <= 0; H1: > 0,stationary_bootstrap_politis_romano,20,PRIMARY,10000,8301,0698377cc1696d1283e4d05298b72341d2d812c2b1c20bb2edabdcbfa014105c
A_FIXED_MA200_VS_QQQ,Fixed MA200 QQQ→QLD/CASH vs QQQ buy-and-hold,FIXED_MA200_QQQ_TO_QLD,weekly,QQQ_BUY_HOLD,none,pre_tax,2013-01-02,2026-08-31,3436,annualized_volatility_difference,0.12378129961465748,0.0919466998013204,0.15336495536410735,1.0,,,path/ratio bootstrap diagnostic,stationary_bootstrap_politis_romano,20,PRIMARY,10000,8301,0698377cc1696d1283e4d05298b72341d2d812c2b1c20bb2edabdcbfa014105c
A_FIXED_MA200_VS_QQQ,Fixed MA200 QQQ→QLD/CASH vs QQQ buy-and-hold,FIXED_MA200_QQQ_TO_QLD,weekly,QQQ_BUY_HOLD,none,pre_tax,2013-01-02,2026-08-31,3436,sharpe_difference,-0.04552765344806409,-0.3356500286961438,0.27584438874600775,0.3741,,,path/ratio bootstrap diagnostic,stationary_bootstrap_politis_romano,20,PRIMARY,10000,8301,0698377cc1696d1283e4d05298b72341d2d812c2b1c20bb2edabdcbfa014105c
A_FIXED_MA200_VS_QQQ,Fixed MA200 QQQ→QLD/CASH vs QQQ buy-and-hold,FIXED_MA200_QQQ_TO_QLD,weekly,QQQ_BUY_HOLD,none,pre_tax,2013-01-02,2026-08-31,3436,cagr_difference,0.08914681052418882,-0.04128744752236073,0.23455890831605908,0.907,,,path/ratio bootstrap diagnostic,stationary_bootstrap_politis_romano,20,PRIMARY,10000,8301,0698377cc1696d1283e4d05298b72341d2d812c2b1c20bb2edabdcbfa014105c
A_FIXED_MA200_VS_QQQ,Fixed MA200 QQQ→QLD/CASH vs QQQ buy-and-hold,FIXED_MA200_QQQ_TO_QLD,weekly,QQQ_BUY_HOLD,none,pre_tax,2013-01-02,2026-08-31,3436,max_drawdown_difference,-0.14035690084368324,-0.37467094959318936,-0.009844403445999813,,0.0205,,path/ratio bootstrap diagnostic,stationary_bootstrap_politis_romano,20,PRIMARY,10000,8301,0698377cc1696d1283e4d05298b72341d2d812c2b1c20bb2edabdcbfa014105c
A_FIXED_MA200_VS_QQQ,Fixed MA200 QQQ→QLD/CASH vs QQQ buy-and-hold,FIXED_MA200_QQQ_TO_QLD,weekly,QQQ_BUY_HOLD,none,pre_tax,2013-01-02,2026-08-31,3436,calmar_difference,0.01910384216584582,-0.44911072729050344,0.4862889677818661,0.3559,,,path/ratio bootstrap diagnostic,stationary_bootstrap_politis_romano,20,PRIMARY,10000,8301,0698377cc1696d1283e4d05298b72341d2d812c2b1c20bb2edabdcbfa014105c
A_FIXED_MA200_VS_QQQ,Fixed MA200 QQQ→QLD/CASH vs QQQ buy-and-hold,FIXED_MA200_QQQ_TO_QLD,monthly,QQQ_BUY_HOLD,none,pre_tax,2013-01-02,2026-08-31,3436,annualized_mean_return_difference,0.10303643330976675,0.008895356576574032,0.1962116221022686,0.9833,,0.014,H0: expected paired excess return <= 0; H1: > 0,stationary_bootstrap_politis_romano,20,PRIMARY,10000,8301,0698377cc1696d1283e4d05298b72341d2d812c2b1c20bb2edabdcbfa014105c
A_FIXED_MA200_VS_QQQ,Fixed MA200 QQQ→QLD/CASH vs QQQ buy-and-hold,FIXED_MA200_QQQ_TO_QLD,monthly,QQQ_BUY_HOLD,none,pre_tax,2013-01-02,2026-08-31,3436,annualized_volatility_difference,0.1365407936001918,0.10021637819511056,0.17363247570456203,1.0,,,path/ratio bootstrap diagnostic,stationary_bootstrap_politis_romano,20,PRIMARY,10000,8301,0698377cc1696d1283e4d05298b72341d2d812c2b1c20bb2edabdcbfa014105c
A_FIXED_MA200_VS_QQQ,Fixed MA200 QQQ→QLD/CASH vs QQQ buy-and-hold,FIXED_MA200_QQQ_TO_QLD,monthly,QQQ_BUY_HOLD,none,pre_tax,2013-01-02,2026-08-31,3436,sharpe_difference,-0.08878566151678313,-0.3688642994528061,0.22413996283585202,0.2789,,,path/ratio bootstrap diagnostic,stationary_bootstrap_politis_romano,20,PRIMARY,10000,8301,0698377cc1696d1283e4d05298b72341d2d812c2b1c20bb2edabdcbfa014105c
A_FIXED_MA200_VS_QQQ,Fixed MA200 QQQ→QLD/CASH vs QQQ buy-and-hold,FIXED_MA200_QQQ_TO_QLD,monthly,QQQ_BUY_HOLD,none,pre_tax,2013-01-02,2026-08-31,3436,cagr_difference,0.07982359202355593,-0.043251733555348996,0.21678628662444624,0.8973,,,path/ratio bootstrap diagnostic,stationary_bootstrap_politis_romano,20,PRIMARY,10000,8301,0698377cc1696d1283e4d05298b72341d2d812c2b1c20bb2edabdcbfa014105c
A_FIXED_MA200_VS_QQQ,Fixed MA200 QQQ→QLD/CASH vs QQQ buy-and-hold,FIXED_MA200_QQQ_TO_QLD,monthly,QQQ_BUY_HOLD,none,pre_tax,2013-01-02,2026-08-31,3436,max_drawdown_difference,-0.16596691857312096,-0.34667961957534643,-0.007251651400144096,,0.0222,,path/ratio bootstrap diagnostic,stationary_bootstrap_politis_romano,20,PRIMARY,10000,8301,0698377cc1696d1283e4d05298b72341d2d812c2b1c20bb2edabdcbfa014105c
A_FIXED_MA200_VS_QQQ,Fixed MA200 QQQ→QLD/CASH vs QQQ buy-and-hold,FIXED_MA200_QQQ_TO_QLD,monthly,QQQ_BUY_HOLD,none,pre_tax,2013-01-02,2026-08-31,3436,calmar_difference,-0.028009973970306024,-0.44336159911926915,0.43470449906589737,0.3357,,,path/ratio bootstrap diagnostic,stationary_bootstrap_politis_romano,20,PRIMARY,10000,8301,0698377cc1696d1283e4d05298b72341d2d812c2b1c20bb2edabdcbfa014105c
A_FIXED_MA200_VS_QQQ,Fixed MA200 QQQ→QLD/CASH vs QQQ buy-and-hold,FIXED_MA200_QQQ_TO_QLD,bimonthly,QQQ_BUY_HOLD,none,pre_tax,2013-01-02,2026-08-31,3436,annualized_mean_return_difference,0.1437393803736781,0.052048667395984745,0.2350450266728796,0.9988,,0.0009,H0: expected paired excess return <= 0; H1: > 0,stationary_bootstrap_politis_romano,20,PRIMARY,10000,8301,0698377cc1696d1283e4d05298b72341d2d812c2b1c20bb2edabdcbfa014105c
A_FIXED_MA200_VS_QQQ,Fixed MA200 QQQ→QLD/CASH vs QQQ buy-and-hold,FIXED_MA200_QQQ_TO_QLD,bimonthly,QQQ_BUY_HOLD,none,pre_tax,2013-01-02,2026-08-31,3436,annualized_volatility_difference,0.1549278773949974,0.1170576318557039,0.1938926045145165,1.0,,,path/ratio bootstrap diagnostic,stationary_bootstrap_politis_romano,20,PRIMARY,10000,8301,0698377cc1696d1283e4d05298b72341d2d812c2b1c20bb2edabdcbfa014105c
A_FIXED_MA200_VS_QQQ,Fixed MA200 QQQ→QLD/CASH vs QQQ buy-and-hold,FIXED_MA200_QQQ_TO_QLD,bimonthly,QQQ_BUY_HOLD,none,pre_tax,2013-01-02,2026-08-31,3436,sharpe_difference,-0.02182544358328664,-0.2550173503409316,0.2478402450948362,0.4271,,,path/ratio bootstrap diagnostic,stationary_bootstrap_politis_romano,20,PRIMARY,10000,8301,0698377cc1696d1283e4d05298b72341d2d812c2b1c20bb2edabdcbfa014105c
A_FIXED_MA200_VS_QQQ,Fixed MA200 QQQ→QLD/CASH vs QQQ buy-and-hold,FIXED_MA200_QQQ_TO_QLD,bimonthly,QQQ_BUY_HOLD,none,pre_tax,2013-01-02,2026-08-31,3436,cagr_difference,0.1244838571711766,0.0020029359130008984,0.26928495807147984,0.977,,,path/ratio bootstrap diagnostic,stationary_bootstrap_politis_romano,20,PRIMARY,10000,8301,0698377cc1696d1283e4d05298b72341d2d812c2b1c20bb2edabdcbfa014105c
A_FIXED_MA200_VS_QQQ,Fixed MA200 QQQ→QLD/CASH vs QQQ buy-and-hold,FIXED_MA200_QQQ_TO_QLD,bimonthly,QQQ_BUY_HOLD,none,pre_tax,2013-01-02,2026-08-31,3436,max_drawdown_difference,-0.16596691857312096,-0.3294281679449984,-0.026893644051121733,,0.012,,path/ratio bootstrap diagnostic,stationary_bootstrap_politis_romano,20,PRIMARY,10000,8301,0698377cc1696d1283e4d05298b72341d2d812c2b1c20bb2edabdcbfa014105c
A_FIXED_MA200_VS_QQQ,Fixed MA200 QQQ→QLD/CASH vs QQQ buy-and-hold,FIXED_MA200_QQQ_TO_QLD,bimonthly,QQQ_BUY_HOLD,none,pre_tax,2013-01-02,2026-08-31,3436,calmar_difference,0.0583477574445026,-0.31094076479628036,0.48909816187636834,0.4743,,,path/ratio bootstrap diagnostic,stationary_bootstrap_politis_romano,20,PRIMARY,10000,8301,0698377cc1696d1283e4d05298b72341d2d812c2b1c20bb2edabdcbfa014105c
A_FIXED_MA200_VS_QQQ,Fixed MA200 QQQ→QLD/CASH vs QQQ buy-and-hold,FIXED_MA200_QQQ_TO_QLD,quarterly,QQQ_BUY_HOLD,none,pre_tax,2013-01-02,2026-08-31,3436,annualized_mean_return_difference,0.04497236415112694,-0.06055902803951877,0.1466713503735346,0.8024,,0.1944,H0: expected paired excess return <= 0; H1: > 0,stationary_bootstrap_politis_romano,20,PRIMARY,10000,8301,0698377cc1696d1283e4d05298b72341d2d812c2b1c20bb2edabdcbfa014105c
A_FIXED_MA200_VS_QQQ,Fixed MA200 QQQ→QLD/CASH vs QQQ buy-and-hold,FIXED_MA200_QQQ_TO_QLD,quarterly,QQQ_BUY_HOLD,none,pre_tax,2013-01-02,2026-08-31,3436,annualized_volatility_difference,0.14081231765593535,0.10553096488596918,0.17642144387737346,1.0,,,path/ratio bootstrap diagnostic,stationary_bootstrap_politis_romano,20,PRIMARY,10000,8301,0698377cc1696d1283e4d05298b72341d2d812c2b1c20bb2edabdcbfa014105c
A_FIXED_MA200_VS_QQQ,Fixed MA200 QQQ→QLD/CASH vs QQQ buy-and-hold,FIXED_MA200_QQQ_TO_QLD,quarterly,QQQ_BUY_HOLD,none,pre_tax,2013-01-02,2026-08-31,3436,sharpe_difference,-0.2658977685900732,-0.5769883672083914,0.06147564402012305,0.0514,,,path/ratio bootstrap diagnostic,stationary_bootstrap_politis_romano,20,PRIMARY,10000,8301,0698377cc1696d1283e4d05298b72341d2d812c2b1c20bb2edabdcbfa014105c
A_FIXED_MA200_VS_QQQ,Fixed MA200 QQQ→QLD/CASH vs QQQ buy-and-hold,FIXED_MA200_QQQ_TO_QLD,quarterly,QQQ_BUY_HOLD,none,pre_tax,2013-01-02,2026-08-31,3436,cagr_difference,0.006096654414112335,-0.11942107425814802,0.1443715363389122,0.5354,,,path/ratio bootstrap diagnostic,stationary_bootstrap_politis_romano,20,PRIMARY,10000,8301,0698377cc1696d1283e4d05298b72341d2d812c2b1c20bb2edabdcbfa014105c
A_FIXED_MA200_VS_QQQ,Fixed MA200 QQQ→QLD/CASH vs QQQ buy-and-hold,FIXED_MA200_QQQ_TO_QLD,quarterly,QQQ_BUY_HOLD,none,pre_tax,2013-01-02,2026-08-31,3436,max_drawdown_difference,-0.16596691857312107,-0.40712866417519544,-0.04860885994242147,,0.0056,,path/ratio bootstrap diagnostic,stationary_bootstrap_politis_romano,20,PRIMARY,10000,8301,0698377cc1696d1283e4d05298b72341d2d812c2b1c20bb2edabdcbfa014105c
A_FIXED_MA200_VS_QQQ,Fixed MA200 QQQ→QLD/CASH vs QQQ buy-and-hold,FIXED_MA200_QQQ_TO_QLD,quarterly,QQQ_BUY_HOLD,none,pre_tax,2013-01-02,2026-08-31,3436,calmar_difference,-0.17057274324781652,-0.6564004585847761,0.16213498566539927,0.0942,,,path/ratio bootstrap diagnostic,stationary_bootstrap_politis_romano,20,PRIMARY,10000,8301,0698377cc1696d1283e4d05298b72341d2d812c2b1c20bb2edabdcbfa014105c
B_PHASE7A_VS_QQQ,Phase 7A fixed four-state vs QQQ buy-and-hold,PHASE7A_FIXED_FOUR_STATE,weekly,QQQ_BUY_HOLD,none,pre_tax,2013-01-02,2026-08-31,3436,annualized_mean_return_difference,0.11231339441016397,0.005308639702383655,0.21183187140597806,0.9796,,0.0141,H0: expected paired excess return <= 0; H1: > 0,stationary_bootstrap_politis_romano,20,PRIMARY,10000,8301,0698377cc1696d1283e4d05298b72341d2d812c2b1c20bb2edabdcbfa014105c
B_PHASE7A_VS_QQQ,Phase 7A fixed four-state vs QQQ buy-and-hold,PHASE7A_FIXED_FOUR_STATE,weekly,QQQ_BUY_HOLD,none,pre_tax,2013-01-02,2026-08-31,3436,annualized_volatility_difference,0.13065235569614012,0.09897607765324853,0.1599848404417663,1.0,,,path/ratio bootstrap diagnostic,stationary_bootstrap_politis_romano,20,PRIMARY,10000,8301,0698377cc1696d1283e4d05298b72341d2d812c2b1c20bb2edabdcbfa014105c
B_PHASE7A_VS_QQQ,Phase 7A fixed four-state vs QQQ buy-and-hold,PHASE7A_FIXED_FOUR_STATE,weekly,QQQ_BUY_HOLD,none,pre_tax,2013-01-02,2026-08-31,3436,sharpe_difference,-0.045975911438206785,-0.3358646201729955,0.27641715584708837,0.3736,,,path/ratio bootstrap diagnostic,stationary_bootstrap_politis_romano,20,PRIMARY,10000,8301,0698377cc1696d1283e4d05298b72341d2d812c2b1c20bb2edabdcbfa014105c
B_PHASE7A_VS_QQQ,Phase 7A fixed four-state vs QQQ buy-and-hold,PHASE7A_FIXED_FOUR_STATE,weekly,QQQ_BUY_HOLD,none,pre_tax,2013-01-02,2026-08-31,3436,cagr_difference,0.09415620447098205,-0.0410931587035639,0.24674287546194434,0.91,,,path/ratio bootstrap diagnostic,stationary_bootstrap_politis_romano,20,PRIMARY,10000,8301,0698377cc1696d1283e4d05298b72341d2d812c2b1c20bb2edabdcbfa014105c
B_PHASE7A_VS_QQQ,Phase 7A fixed four-state vs QQQ buy-and-hold,PHASE7A_FIXED_FOUR_STATE,weekly,QQQ_BUY_HOLD,none,pre_tax,2013-01-02,2026-08-31,3436,max_drawdown_difference,-0.14035690084368324,-0.38399535989429406,-0.019782081930468435,,0.0166,,path/ratio bootstrap diagnostic,stationary_bootstrap_politis_romano,20,PRIMARY,10000,8301,0698377cc1696d1283e4d05298b72341d2d812c2b1c20bb2edabdcbfa014105c
B_PHASE7A_VS_QQQ,Phase 7A fixed four-state vs QQQ buy-and-hold,PHASE7A_FIXED_FOUR_STATE,weekly,QQQ_BUY_HOLD,none,pre_tax,2013-01-02,2026-08-31,3436,calmar_difference,0.0292949784532216,-0.4562364677709968,0.4854803271280353,0.36,,,path/ratio bootstrap diagnostic,stationary_bootstrap_politis_romano,20,PRIMARY,10000,8301,0698377cc1696d1283e4d05298b72341d2d812c2b1c20bb2edabdcbfa014105c
B_PHASE7A_VS_QQQ,Phase 7A fixed four-state vs QQQ buy-and-hold,PHASE7A_FIXED_FOUR_STATE,monthly,QQQ_BUY_HOLD,none,pre_tax,2013-01-02,2026-08-31,3436,annualized_mean_return_difference,0.10714794818753132,0.00856671271139965,0.20407548061785477,0.9835,,0.0146,H0: expected paired excess return <= 0; H1: > 0,stationary_bootstrap_politis_romano,20,PRIMARY,10000,8301,0698377cc1696d1283e4d05298b72341d2d812c2b1c20bb2edabdcbfa014105c
B_PHASE7A_VS_QQQ,Phase 7A fixed four-state vs QQQ buy-and-hold,PHASE7A_FIXED_FOUR_STATE,monthly,QQQ_BUY_HOLD,none,pre_tax,2013-01-02,2026-08-31,3436,annualized_volatility_difference,0.1453831534078979,0.10936059050424374,0.18152852854579896,1.0,,,path/ratio bootstrap diagnostic,stationary_bootstrap_politis_romano,20,PRIMARY,10000,8301,0698377cc1696d1283e4d05298b72341d2d812c2b1c20bb2edabdcbfa014105c
B_PHASE7A_VS_QQQ,Phase 7A fixed four-state vs QQQ buy-and-hold,PHASE7A_FIXED_FOUR_STATE,monthly,QQQ_BUY_HOLD,none,pre_tax,2013-01-02,2026-08-31,3436,sharpe_difference,-0.0994105080870713,-0.38057912898248336,0.21488709529299294,0.2513,,,path/ratio bootstrap diagnostic,stationary_bootstrap_politis_romano,20,PRIMARY,10000,8301,0698377cc1696d1283e4d05298b72341d2d812c2b1c20bb2edabdcbfa014105c
B_PHASE7A_VS_QQQ,Phase 7A fixed four-state vs QQQ buy-and-hold,PHASE7A_FIXED_FOUR_STATE,monthly,QQQ_BUY_HOLD,none,pre_tax,2013-01-02,2026-08-31,3436,cagr_difference,0.08104079128759101,-0.046927323280386804,0.2237169493501474,0.893,,,path/ratio bootstrap diagnostic,stationary_bootstrap_politis_romano,20,PRIMARY,10000,8301,0698377cc1696d1283e4d05298b72341d2d812c2b1c20bb2edabdcbfa014105c
B_PHASE7A_VS_QQQ,Phase 7A fixed four-state vs QQQ buy-and-hold,PHASE7A_FIXED_FOUR_STATE,monthly,QQQ_BUY_HOLD,none,pre_tax,2013-01-02,2026-08-31,3436,max_drawdown_difference,-0.16596691857312085,-0.3602190959153776,-0.016091540237398876,,0.0167,,path/ratio bootstrap diagnostic,stationary_bootstrap_politis_romano,20,PRIMARY,10000,8301,0698377cc1696d1283e4d05298b72341d2d812c2b1c20bb2edabdcbfa014105c
B_PHASE7A_VS_QQQ,Phase 7A fixed four-state vs QQQ buy-and-hold,PHASE7A_FIXED_FOUR_STATE,monthly,QQQ_BUY_HOLD,none,pre_tax,2013-01-02,2026-08-31,3436,calmar_difference,-0.025656325446850037,-0.4627606667923089,0.42415457780133214,0.3175,,,path/ratio bootstrap diagnostic,stationary_bootstrap_politis_romano,20,PRIMARY,10000,8301,0698377cc1696d1283e4d05298b72341d2d812c2b1c20bb2edabdcbfa014105c
B_PHASE7A_VS_QQQ,Phase 7A fixed four-state vs QQQ buy-and-hold,PHASE7A_FIXED_FOUR_STATE,bimonthly,QQQ_BUY_HOLD,none,pre_tax,2013-01-02,2026-08-31,3436,annualized_mean_return_difference,0.15010118915686518,0.05412795384742478,0.24598140454617837,0.999,,0.0012,H0: expected paired excess return <= 0; H1: > 0,stationary_bootstrap_politis_romano,20,PRIMARY,10000,8301,0698377cc1696d1283e4d05298b72341d2d812c2b1c20bb2edabdcbfa014105c
B_PHASE7A_VS_QQQ,Phase 7A fixed four-state vs QQQ buy-and-hold,PHASE7A_FIXED_FOUR_STATE,bimonthly,QQQ_BUY_HOLD,none,pre_tax,2013-01-02,2026-08-31,3436,annualized_volatility_difference,0.16442922521364808,0.12724070448910615,0.2024923864683372,1.0,,,path/ratio bootstrap diagnostic,stationary_bootstrap_politis_romano,20,PRIMARY,10000,8301,0698377cc1696d1283e4d05298b72341d2d812c2b1c20bb2edabdcbfa014105c
B_PHASE7A_VS_QQQ,Phase 7A fixed four-state vs QQQ buy-and-hold,PHASE7A_FIXED_FOUR_STATE,bimonthly,QQQ_BUY_HOLD,none,pre_tax,2013-01-02,2026-08-31,3436,sharpe_difference,-0.029152526396514555,-0.2671371757394552,0.23893353336076023,0.4024,,,path/ratio bootstrap diagnostic,stationary_bootstrap_politis_romano,20,PRIMARY,10000,8301,0698377cc1696d1283e4d05298b72341d2d812c2b1c20bb2edabdcbfa014105c
B_PHASE7A_VS_QQQ,Phase 7A fixed four-state vs QQQ buy-and-hold,PHASE7A_FIXED_FOUR_STATE,bimonthly,QQQ_BUY_HOLD,none,pre_tax,2013-01-02,2026-08-31,3436,cagr_difference,0.12818052721324014,-0.0008898405225162193,0.27966643111781997,0.9746,,,path/ratio bootstrap diagnostic,stationary_bootstrap_politis_romano,20,PRIMARY,10000,8301,0698377cc1696d1283e4d05298b72341d2d812c2b1c20bb2edabdcbfa014105c
B_PHASE7A_VS_QQQ,Phase 7A fixed four-state vs QQQ buy-and-hold,PHASE7A_FIXED_FOUR_STATE,bimonthly,QQQ_BUY_HOLD,none,pre_tax,2013-01-02,2026-08-31,3436,max_drawdown_difference,-0.17948067312402882,-0.34392446435498836,-0.03681897527219748,,0.0089,,path/ratio bootstrap diagnostic,stationary_bootstrap_politis_romano,20,PRIMARY,10000,8301,0698377cc1696d1283e4d05298b72341d2d812c2b1c20bb2edabdcbfa014105c
B_PHASE7A_VS_QQQ,Phase 7A fixed four-state vs QQQ buy-and-hold,PHASE7A_FIXED_FOUR_STATE,bimonthly,QQQ_BUY_HOLD,none,pre_tax,2013-01-02,2026-08-31,3436,calmar_difference,0.049357417898992395,-0.32370531737832703,0.4797395060417594,0.4547,,,path/ratio bootstrap diagnostic,stationary_bootstrap_politis_romano,20,PRIMARY,10000,8301,0698377cc1696d1283e4d05298b72341d2d812c2b1c20bb2edabdcbfa014105c
B_PHASE7A_VS_QQQ,Phase 7A fixed four-state vs QQQ buy-and-hold,PHASE7A_FIXED_FOUR_STATE,quarterly,QQQ_BUY_HOLD,none,pre_tax,2013-01-02,2026-08-31,3436,annualized_mean_return_difference,0.04625562122864635,-0.06732804094067485,0.15537717668543827,0.795,,0.2055,H0: expected paired excess return <= 0; H1: > 0,stationary_bootstrap_politis_romano,20,PRIMARY,10000,8301,0698377cc1696d1283e4d05298b72341d2d812c2b1c20bb2edabdcbfa014105c
B_PHASE7A_VS_QQQ,Phase 7A fixed four-state vs QQQ buy-and-hold,PHASE7A_FIXED_FOUR_STATE,quarterly,QQQ_BUY_HOLD,none,pre_tax,2013-01-02,2026-08-31,3436,annualized_volatility_difference,0.15835349555580894,0.1193763956236265,0.1987841058792228,1.0,,,path/ratio bootstrap diagnostic,stationary_bootstrap_politis_romano,20,PRIMARY,10000,8301,0698377cc1696d1283e4d05298b72341d2d812c2b1c20bb2edabdcbfa014105c
B_PHASE7A_VS_QQQ,Phase 7A fixed four-state vs QQQ buy-and-hold,PHASE7A_FIXED_FOUR_STATE,quarterly,QQQ_BUY_HOLD,none,pre_tax,2013-01-02,2026-08-31,3436,sharpe_difference,-0.29649634010283776,-0.6132771233070143,0.03917900343836196,0.0395,,,path/ratio bootstrap diagnostic,stationary_bootstrap_politis_romano,20,PRIMARY,10000,8301,0698377cc1696d1283e4d05298b72341d2d812c2b1c20bb2edabdcbfa014105c
B_PHASE7A_VS_QQQ,Phase 7A fixed four-state vs QQQ buy-and-hold,PHASE7A_FIXED_FOUR_STATE,quarterly,QQQ_BUY_HOLD,none,pre_tax,2013-01-02,2026-08-31,3436,cagr_difference,-0.00013355974232576173,-0.13550399197879281,0.1503084864070406,0.4963,,,path/ratio bootstrap diagnostic,stationary_bootstrap_politis_romano,20,PRIMARY,10000,8301,0698377cc1696d1283e4d05298b72341d2d812c2b1c20bb2edabdcbfa014105c
B_PHASE7A_VS_QQQ,Phase 7A fixed four-state vs QQQ buy-and-hold,PHASE7A_FIXED_FOUR_STATE,quarterly,QQQ_BUY_HOLD,none,pre_tax,2013-01-02,2026-08-31,3436,max_drawdown_difference,-0.2051366867801312,-0.4443455654483283,-0.0676965637832735,,0.003,,path/ratio bootstrap diagnostic,stationary_bootstrap_politis_romano,20,PRIMARY,10000,8301,0698377cc1696d1283e4d05298b72341d2d812c2b1c20bb2edabdcbfa014105c
B_PHASE7A_VS_QQQ,Phase 7A fixed four-state vs QQQ buy-and-hold,PHASE7A_FIXED_FOUR_STATE,quarterly,QQQ_BUY_HOLD,none,pre_tax,2013-01-02,2026-08-31,3436,calmar_difference,-0.20977068395157017,-0.6944828836067214,0.13778510463081103,0.0739,,,path/ratio bootstrap diagnostic,stationary_bootstrap_politis_romano,20,PRIMARY,10000,8301,0698377cc1696d1283e4d05298b72341d2d812c2b1c20bb2edabdcbfa014105c
C_PHASE7A_INCREMENTAL_VS_FIXED,Phase 7A fixed four-state vs Fixed MA200 QQQ→QLD/CASH,PHASE7A_FIXED_FOUR_STATE,weekly,FIXED_MA200_QQQ_TO_QLD,weekly,pre_tax,2013-01-02,2026-08-31,3436,annualized_mean_return_difference,0.0062617758005577544,-0.006231219617756151,0.0186732458673495,0.8367,,0.1536,H0: expected paired excess return <= 0; H1: > 0,stationary_bootstrap_politis_romano,20,PRIMARY,10000,8301,0698377cc1696d1283e4d05298b72341d2d812c2b1c20bb2edabdcbfa014105c
C_PHASE7A_INCREMENTAL_VS_FIXED,Phase 7A fixed four-state vs Fixed MA200 QQQ→QLD/CASH,PHASE7A_FIXED_FOUR_STATE,weekly,FIXED_MA200_QQQ_TO_QLD,weekly,pre_tax,2013-01-02,2026-08-31,3436,annualized_volatility_difference,0.0068710560814826405,0.001443417439412851,0.011122383768001096,0.9903,,,path/ratio bootstrap diagnostic,stationary_bootstrap_politis_romano,20,PRIMARY,10000,8301,0698377cc1696d1283e4d05298b72341d2d812c2b1c20bb2edabdcbfa014105c
C_PHASE7A_INCREMENTAL_VS_FIXED,Phase 7A fixed four-state vs Fixed MA200 QQQ→QLD/CASH,PHASE7A_FIXED_FOUR_STATE,weekly,FIXED_MA200_QQQ_TO_QLD,weekly,pre_tax,2013-01-02,2026-08-31,3436,sharpe_difference,-0.0004482579901426975,-0.03617109986964719,0.03670264858157318,0.4711,,,path/ratio bootstrap diagnostic,stationary_bootstrap_politis_romano,20,PRIMARY,10000,8301,0698377cc1696d1283e4d05298b72341d2d812c2b1c20bb2edabdcbfa014105c
C_PHASE7A_INCREMENTAL_VS_FIXED,Phase 7A fixed four-state vs Fixed MA200 QQQ→QLD/CASH,PHASE7A_FIXED_FOUR_STATE,weekly,FIXED_MA200_QQQ_TO_QLD,weekly,pre_tax,2013-01-02,2026-08-31,3436,cagr_difference,0.005009393946793228,-0.010242890351993422,0.0224604201552893,0.7301,,,path/ratio bootstrap diagnostic,stationary_bootstrap_politis_romano,20,PRIMARY,10000,8301,0698377cc1696d1283e4d05298b72341d2d812c2b1c20bb2edabdcbfa014105c
C_PHASE7A_INCREMENTAL_VS_FIXED,Phase 7A fixed four-state vs Fixed MA200 QQQ→QLD/CASH,PHASE7A_FIXED_FOUR_STATE,weekly,FIXED_MA200_QQQ_TO_QLD,weekly,pre_tax,2013-01-02,2026-08-31,3436,max_drawdown_difference,0.0,-0.030625013646921988,0.01595160108459686,,0.1873,,path/ratio bootstrap diagnostic,stationary_bootstrap_politis_romano,20,PRIMARY,10000,8301,0698377cc1696d1283e4d05298b72341d2d812c2b1c20bb2edabdcbfa014105c
C_PHASE7A_INCREMENTAL_VS_FIXED,Phase 7A fixed four-state vs Fixed MA200 QQQ→QLD/CASH,PHASE7A_FIXED_FOUR_STATE,weekly,FIXED_MA200_QQQ_TO_QLD,weekly,pre_tax,2013-01-02,2026-08-31,3436,calmar_difference,0.01019113628737578,-0.05687738446430478,0.050994828129232575,0.5051,,,path/ratio bootstrap diagnostic,stationary_bootstrap_politis_romano,20,PRIMARY,10000,8301,0698377cc1696d1283e4d05298b72341d2d812c2b1c20bb2edabdcbfa014105c
C_PHASE7A_INCREMENTAL_VS_FIXED,Phase 7A fixed four-state vs Fixed MA200 QQQ→QLD/CASH,PHASE7A_FIXED_FOUR_STATE,monthly,FIXED_MA200_QQQ_TO_QLD,monthly,pre_tax,2013-01-02,2026-08-31,3436,annualized_mean_return_difference,0.004111514877764568,-0.011190240143381826,0.01747879635527607,0.7272,,0.2899,H0: expected paired excess return <= 0; H1: > 0,stationary_bootstrap_politis_romano,20,PRIMARY,10000,8301,0698377cc1696d1283e4d05298b72341d2d812c2b1c20bb2edabdcbfa014105c
C_PHASE7A_INCREMENTAL_VS_FIXED,Phase 7A fixed four-state vs Fixed MA200 QQQ→QLD/CASH,PHASE7A_FIXED_FOUR_STATE,monthly,FIXED_MA200_QQQ_TO_QLD,monthly,pre_tax,2013-01-02,2026-08-31,3436,annualized_volatility_difference,0.00884235980770609,0.0029126867932744676,0.013871606577732119,0.9952,,,path/ratio bootstrap diagnostic,stationary_bootstrap_politis_romano,20,PRIMARY,10000,8301,0698377cc1696d1283e4d05298b72341d2d812c2b1c20bb2edabdcbfa014105c
C_PHASE7A_INCREMENTAL_VS_FIXED,Phase 7A fixed four-state vs Fixed MA200 QQQ→QLD/CASH,PHASE7A_FIXED_FOUR_STATE,monthly,FIXED_MA200_QQQ_TO_QLD,monthly,pre_tax,2013-01-02,2026-08-31,3436,sharpe_difference,-0.010624846570288171,-0.050229885979348306,0.023391661383442328,0.2741,,,path/ratio bootstrap diagnostic,stationary_bootstrap_politis_romano,20,PRIMARY,10000,8301,0698377cc1696d1283e4d05298b72341d2d812c2b1c20bb2edabdcbfa014105c
C_PHASE7A_INCREMENTAL_VS_FIXED,Phase 7A fixed four-state vs Fixed MA200 QQQ→QLD/CASH,PHASE7A_FIXED_FOUR_STATE,monthly,FIXED_MA200_QQQ_TO_QLD,monthly,pre_tax,2013-01-02,2026-08-31,3436,cagr_difference,0.0012171992640350737,-0.016841067888418184,0.01924232234014462,0.5673,,,path/ratio bootstrap diagnostic,stationary_bootstrap_politis_romano,20,PRIMARY,10000,8301,0698377cc1696d1283e4d05298b72341d2d812c2b1c20bb2edabdcbfa014105c
C_PHASE7A_INCREMENTAL_VS_FIXED,Phase 7A fixed four-state vs Fixed MA200 QQQ→QLD/CASH,PHASE7A_FIXED_FOUR_STATE,monthly,FIXED_MA200_QQQ_TO_QLD,monthly,pre_tax,2013-01-02,2026-08-31,3436,max_drawdown_difference,1.1102230246251565e-16,-0.03805796682028329,0.008926403470951624,,0.1848,,path/ratio bootstrap diagnostic,stationary_bootstrap_politis_romano,20,PRIMARY,10000,8301,0698377cc1696d1283e4d05298b72341d2d812c2b1c20bb2edabdcbfa014105c
C_PHASE7A_INCREMENTAL_VS_FIXED,Phase 7A fixed four-state vs Fixed MA200 QQQ→QLD/CASH,PHASE7A_FIXED_FOUR_STATE,monthly,FIXED_MA200_QQQ_TO_QLD,monthly,pre_tax,2013-01-02,2026-08-31,3436,calmar_difference,0.0023536485234559867,-0.07911980747173968,0.03956668208427609,0.3596,,,path/ratio bootstrap diagnostic,stationary_bootstrap_politis_romano,20,PRIMARY,10000,8301,0698377cc1696d1283e4d05298b72341d2d812c2b1c20bb2edabdcbfa014105c
C_PHASE7A_INCREMENTAL_VS_FIXED,Phase 7A fixed four-state vs Fixed MA200 QQQ→QLD/CASH,PHASE7A_FIXED_FOUR_STATE,bimonthly,FIXED_MA200_QQQ_TO_QLD,bimonthly,pre_tax,2013-01-02,2026-08-31,3436,annualized_mean_return_difference,0.0063618087831871,-0.009012369404870022,0.019197964990696106,0.8143,,0.1897,H0: expected paired excess return <= 0; H1: > 0,stationary_bootstrap_politis_romano,20,PRIMARY,10000,8301,0698377cc1696d1283e4d05298b72341d2d812c2b1c20bb2edabdcbfa014105c
C_PHASE7A_INCREMENTAL_VS_FIXED,Phase 7A fixed four-state vs Fixed MA200 QQQ→QLD/CASH,PHASE7A_FIXED_FOUR_STATE,bimonthly,FIXED_MA200_QQQ_TO_QLD,bimonthly,pre_tax,2013-01-02,2026-08-31,3436,annualized_volatility_difference,0.009501347818650696,0.005302573658493548,0.013572780863202464,1.0,,,path/ratio bootstrap diagnostic,stationary_bootstrap_politis_romano,20,PRIMARY,10000,8301,0698377cc1696d1283e4d05298b72341d2d812c2b1c20bb2edabdcbfa014105c
C_PHASE7A_INCREMENTAL_VS_FIXED,Phase 7A fixed four-state vs Fixed MA200 QQQ→QLD/CASH,PHASE7A_FIXED_FOUR_STATE,bimonthly,FIXED_MA200_QQQ_TO_QLD,bimonthly,pre_tax,2013-01-02,2026-08-31,3436,sharpe_difference,-0.007327082813227914,-0.04356146438238898,0.0220384252132051,0.3359,,,path/ratio bootstrap diagnostic,stationary_bootstrap_politis_romano,20,PRIMARY,10000,8301,0698377cc1696d1283e4d05298b72341d2d812c2b1c20bb2edabdcbfa014105c
C_PHASE7A_INCREMENTAL_VS_FIXED,Phase 7A fixed four-state vs Fixed MA200 QQQ→QLD/CASH,PHASE7A_FIXED_FOUR_STATE,bimonthly,FIXED_MA200_QQQ_TO_QLD,bimonthly,pre_tax,2013-01-02,2026-08-31,3436,cagr_difference,0.0036966700420635323,-0.014964945500864218,0.021977911924453707,0.6702,,,path/ratio bootstrap diagnostic,stationary_bootstrap_politis_romano,20,PRIMARY,10000,8301,0698377cc1696d1283e4d05298b72341d2d812c2b1c20bb2edabdcbfa014105c
C_PHASE7A_INCREMENTAL_VS_FIXED,Phase 7A fixed four-state vs Fixed MA200 QQQ→QLD/CASH,PHASE7A_FIXED_FOUR_STATE,bimonthly,FIXED_MA200_QQQ_TO_QLD,bimonthly,pre_tax,2013-01-02,2026-08-31,3436,max_drawdown_difference,-0.013513754550907864,-0.035187008430343766,0.003140135231995909,,0.0688,,path/ratio bootstrap diagnostic,stationary_bootstrap_politis_romano,20,PRIMARY,10000,8301,0698377cc1696d1283e4d05298b72341d2d812c2b1c20bb2edabdcbfa014105c
C_PHASE7A_INCREMENTAL_VS_FIXED,Phase 7A fixed four-state vs Fixed MA200 QQQ→QLD/CASH,PHASE7A_FIXED_FOUR_STATE,bimonthly,FIXED_MA200_QQQ_TO_QLD,bimonthly,pre_tax,2013-01-02,2026-08-31,3436,calmar_difference,-0.008990339545510206,-0.07058786782980873,0.04161558358901044,0.365,,,path/ratio bootstrap diagnostic,stationary_bootstrap_politis_romano,20,PRIMARY,10000,8301,0698377cc1696d1283e4d05298b72341d2d812c2b1c20bb2edabdcbfa014105c
C_PHASE7A_INCREMENTAL_VS_FIXED,Phase 7A fixed four-state vs Fixed MA200 QQQ→QLD/CASH,PHASE7A_FIXED_FOUR_STATE,quarterly,FIXED_MA200_QQQ_TO_QLD,quarterly,pre_tax,2013-01-02,2026-08-31,3436,annualized_mean_return_difference,0.0012832570775194122,-0.020980488502862073,0.019037611614803957,0.5723,,0.4745,H0: expected paired excess return <= 0; H1: > 0,stationary_bootstrap_politis_romano,20,PRIMARY,10000,8301,0698377cc1696d1283e4d05298b72341d2d812c2b1c20bb2edabdcbfa014105c
C_PHASE7A_INCREMENTAL_VS_FIXED,Phase 7A fixed four-state vs Fixed MA200 QQQ→QLD/CASH,PHASE7A_FIXED_FOUR_STATE,quarterly,FIXED_MA200_QQQ_TO_QLD,quarterly,pre_tax,2013-01-02,2026-08-31,3436,annualized_volatility_difference,0.017541177899873583,0.010458393625221706,0.024181062837352153,1.0,,,path/ratio bootstrap diagnostic,stationary_bootstrap_politis_romano,20,PRIMARY,10000,8301,0698377cc1696d1283e4d05298b72341d2d812c2b1c20bb2edabdcbfa014105c
C_PHASE7A_INCREMENTAL_VS_FIXED,Phase 7A fixed four-state vs Fixed MA200 QQQ→QLD/CASH,PHASE7A_FIXED_FOUR_STATE,quarterly,FIXED_MA200_QQQ_TO_QLD,quarterly,pre_tax,2013-01-02,2026-08-31,3436,sharpe_difference,-0.030598571512764572,-0.08457581017944166,0.012011695185060695,0.1018,,,path/ratio bootstrap diagnostic,stationary_bootstrap_politis_romano,20,PRIMARY,10000,8301,0698377cc1696d1283e4d05298b72341d2d812c2b1c20bb2edabdcbfa014105c
C_PHASE7A_INCREMENTAL_VS_FIXED,Phase 7A fixed four-state vs Fixed MA200 QQQ→QLD/CASH,PHASE7A_FIXED_FOUR_STATE,quarterly,FIXED_MA200_QQQ_TO_QLD,quarterly,pre_tax,2013-01-02,2026-08-31,3436,cagr_difference,-0.006230214156438096,-0.03188539183371089,0.017307393809811594,0.3242,,,path/ratio bootstrap diagnostic,stationary_bootstrap_politis_romano,20,PRIMARY,10000,8301,0698377cc1696d1283e4d05298b72341d2d812c2b1c20bb2edabdcbfa014105c
C_PHASE7A_INCREMENTAL_VS_FIXED,Phase 7A fixed four-state vs Fixed MA200 QQQ→QLD/CASH,PHASE7A_FIXED_FOUR_STATE,quarterly,FIXED_MA200_QQQ_TO_QLD,quarterly,pre_tax,2013-01-02,2026-08-31,3436,max_drawdown_difference,-0.039169768207010125,-0.06456777296928032,-0.0016228754799730335,,0.0155,,path/ratio bootstrap diagnostic,stationary_bootstrap_politis_romano,20,PRIMARY,10000,8301,0698377cc1696d1283e4d05298b72341d2d812c2b1c20bb2edabdcbfa014105c
C_PHASE7A_INCREMENTAL_VS_FIXED,Phase 7A fixed four-state vs Fixed MA200 QQQ→QLD/CASH,PHASE7A_FIXED_FOUR_STATE,quarterly,FIXED_MA200_QQQ_TO_QLD,quarterly,pre_tax,2013-01-02,2026-08-31,3436,calmar_difference,-0.03919794070375365,-0.091998610078656,0.01739132119198971,0.091,,,path/ratio bootstrap diagnostic,stationary_bootstrap_politis_romano,20,PRIMARY,10000,8301,0698377cc1696d1283e4d05298b72341d2d812c2b1c20bb2edabdcbfa014105c
D_PHASE7B_MODEL_A_VS_FIXED,Phase 7B Model A selected WF vs Fixed MA200 QQQ→QLD/CASH,PHASE7B_MODEL_A_SELECTED,weekly,FIXED_MA200_QQQ_TO_QLD,weekly,pre_tax,2013-01-02,2026-08-31,3436,annualized_mean_return_difference,-0.24132343327690378,-0.35768547163229564,-0.1234826097735275,0.0,,1.0,H0: expected paired excess return <= 0; H1: > 0,stationary_bootstrap_politis_romano,20,PRIMARY,10000,8301,0698377cc1696d1283e4d05298b72341d2d812c2b1c20bb2edabdcbfa014105c
D_PHASE7B_MODEL_A_VS_FIXED,Phase 7B Model A selected WF vs Fixed MA200 QQQ→QLD/CASH,PHASE7B_MODEL_A_SELECTED,weekly,FIXED_MA200_QQQ_TO_QLD,weekly,pre_tax,2013-01-02,2026-08-31,3436,annualized_volatility_difference,-0.10178655533495379,-0.13924181488055917,-0.07339820704431285,0.0,,,path/ratio bootstrap diagnostic,stationary_bootstrap_politis_romano,20,PRIMARY,10000,8301,0698377cc1696d1283e4d05298b72341d2d812c2b1c20bb2edabdcbfa014105c
D_PHASE7B_MODEL_A_VS_FIXED,Phase 7B Model A selected WF vs Fixed MA200 QQQ→QLD/CASH,PHASE7B_MODEL_A_SELECTED,weekly,FIXED_MA200_QQQ_TO_QLD,weekly,pre_tax,2013-01-02,2026-08-31,3436,sharpe_difference,-0.6347812501997244,-1.0411396578787715,-0.22654946605286957,0.0014,,,path/ratio bootstrap diagnostic,stationary_bootstrap_politis_romano,20,PRIMARY,10000,8301,0698377cc1696d1283e4d05298b72341d2d812c2b1c20bb2edabdcbfa014105c
D_PHASE7B_MODEL_A_VS_FIXED,Phase 7B Model A selected WF vs Fixed MA200 QQQ→QLD/CASH,PHASE7B_MODEL_A_SELECTED,weekly,FIXED_MA200_QQQ_TO_QLD,weekly,pre_tax,2013-01-02,2026-08-31,3436,cagr_difference,-0.24626798667581107,-0.4063725146470912,-0.10308241945232519,0.0002,,,path/ratio bootstrap diagnostic,stationary_bootstrap_politis_romano,20,PRIMARY,10000,8301,0698377cc1696d1283e4d05298b72341d2d812c2b1c20bb2edabdcbfa014105c
D_PHASE7B_MODEL_A_VS_FIXED,Phase 7B Model A selected WF vs Fixed MA200 QQQ→QLD/CASH,PHASE7B_MODEL_A_SELECTED,weekly,FIXED_MA200_QQQ_TO_QLD,weekly,pre_tax,2013-01-02,2026-08-31,3436,max_drawdown_difference,0.0,-0.22929109040213042,0.17193466930413026,,0.4276,,path/ratio bootstrap diagnostic,stationary_bootstrap_politis_romano,20,PRIMARY,10000,8301,0698377cc1696d1283e4d05298b72341d2d812c2b1c20bb2edabdcbfa014105c
D_PHASE7B_MODEL_A_VS_FIXED,Phase 7B Model A selected WF vs Fixed MA200 QQQ→QLD/CASH,PHASE7B_MODEL_A_SELECTED,weekly,FIXED_MA200_QQQ_TO_QLD,weekly,pre_tax,2013-01-02,2026-08-31,3436,calmar_difference,-0.5010088330220938,-1.0881226495083995,-0.14048877447065788,0.002,,,path/ratio bootstrap diagnostic,stationary_bootstrap_politis_romano,20,PRIMARY,10000,8301,0698377cc1696d1283e4d05298b72341d2d812c2b1c20bb2edabdcbfa014105c
D_PHASE7B_MODEL_A_VS_FIXED,Phase 7B Model A selected WF vs Fixed MA200 QQQ→QLD/CASH,PHASE7B_MODEL_A_SELECTED,monthly,FIXED_MA200_QQQ_TO_QLD,monthly,pre_tax,2013-01-02,2026-08-31,3436,annualized_mean_return_difference,-0.30714880063494177,-0.4545188095595842,-0.1568757373526297,0.0,,1.0,H0: expected paired excess return <= 0; H1: > 0,stationary_bootstrap_politis_romano,20,PRIMARY,10000,8301,0698377cc1696d1283e4d05298b72341d2d812c2b1c20bb2edabdcbfa014105c
D_PHASE7B_MODEL_A_VS_FIXED,Phase 7B Model A selected WF vs Fixed MA200 QQQ→QLD/CASH,PHASE7B_MODEL_A_SELECTED,monthly,FIXED_MA200_QQQ_TO_QLD,monthly,pre_tax,2013-01-02,2026-08-31,3436,annualized_volatility_difference,-0.34503578982203303,-0.40357493221282276,-0.30000766919850275,0.0,,,path/ratio bootstrap diagnostic,stationary_bootstrap_politis_romano,20,PRIMARY,10000,8301,0698377cc1696d1283e4d05298b72341d2d812c2b1c20bb2edabdcbfa014105c
D_PHASE7B_MODEL_A_VS_FIXED,Phase 7B Model A selected WF vs Fixed MA200 QQQ→QLD/CASH,PHASE7B_MODEL_A_SELECTED,monthly,FIXED_MA200_QQQ_TO_QLD,monthly,pre_tax,2013-01-02,2026-08-31,3436,sharpe_difference,,,,,,,path/ratio bootstrap diagnostic,stationary_bootstrap_politis_romano,20,PRIMARY,10000,8301,0698377cc1696d1283e4d05298b72341d2d812c2b1c20bb2edabdcbfa014105c
D_PHASE7B_MODEL_A_VS_FIXED,Phase 7B Model A selected WF vs Fixed MA200 QQQ→QLD/CASH,PHASE7B_MODEL_A_SELECTED,monthly,FIXED_MA200_QQQ_TO_QLD,monthly,pre_tax,2013-01-02,2026-08-31,3436,cagr_difference,-0.27938231955970605,-0.49124977575475187,-0.09186970759849887,0.0012,,,path/ratio bootstrap diagnostic,stationary_bootstrap_politis_romano,20,PRIMARY,10000,8301,0698377cc1696d1283e4d05298b72341d2d812c2b1c20bb2edabdcbfa014105c
D_PHASE7B_MODEL_A_VS_FIXED,Phase 7B Model A selected WF vs Fixed MA200 QQQ→QLD/CASH,PHASE7B_MODEL_A_SELECTED,monthly,FIXED_MA200_QQQ_TO_QLD,monthly,pre_tax,2013-01-02,2026-08-31,3436,max_drawdown_difference,0.5171542190368645,0.3206996975761626,0.7473612175963704,,1.0,,path/ratio bootstrap diagnostic,stationary_bootstrap_politis_romano,20,PRIMARY,10000,8301,0698377cc1696d1283e4d05298b72341d2d812c2b1c20bb2edabdcbfa014105c
D_PHASE7B_MODEL_A_VS_FIXED,Phase 7B Model A selected WF vs Fixed MA200 QQQ→QLD/CASH,PHASE7B_MODEL_A_SELECTED,monthly,FIXED_MA200_QQQ_TO_QLD,monthly,pre_tax,2013-01-02,2026-08-31,3436,calmar_difference,,,,,,,path/ratio bootstrap diagnostic,stationary_bootstrap_politis_romano,20,PRIMARY,10000,8301,0698377cc1696d1283e4d05298b72341d2d812c2b1c20bb2edabdcbfa014105c
D_PHASE7B_MODEL_A_VS_FIXED,Phase 7B Model A selected WF vs Fixed MA200 QQQ→QLD/CASH,PHASE7B_MODEL_A_SELECTED,bimonthly,FIXED_MA200_QQQ_TO_QLD,bimonthly,pre_tax,2013-01-02,2026-08-31,3436,annualized_mean_return_difference,-0.34785174769885313,-0.5056687944163268,-0.18729087511804632,0.0,,1.0,H0: expected paired excess return <= 0; H1: > 0,stationary_bootstrap_politis_romano,20,PRIMARY,10000,8301,0698377cc1696d1283e4d05298b72341d2d812c2b1c20bb2edabdcbfa014105c
D_PHASE7B_MODEL_A_VS_FIXED,Phase 7B Model A selected WF vs Fixed MA200 QQQ→QLD/CASH,PHASE7B_MODEL_A_SELECTED,bimonthly,FIXED_MA200_QQQ_TO_QLD,bimonthly,pre_tax,2013-01-02,2026-08-31,3436,annualized_volatility_difference,-0.3634228736168386,-0.42590372742977867,-0.3104764577762167,0.0,,,path/ratio bootstrap diagnostic,stationary_bootstrap_politis_romano,20,PRIMARY,10000,8301,0698377cc1696d1283e4d05298b72341d2d812c2b1c20bb2edabdcbfa014105c
D_PHASE7B_MODEL_A_VS_FIXED,Phase 7B Model A selected WF vs Fixed MA200 QQQ→QLD/CASH,PHASE7B_MODEL_A_SELECTED,bimonthly,FIXED_MA200_QQQ_TO_QLD,bimonthly,pre_tax,2013-01-02,2026-08-31,3436,sharpe_difference,,,,,,,path/ratio bootstrap diagnostic,stationary_bootstrap_politis_romano,20,PRIMARY,10000,8301,0698377cc1696d1283e4d05298b72341d2d812c2b1c20bb2edabdcbfa014105c
D_PHASE7B_MODEL_A_VS_FIXED,Phase 7B Model A selected WF vs Fixed MA200 QQQ→QLD/CASH,PHASE7B_MODEL_A_SELECTED,bimonthly,FIXED_MA200_QQQ_TO_QLD,bimonthly,pre_tax,2013-01-02,2026-08-31,3436,cagr_difference,-0.3240425847073267,-0.5556695657190122,-0.11849610448044226,0.0008,,,path/ratio bootstrap diagnostic,stationary_bootstrap_politis_romano,20,PRIMARY,10000,8301,0698377cc1696d1283e4d05298b72341d2d812c2b1c20bb2edabdcbfa014105c
D_PHASE7B_MODEL_A_VS_FIXED,Phase 7B Model A selected WF vs Fixed MA200 QQQ→QLD/CASH,PHASE7B_MODEL_A_SELECTED,bimonthly,FIXED_MA200_QQQ_TO_QLD,bimonthly,pre_tax,2013-01-02,2026-08-31,3436,max_drawdown_difference,0.5171542190368645,0.3336785110489933,0.7409447109138868,,1.0,,path/ratio bootstrap diagnostic,stationary_bootstrap_politis_romano,20,PRIMARY,10000,8301,0698377cc1696d1283e4d05298b72341d2d812c2b1c20bb2edabdcbfa014105c
D_PHASE7B_MODEL_A_VS_FIXED,Phase 7B Model A selected WF vs Fixed MA200 QQQ→QLD/CASH,PHASE7B_MODEL_A_SELECTED,bimonthly,FIXED_MA200_QQQ_TO_QLD,bimonthly,pre_tax,2013-01-02,2026-08-31,3436,calmar_difference,,,,,,,path/ratio bootstrap diagnostic,stationary_bootstrap_politis_romano,20,PRIMARY,10000,8301,0698377cc1696d1283e4d05298b72341d2d812c2b1c20bb2edabdcbfa014105c
D_PHASE7B_MODEL_A_VS_FIXED,Phase 7B Model A selected WF vs Fixed MA200 QQQ→QLD/CASH,PHASE7B_MODEL_A_SELECTED,quarterly,FIXED_MA200_QQQ_TO_QLD,quarterly,pre_tax,2013-01-02,2026-08-31,3436,annualized_mean_return_difference,-0.24908473147630197,-0.3942814924490866,-0.09525875015135477,0.0011,,0.9996,H0: expected paired excess return <= 0; H1: > 0,stationary_bootstrap_politis_romano,20,PRIMARY,10000,8301,0698377cc1696d1283e4d05298b72341d2d812c2b1c20bb2edabdcbfa014105c
D_PHASE7B_MODEL_A_VS_FIXED,Phase 7B Model A selected WF vs Fixed MA200 QQQ→QLD/CASH,PHASE7B_MODEL_A_SELECTED,quarterly,FIXED_MA200_QQQ_TO_QLD,quarterly,pre_tax,2013-01-02,2026-08-31,3436,annualized_volatility_difference,-0.3493073138777766,-0.4066134709330256,-0.30262930275614125,0.0,,,path/ratio bootstrap diagnostic,stationary_bootstrap_politis_romano,20,PRIMARY,10000,8301,0698377cc1696d1283e4d05298b72341d2d812c2b1c20bb2edabdcbfa014105c
D_PHASE7B_MODEL_A_VS_FIXED,Phase 7B Model A selected WF vs Fixed MA200 QQQ→QLD/CASH,PHASE7B_MODEL_A_SELECTED,quarterly,FIXED_MA200_QQQ_TO_QLD,quarterly,pre_tax,2013-01-02,2026-08-31,3436,sharpe_difference,,,,,,,path/ratio bootstrap diagnostic,stationary_bootstrap_politis_romano,20,PRIMARY,10000,8301,0698377cc1696d1283e4d05298b72341d2d812c2b1c20bb2edabdcbfa014105c
D_PHASE7B_MODEL_A_VS_FIXED,Phase 7B Model A selected WF vs Fixed MA200 QQQ→QLD/CASH,PHASE7B_MODEL_A_SELECTED,quarterly,FIXED_MA200_QQQ_TO_QLD,quarterly,pre_tax,2013-01-02,2026-08-31,3436,cagr_difference,-0.20565538195026245,-0.40512637159734094,-0.023748515909637752,0.013,,,path/ratio bootstrap diagnostic,stationary_bootstrap_politis_romano,20,PRIMARY,10000,8301,0698377cc1696d1283e4d05298b72341d2d812c2b1c20bb2edabdcbfa014105c
D_PHASE7B_MODEL_A_VS_FIXED,Phase 7B Model A selected WF vs Fixed MA200 QQQ→QLD/CASH,PHASE7B_MODEL_A_SELECTED,quarterly,FIXED_MA200_QQQ_TO_QLD,quarterly,pre_tax,2013-01-02,2026-08-31,3436,max_drawdown_difference,0.5171542190368646,0.3484485920471167,0.795043731779055,,1.0,,path/ratio bootstrap diagnostic,stationary_bootstrap_politis_romano,20,PRIMARY,10000,8301,0698377cc1696d1283e4d05298b72341d2d812c2b1c20bb2edabdcbfa014105c
D_PHASE7B_MODEL_A_VS_FIXED,Phase 7B Model A selected WF vs Fixed MA200 QQQ→QLD/CASH,PHASE7B_MODEL_A_SELECTED,quarterly,FIXED_MA200_QQQ_TO_QLD,quarterly,pre_tax,2013-01-02,2026-08-31,3436,calmar_difference,,,,,,,path/ratio bootstrap diagnostic,stationary_bootstrap_politis_romano,20,PRIMARY,10000,8301,0698377cc1696d1283e4d05298b72341d2d812c2b1c20bb2edabdcbfa014105c
E_PHASE7B_MODEL_B_VS_MODEL_A,Phase 7B Model B selected WF vs Model A selected WF,PHASE7B_MODEL_B_SELECTED,weekly,PHASE7B_MODEL_A_SELECTED,weekly,pre_tax,2013-01-02,2026-08-31,3436,annualized_mean_return_difference,0.028364997728043736,-0.018254627905089384,0.07881401747708212,0.8764,,0.127,H0: expected paired excess return <= 0; H1: > 0,stationary_bootstrap_politis_romano,20,PRIMARY,10000,8301,0698377cc1696d1283e4d05298b72341d2d812c2b1c20bb2edabdcbfa014105c
E_PHASE7B_MODEL_B_VS_MODEL_A,Phase 7B Model B selected WF vs Model A selected WF,PHASE7B_MODEL_B_SELECTED,weekly,PHASE7B_MODEL_A_SELECTED,weekly,pre_tax,2013-01-02,2026-08-31,3436,annualized_volatility_difference,0.022310425507141463,0.011932232258270122,0.03721233923494502,1.0,,,path/ratio bootstrap diagnostic,stationary_bootstrap_politis_romano,20,PRIMARY,10000,8301,0698377cc1696d1283e4d05298b72341d2d812c2b1c20bb2edabdcbfa014105c
E_PHASE7B_MODEL_B_VS_MODEL_A,Phase 7B Model B selected WF vs Model A selected WF,PHASE7B_MODEL_B_SELECTED,weekly,PHASE7B_MODEL_A_SELECTED,weekly,pre_tax,2013-01-02,2026-08-31,3436,sharpe_difference,0.08584458499756537,-0.10742291347264155,0.2903489683006615,0.8001,,,path/ratio bootstrap diagnostic,stationary_bootstrap_politis_romano,20,PRIMARY,10000,8301,0698377cc1696d1283e4d05298b72341d2d812c2b1c20bb2edabdcbfa014105c
E_PHASE7B_MODEL_B_VS_MODEL_A,Phase 7B Model B selected WF vs Model A selected WF,PHASE7B_MODEL_B_SELECTED,weekly,PHASE7B_MODEL_A_SELECTED,weekly,pre_tax,2013-01-02,2026-08-31,3436,cagr_difference,0.02413017799757955,-0.024154651550803544,0.07927053893706584,0.8274,,,path/ratio bootstrap diagnostic,stationary_bootstrap_politis_romano,20,PRIMARY,10000,8301,0698377cc1696d1283e4d05298b72341d2d812c2b1c20bb2edabdcbfa014105c
E_PHASE7B_MODEL_B_VS_MODEL_A,Phase 7B Model B selected WF vs Model A selected WF,PHASE7B_MODEL_B_SELECTED,weekly,PHASE7B_MODEL_A_SELECTED,weekly,pre_tax,2013-01-02,2026-08-31,3436,max_drawdown_difference,1.1102230246251565e-16,-0.11803839184466589,0.0961383797824793,,0.3708,,path/ratio bootstrap diagnostic,stationary_bootstrap_politis_romano,20,PRIMARY,10000,8301,0698377cc1696d1283e4d05298b72341d2d812c2b1c20bb2edabdcbfa014105c
E_PHASE7B_MODEL_B_VS_MODEL_A,Phase 7B Model B selected WF vs Model A selected WF,PHASE7B_MODEL_B_SELECTED,weekly,PHASE7B_MODEL_A_SELECTED,weekly,pre_tax,2013-01-02,2026-08-31,3436,calmar_difference,0.049090555708718064,-0.07186578488170393,0.2000423081327354,0.783,,,path/ratio bootstrap diagnostic,stationary_bootstrap_politis_romano,20,PRIMARY,10000,8301,0698377cc1696d1283e4d05298b72341d2d812c2b1c20bb2edabdcbfa014105c
E_PHASE7B_MODEL_B_VS_MODEL_A,Phase 7B Model B selected WF vs Model A selected WF,PHASE7B_MODEL_B_SELECTED,monthly,PHASE7B_MODEL_A_SELECTED,monthly,pre_tax,2013-01-02,2026-08-31,3436,annualized_mean_return_difference,0.08618377638353848,-0.024169268352785198,0.19452175893157408,0.9359,,0.0584,H0: expected paired excess return <= 0; H1: > 0,stationary_bootstrap_politis_romano,20,PRIMARY,10000,8301,0698377cc1696d1283e4d05298b72341d2d812c2b1c20bb2edabdcbfa014105c
E_PHASE7B_MODEL_B_VS_MODEL_A,Phase 7B Model B selected WF vs Model A selected WF,PHASE7B_MODEL_B_SELECTED,monthly,PHASE7B_MODEL_A_SELECTED,monthly,pre_tax,2013-01-02,2026-08-31,3436,annualized_volatility_difference,0.25571139884313643,0.18651144769174463,0.33309172426333955,1.0,,,path/ratio bootstrap diagnostic,stationary_bootstrap_politis_romano,20,PRIMARY,10000,8301,0698377cc1696d1283e4d05298b72341d2d812c2b1c20bb2edabdcbfa014105c
E_PHASE7B_MODEL_B_VS_MODEL_A,Phase 7B Model B selected WF vs Model A selected WF,PHASE7B_MODEL_B_SELECTED,monthly,PHASE7B_MODEL_A_SELECTED,monthly,pre_tax,2013-01-02,2026-08-31,3436,sharpe_difference,,,,,,,path/ratio bootstrap diagnostic,stationary_bootstrap_politis_romano,20,PRIMARY,10000,8301,0698377cc1696d1283e4d05298b72341d2d812c2b1c20bb2edabdcbfa014105c
E_PHASE7B_MODEL_B_VS_MODEL_A,Phase 7B Model B selected WF vs Model A selected WF,PHASE7B_MODEL_B_SELECTED,monthly,PHASE7B_MODEL_A_SELECTED,monthly,pre_tax,2013-01-02,2026-08-31,3436,cagr_difference,0.054204986510552944,-0.06488420277947851,0.17835150985123102,0.8071,,,path/ratio bootstrap diagnostic,stationary_bootstrap_politis_romano,20,PRIMARY,10000,8301,0698377cc1696d1283e4d05298b72341d2d812c2b1c20bb2edabdcbfa014105c
E_PHASE7B_MODEL_B_VS_MODEL_A,Phase 7B Model B selected WF vs Model A selected WF,PHASE7B_MODEL_B_SELECTED,monthly,PHASE7B_MODEL_A_SELECTED,monthly,pre_tax,2013-01-02,2026-08-31,3436,max_drawdown_difference,-0.5171542190368646,-0.8107405662534738,-0.27864821603084006,,0.0,,path/ratio bootstrap diagnostic,stationary_bootstrap_politis_romano,20,PRIMARY,10000,8301,0698377cc1696d1283e4d05298b72341d2d812c2b1c20bb2edabdcbfa014105c
E_PHASE7B_MODEL_B_VS_MODEL_A,Phase 7B Model B selected WF vs Model A selected WF,PHASE7B_MODEL_B_SELECTED,monthly,PHASE7B_MODEL_A_SELECTED,monthly,pre_tax,2013-01-02,2026-08-31,3436,calmar_difference,,,,,,,path/ratio bootstrap diagnostic,stationary_bootstrap_politis_romano,20,PRIMARY,10000,8301,0698377cc1696d1283e4d05298b72341d2d812c2b1c20bb2edabdcbfa014105c
E_PHASE7B_MODEL_B_VS_MODEL_A,Phase 7B Model B selected WF vs Model A selected WF,PHASE7B_MODEL_B_SELECTED,bimonthly,PHASE7B_MODEL_A_SELECTED,bimonthly,pre_tax,2013-01-02,2026-08-31,3436,annualized_mean_return_difference,0.1318381805455194,0.01624728327540753,0.24939094293602174,0.988,,0.0152,H0: expected paired excess return <= 0; H1: > 0,stationary_bootstrap_politis_romano,20,PRIMARY,10000,8301,0698377cc1696d1283e4d05298b72341d2d812c2b1c20bb2edabdcbfa014105c
E_PHASE7B_MODEL_B_VS_MODEL_A,Phase 7B Model B selected WF vs Model A selected WF,PHASE7B_MODEL_B_SELECTED,bimonthly,PHASE7B_MODEL_A_SELECTED,bimonthly,pre_tax,2013-01-02,2026-08-31,3436,annualized_volatility_difference,0.2666805889475568,0.1941506290068821,0.3486440695820674,1.0,,,path/ratio bootstrap diagnostic,stationary_bootstrap_politis_romano,20,PRIMARY,10000,8301,0698377cc1696d1283e4d05298b72341d2d812c2b1c20bb2edabdcbfa014105c
E_PHASE7B_MODEL_B_VS_MODEL_A,Phase 7B Model B selected WF vs Model A selected WF,PHASE7B_MODEL_B_SELECTED,bimonthly,PHASE7B_MODEL_A_SELECTED,bimonthly,pre_tax,2013-01-02,2026-08-31,3436,sharpe_difference,,,,,,,path/ratio bootstrap diagnostic,stationary_bootstrap_politis_romano,20,PRIMARY,10000,8301,0698377cc1696d1283e4d05298b72341d2d812c2b1c20bb2edabdcbfa014105c
E_PHASE7B_MODEL_B_VS_MODEL_A,Phase 7B Model B selected WF vs Model A selected WF,PHASE7B_MODEL_B_SELECTED,bimonthly,PHASE7B_MODEL_A_SELECTED,bimonthly,pre_tax,2013-01-02,2026-08-31,3436,cagr_difference,0.10026191163840914,-0.025399869128435355,0.23923158276237994,0.9398,,,path/ratio bootstrap diagnostic,stationary_bootstrap_politis_romano,20,PRIMARY,10000,8301,0698377cc1696d1283e4d05298b72341d2d812c2b1c20bb2edabdcbfa014105c
E_PHASE7B_MODEL_B_VS_MODEL_A,Phase 7B Model B selected WF vs Model A selected WF,PHASE7B_MODEL_B_SELECTED,bimonthly,PHASE7B_MODEL_A_SELECTED,bimonthly,pre_tax,2013-01-02,2026-08-31,3436,max_drawdown_difference,-0.5306679735877726,-0.7622660596448023,-0.2731076489011929,,0.0,,path/ratio bootstrap diagnostic,stationary_bootstrap_politis_romano,20,PRIMARY,10000,8301,0698377cc1696d1283e4d05298b72341d2d812c2b1c20bb2edabdcbfa014105c
E_PHASE7B_MODEL_B_VS_MODEL_A,Phase 7B Model B selected WF vs Model A selected WF,PHASE7B_MODEL_B_SELECTED,bimonthly,PHASE7B_MODEL_A_SELECTED,bimonthly,pre_tax,2013-01-02,2026-08-31,3436,calmar_difference,,,,,,,path/ratio bootstrap diagnostic,stationary_bootstrap_politis_romano,20,PRIMARY,10000,8301,0698377cc1696d1283e4d05298b72341d2d812c2b1c20bb2edabdcbfa014105c
E_PHASE7B_MODEL_B_VS_MODEL_A,Phase 7B Model B selected WF vs Model A selected WF,PHASE7B_MODEL_B_SELECTED,quarterly,PHASE7B_MODEL_A_SELECTED,quarterly,pre_tax,2013-01-02,2026-08-31,3436,annualized_mean_return_difference,0.0,0.0,0.0,0.0,,1.0,H0: expected paired excess return <= 0; H1: > 0,stationary_bootstrap_politis_romano,20,PRIMARY,10000,8301,0698377cc1696d1283e4d05298b72341d2d812c2b1c20bb2edabdcbfa014105c
E_PHASE7B_MODEL_B_VS_MODEL_A,Phase 7B Model B selected WF vs Model A selected WF,PHASE7B_MODEL_B_SELECTED,quarterly,PHASE7B_MODEL_A_SELECTED,quarterly,pre_tax,2013-01-02,2026-08-31,3436,annualized_volatility_difference,0.0,0.0,0.0,0.0,,,path/ratio bootstrap diagnostic,stationary_bootstrap_politis_romano,20,PRIMARY,10000,8301,0698377cc1696d1283e4d05298b72341d2d812c2b1c20bb2edabdcbfa014105c
E_PHASE7B_MODEL_B_VS_MODEL_A,Phase 7B Model B selected WF vs Model A selected WF,PHASE7B_MODEL_B_SELECTED,quarterly,PHASE7B_MODEL_A_SELECTED,quarterly,pre_tax,2013-01-02,2026-08-31,3436,sharpe_difference,,,,,,,path/ratio bootstrap diagnostic,stationary_bootstrap_politis_romano,20,PRIMARY,10000,8301,0698377cc1696d1283e4d05298b72341d2d812c2b1c20bb2edabdcbfa014105c
E_PHASE7B_MODEL_B_VS_MODEL_A,Phase 7B Model B selected WF vs Model A selected WF,PHASE7B_MODEL_B_SELECTED,quarterly,PHASE7B_MODEL_A_SELECTED,quarterly,pre_tax,2013-01-02,2026-08-31,3436,cagr_difference,0.0,0.0,0.0,0.0,,,path/ratio bootstrap diagnostic,stationary_bootstrap_politis_romano,20,PRIMARY,10000,8301,0698377cc1696d1283e4d05298b72341d2d812c2b1c20bb2edabdcbfa014105c
E_PHASE7B_MODEL_B_VS_MODEL_A,Phase 7B Model B selected WF vs Model A selected WF,PHASE7B_MODEL_B_SELECTED,quarterly,PHASE7B_MODEL_A_SELECTED,quarterly,pre_tax,2013-01-02,2026-08-31,3436,max_drawdown_difference,0.0,0.0,0.0,,1.0,,path/ratio bootstrap diagnostic,stationary_bootstrap_politis_romano,20,PRIMARY,10000,8301,0698377cc1696d1283e4d05298b72341d2d812c2b1c20bb2edabdcbfa014105c
E_PHASE7B_MODEL_B_VS_MODEL_A,Phase 7B Model B selected WF vs Model A selected WF,PHASE7B_MODEL_B_SELECTED,quarterly,PHASE7B_MODEL_A_SELECTED,quarterly,pre_tax,2013-01-02,2026-08-31,3436,calmar_difference,,,,,,,path/ratio bootstrap diagnostic,stationary_bootstrap_politis_romano,20,PRIMARY,10000,8301,0698377cc1696d1283e4d05298b72341d2d812c2b1c20bb2edabdcbfa014105c
A_FIXED_MA200_VS_QQQ,Fixed MA200 QQQ→QLD/CASH vs QQQ buy-and-hold,FIXED_MA200_QQQ_TO_QLD,weekly,QQQ_BUY_HOLD,none,pre_tax,2013-01-02,2026-08-31,3436,annualized_mean_return_difference,0.10605161860960621,0.009331872693850763,0.19719584416763766,0.9831,,0.0093,H0: expected paired excess return <= 0; H1: > 0,stationary_bootstrap_politis_romano,40,SENSITIVITY,10000,8301,c016c551c60a1c48ec61d23bf4d46d2d8216116f12c7fa2b4fd2ab01d53ac3cf
A_FIXED_MA200_VS_QQQ,Fixed MA200 QQQ→QLD/CASH vs QQQ buy-and-hold,FIXED_MA200_QQQ_TO_QLD,weekly,QQQ_BUY_HOLD,none,pre_tax,2013-01-02,2026-08-31,3436,annualized_volatility_difference,0.12378129961465748,0.08619754162035212,0.15666692996832926,1.0,,,path/ratio bootstrap diagnostic,stationary_bootstrap_politis_romano,40,SENSITIVITY,10000,8301,c016c551c60a1c48ec61d23bf4d46d2d8216116f12c7fa2b4fd2ab01d53ac3cf
A_FIXED_MA200_VS_QQQ,Fixed MA200 QQQ→QLD/CASH vs QQQ buy-and-hold,FIXED_MA200_QQQ_TO_QLD,weekly,QQQ_BUY_HOLD,none,pre_tax,2013-01-02,2026-08-31,3436,sharpe_difference,-0.04552765344806409,-0.31069462772664963,0.261398608520533,0.3641,,,path/ratio bootstrap diagnostic,stationary_bootstrap_politis_romano,40,SENSITIVITY,10000,8301,c016c551c60a1c48ec61d23bf4d46d2d8216116f12c7fa2b4fd2ab01d53ac3cf
A_FIXED_MA200_VS_QQQ,Fixed MA200 QQQ→QLD/CASH vs QQQ buy-and-hold,FIXED_MA200_QQQ_TO_QLD,weekly,QQQ_BUY_HOLD,none,pre_tax,2013-01-02,2026-08-31,3436,cagr_difference,0.08914681052418882,-0.03433018694259031,0.22476491411596117,0.9242,,,path/ratio bootstrap diagnostic,stationary_bootstrap_politis_romano,40,SENSITIVITY,10000,8301,c016c551c60a1c48ec61d23bf4d46d2d8216116f12c7fa2b4fd2ab01d53ac3cf
A_FIXED_MA200_VS_QQQ,Fixed MA200 QQQ→QLD/CASH vs QQQ buy-and-hold,FIXED_MA200_QQQ_TO_QLD,weekly,QQQ_BUY_HOLD,none,pre_tax,2013-01-02,2026-08-31,3436,max_drawdown_difference,-0.14035690084368324,-0.36304000386291463,0.01229928054430195,,0.0334,,path/ratio bootstrap diagnostic,stationary_bootstrap_politis_romano,40,SENSITIVITY,10000,8301,c016c551c60a1c48ec61d23bf4d46d2d8216116f12c7fa2b4fd2ab01d53ac3cf
A_FIXED_MA200_VS_QQQ,Fixed MA200 QQQ→QLD/CASH vs QQQ buy-and-hold,FIXED_MA200_QQQ_TO_QLD,weekly,QQQ_BUY_HOLD,none,pre_tax,2013-01-02,2026-08-31,3436,calmar_difference,0.01910384216584582,-0.42062803102144747,0.5396868531378829,0.3842,,,path/ratio bootstrap diagnostic,stationary_bootstrap_politis_romano,40,SENSITIVITY,10000,8301,c016c551c60a1c48ec61d23bf4d46d2d8216116f12c7fa2b4fd2ab01d53ac3cf
A_FIXED_MA200_VS_QQQ,Fixed MA200 QQQ→QLD/CASH vs QQQ buy-and-hold,FIXED_MA200_QQQ_TO_QLD,monthly,QQQ_BUY_HOLD,none,pre_tax,2013-01-02,2026-08-31,3436,annualized_mean_return_difference,0.10303643330976675,0.011013161582974284,0.1920870757196351,0.9863,,0.0109,H0: expected paired excess return <= 0; H1: > 0,stationary_bootstrap_politis_romano,40,SENSITIVITY,10000,8301,c016c551c60a1c48ec61d23bf4d46d2d8216116f12c7fa2b4fd2ab01d53ac3cf
A_FIXED_MA200_VS_QQQ,Fixed MA200 QQQ→QLD/CASH vs QQQ buy-and-hold,FIXED_MA200_QQQ_TO_QLD,monthly,QQQ_BUY_HOLD,none,pre_tax,2013-01-02,2026-08-31,3436,annualized_volatility_difference,0.1365407936001918,0.09574005167823324,0.17697958158534663,1.0,,,path/ratio bootstrap diagnostic,stationary_bootstrap_politis_romano,40,SENSITIVITY,10000,8301,c016c551c60a1c48ec61d23bf4d46d2d8216116f12c7fa2b4fd2ab01d53ac3cf
A_FIXED_MA200_VS_QQQ,Fixed MA200 QQQ→QLD/CASH vs QQQ buy-and-hold,FIXED_MA200_QQQ_TO_QLD,monthly,QQQ_BUY_HOLD,none,pre_tax,2013-01-02,2026-08-31,3436,sharpe_difference,-0.08878566151678313,-0.3648158144893832,0.2319857189986253,0.2767,,,path/ratio bootstrap diagnostic,stationary_bootstrap_politis_romano,40,SENSITIVITY,10000,8301,c016c551c60a1c48ec61d23bf4d46d2d8216116f12c7fa2b4fd2ab01d53ac3cf
A_FIXED_MA200_VS_QQQ,Fixed MA200 QQQ→QLD/CASH vs QQQ buy-and-hold,FIXED_MA200_QQQ_TO_QLD,monthly,QQQ_BUY_HOLD,none,pre_tax,2013-01-02,2026-08-31,3436,cagr_difference,0.07982359202355593,-0.0402355594405164,0.21255782128933823,0.905,,,path/ratio bootstrap diagnostic,stationary_bootstrap_politis_romano,40,SENSITIVITY,10000,8301,c016c551c60a1c48ec61d23bf4d46d2d8216116f12c7fa2b4fd2ab01d53ac3cf
A_FIXED_MA200_VS_QQQ,Fixed MA200 QQQ→QLD/CASH vs QQQ buy-and-hold,FIXED_MA200_QQQ_TO_QLD,monthly,QQQ_BUY_HOLD,none,pre_tax,2013-01-02,2026-08-31,3436,max_drawdown_difference,-0.16596691857312096,-0.3501034972456077,0.01733610400323813,,0.0382,,path/ratio bootstrap diagnostic,stationary_bootstrap_politis_romano,40,SENSITIVITY,10000,8301,c016c551c60a1c48ec61d23bf4d46d2d8216116f12c7fa2b4fd2ab01d53ac3cf
A_FIXED_MA200_VS_QQQ,Fixed MA200 QQQ→QLD/CASH vs QQQ buy-and-hold,FIXED_MA200_QQQ_TO_QLD,monthly,QQQ_BUY_HOLD,none,pre_tax,2013-01-02,2026-08-31,3436,calmar_difference,-0.028009973970306024,-0.42702088449988174,0.5022952525498887,0.3553,,,path/ratio bootstrap diagnostic,stationary_bootstrap_politis_romano,40,SENSITIVITY,10000,8301,c016c551c60a1c48ec61d23bf4d46d2d8216116f12c7fa2b4fd2ab01d53ac3cf
A_FIXED_MA200_VS_QQQ,Fixed MA200 QQQ→QLD/CASH vs QQQ buy-and-hold,FIXED_MA200_QQQ_TO_QLD,bimonthly,QQQ_BUY_HOLD,none,pre_tax,2013-01-02,2026-08-31,3436,annualized_mean_return_difference,0.1437393803736781,0.056598032467035764,0.22996054367269675,0.999,,0.0007,H0: expected paired excess return <= 0; H1: > 0,stationary_bootstrap_politis_romano,40,SENSITIVITY,10000,8301,c016c551c60a1c48ec61d23bf4d46d2d8216116f12c7fa2b4fd2ab01d53ac3cf
A_FIXED_MA200_VS_QQQ,Fixed MA200 QQQ→QLD/CASH vs QQQ buy-and-hold,FIXED_MA200_QQQ_TO_QLD,bimonthly,QQQ_BUY_HOLD,none,pre_tax,2013-01-02,2026-08-31,3436,annualized_volatility_difference,0.1549278773949974,0.11134095251546684,0.19801659433983312,1.0,,,path/ratio bootstrap diagnostic,stationary_bootstrap_politis_romano,40,SENSITIVITY,10000,8301,c016c551c60a1c48ec61d23bf4d46d2d8216116f12c7fa2b4fd2ab01d53ac3cf
A_FIXED_MA200_VS_QQQ,Fixed MA200 QQQ→QLD/CASH vs QQQ buy-and-hold,FIXED_MA200_QQQ_TO_QLD,bimonthly,QQQ_BUY_HOLD,none,pre_tax,2013-01-02,2026-08-31,3436,sharpe_difference,-0.02182544358328664,-0.2506793558033735,0.2502931383419818,0.4196,,,path/ratio bootstrap diagnostic,stationary_bootstrap_politis_romano,40,SENSITIVITY,10000,8301,c016c551c60a1c48ec61d23bf4d46d2d8216116f12c7fa2b4fd2ab01d53ac3cf
A_FIXED_MA200_VS_QQQ,Fixed MA200 QQQ→QLD/CASH vs QQQ buy-and-hold,FIXED_MA200_QQQ_TO_QLD,bimonthly,QQQ_BUY_HOLD,none,pre_tax,2013-01-02,2026-08-31,3436,cagr_difference,0.1244838571711766,0.00875450479732113,0.259895175501586,0.9829,,,path/ratio bootstrap diagnostic,stationary_bootstrap_politis_romano,40,SENSITIVITY,10000,8301,c016c551c60a1c48ec61d23bf4d46d2d8216116f12c7fa2b4fd2ab01d53ac3cf
A_FIXED_MA200_VS_QQQ,Fixed MA200 QQQ→QLD/CASH vs QQQ buy-and-hold,FIXED_MA200_QQQ_TO_QLD,bimonthly,QQQ_BUY_HOLD,none,pre_tax,2013-01-02,2026-08-31,3436,max_drawdown_difference,-0.16596691857312096,-0.33060077531189797,-0.020029894913182533,,0.0152,,path/ratio bootstrap diagnostic,stationary_bootstrap_politis_romano,40,SENSITIVITY,10000,8301,c016c551c60a1c48ec61d23bf4d46d2d8216116f12c7fa2b4fd2ab01d53ac3cf
A_FIXED_MA200_VS_QQQ,Fixed MA200 QQQ→QLD/CASH vs QQQ buy-and-hold,FIXED_MA200_QQQ_TO_QLD,bimonthly,QQQ_BUY_HOLD,none,pre_tax,2013-01-02,2026-08-31,3436,calmar_difference,0.0583477574445026,-0.30917723306897765,0.49416012183340274,0.4698,,,path/ratio bootstrap diagnostic,stationary_bootstrap_politis_romano,40,SENSITIVITY,10000,8301,c016c551c60a1c48ec61d23bf4d46d2d8216116f12c7fa2b4fd2ab01d53ac3cf
A_FIXED_MA200_VS_QQQ,Fixed MA200 QQQ→QLD/CASH vs QQQ buy-and-hold,FIXED_MA200_QQQ_TO_QLD,quarterly,QQQ_BUY_HOLD,none,pre_tax,2013-01-02,2026-08-31,3436,annualized_mean_return_difference,0.04497236415112694,-0.06400927085269009,0.15330610946825798,0.8032,,0.2084,H0: expected paired excess return <= 0; H1: > 0,stationary_bootstrap_politis_romano,40,SENSITIVITY,10000,8301,c016c551c60a1c48ec61d23bf4d46d2d8216116f12c7fa2b4fd2ab01d53ac3cf
A_FIXED_MA200_VS_QQQ,Fixed MA200 QQQ→QLD/CASH vs QQQ buy-and-hold,FIXED_MA200_QQQ_TO_QLD,quarterly,QQQ_BUY_HOLD,none,pre_tax,2013-01-02,2026-08-31,3436,annualized_volatility_difference,0.14081231765593535,0.10178647153658758,0.17903580296278385,1.0,,,path/ratio bootstrap diagnostic,stationary_bootstrap_politis_romano,40,SENSITIVITY,10000,8301,c016c551c60a1c48ec61d23bf4d46d2d8216116f12c7fa2b4fd2ab01d53ac3cf
A_FIXED_MA200_VS_QQQ,Fixed MA200 QQQ→QLD/CASH vs QQQ buy-and-hold,FIXED_MA200_QQQ_TO_QLD,quarterly,QQQ_BUY_HOLD,none,pre_tax,2013-01-02,2026-08-31,3436,sharpe_difference,-0.2658977685900732,-0.5922729073819305,0.08118549135566124,0.0635,,,path/ratio bootstrap diagnostic,stationary_bootstrap_politis_romano,40,SENSITIVITY,10000,8301,c016c551c60a1c48ec61d23bf4d46d2d8216116f12c7fa2b4fd2ab01d53ac3cf
A_FIXED_MA200_VS_QQQ,Fixed MA200 QQQ→QLD/CASH vs QQQ buy-and-hold,FIXED_MA200_QQQ_TO_QLD,quarterly,QQQ_BUY_HOLD,none,pre_tax,2013-01-02,2026-08-31,3436,cagr_difference,0.006096654414112335,-0.12471067407198075,0.15360955802911547,0.5506,,,path/ratio bootstrap diagnostic,stationary_bootstrap_politis_romano,40,SENSITIVITY,10000,8301,c016c551c60a1c48ec61d23bf4d46d2d8216116f12c7fa2b4fd2ab01d53ac3cf
A_FIXED_MA200_VS_QQQ,Fixed MA200 QQQ→QLD/CASH vs QQQ buy-and-hold,FIXED_MA200_QQQ_TO_QLD,quarterly,QQQ_BUY_HOLD,none,pre_tax,2013-01-02,2026-08-31,3436,max_drawdown_difference,-0.16596691857312107,-0.41870459150188494,-0.03969843709082221,,0.0103,,path/ratio bootstrap diagnostic,stationary_bootstrap_politis_romano,40,SENSITIVITY,10000,8301,c016c551c60a1c48ec61d23bf4d46d2d8216116f12c7fa2b4fd2ab01d53ac3cf
A_FIXED_MA200_VS_QQQ,Fixed MA200 QQQ→QLD/CASH vs QQQ buy-and-hold,FIXED_MA200_QQQ_TO_QLD,quarterly,QQQ_BUY_HOLD,none,pre_tax,2013-01-02,2026-08-31,3436,calmar_difference,-0.17057274324781652,-0.6428968574923871,0.2070087120130311,0.1107,,,path/ratio bootstrap diagnostic,stationary_bootstrap_politis_romano,40,SENSITIVITY,10000,8301,c016c551c60a1c48ec61d23bf4d46d2d8216116f12c7fa2b4fd2ab01d53ac3cf
B_PHASE7A_VS_QQQ,Phase 7A fixed four-state vs QQQ buy-and-hold,PHASE7A_FIXED_FOUR_STATE,weekly,QQQ_BUY_HOLD,none,pre_tax,2013-01-02,2026-08-31,3436,annualized_mean_return_difference,0.11231339441016397,0.0103274738147274,0.20798117078442474,0.9847,,0.0084,H0: expected paired excess return <= 0; H1: > 0,stationary_bootstrap_politis_romano,40,SENSITIVITY,10000,8301,c016c551c60a1c48ec61d23bf4d46d2d8216116f12c7fa2b4fd2ab01d53ac3cf
B_PHASE7A_VS_QQQ,Phase 7A fixed four-state vs QQQ buy-and-hold,PHASE7A_FIXED_FOUR_STATE,weekly,QQQ_BUY_HOLD,none,pre_tax,2013-01-02,2026-08-31,3436,annualized_volatility_difference,0.13065235569614012,0.09217400385253675,0.16394712742175443,1.0,,,path/ratio bootstrap diagnostic,stationary_bootstrap_politis_romano,40,SENSITIVITY,10000,8301,c016c551c60a1c48ec61d23bf4d46d2d8216116f12c7fa2b4fd2ab01d53ac3cf
B_PHASE7A_VS_QQQ,Phase 7A fixed four-state vs QQQ buy-and-hold,PHASE7A_FIXED_FOUR_STATE,weekly,QQQ_BUY_HOLD,none,pre_tax,2013-01-02,2026-08-31,3436,sharpe_difference,-0.045975911438206785,-0.3153123272394183,0.2602329508141076,0.365,,,path/ratio bootstrap diagnostic,stationary_bootstrap_politis_romano,40,SENSITIVITY,10000,8301,c016c551c60a1c48ec61d23bf4d46d2d8216116f12c7fa2b4fd2ab01d53ac3cf
B_PHASE7A_VS_QQQ,Phase 7A fixed four-state vs QQQ buy-and-hold,PHASE7A_FIXED_FOUR_STATE,weekly,QQQ_BUY_HOLD,none,pre_tax,2013-01-02,2026-08-31,3436,cagr_difference,0.09415620447098205,-0.03469861992540079,0.23680658258217413,0.9241,,,path/ratio bootstrap diagnostic,stationary_bootstrap_politis_romano,40,SENSITIVITY,10000,8301,c016c551c60a1c48ec61d23bf4d46d2d8216116f12c7fa2b4fd2ab01d53ac3cf
B_PHASE7A_VS_QQQ,Phase 7A fixed four-state vs QQQ buy-and-hold,PHASE7A_FIXED_FOUR_STATE,weekly,QQQ_BUY_HOLD,none,pre_tax,2013-01-02,2026-08-31,3436,max_drawdown_difference,-0.14035690084368324,-0.37358916970122646,0.00526753338757847,,0.0283,,path/ratio bootstrap diagnostic,stationary_bootstrap_politis_romano,40,SENSITIVITY,10000,8301,c016c551c60a1c48ec61d23bf4d46d2d8216116f12c7fa2b4fd2ab01d53ac3cf
B_PHASE7A_VS_QQQ,Phase 7A fixed four-state vs QQQ buy-and-hold,PHASE7A_FIXED_FOUR_STATE,weekly,QQQ_BUY_HOLD,none,pre_tax,2013-01-02,2026-08-31,3436,calmar_difference,0.0292949784532216,-0.42939545029821613,0.5350282833850043,0.3897,,,path/ratio bootstrap diagnostic,stationary_bootstrap_politis_romano,40,SENSITIVITY,10000,8301,c016c551c60a1c48ec61d23bf4d46d2d8216116f12c7fa2b4fd2ab01d53ac3cf
B_PHASE7A_VS_QQQ,Phase 7A fixed four-state vs QQQ buy-and-hold,PHASE7A_FIXED_FOUR_STATE,monthly,QQQ_BUY_HOLD,none,pre_tax,2013-01-02,2026-08-31,3436,annualized_mean_return_difference,0.10714794818753132,0.010587252341141976,0.20030331107965416,0.9847,,0.0101,H0: expected paired excess return <= 0; H1: > 0,stationary_bootstrap_politis_romano,40,SENSITIVITY,10000,8301,c016c551c60a1c48ec61d23bf4d46d2d8216116f12c7fa2b4fd2ab01d53ac3cf
B_PHASE7A_VS_QQQ,Phase 7A fixed four-state vs QQQ buy-and-hold,PHASE7A_FIXED_FOUR_STATE,monthly,QQQ_BUY_HOLD,none,pre_tax,2013-01-02,2026-08-31,3436,annualized_volatility_difference,0.1453831534078979,0.10365667023528023,0.18508201538237018,1.0,,,path/ratio bootstrap diagnostic,stationary_bootstrap_politis_romano,40,SENSITIVITY,10000,8301,c016c551c60a1c48ec61d23bf4d46d2d8216116f12c7fa2b4fd2ab01d53ac3cf
B_PHASE7A_VS_QQQ,Phase 7A fixed four-state vs QQQ buy-and-hold,PHASE7A_FIXED_FOUR_STATE,monthly,QQQ_BUY_HOLD,none,pre_tax,2013-01-02,2026-08-31,3436,sharpe_difference,-0.0994105080870713,-0.37715605799222895,0.22151663391768103,0.2522,,,path/ratio bootstrap diagnostic,stationary_bootstrap_politis_romano,40,SENSITIVITY,10000,8301,c016c551c60a1c48ec61d23bf4d46d2d8216116f12c7fa2b4fd2ab01d53ac3cf
B_PHASE7A_VS_QQQ,Phase 7A fixed four-state vs QQQ buy-and-hold,PHASE7A_FIXED_FOUR_STATE,monthly,QQQ_BUY_HOLD,none,pre_tax,2013-01-02,2026-08-31,3436,cagr_difference,0.08104079128759101,-0.0442932919680168,0.22002471288807982,0.8977,,,path/ratio bootstrap diagnostic,stationary_bootstrap_politis_romano,40,SENSITIVITY,10000,8301,c016c551c60a1c48ec61d23bf4d46d2d8216116f12c7fa2b4fd2ab01d53ac3cf
B_PHASE7A_VS_QQQ,Phase 7A fixed four-state vs QQQ buy-and-hold,PHASE7A_FIXED_FOUR_STATE,monthly,QQQ_BUY_HOLD,none,pre_tax,2013-01-02,2026-08-31,3436,max_drawdown_difference,-0.16596691857312085,-0.3609005288440609,0.006424767462343307,,0.0284,,path/ratio bootstrap diagnostic,stationary_bootstrap_politis_romano,40,SENSITIVITY,10000,8301,c016c551c60a1c48ec61d23bf4d46d2d8216116f12c7fa2b4fd2ab01d53ac3cf
B_PHASE7A_VS_QQQ,Phase 7A fixed four-state vs QQQ buy-and-hold,PHASE7A_FIXED_FOUR_STATE,monthly,QQQ_BUY_HOLD,none,pre_tax,2013-01-02,2026-08-31,3436,calmar_difference,-0.025656325446850037,-0.44288524651524097,0.4713781417181332,0.34,,,path/ratio bootstrap diagnostic,stationary_bootstrap_politis_romano,40,SENSITIVITY,10000,8301,c016c551c60a1c48ec61d23bf4d46d2d8216116f12c7fa2b4fd2ab01d53ac3cf
B_PHASE7A_VS_QQQ,Phase 7A fixed four-state vs QQQ buy-and-hold,PHASE7A_FIXED_FOUR_STATE,bimonthly,QQQ_BUY_HOLD,none,pre_tax,2013-01-02,2026-08-31,3436,annualized_mean_return_difference,0.15010118915686518,0.05836029105052284,0.23985235117603837,0.9988,,0.0004,H0: expected paired excess return <= 0; H1: > 0,stationary_bootstrap_politis_romano,40,SENSITIVITY,10000,8301,c016c551c60a1c48ec61d23bf4d46d2d8216116f12c7fa2b4fd2ab01d53ac3cf
B_PHASE7A_VS_QQQ,Phase 7A fixed four-state vs QQQ buy-and-hold,PHASE7A_FIXED_FOUR_STATE,bimonthly,QQQ_BUY_HOLD,none,pre_tax,2013-01-02,2026-08-31,3436,annualized_volatility_difference,0.16442922521364808,0.12099673801322647,0.20701301748273265,1.0,,,path/ratio bootstrap diagnostic,stationary_bootstrap_politis_romano,40,SENSITIVITY,10000,8301,c016c551c60a1c48ec61d23bf4d46d2d8216116f12c7fa2b4fd2ab01d53ac3cf
B_PHASE7A_VS_QQQ,Phase 7A fixed four-state vs QQQ buy-and-hold,PHASE7A_FIXED_FOUR_STATE,bimonthly,QQQ_BUY_HOLD,none,pre_tax,2013-01-02,2026-08-31,3436,sharpe_difference,-0.029152526396514555,-0.2580175667766736,0.24275473998251315,0.4015,,,path/ratio bootstrap diagnostic,stationary_bootstrap_politis_romano,40,SENSITIVITY,10000,8301,c016c551c60a1c48ec61d23bf4d46d2d8216116f12c7fa2b4fd2ab01d53ac3cf
B_PHASE7A_VS_QQQ,Phase 7A fixed four-state vs QQQ buy-and-hold,PHASE7A_FIXED_FOUR_STATE,bimonthly,QQQ_BUY_HOLD,none,pre_tax,2013-01-02,2026-08-31,3436,cagr_difference,0.12818052721324014,0.0076322347878786485,0.27096207526711624,0.9814,,,path/ratio bootstrap diagnostic,stationary_bootstrap_politis_romano,40,SENSITIVITY,10000,8301,c016c551c60a1c48ec61d23bf4d46d2d8216116f12c7fa2b4fd2ab01d53ac3cf
B_PHASE7A_VS_QQQ,Phase 7A fixed four-state vs QQQ buy-and-hold,PHASE7A_FIXED_FOUR_STATE,bimonthly,QQQ_BUY_HOLD,none,pre_tax,2013-01-02,2026-08-31,3436,max_drawdown_difference,-0.17948067312402882,-0.345988078592047,-0.028131701665411648,,0.0117,,path/ratio bootstrap diagnostic,stationary_bootstrap_politis_romano,40,SENSITIVITY,10000,8301,c016c551c60a1c48ec61d23bf4d46d2d8216116f12c7fa2b4fd2ab01d53ac3cf
B_PHASE7A_VS_QQQ,Phase 7A fixed four-state vs QQQ buy-and-hold,PHASE7A_FIXED_FOUR_STATE,bimonthly,QQQ_BUY_HOLD,none,pre_tax,2013-01-02,2026-08-31,3436,calmar_difference,0.049357417898992395,-0.3217233067206815,0.47965855666939905,0.4563,,,path/ratio bootstrap diagnostic,stationary_bootstrap_politis_romano,40,SENSITIVITY,10000,8301,c016c551c60a1c48ec61d23bf4d46d2d8216116f12c7fa2b4fd2ab01d53ac3cf
B_PHASE7A_VS_QQQ,Phase 7A fixed four-state vs QQQ buy-and-hold,PHASE7A_FIXED_FOUR_STATE,quarterly,QQQ_BUY_HOLD,none,pre_tax,2013-01-02,2026-08-31,3436,annualized_mean_return_difference,0.04625562122864635,-0.07033240395330839,0.16187830649754276,0.7928,,0.22,H0: expected paired excess return <= 0; H1: > 0,stationary_bootstrap_politis_romano,40,SENSITIVITY,10000,8301,c016c551c60a1c48ec61d23bf4d46d2d8216116f12c7fa2b4fd2ab01d53ac3cf
B_PHASE7A_VS_QQQ,Phase 7A fixed four-state vs QQQ buy-and-hold,PHASE7A_FIXED_FOUR_STATE,quarterly,QQQ_BUY_HOLD,none,pre_tax,2013-01-02,2026-08-31,3436,annualized_volatility_difference,0.15835349555580894,0.114896195385433,0.20202296411654885,1.0,,,path/ratio bootstrap diagnostic,stationary_bootstrap_politis_romano,40,SENSITIVITY,10000,8301,c016c551c60a1c48ec61d23bf4d46d2d8216116f12c7fa2b4fd2ab01d53ac3cf
B_PHASE7A_VS_QQQ,Phase 7A fixed four-state vs QQQ buy-and-hold,PHASE7A_FIXED_FOUR_STATE,quarterly,QQQ_BUY_HOLD,none,pre_tax,2013-01-02,2026-08-31,3436,sharpe_difference,-0.29649634010283776,-0.6251453669937306,0.063502006105638,0.0499,,,path/ratio bootstrap diagnostic,stationary_bootstrap_politis_romano,40,SENSITIVITY,10000,8301,c016c551c60a1c48ec61d23bf4d46d2d8216116f12c7fa2b4fd2ab01d53ac3cf
B_PHASE7A_VS_QQQ,Phase 7A fixed four-state vs QQQ buy-and-hold,PHASE7A_FIXED_FOUR_STATE,quarterly,QQQ_BUY_HOLD,none,pre_tax,2013-01-02,2026-08-31,3436,cagr_difference,-0.00013355974232576173,-0.14141391384926438,0.15804481461765815,0.5194,,,path/ratio bootstrap diagnostic,stationary_bootstrap_politis_romano,40,SENSITIVITY,10000,8301,c016c551c60a1c48ec61d23bf4d46d2d8216116f12c7fa2b4fd2ab01d53ac3cf
B_PHASE7A_VS_QQQ,Phase 7A fixed four-state vs QQQ buy-and-hold,PHASE7A_FIXED_FOUR_STATE,quarterly,QQQ_BUY_HOLD,none,pre_tax,2013-01-02,2026-08-31,3436,max_drawdown_difference,-0.2051366867801312,-0.4556060450577787,-0.05661324253364405,,0.0064,,path/ratio bootstrap diagnostic,stationary_bootstrap_politis_romano,40,SENSITIVITY,10000,8301,c016c551c60a1c48ec61d23bf4d46d2d8216116f12c7fa2b4fd2ab01d53ac3cf
B_PHASE7A_VS_QQQ,Phase 7A fixed four-state vs QQQ buy-and-hold,PHASE7A_FIXED_FOUR_STATE,quarterly,QQQ_BUY_HOLD,none,pre_tax,2013-01-02,2026-08-31,3436,calmar_difference,-0.20977068395157017,-0.6786727398299288,0.18587097859495383,0.0925,,,path/ratio bootstrap diagnostic,stationary_bootstrap_politis_romano,40,SENSITIVITY,10000,8301,c016c551c60a1c48ec61d23bf4d46d2d8216116f12c7fa2b4fd2ab01d53ac3cf
C_PHASE7A_INCREMENTAL_VS_FIXED,Phase 7A fixed four-state vs Fixed MA200 QQQ→QLD/CASH,PHASE7A_FIXED_FOUR_STATE,weekly,FIXED_MA200_QQQ_TO_QLD,weekly,pre_tax,2013-01-02,2026-08-31,3436,annualized_mean_return_difference,0.0062617758005577544,-0.005593026991930528,0.01765375983510005,0.8588,,0.1407,H0: expected paired excess return <= 0; H1: > 0,stationary_bootstrap_politis_romano,40,SENSITIVITY,10000,8301,c016c551c60a1c48ec61d23bf4d46d2d8216116f12c7fa2b4fd2ab01d53ac3cf
C_PHASE7A_INCREMENTAL_VS_FIXED,Phase 7A fixed four-state vs Fixed MA200 QQQ→QLD/CASH,PHASE7A_FIXED_FOUR_STATE,weekly,FIXED_MA200_QQQ_TO_QLD,weekly,pre_tax,2013-01-02,2026-08-31,3436,annualized_volatility_difference,0.0068710560814826405,0.0003465271462083242,0.011899817519319855,0.9803,,,path/ratio bootstrap diagnostic,stationary_bootstrap_politis_romano,40,SENSITIVITY,10000,8301,c016c551c60a1c48ec61d23bf4d46d2d8216116f12c7fa2b4fd2ab01d53ac3cf
C_PHASE7A_INCREMENTAL_VS_FIXED,Phase 7A fixed four-state vs Fixed MA200 QQQ→QLD/CASH,PHASE7A_FIXED_FOUR_STATE,weekly,FIXED_MA200_QQQ_TO_QLD,weekly,pre_tax,2013-01-02,2026-08-31,3436,sharpe_difference,-0.0004482579901426975,-0.03263419573155623,0.032327045652287965,0.4769,,,path/ratio bootstrap diagnostic,stationary_bootstrap_politis_romano,40,SENSITIVITY,10000,8301,c016c551c60a1c48ec61d23bf4d46d2d8216116f12c7fa2b4fd2ab01d53ac3cf
C_PHASE7A_INCREMENTAL_VS_FIXED,Phase 7A fixed four-state vs Fixed MA200 QQQ→QLD/CASH,PHASE7A_FIXED_FOUR_STATE,weekly,FIXED_MA200_QQQ_TO_QLD,weekly,pre_tax,2013-01-02,2026-08-31,3436,cagr_difference,0.005009393946793228,-0.009059353343946853,0.02078978985397824,0.7558,,,path/ratio bootstrap diagnostic,stationary_bootstrap_politis_romano,40,SENSITIVITY,10000,8301,c016c551c60a1c48ec61d23bf4d46d2d8216116f12c7fa2b4fd2ab01d53ac3cf
C_PHASE7A_INCREMENTAL_VS_FIXED,Phase 7A fixed four-state vs Fixed MA200 QQQ→QLD/CASH,PHASE7A_FIXED_FOUR_STATE,weekly,FIXED_MA200_QQQ_TO_QLD,weekly,pre_tax,2013-01-02,2026-08-31,3436,max_drawdown_difference,0.0,-0.029572577399513304,0.012488842279990624,,0.2026,,path/ratio bootstrap diagnostic,stationary_bootstrap_politis_romano,40,SENSITIVITY,10000,8301,c016c551c60a1c48ec61d23bf4d46d2d8216116f12c7fa2b4fd2ab01d53ac3cf
C_PHASE7A_INCREMENTAL_VS_FIXED,Phase 7A fixed four-state vs Fixed MA200 QQQ→QLD/CASH,PHASE7A_FIXED_FOUR_STATE,weekly,FIXED_MA200_QQQ_TO_QLD,weekly,pre_tax,2013-01-02,2026-08-31,3436,calmar_difference,0.01019113628737578,-0.052883818895180644,0.0460921058324595,0.5176,,,path/ratio bootstrap diagnostic,stationary_bootstrap_politis_romano,40,SENSITIVITY,10000,8301,c016c551c60a1c48ec61d23bf4d46d2d8216116f12c7fa2b4fd2ab01d53ac3cf
C_PHASE7A_INCREMENTAL_VS_FIXED,Phase 7A fixed four-state vs Fixed MA200 QQQ→QLD/CASH,PHASE7A_FIXED_FOUR_STATE,monthly,FIXED_MA200_QQQ_TO_QLD,monthly,pre_tax,2013-01-02,2026-08-31,3436,annualized_mean_return_difference,0.004111514877764568,-0.01153437379211739,0.017508949276586205,0.7297,,0.3001,H0: expected paired excess return <= 0; H1: > 0,stationary_bootstrap_politis_romano,40,SENSITIVITY,10000,8301,c016c551c60a1c48ec61d23bf4d46d2d8216116f12c7fa2b4fd2ab01d53ac3cf
C_PHASE7A_INCREMENTAL_VS_FIXED,Phase 7A fixed four-state vs Fixed MA200 QQQ→QLD/CASH,PHASE7A_FIXED_FOUR_STATE,monthly,FIXED_MA200_QQQ_TO_QLD,monthly,pre_tax,2013-01-02,2026-08-31,3436,annualized_volatility_difference,0.00884235980770609,0.001736511776802956,0.014751024946684607,0.9904,,,path/ratio bootstrap diagnostic,stationary_bootstrap_politis_romano,40,SENSITIVITY,10000,8301,c016c551c60a1c48ec61d23bf4d46d2d8216116f12c7fa2b4fd2ab01d53ac3cf
C_PHASE7A_INCREMENTAL_VS_FIXED,Phase 7A fixed four-state vs Fixed MA200 QQQ→QLD/CASH,PHASE7A_FIXED_FOUR_STATE,monthly,FIXED_MA200_QQQ_TO_QLD,monthly,pre_tax,2013-01-02,2026-08-31,3436,sharpe_difference,-0.010624846570288171,-0.04897075200666416,0.02132189960016923,0.2643,,,path/ratio bootstrap diagnostic,stationary_bootstrap_politis_romano,40,SENSITIVITY,10000,8301,c016c551c60a1c48ec61d23bf4d46d2d8216116f12c7fa2b4fd2ab01d53ac3cf
C_PHASE7A_INCREMENTAL_VS_FIXED,Phase 7A fixed four-state vs Fixed MA200 QQQ→QLD/CASH,PHASE7A_FIXED_FOUR_STATE,monthly,FIXED_MA200_QQQ_TO_QLD,monthly,pre_tax,2013-01-02,2026-08-31,3436,cagr_difference,0.0012171992640350737,-0.016914104525287705,0.018859061903330275,0.5775,,,path/ratio bootstrap diagnostic,stationary_bootstrap_politis_romano,40,SENSITIVITY,10000,8301,c016c551c60a1c48ec61d23bf4d46d2d8216116f12c7fa2b4fd2ab01d53ac3cf
C_PHASE7A_INCREMENTAL_VS_FIXED,Phase 7A fixed four-state vs Fixed MA200 QQQ→QLD/CASH,PHASE7A_FIXED_FOUR_STATE,monthly,FIXED_MA200_QQQ_TO_QLD,monthly,pre_tax,2013-01-02,2026-08-31,3436,max_drawdown_difference,1.1102230246251565e-16,-0.03566582266738578,0.00603411592875378,,0.2501,,path/ratio bootstrap diagnostic,stationary_bootstrap_politis_romano,40,SENSITIVITY,10000,8301,c016c551c60a1c48ec61d23bf4d46d2d8216116f12c7fa2b4fd2ab01d53ac3cf
C_PHASE7A_INCREMENTAL_VS_FIXED,Phase 7A fixed four-state vs Fixed MA200 QQQ→QLD/CASH,PHASE7A_FIXED_FOUR_STATE,monthly,FIXED_MA200_QQQ_TO_QLD,monthly,pre_tax,2013-01-02,2026-08-31,3436,calmar_difference,0.0023536485234559867,-0.08101627825509823,0.03747808016750273,0.3838,,,path/ratio bootstrap diagnostic,stationary_bootstrap_politis_romano,40,SENSITIVITY,10000,8301,c016c551c60a1c48ec61d23bf4d46d2d8216116f12c7fa2b4fd2ab01d53ac3cf
C_PHASE7A_INCREMENTAL_VS_FIXED,Phase 7A fixed four-state vs Fixed MA200 QQQ→QLD/CASH,PHASE7A_FIXED_FOUR_STATE,bimonthly,FIXED_MA200_QQQ_TO_QLD,bimonthly,pre_tax,2013-01-02,2026-08-31,3436,annualized_mean_return_difference,0.0063618087831871,-0.009753918551601968,0.01979412228027345,0.8117,,0.2109,H0: expected paired excess return <= 0; H1: > 0,stationary_bootstrap_politis_romano,40,SENSITIVITY,10000,8301,c016c551c60a1c48ec61d23bf4d46d2d8216116f12c7fa2b4fd2ab01d53ac3cf
C_PHASE7A_INCREMENTAL_VS_FIXED,Phase 7A fixed four-state vs Fixed MA200 QQQ→QLD/CASH,PHASE7A_FIXED_FOUR_STATE,bimonthly,FIXED_MA200_QQQ_TO_QLD,bimonthly,pre_tax,2013-01-02,2026-08-31,3436,annualized_volatility_difference,0.009501347818650696,0.004706552746101398,0.014091558805257995,0.9997,,,path/ratio bootstrap diagnostic,stationary_bootstrap_politis_romano,40,SENSITIVITY,10000,8301,c016c551c60a1c48ec61d23bf4d46d2d8216116f12c7fa2b4fd2ab01d53ac3cf
C_PHASE7A_INCREMENTAL_VS_FIXED,Phase 7A fixed four-state vs Fixed MA200 QQQ→QLD/CASH,PHASE7A_FIXED_FOUR_STATE,bimonthly,FIXED_MA200_QQQ_TO_QLD,bimonthly,pre_tax,2013-01-02,2026-08-31,3436,sharpe_difference,-0.007327082813227914,-0.04407442501501148,0.022189596255087828,0.344,,,path/ratio bootstrap diagnostic,stationary_bootstrap_politis_romano,40,SENSITIVITY,10000,8301,c016c551c60a1c48ec61d23bf4d46d2d8216116f12c7fa2b4fd2ab01d53ac3cf
C_PHASE7A_INCREMENTAL_VS_FIXED,Phase 7A fixed four-state vs Fixed MA200 QQQ→QLD/CASH,PHASE7A_FIXED_FOUR_STATE,bimonthly,FIXED_MA200_QQQ_TO_QLD,bimonthly,pre_tax,2013-01-02,2026-08-31,3436,cagr_difference,0.0036966700420635323,-0.01580607999490709,0.022358350496632352,0.6754,,,path/ratio bootstrap diagnostic,stationary_bootstrap_politis_romano,40,SENSITIVITY,10000,8301,c016c551c60a1c48ec61d23bf4d46d2d8216116f12c7fa2b4fd2ab01d53ac3cf
C_PHASE7A_INCREMENTAL_VS_FIXED,Phase 7A fixed four-state vs Fixed MA200 QQQ→QLD/CASH,PHASE7A_FIXED_FOUR_STATE,bimonthly,FIXED_MA200_QQQ_TO_QLD,bimonthly,pre_tax,2013-01-02,2026-08-31,3436,max_drawdown_difference,-0.013513754550907864,-0.032150146580818086,0.0020803421081193466,,0.0752,,path/ratio bootstrap diagnostic,stationary_bootstrap_politis_romano,40,SENSITIVITY,10000,8301,c016c551c60a1c48ec61d23bf4d46d2d8216116f12c7fa2b4fd2ab01d53ac3cf
C_PHASE7A_INCREMENTAL_VS_FIXED,Phase 7A fixed four-state vs Fixed MA200 QQQ→QLD/CASH,PHASE7A_FIXED_FOUR_STATE,bimonthly,FIXED_MA200_QQQ_TO_QLD,bimonthly,pre_tax,2013-01-02,2026-08-31,3436,calmar_difference,-0.008990339545510206,-0.06550119949934677,0.042158439235231285,0.389,,,path/ratio bootstrap diagnostic,stationary_bootstrap_politis_romano,40,SENSITIVITY,10000,8301,c016c551c60a1c48ec61d23bf4d46d2d8216116f12c7fa2b4fd2ab01d53ac3cf
C_PHASE7A_INCREMENTAL_VS_FIXED,Phase 7A fixed four-state vs Fixed MA200 QQQ→QLD/CASH,PHASE7A_FIXED_FOUR_STATE,quarterly,FIXED_MA200_QQQ_TO_QLD,quarterly,pre_tax,2013-01-02,2026-08-31,3436,annualized_mean_return_difference,0.0012832570775194122,-0.02370359201841878,0.02000852810940532,0.5806,,0.4889,H0: expected paired excess return <= 0; H1: > 0,stationary_bootstrap_politis_romano,40,SENSITIVITY,10000,8301,c016c551c60a1c48ec61d23bf4d46d2d8216116f12c7fa2b4fd2ab01d53ac3cf
C_PHASE7A_INCREMENTAL_VS_FIXED,Phase 7A fixed four-state vs Fixed MA200 QQQ→QLD/CASH,PHASE7A_FIXED_FOUR_STATE,quarterly,FIXED_MA200_QQQ_TO_QLD,quarterly,pre_tax,2013-01-02,2026-08-31,3436,annualized_volatility_difference,0.017541177899873583,0.009483506177412306,0.02493821360225487,1.0,,,path/ratio bootstrap diagnostic,stationary_bootstrap_politis_romano,40,SENSITIVITY,10000,8301,c016c551c60a1c48ec61d23bf4d46d2d8216116f12c7fa2b4fd2ab01d53ac3cf
C_PHASE7A_INCREMENTAL_VS_FIXED,Phase 7A fixed four-state vs Fixed MA200 QQQ→QLD/CASH,PHASE7A_FIXED_FOUR_STATE,quarterly,FIXED_MA200_QQQ_TO_QLD,quarterly,pre_tax,2013-01-02,2026-08-31,3436,sharpe_difference,-0.030598571512764572,-0.09007914257203797,0.013757056302099484,0.1114,,,path/ratio bootstrap diagnostic,stationary_bootstrap_politis_romano,40,SENSITIVITY,10000,8301,c016c551c60a1c48ec61d23bf4d46d2d8216116f12c7fa2b4fd2ab01d53ac3cf
C_PHASE7A_INCREMENTAL_VS_FIXED,Phase 7A fixed four-state vs Fixed MA200 QQQ→QLD/CASH,PHASE7A_FIXED_FOUR_STATE,quarterly,FIXED_MA200_QQQ_TO_QLD,quarterly,pre_tax,2013-01-02,2026-08-31,3436,cagr_difference,-0.006230214156438096,-0.03462520850113672,0.018461012130987352,0.3401,,,path/ratio bootstrap diagnostic,stationary_bootstrap_politis_romano,40,SENSITIVITY,10000,8301,c016c551c60a1c48ec61d23bf4d46d2d8216116f12c7fa2b4fd2ab01d53ac3cf
C_PHASE7A_INCREMENTAL_VS_FIXED,Phase 7A fixed four-state vs Fixed MA200 QQQ→QLD/CASH,PHASE7A_FIXED_FOUR_STATE,quarterly,FIXED_MA200_QQQ_TO_QLD,quarterly,pre_tax,2013-01-02,2026-08-31,3436,max_drawdown_difference,-0.039169768207010125,-0.0635142532642405,-5.551115123125783e-16,,0.0169,,path/ratio bootstrap diagnostic,stationary_bootstrap_politis_romano,40,SENSITIVITY,10000,8301,c016c551c60a1c48ec61d23bf4d46d2d8216116f12c7fa2b4fd2ab01d53ac3cf
C_PHASE7A_INCREMENTAL_VS_FIXED,Phase 7A fixed four-state vs Fixed MA200 QQQ→QLD/CASH,PHASE7A_FIXED_FOUR_STATE,quarterly,FIXED_MA200_QQQ_TO_QLD,quarterly,pre_tax,2013-01-02,2026-08-31,3436,calmar_difference,-0.03919794070375365,-0.09596105515057657,0.02097976672914736,0.0984,,,path/ratio bootstrap diagnostic,stationary_bootstrap_politis_romano,40,SENSITIVITY,10000,8301,c016c551c60a1c48ec61d23bf4d46d2d8216116f12c7fa2b4fd2ab01d53ac3cf
D_PHASE7B_MODEL_A_VS_FIXED,Phase 7B Model A selected WF vs Fixed MA200 QQQ→QLD/CASH,PHASE7B_MODEL_A_SELECTED,weekly,FIXED_MA200_QQQ_TO_QLD,weekly,pre_tax,2013-01-02,2026-08-31,3436,annualized_mean_return_difference,-0.24132343327690378,-0.35693362953002844,-0.13025975179462917,0.0,,0.9999,H0: expected paired excess return <= 0; H1: > 0,stationary_bootstrap_politis_romano,40,SENSITIVITY,10000,8301,c016c551c60a1c48ec61d23bf4d46d2d8216116f12c7fa2b4fd2ab01d53ac3cf
D_PHASE7B_MODEL_A_VS_FIXED,Phase 7B Model A selected WF vs Fixed MA200 QQQ→QLD/CASH,PHASE7B_MODEL_A_SELECTED,weekly,FIXED_MA200_QQQ_TO_QLD,weekly,pre_tax,2013-01-02,2026-08-31,3436,annualized_volatility_difference,-0.10178655533495379,-0.14924823204109913,-0.06699488822838329,0.0,,,path/ratio bootstrap diagnostic,stationary_bootstrap_politis_romano,40,SENSITIVITY,10000,8301,c016c551c60a1c48ec61d23bf4d46d2d8216116f12c7fa2b4fd2ab01d53ac3cf
D_PHASE7B_MODEL_A_VS_FIXED,Phase 7B Model A selected WF vs Fixed MA200 QQQ→QLD/CASH,PHASE7B_MODEL_A_SELECTED,weekly,FIXED_MA200_QQQ_TO_QLD,weekly,pre_tax,2013-01-02,2026-08-31,3436,sharpe_difference,-0.6347812501997244,-1.0425586958233928,-0.24831672312365122,0.0011,,,path/ratio bootstrap diagnostic,stationary_bootstrap_politis_romano,40,SENSITIVITY,10000,8301,c016c551c60a1c48ec61d23bf4d46d2d8216116f12c7fa2b4fd2ab01d53ac3cf
D_PHASE7B_MODEL_A_VS_FIXED,Phase 7B Model A selected WF vs Fixed MA200 QQQ→QLD/CASH,PHASE7B_MODEL_A_SELECTED,weekly,FIXED_MA200_QQQ_TO_QLD,weekly,pre_tax,2013-01-02,2026-08-31,3436,cagr_difference,-0.24626798667581107,-0.402277737161615,-0.11314427261576716,0.0,,,path/ratio bootstrap diagnostic,stationary_bootstrap_politis_romano,40,SENSITIVITY,10000,8301,c016c551c60a1c48ec61d23bf4d46d2d8216116f12c7fa2b4fd2ab01d53ac3cf
D_PHASE7B_MODEL_A_VS_FIXED,Phase 7B Model A selected WF vs Fixed MA200 QQQ→QLD/CASH,PHASE7B_MODEL_A_SELECTED,weekly,FIXED_MA200_QQQ_TO_QLD,weekly,pre_tax,2013-01-02,2026-08-31,3436,max_drawdown_difference,0.0,-0.2250764024283959,0.1668533069114188,,0.441,,path/ratio bootstrap diagnostic,stationary_bootstrap_politis_romano,40,SENSITIVITY,10000,8301,c016c551c60a1c48ec61d23bf4d46d2d8216116f12c7fa2b4fd2ab01d53ac3cf
D_PHASE7B_MODEL_A_VS_FIXED,Phase 7B Model A selected WF vs Fixed MA200 QQQ→QLD/CASH,PHASE7B_MODEL_A_SELECTED,weekly,FIXED_MA200_QQQ_TO_QLD,weekly,pre_tax,2013-01-02,2026-08-31,3436,calmar_difference,-0.5010088330220938,-1.1037768356495326,-0.16273085179239102,0.0019,,,path/ratio bootstrap diagnostic,stationary_bootstrap_politis_romano,40,SENSITIVITY,10000,8301,c016c551c60a1c48ec61d23bf4d46d2d8216116f12c7fa2b4fd2ab01d53ac3cf
D_PHASE7B_MODEL_A_VS_FIXED,Phase 7B Model A selected WF vs Fixed MA200 QQQ→QLD/CASH,PHASE7B_MODEL_A_SELECTED,monthly,FIXED_MA200_QQQ_TO_QLD,monthly,pre_tax,2013-01-02,2026-08-31,3436,annualized_mean_return_difference,-0.30714880063494177,-0.44718517600015034,-0.16587626182713097,0.0,,0.9999,H0: expected paired excess return <= 0; H1: > 0,stationary_bootstrap_politis_romano,40,SENSITIVITY,10000,8301,c016c551c60a1c48ec61d23bf4d46d2d8216116f12c7fa2b4fd2ab01d53ac3cf
D_PHASE7B_MODEL_A_VS_FIXED,Phase 7B Model A selected WF vs Fixed MA200 QQQ→QLD/CASH,PHASE7B_MODEL_A_SELECTED,monthly,FIXED_MA200_QQQ_TO_QLD,monthly,pre_tax,2013-01-02,2026-08-31,3436,annualized_volatility_difference,-0.34503578982203303,-0.40747684036524706,-0.29516708524273555,0.0,,,path/ratio bootstrap diagnostic,stationary_bootstrap_politis_romano,40,SENSITIVITY,10000,8301,c016c551c60a1c48ec61d23bf4d46d2d8216116f12c7fa2b4fd2ab01d53ac3cf
D_PHASE7B_MODEL_A_VS_FIXED,Phase 7B Model A selected WF vs Fixed MA200 QQQ→QLD/CASH,PHASE7B_MODEL_A_SELECTED,monthly,FIXED_MA200_QQQ_TO_QLD,monthly,pre_tax,2013-01-02,2026-08-31,3436,sharpe_difference,,,,,,,path/ratio bootstrap diagnostic,stationary_bootstrap_politis_romano,40,SENSITIVITY,10000,8301,c016c551c60a1c48ec61d23bf4d46d2d8216116f12c7fa2b4fd2ab01d53ac3cf
D_PHASE7B_MODEL_A_VS_FIXED,Phase 7B Model A selected WF vs Fixed MA200 QQQ→QLD/CASH,PHASE7B_MODEL_A_SELECTED,monthly,FIXED_MA200_QQQ_TO_QLD,monthly,pre_tax,2013-01-02,2026-08-31,3436,cagr_difference,-0.27938231955970605,-0.47798825288724434,-0.10310478834604615,0.0005,,,path/ratio bootstrap diagnostic,stationary_bootstrap_politis_romano,40,SENSITIVITY,10000,8301,c016c551c60a1c48ec61d23bf4d46d2d8216116f12c7fa2b4fd2ab01d53ac3cf
D_PHASE7B_MODEL_A_VS_FIXED,Phase 7B Model A selected WF vs Fixed MA200 QQQ→QLD/CASH,PHASE7B_MODEL_A_SELECTED,monthly,FIXED_MA200_QQQ_TO_QLD,monthly,pre_tax,2013-01-02,2026-08-31,3436,max_drawdown_difference,0.5171542190368645,0.30537258728510513,0.7190611902326669,,1.0,,path/ratio bootstrap diagnostic,stationary_bootstrap_politis_romano,40,SENSITIVITY,10000,8301,c016c551c60a1c48ec61d23bf4d46d2d8216116f12c7fa2b4fd2ab01d53ac3cf
D_PHASE7B_MODEL_A_VS_FIXED,Phase 7B Model A selected WF vs Fixed MA200 QQQ→QLD/CASH,PHASE7B_MODEL_A_SELECTED,monthly,FIXED_MA200_QQQ_TO_QLD,monthly,pre_tax,2013-01-02,2026-08-31,3436,calmar_difference,,,,,,,path/ratio bootstrap diagnostic,stationary_bootstrap_politis_romano,40,SENSITIVITY,10000,8301,c016c551c60a1c48ec61d23bf4d46d2d8216116f12c7fa2b4fd2ab01d53ac3cf
D_PHASE7B_MODEL_A_VS_FIXED,Phase 7B Model A selected WF vs Fixed MA200 QQQ→QLD/CASH,PHASE7B_MODEL_A_SELECTED,bimonthly,FIXED_MA200_QQQ_TO_QLD,bimonthly,pre_tax,2013-01-02,2026-08-31,3436,annualized_mean_return_difference,-0.34785174769885313,-0.49913154982478014,-0.20046582028673643,0.0,,1.0,H0: expected paired excess return <= 0; H1: > 0,stationary_bootstrap_politis_romano,40,SENSITIVITY,10000,8301,c016c551c60a1c48ec61d23bf4d46d2d8216116f12c7fa2b4fd2ab01d53ac3cf
D_PHASE7B_MODEL_A_VS_FIXED,Phase 7B Model A selected WF vs Fixed MA200 QQQ→QLD/CASH,PHASE7B_MODEL_A_SELECTED,bimonthly,FIXED_MA200_QQQ_TO_QLD,bimonthly,pre_tax,2013-01-02,2026-08-31,3436,annualized_volatility_difference,-0.3634228736168386,-0.43200444374447017,-0.30518887399739597,0.0,,,path/ratio bootstrap diagnostic,stationary_bootstrap_politis_romano,40,SENSITIVITY,10000,8301,c016c551c60a1c48ec61d23bf4d46d2d8216116f12c7fa2b4fd2ab01d53ac3cf
D_PHASE7B_MODEL_A_VS_FIXED,Phase 7B Model A selected WF vs Fixed MA200 QQQ→QLD/CASH,PHASE7B_MODEL_A_SELECTED,bimonthly,FIXED_MA200_QQQ_TO_QLD,bimonthly,pre_tax,2013-01-02,2026-08-31,3436,sharpe_difference,,,,,,,path/ratio bootstrap diagnostic,stationary_bootstrap_politis_romano,40,SENSITIVITY,10000,8301,c016c551c60a1c48ec61d23bf4d46d2d8216116f12c7fa2b4fd2ab01d53ac3cf
D_PHASE7B_MODEL_A_VS_FIXED,Phase 7B Model A selected WF vs Fixed MA200 QQQ→QLD/CASH,PHASE7B_MODEL_A_SELECTED,bimonthly,FIXED_MA200_QQQ_TO_QLD,bimonthly,pre_tax,2013-01-02,2026-08-31,3436,cagr_difference,-0.3240425847073267,-0.5439153212306497,-0.13625825124838584,0.0003,,,path/ratio bootstrap diagnostic,stationary_bootstrap_politis_romano,40,SENSITIVITY,10000,8301,c016c551c60a1c48ec61d23bf4d46d2d8216116f12c7fa2b4fd2ab01d53ac3cf
D_PHASE7B_MODEL_A_VS_FIXED,Phase 7B Model A selected WF vs Fixed MA200 QQQ→QLD/CASH,PHASE7B_MODEL_A_SELECTED,bimonthly,FIXED_MA200_QQQ_TO_QLD,bimonthly,pre_tax,2013-01-02,2026-08-31,3436,max_drawdown_difference,0.5171542190368645,0.33778946856938724,0.7157455705968077,,1.0,,path/ratio bootstrap diagnostic,stationary_bootstrap_politis_romano,40,SENSITIVITY,10000,8301,c016c551c60a1c48ec61d23bf4d46d2d8216116f12c7fa2b4fd2ab01d53ac3cf
D_PHASE7B_MODEL_A_VS_FIXED,Phase 7B Model A selected WF vs Fixed MA200 QQQ→QLD/CASH,PHASE7B_MODEL_A_SELECTED,bimonthly,FIXED_MA200_QQQ_TO_QLD,bimonthly,pre_tax,2013-01-02,2026-08-31,3436,calmar_difference,,,,,,,path/ratio bootstrap diagnostic,stationary_bootstrap_politis_romano,40,SENSITIVITY,10000,8301,c016c551c60a1c48ec61d23bf4d46d2d8216116f12c7fa2b4fd2ab01d53ac3cf
D_PHASE7B_MODEL_A_VS_FIXED,Phase 7B Model A selected WF vs Fixed MA200 QQQ→QLD/CASH,PHASE7B_MODEL_A_SELECTED,quarterly,FIXED_MA200_QQQ_TO_QLD,quarterly,pre_tax,2013-01-02,2026-08-31,3436,annualized_mean_return_difference,-0.24908473147630197,-0.3930725417832651,-0.10532662365746269,0.0006,,0.9995,H0: expected paired excess return <= 0; H1: > 0,stationary_bootstrap_politis_romano,40,SENSITIVITY,10000,8301,c016c551c60a1c48ec61d23bf4d46d2d8216116f12c7fa2b4fd2ab01d53ac3cf
D_PHASE7B_MODEL_A_VS_FIXED,Phase 7B Model A selected WF vs Fixed MA200 QQQ→QLD/CASH,PHASE7B_MODEL_A_SELECTED,quarterly,FIXED_MA200_QQQ_TO_QLD,quarterly,pre_tax,2013-01-02,2026-08-31,3436,annualized_volatility_difference,-0.3493073138777766,-0.4097595934492126,-0.29822646846294565,0.0,,,path/ratio bootstrap diagnostic,stationary_bootstrap_politis_romano,40,SENSITIVITY,10000,8301,c016c551c60a1c48ec61d23bf4d46d2d8216116f12c7fa2b4fd2ab01d53ac3cf
D_PHASE7B_MODEL_A_VS_FIXED,Phase 7B Model A selected WF vs Fixed MA200 QQQ→QLD/CASH,PHASE7B_MODEL_A_SELECTED,quarterly,FIXED_MA200_QQQ_TO_QLD,quarterly,pre_tax,2013-01-02,2026-08-31,3436,sharpe_difference,,,,,,,path/ratio bootstrap diagnostic,stationary_bootstrap_politis_romano,40,SENSITIVITY,10000,8301,c016c551c60a1c48ec61d23bf4d46d2d8216116f12c7fa2b4fd2ab01d53ac3cf
D_PHASE7B_MODEL_A_VS_FIXED,Phase 7B Model A selected WF vs Fixed MA200 QQQ→QLD/CASH,PHASE7B_MODEL_A_SELECTED,quarterly,FIXED_MA200_QQQ_TO_QLD,quarterly,pre_tax,2013-01-02,2026-08-31,3436,cagr_difference,-0.20565538195026245,-0.40253964463811215,-0.03201028257737227,0.0094,,,path/ratio bootstrap diagnostic,stationary_bootstrap_politis_romano,40,SENSITIVITY,10000,8301,c016c551c60a1c48ec61d23bf4d46d2d8216116f12c7fa2b4fd2ab01d53ac3cf
D_PHASE7B_MODEL_A_VS_FIXED,Phase 7B Model A selected WF vs Fixed MA200 QQQ→QLD/CASH,PHASE7B_MODEL_A_SELECTED,quarterly,FIXED_MA200_QQQ_TO_QLD,quarterly,pre_tax,2013-01-02,2026-08-31,3436,max_drawdown_difference,0.5171542190368646,0.3480117965444319,0.7846592718452498,,1.0,,path/ratio bootstrap diagnostic,stationary_bootstrap_politis_romano,40,SENSITIVITY,10000,8301,c016c551c60a1c48ec61d23bf4d46d2d8216116f12c7fa2b4fd2ab01d53ac3cf
D_PHASE7B_MODEL_A_VS_FIXED,Phase 7B Model A selected WF vs Fixed MA200 QQQ→QLD/CASH,PHASE7B_MODEL_A_SELECTED,quarterly,FIXED_MA200_QQQ_TO_QLD,quarterly,pre_tax,2013-01-02,2026-08-31,3436,calmar_difference,,,,,,,path/ratio bootstrap diagnostic,stationary_bootstrap_politis_romano,40,SENSITIVITY,10000,8301,c016c551c60a1c48ec61d23bf4d46d2d8216116f12c7fa2b4fd2ab01d53ac3cf
E_PHASE7B_MODEL_B_VS_MODEL_A,Phase 7B Model B selected WF vs Model A selected WF,PHASE7B_MODEL_B_SELECTED,weekly,PHASE7B_MODEL_A_SELECTED,weekly,pre_tax,2013-01-02,2026-08-31,3436,annualized_mean_return_difference,0.028364997728043736,-0.01786949256753806,0.08123878435670262,0.8768,,0.1278,H0: expected paired excess return <= 0; H1: > 0,stationary_bootstrap_politis_romano,40,SENSITIVITY,10000,8301,c016c551c60a1c48ec61d23bf4d46d2d8216116f12c7fa2b4fd2ab01d53ac3cf
E_PHASE7B_MODEL_B_VS_MODEL_A,Phase 7B Model B selected WF vs Model A selected WF,PHASE7B_MODEL_B_SELECTED,weekly,PHASE7B_MODEL_A_SELECTED,weekly,pre_tax,2013-01-02,2026-08-31,3436,annualized_volatility_difference,0.022310425507141463,0.009877506115946254,0.04195298491135672,1.0,,,path/ratio bootstrap diagnostic,stationary_bootstrap_politis_romano,40,SENSITIVITY,10000,8301,c016c551c60a1c48ec61d23bf4d46d2d8216116f12c7fa2b4fd2ab01d53ac3cf
E_PHASE7B_MODEL_B_VS_MODEL_A,Phase 7B Model B selected WF vs Model A selected WF,PHASE7B_MODEL_B_SELECTED,weekly,PHASE7B_MODEL_A_SELECTED,weekly,pre_tax,2013-01-02,2026-08-31,3436,sharpe_difference,0.08584458499756537,-0.0956472824373852,0.2987335122345841,0.8024,,,path/ratio bootstrap diagnostic,stationary_bootstrap_politis_romano,40,SENSITIVITY,10000,8301,c016c551c60a1c48ec61d23bf4d46d2d8216116f12c7fa2b4fd2ab01d53ac3cf
E_PHASE7B_MODEL_B_VS_MODEL_A,Phase 7B Model B selected WF vs Model A selected WF,PHASE7B_MODEL_B_SELECTED,weekly,PHASE7B_MODEL_A_SELECTED,weekly,pre_tax,2013-01-02,2026-08-31,3436,cagr_difference,0.02413017799757955,-0.02242837930893553,0.0812523163496864,0.828,,,path/ratio bootstrap diagnostic,stationary_bootstrap_politis_romano,40,SENSITIVITY,10000,8301,c016c551c60a1c48ec61d23bf4d46d2d8216116f12c7fa2b4fd2ab01d53ac3cf
E_PHASE7B_MODEL_B_VS_MODEL_A,Phase 7B Model B selected WF vs Model A selected WF,PHASE7B_MODEL_B_SELECTED,weekly,PHASE7B_MODEL_A_SELECTED,weekly,pre_tax,2013-01-02,2026-08-31,3436,max_drawdown_difference,1.1102230246251565e-16,-0.1144194668918481,0.09165633515496868,,0.3426,,path/ratio bootstrap diagnostic,stationary_bootstrap_politis_romano,40,SENSITIVITY,10000,8301,c016c551c60a1c48ec61d23bf4d46d2d8216116f12c7fa2b4fd2ab01d53ac3cf
E_PHASE7B_MODEL_B_VS_MODEL_A,Phase 7B Model B selected WF vs Model A selected WF,PHASE7B_MODEL_B_SELECTED,weekly,PHASE7B_MODEL_A_SELECTED,weekly,pre_tax,2013-01-02,2026-08-31,3436,calmar_difference,0.049090555708718064,-0.06164074330399258,0.19894592238211817,0.7848,,,path/ratio bootstrap diagnostic,stationary_bootstrap_politis_romano,40,SENSITIVITY,10000,8301,c016c551c60a1c48ec61d23bf4d46d2d8216116f12c7fa2b4fd2ab01d53ac3cf
E_PHASE7B_MODEL_B_VS_MODEL_A,Phase 7B Model B selected WF vs Model A selected WF,PHASE7B_MODEL_B_SELECTED,monthly,PHASE7B_MODEL_A_SELECTED,monthly,pre_tax,2013-01-02,2026-08-31,3436,annualized_mean_return_difference,0.08618377638353848,-0.017501801415805256,0.19799052137382303,0.9494,,0.0594,H0: expected paired excess return <= 0; H1: > 0,stationary_bootstrap_politis_romano,40,SENSITIVITY,10000,8301,c016c551c60a1c48ec61d23bf4d46d2d8216116f12c7fa2b4fd2ab01d53ac3cf
E_PHASE7B_MODEL_B_VS_MODEL_A,Phase 7B Model B selected WF vs Model A selected WF,PHASE7B_MODEL_B_SELECTED,monthly,PHASE7B_MODEL_A_SELECTED,monthly,pre_tax,2013-01-02,2026-08-31,3436,annualized_volatility_difference,0.25571139884313643,0.17536599426345376,0.34061031213694165,1.0,,,path/ratio bootstrap diagnostic,stationary_bootstrap_politis_romano,40,SENSITIVITY,10000,8301,c016c551c60a1c48ec61d23bf4d46d2d8216116f12c7fa2b4fd2ab01d53ac3cf
E_PHASE7B_MODEL_B_VS_MODEL_A,Phase 7B Model B selected WF vs Model A selected WF,PHASE7B_MODEL_B_SELECTED,monthly,PHASE7B_MODEL_A_SELECTED,monthly,pre_tax,2013-01-02,2026-08-31,3436,sharpe_difference,,,,,,,path/ratio bootstrap diagnostic,stationary_bootstrap_politis_romano,40,SENSITIVITY,10000,8301,c016c551c60a1c48ec61d23bf4d46d2d8216116f12c7fa2b4fd2ab01d53ac3cf
E_PHASE7B_MODEL_B_VS_MODEL_A,Phase 7B Model B selected WF vs Model A selected WF,PHASE7B_MODEL_B_SELECTED,monthly,PHASE7B_MODEL_A_SELECTED,monthly,pre_tax,2013-01-02,2026-08-31,3436,cagr_difference,0.054204986510552944,-0.05625915591932136,0.17830719569118117,0.8297,,,path/ratio bootstrap diagnostic,stationary_bootstrap_politis_romano,40,SENSITIVITY,10000,8301,c016c551c60a1c48ec61d23bf4d46d2d8216116f12c7fa2b4fd2ab01d53ac3cf
E_PHASE7B_MODEL_B_VS_MODEL_A,Phase 7B Model B selected WF vs Model A selected WF,PHASE7B_MODEL_B_SELECTED,monthly,PHASE7B_MODEL_A_SELECTED,monthly,pre_tax,2013-01-02,2026-08-31,3436,max_drawdown_difference,-0.5171542190368646,-0.7864092023579373,-0.2746433662771118,,0.0,,path/ratio bootstrap diagnostic,stationary_bootstrap_politis_romano,40,SENSITIVITY,10000,8301,c016c551c60a1c48ec61d23bf4d46d2d8216116f12c7fa2b4fd2ab01d53ac3cf
E_PHASE7B_MODEL_B_VS_MODEL_A,Phase 7B Model B selected WF vs Model A selected WF,PHASE7B_MODEL_B_SELECTED,monthly,PHASE7B_MODEL_A_SELECTED,monthly,pre_tax,2013-01-02,2026-08-31,3436,calmar_difference,,,,,,,path/ratio bootstrap diagnostic,stationary_bootstrap_politis_romano,40,SENSITIVITY,10000,8301,c016c551c60a1c48ec61d23bf4d46d2d8216116f12c7fa2b4fd2ab01d53ac3cf
E_PHASE7B_MODEL_B_VS_MODEL_A,Phase 7B Model B selected WF vs Model A selected WF,PHASE7B_MODEL_B_SELECTED,bimonthly,PHASE7B_MODEL_A_SELECTED,bimonthly,pre_tax,2013-01-02,2026-08-31,3436,annualized_mean_return_difference,0.1318381805455194,0.02159783268568006,0.2563428759607791,0.9922,,0.0201,H0: expected paired excess return <= 0; H1: > 0,stationary_bootstrap_politis_romano,40,SENSITIVITY,10000,8301,c016c551c60a1c48ec61d23bf4d46d2d8216116f12c7fa2b4fd2ab01d53ac3cf
E_PHASE7B_MODEL_B_VS_MODEL_A,Phase 7B Model B selected WF vs Model A selected WF,PHASE7B_MODEL_B_SELECTED,bimonthly,PHASE7B_MODEL_A_SELECTED,bimonthly,pre_tax,2013-01-02,2026-08-31,3436,annualized_volatility_difference,0.2666805889475568,0.18028466895588027,0.3584575110648377,1.0,,,path/ratio bootstrap diagnostic,stationary_bootstrap_politis_romano,40,SENSITIVITY,10000,8301,c016c551c60a1c48ec61d23bf4d46d2d8216116f12c7fa2b4fd2ab01d53ac3cf
E_PHASE7B_MODEL_B_VS_MODEL_A,Phase 7B Model B selected WF vs Model A selected WF,PHASE7B_MODEL_B_SELECTED,bimonthly,PHASE7B_MODEL_A_SELECTED,bimonthly,pre_tax,2013-01-02,2026-08-31,3436,sharpe_difference,,,,,,,path/ratio bootstrap diagnostic,stationary_bootstrap_politis_romano,40,SENSITIVITY,10000,8301,c016c551c60a1c48ec61d23bf4d46d2d8216116f12c7fa2b4fd2ab01d53ac3cf
E_PHASE7B_MODEL_B_VS_MODEL_A,Phase 7B Model B selected WF vs Model A selected WF,PHASE7B_MODEL_B_SELECTED,bimonthly,PHASE7B_MODEL_A_SELECTED,bimonthly,pre_tax,2013-01-02,2026-08-31,3436,cagr_difference,0.10026191163840914,-0.014602126832245392,0.23907794262610096,0.956,,,path/ratio bootstrap diagnostic,stationary_bootstrap_politis_romano,40,SENSITIVITY,10000,8301,c016c551c60a1c48ec61d23bf4d46d2d8216116f12c7fa2b4fd2ab01d53ac3cf
E_PHASE7B_MODEL_B_VS_MODEL_A,Phase 7B Model B selected WF vs Model A selected WF,PHASE7B_MODEL_B_SELECTED,bimonthly,PHASE7B_MODEL_A_SELECTED,bimonthly,pre_tax,2013-01-02,2026-08-31,3436,max_drawdown_difference,-0.5306679735877726,-0.7317788481374057,-0.2618632120847539,,0.0,,path/ratio bootstrap diagnostic,stationary_bootstrap_politis_romano,40,SENSITIVITY,10000,8301,c016c551c60a1c48ec61d23bf4d46d2d8216116f12c7fa2b4fd2ab01d53ac3cf
E_PHASE7B_MODEL_B_VS_MODEL_A,Phase 7B Model B selected WF vs Model A selected WF,PHASE7B_MODEL_B_SELECTED,bimonthly,PHASE7B_MODEL_A_SELECTED,bimonthly,pre_tax,2013-01-02,2026-08-31,3436,calmar_difference,,,,,,,path/ratio bootstrap diagnostic,stationary_bootstrap_politis_romano,40,SENSITIVITY,10000,8301,c016c551c60a1c48ec61d23bf4d46d2d8216116f12c7fa2b4fd2ab01d53ac3cf
E_PHASE7B_MODEL_B_VS_MODEL_A,Phase 7B Model B selected WF vs Model A selected WF,PHASE7B_MODEL_B_SELECTED,quarterly,PHASE7B_MODEL_A_SELECTED,quarterly,pre_tax,2013-01-02,2026-08-31,3436,annualized_mean_return_difference,0.0,0.0,0.0,0.0,,1.0,H0: expected paired excess return <= 0; H1: > 0,stationary_bootstrap_politis_romano,40,SENSITIVITY,10000,8301,c016c551c60a1c48ec61d23bf4d46d2d8216116f12c7fa2b4fd2ab01d53ac3cf
E_PHASE7B_MODEL_B_VS_MODEL_A,Phase 7B Model B selected WF vs Model A selected WF,PHASE7B_MODEL_B_SELECTED,quarterly,PHASE7B_MODEL_A_SELECTED,quarterly,pre_tax,2013-01-02,2026-08-31,3436,annualized_volatility_difference,0.0,0.0,0.0,0.0,,,path/ratio bootstrap diagnostic,stationary_bootstrap_politis_romano,40,SENSITIVITY,10000,8301,c016c551c60a1c48ec61d23bf4d46d2d8216116f12c7fa2b4fd2ab01d53ac3cf
E_PHASE7B_MODEL_B_VS_MODEL_A,Phase 7B Model B selected WF vs Model A selected WF,PHASE7B_MODEL_B_SELECTED,quarterly,PHASE7B_MODEL_A_SELECTED,quarterly,pre_tax,2013-01-02,2026-08-31,3436,sharpe_difference,,,,,,,path/ratio bootstrap diagnostic,stationary_bootstrap_politis_romano,40,SENSITIVITY,10000,8301,c016c551c60a1c48ec61d23bf4d46d2d8216116f12c7fa2b4fd2ab01d53ac3cf
E_PHASE7B_MODEL_B_VS_MODEL_A,Phase 7B Model B selected WF vs Model A selected WF,PHASE7B_MODEL_B_SELECTED,quarterly,PHASE7B_MODEL_A_SELECTED,quarterly,pre_tax,2013-01-02,2026-08-31,3436,cagr_difference,0.0,0.0,0.0,0.0,,,path/ratio bootstrap diagnostic,stationary_bootstrap_politis_romano,40,SENSITIVITY,10000,8301,c016c551c60a1c48ec61d23bf4d46d2d8216116f12c7fa2b4fd2ab01d53ac3cf
E_PHASE7B_MODEL_B_VS_MODEL_A,Phase 7B Model B selected WF vs Model A selected WF,PHASE7B_MODEL_B_SELECTED,quarterly,PHASE7B_MODEL_A_SELECTED,quarterly,pre_tax,2013-01-02,2026-08-31,3436,max_drawdown_difference,0.0,0.0,0.0,,1.0,,path/ratio bootstrap diagnostic,stationary_bootstrap_politis_romano,40,SENSITIVITY,10000,8301,c016c551c60a1c48ec61d23bf4d46d2d8216116f12c7fa2b4fd2ab01d53ac3cf
E_PHASE7B_MODEL_B_VS_MODEL_A,Phase 7B Model B selected WF vs Model A selected WF,PHASE7B_MODEL_B_SELECTED,quarterly,PHASE7B_MODEL_A_SELECTED,quarterly,pre_tax,2013-01-02,2026-08-31,3436,calmar_difference,,,,,,,path/ratio bootstrap diagnostic,stationary_bootstrap_politis_romano,40,SENSITIVITY,10000,8301,c016c551c60a1c48ec61d23bf4d46d2d8216116f12c7fa2b4fd2ab01d53ac3cf
A_FIXED_MA200_VS_QQQ,Fixed MA200 QQQ→QLD/CASH vs QQQ buy-and-hold,FIXED_MA200_QQQ_TO_QLD,weekly,QQQ_BUY_HOLD,none,pre_tax,2013-01-02,2026-08-31,3436,annualized_mean_return_difference,0.10605161860960621,0.013002648612694715,0.1927342027970594,0.9867,,0.0066,H0: expected paired excess return <= 0; H1: > 0,stationary_bootstrap_politis_romano,60,SENSITIVITY,10000,8301,c0eba28de9cdc1e31330854c6436666ff1386ebb99398510337ac83160deb483
A_FIXED_MA200_VS_QQQ,Fixed MA200 QQQ→QLD/CASH vs QQQ buy-and-hold,FIXED_MA200_QQQ_TO_QLD,weekly,QQQ_BUY_HOLD,none,pre_tax,2013-01-02,2026-08-31,3436,annualized_volatility_difference,0.12378129961465748,0.0827506180726052,0.15969290489947413,1.0,,,path/ratio bootstrap diagnostic,stationary_bootstrap_politis_romano,60,SENSITIVITY,10000,8301,c0eba28de9cdc1e31330854c6436666ff1386ebb99398510337ac83160deb483
A_FIXED_MA200_VS_QQQ,Fixed MA200 QQQ→QLD/CASH vs QQQ buy-and-hold,FIXED_MA200_QQQ_TO_QLD,weekly,QQQ_BUY_HOLD,none,pre_tax,2013-01-02,2026-08-31,3436,sharpe_difference,-0.04552765344806409,-0.3048757655512813,0.24766220989694568,0.3432,,,path/ratio bootstrap diagnostic,stationary_bootstrap_politis_romano,60,SENSITIVITY,10000,8301,c0eba28de9cdc1e31330854c6436666ff1386ebb99398510337ac83160deb483
A_FIXED_MA200_VS_QQQ,Fixed MA200 QQQ→QLD/CASH vs QQQ buy-and-hold,FIXED_MA200_QQQ_TO_QLD,weekly,QQQ_BUY_HOLD,none,pre_tax,2013-01-02,2026-08-31,3436,cagr_difference,0.08914681052418882,-0.0300034342114095,0.216814763216977,0.9291,,,path/ratio bootstrap diagnostic,stationary_bootstrap_politis_romano,60,SENSITIVITY,10000,8301,c0eba28de9cdc1e31330854c6436666ff1386ebb99398510337ac83160deb483
A_FIXED_MA200_VS_QQQ,Fixed MA200 QQQ→QLD/CASH vs QQQ buy-and-hold,FIXED_MA200_QQQ_TO_QLD,weekly,QQQ_BUY_HOLD,none,pre_tax,2013-01-02,2026-08-31,3436,max_drawdown_difference,-0.14035690084368324,-0.3530435264841769,0.01755516199803335,,0.0349,,path/ratio bootstrap diagnostic,stationary_bootstrap_politis_romano,60,SENSITIVITY,10000,8301,c0eba28de9cdc1e31330854c6436666ff1386ebb99398510337ac83160deb483
A_FIXED_MA200_VS_QQQ,Fixed MA200 QQQ→QLD/CASH vs QQQ buy-and-hold,FIXED_MA200_QQQ_TO_QLD,weekly,QQQ_BUY_HOLD,none,pre_tax,2013-01-02,2026-08-31,3436,calmar_difference,0.01910384216584582,-0.3923558312988892,0.5305600460103522,0.386,,,path/ratio bootstrap diagnostic,stationary_bootstrap_politis_romano,60,SENSITIVITY,10000,8301,c0eba28de9cdc1e31330854c6436666ff1386ebb99398510337ac83160deb483
A_FIXED_MA200_VS_QQQ,Fixed MA200 QQQ→QLD/CASH vs QQQ buy-and-hold,FIXED_MA200_QQQ_TO_QLD,monthly,QQQ_BUY_HOLD,none,pre_tax,2013-01-02,2026-08-31,3436,annualized_mean_return_difference,0.10303643330976675,0.00934162593694718,0.1883708246710361,0.9848,,0.0084,H0: expected paired excess return <= 0; H1: > 0,stationary_bootstrap_politis_romano,60,SENSITIVITY,10000,8301,c0eba28de9cdc1e31330854c6436666ff1386ebb99398510337ac83160deb483
A_FIXED_MA200_VS_QQQ,Fixed MA200 QQQ→QLD/CASH vs QQQ buy-and-hold,FIXED_MA200_QQQ_TO_QLD,monthly,QQQ_BUY_HOLD,none,pre_tax,2013-01-02,2026-08-31,3436,annualized_volatility_difference,0.1365407936001918,0.09271069255197516,0.17819914768001047,1.0,,,path/ratio bootstrap diagnostic,stationary_bootstrap_politis_romano,60,SENSITIVITY,10000,8301,c0eba28de9cdc1e31330854c6436666ff1386ebb99398510337ac83160deb483
A_FIXED_MA200_VS_QQQ,Fixed MA200 QQQ→QLD/CASH vs QQQ buy-and-hold,FIXED_MA200_QQQ_TO_QLD,monthly,QQQ_BUY_HOLD,none,pre_tax,2013-01-02,2026-08-31,3436,sharpe_difference,-0.08878566151678313,-0.36740135386801814,0.22642137873972965,0.2652,,,path/ratio bootstrap diagnostic,stationary_bootstrap_politis_romano,60,SENSITIVITY,10000,8301,c0eba28de9cdc1e31330854c6436666ff1386ebb99398510337ac83160deb483
A_FIXED_MA200_VS_QQQ,Fixed MA200 QQQ→QLD/CASH vs QQQ buy-and-hold,FIXED_MA200_QQQ_TO_QLD,monthly,QQQ_BUY_HOLD,none,pre_tax,2013-01-02,2026-08-31,3436,cagr_difference,0.07982359202355593,-0.0406691295059404,0.20627103874525046,0.9062,,,path/ratio bootstrap diagnostic,stationary_bootstrap_politis_romano,60,SENSITIVITY,10000,8301,c0eba28de9cdc1e31330854c6436666ff1386ebb99398510337ac83160deb483
A_FIXED_MA200_VS_QQQ,Fixed MA200 QQQ→QLD/CASH vs QQQ buy-and-hold,FIXED_MA200_QQQ_TO_QLD,monthly,QQQ_BUY_HOLD,none,pre_tax,2013-01-02,2026-08-31,3436,max_drawdown_difference,-0.16596691857312096,-0.3449771385873082,0.023557080893723027,,0.0416,,path/ratio bootstrap diagnostic,stationary_bootstrap_politis_romano,60,SENSITIVITY,10000,8301,c0eba28de9cdc1e31330854c6436666ff1386ebb99398510337ac83160deb483
A_FIXED_MA200_VS_QQQ,Fixed MA200 QQQ→QLD/CASH vs QQQ buy-and-hold,FIXED_MA200_QQQ_TO_QLD,monthly,QQQ_BUY_HOLD,none,pre_tax,2013-01-02,2026-08-31,3436,calmar_difference,-0.028009973970306024,-0.4331656464649471,0.5181656642270891,0.3503,,,path/ratio bootstrap diagnostic,stationary_bootstrap_politis_romano,60,SENSITIVITY,10000,8301,c0eba28de9cdc1e31330854c6436666ff1386ebb99398510337ac83160deb483
A_FIXED_MA200_VS_QQQ,Fixed MA200 QQQ→QLD/CASH vs QQQ buy-and-hold,FIXED_MA200_QQQ_TO_QLD,bimonthly,QQQ_BUY_HOLD,none,pre_tax,2013-01-02,2026-08-31,3436,annualized_mean_return_difference,0.1437393803736781,0.05370319586341159,0.2283661395278114,0.9993,,0.0004,H0: expected paired excess return <= 0; H1: > 0,stationary_bootstrap_politis_romano,60,SENSITIVITY,10000,8301,c0eba28de9cdc1e31330854c6436666ff1386ebb99398510337ac83160deb483
A_FIXED_MA200_VS_QQQ,Fixed MA200 QQQ→QLD/CASH vs QQQ buy-and-hold,FIXED_MA200_QQQ_TO_QLD,bimonthly,QQQ_BUY_HOLD,none,pre_tax,2013-01-02,2026-08-31,3436,annualized_volatility_difference,0.1549278773949974,0.10744951022639905,0.2004990424591638,1.0,,,path/ratio bootstrap diagnostic,stationary_bootstrap_politis_romano,60,SENSITIVITY,10000,8301,c0eba28de9cdc1e31330854c6436666ff1386ebb99398510337ac83160deb483
A_FIXED_MA200_VS_QQQ,Fixed MA200 QQQ→QLD/CASH vs QQQ buy-and-hold,FIXED_MA200_QQQ_TO_QLD,bimonthly,QQQ_BUY_HOLD,none,pre_tax,2013-01-02,2026-08-31,3436,sharpe_difference,-0.02182544358328664,-0.2554660263517938,0.24263364172265106,0.4008,,,path/ratio bootstrap diagnostic,stationary_bootstrap_politis_romano,60,SENSITIVITY,10000,8301,c0eba28de9cdc1e31330854c6436666ff1386ebb99398510337ac83160deb483
A_FIXED_MA200_VS_QQQ,Fixed MA200 QQQ→QLD/CASH vs QQQ buy-and-hold,FIXED_MA200_QQQ_TO_QLD,bimonthly,QQQ_BUY_HOLD,none,pre_tax,2013-01-02,2026-08-31,3436,cagr_difference,0.1244838571711766,0.007916161221860302,0.2533259177868165,0.9815,,,path/ratio bootstrap diagnostic,stationary_bootstrap_politis_romano,60,SENSITIVITY,10000,8301,c0eba28de9cdc1e31330854c6436666ff1386ebb99398510337ac83160deb483
A_FIXED_MA200_VS_QQQ,Fixed MA200 QQQ→QLD/CASH vs QQQ buy-and-hold,FIXED_MA200_QQQ_TO_QLD,bimonthly,QQQ_BUY_HOLD,none,pre_tax,2013-01-02,2026-08-31,3436,max_drawdown_difference,-0.16596691857312096,-0.33132272920372857,-0.02056833399016413,,0.0143,,path/ratio bootstrap diagnostic,stationary_bootstrap_politis_romano,60,SENSITIVITY,10000,8301,c0eba28de9cdc1e31330854c6436666ff1386ebb99398510337ac83160deb483
A_FIXED_MA200_VS_QQQ,Fixed MA200 QQQ→QLD/CASH vs QQQ buy-and-hold,FIXED_MA200_QQQ_TO_QLD,bimonthly,QQQ_BUY_HOLD,none,pre_tax,2013-01-02,2026-08-31,3436,calmar_difference,0.0583477574445026,-0.3149939265159739,0.46167767093693235,0.463,,,path/ratio bootstrap diagnostic,stationary_bootstrap_politis_romano,60,SENSITIVITY,10000,8301,c0eba28de9cdc1e31330854c6436666ff1386ebb99398510337ac83160deb483
A_FIXED_MA200_VS_QQQ,Fixed MA200 QQQ→QLD/CASH vs QQQ buy-and-hold,FIXED_MA200_QQQ_TO_QLD,quarterly,QQQ_BUY_HOLD,none,pre_tax,2013-01-02,2026-08-31,3436,annualized_mean_return_difference,0.04497236415112694,-0.06856159675351922,0.1492663868764752,0.7919,,0.2088,H0: expected paired excess return <= 0; H1: > 0,stationary_bootstrap_politis_romano,60,SENSITIVITY,10000,8301,c0eba28de9cdc1e31330854c6436666ff1386ebb99398510337ac83160deb483
A_FIXED_MA200_VS_QQQ,Fixed MA200 QQQ→QLD/CASH vs QQQ buy-and-hold,FIXED_MA200_QQQ_TO_QLD,quarterly,QQQ_BUY_HOLD,none,pre_tax,2013-01-02,2026-08-31,3436,annualized_volatility_difference,0.14081231765593535,0.09804961976149955,0.18021439115329413,1.0,,,path/ratio bootstrap diagnostic,stationary_bootstrap_politis_romano,60,SENSITIVITY,10000,8301,c0eba28de9cdc1e31330854c6436666ff1386ebb99398510337ac83160deb483
A_FIXED_MA200_VS_QQQ,Fixed MA200 QQQ→QLD/CASH vs QQQ buy-and-hold,FIXED_MA200_QQQ_TO_QLD,quarterly,QQQ_BUY_HOLD,none,pre_tax,2013-01-02,2026-08-31,3436,sharpe_difference,-0.2658977685900732,-0.5902886105833549,0.08834259433891589,0.0641,,,path/ratio bootstrap diagnostic,stationary_bootstrap_politis_romano,60,SENSITIVITY,10000,8301,c0eba28de9cdc1e31330854c6436666ff1386ebb99398510337ac83160deb483
A_FIXED_MA200_VS_QQQ,Fixed MA200 QQQ→QLD/CASH vs QQQ buy-and-hold,FIXED_MA200_QQQ_TO_QLD,quarterly,QQQ_BUY_HOLD,none,pre_tax,2013-01-02,2026-08-31,3436,cagr_difference,0.006096654414112335,-0.1309108548674039,0.1470889168344684,0.5487,,,path/ratio bootstrap diagnostic,stationary_bootstrap_politis_romano,60,SENSITIVITY,10000,8301,c0eba28de9cdc1e31330854c6436666ff1386ebb99398510337ac83160deb483
A_FIXED_MA200_VS_QQQ,Fixed MA200 QQQ→QLD/CASH vs QQQ buy-and-hold,FIXED_MA200_QQQ_TO_QLD,quarterly,QQQ_BUY_HOLD,none,pre_tax,2013-01-02,2026-08-31,3436,max_drawdown_difference,-0.16596691857312107,-0.4155019643234001,-0.04010816237277869,,0.0091,,path/ratio bootstrap diagnostic,stationary_bootstrap_politis_romano,60,SENSITIVITY,10000,8301,c0eba28de9cdc1e31330854c6436666ff1386ebb99398510337ac83160deb483
A_FIXED_MA200_VS_QQQ,Fixed MA200 QQQ→QLD/CASH vs QQQ buy-and-hold,FIXED_MA200_QQQ_TO_QLD,quarterly,QQQ_BUY_HOLD,none,pre_tax,2013-01-02,2026-08-31,3436,calmar_difference,-0.17057274324781652,-0.6474374400855848,0.20238028244975115,0.1156,,,path/ratio bootstrap diagnostic,stationary_bootstrap_politis_romano,60,SENSITIVITY,10000,8301,c0eba28de9cdc1e31330854c6436666ff1386ebb99398510337ac83160deb483
B_PHASE7A_VS_QQQ,Phase 7A fixed four-state vs QQQ buy-and-hold,PHASE7A_FIXED_FOUR_STATE,weekly,QQQ_BUY_HOLD,none,pre_tax,2013-01-02,2026-08-31,3436,annualized_mean_return_difference,0.11231339441016397,0.014774849662238658,0.20311766144491405,0.9868,,0.0063,H0: expected paired excess return <= 0; H1: > 0,stationary_bootstrap_politis_romano,60,SENSITIVITY,10000,8301,c0eba28de9cdc1e31330854c6436666ff1386ebb99398510337ac83160deb483
B_PHASE7A_VS_QQQ,Phase 7A fixed four-state vs QQQ buy-and-hold,PHASE7A_FIXED_FOUR_STATE,weekly,QQQ_BUY_HOLD,none,pre_tax,2013-01-02,2026-08-31,3436,annualized_volatility_difference,0.13065235569614012,0.08809678616560082,0.16662165349926994,1.0,,,path/ratio bootstrap diagnostic,stationary_bootstrap_politis_romano,60,SENSITIVITY,10000,8301,c0eba28de9cdc1e31330854c6436666ff1386ebb99398510337ac83160deb483
B_PHASE7A_VS_QQQ,Phase 7A fixed four-state vs QQQ buy-and-hold,PHASE7A_FIXED_FOUR_STATE,weekly,QQQ_BUY_HOLD,none,pre_tax,2013-01-02,2026-08-31,3436,sharpe_difference,-0.045975911438206785,-0.30827135808519357,0.2480601860710114,0.3437,,,path/ratio bootstrap diagnostic,stationary_bootstrap_politis_romano,60,SENSITIVITY,10000,8301,c0eba28de9cdc1e31330854c6436666ff1386ebb99398510337ac83160deb483
B_PHASE7A_VS_QQQ,Phase 7A fixed four-state vs QQQ buy-and-hold,PHASE7A_FIXED_FOUR_STATE,weekly,QQQ_BUY_HOLD,none,pre_tax,2013-01-02,2026-08-31,3436,cagr_difference,0.09415620447098205,-0.0309256194984887,0.2292669770039672,0.9319,,,path/ratio bootstrap diagnostic,stationary_bootstrap_politis_romano,60,SENSITIVITY,10000,8301,c0eba28de9cdc1e31330854c6436666ff1386ebb99398510337ac83160deb483
B_PHASE7A_VS_QQQ,Phase 7A fixed four-state vs QQQ buy-and-hold,PHASE7A_FIXED_FOUR_STATE,weekly,QQQ_BUY_HOLD,none,pre_tax,2013-01-02,2026-08-31,3436,max_drawdown_difference,-0.14035690084368324,-0.36275123417780963,0.009026767321584457,,0.03,,path/ratio bootstrap diagnostic,stationary_bootstrap_politis_romano,60,SENSITIVITY,10000,8301,c0eba28de9cdc1e31330854c6436666ff1386ebb99398510337ac83160deb483
B_PHASE7A_VS_QQQ,Phase 7A fixed four-state vs QQQ buy-and-hold,PHASE7A_FIXED_FOUR_STATE,weekly,QQQ_BUY_HOLD,none,pre_tax,2013-01-02,2026-08-31,3436,calmar_difference,0.0292949784532216,-0.402728227380111,0.5253069426176634,0.3904,,,path/ratio bootstrap diagnostic,stationary_bootstrap_politis_romano,60,SENSITIVITY,10000,8301,c0eba28de9cdc1e31330854c6436666ff1386ebb99398510337ac83160deb483
B_PHASE7A_VS_QQQ,Phase 7A fixed four-state vs QQQ buy-and-hold,PHASE7A_FIXED_FOUR_STATE,monthly,QQQ_BUY_HOLD,none,pre_tax,2013-01-02,2026-08-31,3436,annualized_mean_return_difference,0.10714794818753132,0.008583851552300494,0.19722141155209352,0.9833,,0.0094,H0: expected paired excess return <= 0; H1: > 0,stationary_bootstrap_politis_romano,60,SENSITIVITY,10000,8301,c0eba28de9cdc1e31330854c6436666ff1386ebb99398510337ac83160deb483
B_PHASE7A_VS_QQQ,Phase 7A fixed four-state vs QQQ buy-and-hold,PHASE7A_FIXED_FOUR_STATE,monthly,QQQ_BUY_HOLD,none,pre_tax,2013-01-02,2026-08-31,3436,annualized_volatility_difference,0.1453831534078979,0.10029554335502355,0.18596260885484678,1.0,,,path/ratio bootstrap diagnostic,stationary_bootstrap_politis_romano,60,SENSITIVITY,10000,8301,c0eba28de9cdc1e31330854c6436666ff1386ebb99398510337ac83160deb483
B_PHASE7A_VS_QQQ,Phase 7A fixed four-state vs QQQ buy-and-hold,PHASE7A_FIXED_FOUR_STATE,monthly,QQQ_BUY_HOLD,none,pre_tax,2013-01-02,2026-08-31,3436,sharpe_difference,-0.0994105080870713,-0.37772807447159584,0.2155412462414094,0.2436,,,path/ratio bootstrap diagnostic,stationary_bootstrap_politis_romano,60,SENSITIVITY,10000,8301,c0eba28de9cdc1e31330854c6436666ff1386ebb99398510337ac83160deb483
B_PHASE7A_VS_QQQ,Phase 7A fixed four-state vs QQQ buy-and-hold,PHASE7A_FIXED_FOUR_STATE,monthly,QQQ_BUY_HOLD,none,pre_tax,2013-01-02,2026-08-31,3436,cagr_difference,0.08104079128759101,-0.043622102057736444,0.2129065049570825,0.9006,,,path/ratio bootstrap diagnostic,stationary_bootstrap_politis_romano,60,SENSITIVITY,10000,8301,c0eba28de9cdc1e31330854c6436666ff1386ebb99398510337ac83160deb483
B_PHASE7A_VS_QQQ,Phase 7A fixed four-state vs QQQ buy-and-hold,PHASE7A_FIXED_FOUR_STATE,monthly,QQQ_BUY_HOLD,none,pre_tax,2013-01-02,2026-08-31,3436,max_drawdown_difference,-0.16596691857312085,-0.3573100405053351,0.010843863892950839,,0.0326,,path/ratio bootstrap diagnostic,stationary_bootstrap_politis_romano,60,SENSITIVITY,10000,8301,c0eba28de9cdc1e31330854c6436666ff1386ebb99398510337ac83160deb483
B_PHASE7A_VS_QQQ,Phase 7A fixed four-state vs QQQ buy-and-hold,PHASE7A_FIXED_FOUR_STATE,monthly,QQQ_BUY_HOLD,none,pre_tax,2013-01-02,2026-08-31,3436,calmar_difference,-0.025656325446850037,-0.4472217617435535,0.4895413157899996,0.3385,,,path/ratio bootstrap diagnostic,stationary_bootstrap_politis_romano,60,SENSITIVITY,10000,8301,c0eba28de9cdc1e31330854c6436666ff1386ebb99398510337ac83160deb483
B_PHASE7A_VS_QQQ,Phase 7A fixed four-state vs QQQ buy-and-hold,PHASE7A_FIXED_FOUR_STATE,bimonthly,QQQ_BUY_HOLD,none,pre_tax,2013-01-02,2026-08-31,3436,annualized_mean_return_difference,0.15010118915686518,0.05684184538900884,0.2379762068722913,0.9992,,0.0005,H0: expected paired excess return <= 0; H1: > 0,stationary_bootstrap_politis_romano,60,SENSITIVITY,10000,8301,c0eba28de9cdc1e31330854c6436666ff1386ebb99398510337ac83160deb483
B_PHASE7A_VS_QQQ,Phase 7A fixed four-state vs QQQ buy-and-hold,PHASE7A_FIXED_FOUR_STATE,bimonthly,QQQ_BUY_HOLD,none,pre_tax,2013-01-02,2026-08-31,3436,annualized_volatility_difference,0.16442922521364808,0.11700847594064587,0.20961216897722032,1.0,,,path/ratio bootstrap diagnostic,stationary_bootstrap_politis_romano,60,SENSITIVITY,10000,8301,c0eba28de9cdc1e31330854c6436666ff1386ebb99398510337ac83160deb483
B_PHASE7A_VS_QQQ,Phase 7A fixed four-state vs QQQ buy-and-hold,PHASE7A_FIXED_FOUR_STATE,bimonthly,QQQ_BUY_HOLD,none,pre_tax,2013-01-02,2026-08-31,3436,sharpe_difference,-0.029152526396514555,-0.2635857187542248,0.23468747824027006,0.3801,,,path/ratio bootstrap diagnostic,stationary_bootstrap_politis_romano,60,SENSITIVITY,10000,8301,c0eba28de9cdc1e31330854c6436666ff1386ebb99398510337ac83160deb483
B_PHASE7A_VS_QQQ,Phase 7A fixed four-state vs QQQ buy-and-hold,PHASE7A_FIXED_FOUR_STATE,bimonthly,QQQ_BUY_HOLD,none,pre_tax,2013-01-02,2026-08-31,3436,cagr_difference,0.12818052721324014,0.006446015394864453,0.2623317328549042,0.9806,,,path/ratio bootstrap diagnostic,stationary_bootstrap_politis_romano,60,SENSITIVITY,10000,8301,c0eba28de9cdc1e31330854c6436666ff1386ebb99398510337ac83160deb483
B_PHASE7A_VS_QQQ,Phase 7A fixed four-state vs QQQ buy-and-hold,PHASE7A_FIXED_FOUR_STATE,bimonthly,QQQ_BUY_HOLD,none,pre_tax,2013-01-02,2026-08-31,3436,max_drawdown_difference,-0.17948067312402882,-0.3465513010242788,-0.02883452615361085,,0.0106,,path/ratio bootstrap diagnostic,stationary_bootstrap_politis_romano,60,SENSITIVITY,10000,8301,c0eba28de9cdc1e31330854c6436666ff1386ebb99398510337ac83160deb483
B_PHASE7A_VS_QQQ,Phase 7A fixed four-state vs QQQ buy-and-hold,PHASE7A_FIXED_FOUR_STATE,bimonthly,QQQ_BUY_HOLD,none,pre_tax,2013-01-02,2026-08-31,3436,calmar_difference,0.049357417898992395,-0.32899314596188256,0.4499826659894727,0.4492,,,path/ratio bootstrap diagnostic,stationary_bootstrap_politis_romano,60,SENSITIVITY,10000,8301,c0eba28de9cdc1e31330854c6436666ff1386ebb99398510337ac83160deb483
B_PHASE7A_VS_QQQ,Phase 7A fixed four-state vs QQQ buy-and-hold,PHASE7A_FIXED_FOUR_STATE,quarterly,QQQ_BUY_HOLD,none,pre_tax,2013-01-02,2026-08-31,3436,annualized_mean_return_difference,0.04625562122864635,-0.07333331328103955,0.15900643143836748,0.7803,,0.2211,H0: expected paired excess return <= 0; H1: > 0,stationary_bootstrap_politis_romano,60,SENSITIVITY,10000,8301,c0eba28de9cdc1e31330854c6436666ff1386ebb99398510337ac83160deb483
B_PHASE7A_VS_QQQ,Phase 7A fixed four-state vs QQQ buy-and-hold,PHASE7A_FIXED_FOUR_STATE,quarterly,QQQ_BUY_HOLD,none,pre_tax,2013-01-02,2026-08-31,3436,annualized_volatility_difference,0.15835349555580894,0.11131944887334358,0.20348508803200202,1.0,,,path/ratio bootstrap diagnostic,stationary_bootstrap_politis_romano,60,SENSITIVITY,10000,8301,c0eba28de9cdc1e31330854c6436666ff1386ebb99398510337ac83160deb483
B_PHASE7A_VS_QQQ,Phase 7A fixed four-state vs QQQ buy-and-hold,PHASE7A_FIXED_FOUR_STATE,quarterly,QQQ_BUY_HOLD,none,pre_tax,2013-01-02,2026-08-31,3436,sharpe_difference,-0.29649634010283776,-0.6279823301275483,0.07104307715558676,0.0519,,,path/ratio bootstrap diagnostic,stationary_bootstrap_politis_romano,60,SENSITIVITY,10000,8301,c0eba28de9cdc1e31330854c6436666ff1386ebb99398510337ac83160deb483
B_PHASE7A_VS_QQQ,Phase 7A fixed four-state vs QQQ buy-and-hold,PHASE7A_FIXED_FOUR_STATE,quarterly,QQQ_BUY_HOLD,none,pre_tax,2013-01-02,2026-08-31,3436,cagr_difference,-0.00013355974232576173,-0.14501628055887766,0.15227936411722678,0.5154,,,path/ratio bootstrap diagnostic,stationary_bootstrap_politis_romano,60,SENSITIVITY,10000,8301,c0eba28de9cdc1e31330854c6436666ff1386ebb99398510337ac83160deb483
B_PHASE7A_VS_QQQ,Phase 7A fixed four-state vs QQQ buy-and-hold,PHASE7A_FIXED_FOUR_STATE,quarterly,QQQ_BUY_HOLD,none,pre_tax,2013-01-02,2026-08-31,3436,max_drawdown_difference,-0.2051366867801312,-0.45351511794349536,-0.054734699106602565,,0.0059,,path/ratio bootstrap diagnostic,stationary_bootstrap_politis_romano,60,SENSITIVITY,10000,8301,c0eba28de9cdc1e31330854c6436666ff1386ebb99398510337ac83160deb483
B_PHASE7A_VS_QQQ,Phase 7A fixed four-state vs QQQ buy-and-hold,PHASE7A_FIXED_FOUR_STATE,quarterly,QQQ_BUY_HOLD,none,pre_tax,2013-01-02,2026-08-31,3436,calmar_difference,-0.20977068395157017,-0.6923345332271127,0.18774176186784522,0.0951,,,path/ratio bootstrap diagnostic,stationary_bootstrap_politis_romano,60,SENSITIVITY,10000,8301,c0eba28de9cdc1e31330854c6436666ff1386ebb99398510337ac83160deb483
C_PHASE7A_INCREMENTAL_VS_FIXED,Phase 7A fixed four-state vs Fixed MA200 QQQ→QLD/CASH,PHASE7A_FIXED_FOUR_STATE,weekly,FIXED_MA200_QQQ_TO_QLD,weekly,pre_tax,2013-01-02,2026-08-31,3436,annualized_mean_return_difference,0.0062617758005577544,-0.00534829072788452,0.017356746599342308,0.8691,,0.1282,H0: expected paired excess return <= 0; H1: > 0,stationary_bootstrap_politis_romano,60,SENSITIVITY,10000,8301,c0eba28de9cdc1e31330854c6436666ff1386ebb99398510337ac83160deb483
C_PHASE7A_INCREMENTAL_VS_FIXED,Phase 7A fixed four-state vs Fixed MA200 QQQ→QLD/CASH,PHASE7A_FIXED_FOUR_STATE,weekly,FIXED_MA200_QQQ_TO_QLD,weekly,pre_tax,2013-01-02,2026-08-31,3436,annualized_volatility_difference,0.0068710560814826405,-0.0007298401186318058,0.012163848259964138,0.9667,,,path/ratio bootstrap diagnostic,stationary_bootstrap_politis_romano,60,SENSITIVITY,10000,8301,c0eba28de9cdc1e31330854c6436666ff1386ebb99398510337ac83160deb483
C_PHASE7A_INCREMENTAL_VS_FIXED,Phase 7A fixed four-state vs Fixed MA200 QQQ→QLD/CASH,PHASE7A_FIXED_FOUR_STATE,weekly,FIXED_MA200_QQQ_TO_QLD,weekly,pre_tax,2013-01-02,2026-08-31,3436,sharpe_difference,-0.0004482579901426975,-0.030005301271335338,0.03070143226171085,0.4768,,,path/ratio bootstrap diagnostic,stationary_bootstrap_politis_romano,60,SENSITIVITY,10000,8301,c0eba28de9cdc1e31330854c6436666ff1386ebb99398510337ac83160deb483
C_PHASE7A_INCREMENTAL_VS_FIXED,Phase 7A fixed four-state vs Fixed MA200 QQQ→QLD/CASH,PHASE7A_FIXED_FOUR_STATE,weekly,FIXED_MA200_QQQ_TO_QLD,weekly,pre_tax,2013-01-02,2026-08-31,3436,cagr_difference,0.005009393946793228,-0.008433301443668533,0.020325231105134216,0.7701,,,path/ratio bootstrap diagnostic,stationary_bootstrap_politis_romano,60,SENSITIVITY,10000,8301,c0eba28de9cdc1e31330854c6436666ff1386ebb99398510337ac83160deb483
C_PHASE7A_INCREMENTAL_VS_FIXED,Phase 7A fixed four-state vs Fixed MA200 QQQ→QLD/CASH,PHASE7A_FIXED_FOUR_STATE,weekly,FIXED_MA200_QQQ_TO_QLD,weekly,pre_tax,2013-01-02,2026-08-31,3436,max_drawdown_difference,0.0,-0.028975198635655095,0.00969148589445569,,0.214,,path/ratio bootstrap diagnostic,stationary_bootstrap_politis_romano,60,SENSITIVITY,10000,8301,c0eba28de9cdc1e31330854c6436666ff1386ebb99398510337ac83160deb483
C_PHASE7A_INCREMENTAL_VS_FIXED,Phase 7A fixed four-state vs Fixed MA200 QQQ→QLD/CASH,PHASE7A_FIXED_FOUR_STATE,weekly,FIXED_MA200_QQQ_TO_QLD,weekly,pre_tax,2013-01-02,2026-08-31,3436,calmar_difference,0.01019113628737578,-0.05145494673311991,0.04343313763697708,0.5185,,,path/ratio bootstrap diagnostic,stationary_bootstrap_politis_romano,60,SENSITIVITY,10000,8301,c0eba28de9cdc1e31330854c6436666ff1386ebb99398510337ac83160deb483
C_PHASE7A_INCREMENTAL_VS_FIXED,Phase 7A fixed four-state vs Fixed MA200 QQQ→QLD/CASH,PHASE7A_FIXED_FOUR_STATE,monthly,FIXED_MA200_QQQ_TO_QLD,monthly,pre_tax,2013-01-02,2026-08-31,3436,annualized_mean_return_difference,0.004111514877764568,-0.01261776190117679,0.017520341387769884,0.7196,,0.319,H0: expected paired excess return <= 0; H1: > 0,stationary_bootstrap_politis_romano,60,SENSITIVITY,10000,8301,c0eba28de9cdc1e31330854c6436666ff1386ebb99398510337ac83160deb483
C_PHASE7A_INCREMENTAL_VS_FIXED,Phase 7A fixed four-state vs Fixed MA200 QQQ→QLD/CASH,PHASE7A_FIXED_FOUR_STATE,monthly,FIXED_MA200_QQQ_TO_QLD,monthly,pre_tax,2013-01-02,2026-08-31,3436,annualized_volatility_difference,0.00884235980770609,0.0007162149435463767,0.015064087996587056,0.9825,,,path/ratio bootstrap diagnostic,stationary_bootstrap_politis_romano,60,SENSITIVITY,10000,8301,c0eba28de9cdc1e31330854c6436666ff1386ebb99398510337ac83160deb483
C_PHASE7A_INCREMENTAL_VS_FIXED,Phase 7A fixed four-state vs Fixed MA200 QQQ→QLD/CASH,PHASE7A_FIXED_FOUR_STATE,monthly,FIXED_MA200_QQQ_TO_QLD,monthly,pre_tax,2013-01-02,2026-08-31,3436,sharpe_difference,-0.010624846570288171,-0.049188256864737774,0.020225280706916895,0.2661,,,path/ratio bootstrap diagnostic,stationary_bootstrap_politis_romano,60,SENSITIVITY,10000,8301,c0eba28de9cdc1e31330854c6436666ff1386ebb99398510337ac83160deb483
C_PHASE7A_INCREMENTAL_VS_FIXED,Phase 7A fixed four-state vs Fixed MA200 QQQ→QLD/CASH,PHASE7A_FIXED_FOUR_STATE,monthly,FIXED_MA200_QQQ_TO_QLD,monthly,pre_tax,2013-01-02,2026-08-31,3436,cagr_difference,0.0012171992640350737,-0.017635557206546984,0.018473137763472893,0.5752,,,path/ratio bootstrap diagnostic,stationary_bootstrap_politis_romano,60,SENSITIVITY,10000,8301,c0eba28de9cdc1e31330854c6436666ff1386ebb99398510337ac83160deb483
C_PHASE7A_INCREMENTAL_VS_FIXED,Phase 7A fixed four-state vs Fixed MA200 QQQ→QLD/CASH,PHASE7A_FIXED_FOUR_STATE,monthly,FIXED_MA200_QQQ_TO_QLD,monthly,pre_tax,2013-01-02,2026-08-31,3436,max_drawdown_difference,1.1102230246251565e-16,-0.03461879399135044,0.005296516576263465,,0.2895,,path/ratio bootstrap diagnostic,stationary_bootstrap_politis_romano,60,SENSITIVITY,10000,8301,c0eba28de9cdc1e31330854c6436666ff1386ebb99398510337ac83160deb483
C_PHASE7A_INCREMENTAL_VS_FIXED,Phase 7A fixed four-state vs Fixed MA200 QQQ→QLD/CASH,PHASE7A_FIXED_FOUR_STATE,monthly,FIXED_MA200_QQQ_TO_QLD,monthly,pre_tax,2013-01-02,2026-08-31,3436,calmar_difference,0.0023536485234559867,-0.08030783712046699,0.03564383289154507,0.393,,,path/ratio bootstrap diagnostic,stationary_bootstrap_politis_romano,60,SENSITIVITY,10000,8301,c0eba28de9cdc1e31330854c6436666ff1386ebb99398510337ac83160deb483
C_PHASE7A_INCREMENTAL_VS_FIXED,Phase 7A fixed four-state vs Fixed MA200 QQQ→QLD/CASH,PHASE7A_FIXED_FOUR_STATE,bimonthly,FIXED_MA200_QQQ_TO_QLD,bimonthly,pre_tax,2013-01-02,2026-08-31,3436,annualized_mean_return_difference,0.0063618087831871,-0.01112513156902111,0.01971389743451697,0.7981,,0.2161,H0: expected paired excess return <= 0; H1: > 0,stationary_bootstrap_politis_romano,60,SENSITIVITY,10000,8301,c0eba28de9cdc1e31330854c6436666ff1386ebb99398510337ac83160deb483
C_PHASE7A_INCREMENTAL_VS_FIXED,Phase 7A fixed four-state vs Fixed MA200 QQQ→QLD/CASH,PHASE7A_FIXED_FOUR_STATE,bimonthly,FIXED_MA200_QQQ_TO_QLD,bimonthly,pre_tax,2013-01-02,2026-08-31,3436,annualized_volatility_difference,0.009501347818650696,0.004241067748914822,0.014286387626682584,0.9993,,,path/ratio bootstrap diagnostic,stationary_bootstrap_politis_romano,60,SENSITIVITY,10000,8301,c0eba28de9cdc1e31330854c6436666ff1386ebb99398510337ac83160deb483
C_PHASE7A_INCREMENTAL_VS_FIXED,Phase 7A fixed four-state vs Fixed MA200 QQQ→QLD/CASH,PHASE7A_FIXED_FOUR_STATE,bimonthly,FIXED_MA200_QQQ_TO_QLD,bimonthly,pre_tax,2013-01-02,2026-08-31,3436,sharpe_difference,-0.007327082813227914,-0.047469334575170795,0.021686950133764506,0.3585,,,path/ratio bootstrap diagnostic,stationary_bootstrap_politis_romano,60,SENSITIVITY,10000,8301,c0eba28de9cdc1e31330854c6436666ff1386ebb99398510337ac83160deb483
C_PHASE7A_INCREMENTAL_VS_FIXED,Phase 7A fixed four-state vs Fixed MA200 QQQ→QLD/CASH,PHASE7A_FIXED_FOUR_STATE,bimonthly,FIXED_MA200_QQQ_TO_QLD,bimonthly,pre_tax,2013-01-02,2026-08-31,3436,cagr_difference,0.0036966700420635323,-0.017506577795438762,0.02219149937917942,0.6735,,,path/ratio bootstrap diagnostic,stationary_bootstrap_politis_romano,60,SENSITIVITY,10000,8301,c0eba28de9cdc1e31330854c6436666ff1386ebb99398510337ac83160deb483
C_PHASE7A_INCREMENTAL_VS_FIXED,Phase 7A fixed four-state vs Fixed MA200 QQQ→QLD/CASH,PHASE7A_FIXED_FOUR_STATE,bimonthly,FIXED_MA200_QQQ_TO_QLD,bimonthly,pre_tax,2013-01-02,2026-08-31,3436,max_drawdown_difference,-0.013513754550907864,-0.030547525483683863,0.0015936063977332045,,0.0674,,path/ratio bootstrap diagnostic,stationary_bootstrap_politis_romano,60,SENSITIVITY,10000,8301,c0eba28de9cdc1e31330854c6436666ff1386ebb99398510337ac83160deb483
C_PHASE7A_INCREMENTAL_VS_FIXED,Phase 7A fixed four-state vs Fixed MA200 QQQ→QLD/CASH,PHASE7A_FIXED_FOUR_STATE,bimonthly,FIXED_MA200_QQQ_TO_QLD,bimonthly,pre_tax,2013-01-02,2026-08-31,3436,calmar_difference,-0.008990339545510206,-0.0645660478706413,0.038094542794601484,0.3936,,,path/ratio bootstrap diagnostic,stationary_bootstrap_politis_romano,60,SENSITIVITY,10000,8301,c0eba28de9cdc1e31330854c6436666ff1386ebb99398510337ac83160deb483
C_PHASE7A_INCREMENTAL_VS_FIXED,Phase 7A fixed four-state vs Fixed MA200 QQQ→QLD/CASH,PHASE7A_FIXED_FOUR_STATE,quarterly,FIXED_MA200_QQQ_TO_QLD,quarterly,pre_tax,2013-01-02,2026-08-31,3436,annualized_mean_return_difference,0.0012832570775194122,-0.023481879898780544,0.020012154942463535,0.5816,,0.4912,H0: expected paired excess return <= 0; H1: > 0,stationary_bootstrap_politis_romano,60,SENSITIVITY,10000,8301,c0eba28de9cdc1e31330854c6436666ff1386ebb99398510337ac83160deb483
C_PHASE7A_INCREMENTAL_VS_FIXED,Phase 7A fixed four-state vs Fixed MA200 QQQ→QLD/CASH,PHASE7A_FIXED_FOUR_STATE,quarterly,FIXED_MA200_QQQ_TO_QLD,quarterly,pre_tax,2013-01-02,2026-08-31,3436,annualized_volatility_difference,0.017541177899873583,0.009200560168464551,0.025078813152772397,0.9999,,,path/ratio bootstrap diagnostic,stationary_bootstrap_politis_romano,60,SENSITIVITY,10000,8301,c0eba28de9cdc1e31330854c6436666ff1386ebb99398510337ac83160deb483
C_PHASE7A_INCREMENTAL_VS_FIXED,Phase 7A fixed four-state vs Fixed MA200 QQQ→QLD/CASH,PHASE7A_FIXED_FOUR_STATE,quarterly,FIXED_MA200_QQQ_TO_QLD,quarterly,pre_tax,2013-01-02,2026-08-31,3436,sharpe_difference,-0.030598571512764572,-0.09030965904624517,0.013449449894291192,0.1142,,,path/ratio bootstrap diagnostic,stationary_bootstrap_politis_romano,60,SENSITIVITY,10000,8301,c0eba28de9cdc1e31330854c6436666ff1386ebb99398510337ac83160deb483
C_PHASE7A_INCREMENTAL_VS_FIXED,Phase 7A fixed four-state vs Fixed MA200 QQQ→QLD/CASH,PHASE7A_FIXED_FOUR_STATE,quarterly,FIXED_MA200_QQQ_TO_QLD,quarterly,pre_tax,2013-01-02,2026-08-31,3436,cagr_difference,-0.006230214156438096,-0.03401381073441139,0.018446751051556763,0.3415,,,path/ratio bootstrap diagnostic,stationary_bootstrap_politis_romano,60,SENSITIVITY,10000,8301,c0eba28de9cdc1e31330854c6436666ff1386ebb99398510337ac83160deb483
C_PHASE7A_INCREMENTAL_VS_FIXED,Phase 7A fixed four-state vs Fixed MA200 QQQ→QLD/CASH,PHASE7A_FIXED_FOUR_STATE,quarterly,FIXED_MA200_QQQ_TO_QLD,quarterly,pre_tax,2013-01-02,2026-08-31,3436,max_drawdown_difference,-0.039169768207010125,-0.06403363741985355,-5.551115123125783e-16,,0.0169,,path/ratio bootstrap diagnostic,stationary_bootstrap_politis_romano,60,SENSITIVITY,10000,8301,c0eba28de9cdc1e31330854c6436666ff1386ebb99398510337ac83160deb483
C_PHASE7A_INCREMENTAL_VS_FIXED,Phase 7A fixed four-state vs Fixed MA200 QQQ→QLD/CASH,PHASE7A_FIXED_FOUR_STATE,quarterly,FIXED_MA200_QQQ_TO_QLD,quarterly,pre_tax,2013-01-02,2026-08-31,3436,calmar_difference,-0.03919794070375365,-0.09754341274146491,0.021124708583051505,0.0928,,,path/ratio bootstrap diagnostic,stationary_bootstrap_politis_romano,60,SENSITIVITY,10000,8301,c0eba28de9cdc1e31330854c6436666ff1386ebb99398510337ac83160deb483
D_PHASE7B_MODEL_A_VS_FIXED,Phase 7B Model A selected WF vs Fixed MA200 QQQ→QLD/CASH,PHASE7B_MODEL_A_SELECTED,weekly,FIXED_MA200_QQQ_TO_QLD,weekly,pre_tax,2013-01-02,2026-08-31,3436,annualized_mean_return_difference,-0.24132343327690378,-0.3529153402367459,-0.13175884069988292,0.0,,1.0,H0: expected paired excess return <= 0; H1: > 0,stationary_bootstrap_politis_romano,60,SENSITIVITY,10000,8301,c0eba28de9cdc1e31330854c6436666ff1386ebb99398510337ac83160deb483
D_PHASE7B_MODEL_A_VS_FIXED,Phase 7B Model A selected WF vs Fixed MA200 QQQ→QLD/CASH,PHASE7B_MODEL_A_SELECTED,weekly,FIXED_MA200_QQQ_TO_QLD,weekly,pre_tax,2013-01-02,2026-08-31,3436,annualized_volatility_difference,-0.10178655533495379,-0.1576618126902107,-0.06173450264795683,0.0,,,path/ratio bootstrap diagnostic,stationary_bootstrap_politis_romano,60,SENSITIVITY,10000,8301,c0eba28de9cdc1e31330854c6436666ff1386ebb99398510337ac83160deb483
D_PHASE7B_MODEL_A_VS_FIXED,Phase 7B Model A selected WF vs Fixed MA200 QQQ→QLD/CASH,PHASE7B_MODEL_A_SELECTED,weekly,FIXED_MA200_QQQ_TO_QLD,weekly,pre_tax,2013-01-02,2026-08-31,3436,sharpe_difference,-0.6347812501997244,-1.0330266527157692,-0.27100485758256915,0.0004,,,path/ratio bootstrap diagnostic,stationary_bootstrap_politis_romano,60,SENSITIVITY,10000,8301,c0eba28de9cdc1e31330854c6436666ff1386ebb99398510337ac83160deb483
D_PHASE7B_MODEL_A_VS_FIXED,Phase 7B Model A selected WF vs Fixed MA200 QQQ→QLD/CASH,PHASE7B_MODEL_A_SELECTED,weekly,FIXED_MA200_QQQ_TO_QLD,weekly,pre_tax,2013-01-02,2026-08-31,3436,cagr_difference,-0.24626798667581107,-0.39306403763504827,-0.11412128739330973,0.0001,,,path/ratio bootstrap diagnostic,stationary_bootstrap_politis_romano,60,SENSITIVITY,10000,8301,c0eba28de9cdc1e31330854c6436666ff1386ebb99398510337ac83160deb483
D_PHASE7B_MODEL_A_VS_FIXED,Phase 7B Model A selected WF vs Fixed MA200 QQQ→QLD/CASH,PHASE7B_MODEL_A_SELECTED,weekly,FIXED_MA200_QQQ_TO_QLD,weekly,pre_tax,2013-01-02,2026-08-31,3436,max_drawdown_difference,0.0,-0.20499834940969316,0.16352441183566138,,0.4609,,path/ratio bootstrap diagnostic,stationary_bootstrap_politis_romano,60,SENSITIVITY,10000,8301,c0eba28de9cdc1e31330854c6436666ff1386ebb99398510337ac83160deb483
D_PHASE7B_MODEL_A_VS_FIXED,Phase 7B Model A selected WF vs Fixed MA200 QQQ→QLD/CASH,PHASE7B_MODEL_A_SELECTED,weekly,FIXED_MA200_QQQ_TO_QLD,weekly,pre_tax,2013-01-02,2026-08-31,3436,calmar_difference,-0.5010088330220938,-1.0983984750415405,-0.1755381331972419,0.0007,,,path/ratio bootstrap diagnostic,stationary_bootstrap_politis_romano,60,SENSITIVITY,10000,8301,c0eba28de9cdc1e31330854c6436666ff1386ebb99398510337ac83160deb483
D_PHASE7B_MODEL_A_VS_FIXED,Phase 7B Model A selected WF vs Fixed MA200 QQQ→QLD/CASH,PHASE7B_MODEL_A_SELECTED,monthly,FIXED_MA200_QQQ_TO_QLD,monthly,pre_tax,2013-01-02,2026-08-31,3436,annualized_mean_return_difference,-0.30714880063494177,-0.44321058085682213,-0.16346808111338756,0.0,,1.0,H0: expected paired excess return <= 0; H1: > 0,stationary_bootstrap_politis_romano,60,SENSITIVITY,10000,8301,c0eba28de9cdc1e31330854c6436666ff1386ebb99398510337ac83160deb483
D_PHASE7B_MODEL_A_VS_FIXED,Phase 7B Model A selected WF vs Fixed MA200 QQQ→QLD/CASH,PHASE7B_MODEL_A_SELECTED,monthly,FIXED_MA200_QQQ_TO_QLD,monthly,pre_tax,2013-01-02,2026-08-31,3436,annualized_volatility_difference,-0.34503578982203303,-0.4093693953321538,-0.29254248730872895,0.0,,,path/ratio bootstrap diagnostic,stationary_bootstrap_politis_romano,60,SENSITIVITY,10000,8301,c0eba28de9cdc1e31330854c6436666ff1386ebb99398510337ac83160deb483
D_PHASE7B_MODEL_A_VS_FIXED,Phase 7B Model A selected WF vs Fixed MA200 QQQ→QLD/CASH,PHASE7B_MODEL_A_SELECTED,monthly,FIXED_MA200_QQQ_TO_QLD,monthly,pre_tax,2013-01-02,2026-08-31,3436,sharpe_difference,,,,,,,path/ratio bootstrap diagnostic,stationary_bootstrap_politis_romano,60,SENSITIVITY,10000,8301,c0eba28de9cdc1e31330854c6436666ff1386ebb99398510337ac83160deb483
D_PHASE7B_MODEL_A_VS_FIXED,Phase 7B Model A selected WF vs Fixed MA200 QQQ→QLD/CASH,PHASE7B_MODEL_A_SELECTED,monthly,FIXED_MA200_QQQ_TO_QLD,monthly,pre_tax,2013-01-02,2026-08-31,3436,cagr_difference,-0.27938231955970605,-0.469250567484795,-0.10460000610711713,0.0009,,,path/ratio bootstrap diagnostic,stationary_bootstrap_politis_romano,60,SENSITIVITY,10000,8301,c0eba28de9cdc1e31330854c6436666ff1386ebb99398510337ac83160deb483
D_PHASE7B_MODEL_A_VS_FIXED,Phase 7B Model A selected WF vs Fixed MA200 QQQ→QLD/CASH,PHASE7B_MODEL_A_SELECTED,monthly,FIXED_MA200_QQQ_TO_QLD,monthly,pre_tax,2013-01-02,2026-08-31,3436,max_drawdown_difference,0.5171542190368645,0.3033801460157564,0.7024192227193422,,1.0,,path/ratio bootstrap diagnostic,stationary_bootstrap_politis_romano,60,SENSITIVITY,10000,8301,c0eba28de9cdc1e31330854c6436666ff1386ebb99398510337ac83160deb483
D_PHASE7B_MODEL_A_VS_FIXED,Phase 7B Model A selected WF vs Fixed MA200 QQQ→QLD/CASH,PHASE7B_MODEL_A_SELECTED,monthly,FIXED_MA200_QQQ_TO_QLD,monthly,pre_tax,2013-01-02,2026-08-31,3436,calmar_difference,,,,,,,path/ratio bootstrap diagnostic,stationary_bootstrap_politis_romano,60,SENSITIVITY,10000,8301,c0eba28de9cdc1e31330854c6436666ff1386ebb99398510337ac83160deb483
D_PHASE7B_MODEL_A_VS_FIXED,Phase 7B Model A selected WF vs Fixed MA200 QQQ→QLD/CASH,PHASE7B_MODEL_A_SELECTED,bimonthly,FIXED_MA200_QQQ_TO_QLD,bimonthly,pre_tax,2013-01-02,2026-08-31,3436,annualized_mean_return_difference,-0.34785174769885313,-0.4956793397747598,-0.19691204271440169,0.0,,1.0,H0: expected paired excess return <= 0; H1: > 0,stationary_bootstrap_politis_romano,60,SENSITIVITY,10000,8301,c0eba28de9cdc1e31330854c6436666ff1386ebb99398510337ac83160deb483
D_PHASE7B_MODEL_A_VS_FIXED,Phase 7B Model A selected WF vs Fixed MA200 QQQ→QLD/CASH,PHASE7B_MODEL_A_SELECTED,bimonthly,FIXED_MA200_QQQ_TO_QLD,bimonthly,pre_tax,2013-01-02,2026-08-31,3436,annualized_volatility_difference,-0.3634228736168386,-0.4348253696728234,-0.3024746254631923,0.0,,,path/ratio bootstrap diagnostic,stationary_bootstrap_politis_romano,60,SENSITIVITY,10000,8301,c0eba28de9cdc1e31330854c6436666ff1386ebb99398510337ac83160deb483
D_PHASE7B_MODEL_A_VS_FIXED,Phase 7B Model A selected WF vs Fixed MA200 QQQ→QLD/CASH,PHASE7B_MODEL_A_SELECTED,bimonthly,FIXED_MA200_QQQ_TO_QLD,bimonthly,pre_tax,2013-01-02,2026-08-31,3436,sharpe_difference,,,,,,,path/ratio bootstrap diagnostic,stationary_bootstrap_politis_romano,60,SENSITIVITY,10000,8301,c0eba28de9cdc1e31330854c6436666ff1386ebb99398510337ac83160deb483
D_PHASE7B_MODEL_A_VS_FIXED,Phase 7B Model A selected WF vs Fixed MA200 QQQ→QLD/CASH,PHASE7B_MODEL_A_SELECTED,bimonthly,FIXED_MA200_QQQ_TO_QLD,bimonthly,pre_tax,2013-01-02,2026-08-31,3436,cagr_difference,-0.3240425847073267,-0.5304251301981541,-0.1368421003665067,0.0002,,,path/ratio bootstrap diagnostic,stationary_bootstrap_politis_romano,60,SENSITIVITY,10000,8301,c0eba28de9cdc1e31330854c6436666ff1386ebb99398510337ac83160deb483
D_PHASE7B_MODEL_A_VS_FIXED,Phase 7B Model A selected WF vs Fixed MA200 QQQ→QLD/CASH,PHASE7B_MODEL_A_SELECTED,bimonthly,FIXED_MA200_QQQ_TO_QLD,bimonthly,pre_tax,2013-01-02,2026-08-31,3436,max_drawdown_difference,0.5171542190368645,0.339629639026685,0.7042495719969539,,1.0,,path/ratio bootstrap diagnostic,stationary_bootstrap_politis_romano,60,SENSITIVITY,10000,8301,c0eba28de9cdc1e31330854c6436666ff1386ebb99398510337ac83160deb483
D_PHASE7B_MODEL_A_VS_FIXED,Phase 7B Model A selected WF vs Fixed MA200 QQQ→QLD/CASH,PHASE7B_MODEL_A_SELECTED,bimonthly,FIXED_MA200_QQQ_TO_QLD,bimonthly,pre_tax,2013-01-02,2026-08-31,3436,calmar_difference,,,,,,,path/ratio bootstrap diagnostic,stationary_bootstrap_politis_romano,60,SENSITIVITY,10000,8301,c0eba28de9cdc1e31330854c6436666ff1386ebb99398510337ac83160deb483
D_PHASE7B_MODEL_A_VS_FIXED,Phase 7B Model A selected WF vs Fixed MA200 QQQ→QLD/CASH,PHASE7B_MODEL_A_SELECTED,quarterly,FIXED_MA200_QQQ_TO_QLD,quarterly,pre_tax,2013-01-02,2026-08-31,3436,annualized_mean_return_difference,-0.24908473147630197,-0.38619204344550384,-0.10457290851087872,0.0004,,1.0,H0: expected paired excess return <= 0; H1: > 0,stationary_bootstrap_politis_romano,60,SENSITIVITY,10000,8301,c0eba28de9cdc1e31330854c6436666ff1386ebb99398510337ac83160deb483
D_PHASE7B_MODEL_A_VS_FIXED,Phase 7B Model A selected WF vs Fixed MA200 QQQ→QLD/CASH,PHASE7B_MODEL_A_SELECTED,quarterly,FIXED_MA200_QQQ_TO_QLD,quarterly,pre_tax,2013-01-02,2026-08-31,3436,annualized_volatility_difference,-0.3493073138777766,-0.4115131632951636,-0.2948342058470543,0.0,,,path/ratio bootstrap diagnostic,stationary_bootstrap_politis_romano,60,SENSITIVITY,10000,8301,c0eba28de9cdc1e31330854c6436666ff1386ebb99398510337ac83160deb483
D_PHASE7B_MODEL_A_VS_FIXED,Phase 7B Model A selected WF vs Fixed MA200 QQQ→QLD/CASH,PHASE7B_MODEL_A_SELECTED,quarterly,FIXED_MA200_QQQ_TO_QLD,quarterly,pre_tax,2013-01-02,2026-08-31,3436,sharpe_difference,,,,,,,path/ratio bootstrap diagnostic,stationary_bootstrap_politis_romano,60,SENSITIVITY,10000,8301,c0eba28de9cdc1e31330854c6436666ff1386ebb99398510337ac83160deb483
D_PHASE7B_MODEL_A_VS_FIXED,Phase 7B Model A selected WF vs Fixed MA200 QQQ→QLD/CASH,PHASE7B_MODEL_A_SELECTED,quarterly,FIXED_MA200_QQQ_TO_QLD,quarterly,pre_tax,2013-01-02,2026-08-31,3436,cagr_difference,-0.20565538195026245,-0.39288425878258626,-0.03495833509642422,0.009,,,path/ratio bootstrap diagnostic,stationary_bootstrap_politis_romano,60,SENSITIVITY,10000,8301,c0eba28de9cdc1e31330854c6436666ff1386ebb99398510337ac83160deb483
D_PHASE7B_MODEL_A_VS_FIXED,Phase 7B Model A selected WF vs Fixed MA200 QQQ→QLD/CASH,PHASE7B_MODEL_A_SELECTED,quarterly,FIXED_MA200_QQQ_TO_QLD,quarterly,pre_tax,2013-01-02,2026-08-31,3436,max_drawdown_difference,0.5171542190368646,0.35329071429966397,0.7711225192778941,,1.0,,path/ratio bootstrap diagnostic,stationary_bootstrap_politis_romano,60,SENSITIVITY,10000,8301,c0eba28de9cdc1e31330854c6436666ff1386ebb99398510337ac83160deb483
D_PHASE7B_MODEL_A_VS_FIXED,Phase 7B Model A selected WF vs Fixed MA200 QQQ→QLD/CASH,PHASE7B_MODEL_A_SELECTED,quarterly,FIXED_MA200_QQQ_TO_QLD,quarterly,pre_tax,2013-01-02,2026-08-31,3436,calmar_difference,,,,,,,path/ratio bootstrap diagnostic,stationary_bootstrap_politis_romano,60,SENSITIVITY,10000,8301,c0eba28de9cdc1e31330854c6436666ff1386ebb99398510337ac83160deb483
E_PHASE7B_MODEL_B_VS_MODEL_A,Phase 7B Model B selected WF vs Model A selected WF,PHASE7B_MODEL_B_SELECTED,weekly,PHASE7B_MODEL_A_SELECTED,weekly,pre_tax,2013-01-02,2026-08-31,3436,annualized_mean_return_difference,0.028364997728043736,-0.01739783123113088,0.08329623277252172,0.8699,,0.1321,H0: expected paired excess return <= 0; H1: > 0,stationary_bootstrap_politis_romano,60,SENSITIVITY,10000,8301,c0eba28de9cdc1e31330854c6436666ff1386ebb99398510337ac83160deb483
E_PHASE7B_MODEL_B_VS_MODEL_A,Phase 7B Model B selected WF vs Model A selected WF,PHASE7B_MODEL_B_SELECTED,weekly,PHASE7B_MODEL_A_SELECTED,weekly,pre_tax,2013-01-02,2026-08-31,3436,annualized_volatility_difference,0.022310425507141463,0.008625284797873863,0.04512940368487154,1.0,,,path/ratio bootstrap diagnostic,stationary_bootstrap_politis_romano,60,SENSITIVITY,10000,8301,c0eba28de9cdc1e31330854c6436666ff1386ebb99398510337ac83160deb483
E_PHASE7B_MODEL_B_VS_MODEL_A,Phase 7B Model B selected WF vs Model A selected WF,PHASE7B_MODEL_B_SELECTED,weekly,PHASE7B_MODEL_A_SELECTED,weekly,pre_tax,2013-01-02,2026-08-31,3436,sharpe_difference,0.08584458499756537,-0.08962258870013264,0.30656513096244525,0.8031,,,path/ratio bootstrap diagnostic,stationary_bootstrap_politis_romano,60,SENSITIVITY,10000,8301,c0eba28de9cdc1e31330854c6436666ff1386ebb99398510337ac83160deb483
E_PHASE7B_MODEL_B_VS_MODEL_A,Phase 7B Model B selected WF vs Model A selected WF,PHASE7B_MODEL_B_SELECTED,weekly,PHASE7B_MODEL_A_SELECTED,weekly,pre_tax,2013-01-02,2026-08-31,3436,cagr_difference,0.02413017799757955,-0.021755583095536626,0.08189129822199398,0.8211,,,path/ratio bootstrap diagnostic,stationary_bootstrap_politis_romano,60,SENSITIVITY,10000,8301,c0eba28de9cdc1e31330854c6436666ff1386ebb99398510337ac83160deb483
E_PHASE7B_MODEL_B_VS_MODEL_A,Phase 7B Model B selected WF vs Model A selected WF,PHASE7B_MODEL_B_SELECTED,weekly,PHASE7B_MODEL_A_SELECTED,weekly,pre_tax,2013-01-02,2026-08-31,3436,max_drawdown_difference,1.1102230246251565e-16,-0.11684883605073854,0.08290670506767438,,0.3401,,path/ratio bootstrap diagnostic,stationary_bootstrap_politis_romano,60,SENSITIVITY,10000,8301,c0eba28de9cdc1e31330854c6436666ff1386ebb99398510337ac83160deb483
E_PHASE7B_MODEL_B_VS_MODEL_A,Phase 7B Model B selected WF vs Model A selected WF,PHASE7B_MODEL_B_SELECTED,weekly,PHASE7B_MODEL_A_SELECTED,weekly,pre_tax,2013-01-02,2026-08-31,3436,calmar_difference,0.049090555708718064,-0.05470145501552202,0.206596741294433,0.7794,,,path/ratio bootstrap diagnostic,stationary_bootstrap_politis_romano,60,SENSITIVITY,10000,8301,c0eba28de9cdc1e31330854c6436666ff1386ebb99398510337ac83160deb483
E_PHASE7B_MODEL_B_VS_MODEL_A,Phase 7B Model B selected WF vs Model A selected WF,PHASE7B_MODEL_B_SELECTED,monthly,PHASE7B_MODEL_A_SELECTED,monthly,pre_tax,2013-01-02,2026-08-31,3436,annualized_mean_return_difference,0.08618377638353848,-0.01595997034762703,0.19817125703618912,0.9503,,0.0636,H0: expected paired excess return <= 0; H1: > 0,stationary_bootstrap_politis_romano,60,SENSITIVITY,10000,8301,c0eba28de9cdc1e31330854c6436666ff1386ebb99398510337ac83160deb483
E_PHASE7B_MODEL_B_VS_MODEL_A,Phase 7B Model B selected WF vs Model A selected WF,PHASE7B_MODEL_B_SELECTED,monthly,PHASE7B_MODEL_A_SELECTED,monthly,pre_tax,2013-01-02,2026-08-31,3436,annualized_volatility_difference,0.25571139884313643,0.16629839895121912,0.34652385935264385,1.0,,,path/ratio bootstrap diagnostic,stationary_bootstrap_politis_romano,60,SENSITIVITY,10000,8301,c0eba28de9cdc1e31330854c6436666ff1386ebb99398510337ac83160deb483
E_PHASE7B_MODEL_B_VS_MODEL_A,Phase 7B Model B selected WF vs Model A selected WF,PHASE7B_MODEL_B_SELECTED,monthly,PHASE7B_MODEL_A_SELECTED,monthly,pre_tax,2013-01-02,2026-08-31,3436,sharpe_difference,,,,,,,path/ratio bootstrap diagnostic,stationary_bootstrap_politis_romano,60,SENSITIVITY,10000,8301,c0eba28de9cdc1e31330854c6436666ff1386ebb99398510337ac83160deb483
E_PHASE7B_MODEL_B_VS_MODEL_A,Phase 7B Model B selected WF vs Model A selected WF,PHASE7B_MODEL_B_SELECTED,monthly,PHASE7B_MODEL_A_SELECTED,monthly,pre_tax,2013-01-02,2026-08-31,3436,cagr_difference,0.054204986510552944,-0.05127815556311543,0.17324178653829872,0.8412,,,path/ratio bootstrap diagnostic,stationary_bootstrap_politis_romano,60,SENSITIVITY,10000,8301,c0eba28de9cdc1e31330854c6436666ff1386ebb99398510337ac83160deb483
E_PHASE7B_MODEL_B_VS_MODEL_A,Phase 7B Model B selected WF vs Model A selected WF,PHASE7B_MODEL_B_SELECTED,monthly,PHASE7B_MODEL_A_SELECTED,monthly,pre_tax,2013-01-02,2026-08-31,3436,max_drawdown_difference,-0.5171542190368646,-0.761325574587345,-0.2670978491414568,,0.0,,path/ratio bootstrap diagnostic,stationary_bootstrap_politis_romano,60,SENSITIVITY,10000,8301,c0eba28de9cdc1e31330854c6436666ff1386ebb99398510337ac83160deb483
E_PHASE7B_MODEL_B_VS_MODEL_A,Phase 7B Model B selected WF vs Model A selected WF,PHASE7B_MODEL_B_SELECTED,monthly,PHASE7B_MODEL_A_SELECTED,monthly,pre_tax,2013-01-02,2026-08-31,3436,calmar_difference,,,,,,,path/ratio bootstrap diagnostic,stationary_bootstrap_politis_romano,60,SENSITIVITY,10000,8301,c0eba28de9cdc1e31330854c6436666ff1386ebb99398510337ac83160deb483
E_PHASE7B_MODEL_B_VS_MODEL_A,Phase 7B Model B selected WF vs Model A selected WF,PHASE7B_MODEL_B_SELECTED,bimonthly,PHASE7B_MODEL_A_SELECTED,bimonthly,pre_tax,2013-01-02,2026-08-31,3436,annualized_mean_return_difference,0.1318381805455194,0.023120138642731637,0.2610180298080598,0.992,,0.0237,H0: expected paired excess return <= 0; H1: > 0,stationary_bootstrap_politis_romano,60,SENSITIVITY,10000,8301,c0eba28de9cdc1e31330854c6436666ff1386ebb99398510337ac83160deb483
E_PHASE7B_MODEL_B_VS_MODEL_A,Phase 7B Model B selected WF vs Model A selected WF,PHASE7B_MODEL_B_SELECTED,bimonthly,PHASE7B_MODEL_A_SELECTED,bimonthly,pre_tax,2013-01-02,2026-08-31,3436,annualized_volatility_difference,0.2666805889475568,0.17051642728523375,0.3652021269909871,1.0,,,path/ratio bootstrap diagnostic,stationary_bootstrap_politis_romano,60,SENSITIVITY,10000,8301,c0eba28de9cdc1e31330854c6436666ff1386ebb99398510337ac83160deb483
E_PHASE7B_MODEL_B_VS_MODEL_A,Phase 7B Model B selected WF vs Model A selected WF,PHASE7B_MODEL_B_SELECTED,bimonthly,PHASE7B_MODEL_A_SELECTED,bimonthly,pre_tax,2013-01-02,2026-08-31,3436,sharpe_difference,,,,,,,path/ratio bootstrap diagnostic,stationary_bootstrap_politis_romano,60,SENSITIVITY,10000,8301,c0eba28de9cdc1e31330854c6436666ff1386ebb99398510337ac83160deb483
E_PHASE7B_MODEL_B_VS_MODEL_A,Phase 7B Model B selected WF vs Model A selected WF,PHASE7B_MODEL_B_SELECTED,bimonthly,PHASE7B_MODEL_A_SELECTED,bimonthly,pre_tax,2013-01-02,2026-08-31,3436,cagr_difference,0.10026191163840914,-0.009020025812421614,0.23726543408271283,0.963,,,path/ratio bootstrap diagnostic,stationary_bootstrap_politis_romano,60,SENSITIVITY,10000,8301,c0eba28de9cdc1e31330854c6436666ff1386ebb99398510337ac83160deb483
E_PHASE7B_MODEL_B_VS_MODEL_A,Phase 7B Model B selected WF vs Model A selected WF,PHASE7B_MODEL_B_SELECTED,bimonthly,PHASE7B_MODEL_A_SELECTED,bimonthly,pre_tax,2013-01-02,2026-08-31,3436,max_drawdown_difference,-0.5306679735877726,-0.7110888376098069,-0.2553572295382296,,0.0,,path/ratio bootstrap diagnostic,stationary_bootstrap_politis_romano,60,SENSITIVITY,10000,8301,c0eba28de9cdc1e31330854c6436666ff1386ebb99398510337ac83160deb483
E_PHASE7B_MODEL_B_VS_MODEL_A,Phase 7B Model B selected WF vs Model A selected WF,PHASE7B_MODEL_B_SELECTED,bimonthly,PHASE7B_MODEL_A_SELECTED,bimonthly,pre_tax,2013-01-02,2026-08-31,3436,calmar_difference,,,,,,,path/ratio bootstrap diagnostic,stationary_bootstrap_politis_romano,60,SENSITIVITY,10000,8301,c0eba28de9cdc1e31330854c6436666ff1386ebb99398510337ac83160deb483
E_PHASE7B_MODEL_B_VS_MODEL_A,Phase 7B Model B selected WF vs Model A selected WF,PHASE7B_MODEL_B_SELECTED,quarterly,PHASE7B_MODEL_A_SELECTED,quarterly,pre_tax,2013-01-02,2026-08-31,3436,annualized_mean_return_difference,0.0,0.0,0.0,0.0,,1.0,H0: expected paired excess return <= 0; H1: > 0,stationary_bootstrap_politis_romano,60,SENSITIVITY,10000,8301,c0eba28de9cdc1e31330854c6436666ff1386ebb99398510337ac83160deb483
E_PHASE7B_MODEL_B_VS_MODEL_A,Phase 7B Model B selected WF vs Model A selected WF,PHASE7B_MODEL_B_SELECTED,quarterly,PHASE7B_MODEL_A_SELECTED,quarterly,pre_tax,2013-01-02,2026-08-31,3436,annualized_volatility_difference,0.0,0.0,0.0,0.0,,,path/ratio bootstrap diagnostic,stationary_bootstrap_politis_romano,60,SENSITIVITY,10000,8301,c0eba28de9cdc1e31330854c6436666ff1386ebb99398510337ac83160deb483
E_PHASE7B_MODEL_B_VS_MODEL_A,Phase 7B Model B selected WF vs Model A selected WF,PHASE7B_MODEL_B_SELECTED,quarterly,PHASE7B_MODEL_A_SELECTED,quarterly,pre_tax,2013-01-02,2026-08-31,3436,sharpe_difference,,,,,,,path/ratio bootstrap diagnostic,stationary_bootstrap_politis_romano,60,SENSITIVITY,10000,8301,c0eba28de9cdc1e31330854c6436666ff1386ebb99398510337ac83160deb483
E_PHASE7B_MODEL_B_VS_MODEL_A,Phase 7B Model B selected WF vs Model A selected WF,PHASE7B_MODEL_B_SELECTED,quarterly,PHASE7B_MODEL_A_SELECTED,quarterly,pre_tax,2013-01-02,2026-08-31,3436,cagr_difference,0.0,0.0,0.0,0.0,,,path/ratio bootstrap diagnostic,stationary_bootstrap_politis_romano,60,SENSITIVITY,10000,8301,c0eba28de9cdc1e31330854c6436666ff1386ebb99398510337ac83160deb483
E_PHASE7B_MODEL_B_VS_MODEL_A,Phase 7B Model B selected WF vs Model A selected WF,PHASE7B_MODEL_B_SELECTED,quarterly,PHASE7B_MODEL_A_SELECTED,quarterly,pre_tax,2013-01-02,2026-08-31,3436,max_drawdown_difference,0.0,0.0,0.0,,1.0,,path/ratio bootstrap diagnostic,stationary_bootstrap_politis_romano,60,SENSITIVITY,10000,8301,c0eba28de9cdc1e31330854c6436666ff1386ebb99398510337ac83160deb483
E_PHASE7B_MODEL_B_VS_MODEL_A,Phase 7B Model B selected WF vs Model A selected WF,PHASE7B_MODEL_B_SELECTED,quarterly,PHASE7B_MODEL_A_SELECTED,quarterly,pre_tax,2013-01-02,2026-08-31,3436,calmar_difference,,,,,,,path/ratio bootstrap diagnostic,stationary_bootstrap_politis_romano,60,SENSITIVITY,10000,8301,c0eba28de9cdc1e31330854c6436666ff1386ebb99398510337ac83160deb483
