start,end,ending_value,total_return,cagr,annualized_volatility,max_drawdown,worst_day,worst_week,worst_month,worst_calendar_year,sharpe,sortino,calmar,ulcer_index,max_drawdown_start,max_drawdown_trough,recovery_date,recovery_trading_days,time_under_water_days,number_of_trades,annual_turnover,gross_traded_notional,average_holding_period_days,mean_holding_period_days,median_holding_period_days,max_holding_period_days,mean_holding_trading_days,median_holding_trading_days,max_holding_trading_days,mean_holding_calendar_days,median_holding_calendar_days,max_holding_calendar_days,mean_holding_days,median_holding_days,max_holding_days,win_rate,tax_paid,transaction_costs,terminal_liquidation_wealth,terminal_liquidation_tax,terminal_liquidation_cost,terminal_unrealized_gain_after_cost,terminal_loss_pool_before_liquidation,terminal_liquidation_cagr,after_tax_wealth_tax_paid_to_date,after_tax_tax_paid_to_date,after_tax_terminal_liquidation,after_tax_cagr_tax_paid_to_date,after_tax_cagr_terminal_liquidation,strategy,asset,frequency,vol_window,target_vol,tax_mode,cumulative_realized_tax_paid,tax_semantics
2006-06-21,2026-08-31,465427.312921317,3.65427312921317,0.07912353022808105,0.10520920557363019,-0.26313168240369655,-0.04606341127161673,-0.08075172576908995,-0.07789419993452573,-0.15644450619974082,0.777921360519003,0.9875930020233509,0.30069936658820795,0.07063442294386914,2007-07-19,2009-03-09,2010-12-28,456,4568,805,2.921289187036213,13263934.697707813,,,,,,,,,,,,,,0.7590673575129534,0.0,6631.9673488539065,,,,,,,,,,,,SPY_VOL20_TARGET10_weekly,SPY,weekly,20,0.1,pre_tax,0.0,pre-tax; no realized tax is charged
2006-06-21,2026-08-31,667705.1729540265,5.677051729540265,0.0985817297550402,0.1341579266642602,-0.3601803315403257,-0.05139639047684608,-0.11161092472121659,-0.07926357558715946,-0.2227840433417957,0.7694513136231719,0.984302452512356,0.2737010356269357,0.09532273175037694,2007-10-09,2009-03-09,2011-01-14,469,4496,470,1.652332278625009,8406294.993733047,,,,,,,,,,,,,,0.7869565217391304,0.0,4203.147496866524,,,,,,,,,,,,SPY_VOL20_TARGET15_weekly,SPY,weekly,20,0.15,pre_tax,0.0,pre-tax; no realized tax is charged
2006-06-21,2026-08-31,805153.9297465893,7.051539297465892,0.10881209542437609,0.15229320092922172,-0.4064381137836949,-0.06224851603484194,-0.1116109247212167,-0.10724552413436961,-0.247257601353151,0.7559364490627616,0.9584032796144404,0.26772118985446713,0.10075912565776442,2007-10-09,2009-03-09,2011-01-03,460,4459,258,0.9108439241661854,4928229.637431958,,,,,,,,,,,,,,0.8048780487804879,0.0,2464.114818715979,,,,,,,,,,,,SPY_VOL20_TARGET20_weekly,SPY,weekly,20,0.2,pre_tax,0.0,pre-tax; no realized tax is charged
2006-06-21,2026-08-31,854205.3815760685,7.542053815760685,0.11206395139900138,0.163374897400753,-0.44162464853016203,-0.0771582299257424,-0.1116109247212167,-0.13434602224477477,-0.26230216706894727,0.7333586901552938,0.921142990663698,0.25375384225490677,0.10366745237882363,2007-10-09,2009-03-09,2011-01-26,476,4440,134,0.5281056769789642,2817582.4285192927,,,,,,,,,,,,,,0.7741935483870968,0.0,1408.7912142596465,,,,,,,,,,,,SPY_VOL20_TARGET25_weekly,SPY,weekly,20,0.25,pre_tax,0.0,pre-tax; no realized tax is charged
2006-06-21,2026-08-31,856982.594347803,7.56982594347803,0.1122427136414903,0.17060698057028809,-0.4813476100040919,-0.09000621162379474,-0.12524959397336888,-0.1475014478483312,-0.28490349994143727,0.7103092307805421,0.8839548900762124,0.23318431692334804,0.11063471726416733,2007-10-09,2009-03-09,2011-04-26,538,4440,78,0.311447975764623,1594226.9724252406,,,,,,,,,,,,,,0.6486486486486487,0.0,797.1134862126202,,,,,,,,,,,,SPY_VOL20_TARGET30_weekly,SPY,weekly,20,0.3,pre_tax,0.0,pre-tax; no realized tax is charged
2006-06-21,2026-08-31,433482.92380789784,3.334829238078979,0.07533066585898585,0.1066504966884299,-0.25496745502859786,-0.041822876236588535,-0.10165643151909065,-0.06931322740793755,-0.15670424905287894,0.7357720628185931,0.9172260095260656,0.29545208368078407,0.0720721246982206,2007-07-19,2009-03-09,2011-01-18,470,4581,854,1.7635367752519366,7592759.09976332,,,,,,,,,,,,,,0.8098591549295775,0.0,3796.3795498816608,,,,,,,,,,,,SPY_VOL40_TARGET10_weekly,SPY,weekly,40,0.1,pre_tax,0.0,pre-tax; no realized tax is charged
2006-06-21,2026-08-31,660666.2090497139,5.606662090497139,0.0980053469409452,0.13703695865954718,-0.35440513503464144,-0.0598120200561032,-0.1116109247212167,-0.10340524243450211,-0.22861849358722508,0.7523181424513452,0.9507515357476933,0.276534782520478,0.09552957380650556,2007-07-19,2009-03-09,2011-01-14,469,4507,453,0.9170576973299012,4521201.9032532135,,,,,,,,,,,,,,0.84,0.0,2260.6009516266067,,,,,,,,,,,,SPY_VOL40_TARGET15_weekly,SPY,weekly,40,0.15,pre_tax,0.0,pre-tax; no realized tax is charged
2006-06-21,2026-08-31,748017.1018534488,6.480171018534488,0.10477788186899217,0.1559139525635316,-0.4101238453338555,-0.0786027026283932,-0.11161092472121659,-0.13677389484353097,-0.2763674720219983,0.7185563503623841,0.8985174560350162,0.2554786391015602,0.1046203615062989,2007-10-09,2009-03-09,2011-01-14,469,4480,250,0.5339062520954629,2785453.1061670994,,,,,,,,,,,,,,0.8416666666666667,0.0,1392.7265530835496,,,,,,,,,,,,SPY_VOL40_TARGET20_weekly,SPY,weekly,40,0.2,pre_tax,0.0,pre-tax; no realized tax is charged
2006-06-21,2026-08-31,808745.3824724244,7.0874538247242445,0.10905649450043664,0.16734436694665136,-0.4510945213652482,-0.0985951811705228,-0.13711388623459253,-0.15396069333686635,-0.30075170276976915,0.7036858835011537,0.8721647096594661,0.24175974066449443,0.1092714310897214,2007-10-09,2009-03-09,2011-02-08,485,4448,135,0.31207803563054937,1690410.8132379518,,,,,,,,,,,,,,0.7419354838709677,0.0,845.2054066189758,,,,,,,,,,,,SPY_VOL40_TARGET25_weekly,SPY,weekly,40,0.25,pre_tax,0.0,pre-tax; no realized tax is charged
2006-06-21,2026-08-31,813836.5599567841,7.138365599567841,0.10940118831177403,0.174166192460331,-0.4943292686445667,-0.10763994283197165,-0.16414469698866052,-0.15914266338164818,-0.33126074961118135,0.6846251615343045,0.8418710545901886,0.22131238276007448,0.11679775758873596,2007-10-09,2009-03-09,2012-02-08,737,4449,73,0.21078120661146016,1032403.6023074962,,,,,,,,,,,,,,0.5405405405405406,0.0,516.2018011537481,,,,,,,,,,,,SPY_VOL40_TARGET30_weekly,SPY,weekly,40,0.3,pre_tax,0.0,pre-tax; no realized tax is charged
2006-06-21,2026-08-31,426338.8202718649,3.263388202718649,0.07444613706530823,0.10727520987375509,-0.24068665364245,-0.04694660714236398,-0.11094204426802867,-0.08086271325379368,-0.15594098767005915,0.7244304357382655,0.8961681236322473,0.30930729202750495,0.07031669372140721,2007-07-19,2009-03-09,2010-12-22,453,4583,900,1.3354337078882013,5792266.125890388,,,,,,,,,,,,,,0.8777292576419214,0.0,2896.133062945194,,,,,,,,,,,,SPY_VOL60_TARGET10_weekly,SPY,weekly,60,0.1,pre_tax,0.0,pre-tax; no realized tax is charged
2006-06-21,2026-08-31,660798.6842106511,5.607986842106511,0.09801624840307555,0.14017894143853474,-0.3299649676041435,-0.07071147751816498,-0.11161092472121659,-0.1235142862976798,-0.22836221213360153,0.7386550069774367,0.9239911450579127,0.29705046906877974,0.0901165726134843,2007-10-09,2009-03-09,2010-12-21,452,4513,456,0.712716643314828,3617893.3534097224,,,,,,,,,,,,,,0.8807339449541285,0.0,1808.9466767048611,,,,,,,,,,,,SPY_VOL60_TARGET15_weekly,SPY,weekly,60,0.15,pre_tax,0.0,pre-tax; no realized tax is charged
2006-06-21,2026-08-31,745320.3758311366,6.453203758311366,0.1045803146979214,0.15893695073585615,-0.40725020883233143,-0.09467451986513942,-0.1230630217546238,-0.15044131287137275,-0.2897051983661296,0.7067661917643401,0.8772084896634799,0.256796221167754,0.10481888236096168,2007-10-09,2009-03-09,2011-01-14,469,4478,246,0.4100417867946633,2170330.9138735617,,,,,,,,,,,,,,0.8487394957983193,0.0,1085.1654569367806,,,,,,,,,,,,SPY_VOL60_TARGET20_weekly,SPY,weekly,60,0.2,pre_tax,0.0,pre-tax; no realized tax is charged
2006-06-21,2026-08-31,802066.0132146791,7.020660132146791,0.10860113221512369,0.16941284591684788,-0.4504581671510023,-0.10767750660899555,-0.1534839542343318,-0.15899867581527583,-0.3210223205689483,0.694722889055356,0.8581847152164255,0.24109038338008085,0.1101891412089468,2007-10-09,2009-03-09,2011-02-07,484,4453,132,0.2438531947530085,1302895.0872778888,,,,,,,,,,,,,,0.746031746031746,0.0,651.4475436389444,,,,,,,,,,,,SPY_VOL60_TARGET25_weekly,SPY,weekly,60,0.25,pre_tax,0.0,pre-tax; no realized tax is charged
2006-06-21,2026-08-31,835576.5516961875,7.355765516961874,0.1108503823008764,0.17559224414478725,-0.4862610290124094,-0.1082265880659764,-0.18121513994395033,-0.16272598118355475,-0.3454613534736971,0.6878768803351717,0.848857614793702,0.22796476724859538,0.11435799428586658,2007-10-09,2009-03-09,2011-04-26,538,4444,80,0.1610787849823692,742665.7239738549,,,,,,,,,,,,,,0.6,0.0,371.33286198692747,,,,,,,,,,,,SPY_VOL60_TARGET30_weekly,SPY,weekly,60,0.3,pre_tax,0.0,pre-tax; no realized tax is charged
2006-06-21,2026-08-31,521025.1615343876,4.210251615343876,0.08517034593692596,0.11061067256675684,-0.2530180359967703,-0.041822876236588646,-0.09356265583518786,-0.06910446663710457,-0.1593206587682029,0.7958283865919524,1.0028867432523831,0.3366176865668704,0.06651102342060648,2007-07-19,2009-03-09,2011-01-03,460,4542,213,1.9609775340138094,9228577.467150517,,,,,,,,,,,,,,0.8446601941747572,0.0,4614.288733575259,,,,,,,,,,,,SPY_VOL20_TARGET10_monthly,SPY,monthly,20,0.1,pre_tax,0.0,pre-tax; no realized tax is charged
2006-06-21,2026-08-31,758904.3200767902,6.589043200767902,0.10556867620039445,0.1404666444103108,-0.34992972565759906,-0.06353726161053264,-0.11161092472121681,-0.08357573642683802,-0.22412875918946717,0.7862889450144569,0.996856367867809,0.3016853626881982,0.08883670582433406,2007-07-19,2009-03-09,2011-01-03,460,4460,127,1.0622825611736455,5737301.790795537,,,,,,,,,,,,,,0.8666666666666667,0.0,2868.6508953977677,,,,,,,,,,,,SPY_VOL20_TARGET15_monthly,SPY,monthly,20,0.15,pre_tax,0.0,pre-tax; no realized tax is charged
2006-06-21,2026-08-31,857326.2167236528,7.573262167236528,0.1122647934639538,0.15916074060181462,-0.4081731024198818,-0.08651254812252762,-0.1150013848046777,-0.09958608189271145,-0.2642314717518026,0.7496009137927689,0.9381364482866177,0.2750421152162756,0.09916101131370092,2007-10-09,2009-03-09,2011-01-03,460,4440,68,0.6610541099204961,3643278.0546401786,,,,,,,,,,,,,,0.84375,0.0,1821.6390273200893,,,,,,,,,,,,SPY_VOL20_TARGET20_monthly,SPY,monthly,20,0.2,pre_tax,0.0,pre-tax; no realized tax is charged
2006-06-21,2026-08-31,888270.0741872976,7.882700741872975,0.11421942528512585,0.17082422415256707,-0.44121347183769566,-0.10942366260333958,-0.1454571967058621,-0.1248710290217191,-0.2754434373531426,0.7200361496005546,0.8914192261114069,0.25887565220842235,0.10304608171564647,2007-10-09,2009-03-09,2011-01-05,462,4425,41,0.3998524942282906,2262142.8850658843,,,,,,,,,,,,,,0.7777777777777778,0.0,1131.0714425329425,,,,,,,,,,,,SPY_VOL20_TARGET25_monthly,SPY,monthly,20,0.25,pre_tax,0.0,pre-tax; no realized tax is charged
2006-06-21,2026-08-31,911616.2385340543,8.116162385340543,0.11565175780950043,0.17610787127931246,-0.47269863612513974,-0.10942366260333969,-0.145457196705862,-0.1248710290217192,-0.287275439731733,0.7109214423622152,0.881998407599517,0.24466277025365354,0.10598925653237953,2007-10-09,2009-03-09,2011-02-01,480,4424,23,0.26433292082727045,1456055.6761792055,,,,,,,,,,,,,,0.6,0.0,728.0278380896027,,,,,,,,,,,,SPY_VOL20_TARGET30_monthly,SPY,monthly,20,0.3,pre_tax,0.0,pre-tax; no realized tax is charged
2006-06-21,2026-08-31,467936.30125080596,3.67936301250806,0.07941085767015887,0.11207582916693842,-0.2534743419451697,-0.053739403918689255,-0.11161092472121659,-0.07916587145874054,-0.16105043360373061,0.7393069746388294,0.916983253290153,0.31328953084859623,0.0729993418330171,2007-07-19,2009-03-09,2011-02-07,484,4555,214,1.3275009291813726,5981867.900935002,,,,,,,,,,,,,,0.8918918918918919,0.0,2990.9339504675013,,,,,,,,,,,,SPY_VOL40_TARGET10_monthly,SPY,monthly,40,0.1,pre_tax,0.0,pre-tax; no realized tax is charged
2006-06-21,2026-08-31,678804.3784979641,5.788043784979641,0.09947895454179045,0.14433850618797855,-0.34401254301111983,-0.08278986762177953,-0.1116109247212167,-0.0953789501081207,-0.23202129000685978,0.7306802521680938,0.9109388928795594,0.28917246351268916,0.09237581156845653,2007-07-19,2009-03-09,2011-02-01,480,4497,119,0.7216857461686134,3681688.0124707976,,,,,,,,,,,,,,0.9032258064516129,0.0,1840.8440062353989,,,,,,,,,,,,SPY_VOL40_TARGET15_monthly,SPY,monthly,40,0.15,pre_tax,0.0,pre-tax; no realized tax is charged
2006-06-21,2026-08-31,760278.2726912806,6.602782726912806,0.10566770611063081,0.16379785774277714,-0.40421166011280607,-0.10942366260333969,-0.145457196705862,-0.1248710290217191,-0.2769499269542628,0.6965917492637752,0.8579175979800281,0.2614167688313133,0.10270772045596117,2007-10-09,2009-03-09,2011-02-01,480,4478,69,0.4221330701974144,2293778.3931751736,,,,,,,,,,,,,,0.8888888888888888,0.0,1146.8891965875866,,,,,,,,,,,,SPY_VOL40_TARGET20_monthly,SPY,monthly,40,0.2,pre_tax,0.0,pre-tax; no realized tax is charged
2006-06-21,2026-08-31,821048.9837267768,7.210489837267767,0.10988600718390873,0.1720594111427491,-0.4426154949531995,-0.10942366260333969,-0.1454571967058621,-0.1248710290217192,-0.2998188216573636,0.6933671365807262,0.8570605105376875,0.24826516115421504,0.10726332797636633,2007-10-09,2009-03-09,2011-02-08,485,4447,38,0.24886259808986386,1421841.017140563,,,,,,,,,,,,,,0.7647058823529411,0.0,710.9205085702815,,,,,,,,,,,,SPY_VOL40_TARGET25_monthly,SPY,monthly,40,0.25,pre_tax,0.0,pre-tax; no realized tax is charged
2006-06-21,2026-08-31,842392.7033704929,7.4239270337049295,0.1112973744334298,0.17784841642142085,-0.4765992909158071,-0.10942366260333947,-0.1577343132690866,-0.13409411319361852,-0.31953423103033374,0.6836052213257692,0.8449070004973581,0.23352400340245336,0.11121260410468053,2007-10-09,2009-03-09,2011-02-17,492,4440,22,0.17900686227976909,966532.1097031303,,,,,,,,,,,,,,0.6,0.0,483.2660548515651,,,,,,,,,,,,SPY_VOL40_TARGET30_monthly,SPY,monthly,40,0.3,pre_tax,0.0,pre-tax; no realized tax is charged
2006-06-21,2026-08-31,473137.1752964419,3.731371752964419,0.08000182323765093,0.1127414442134283,-0.251546720600611,-0.0637960045775039,-0.1116109247212167,-0.07916587145874066,-0.15121692318148994,0.7404753142102247,0.910806651925476,0.31803961922712737,0.06963086112206837,2020-02-19,2020-03-23,2021-07-01,322,4550,217,1.0256282525776839,4606664.5589714,,,,,,,,,,,,,,0.908256880733945,0.0,2303.3322794857004,,,,,,,,,,,,SPY_VOL60_TARGET10_monthly,SPY,monthly,60,0.1,pre_tax,0.0,pre-tax; no realized tax is charged
2006-06-21,2026-08-31,698843.8403930643,5.988438403930643,0.1010641304809694,0.1485552489622979,-0.31782565845640176,-0.09878297750185183,-0.13131250268750438,-0.11325603719539301,-0.22082906006762637,0.7238410816112639,0.8913834569963144,0.31798606497603793,0.08693374857760973,2020-02-19,2020-03-23,2021-04-13,266,4496,109,0.5869826370105948,3041030.261044787,,,,,,,,,,,,,,0.8909090909090909,0.0,1520.5151305223933,,,,,,,,,,,,SPY_VOL60_TARGET15_monthly,SPY,monthly,60,0.15,pre_tax,0.0,pre-tax; no realized tax is charged
2006-06-21,2026-08-31,784399.7051573701,6.843997051573701,0.10737914061157428,0.16511289608598284,-0.3978159736432001,-0.10942366260333969,-0.1454571967058621,-0.1248710290217191,-0.2882790212989528,0.7017213458482909,0.8648200514690118,0.26992164147707726,0.10158162746290982,2007-10-09,2009-03-09,2011-01-12,467,4465,66,0.35780589824492115,1953858.924105063,,,,,,,,,,,,,,0.8181818181818182,0.0,976.9294620525317,,,,,,,,,,,,SPY_VOL60_TARGET20_monthly,SPY,monthly,60,0.2,pre_tax,0.0,pre-tax; no realized tax is charged
2006-06-21,2026-08-31,846486.0719956743,7.464860719956743,0.11156416161221383,0.17313786215713414,-0.43555947001577344,-0.10942366260333958,-0.148902693498688,-0.12719082090364064,-0.31481247379048694,0.6988220771540519,0.865705551887411,0.2561399057818066,0.10544608716890135,2007-10-09,2009-03-09,2011-01-14,469,4440,36,0.21259383822624237,1217201.8261444094,,,,,,,,,,,,,,0.7222222222222222,0.0,608.6009130722048,,,,,,,,,,,,SPY_VOL60_TARGET25_monthly,SPY,monthly,60,0.25,pre_tax,0.0,pre-tax; no realized tax is charged
2006-06-21,2026-08-31,870978.8579466228,7.7097885794662275,0.11313532138822802,0.1794644005183311,-0.4686784707796713,-0.10942366260333958,-0.17989256218351768,-0.15129912453472938,-0.3373748288665279,0.6882045117436068,0.85310829520643,0.24139218769750925,0.10924988761943188,2007-10-09,2009-03-09,2011-02-07,484,4436,23,0.14598848714474752,729970.551461727,,,,,,,,,,,,,,0.6153846153846154,0.0,364.9852757308635,,,,,,,,,,,,SPY_VOL60_TARGET30_monthly,SPY,monthly,60,0.3,pre_tax,0.0,pre-tax; no realized tax is charged
2006-06-21,2026-08-31,498879.008481946,3.9887900848194597,0.08283883495386735,0.11553090250009224,-0.2853902399998056,-0.0449120618205342,-0.1116109247212167,-0.07916587145874054,-0.1915958314645414,0.7480516720566939,0.9333161982888988,0.29026512943793653,0.07465590701954745,2007-07-19,2009-03-09,2011-02-04,483,4526,109,1.2857679333527383,5868599.191582739,,,,,,,,,,,,,,0.9122807017543859,0.0,2934.299595791371,,,,,,,,,,,,SPY_VOL20_TARGET10_bimonthly,SPY,bimonthly,20,0.1,pre_tax,0.0,pre-tax; no realized tax is charged
2006-06-21,2026-08-31,651154.6864443993,5.511546864443993,0.0972171568788196,0.14823490656198188,-0.3981554150154252,-0.06864128347935061,-0.14209673163291947,-0.12024017005945609,-0.2757946955559081,0.7012588845607058,0.8795414666118694,0.24416886776499888,0.10146032782642266,2007-07-19,2009-03-09,2012-03-15,762,4499,73,0.7837329051206766,3801105.04182199,,,,,,,,,,,,,,0.9117647058823529,0.0,1900.5525209109956,,,,,,,,,,,,SPY_VOL20_TARGET15_bimonthly,SPY,bimonthly,20,0.15,pre_tax,0.0,pre-tax; no realized tax is charged
2006-06-21,2026-08-31,741690.7355748053,6.416907355748053,0.10431332509405378,0.16973596795446594,-0.4704168049996762,-0.09825258264352121,-0.1975788429169938,-0.16490530339793674,-0.33593627384867586,0.6705267029982985,0.8338281679281103,0.22174659575379238,0.11572460883951678,2007-10-09,2009-03-09,2012-03-13,760,4473,39,0.4283183745112128,2375648.3744251826,,,,,,,,,,,,,,0.9473684210526315,0.0,1187.8241872125911,,,,,,,,,,,,SPY_VOL20_TARGET20_bimonthly,SPY,bimonthly,20,0.2,pre_tax,0.0,pre-tax; no realized tax is charged
2006-06-21,2026-08-31,792506.2763817149,6.925062763817149,0.10794309170267802,0.1802135262201925,-0.4960968126677341,-0.10942366260333969,-0.19793341718087076,-0.16518682625367498,-0.3383625297734244,0.6600115132859755,0.8143470203686403,0.21758473133947345,0.11777772448050566,2007-10-09,2009-03-09,2012-02-28,750,4459,24,0.259606759814353,1525717.1285133553,,,,,,,,,,,,,,0.8888888888888888,0.0,762.8585642566777,,,,,,,,,,,,SPY_VOL20_TARGET25_bimonthly,SPY,bimonthly,20,0.25,pre_tax,0.0,pre-tax; no realized tax is charged
2006-06-21,2026-08-31,851151.8241313347,7.511518241313347,0.11186676281592556,0.18399828762602102,-0.5201260284780124,-0.10942366260333969,-0.19793341718087076,-0.16518682625367498,-0.34044784075246803,0.6694318812536875,0.8277025164239271,0.21507626361877902,0.11834080948051207,2007-10-09,2009-03-09,2012-02-28,750,4440,14,0.16990815285515054,990722.403394162,,,,,,,,,,,,,,0.6666666666666666,0.0,495.3612016970809,,,,,,,,,,,,SPY_VOL20_TARGET30_bimonthly,SPY,bimonthly,20,0.3,pre_tax,0.0,pre-tax; no realized tax is charged
2006-06-21,2026-08-31,491285.0901832502,3.9128509018325017,0.08201665768139321,0.11584836931556122,-0.24106735343134245,-0.053739403918689255,-0.11161092472121659,-0.07916587145874054,-0.16002231756622276,0.739762305009884,0.9141582976187104,0.3402229979048245,0.06797940693497309,2007-07-19,2009-03-09,2011-02-04,483,4524,112,1.0579623433004506,4733167.506888237,,,,,,,,,,,,,,0.9230769230769231,0.0,2366.583753444118,,,,,,,,,,,,SPY_VOL40_TARGET10_bimonthly,SPY,bimonthly,40,0.1,pre_tax,0.0,pre-tax; no realized tax is charged
2006-06-21,2026-08-31,684854.9538923547,5.848549538923548,0.09996220836236436,0.15085391914132604,-0.3358824640683299,-0.08278986762177953,-0.1352502625274522,-0.11464264306546001,-0.2364865551889206,0.7083177860707605,0.8806005962570563,0.2976106794965892,0.08783025331965992,2007-07-19,2008-10-27,2011-02-01,570,4485,69,0.660471169618025,3390730.5281050475,,,,,,,,,,,,,,0.9354838709677419,0.0,1695.3652640525238,,,,,,,,,,,,SPY_VOL40_TARGET15_bimonthly,SPY,bimonthly,40,0.15,pre_tax,0.0,pre-tax; no realized tax is charged
2006-06-21,2026-08-31,781615.6071127241,6.816156071127241,0.10718418021633047,0.17234932617074833,-0.42657163483378624,-0.10942366260333958,-0.18767177565892978,-0.15701943160797294,-0.3142980413929175,0.6781308187909261,0.8351217815489044,0.25126888771705325,0.10444865933646945,2007-10-09,2008-10-27,2011-02-07,574,4459,42,0.3868797955956779,2139273.721289651,,,,,,,,,,,,,,0.8947368421052632,0.0,1069.6368606448257,,,,,,,,,,,,SPY_VOL40_TARGET20_bimonthly,SPY,bimonthly,40,0.2,pre_tax,0.0,pre-tax; no realized tax is charged
2006-06-21,2026-08-31,853999.2596675204,7.539992596675203,0.11205066183479251,0.1788220385261762,-0.456811951558723,-0.10942366260333958,-0.19793341718087076,-0.16518682625367498,-0.3411957279015255,0.6844796002678897,0.8471308309288929,0.2452883762179511,0.10962761549446999,2007-10-09,2009-03-09,2011-02-11,488,4429,20,0.24221093853508968,1438536.790671916,,,,,,,,,,,,,,0.75,0.0,719.2683953359582,,,,,,,,,,,,SPY_VOL40_TARGET25_bimonthly,SPY,bimonthly,40,0.25,pre_tax,0.0,pre-tax; no realized tax is charged
2006-06-21,2026-08-31,896574.5513944146,7.965745513944146,0.11473297810607708,0.18191376938217887,-0.4735470934958572,-0.10942366260333958,-0.19793341718087076,-0.16518682625367498,-0.34384787985159015,0.6891720218779677,0.8563054891676232,0.24228419872474796,0.10818777560644752,2007-10-09,2009-03-09,2011-02-04,483,4415,14,0.16848218782515198,989982.8489328066,,,,,,,,,,,,,,0.6666666666666666,0.0,494.9914244664033,,,,,,,,,,,,SPY_VOL40_TARGET30_bimonthly,SPY,bimonthly,40,0.3,pre_tax,0.0,pre-tax; no realized tax is charged
2006-06-21,2026-08-31,470888.81318037864,3.7088881318037865,0.0797471075391134,0.11691822389351646,-0.2515467206006111,-0.06379600457750378,-0.11161092472121659,-0.07916587145874054,-0.17037778206680987,0.7160735488102213,0.8757628606506359,0.31702702125753596,0.07027623439742113,2020-02-19,2020-03-23,2021-04-05,260,4543,112,0.8223142148802546,3668837.5886362977,,,,,,,,,,,,,,0.9411764705882353,0.0,1834.4187943181491,,,,,,,,,,,,SPY_VOL60_TARGET10_bimonthly,SPY,bimonthly,60,0.1,pre_tax,0.0,pre-tax; no realized tax is charged
2006-06-21,2026-08-31,670379.8821917967,5.7037988219179665,0.09879923418609149,0.1547356898609033,-0.3450743378853496,-0.09878297750185161,-0.1401761804078886,-0.11867189932894262,-0.2510573277247464,0.6875533794154283,0.8445108682920248,0.28631289939305016,0.09006853759336114,2007-10-09,2008-10-27,2011-02-01,570,4498,60,0.5213017516775706,2584319.2258456843,,,,,,,,,,,,,,0.8928571428571429,0.0,1292.159612922842,,,,,,,,,,,,SPY_VOL60_TARGET15_bimonthly,SPY,bimonthly,60,0.15,pre_tax,0.0,pre-tax; no realized tax is charged
2006-06-21,2026-08-31,758084.7238217253,6.580847238217253,0.10550952126531876,0.17353841638759104,-0.4442454984274794,-0.10942366260333969,-0.19479561695889525,-0.16269378573074966,-0.3331022994438576,0.6659044129231056,0.8175986897047359,0.2375027358494272,0.10890084423839383,2007-10-09,2008-10-27,2011-04-26,628,4465,39,0.3195536183840995,1705429.403551614,,,,,,,,,,,,,,0.8421052631578947,0.0,852.7147017758072,,,,,,,,,,,,SPY_VOL60_TARGET20_bimonthly,SPY,bimonthly,60,0.2,pre_tax,0.0,pre-tax; no realized tax is charged
2006-06-21,2026-08-31,851865.7407429412,7.518657407429412,0.11191292533085417,0.1794204466815959,-0.45212838945389155,-0.10942366260333969,-0.19793341718087076,-0.16518682625367498,-0.34396078895867943,0.6821022058293764,0.843689991203689,0.24752465879443997,0.10797226682449873,2007-10-09,2008-10-27,2011-02-04,573,4429,21,0.19661984860196643,1109648.1808057996,,,,,,,,,,,,,,0.6666666666666666,0.0,554.8240904028997,,,,,,,,,,,,SPY_VOL60_TARGET25_bimonthly,SPY,bimonthly,60,0.25,pre_tax,0.0,pre-tax; no realized tax is charged
2006-06-21,2026-08-31,919889.5666477385,8.198895666477384,0.11615098705573157,0.182527596474794,-0.46556924891226403,-0.10942366260333958,-0.19793341718087076,-0.16518682625367498,-0.3471661960757684,0.6944521841277254,0.8621652641695424,0.24948165568731556,0.10626457471231159,2007-10-09,2009-03-09,2011-01-14,469,4409,14,0.14103509196499872,727039.3967631024,,,,,,,,,,,,,,0.5714285714285714,0.0,363.51969838155117,,,,,,,,,,,,SPY_VOL60_TARGET30_bimonthly,SPY,bimonthly,60,0.3,pre_tax,0.0,pre-tax; no realized tax is charged
2006-06-21,2026-08-31,451997.47965415247,3.5199747965415247,0.07756006995915166,0.12700782535931862,-0.33717275860137663,-0.10942366260333969,-0.1454571967058621,-0.1248710290217191,-0.1418057246289688,0.6530695772653752,0.7617430592738597,0.23003065336855177,0.08070081077596655,2020-02-19,2020-03-23,2021-12-27,445,4580,67,0.8086829794891651,3343684.357034736,,,,,,,,,,,,,,0.90625,0.0,1671.8421785173678,,,,,,,,,,,,SPY_VOL20_TARGET10_quarterly,SPY,quarterly,20,0.1,pre_tax,0.0,pre-tax; no realized tax is charged
2006-06-21,2026-08-31,615455.3496415445,5.154553496415445,0.0941578854667453,0.15011363992087215,-0.3385426885033114,-0.10942366260333958,-0.145457196705862,-0.12487102902171898,-0.20629292257430987,0.6759574020554674,0.8197603942045364,0.27812706835588424,0.09436001828434377,2007-10-09,2009-03-09,2011-01-12,467,4514,48,0.5076636416306227,2308912.7720074016,,,,,,,,,,,,,,0.9166666666666666,0.0,1154.4563860037008,,,,,,,,,,,,SPY_VOL20_TARGET15_quarterly,SPY,quarterly,20,0.15,pre_tax,0.0,pre-tax; no realized tax is charged
2006-06-21,2026-08-31,743978.4880156181,6.43978488015618,0.1044817521996011,0.16409786150486302,-0.40757105667343996,-0.10942366260333969,-0.1454571967058621,-0.1248710290217191,-0.2576595906731839,0.6890826664437113,0.8481750559709317,0.25635223720833417,0.10407708362867694,2007-10-09,2009-03-09,2011-02-07,484,4474,27,0.2926051280009016,1280697.9380288862,,,,,,,,,,,,,,0.8333333333333334,0.0,640.3489690144431,,,,,,,,,,,,SPY_VOL20_TARGET20_quarterly,SPY,quarterly,20,0.2,pre_tax,0.0,pre-tax; no realized tax is charged
2006-06-21,2026-08-31,788990.3697174198,6.889903697174199,0.10769917657612016,0.17148549354045514,-0.45189080978568363,-0.10942366260333947,-0.145457196705862,-0.1248710290217191,-0.281385795877811,0.6836113943594033,0.8451109217148978,0.23833008825118218,0.11023172020737029,2007-10-09,2009-03-09,2011-02-16,491,4463,16,0.19684602849148872,900075.2246613221,,,,,,,,,,,,,,0.7142857142857143,0.0,450.0376123306611,,,,,,,,,,,,SPY_VOL20_TARGET25_quarterly,SPY,quarterly,20,0.25,pre_tax,0.0,pre-tax; no realized tax is charged
2006-06-21,2026-08-31,812773.4811254037,7.127734811254037,0.10932938310004081,0.17711108091560748,-0.49234617484949794,-0.10942366260333958,-0.145457196705862,-0.12487102902171898,-0.30210003399463425,0.6757416733565748,0.834879370055593,0.22205795167081574,0.11595792507454242,2007-10-09,2009-03-09,2012-02-09,738,4451,10,0.1317112301635881,601935.9385568886,,,,,,,,,,,,,,0.5,0.0,300.9679692784443,,,,,,,,,,,,SPY_VOL20_TARGET30_quarterly,SPY,quarterly,20,0.3,pre_tax,0.0,pre-tax; no realized tax is charged
2006-06-21,2026-08-31,418472.2929201581,3.1847229292015813,0.07345571636274983,0.1252990602186025,-0.33717275860137663,-0.10942366260333958,-0.1454571967058621,-0.1248710290217191,-0.1549246230015856,0.6297265427013947,0.7316018227728472,0.21785780282918124,0.07812379410876699,2020-02-19,2020-03-23,2021-11-02,408,4595,74,0.7762064782405228,3046658.206058383,,,,,,,,,,,,,,0.9117647058823529,0.0,1523.3291030291912,,,,,,,,,,,,SPY_VOL40_TARGET10_quarterly,SPY,quarterly,40,0.1,pre_tax,0.0,pre-tax; no realized tax is charged
2006-06-21,2026-08-31,632399.8988741376,5.3239989887413754,0.09563041457028065,0.15180600266644456,-0.33717275860137663,-0.10942366260333958,-0.1454571967058621,-0.1248710290217191,-0.22553433180114413,0.678981101873665,0.8189814784058707,0.28362437987862466,0.09188277728713398,2020-02-19,2020-03-23,2021-04-16,269,4510,49,0.48955574064940854,2152453.866277835,,,,,,,,,,,,,,0.9090909090909091,0.0,1076.2269331389173,,,,,,,,,,,,SPY_VOL40_TARGET15_quarterly,SPY,quarterly,40,0.15,pre_tax,0.0,pre-tax; no realized tax is charged
2006-06-21,2026-08-31,745645.4790335284,6.456454790335283,0.1046041683487331,0.16417165436375444,-0.37861215050594177,-0.10942366260333958,-0.145457196705862,-0.1248710290217191,-0.27864676119994425,0.6895130800362999,0.8447452887880376,0.27628317846891576,0.10321884177750235,2007-10-09,2009-03-09,2011-02-14,489,4477,28,0.30685794357188734,1319925.1713106395,,,,,,,,,,,,,,0.8461538461538461,0.0,659.9625856553198,,,,,,,,,,,,SPY_VOL40_TARGET20_quarterly,SPY,quarterly,40,0.2,pre_tax,0.0,pre-tax; no realized tax is charged
2006-06-21,2026-08-31,813587.5743491093,7.135875743491093,0.10938437868217465,0.17243141274299748,-0.42191423932470895,-0.10942366260333958,-0.145457196705862,-0.1248710290217191,-0.31233963738866166,0.6896298273666824,0.8491264195009134,0.25925737623183526,0.1095502038019973,2007-10-09,2008-11-20,2011-02-17,564,4451,16,0.17749754478804816,788972.0897759934,,,,,,,,,,,,,,0.7142857142857143,0.0,394.48604488799674,,,,,,,,,,,,SPY_VOL40_TARGET25_quarterly,SPY,quarterly,40,0.25,pre_tax,0.0,pre-tax; no realized tax is charged
2006-06-21,2026-08-31,827639.0920207897,7.276390920207897,0.11032546786177932,0.1782330952722547,-0.4566901450297396,-0.10942366260333969,-0.1577343132690866,-0.13409411319361852,-0.33490898452307705,0.6776260612828424,0.8327322334196705,0.2415761957258678,0.11400056014790377,2007-10-09,2008-11-20,2011-04-27,611,4453,11,0.12223353004492307,557658.2650035428,,,,,,,,,,,,,,0.6,0.0,278.82913250177137,,,,,,,,,,,,SPY_VOL40_TARGET30_quarterly,SPY,quarterly,40,0.3,pre_tax,0.0,pre-tax; no realized tax is charged
2006-06-21,2026-08-31,399772.3632731863,2.997723632731863,0.07102841114843339,0.12654005513197994,-0.33717275860137685,-0.10942366260333947,-0.145457196705862,-0.12487102902171898,-0.165289236980237,0.6068643470902442,0.7026186137677252,0.21065880720336266,0.08078828645504084,2020-02-19,2020-03-23,2021-11-03,409,4606,75,0.7572068128888921,3046708.350292326,,,,,,,,,,,,,,0.9142857142857143,0.0,1523.3541751461628,,,,,,,,,,,,SPY_VOL60_TARGET10_quarterly,SPY,quarterly,60,0.1,pre_tax,0.0,pre-tax; no realized tax is charged
2006-06-21,2026-08-31,617579.5153953789,5.175795153953789,0.09434457923909689,0.15368121707949048,-0.33717275860137663,-0.10942366260333958,-0.145457196705862,-0.1248710290217192,-0.2401504418363697,0.6648891328935005,0.8018314733065478,0.2798107997527642,0.0948026855900393,2020-02-19,2020-03-23,2021-04-13,266,4511,47,0.4889091379777602,2366719.433323332,,,,,,,,,,,,,,0.9,0.0,1183.359716661666,,,,,,,,,,,,SPY_VOL60_TARGET15_quarterly,SPY,quarterly,60,0.15,pre_tax,0.0,pre-tax; no realized tax is charged
2006-06-21,2026-08-31,721374.4274784949,6.21374427478495,0.10279556878701945,0.16651955179700725,-0.4012096974103573,-0.10942366260333958,-0.145457196705862,-0.1248710290217191,-0.29642575506202984,0.6722525984329553,0.8219314976124028,0.2562140682304599,0.10702611095744412,2007-10-09,2008-11-20,2011-04-26,610,4478,30,0.2990703896893645,1583064.2516472829,,,,,,,,,,,,,,0.8571428571428571,0.0,791.5321258236414,,,,,,,,,,,,SPY_VOL60_TARGET20_quarterly,SPY,quarterly,60,0.2,pre_tax,0.0,pre-tax; no realized tax is charged
2006-06-21,2026-08-31,811031.9157288999,7.110319157288998,0.1092115566653431,0.17506892954354356,-0.4453868321428234,-0.10942366260333958,-0.148902693498688,-0.12719082090364064,-0.32757320455870875,0.6809447232311037,0.8356246383879666,0.24520607432399785,0.11085708979111006,2007-10-09,2008-11-20,2011-02-16,563,4449,18,0.17472031241549485,986615.7793179655,,,,,,,,,,,,,,0.7142857142857143,0.0,493.30788965898273,,,,,,,,,,,,SPY_VOL60_TARGET25_quarterly,SPY,quarterly,60,0.25,pre_tax,0.0,pre-tax; no realized tax is charged
2006-06-21,2026-08-31,842777.1533298847,7.427771533298847,0.11132248350482343,0.18235296511751337,-0.4848612868911166,-0.10942366260333947,-0.17989256218351768,-0.15129912453472938,-0.35319188088342424,0.6712833081132309,0.8205227372966069,0.22959655991224287,0.11580932331398189,2007-10-09,2008-11-20,2012-02-17,816,4443,11,0.11794088021004896,584918.2940191784,,,,,,,,,,,,,,0.6,0.0,292.4591470095892,,,,,,,,,,,,SPY_VOL60_TARGET30_quarterly,SPY,quarterly,60,0.3,pre_tax,0.0,pre-tax; no realized tax is charged
2006-06-21,2026-08-31,665529.5594581256,5.655295594581256,0.0984041996125129,0.10982174472587913,-0.22101083765313545,-0.04744155912921122,-0.06228697315865994,-0.08793094022149317,-0.1527877250531654,0.9113467946687547,1.1921553249699393,0.4452460370606484,0.06209937192681569,2007-10-31,2009-03-09,2010-03-17,258,4569,974,3.277067208294729,18492290.656574626,,,,,,,,,,,,,,0.8071278825995807,0.0,9246.145328287314,,,,,,,,,,,,QQQ_VOL20_TARGET10_weekly,QQQ,weekly,20,0.1,pre_tax,0.0,pre-tax; no realized tax is charged
2006-06-21,2026-08-31,1246299.6207986074,11.462996207986073,0.13306235379320697,0.14850089383028606,-0.3160730174683479,-0.05040531443902441,-0.09006344976405911,-0.09256658909049476,-0.22329929071224552,0.9173657454606552,1.2192795286748457,0.4209861216847846,0.0849551277649827,2007-10-31,2009-03-09,2010-03-30,267,4512,687,2.4044356819874086,22178664.075122446,,,,,,,,,,,,,,0.8338278931750742,0.0,11089.332037561222,,,,,,,,,,,,QQQ_VOL20_TARGET15_weekly,QQQ,weekly,20,0.15,pre_tax,0.0,pre-tax; no realized tax is charged
2006-06-21,2026-08-31,1760987.3933549859,16.60987393354986,0.15262554793320993,0.17351551865185855,-0.39713196931974937,-0.0555447967184961,-0.10626674281650261,-0.11437935100884433,-0.2844716421508843,0.9072574110125438,1.2109462455586348,0.3843194699098224,0.10309217271483359,2007-10-31,2009-03-09,2010-04-14,277,4445,419,1.4482519668196494,16416208.553675786,,,,,,,,,,,,,,0.8028846153846154,0.0,8208.104276837894,,,,,,,,,,,,QQQ_VOL20_TARGET20_weekly,QQQ,weekly,20,0.2,pre_tax,0.0,pre-tax; no realized tax is charged
2006-06-21,2026-08-31,1956438.2119182635,18.564382119182635,0.15864858670282533,0.18943953552383577,-0.43699297528931924,-0.0693565243490587,-0.10626674281650272,-0.13189037018498784,-0.3158827594890029,0.8738456413459288,1.161040020697568,0.3630460800835279,0.11152134891754314,2007-10-31,2009-03-09,2010-04-15,278,4426,245,0.89421426627995,10918419.83927583,,,,,,,,,,,,,,0.7804878048780488,0.0,5459.209919637914,,,,,,,,,,,,QQQ_VOL20_TARGET25_weekly,QQQ,weekly,20,0.25,pre_tax,0.0,pre-tax; no realized tax is charged
2006-06-21,2026-08-31,1954683.9596562884,18.546839596562883,0.1585971193187894,0.19969560087203617,-0.46637457940465876,-0.08313831841638009,-0.10626674281650272,-0.14343972584092857,-0.3368049883508456,0.838746363282526,1.1056139193159482,0.34006381634531496,0.11659997958341013,2007-10-31,2009-03-09,2010-10-13,404,4430,148,0.5396430691001998,6406041.732465308,,,,,,,,,,,,,,0.821917808219178,0.0,3203.020866232653,,,,,,,,,,,,QQQ_VOL20_TARGET30_weekly,QQQ,weekly,20,0.3,pre_tax,0.0,pre-tax; no realized tax is charged
2006-06-21,2026-08-31,612060.5991495952,5.120605991495952,0.09385824417773025,0.10902969578286863,-0.22751415312434542,-0.037396455812824025,-0.0746630705515019,-0.07108390063516867,-0.15994486022458354,0.8790382219331351,1.1424229950611908,0.4125380460460103,0.0630057683857869,2007-10-31,2009-03-09,2010-04-13,276,4562,1018,1.856905238363034,10132513.235020582,,,,,,,,,,,,,,0.8532289628180039,0.0,5066.256617510291,,,,,,,,,,,,QQQ_VOL40_TARGET10_weekly,QQQ,weekly,40,0.1,pre_tax,0.0,pre-tax; no realized tax is charged
2006-06-21,2026-08-31,1143861.5170297928,10.438615170297927,0.1282602487329465,0.15086642099711065,-0.32493319250022124,-0.054393346425611666,-0.10626674281650272,-0.09126757659639306,-0.2333377421972641,0.8771193330880589,1.1543200112494458,0.3947280600853333,0.0896775150082862,2007-10-31,2009-03-09,2010-04-14,277,4515,699,1.408626632532484,12464186.89829842,,,,,,,,,,,,,,0.8587570621468926,0.0,6232.093449149211,,,,,,,,,,,,QQQ_VOL40_TARGET15_weekly,QQQ,weekly,40,0.15,pre_tax,0.0,pre-tax; no realized tax is charged
2006-06-21,2026-08-31,1636889.032829801,15.368890328298011,0.1484620948302975,0.17627668031205598,-0.4032655617238191,-0.07241555114490483,-0.10626674281650261,-0.12044553623296506,-0.3023716029419097,0.8752195762881869,1.1565206737365021,0.3681496981683087,0.10588061451472316,2007-10-31,2009-03-09,2010-04-14,277,4463,401,0.8223949765519308,8886332.808903117,,,,,,,,,,,,,,0.8653846153846154,0.0,4443.166404451558,,,,,,,,,,,,QQQ_VOL40_TARGET20_weekly,QQQ,weekly,40,0.2,pre_tax,0.0,pre-tax; no realized tax is charged
2006-06-21,2026-08-31,1772655.9144603787,16.726559144603787,0.1530025582684862,0.19335114784104712,-0.453043658605472,-0.09038301378101832,-0.10626674281650272,-0.14327227147049781,-0.3499532254424308,0.8347362766284813,1.0955330728753123,0.33772144331398035,0.11656890995642956,2007-10-31,2009-03-09,2010-10-15,406,4447,260,0.5258036044392518,5842936.256796515,,,,,,,,,,,,,,0.8913043478260869,0.0,2921.4681283982572,,,,,,,,,,,,QQQ_VOL40_TARGET25_weekly,QQQ,weekly,40,0.25,pre_tax,0.0,pre-tax; no realized tax is charged
2006-06-21,2026-08-31,1869240.1461704231,17.692401461704232,0.15603561623519835,0.2043140844362705,-0.48221238730108074,-0.10829556130358442,-0.11728537593051669,-0.15518074689407657,-0.37155918869333004,0.8134990484296587,1.0605754556927474,0.3235827621694293,0.12187272229166961,2007-10-31,2009-03-09,2010-10-25,412,4432,128,0.2902514628674377,3198245.224136792,,,,,,,,,,,,,,0.7868852459016393,0.0,1599.1226120683964,,,,,,,,,,,,QQQ_VOL40_TARGET30_weekly,QQQ,weekly,40,0.3,pre_tax,0.0,pre-tax; no realized tax is charged
2006-06-21,2026-08-31,562499.097411233,4.62499097411233,0.08929388306259645,0.10874131431365688,-0.21603799393736645,-0.043452842813962445,-0.08283026574397778,-0.06685235200945427,-0.1578783515154738,0.8425444229361272,1.089907147141413,0.41332490380596876,0.061984324520084205,2007-10-31,2009-03-09,2010-03-17,258,4565,1030,1.316552225258153,6843116.967892494,,,,,,,,,,,,,,0.9009708737864077,0.0,3421.558483946247,,,,,,,,,,,,QQQ_VOL60_TARGET10_weekly,QQQ,weekly,60,0.1,pre_tax,0.0,pre-tax; no realized tax is charged
2006-06-21,2026-08-31,1107278.551328165,10.07278551328165,0.12644567860751632,0.15274723281176383,-0.3096918307326447,-0.06506013848196168,-0.10626674281650261,-0.09028451807643179,-0.2305934697308586,0.8576233065825855,1.1242362404219286,0.4082951697769393,0.08759317571321174,2007-10-31,2009-03-09,2010-03-23,262,4523,730,1.0520832453633655,9201787.53624986,,,,,,,,,,,,,,0.9022346368715084,0.0,4600.893768124931,,,,,,,,,,,,QQQ_VOL60_TARGET15_weekly,QQQ,weekly,60,0.15,pre_tax,0.0,pre-tax; no realized tax is charged
2006-06-21,2026-08-31,1545284.1455159786,14.452841455159787,0.14519161320667306,0.17933965279853137,-0.3927521070320189,-0.08658761722578712,-0.10626674281650261,-0.11913839774302204,-0.2991340488093762,0.8473814661043994,1.1109014253182514,0.36967749022116997,0.10540199746870098,2007-10-31,2009-03-09,2010-04-13,276,4469,399,0.6159412863568361,6527304.486028509,,,,,,,,,,,,,,0.8888888888888888,0.0,3263.652243014254,,,,,,,,,,,,QQQ_VOL60_TARGET20_weekly,QQQ,weekly,60,0.2,pre_tax,0.0,pre-tax; no realized tax is charged
2006-06-21,2026-08-31,1718165.463394697,16.18165463394697,0.15122132024954693,0.19653265666411596,-0.45308753930605106,-0.10803497747399793,-0.10626674281650283,-0.1461283266982516,-0.35839687471308657,0.8165057303556345,1.0642359942389064,0.3337574025565954,0.11761649253944825,2007-10-31,2009-03-09,2010-10-22,411,4449,231,0.3847879604011908,4034115.878366677,,,,,,,,,,,,,,0.8608695652173913,0.0,2017.0579391833385,,,,,,,,,,,,QQQ_VOL60_TARGET25_weekly,QQQ,weekly,60,0.25,pre_tax,0.0,pre-tax; no realized tax is charged
2006-06-21,2026-08-31,1867017.3616872334,17.670173616872333,0.15596750506538304,0.20596209288262124,-0.48499207509347,-0.11293476509960942,-0.12270402334664443,-0.15576276999946548,-0.3845148333865026,0.8083220767081127,1.0536291456258697,0.3215877394188848,0.12232322846622837,2007-10-31,2009-03-09,2010-10-26,413,4433,128,0.2264692894948277,2486683.9203174636,,,,,,,,,,,,,,0.7741935483870968,0.0,1243.3419601587316,,,,,,,,,,,,QQQ_VOL60_TARGET30_weekly,QQQ,weekly,60,0.3,pre_tax,0.0,pre-tax; no realized tax is charged
2006-06-21,2026-08-31,761508.2732541563,6.6150827325415635,0.10575621624176734,0.11519432892478204,-0.2267371133764592,-0.040963213700291434,-0.07551506494741311,-0.08424546181068515,-0.16574972339727412,0.9321210483571549,1.2122535193183006,0.4664265795171202,0.05958438820234886,2007-10-31,2009-03-09,2010-04-13,276,4533,236,2.1118963628745018,12693372.740817014,,,,,,,,,,,,,,0.8448275862068966,0.0,6346.686370408509,,,,,,,,,,,,QQQ_VOL20_TARGET10_monthly,QQQ,monthly,20,0.1,pre_tax,0.0,pre-tax; no realized tax is charged
2006-06-21,2026-08-31,1452765.9469186263,13.527659469186263,0.1416958663513448,0.154740411307423,-0.32485142424227065,-0.05927538983299874,-0.10626674281650261,-0.10538859856794369,-0.24303963449060162,0.9356528628665605,1.2336195188010701,0.4361866865194027,0.08433098858356079,2007-10-31,2009-03-09,2010-04-13,276,4479,179,1.5333707268872747,15042261.371242521,,,,,,,,,,,,,,0.8674698795180723,0.0,7521.1306856212595,,,,,,,,,,,,QQQ_VOL20_TARGET15_monthly,QQQ,monthly,20,0.15,pre_tax,0.0,pre-tax; no realized tax is charged
2006-06-21,2026-08-31,2013873.1105898588,19.13873110589859,0.16030987040746325,0.17859601551983612,-0.39942970375621434,-0.08017101728773446,-0.10626674281650272,-0.14107136759823025,-0.3014079356627315,0.9237513824978811,1.2214636735377382,0.4013468925818944,0.10120747373998913,2007-10-31,2009-03-09,2010-04-13,276,4425,115,0.9536724817825459,11486017.50715891,,,,,,,,,,,,,,0.8627450980392157,0.0,5743.008753579455,,,,,,,,,,,,QQQ_VOL20_TARGET20_monthly,QQQ,monthly,20,0.2,pre_tax,0.0,pre-tax; no realized tax is charged
2006-06-21,2026-08-31,2248500.4205608945,21.485004205608945,0.1666591598167091,0.19417447353031836,-0.42929147053718186,-0.1016767286709197,-0.10626674281650272,-0.15576276999946548,-0.32310780030249364,0.8927667926909345,1.176907278536868,0.38821912675824843,0.10822709652218056,2007-10-31,2009-03-09,2010-04-13,276,4402,70,0.636538509266589,7997640.323140931,,,,,,,,,,,,,,0.875,0.0,3998.8201615704656,,,,,,,,,,,,QQQ_VOL20_TARGET25_monthly,QQQ,monthly,20,0.25,pre_tax,0.0,pre-tax; no realized tax is charged
2006-06-21,2026-08-31,2215605.5830402332,21.156055830402334,0.1658080493099523,0.20466926636955368,-0.45112012361517306,-0.1197878912841468,-0.11250907739993599,-0.1557627699994656,-0.33611973001479567,0.8536408865300951,1.1179835933216717,0.36754744607978174,0.11179438674009345,2007-10-31,2009-03-09,2010-04-13,276,4405,45,0.3972280177224994,5050603.934770519,,,,,,,,,,,,,,0.8181818181818182,0.0,2525.30196738526,,,,,,,,,,,,QQQ_VOL20_TARGET30_monthly,QQQ,monthly,20,0.3,pre_tax,0.0,pre-tax; no realized tax is charged
2006-06-21,2026-08-31,640641.8045537516,5.406418045537516,0.09633315301053735,0.11454553014667287,-0.22290521972555344,-0.04957330091255174,-0.09015717050232008,-0.08423613982556688,-0.16094617413494838,0.8618728808552258,1.1074003623988389,0.4321709160922529,0.06173567310602284,2007-10-31,2009-03-09,2010-04-12,275,4551,239,1.2985086430132335,7472412.761772328,,,,,,,,,,,,,,0.9304347826086956,0.0,3736.206380886163,,,,,,,,,,,,QQQ_VOL40_TARGET10_monthly,QQQ,monthly,40,0.1,pre_tax,0.0,pre-tax; no realized tax is charged
2006-06-21,2026-08-31,1212618.7814868216,11.126187814868215,0.1315262360137488,0.15650550615138345,-0.31929309007130857,-0.07570707331538284,-0.10626674281650261,-0.10172665799115033,-0.2357456190680458,0.8695522378552348,1.1375969644441437,0.4119294782870957,0.08614475771031785,2007-10-31,2009-03-09,2010-04-14,277,4497,177,1.0462180315379053,9639462.434250304,,,,,,,,,,,,,,0.9259259259259259,0.0,4819.731217125153,,,,,,,,,,,,QQQ_VOL40_TARGET15_monthly,QQQ,monthly,40,0.15,pre_tax,0.0,pre-tax; no realized tax is charged
2006-06-21,2026-08-31,1680876.1607427087,15.808761607427087,0.14997115500347213,0.18235800309297379,-0.3995311436025616,-0.10280520714972408,-0.10626674281650283,-0.13612593406956863,-0.30668351756603973,0.8592306798186157,1.1229388726189773,0.37536787157863655,0.10389921750434104,2007-10-31,2009-03-09,2010-04-22,283,4459,107,0.6318023839469179,7030327.932028195,,,,,,,,,,,,,,0.9230769230769231,0.0,3515.163966014097,,,,,,,,,,,,QQQ_VOL40_TARGET20_monthly,QQQ,monthly,40,0.2,pre_tax,0.0,pre-tax; no realized tax is charged
2006-06-21,2026-08-31,1869607.1956912705,17.696071956912704,0.15604685606066848,0.19854255508317384,-0.44492974207461833,-0.11978789128414669,-0.11250907739993599,-0.1562676635622191,-0.3476947462356412,0.8313259185579435,1.0828896729719677,0.3507224653785859,0.1131830927380623,2007-10-31,2009-03-09,2010-10-15,406,4436,72,0.391949697832937,4399211.51973039,,,,,,,,,,,,,,0.9117647058823529,0.0,2199.605759865195,,,,,,,,,,,,QQQ_VOL40_TARGET25_monthly,QQQ,monthly,40,0.25,pre_tax,0.0,pre-tax; no realized tax is charged
2006-06-21,2026-08-31,2005228.6242467577,19.052286242467577,0.16006273332989518,0.20688293148939363,-0.4675532885959731,-0.11978789128414669,-0.11250907739993588,-0.15576276999946548,-0.3628026423704247,0.8227462258698048,1.0750262161597295,0.34234115604352044,0.11638928021070781,2007-10-31,2009-03-09,2010-10-15,406,4422,37,0.21898252306395632,2696632.846483485,,,,,,,,,,,,,,0.8823529411764706,0.0,1348.3164232417425,,,,,,,,,,,,QQQ_VOL40_TARGET30_monthly,QQQ,monthly,40,0.3,pre_tax,0.0,pre-tax; no realized tax is charged
2006-06-21,2026-08-31,615209.7685684516,5.152097685684517,0.09413626176598999,0.11335303253499013,-0.2075767715528649,-0.059174277572274225,-0.09848066758654783,-0.07706276991974648,-0.15265610864751822,0.8520044903151194,1.0914369448061654,0.45350094358710896,0.06055304023198357,2007-10-31,2009-03-09,2010-03-16,257,4541,240,0.96762116554573,5345508.658730043,,,,,,,,,,,,,,0.9126984126984127,0.0,2672.7543293650215,,,,,,,,,,,,QQQ_VOL60_TARGET10_monthly,QQQ,monthly,60,0.1,pre_tax,0.0,pre-tax; no realized tax is charged
2006-06-21,2026-08-31,1214929.8790880614,11.149298790880614,0.13163292875864685,0.15850590735444905,-0.29867373543761644,-0.09068762627766791,-0.10626674281650272,-0.09396688186483626,-0.22413022809074112,0.8611672494792225,1.1207411172741226,0.4407248215708637,0.08357764838069286,2007-10-31,2009-03-09,2010-03-22,261,4500,182,0.7944495144137635,7353017.567680458,,,,,,,,,,,,,,0.9130434782608695,0.0,3676.5087838402287,,,,,,,,,,,,QQQ_VOL60_TARGET15_monthly,QQQ,monthly,60,0.15,pre_tax,0.0,pre-tax; no realized tax is charged
2006-06-21,2026-08-31,1666696.9731807336,15.666969731807335,0.14948885302682724,0.1858358277183166,-0.3807280952663097,-0.11978789128414669,-0.11250907739993588,-0.12579728374971233,-0.292253906943998,0.8443414619361955,1.096113654726993,0.39263940561639815,0.10103705790679725,2007-10-31,2009-03-09,2010-04-09,274,4456,97,0.5026701789519504,5651334.6335574305,,,,,,,,,,,,,,0.9,0.0,2825.6673167787153,,,,,,,,,,,,QQQ_VOL60_TARGET20_monthly,QQQ,monthly,60,0.2,pre_tax,0.0,pre-tax; no realized tax is charged
2006-06-21,2026-08-31,1844989.541097323,17.44989541097323,0.15528832461431752,0.1999592073292179,-0.44570439971326437,-0.1197878912841468,-0.11250907739993599,-0.15576276999946548,-0.3568123829058242,0.8235292781608009,1.0738024976475125,0.34841102020581216,0.1139080705188149,2007-10-31,2009-03-09,2010-10-15,406,4436,63,0.30694425420648924,3426743.3661341434,,,,,,,,,,,,,,0.84375,0.0,1713.3716830670717,,,,,,,,,,,,QQQ_VOL60_TARGET25_monthly,QQQ,monthly,60,0.25,pre_tax,0.0,pre-tax; no realized tax is charged
2006-06-21,2026-08-31,1961212.914949146,18.612129149491462,0.15878844817028925,0.20832079696555736,-0.47386374571620693,-0.11978789128414669,-0.12033325055496058,-0.15576276999946548,-0.37971245305693624,0.8131686748778065,1.0631477076838436,0.3350930507044663,0.11890162455519569,2007-10-31,2009-03-09,2010-10-15,406,4421,36,0.18381261587128042,2169509.15391347,,,,,,,,,,,,,,0.7777777777777778,0.0,1084.7545769567348,,,,,,,,,,,,QQQ_VOL60_TARGET30_monthly,QQQ,monthly,60,0.3,pre_tax,0.0,pre-tax; no realized tax is charged
2006-06-21,2026-08-31,701183.4230651075,6.0118342306510755,0.1012463731944171,0.1189816211391503,-0.23948633598819102,-0.05007401792802224,-0.10626674281650272,-0.08595709404407914,-0.18034131610750204,0.8717556249487401,1.113103030804466,0.42276471756371736,0.06263572898804165,2007-10-31,2009-03-09,2010-04-06,271,4518,116,1.2527119049955737,7434569.827301413,,,,,,,,,,,,,,0.9090909090909091,0.0,3717.284913650707,,,,,,,,,,,,QQQ_VOL20_TARGET10_bimonthly,QQQ,bimonthly,20,0.1,pre_tax,0.0,pre-tax; no realized tax is charged
2006-06-21,2026-08-31,1301284.36290093,12.0128436290093,0.13548728023296253,0.15919419031790774,-0.3454827920263538,-0.05927538983299896,-0.10626674281650261,-0.10622168113000363,-0.2672186434303434,0.8794659166357089,1.150717152485773,0.39216795556818185,0.08749953803699168,2007-10-31,2009-03-09,2010-04-14,277,4488,95,1.0313875841289177,9840679.115207242,,,,,,,,,,,,,,0.9347826086956522,0.0,4920.339557603621,,,,,,,,,,,,QQQ_VOL20_TARGET15_bimonthly,QQQ,bimonthly,20,0.15,pre_tax,0.0,pre-tax; no realized tax is charged
2006-06-21,2026-08-31,1697940.1538933371,15.97940153893337,0.15054648186661823,0.18614246045346236,-0.44859120314250966,-0.08017101728773435,-0.11765285540029358,-0.14215976405003794,-0.3514166449447417,0.8480489271713406,1.1095500197906052,0.3355983818050757,0.11044930748572901,2007-10-31,2008-10-27,2010-10-26,503,4449,66,0.6205506224744557,6843710.021044713,,,,,,,,,,,,,,0.96875,0.0,3421.8550105223567,,,,,,,,,,,,QQQ_VOL20_TARGET20_bimonthly,QQQ,bimonthly,20,0.2,pre_tax,0.0,pre-tax; no realized tax is charged
2006-06-21,2026-08-31,1936850.0236390787,18.368500236390787,0.15807138948656707,0.20116644463324304,-0.47832166091287975,-0.10167672867091981,-0.13432834358689116,-0.15653654817359164,-0.3775379279457185,0.8316466119589755,1.0870150277285369,0.33047089940456986,0.1177712765774407,2007-10-31,2008-10-27,2010-10-27,504,4426,39,0.376047441717789,4791802.071503904,,,,,,,,,,,,,,0.9411764705882353,0.0,2395.901035751952,,,,,,,,,,,,QQQ_VOL20_TARGET25_bimonthly,QQQ,bimonthly,20,0.25,pre_tax,0.0,pre-tax; no realized tax is charged
2006-06-21,2026-08-31,2071324.341435017,19.71324341435017,0.16192717087828834,0.20977855747442775,-0.48885457271269617,-0.11978789128414691,-0.13432834358689127,-0.1557627699994656,-0.3794507450965058,0.8218428409626106,1.071255448927864,0.33123791801668234,0.11833954091277638,2007-10-31,2009-03-09,2010-10-15,406,4415,25,0.23404371834994805,3126915.6380096492,,,,,,,,,,,,,,0.9166666666666666,0.0,1563.4578190048246,,,,,,,,,,,,QQQ_VOL20_TARGET30_bimonthly,QQQ,bimonthly,20,0.3,pre_tax,0.0,pre-tax; no realized tax is charged
2006-06-21,2026-08-31,661827.9766586665,5.6182797665866655,0.09810087880756146,0.1164847163216589,-0.2176487702126214,-0.05007401792802235,-0.10626674281650261,-0.07289407152094296,-0.159946446007447,0.8632977614709962,1.1041615054846363,0.45073022333977153,0.061089653113815943,2007-10-31,2008-10-27,2010-03-22,351,4519,120,0.9621320801755479,5434019.955601366,,,,,,,,,,,,,,0.9322033898305084,0.0,2717.0099778006834,,,,,,,,,,,,QQQ_VOL40_TARGET10_bimonthly,QQQ,bimonthly,40,0.1,pre_tax,0.0,pre-tax; no realized tax is charged
2006-06-21,2026-08-31,1239191.560863965,11.39191560863965,0.1327414819125301,0.15983321223643707,-0.3198660276975688,-0.07570707331538273,-0.10626674281650272,-0.10039562260074442,-0.23810665184658686,0.8614233712562894,1.124179630291848,0.4149908724850152,0.08540513277148234,2007-10-31,2008-10-27,2010-04-06,361,4482,96,0.8267057781843675,7145466.813280452,,,,,,,,,,,,,,0.9148936170212766,0.0,3572.7334066402254,,,,,,,,,,,,QQQ_VOL40_TARGET15_bimonthly,QQQ,bimonthly,40,0.15,pre_tax,0.0,pre-tax; no realized tax is charged
2006-06-21,2026-08-31,1692196.866704733,15.92196866704733,0.15035345811801504,0.1885782550286493,-0.41104596157681983,-0.10280520714972419,-0.11212113735263474,-0.13446973845414567,-0.31475167390235925,0.8386580920486894,1.0920871416157927,0.3657825940954189,0.10489244663631273,2007-10-31,2008-10-27,2010-04-15,368,4444,60,0.5368207810765322,5984792.764301482,,,,,,,,,,,,,,0.9666666666666667,0.0,2992.3963821507414,,,,,,,,,,,,QQQ_VOL40_TARGET20_bimonthly,QQQ,bimonthly,40,0.2,pre_tax,0.0,pre-tax; no realized tax is charged
2006-06-21,2026-08-31,1856953.0586985103,17.569530586985103,0.15565814421268365,0.20419885218456932,-0.46822215207712525,-0.11978789128414669,-0.13432834358689127,-0.15576276999946548,-0.3697614480378103,0.8120894232709294,1.0556771600337804,0.33244506592042605,0.11719545504309224,2007-10-31,2008-10-27,2010-10-27,504,4431,40,0.33674752505390226,3808111.144702385,,,,,,,,,,,,,,0.95,0.0,1904.0555723511925,,,,,,,,,,,,QQQ_VOL40_TARGET25_bimonthly,QQQ,bimonthly,40,0.25,pre_tax,0.0,pre-tax; no realized tax is charged
2006-06-21,2026-08-31,1966682.1065873844,18.666821065873844,0.1589482555990238,0.21030966795901956,-0.47803331237797353,-0.1197878912841468,-0.13432834358689127,-0.1557627699994656,-0.38449561402868226,0.8080549850665191,1.0548576516656079,0.3325045587478763,0.12072408056979708,2007-10-31,2009-03-09,2010-10-15,406,4418,23,0.2039551722500046,2533077.807048609,,,,,,,,,,,,,,0.9090909090909091,0.0,1266.5389035243043,,,,,,,,,,,,QQQ_VOL40_TARGET30_bimonthly,QQQ,bimonthly,40,0.3,pre_tax,0.0,pre-tax; no realized tax is charged
2006-06-21,2026-08-31,612015.5670443957,5.120155670443957,0.09385425876435605,0.11591107781082913,-0.21027082453902712,-0.059174277572274114,-0.10626674281650283,-0.07818301352892176,-0.15810698607416096,0.833500582923588,1.0586902593908474,0.44634941138463224,0.06104056950341086,2007-10-31,2009-03-09,2010-03-10,253,4508,120,0.7696048568179235,4286266.723158027,,,,,,,,,,,,,,0.9,0.0,2143.1333615790136,,,,,,,,,,,,QQQ_VOL60_TARGET10_bimonthly,QQQ,bimonthly,60,0.1,pre_tax,0.0,pre-tax; no realized tax is charged
2006-06-21,2026-08-31,1196882.623728394,10.96882623728394,0.13079458970407032,0.1627070860912536,-0.3059063428438161,-0.09068762627766791,-0.10626674281650261,-0.09376572170171538,-0.2350340606605149,0.8384861932942009,1.0838062705959415,0.4275641638815216,0.08620134318951551,2007-10-31,2008-10-27,2010-03-22,351,4481,98,0.6971861167915806,6287368.909736308,,,,,,,,,,,,,,0.9148936170212766,0.0,3143.684454868154,,,,,,,,,,,,QQQ_VOL60_TARGET15_bimonthly,QQQ,bimonthly,60,0.15,pre_tax,0.0,pre-tax; no realized tax is charged
2006-06-21,2026-08-31,1624976.8985689138,15.249768985689137,0.1480467939552923,0.19103978306858999,-0.3982445299064893,-0.11978789128414669,-0.11250907739993588,-0.12557965315174968,-0.31017843426807656,0.8198012331371964,1.0603842956359053,0.3717484681837432,0.10504995697438137,2007-10-31,2008-10-27,2010-04-14,367,4453,55,0.4531960484174579,4839692.053892618,,,,,,,,,,,,,,0.9230769230769231,0.0,2419.84602694631,,,,,,,,,,,,QQQ_VOL60_TARGET20_bimonthly,QQQ,bimonthly,60,0.2,pre_tax,0.0,pre-tax; no realized tax is charged
2006-06-21,2026-08-31,1782688.878150563,16.82688878150563,0.15332484241406408,0.20476424027958312,-0.4753126803526805,-0.1197878912841468,-0.13432834358689116,-0.15576276999946548,-0.38255324302362026,0.8005176511994969,1.039133011748012,0.32257679786766374,0.12039098589095833,2007-10-31,2008-10-27,2010-11-03,509,4437,36,0.27307010039300145,2988785.2357206726,,,,,,,,,,,,,,0.8823529411764706,0.0,1494.3926178603367,,,,,,,,,,,,QQQ_VOL60_TARGET25_bimonthly,QQQ,bimonthly,60,0.25,pre_tax,0.0,pre-tax; no realized tax is charged
2006-06-21,2026-08-31,1990516.651533008,18.90516651533008,0.15963979535034212,0.21085324787279966,-0.4776803427271452,-0.11978789128414669,-0.13432834358689127,-0.1557627699994656,-0.38974542248098576,0.8093497943148936,1.056094655788441,0.3341979584902652,0.12142360784448347,2007-10-31,2009-03-09,2010-10-22,411,4413,22,0.1706128256726886,2039818.4170115802,,,,,,,,,,,,,,0.8181818181818182,0.0,1019.9092085057902,,,,,,,,,,,,QQQ_VOL60_TARGET30_bimonthly,QQQ,bimonthly,60,0.3,pre_tax,0.0,pre-tax; no realized tax is charged
2006-06-21,2026-08-31,618713.158558584,5.18713158558584,0.0944439659510028,0.13489890093150456,-0.28559366167291667,-0.1197878912841468,-0.1125090773999361,-0.07529966872206006,-0.15297925804284462,0.7380151757428278,0.887210323436459,0.33069349437862217,0.07384322194315585,2020-02-19,2020-03-16,2021-11-03,414,4591,79,0.9160876869479909,5056029.395277292,,,,,,,,,,,,,,0.9428571428571428,0.0,2528.0146976386463,,,,,,,,,,,,QQQ_VOL20_TARGET10_quarterly,QQQ,quarterly,20,0.1,pre_tax,0.0,pre-tax; no realized tax is charged
2006-06-21,2026-08-31,1163754.108240075,10.63754108240075,0.1292239282989618,0.16624677114625694,-0.3148658275867178,-0.1197878912841468,-0.11250907739993599,-0.08922145209662224,-0.22342719326998928,0.8158679451203081,1.040860691939234,0.410409504548003,0.08924455658133337,2007-10-31,2009-03-09,2010-03-18,259,4512,65,0.6936759371749456,5725697.98854485,,,,,,,,,,,,,,0.9354838709677419,0.0,2862.848994272425,,,,,,,,,,,,QQQ_VOL20_TARGET15_quarterly,QQQ,quarterly,20,0.15,pre_tax,0.0,pre-tax; no realized tax is charged
2006-06-21,2026-08-31,1532209.6664873422,14.322096664873422,0.144709869637639,0.18479815913617248,-0.38763947778081964,-0.1197878912841468,-0.11250907739993599,-0.11832024361845994,-0.2900742444526172,0.8254736305770376,1.072962619685251,0.373310454513256,0.1024921721482581,2007-10-31,2009-03-09,2010-04-14,277,4473,44,0.4428576635488857,4451156.263778313,,,,,,,,,,,,,,0.9090909090909091,0.0,2225.5781318891563,,,,,,,,,,,,QQQ_VOL20_TARGET20_quarterly,QQQ,quarterly,20,0.2,pre_tax,0.0,pre-tax; no realized tax is charged
2006-06-21,2026-08-31,1809312.3959570152,17.093123959570153,0.15417177195129428,0.19757772554589056,-0.43375845797152646,-0.11978789128414669,-0.11250907739993599,-0.1471067958413259,-0.3301190569996676,0.8261862346480608,1.0810620948999308,0.35543231288740584,0.11143670585267464,2007-10-31,2009-03-09,2010-10-15,406,4440,28,0.2736948350961116,3019576.975816291,,,,,,,,,,,,,,0.8571428571428571,0.0,1509.7884879081462,,,,,,,,,,,,QQQ_VOL20_TARGET25_quarterly,QQQ,quarterly,20,0.25,pre_tax,0.0,pre-tax; no realized tax is charged
2006-06-21,2026-08-31,1879675.0396185212,17.796750396185214,0.15635433960851985,0.20561332574354754,-0.46483367391966257,-0.1197878912841468,-0.1125090773999361,-0.1557627699994656,-0.3536696464459679,0.8109639066442402,1.0610353486536233,0.3363662066262924,0.1171502696918724,2007-10-31,2009-03-09,2010-10-25,412,4430,17,0.17951794579074,1879621.352553865,,,,,,,,,,,,,,0.8888888888888888,0.0,939.8106762769326,,,,,,,,,,,,QQQ_VOL20_TARGET30_quarterly,QQQ,quarterly,20,0.3,pre_tax,0.0,pre-tax; no realized tax is charged
2006-06-21,2026-08-31,525301.050638024,4.25301050638024,0.08560963143187683,0.13204249345488062,-0.28559366167291667,-0.1197878912841468,-0.11250907739993599,-0.08447241592501065,-0.15954242769058902,0.689575962621921,0.8222382820274191,0.2997602640422861,0.07256053806716592,2020-02-19,2020-03-16,2021-08-30,368,4603,82,0.7986442465055635,3979441.214644819,,,,,,,,,,,,,,0.868421052631579,0.0,1989.7206073224095,,,,,,,,,,,,QQQ_VOL40_TARGET10_quarterly,QQQ,quarterly,40,0.1,pre_tax,0.0,pre-tax; no realized tax is charged
2006-06-21,2026-08-31,1036125.791476115,9.36125791476115,0.1227470319753905,0.16558153025296826,-0.3075345158349425,-0.1197878912841468,-0.11250907739993599,-0.1046627157518718,-0.23268903479723513,0.7836673629285474,0.9897551864265199,0.39913253847990937,0.08783443387780324,2007-10-31,2008-11-20,2010-04-05,342,4534,65,0.6717560929364016,4933203.103185708,,,,,,,,,,,,,,0.8709677419354839,0.0,2466.6015515928543,,,,,,,,,,,,QQQ_VOL40_TARGET15_quarterly,QQQ,quarterly,40,0.15,pre_tax,0.0,pre-tax; no realized tax is charged
2006-06-21,2026-08-31,1465183.7520078188,13.651837520078187,0.14217716088063326,0.18710966921535255,-0.39243351311562236,-0.11978789128414669,-0.11250907739993599,-0.13866808746652803,-0.30157230779344746,0.8057079654081675,1.0388240570149452,0.36229617534918257,0.10425552946295871,2007-10-31,2008-11-20,2010-11-04,492,4476,46,0.4490886024498155,3986373.893533716,,,,,,,,,,,,,,0.9130434782608695,0.0,1993.1869467668582,,,,,,,,,,,,QQQ_VOL40_TARGET20_quarterly,QQQ,quarterly,40,0.2,pre_tax,0.0,pre-tax; no realized tax is charged
2006-06-21,2026-08-31,1747795.1477843113,16.477951477843114,0.1521964355779606,0.19948840264944864,-0.45185577169669,-0.1197878912841468,-0.11250907739993599,-0.1557627699994656,-0.3555527445495368,0.8115515918945738,1.0554377808023827,0.3368252551172967,0.1159450671877058,2007-10-31,2008-11-20,2010-12-08,515,4452,30,0.2737727547980991,2331231.477334574,,,,,,,,,,,,,,0.9375,0.0,1165.6157386672874,,,,,,,,,,,,QQQ_VOL40_TARGET25_quarterly,QQQ,quarterly,40,0.25,pre_tax,0.0,pre-tax; no realized tax is charged
2006-06-21,2026-08-31,1888379.9843936681,17.883799843936682,0.15661893939355154,0.20764381049658373,-0.4881154416418897,-0.1197878912841468,-0.11250907739993599,-0.15576276999946548,-0.383679963557816,0.8061436580035355,1.0502306863888125,0.32086454562209166,0.12264658784666702,2007-10-31,2008-11-20,2010-12-03,512,4433,18,0.14685529384646323,1303858.55398281,,,,,,,,,,,,,,0.8888888888888888,0.0,651.9292769914049,,,,,,,,,,,,QQQ_VOL40_TARGET30_quarterly,QQQ,quarterly,40,0.3,pre_tax,0.0,pre-tax; no realized tax is charged
2006-06-21,2026-08-31,512186.3944661585,4.121863944661586,0.08425132312224548,0.1287807520747986,-0.28559366167291667,-0.1197878912841468,-0.11250907739993599,-0.07285837968179965,-0.16737143015031253,0.6939856632652139,0.8297121517870714,0.2950041770140418,0.07230533948007876,2020-02-19,2020-03-16,2021-08-30,368,4590,82,0.7013065056080593,3481543.2675672807,,,,,,,,,,,,,,0.918918918918919,0.0,1740.7716337836405,,,,,,,,,,,,QQQ_VOL60_TARGET10_quarterly,QQQ,quarterly,60,0.1,pre_tax,0.0,pre-tax; no realized tax is charged
2006-06-21,2026-08-31,989875.5741132139,8.89875574113214,0.12021108715778683,0.167019279925712,-0.32452618165653613,-0.11978789128414669,-0.11250907739993588,-0.10185885087050683,-0.2437658462982819,0.7647825956136741,0.9640438369121654,0.3704203049016638,0.09175751508669489,2007-10-31,2008-11-20,2010-04-14,349,4525,71,0.6250128042768986,4829332.202118135,,,,,,,,,,,,,,0.9354838709677419,0.0,2414.666101059067,,,,,,,,,,,,QQQ_VOL60_TARGET15_quarterly,QQQ,quarterly,60,0.15,pre_tax,0.0,pre-tax; no realized tax is charged
2006-06-21,2026-08-31,1409477.1571320365,13.094771571320365,0.13998692741030094,0.1879209481413266,-0.41073989583826787,-0.11978789128414669,-0.11250907739993588,-0.13497609374543384,-0.3154951186443328,0.7927773375516568,1.0225843698219088,0.3408164846626487,0.10816914816948807,2007-10-31,2008-11-20,2010-11-04,492,4464,42,0.41385297276787475,4109675.934978267,,,,,,,,,,,,,,0.9,0.0,2054.837967489134,,,,,,,,,,,,QQQ_VOL60_TARGET20_quarterly,QQQ,quarterly,60,0.2,pre_tax,0.0,pre-tax; no realized tax is charged
2006-06-21,2026-08-31,1715601.2189336307,16.15601218933631,0.1511361808072771,0.20160259962687593,-0.4745639850020722,-0.1197878912841468,-0.11250907739993599,-0.1557627699994657,-0.37401057888720324,0.8005549600408741,1.039668958266457,0.3184737687302949,0.12078185750242762,2007-10-31,2008-11-20,2010-12-20,523,4447,27,0.24520367274422933,2579758.2555820732,,,,,,,,,,,,,,0.9166666666666666,0.0,1289.8791277910366,,,,,,,,,,,,QQQ_VOL60_TARGET25_quarterly,QQQ,quarterly,60,0.25,pre_tax,0.0,pre-tax; no realized tax is charged
2006-06-21,2026-08-31,1848245.7251152648,17.48245725115265,0.15538920592972771,0.21037476105393982,-0.5103995584032587,-0.11978789128414669,-0.12033325055496058,-0.15576276999946548,-0.3999798456463456,0.7933073865718342,1.0285313100417306,0.30444619978874893,0.12720063728358555,2007-10-31,2008-11-20,2010-12-21,524,4438,18,0.15533339215693054,1696236.968830323,,,,,,,,,,,,,,0.8888888888888888,0.0,848.1184844151614,,,,,,,,,,,,QQQ_VOL60_TARGET30_quarterly,QQQ,quarterly,60,0.3,pre_tax,0.0,pre-tax; no realized tax is charged
2006-06-21,2026-08-31,386541.0272014982,2.8654102720149823,0.06924485220563081,0.11571751759721163,-0.2846352456499265,-0.06603541819003833,-0.07850106309292548,-0.0982405768695026,-0.17150898860013208,0.6378001675409322,0.7777428405998534,0.24327574769427962,0.08400155231940004,2007-06-04,2009-03-09,2011-01-12,467,4706,1045,2.817212361569007,11519220.06113566,,,,,,,,,,,,,,0.7176470588235294,0.0,5759.610030567831,,,,,,,,,,,,SSO_VOL20_TARGET10_weekly,SSO,weekly,20,0.1,pre_tax,0.0,pre-tax; no realized tax is charged
2006-06-21,2026-08-31,699095.5471625866,5.990955471625866,0.10108376509453754,0.16758279787205727,-0.40005648796887083,-0.08025834030201684,-0.11652934067002951,-0.12016413874788245,-0.24960031656306003,0.6600005462373945,0.8186355661013472,0.25267373017183276,0.11996616242239233,2007-06-04,2009-03-09,2011-02-04,483,4676,961,3.3201092651166237,19690036.83991401,,,,,,,,,,,,,,0.7192224622030238,0.0,9845.018419957005,,,,,,,,,,,,SSO_VOL20_TARGET15_weekly,SSO,weekly,20,0.15,pre_tax,0.0,pre-tax; no realized tax is charged
2006-06-21,2026-08-31,1091088.4564299854,9.910884564299854,0.12562436647207353,0.2093567950878472,-0.49626394427782194,-0.091225635081851,-0.1542129048404487,-0.15591944338441976,-0.322627723573395,0.6716858905425792,0.8473911069823734,0.25314022491576704,0.1515899962435108,2007-07-13,2009-03-09,2011-02-11,488,4640,794,2.9028228223407027,22354536.559405066,,,,,,,,,,,,,,0.7275132275132276,0.0,11177.268279702537,,,,,,,,,,,,SSO_VOL20_TARGET20_weekly,SSO,weekly,20,0.2,pre_tax,0.0,pre-tax; no realized tax is charged
2006-06-21,2026-08-31,1409639.327173694,13.09639327173694,0.1399934220943453,0.24108459381401323,-0.5814339714534439,-0.08774321015291209,-0.1913058558563585,-0.14624713205699535,-0.3906665755883515,0.6658761549908128,0.8459128035740754,0.24077269125571676,0.18206611314565815,2007-07-13,2009-03-09,2012-09-07,884,4628,626,2.2048925514374393,18794577.156732626,,,,,,,,,,,,,,0.7435897435897436,0.0,9397.288578366313,,,,,,,,,,,,SSO_VOL20_TARGET25_weekly,SSO,weekly,20,0.25,pre_tax,0.0,pre-tax; no realized tax is charged
2006-06-21,2026-08-31,1711442.6286720515,16.114426286720516,0.15099784754954726,0.26685499266642587,-0.6369509461550833,-0.10077257014240881,-0.21098752427186362,-0.17484008527428863,-0.44296846465414186,0.6623728195915334,0.8412206724330147,0.2370635422728184,0.20415752368518514,2007-07-13,2009-03-09,2012-09-14,889,4594,462,1.645131873384914,14261066.130173307,,,,,,,,,,,,,,0.7366071428571429,0.0,7130.5330650866545,,,,,,,,,,,,SSO_VOL20_TARGET30_weekly,SSO,weekly,20,0.3,pre_tax,0.0,pre-tax; no realized tax is charged
2006-06-21,2026-08-31,363247.7056566095,2.632477056566095,0.06595905605579366,0.11178988807421707,-0.2789220302851245,-0.05547394738633793,-0.09875817232267847,-0.09233979610592402,-0.17398298947091062,0.6285807437537136,0.7653970521346384,0.2364784738888063,0.08380555092129092,2007-06-04,2009-03-09,2011-02-17,492,4666,1043,1.403003682531789,5401401.526295466,,,,,,,,,,,,,,0.7878787878787878,0.0,2700.700763147733,,,,,,,,,,,,SSO_VOL40_TARGET10_weekly,SSO,weekly,40,0.1,pre_tax,0.0,pre-tax; no realized tax is charged
2006-06-21,2026-08-31,611602.5651702915,5.116025651702914,0.09381769443178212,0.16564002091923488,-0.39266420054767215,-0.08025834030201684,-0.1467489200687513,-0.12467372775540453,-0.25286270700986446,0.6257259967234223,0.7651874149655427,0.23892601948669878,0.12260687320485732,2007-06-04,2009-03-09,2012-03-19,764,4671,971,1.8232084350499744,9568754.721291443,,,,,,,,,,,,,,0.779559118236473,0.0,4784.377360645722,,,,,,,,,,,,SSO_VOL40_TARGET15_weekly,SSO,weekly,40,0.15,pre_tax,0.0,pre-tax; no realized tax is charged
2006-06-21,2026-08-31,875533.9278009118,7.755339278009119,0.11342288082418461,0.21197848797951702,-0.48799589174275493,-0.08188875276355922,-0.19379667973843961,-0.1508613243201714,-0.3264223273507043,0.6145340235570754,0.7592675380341418,0.2324258928064399,0.1573309157088137,2007-07-13,2009-03-09,2012-09-14,889,4652,841,1.7673895158249036,11263307.358005686,,,,,,,,,,,,,,0.7738095238095238,0.0,5631.653679002842,,,,,,,,,,,,SSO_VOL40_TARGET20_weekly,SSO,weekly,40,0.2,pre_tax,0.0,pre-tax; no realized tax is charged
2006-06-21,2026-08-31,1234873.5633459564,11.348735633459563,0.13254570373301844,0.24679185900667147,-0.5724652701462454,-0.1028196220184352,-0.21098752427186362,-0.18789077643792362,-0.39476659473377174,0.6296040867131835,0.7868709220196204,0.23153492560196276,0.1875001361345582,2007-07-13,2009-03-09,2013-01-22,975,4617,626,1.3084083224592415,9723365.415515823,,,,,,,,,,,,,,0.7922077922077922,0.0,4861.682707757912,,,,,,,,,,,,SSO_VOL40_TARGET25_weekly,SSO,weekly,40,0.25,pre_tax,0.0,pre-tax; no realized tax is charged
2006-06-21,2026-08-31,1500156.0644696953,14.001560644696953,0.14351208466123833,0.27208122822173114,-0.6371722477216599,-0.12394030465841455,-0.21098752427186362,-0.22479802035210772,-0.4566392524909235,0.6309323033087875,0.7892366933381223,0.22523279250531583,0.20947460887800481,2007-07-13,2009-03-09,2013-01-22,975,4596,452,0.9271379954424442,6680053.705285178,,,,,,,,,,,,,,0.8097345132743363,0.0,3340.0268526425893,,,,,,,,,,,,SSO_VOL40_TARGET30_weekly,SSO,weekly,40,0.3,pre_tax,0.0,pre-tax; no realized tax is charged
2006-06-21,2026-08-31,342780.4955146083,2.4278049551460827,0.06290220218875198,0.11080509002554526,-0.2637741987888683,-0.0532893907186297,-0.10835546123232287,-0.09400359907392775,-0.17228246062426256,0.6072046689540558,0.7350922258555519,0.23846988248877413,0.08230527966961058,2007-07-13,2009-03-09,2011-02-07,484,4651,1042,0.9644564848220384,3639168.6503679915,,,,,,,,,,,,,,0.8333333333333334,0.0,1819.5843251839956,,,,,,,,,,,,SSO_VOL60_TARGET10_weekly,SSO,weekly,60,0.1,pre_tax,0.0,pre-tax; no realized tax is charged
2006-06-21,2026-08-31,550999.9797059649,4.509999797059649,0.08818032620703198,0.16466510787688327,-0.3730523277973625,-0.08018036475410073,-0.16085370710202174,-0.13509843194774107,-0.250726035286828,0.5970249223920453,0.72317251158183,0.2363752204085708,0.12014446919980222,2007-07-13,2009-03-09,2011-02-11,488,4659,978,1.2572660977336558,6158640.33354028,,,,,,,,,,,,,,0.8262626262626263,0.0,3079.32016677014,,,,,,,,,,,,SSO_VOL60_TARGET15_weekly,SSO,weekly,60,0.15,pre_tax,0.0,pre-tax; no realized tax is charged
2006-06-21,2026-08-31,821280.6713331153,7.212806713331153,0.10990151401987536,0.21293866489583124,-0.46887182905701885,-0.09872509584920963,-0.2104712958452435,-0.17872714933786316,-0.32406356943689807,0.5978594873758408,0.7315587357149279,0.234395643348644,0.15392297811968508,2007-07-13,2009-03-09,2011-02-17,492,4647,886,1.348383568626301,8379559.414750997,,,,,,,,,,,,,,0.8278145695364238,0.0,4189.779707375499,,,,,,,,,,,,SSO_VOL60_TARGET20_weekly,SSO,weekly,60,0.2,pre_tax,0.0,pre-tax; no realized tax is charged
2006-06-21,2026-08-31,1241672.1269890922,11.416721269890923,0.13285365784065162,0.2504370953298684,-0.5477560093636925,-0.12407224059675936,-0.21098752427186374,-0.2227100877907675,-0.3923586786269303,0.6252097686254611,0.775186721722998,0.24254167105347268,0.17889766479221422,2007-07-13,2009-03-09,2011-04-27,539,4603,638,1.0017628191094488,7537137.421422388,,,,,,,,,,,,,,0.8454258675078864,0.0,3768.568710711195,,,,,,,,,,,,SSO_VOL60_TARGET25_weekly,SSO,weekly,60,0.25,pre_tax,0.0,pre-tax; no realized tax is charged
2006-06-21,2026-08-31,1437929.8976911046,13.379298976911045,0.14111569129819768,0.2781371651442998,-0.6085090523865235,-0.14969686175066377,-0.21098752427186362,-0.2658743637751261,-0.45570703461632467,0.6157685521397912,0.761361117385018,0.2319040131691604,0.19782123170269614,2007-07-13,2009-03-09,2013-01-04,964,4587,448,0.7301306033991793,5209798.706161335,,,,,,,,,,,,,,0.8148148148148148,0.0,2604.8993530806674,,,,,,,,,,,,SSO_VOL60_TARGET30_weekly,SSO,weekly,60,0.3,pre_tax,0.0,pre-tax; no realized tax is charged
2006-06-21,2026-08-31,444093.7129143213,3.4409371291432125,0.07661916817220771,0.12432060182409849,-0.2852068298773097,-0.05923555748921361,-0.09173709522441209,-0.1315583015455174,-0.18206377743512336,0.6573769687879748,0.7971735585444413,0.26864422638534896,0.09081060856908726,2007-06-04,2009-03-09,2011-02-04,483,4678,241,1.8109298255781094,7829371.0802905485,,,,,,,,,,,,,,0.7815126050420168,0.0,3914.685540145275,,,,,,,,,,,,SSO_VOL20_TARGET10_monthly,SSO,monthly,20,0.1,pre_tax,0.0,pre-tax; no realized tax is charged
2006-06-21,2026-08-31,821983.2862180581,7.219832862180581,0.10994851457572485,0.17677625806715164,-0.3995251124336715,-0.07632688692977785,-0.1359071683418942,-0.14013484706204737,-0.2637494084151316,0.6801093340538774,0.8396617435335614,0.2751980067184846,0.120391770201169,2007-06-04,2009-03-09,2011-02-17,492,4647,232,2.145844857062553,13285805.592169264,,,,,,,,,,,,,,0.8053097345132744,0.0,6642.902796084633,,,,,,,,,,,,SSO_VOL20_TARGET15_monthly,SSO,monthly,20,0.15,pre_tax,0.0,pre-tax; no realized tax is charged
2006-06-21,2026-08-31,1246050.7099688498,11.460507099688497,0.1330511468884521,0.21857484018299939,-0.4942072466727815,-0.08180079655330086,-0.1790001484910232,-0.14013484706204749,-0.3395343835942156,0.68257706956714,0.8545237695478187,0.269221359630419,0.15088142292195958,2007-06-04,2009-03-09,2012-03-13,760,4623,210,1.9124825550716134,14959880.734791761,,,,,,,,,,,,,,0.81,0.0,7479.9403673958805,,,,,,,,,,,,SSO_VOL20_TARGET20_monthly,SSO,monthly,20,0.2,pre_tax,0.0,pre-tax; no realized tax is charged
2006-06-21,2026-08-31,1682561.8387642098,15.825618387642098,0.1500282355695819,0.25131765468760014,-0.5757788438992311,-0.10458327423731895,-0.21098752427186362,-0.15488411291040116,-0.4096665413432037,0.683793316213125,0.8613867697703526,0.2605657313727887,0.17861118337535362,2007-07-13,2009-03-09,2012-03-19,764,4596,170,1.4322583306618586,12742562.1430943,,,,,,,,,,,,,,0.84,0.0,6371.2810715471505,,,,,,,,,,,,SSO_VOL20_TARGET25_monthly,SSO,monthly,20,0.25,pre_tax,0.0,pre-tax; no realized tax is charged
2006-06-21,2026-08-31,2012896.4307876255,19.128964307876256,0.16028199870334547,0.27762882023579133,-0.6342896892137023,-0.12842931809668268,-0.21098752427186374,-0.1783854079744598,-0.4583409634146778,0.6763027256161467,0.8507843760789926,0.2526952612173771,0.19688393468099782,2007-07-13,2009-03-09,2012-09-06,883,4579,123,1.0316774878167543,9425580.371837785,,,,,,,,,,,,,,0.8363636363636363,0.0,4712.790185918893,,,,,,,,,,,,SSO_VOL20_TARGET30_monthly,SSO,monthly,20,0.3,pre_tax,0.0,pre-tax; no realized tax is charged
2006-06-21,2026-08-31,374706.75086676044,2.7470675086676044,0.0675997502124357,0.11686118322040936,-0.2837225406396381,-0.05499511417073022,-0.1114025012783797,-0.1097441943906543,-0.18204139099647187,0.6194769392021929,0.7484529102339452,0.23826006231311578,0.08836226576619502,2007-06-04,2009-03-09,2012-03-26,769,4647,240,0.9365125795286118,3720826.515476007,,,,,,,,,,,,,,0.8384615384615385,0.0,1860.4132577380033,,,,,,,,,,,,SSO_VOL40_TARGET10_monthly,SSO,monthly,40,0.1,pre_tax,0.0,pre-tax; no realized tax is charged
2006-06-21,2026-08-31,645053.7340226396,5.450537340226396,0.0967058087278927,0.17345144645095698,-0.39751570438265127,-0.08125100361735693,-0.16460564315222237,-0.14017114109106188,-0.26353081052893323,0.6204801079356463,0.7521174510112577,0.24327544210631497,0.12890159986500555,2007-06-04,2009-03-09,2012-09-13,888,4653,231,1.2521322473788163,6763126.906928386,,,,,,,,,,,,,,0.8220338983050848,0.0,3381.5634534641936,,,,,,,,,,,,SSO_VOL40_TARGET15_monthly,SSO,monthly,40,0.15,pre_tax,0.0,pre-tax; no realized tax is charged
2006-06-21,2026-08-31,960238.7990723404,8.602387990723404,0.11852617733625959,0.2208480832092511,-0.4910349174510247,-0.10769084257399297,-0.21098752427186374,-0.15461444024131155,-0.3390235066249708,0.6193287127298802,0.7618998731586281,0.24138034409351605,0.1644437657750015,2007-07-13,2009-03-09,2013-01-22,975,4636,211,1.2792028163353975,8727263.08182628,,,,,,,,,,,,,,0.8317757009345794,0.0,4363.631540913141,,,,,,,,,,,,SSO_VOL40_TARGET20_monthly,SSO,monthly,40,0.2,pre_tax,0.0,pre-tax; no realized tax is charged
2006-06-21,2026-08-31,1277061.1511798536,11.770611511798537,0.13443123397898415,0.25753391376327534,-0.5716270586237802,-0.13868519465432771,-0.21098752427186374,-0.1910945349148515,-0.408786598485376,0.620380724571918,0.7684306661982938,0.23517297152208622,0.19269970076954127,2007-07-13,2009-03-09,2013-01-29,980,4609,160,0.9939742564798,7483031.559682737,,,,,,,,,,,,,,0.8227848101265823,0.0,3741.5157798413684,,,,,,,,,,,,SSO_VOL40_TARGET25_monthly,SSO,monthly,40,0.25,pre_tax,0.0,pre-tax; no realized tax is charged
2006-06-21,2026-08-31,1493679.3733269053,13.936793733269052,0.14326711094682398,0.28489118074420283,-0.6275485843550181,-0.17161299303580502,-0.21841658318945745,-0.23028355173126902,-0.4668070267660339,0.6144135502718602,0.7588583250737966,0.22829644511758568,0.2085553056490139,2007-07-13,2009-03-09,2013-01-25,978,4591,117,0.7016323189911914,5156537.273713385,,,,,,,,,,,,,,0.8135593220338984,0.0,2578.268636856692,,,,,,,,,,,,SSO_VOL40_TARGET30_monthly,SSO,monthly,40,0.3,pre_tax,0.0,pre-tax; no realized tax is charged
2006-06-21,2026-08-31,360822.9706568278,2.608229706568278,0.06560558588859067,0.11460386462120167,-0.2649447619801161,-0.06042407908889391,-0.1236829305863959,-0.09994017582227044,-0.1725480189721056,0.6130495865795257,0.7354305239284701,0.24761986384737178,0.08604485072777347,2007-07-13,2009-03-09,2011-02-16,491,4626,239,0.6417264285624665,2478245.4727020157,,,,,,,,,,,,,,0.8467741935483871,0.0,1239.122736351008,,,,,,,,,,,,SSO_VOL60_TARGET10_monthly,SSO,monthly,60,0.1,pre_tax,0.0,pre-tax; no realized tax is charged
2006-06-21,2026-08-31,602062.7191054701,5.020627191054701,0.09296650425352748,0.17159600632309668,-0.3729772525255657,-0.0937239330541767,-0.1824502399861716,-0.14058307564131556,-0.2502946666042871,0.6053966356726489,0.7258200717376162,0.24925515865650574,0.12479102967479815,2007-07-13,2009-03-09,2011-04-27,539,4635,226,0.8912024394513787,4514865.296962669,,,,,,,,,,,,,,0.8378378378378378,0.0,2257.4326484813346,,,,,,,,,,,,SSO_VOL60_TARGET15_monthly,SSO,monthly,60,0.15,pre_tax,0.0,pre-tax; no realized tax is charged
2006-06-21,2026-08-31,934697.9847771223,8.346979847771223,0.11703399487768817,0.2216438945693964,-0.46704490879807437,-0.12937274786366182,-0.21098752427186362,-0.17956489228768946,-0.32265146170580017,0.611915687708048,0.7443334386193184,0.2505840288011522,0.15628213138328792,2007-07-13,2009-03-09,2012-09-14,889,4614,213,0.9919056093548828,6401083.901261532,,,,,,,,,,,,,,0.8666666666666667,0.0,3200.5419506307658,,,,,,,,,,,,SSO_VOL60_TARGET20_monthly,SSO,monthly,60,0.2,pre_tax,0.0,pre-tax; no realized tax is charged
2006-06-21,2026-08-31,1327435.372605629,12.27435372605629,0.13660659969994837,0.2619200244005794,-0.5374049121805176,-0.16762815244609153,-0.21334496681144632,-0.22566728155567517,-0.38984036816729895,0.6217902745755166,0.7615807374899168,0.25419678273067475,0.1783079190361337,2007-07-13,2009-03-09,2012-09-14,889,4589,163,0.7522774176816976,5691355.6034501055,,,,,,,,,,,,,,0.8481012658227848,0.0,2845.677801725053,,,,,,,,,,,,SSO_VOL60_TARGET25_monthly,SSO,monthly,60,0.25,pre_tax,0.0,pre-tax; no realized tax is charged
2006-06-21,2026-08-31,1468501.097417393,13.68501097417393,0.14230507972374928,0.2937401302128064,-0.5974392136596038,-0.20878688027324,-0.2657288134037319,-0.2717766933763134,-0.4520832851766623,0.6019598341413603,0.7323972188375929,0.2381917297528261,0.19702512809352096,2007-07-13,2009-03-09,2013-01-02,962,4579,109,0.578506227806143,4064086.366860224,,,,,,,,,,,,,,0.8,0.0,2032.0431834301125,,,,,,,,,,,,SSO_VOL60_TARGET30_monthly,SSO,monthly,60,0.3,pre_tax,0.0,pre-tax; no realized tax is charged
2006-06-21,2026-08-31,441397.8417494255,3.4139784174942553,0.0762945954639207,0.12925178576003635,-0.3099985502776256,-0.07615463505570663,-0.15846970466904453,-0.12554199897023544,-0.20672929663896034,0.6348903535076275,0.7524075799186524,0.24611274922283832,0.09461985213488437,2007-06-04,2009-03-09,2011-02-07,484,4628,120,1.04912210355018,4565241.329306865,,,,,,,,,,,,,,0.7666666666666667,0.0,2282.620664653433,,,,,,,,,,,,SSO_VOL20_TARGET10_bimonthly,SSO,bimonthly,20,0.1,pre_tax,0.0,pre-tax; no realized tax is charged
2006-06-21,2026-08-31,750874.5739692801,6.5087457396928015,0.10498648823690693,0.18334491737345257,-0.4334640385336145,-0.09014975194807884,-0.21098752427186374,-0.15461444024131166,-0.3009711464056646,0.6377978582220317,0.7710349423013935,0.2422034561207674,0.1348184852788262,2007-06-04,2009-03-09,2011-04-28,540,4620,114,1.2650719657269927,7448463.398609384,,,,,,,,,,,,,,0.8070175438596491,0.0,3724.231699304692,,,,,,,,,,,,SSO_VOL20_TARGET15_bimonthly,SSO,bimonthly,20,0.15,pre_tax,0.0,pre-tax; no realized tax is charged
2006-06-21,2026-08-31,1126023.0413446468,10.260230413446468,0.12738243471878374,0.2255404080114255,-0.5335260242123268,-0.09014975194807884,-0.21098752427186374,-0.1632410844369494,-0.3891811849594634,0.646042443974737,0.7996114397853354,0.23875580372456115,0.1656524356451465,2007-06-04,2009-03-09,2012-09-13,888,4597,106,1.2323230130701168,9029572.808934623,,,,,,,,,,,,,,0.8518518518518519,0.0,4514.7864044673115,,,,,,,,,,,,SSO_VOL20_TARGET20_bimonthly,SSO,bimonthly,20,0.2,pre_tax,0.0,pre-tax; no realized tax is charged
2006-06-21,2026-08-31,1327804.6926720608,12.278046926720608,0.13662225680956652,0.2610124685041945,-0.6219014336527822,-0.116037115918732,-0.21098752427186374,-0.21075171478192,-0.47141466066688587,0.6227378409735929,0.7753418323938838,0.21968474329944218,0.19993308225776812,2007-07-13,2009-03-09,2013-02-12,990,4599,90,0.994338643027466,7595423.050745498,,,,,,,,,,,,,,0.8863636363636364,0.0,3797.7115253727493,,,,,,,,,,,,SSO_VOL20_TARGET25_bimonthly,SSO,bimonthly,20,0.25,pre_tax,0.0,pre-tax; no realized tax is charged
2006-06-21,2026-08-31,1428283.2066517728,13.282832066517729,0.1407353897071324,0.28996367707270515,-0.691495598382779,-0.12842931809668257,-0.24740802871390244,-0.2614884579591429,-0.5400332751640495,0.6007170639631798,0.745600545419652,0.20352318949863799,0.23180514998779578,2007-07-13,2009-03-09,2013-05-03,1046,4601,72,0.7597835747184383,5246530.106487734,,,,,,,,,,,,,,0.8787878787878788,0.0,2623.265053243867,,,,,,,,,,,,SSO_VOL20_TARGET30_bimonthly,SSO,bimonthly,20,0.3,pre_tax,0.0,pre-tax; no realized tax is charged
2006-06-21,2026-08-31,377669.36812645063,2.7766936812645064,0.06801617373400659,0.12009334985894735,-0.28458701243402185,-0.06997335111138092,-0.1686479060103966,-0.12184050268127389,-0.16970034913421006,0.609327227075721,0.7198287917749918,0.23899957047328482,0.0876252164836489,2020-02-19,2020-03-23,2021-11-03,409,4645,120,0.6943797646782286,2750793.377261194,,,,,,,,,,,,,,0.8524590163934426,0.0,1375.396688630597,,,,,,,,,,,,SSO_VOL40_TARGET10_bimonthly,SSO,bimonthly,40,0.1,pre_tax,0.0,pre-tax; no realized tax is charged
2006-06-21,2026-08-31,664956.4854210054,5.649564854210054,0.09835734496549664,0.17654425015769876,-0.3711961580122646,-0.09014975194807895,-0.21098752427186374,-0.15461444024131166,-0.24921173231433436,0.6212558312950723,0.7458473137492141,0.2649740382341103,0.122928524001599,2020-02-19,2020-03-23,2021-08-30,363,4637,118,0.935715349168448,4993450.392956861,,,,,,,,,,,,,,0.8392857142857143,0.0,2496.7251964784314,,,,,,,,,,,,SSO_VOL40_TARGET15_bimonthly,SSO,bimonthly,40,0.15,pre_tax,0.0,pre-tax; no realized tax is charged
2006-06-21,2026-08-31,1094832.724911487,9.94832724911487,0.125815335327069,0.2259020060444978,-0.46549321680735134,-0.10769084257399297,-0.21098752427186374,-0.15461444024131166,-0.3251457404323066,0.6392500783665752,0.7843023627591506,0.2702839284962961,0.15309882312405157,2007-07-13,2009-03-09,2012-09-14,889,4609,111,1.0062862562906913,7113347.892994392,,,,,,,,,,,,,,0.8490566037735849,0.0,3556.6739464971965,,,,,,,,,,,,SSO_VOL40_TARGET20_bimonthly,SSO,bimonthly,40,0.2,pre_tax,0.0,pre-tax; no realized tax is charged
2006-06-21,2026-08-31,1419335.1339320168,13.193351339320168,0.14038044083183432,0.26636364429848264,-0.5482072942872698,-0.13868519465432771,-0.21098752427186374,-0.1910945349148514,-0.39749659654669434,0.6280927239771372,0.775194680271597,0.2560718222736245,0.18155302973128915,2007-07-13,2009-03-09,2013-01-29,980,4597,90,0.8301258543591877,6442848.841458098,,,,,,,,,,,,,,0.8837209302325582,0.0,3221.424420729049,,,,,,,,,,,,SSO_VOL40_TARGET25_bimonthly,SSO,bimonthly,40,0.25,pre_tax,0.0,pre-tax; no realized tax is charged
2006-06-21,2026-08-31,1589267.2985787531,14.89267298578753,0.1467842573571918,0.2942970311617454,-0.6127863825605222,-0.17161299303580513,-0.21841658318945745,-0.23028355173126902,-0.4663429965481808,0.6143608990563187,0.7577083602652481,0.23953576896381926,0.19947907085393582,2007-07-13,2009-03-09,2013-01-29,980,4589,66,0.6341210880949248,4948636.546582104,,,,,,,,,,,,,,0.8333333333333334,0.0,2474.318273291052,,,,,,,,,,,,SSO_VOL40_TARGET30_bimonthly,SSO,bimonthly,40,0.3,pre_tax,0.0,pre-tax; no realized tax is charged
2006-06-21,2026-08-31,344639.74008471885,2.4463974008471885,0.06318695371124505,0.11817873985772039,-0.2745261673415278,-0.07365054552087213,-0.13869080820427304,-0.09920568391981621,-0.18007745761939775,0.5788251246052099,0.679714838140467,0.2301673254798932,0.08820034777228411,2020-02-19,2020-03-23,2021-07-09,327,4608,119,0.47741953292514067,1830636.8611488855,,,,,,,,,,,,,,0.8245614035087719,0.0,915.3184305744425,,,,,,,,,,,,SSO_VOL60_TARGET10_bimonthly,SSO,bimonthly,60,0.1,pre_tax,0.0,pre-tax; no realized tax is charged
2006-06-21,2026-08-31,580010.7931488248,4.800107931488248,0.0909488004475636,0.17551707925589205,-0.39066134983139056,-0.09372393305417659,-0.2044818460789144,-0.14951759919617158,-0.26374366909337654,0.5852238119245305,0.6956146785421677,0.2328072651333875,0.12675834083303386,2020-02-19,2020-03-23,2021-07-23,337,4609,113,0.6825110737111046,3411116.3741407087,,,,,,,,,,,,,,0.8076923076923077,0.0,1705.5581870703543,,,,,,,,,,,,SSO_VOL60_TARGET15_bimonthly,SSO,bimonthly,60,0.15,pre_tax,0.0,pre-tax; no realized tax is charged
2006-06-21,2026-08-31,911225.2505710532,8.112252505710533,0.11562805838267765,0.22762661688480795,-0.473219693980958,-0.1293727478636616,-0.21098752427186374,-0.17956489228768935,-0.34316445418162933,0.596175040805481,0.7206003155186732,0.2443432930906938,0.15924277113668325,2007-07-13,2009-03-09,2013-01-22,975,4594,110,0.7823545322804989,4912394.486383289,,,,,,,,,,,,,,0.8490566037735849,0.0,2456.1972431916442,,,,,,,,,,,,SSO_VOL60_TARGET20_bimonthly,SSO,bimonthly,60,0.2,pre_tax,0.0,pre-tax; no realized tax is charged
2006-06-21,2026-08-31,1184545.5931085502,10.845455931085501,0.1302145621034625,0.27137374701628975,-0.5500276200270584,-0.16762815244609153,-0.2133449668114462,-0.22566728155567528,-0.4183522608667053,0.5885503392142953,0.7147073827132909,0.23674186052158006,0.1873005467559364,2007-07-13,2009-03-09,2013-02-19,994,4586,89,0.6409133074147703,4315225.526258468,,,,,,,,,,,,,,0.8604651162790697,0.0,2157.6127631292334,,,,,,,,,,,,SSO_VOL60_TARGET25_bimonthly,SSO,bimonthly,60,0.25,pre_tax,0.0,pre-tax; no realized tax is charged
2006-06-21,2026-08-31,1340316.0869518998,12.403160869518999,0.137150239550498,0.30272843659622894,-0.6166763208421987,-0.20878688027324,-0.265728813403732,-0.2717766933763134,-0.48932766685812024,0.5778244782592891,0.7013411797220025,0.22240231206411665,0.2055971331127278,2007-07-13,2009-03-09,2013-02-19,994,4570,60,0.5005713352648599,3216825.1249387776,,,,,,,,,,,,,,0.7857142857142857,0.0,1608.412562469389,,,,,,,,,,,,SSO_VOL60_TARGET30_bimonthly,SSO,bimonthly,60,0.3,pre_tax,0.0,pre-tax; no realized tax is charged
2006-06-21,2026-08-31,295903.55331258744,1.9590355331258742,0.055190199394696826,0.15658119570606335,-0.5162428241184074,-0.15324433291258732,-0.1950382834994998,-0.20983101337176413,-0.26455554617088695,0.42283955583528476,0.4546205361597467,0.10690744125876352,0.1760406793143493,2018-01-26,2020-03-23,2025-08-28,1366,4727,80,0.6616420761662191,2339249.628165873,,,,,,,,,,,,,,0.8055555555555556,0.0,1169.6248140829364,,,,,,,,,,,,SSO_VOL20_TARGET10_quarterly,SSO,quarterly,20,0.1,pre_tax,0.0,pre-tax; no realized tax is charged
2006-06-21,2026-08-31,480051.20948524255,3.800512094852426,0.08077796348466637,0.2230363513266124,-0.597327616174123,-0.233582434803694,-0.29728679862982565,-0.2979655745096845,-0.3647062679137959,0.46204820154300025,0.5079893687262512,0.13523225998163013,0.18638183125305535,2018-01-26,2020-03-23,2024-06-17,1066,4702,77,0.8215278525052973,3578021.5008220095,,,,,,,,,,,,,,0.8,0.0,1789.0107504110051,,,,,,,,,,,,SSO_VOL20_TARGET15_quarterly,SSO,quarterly,20,0.15,pre_tax,0.0,pre-tax; no realized tax is charged
2006-06-21,2026-08-31,800535.5892073938,7.005355892073938,0.10849628897789376,0.2529326129234856,-0.5934106033686171,-0.233582434803694,-0.29728679862982565,-0.2979655745096845,-0.3320607105197594,0.5360140407979594,0.6179889375498996,0.18283510331967834,0.17963281594348368,2020-02-19,2020-03-23,2024-01-29,969,4654,65,0.7429593979695089,4022056.7779044807,,,,,,,,,,,,,,0.8125,0.0,2011.02838895224,,,,,,,,,,,,SSO_VOL20_TARGET20_quarterly,SSO,quarterly,20,0.2,pre_tax,0.0,pre-tax; no realized tax is charged
2006-06-21,2026-08-31,1031538.5506826553,9.315385506826553,0.12250036799862207,0.27691503207340784,-0.593410603368617,-0.2335824348036939,-0.29728679862982554,-0.29796557450968464,-0.3610110660405367,0.5580856469682627,0.6603095211561067,0.20643441034458032,0.18564870242969866,2020-02-19,2020-03-23,2021-12-27,445,4627,57,0.6217855517308314,3576905.4923574845,,,,,,,,,,,,,,0.8333333333333334,0.0,1788.4527461787425,,,,,,,,,,,,SSO_VOL20_TARGET25_quarterly,SSO,quarterly,20,0.25,pre_tax,0.0,pre-tax; no realized tax is charged
2006-06-21,2026-08-31,1163929.3252475725,10.639293252475724,0.129232346772427,0.2977086881192938,-0.595015052602027,-0.233582434803694,-0.29728679862982565,-0.29796557450968464,-0.41991362978032964,0.5594299290876508,0.6708864637146418,0.21719172684336013,0.20572237122346582,2007-10-09,2009-03-09,2013-02-19,994,4616,47,0.4830138929707933,2679655.8069238816,,,,,,,,,,,,,,0.782608695652174,0.0,1339.8279034619404,,,,,,,,,,,,SSO_VOL20_TARGET30_quarterly,SSO,quarterly,20,0.3,pre_tax,0.0,pre-tax; no realized tax is charged
2006-06-21,2026-08-31,248197.72962756723,1.481977296275672,0.04604381929598156,0.1481151057416608,-0.5284725332619105,-0.1671862366936876,-0.21278252846111978,-0.2260420009180647,-0.2713887743996154,0.3794938549941095,0.40241140350808347,0.087126229648651,0.1737568149120536,2018-01-26,2020-03-23,2025-10-06,1392,4754,80,0.48594941631126415,1606153.660763442,,,,,,,,,,,,,,0.8571428571428571,0.0,803.076830381721,,,,,,,,,,,,SSO_VOL40_TARGET10_quarterly,SSO,quarterly,40,0.1,pre_tax,0.0,pre-tax; no realized tax is charged
2006-06-21,2026-08-31,405797.08410712215,3.0579708410712216,0.07182201395129972,0.21343697462308361,-0.6257940873689902,-0.233582434803694,-0.29728679862982565,-0.2979655745096845,-0.3399340854195526,0.43388231480379735,0.47469189549285407,0.11476940322855901,0.2023551526388263,2018-01-26,2020-03-23,2024-09-26,1136,4727,80,0.6725708851316219,2759490.84013364,,,,,,,,,,,,,,0.8648648648648649,0.0,1379.7454200668199,,,,,,,,,,,,SSO_VOL40_TARGET15_quarterly,SSO,quarterly,40,0.15,pre_tax,0.0,pre-tax; no realized tax is charged
2006-06-21,2026-08-31,690205.5524101388,5.902055524101388,0.10038618654618614,0.24962046834660748,-0.5934106033686171,-0.2335824348036939,-0.29728679862982554,-0.2979655745096845,-0.3297746139720461,0.5102824111455012,0.586525217160976,0.16916817120611488,0.1821321222471806,2020-02-19,2020-03-23,2024-01-19,963,4676,72,0.7117387495434636,3415679.868679209,,,,,,,,,,,,,,0.84375,0.0,1707.8399343396047,,,,,,,,,,,,SSO_VOL40_TARGET20_quarterly,SSO,quarterly,40,0.2,pre_tax,0.0,pre-tax; no realized tax is charged
2006-06-21,2026-08-31,926958.0012633487,8.269580012633487,0.11657414147940925,0.27966642893224863,-0.593410603368617,-0.23358243480369412,-0.29728679862982565,-0.29796557450968464,-0.3981365003350944,0.5363955208218195,0.6316582686854811,0.19644768869590842,0.19795215486754578,2020-02-19,2020-03-23,2021-10-29,406,4646,60,0.6175459953804668,3150435.0186310178,,,,,,,,,,,,,,0.7857142857142857,0.0,1575.217509315509,,,,,,,,,,,,SSO_VOL40_TARGET25_quarterly,SSO,quarterly,40,0.25,pre_tax,0.0,pre-tax; no realized tax is charged
2006-06-21,2026-08-31,1182604.7138888978,10.826047138888978,0.13012278901438812,0.3010709906228474,-0.5934106033686171,-0.233582434803694,-0.29728679862982565,-0.2979655745096845,-0.46137783052599735,0.5591802008387503,0.6674124607845059,0.2192795145144347,0.21272209928983418,2020-02-19,2020-03-23,2021-07-26,338,4604,49,0.46887587705868095,2372700.2535170573,,,,,,,,,,,,,,0.7272727272727273,0.0,1186.3501267585286,,,,,,,,,,,,SSO_VOL40_TARGET30_quarterly,SSO,quarterly,40,0.3,pre_tax,0.0,pre-tax; no realized tax is charged
2006-06-21,2026-08-31,262472.027144677,1.62472027144677,0.048944356010381274,0.1361418835517131,-0.4564789249783845,-0.12801786568731177,-0.16293186381753577,-0.17942451533882586,-0.18709260950230855,0.4203174559678186,0.4607053983592114,0.10722150209387853,0.14858062890669088,2018-01-26,2020-03-23,2024-10-14,1148,4730,80,0.4536386331901666,1504197.0714261816,,,,,,,,,,,,,,0.8157894736842105,0.0,752.0985357130908,,,,,,,,,,,,SSO_VOL60_TARGET10_quarterly,SSO,quarterly,60,0.1,pre_tax,0.0,pre-tax; no realized tax is charged
2006-06-21,2026-08-31,371627.72563162504,2.7162772563162503,0.0671636349717577,0.20969739586802807,-0.6166031176407203,-0.22238987225519047,-0.2830417159834995,-0.28641637731724656,-0.312056573457668,0.41689145127284616,0.4572822618230129,0.1089252276711522,0.2062789202694811,2018-01-26,2020-03-23,2024-11-08,1167,4739,77,0.6460602588856952,2509823.7737989444,,,,,,,,,,,,,,0.8108108108108109,0.0,1254.9118868994726,,,,,,,,,,,,SSO_VOL60_TARGET15_quarterly,SSO,quarterly,60,0.15,pre_tax,0.0,pre-tax; no realized tax is charged
2006-06-21,2026-08-31,625211.14346538,5.252111434653799,0.09501032766367334,0.2519686205420746,-0.5934106033686171,-0.233582434803694,-0.29728679862982565,-0.2979655745096845,-0.34746534972182475,0.48842216171091307,0.5593030006184142,0.16010891467784316,0.19024835159591078,2020-02-19,2020-03-23,2024-01-25,967,4694,73,0.7124150211798203,3452923.457549797,,,,,,,,,,,,,,0.8285714285714286,0.0,1726.4617287748986,,,,,,,,,,,,SSO_VOL60_TARGET20_quarterly,SSO,quarterly,60,0.2,pre_tax,0.0,pre-tax; no realized tax is charged
2006-06-21,2026-08-31,859480.1118144101,7.594801118144101,0.11240300298211059,0.28312869371852695,-0.5934106033686171,-0.233582434803694,-0.29728679862982565,-0.29796557450968464,-0.41863391910593406,0.5200784827129157,0.6106446193539654,0.18941859539420408,0.20647720302476721,2020-02-19,2020-03-23,2021-11-02,408,4657,64,0.5997472042850497,3328675.1619117437,,,,,,,,,,,,,,0.7857142857142857,0.0,1664.3375809558718,,,,,,,,,,,,SSO_VOL60_TARGET25_quarterly,SSO,quarterly,60,0.25,pre_tax,0.0,pre-tax; no realized tax is charged
2006-06-21,2026-08-31,1127056.4010730563,10.270564010730563,0.1274336448038873,0.3044711856225485,-0.593410603368617,-0.2335824348036939,-0.29728679862982543,-0.2979655745096845,-0.48412708296700024,0.5484576445209229,0.6547349193857177,0.21474783915299808,0.22167074757322705,2020-02-19,2020-03-23,2021-07-12,328,4609,47,0.46547344645979727,2743519.4350944157,,,,,,,,,,,,,,0.75,0.0,1371.759717547208,,,,,,,,,,,,SSO_VOL60_TARGET30_quarterly,SSO,quarterly,60,0.3,pre_tax,0.0,pre-tax; no realized tax is charged
2006-06-21,2026-08-31,593103.3498767318,4.9310334987673174,0.09215535219838134,0.11353954742961812,-0.24873181284226809,-0.050688247563984934,-0.061772907214969086,-0.07989242188864143,-0.17359166441594998,0.8348462534002697,1.0671486008752296,0.37050086655711045,0.06936682298204587,2007-10-31,2009-03-09,2010-04-13,276,4636,1050,2.1863715279586877,11452601.958764281,,,,,,,,,,,,,,0.7751479289940828,0.0,5726.30097938214,,,,,,,,,,,,QLD_VOL20_TARGET10_weekly,QLD,weekly,20,0.1,pre_tax,0.0,pre-tax; no realized tax is charged
2006-06-21,2026-08-31,1303873.395540435,12.038733955404352,0.13559904543292678,0.1688820771668323,-0.3526820289165252,-0.07012343081781713,-0.09287428067695691,-0.12431612549607862,-0.2519837468475279,0.8392569989628357,1.079424004255603,0.38447960007914417,0.10229782568511109,2007-10-31,2009-03-09,2010-04-14,277,4629,1028,3.0060810855722577,26252682.89272828,,,,,,,,,,,,,,0.7770961145194274,0.0,13126.34144636414,,,,,,,,,,,,QLD_VOL20_TARGET15_weekly,QLD,weekly,20,0.15,pre_tax,0.0,pre-tax; no realized tax is charged
2006-06-21,2026-08-31,2475150.7156133447,23.751507156133446,0.17222061563094226,0.21965396221511513,-0.44450393790443055,-0.09356976378660753,-0.124116088850041,-0.1716374304180881,-0.3249334503328466,0.8353317925599113,1.079568103859931,0.387444521735531,0.13365047378788836,2007-10-31,2009-03-09,2010-04-15,278,4625,964,3.293717328931214,44912360.01644361,,,,,,,,,,,,,,0.7853982300884956,0.0,22456.180008221803,,,,,,,,,,,,QLD_VOL20_TARGET20_weekly,QLD,weekly,20,0.2,pre_tax,0.0,pre-tax; no realized tax is charged
2006-06-21,2026-08-31,4118052.951792363,40.18052951792363,0.20214667668706632,0.26231629714774496,-0.525266831666066,-0.10909641899191003,-0.14284480204942818,-0.1968485217708864,-0.3925938236739098,0.8353081641510397,1.0879035625399596,0.38484569080040326,0.16025984538370946,2007-10-31,2009-03-09,2010-10-27,414,4605,833,2.974115569265535,61920454.17893492,,,,,,,,,,,,,,0.8020304568527918,0.0,30960.22708946746,,,,,,,,,,,,QLD_VOL20_TARGET25_weekly,QLD,weekly,20,0.25,pre_tax,0.0,pre-tax; no realized tax is charged
2006-06-21,2026-08-31,6238855.544505297,61.38855544505297,0.22713199395696226,0.2964127018344705,-0.5959980552064477,-0.09874738672891015,-0.17042855535498502,-0.18899368815438977,-0.45514212675596444,0.8411299922846164,1.105223042442671,0.38109519313496093,0.18206951820415576,2007-10-31,2009-03-09,2010-11-04,420,4573,684,2.4317107437697847,75800865.13319807,,,,,,,,,,,,,,0.7863777089783281,0.0,37900.43256659903,,,,,,,,,,,,QLD_VOL20_TARGET30_weekly,QLD,weekly,20,0.3,pre_tax,0.0,pre-tax; no realized tax is charged
2006-06-21,2026-08-31,513577.4538321963,4.135774538321963,0.08439695517789092,0.10977504957414068,-0.254938492759776,-0.038988048824341814,-0.07193012374870678,-0.07553601364946694,-0.18307709867233124,0.7945340369817466,1.0136705804052668,0.3310483021385738,0.0700232761512732,2007-10-31,2009-03-09,2010-11-04,420,4587,1046,1.1167987512343875,5389989.455510094,,,,,,,,,,,,,,0.835820895522388,0.0,2694.9947277550473,,,,,,,,,,,,QLD_VOL40_TARGET10_weekly,QLD,weekly,40,0.1,pre_tax,0.0,pre-tax; no realized tax is charged
2006-06-21,2026-08-31,1064990.5363002787,9.649905363002787,0.12427572987718838,0.164480943639685,-0.3609801261313135,-0.05757116651271499,-0.10715065426631498,-0.11213449612250781,-0.2650490687482697,0.796139818134057,1.017444292990813,0.3442730523950803,0.10373992829276035,2007-10-31,2009-03-09,2010-11-04,420,4599,1035,1.604077181047443,12248392.937455693,,,,,,,,,,,,,,0.8244274809160306,0.0,6124.196468727845,,,,,,,,,,,,QLD_VOL40_TARGET15_weekly,QLD,weekly,40,0.15,pre_tax,0.0,pre-tax; no realized tax is charged
2006-06-21,2026-08-31,1960462.9056923657,18.604629056923656,0.15876650020347793,0.2173984214098188,-0.45432860975443323,-0.07672470642955942,-0.14186425890994536,-0.14794996059014254,-0.34088907308343575,0.7884494373559783,1.00951574273523,0.3494530099904824,0.13649835101295194,2007-10-31,2009-03-09,2010-12-10,445,4618,1007,1.9043600704333863,22465279.568074748,,,,,,,,,,,,,,0.8326848249027238,0.0,11232.639784037376,,,,,,,,,,,,QLD_VOL40_TARGET20_weekly,QLD,weekly,40,0.2,pre_tax,0.0,pre-tax; no realized tax is charged
2006-06-21,2026-08-31,3107979.795049815,30.07979795049815,0.1855110149828596,0.26408548750829836,-0.5361315760250241,-0.09585966736570017,-0.1760628025711637,-0.17089261801963496,-0.4108152102478607,0.7785769700082368,1.0017846692572094,0.3460177002784869,0.16693478611718646,2007-10-31,2009-03-09,2010-12-22,453,4604,877,1.7916555027562138,29555323.357591186,,,,,,,,,,,,,,0.8333333333333334,0.0,14777.661678795595,,,,,,,,,,,,QLD_VOL40_TARGET25_weekly,QLD,weekly,40,0.25,pre_tax,0.0,pre-tax; no realized tax is charged
2006-06-21,2026-08-31,4653423.7717231205,45.53423771723121,0.20944450812845483,0.30036212429900105,-0.6074878265894306,-0.11497595573177966,-0.20008456821571297,-0.20251475577570943,-0.4750660636568831,0.7856074668148181,1.0180327553059159,0.34477153115038056,0.19166254097213922,2007-10-31,2009-03-09,2011-01-03,460,4582,689,1.44084544490314,35895941.623059064,,,,,,,,,,,,,,0.85,0.0,17947.970811529533,,,,,,,,,,,,QLD_VOL40_TARGET30_weekly,QLD,weekly,40,0.3,pre_tax,0.0,pre-tax; no realized tax is charged
2006-06-21,2026-08-31,462007.1066784384,3.6200710667843836,0.07872947034684241,0.10869474609706083,-0.24308745972028623,-0.045908820298917075,-0.07979313903741392,-0.07118826713127857,-0.18219519687455865,0.7530314052389268,0.956460805302467,0.3238730226455703,0.0684004358948764,2007-10-31,2009-03-09,2010-04-22,283,4575,1042,0.763350654814942,3508474.359355304,,,,,,,,,,,,,,0.8875968992248062,0.0,1754.237179677652,,,,,,,,,,,,QLD_VOL60_TARGET10_weekly,QLD,weekly,60,0.1,pre_tax,0.0,pre-tax; no realized tax is charged
2006-06-21,2026-08-31,902910.9163223973,8.029109163223973,0.11512178998317446,0.16298883206291837,-0.345490731136768,-0.06882135928645727,-0.1187671315381964,-0.10569691318498331,-0.26399118956620193,0.7516562444177172,0.9550238094195213,0.333212383453499,0.10147999418330758,2007-10-31,2009-03-09,2010-11-02,418,4586,1032,1.0868948978494024,7526716.314000096,,,,,,,,,,,,,,0.8850574712643678,0.0,3763.3581570000474,,,,,,,,,,,,QLD_VOL60_TARGET15_weekly,QLD,weekly,60,0.15,pre_tax,0.0,pre-tax; no realized tax is charged
2006-06-21,2026-08-31,1599639.2404899066,14.996392404899066,0.147153720227992,0.21662595079167424,-0.4364067309988493,-0.09170576106959949,-0.1571117486533814,-0.1394802894349737,-0.33978505365355927,0.7438830358063706,0.9462855631034364,0.3371939747381669,0.13412333414796318,2007-10-31,2009-03-09,2010-11-04,420,4607,1015,1.3719069298206739,13745110.444115283,,,,,,,,,,,,,,0.8764705882352941,0.0,6872.555222057641,,,,,,,,,,,,QLD_VOL60_TARGET20_weekly,QLD,weekly,60,0.2,pre_tax,0.0,pre-tax; no realized tax is charged
2006-06-21,2026-08-31,2596643.5993244867,24.96643599324487,0.17500543048324846,0.2653170367185028,-0.5167682257039232,-0.11456185675134001,-0.19362944631615298,-0.16891805388721082,-0.40976282990568,0.7425913360129267,0.9471551603422987,0.33865362028569446,0.1645442350547375,2007-10-31,2009-03-09,2010-12-07,442,4604,902,1.344330419148459,19250591.9103998,,,,,,,,,,,,,,0.8861607142857143,0.0,9625.295955199901,,,,,,,,,,,,QLD_VOL60_TARGET25_weekly,QLD,weekly,60,0.25,pre_tax,0.0,pre-tax; no realized tax is charged
2006-06-21,2026-08-31,4070634.232075389,39.70634232075389,0.2014574332488943,0.303880999697547,-0.5874863778100244,-0.13738947616070352,-0.20008456821571297,-0.20015824735617838,-0.47413800534670536,0.7581637939338054,0.9769850976094209,0.34291422041114905,0.1870452564758697,2007-10-31,2009-03-09,2010-12-08,443,4573,713,1.095371321655619,24471594.039341073,,,,,,,,,,,,,,0.8728323699421965,0.0,12235.797019670536,,,,,,,,,,,,QLD_VOL60_TARGET30_weekly,QLD,weekly,60,0.3,pre_tax,0.0,pre-tax; no realized tax is charged
2006-06-21,2026-08-31,685431.4526837786,5.854314526837786,0.10000804082589942,0.12112606120770159,-0.24511823862961257,-0.05175051162728028,-0.07450824923222765,-0.12740031008504693,-0.17670116551932502,0.8492054603826423,1.0696727352615472,0.4079991818846952,0.06780956029443899,2007-10-31,2009-03-09,2010-04-15,278,4609,241,1.4094175225206071,7933609.411848145,,,,,,,,,,,,,,0.8,0.0,3966.8047059240726,,,,,,,,,,,,QLD_VOL20_TARGET10_monthly,QLD,monthly,20,0.1,pre_tax,0.0,pre-tax; no realized tax is charged
2006-06-21,2026-08-31,1584644.3798237867,14.846443798237866,0.1466188436701683,0.17840075173922124,-0.34923803947075605,-0.07016988674081304,-0.11003806687086715,-0.16967298846057188,-0.2582466617084507,0.8580308993662477,1.0923722815000905,0.4198249534682938,0.09941822194201537,2007-10-31,2009-03-09,2010-04-23,284,4606,238,1.9231407242837257,18509571.492246736,,,,,,,,,,,,,,0.7950819672131147,0.0,9254.785746123369,,,,,,,,,,,,QLD_VOL20_TARGET15_monthly,QLD,monthly,20,0.15,pre_tax,0.0,pre-tax; no realized tax is charged
2006-06-21,2026-08-31,3030362.4155536816,29.303624155536816,0.18402725376930462,0.22873373913519687,-0.44217271852472073,-0.08293883360325494,-0.14448821045406912,-0.16787658757060453,-0.33515032065065575,0.8549973178738608,1.0987091666006015,0.41618862055374894,0.12880356482885566,2007-10-31,2009-03-09,2010-10-26,413,4594,234,2.065028101229293,31212697.79223904,,,,,,,,,,,,,,0.8166666666666667,0.0,15606.34889611952,,,,,,,,,,,,QLD_VOL20_TARGET20_monthly,QLD,monthly,20,0.2,pre_tax,0.0,pre-tax; no realized tax is charged
2006-06-21,2026-08-31,5127921.014352251,50.279210143522505,0.21527366697864458,0.2718508129567018,-0.5247337344239948,-0.10735471804430696,-0.1779071568556807,-0.18521793839577483,-0.40736715567367643,0.8554325175250873,1.1083455122301746,0.4102531490851308,0.15595300539456336,2007-10-31,2009-03-09,2010-11-03,419,4582,217,1.8598012000661395,43187157.908986926,,,,,,,,,,,,,,0.8240740740740741,0.0,21593.578954493463,,,,,,,,,,,,QLD_VOL20_TARGET25_monthly,QLD,monthly,20,0.25,pre_tax,0.0,pre-tax; no realized tax is charged
2006-06-21,2026-08-31,7997498.6720349295,78.97498672034929,0.24231530238906074,0.30709193441285587,-0.5977134448790287,-0.1335683231001139,-0.20008456821571297,-0.22334821955870243,-0.4748788225197358,0.8625866592305023,1.1240118048475276,0.4054038008766943,0.17858910855564586,2007-10-31,2009-03-09,2010-11-04,420,4559,177,1.496840712436927,52893810.190585524,,,,,,,,,,,,,,0.8117647058823529,0.0,26446.90509529276,,,,,,,,,,,,QLD_VOL20_TARGET30_monthly,QLD,monthly,20,0.3,pre_tax,0.0,pre-tax; no realized tax is charged
2006-06-21,2026-08-31,525904.1132437292,4.259041132437292,0.08567131369497116,0.11345002374071056,-0.24766639476331032,-0.04558065294241842,-0.08896619626026347,-0.0887665434620104,-0.17961344055741602,0.7828055686248198,0.9897218002609575,0.34591416319055107,0.06963533729155057,2007-10-31,2009-03-09,2010-11-04,420,4582,240,0.6905704924406917,3489927.2723462377,,,,,,,,,,,,,,0.8968253968253969,0.0,1744.9636361731189,,,,,,,,,,,,QLD_VOL40_TARGET10_monthly,QLD,monthly,40,0.1,pre_tax,0.0,pre-tax; no realized tax is charged
2006-06-21,2026-08-31,1095745.19366556,9.957451936655602,0.12586177987624447,0.17076266920868932,-0.3522510412338823,-0.0696774867907366,-0.13099821335336437,-0.13346852490477357,-0.26171524431880855,0.781344261190939,0.9871424510082991,0.35730704850543415,0.10317627568461876,2007-10-31,2009-03-09,2010-12-17,450,4600,238,1.0276496040119736,8292763.415608785,,,,,,,,,,,,,,0.875,0.0,4146.381707804393,,,,,,,,,,,,QLD_VOL40_TARGET15_monthly,QLD,monthly,40,0.15,pre_tax,0.0,pre-tax; no realized tax is charged
2006-06-21,2026-08-31,1980340.8330939107,18.803408330939106,0.15934552038808714,0.22690358841449856,-0.4452748231609258,-0.09471319901181396,-0.1715140627431605,-0.17838340791462637,-0.33871118058499605,0.7670244448853397,0.9693260817814124,0.3578588146011085,0.13601696170742555,2007-10-31,2009-03-09,2011-01-05,462,4609,236,1.278453483857764,15586927.58627299,,,,,,,,,,,,,,0.8782608695652174,0.0,7793.463793136494,,,,,,,,,,,,QLD_VOL40_TARGET20_monthly,QLD,monthly,40,0.2,pre_tax,0.0,pre-tax; no realized tax is charged
2006-06-21,2026-08-31,3306991.7122836425,32.06991712283642,0.18916020265423783,0.2739134531641398,-0.5276517962258741,-0.12074375171730811,-0.20008456821571285,-0.19132231925617205,-0.41065117160900855,0.7716036207893361,0.9848553107588507,0.3584943783139577,0.16365656378965607,2007-10-31,2009-03-09,2011-01-06,463,4595,214,1.2717075711638228,22735368.80299348,,,,,,,,,,,,,,0.8932038834951457,0.0,11367.684401496743,,,,,,,,,,,,QLD_VOL40_TARGET25_monthly,QLD,monthly,40,0.25,pre_tax,0.0,pre-tax; no realized tax is charged
2006-06-21,2026-08-31,4858677.059791045,47.58677059791045,0.2120323072585173,0.3100391214583127,-0.6002678653792509,-0.1478296446920221,-0.20008456821571297,-0.23050086376852708,-0.4776141736617573,0.7775814946895826,1.0004885831374761,0.35322948218218325,0.18638474606609012,2007-10-31,2009-03-09,2011-01-10,465,4568,174,1.0334965161239078,26670832.027022634,,,,,,,,,,,,,,0.8658536585365854,0.0,13335.416013511318,,,,,,,,,,,,QLD_VOL40_TARGET30_monthly,QLD,monthly,40,0.3,pre_tax,0.0,pre-tax; no realized tax is charged
2006-06-21,2026-08-31,489939.9247865357,3.8993992478653565,0.08186976129085766,0.11104952327502549,-0.2269229038672692,-0.05448162781328225,-0.09726005285745953,-0.07614615914311962,-0.16796231554906116,0.7656409725988357,0.9646959539829725,0.36078227404821406,0.06711669448667848,2007-10-31,2009-03-09,2010-04-13,276,4563,239,0.5032059260467365,2429918.395055142,,,,,,,,,,,,,,0.9029850746268657,0.0,1214.9591975275712,,,,,,,,,,,,QLD_VOL60_TARGET10_monthly,QLD,monthly,60,0.1,pre_tax,0.0,pre-tax; no realized tax is charged
2006-06-21,2026-08-31,987106.9681271182,8.871069681271182,0.12005573128847535,0.16723982359700248,-0.32464616471619656,-0.08359603182525666,-0.142965700448629,-0.11448880311249177,-0.24546503008484954,0.7632414313213357,0.9612308116697559,0.3698048655323781,0.09937354902601792,2007-10-31,2009-03-09,2010-04-14,277,4574,238,0.741681085360323,5502206.972254615,,,,,,,,,,,,,,0.8955223880597015,0.0,2751.103486127308,,,,,,,,,,,,QLD_VOL60_TARGET15_monthly,QLD,monthly,60,0.15,pre_tax,0.0,pre-tax; no realized tax is charged
2006-06-21,2026-08-31,1831575.3074779122,17.31575307477912,0.1548709396544612,0.22331312474253734,-0.4127417993254914,-0.11407672873128094,-0.18687500875586316,-0.15300245293760095,-0.31861276879050726,0.7583548118335087,0.9555344301941103,0.3752247528783213,0.1308196265743391,2007-10-31,2009-03-09,2010-04-22,283,4580,236,0.9580616928091523,10686537.377725776,,,,,,,,,,,,,,0.889763779527559,0.0,5343.268688862888,,,,,,,,,,,,QLD_VOL60_TARGET20_monthly,QLD,monthly,60,0.2,pre_tax,0.0,pre-tax; no realized tax is charged
2006-06-21,2026-08-31,3141817.557849827,30.41817557849827,0.18614687467911906,0.2732576285240865,-0.4918471372552021,-0.14602220641575792,-0.20008456821571297,-0.17762314355350084,-0.3874047636028354,0.763485121955747,0.9694466061782495,0.3784648940277028,0.15728241398134635,2007-10-31,2009-03-09,2010-11-04,420,4572,218,0.9620435698473561,15627010.62248563,,,,,,,,,,,,,,0.9051724137931034,0.0,7813.505311242814,,,,,,,,,,,,QLD_VOL60_TARGET25_monthly,QLD,monthly,60,0.25,pre_tax,0.0,pre-tax; no realized tax is charged
2006-06-21,2026-08-31,4738788.800283534,46.387888002835346,0.21053370097019775,0.3128305671297667,-0.5625873483004742,-0.17954065167888666,-0.20008456821571297,-0.20323185238176478,-0.4518605378363042,0.769478464564618,0.9849694667327524,0.3742240233560195,0.17781967783585023,2007-10-31,2009-03-09,2010-11-04,420,4542,179,0.7806098546805328,19501137.032443754,,,,,,,,,,,,,,0.9247311827956989,0.0,9750.568516221878,,,,,,,,,,,,QLD_VOL60_TARGET30_monthly,QLD,monthly,60,0.3,pre_tax,0.0,pre-tax; no realized tax is charged
2006-06-21,2026-08-31,626638.0569938645,5.266380569938645,0.09513394741572778,0.12725742368771958,-0.2568977813765272,-0.06297902144541523,-0.13173052538659524,-0.1258519009198712,-0.19059794437634447,0.7793774409926866,0.9504509370760169,0.37031829121284965,0.07282212738158714,2007-10-31,2009-03-09,2010-04-15,278,4590,120,0.8259556791255477,4497080.306400828,,,,,,,,,,,,,,0.9,0.0,2248.5401532004144,,,,,,,,,,,,QLD_VOL20_TARGET10_bimonthly,QLD,bimonthly,20,0.1,pre_tax,0.0,pre-tax; no realized tax is charged
2006-06-21,2026-08-31,1258271.7866538973,11.582717866538973,0.1335988893908735,0.18585090765889953,-0.3683858639216945,-0.09421951008347051,-0.1896464900652166,-0.16767079676952457,-0.2813738594423715,0.769488623244372,0.9479473647136075,0.36266019539574895,0.1072669888577549,2007-10-31,2009-03-09,2010-10-28,415,4600,118,1.0836543645093157,9284994.62221605,,,,,,,,,,,,,,0.8947368421052632,0.0,4642.497311108025,,,,,,,,,,,,QLD_VOL20_TARGET15_bimonthly,QLD,bimonthly,20,0.15,pre_tax,0.0,pre-tax; no realized tax is charged
2006-06-21,2026-08-31,2384510.85890929,22.8451085890929,0.17005704478112627,0.23592092814983975,-0.46908572134155246,-0.10011206168084608,-0.20008456821571297,-0.1774930221341534,-0.3686378182999017,0.7856683778768279,0.9906466384258884,0.36252871712823614,0.1363184339359593,2007-10-31,2009-03-09,2010-11-08,422,4582,115,1.2240127433974881,16546781.482424721,,,,,,,,,,,,,,0.8909090909090909,0.0,8273.39074121236,,,,,,,,,,,,QLD_VOL20_TARGET20_bimonthly,QLD,bimonthly,20,0.2,pre_tax,0.0,pre-tax; no realized tax is charged
2006-06-21,2026-08-31,3986649.897349519,38.86649897349519,0.20021775527159047,0.27930867352915323,-0.5594308151769172,-0.10735471804430696,-0.20008456821571297,-0.18888411312620124,-0.4520370507010285,0.7951536038183956,1.0193410683793804,0.35789547132521227,0.16412306345789207,2007-10-31,2009-03-09,2011-01-03,460,4579,112,1.1826093113168583,24736198.11312177,,,,,,,,,,,,,,0.8909090909090909,0.0,12368.099056560884,,,,,,,,,,,,QLD_VOL20_TARGET25_bimonthly,QLD,bimonthly,20,0.25,pre_tax,0.0,pre-tax; no realized tax is charged
2006-06-21,2026-08-31,5620049.27550999,55.2004927550999,0.22080098935400905,0.31654929355852496,-0.6398923090334419,-0.1335683231001138,-0.20008456821571308,-0.22754538340522001,-0.5312458372698149,0.7906215740421982,1.0208280605777225,0.34505960805737645,0.1901983620882076,2007-10-31,2009-03-09,2011-01-14,469,4563,92,1.0096760904872195,28344287.967520136,,,,,,,,,,,,,,0.8888888888888888,0.0,14172.143983760068,,,,,,,,,,,,QLD_VOL20_TARGET30_bimonthly,QLD,bimonthly,20,0.3,pre_tax,0.0,pre-tax; no realized tax is charged
2006-06-21,2026-08-31,538612.1784340215,4.386121784340215,0.08695571931941593,0.11687023448025415,-0.23832788358585477,-0.06323870762637962,-0.13223064568434906,-0.07620831996040744,-0.1743740682671936,0.7734458514686715,0.96178782012311,0.3648575148282688,0.070225526009366,2007-10-31,2009-03-09,2010-04-14,277,4594,120,0.5237427813325154,2641771.035768591,,,,,,,,,,,,,,0.9322033898305084,0.0,1320.8855178842955,,,,,,,,,,,,QLD_VOL40_TARGET10_bimonthly,QLD,bimonthly,40,0.1,pre_tax,0.0,pre-tax; no realized tax is charged
2006-06-21,2026-08-31,1126576.0879747733,10.265760879747733,0.12740984753808848,0.17555554432193402,-0.34372829144152983,-0.09460698422669434,-0.19033741945377047,-0.11438076463546865,-0.2587457274109124,0.7726615147771806,0.9622447988895894,0.3706702378316207,0.103917823621775,2007-10-31,2009-03-09,2010-12-20,451,4601,119,0.7777120516863502,6142068.0546095325,,,,,,,,,,,,,,0.9285714285714286,0.0,3071.0340273047664,,,,,,,,,,,,QLD_VOL40_TARGET15_bimonthly,QLD,bimonthly,40,0.15,pre_tax,0.0,pre-tax; no realized tax is charged
2006-06-21,2026-08-31,2150583.7655546414,20.505837655546415,0.16408976604958392,0.2305838283245649,-0.44029326330405794,-0.10011206168084619,-0.20008456821571297,-0.15259884127863144,-0.34086900537299347,0.7761682398507882,0.9793184862664531,0.37268289053122927,0.13424284056379168,2007-10-31,2009-03-09,2011-01-10,465,4591,119,0.9423474198514685,11384995.993440043,,,,,,,,,,,,,,0.9122807017543859,0.0,5692.4979967200225,,,,,,,,,,,,QLD_VOL40_TARGET20_bimonthly,QLD,bimonthly,40,0.2,pre_tax,0.0,pre-tax; no realized tax is charged
2006-06-21,2026-08-31,3611848.5150145097,35.1184851501451,0.19436414045065153,0.27978932680539603,-0.5283113654516174,-0.12074375171730811,-0.20008456821571297,-0.19014373015430763,-0.4204798743580759,0.7767811657649243,0.9903292425293782,0.3678969508530313,0.16342973546740233,2007-10-31,2009-03-09,2011-01-14,469,4581,114,0.9733733262517402,16948193.41514082,,,,,,,,,,,,,,0.9433962264150944,0.0,8474.09670757041,,,,,,,,,,,,QLD_VOL40_TARGET25_bimonthly,QLD,bimonthly,40,0.25,pre_tax,0.0,pre-tax; no realized tax is charged
2006-06-21,2026-08-31,5015405.98916615,49.1540598916615,0.213939277011586,0.31807611290553994,-0.6080944323728152,-0.1478296446920222,-0.20008456821571297,-0.22921114493922967,-0.4973263604340151,0.7706730976607785,0.9903434246419761,0.3518191675868238,0.18808851312614736,2007-10-31,2009-03-09,2011-02-04,483,4565,95,0.8161111932122272,18526692.745283715,,,,,,,,,,,,,,0.9333333333333333,0.0,9263.346372641861,,,,,,,,,,,,QLD_VOL40_TARGET30_bimonthly,QLD,bimonthly,40,0.3,pre_tax,0.0,pre-tax; no realized tax is charged
2006-06-21,2026-08-31,471639.5312955837,3.7163953129558367,0.07983228428788447,0.1139629936610101,-0.22540748359601281,-0.05448162781328236,-0.10895420180943727,-0.07709103878360624,-0.1690580755017601,0.7323904863469298,0.9086756916808546,0.35416873927293424,0.0676014446427942,2007-10-31,2009-03-09,2010-03-23,262,4546,119,0.3876611721366685,1852810.8928031148,,,,,,,,,,,,,,0.9538461538461539,0.0,926.4054464015574,,,,,,,,,,,,QLD_VOL60_TARGET10_bimonthly,QLD,bimonthly,60,0.1,pre_tax,0.0,pre-tax; no realized tax is charged
2006-06-21,2026-08-31,941472.6832426079,8.414726832426078,0.11743353727958517,0.17131134447394977,-0.32563952244397254,-0.08359603182525677,-0.15795515282266492,-0.11584342193646013,-0.25035619826590705,0.7354459310463197,0.9150411006245438,0.3606243382198487,0.10011636984646351,2007-10-31,2009-03-09,2010-04-09,274,4556,119,0.5754013107803814,4179863.0001018136,,,,,,,,,,,,,,0.9180327868852459,0.0,2089.931500050907,,,,,,,,,,,,QLD_VOL60_TARGET15_bimonthly,QLD,bimonthly,60,0.15,pre_tax,0.0,pre-tax; no realized tax is charged
2006-06-21,2026-08-31,1736463.18415022,16.3646318415022,0.15182536864576646,0.22802525954657824,-0.41783538547753185,-0.11407672873128083,-0.20008456821571285,-0.1547246917201358,-0.3291375442156709,0.7357629033243543,0.9190060231161381,0.3633616824296719,0.1316006174347779,2007-10-31,2009-03-09,2010-04-14,277,4559,118,0.7390513337924312,7966459.752367485,,,,,,,,,,,,,,0.9122807017543859,0.0,3983.2298761837433,,,,,,,,,,,,QLD_VOL60_TARGET20_bimonthly,QLD,bimonthly,60,0.2,pre_tax,0.0,pre-tax; no realized tax is charged
2006-06-21,2026-08-31,2890873.441427129,27.90873441427129,0.18126755122450144,0.2796732183983815,-0.5022337047265397,-0.14602220641575814,-0.20008456821571274,-0.17498699684578567,-0.4051488563637635,0.7375200624438649,0.9302634950793544,0.3609227129095198,0.16005501173584383,2007-10-31,2009-03-09,2011-01-03,460,4555,113,0.7791521637602591,11839261.782558983,,,,,,,,,,,,,,0.9259259259259259,0.0,5919.630891279492,,,,,,,,,,,,QLD_VOL60_TARGET25_bimonthly,QLD,bimonthly,60,0.25,pre_tax,0.0,pre-tax; no realized tax is charged
2006-06-21,2026-08-31,4202797.990555809,41.02797990555809,0.20335989060487725,0.3213779189477208,-0.5790944561996818,-0.17954065167888666,-0.20008456821571274,-0.20369314227890267,-0.478152314245472,0.7388564624718162,0.9385955644984572,0.3511687746752582,0.1843177334440521,2007-10-31,2009-03-09,2011-01-05,462,4537,97,0.6707718975106852,14545610.598267032,,,,,,,,,,,,,,0.9130434782608695,0.0,7272.805299133516,,,,,,,,,,,,QLD_VOL60_TARGET30_bimonthly,QLD,bimonthly,60,0.3,pre_tax,0.0,pre-tax; no realized tax is charged
2006-06-21,2026-08-31,498147.2820258227,3.981472820258227,0.08276013226373435,0.14684605071893947,-0.3471118270282313,-0.13778522772437674,-0.1411315329795163,-0.1281144940160811,-0.16425866365231545,0.6164845210498711,0.7001149810205912,0.23842498532037432,0.10288643437993887,2020-02-19,2020-03-20,2023-12-19,944,4650,80,0.5747896271386671,2781908.6367882127,,,,,,,,,,,,,,0.8974358974358975,0.0,1390.9543183941064,,,,,,,,,,,,QLD_VOL20_TARGET10_quarterly,QLD,quarterly,20,0.1,pre_tax,0.0,pre-tax; no realized tax is charged
2006-06-21,2026-08-31,914645.887731351,8.14645887731351,0.11583507081317879,0.22060032423032136,-0.49160922696578735,-0.22464693502121136,-0.23010279724699545,-0.19762262626954474,-0.23926588339847388,0.6094373716407385,0.694186318589182,0.23562428135882021,0.1526444810366377,2020-02-19,2020-03-20,2024-01-19,964,4651,80,0.8051452276640579,5769182.294893919,,,,,,,,,,,,,,0.8947368421052632,0.0,2884.59114744696,,,,,,,,,,,,QLD_VOL20_TARGET15_quarterly,QLD,quarterly,20,0.15,pre_tax,0.0,pre-tax; no realized tax is charged
2006-06-21,2026-08-31,1659646.6511048225,15.596466511048224,0.14924758432315355,0.26872128566476583,-0.517154219036865,-0.2428099192840193,-0.2487068947604142,-0.2112204161550858,-0.30971365964655884,0.6545367362177417,0.7745929015551756,0.2885939606199259,0.16470220880158792,2020-02-19,2020-03-20,2023-07-18,836,4631,77,0.8706236291642953,9145378.25921873,,,,,,,,,,,,,,0.8611111111111112,0.0,4572.689129609365,,,,,,,,,,,,QLD_VOL20_TARGET20_quarterly,QLD,quarterly,20,0.2,pre_tax,0.0,pre-tax; no realized tax is charged
2006-06-21,2026-08-31,2897837.9819690157,27.978379819690158,0.18140831283963288,0.30489632484579626,-0.517154219036865,-0.2428099192840193,-0.2487068947604143,-0.2112204161550857,-0.3757433526385179,0.7017751920360572,0.8599975508579325,0.3507818483575038,0.17565679749844346,2020-02-19,2020-03-20,2021-11-03,410,4598,75,0.8108357303512561,12592860.138911327,,,,,,,,,,,,,,0.9166666666666666,0.0,6296.430069455664,,,,,,,,,,,,QLD_VOL20_TARGET25_quarterly,QLD,quarterly,20,0.25,pre_tax,0.0,pre-tax; no realized tax is charged
2006-06-21,2026-08-31,4313112.524006166,42.13112524006166,0.20490478717925087,0.3293997735651208,-0.5743577728771971,-0.2428099192840193,-0.2487068947604143,-0.2112204161550857,-0.43749623416483496,0.7331804317061652,0.9209384845722891,0.35675461681801135,0.18840216330863346,2007-10-31,2009-03-09,2010-12-10,445,4571,62,0.6473456457512626,13299473.47045851,,,,,,,,,,,,,,0.9310344827586207,0.0,6649.736735229255,,,,,,,,,,,,QLD_VOL20_TARGET30_quarterly,QLD,quarterly,20,0.3,pre_tax,0.0,pre-tax; no realized tax is charged
2006-06-21,2026-08-31,393176.61051038455,2.9317661051038453,0.07014644773325895,0.13578477251569765,-0.3483800105685052,-0.13844821332547508,-0.14181062010497736,-0.12867500227228457,-0.16980820336351066,0.5686617474407664,0.6441800680972014,0.2013503806340387,0.09451471684584226,2020-02-19,2020-03-20,2024-01-18,963,4660,80,0.39896621793334863,1727002.4579090101,,,,,,,,,,,,,,0.8611111111111112,0.0,863.5012289545051,,,,,,,,,,,,QLD_VOL40_TARGET10_quarterly,QLD,quarterly,40,0.1,pre_tax,0.0,pre-tax; no realized tax is charged
2006-06-21,2026-08-31,688888.8735358951,5.888888735358951,0.10028214425530968,0.20845581978327768,-0.49330474938202407,-0.2258223473414508,-0.23130675608480522,-0.19851187131586534,-0.2469821455521899,0.5649053916204397,0.6392574669577612,0.20328639523729658,0.14214025603139635,2020-02-19,2020-03-20,2024-01-24,967,4664,80,0.6048189414420168,3643435.7817408815,,,,,,,,,,,,,,0.8648648648648649,0.0,1821.7178908704407,,,,,,,,,,,,QLD_VOL40_TARGET15_quarterly,QLD,quarterly,40,0.15,pre_tax,0.0,pre-tax; no realized tax is charged
2006-06-21,2026-08-31,1227314.0290856655,11.273140290856654,0.13220138211655752,0.26265257222027244,-0.517154219036865,-0.2428099192840193,-0.2487068947604143,-0.2112204161550857,-0.31922218663442825,0.6064605785159775,0.7113131582770138,0.2556324153417254,0.15755754866590116,2020-02-19,2020-03-20,2021-11-19,422,4650,80,0.7561991494687034,6374648.190763456,,,,,,,,,,,,,,0.8611111111111112,0.0,3187.3240953817276,,,,,,,,,,,,QLD_VOL40_TARGET20_quarterly,QLD,quarterly,40,0.2,pre_tax,0.0,pre-tax; no realized tax is charged
2006-06-21,2026-08-31,2295367.1809044927,21.953671809044927,0.16785155391314244,0.30125222537992746,-0.517154219036865,-0.2428099192840193,-0.2487068947604143,-0.2112204161550857,-0.3866926948516387,0.66819838759704,0.8121419823380961,0.3245676970899415,0.17112731892368407,2020-02-19,2020-03-20,2021-08-30,364,4622,77,0.7649679415999893,9444196.890864542,,,,,,,,,,,,,,0.8823529411764706,0.0,4722.098445432271,,,,,,,,,,,,QLD_VOL40_TARGET25_quarterly,QLD,quarterly,40,0.25,pre_tax,0.0,pre-tax; no realized tax is charged
2006-06-21,2026-08-31,3457628.8279175544,33.57628827917554,0.19178610817164654,0.32705384800166687,-0.5486565791293354,-0.2428099192840193,-0.2487068947604143,-0.2112204161550857,-0.44955781152467755,0.702583613562379,0.8729174478273406,0.3495558341357948,0.184193636465739,2007-10-31,2009-03-09,2011-01-12,467,4587,63,0.6285858842806265,10183779.737874411,,,,,,,,,,,,,,0.8928571428571429,0.0,5091.8898689372045,,,,,,,,,,,,QLD_VOL40_TARGET30_quarterly,QLD,quarterly,40,0.3,pre_tax,0.0,pre-tax; no realized tax is charged
2006-06-21,2026-08-31,403793.1233438326,3.037931233438326,0.07155929366554026,0.12525304419298394,-0.2889710871430393,-0.10894906190748987,-0.11159504090266115,-0.10325481943914039,-0.18088541436559447,0.6158104042129953,0.7230336300950908,0.2476347871789635,0.08137722703091242,2020-02-19,2020-03-20,2021-11-03,410,4630,80,0.34665628893874784,1530260.3350739407,,,,,,,,,,,,,,0.8717948717948718,0.0,765.1301675369704,,,,,,,,,,,,QLD_VOL60_TARGET10_quarterly,QLD,quarterly,60,0.1,pre_tax,0.0,pre-tax; no realized tax is charged
2006-06-21,2026-08-31,727294.851006287,6.272948510062871,0.10324201399017996,0.18984253060523298,-0.41312733731216056,-0.1744576851393157,-0.17869463185866197,-0.15840356452693294,-0.2625173204499208,0.614286984191779,0.7207204119468255,0.24990361243552833,0.12049518066400651,2020-02-19,2020-03-20,2021-11-04,411,4637,80,0.5171005447855175,3241748.4836682687,,,,,,,,,,,,,,0.868421052631579,0.0,1620.8742418341344,,,,,,,,,,,,QLD_VOL60_TARGET15_quarterly,QLD,quarterly,60,0.15,pre_tax,0.0,pre-tax; no realized tax is charged
2006-06-21,2026-08-31,1214204.195608172,11.142041956081721,0.13159944808194912,0.25535473194453967,-0.517154219036865,-0.2428099192840193,-0.2487068947604143,-0.2112204161550857,-0.33854362820804285,0.6142536551924143,0.7226374983313942,0.2544684800735777,0.1576616621799496,2020-02-19,2020-03-20,2021-11-18,421,4644,80,0.6712395708459884,5788191.582182136,,,,,,,,,,,,,,0.868421052631579,0.0,2894.0957910910683,,,,,,,,,,,,QLD_VOL60_TARGET20_quarterly,QLD,quarterly,60,0.2,pre_tax,0.0,pre-tax; no realized tax is charged
2006-06-21,2026-08-31,2055199.6059715496,19.551996059715496,0.1614775933183732,0.2972235331560004,-0.517154219036865,-0.2428099192840193,-0.2487068947604143,-0.2112204161550857,-0.40916519878879043,0.6547172078462256,0.7947709647019839,0.31224262971131705,0.17790390726784486,2020-02-19,2020-03-20,2021-08-30,364,4627,76,0.6797680504853081,8292970.023802578,,,,,,,,,,,,,,0.8484848484848485,0.0,4146.485011901291,,,,,,,,,,,,QLD_VOL60_TARGET25_quarterly,QLD,quarterly,60,0.25,pre_tax,0.0,pre-tax; no realized tax is charged
2006-06-21,2026-08-31,3099974.964218213,29.99974964218213,0.18535963061516902,0.3301528923178897,-0.5690109411367923,-0.2428099192840193,-0.2487068947604142,-0.2112204161550858,-0.47458739293465924,0.6826640759569018,0.8467263546357323,0.325757586040174,0.19442743950762548,2007-10-31,2008-11-20,2011-01-18,542,4596,69,0.5908412699947391,10131563.792350851,,,,,,,,,,,,,,0.9,0.0,5065.781896175425,,,,,,,,,,,,QLD_VOL60_TARGET30_quarterly,QLD,quarterly,60,0.3,pre_tax,0.0,pre-tax; no realized tax is charged
