start,end,ending_value,total_return,cagr,annualized_volatility,max_drawdown,worst_day,worst_week,worst_month,worst_calendar_year,sharpe,sortino,calmar,ulcer_index,max_drawdown_start,max_drawdown_trough,recovery_date,recovery_trading_days,time_under_water_days,number_of_trades,annual_turnover,gross_traded_notional,average_holding_period_days,mean_holding_period_days,median_holding_period_days,max_holding_period_days,mean_holding_trading_days,median_holding_trading_days,max_holding_trading_days,mean_holding_calendar_days,median_holding_calendar_days,max_holding_calendar_days,mean_holding_days,median_holding_days,max_holding_days,win_rate,tax_paid,transaction_costs,terminal_liquidation_wealth,terminal_liquidation_tax,terminal_liquidation_cost,terminal_unrealized_gain_after_cost,terminal_loss_pool_before_liquidation,terminal_liquidation_cagr,after_tax_wealth_tax_paid_to_date,after_tax_tax_paid_to_date,after_tax_terminal_liquidation,after_tax_cagr_tax_paid_to_date,after_tax_cagr_terminal_liquidation,strategy,asset,frequency,vol_window,target_vol,tax_mode,cumulative_realized_tax_paid,tax_semantics
2006-06-21,2026-08-31,465427.312921317,3.65427312921317,0.07912353022808105,0.10520920557363019,-0.26313168240369655,-0.04606341127161673,-0.08075172576908995,-0.07789419993452573,-0.15644450619974082,0.777921360519003,0.9875930020233509,0.30069936658820795,0.07063442294386914,2007-07-19,2009-03-09,2010-12-28,456,4568,805,2.921289187036213,13263934.697707813,,,,,,,,,,,,,,0.7590673575129534,0.0,6631.9673488539065,,,,,,,,,,,,SPY_VOL20_TARGET10_weekly,SPY,weekly,20,0.1,pre_tax,0.0,pre-tax; no realized tax is charged
2006-06-21,2026-08-31,667705.1729540265,5.677051729540265,0.0985817297550402,0.1341579266642602,-0.3601803315403257,-0.05139639047684608,-0.11161092472121659,-0.07926357558715946,-0.2227840433417957,0.7694513136231719,0.984302452512356,0.2737010356269357,0.09532273175037694,2007-10-09,2009-03-09,2011-01-14,469,4496,470,1.652332278625009,8406294.993733047,,,,,,,,,,,,,,0.7869565217391304,0.0,4203.147496866524,,,,,,,,,,,,SPY_VOL20_TARGET15_weekly,SPY,weekly,20,0.15,pre_tax,0.0,pre-tax; no realized tax is charged
2006-06-21,2026-08-31,805153.9297465893,7.051539297465892,0.10881209542437609,0.15229320092922172,-0.4064381137836949,-0.06224851603484194,-0.1116109247212167,-0.10724552413436961,-0.247257601353151,0.7559364490627616,0.9584032796144404,0.26772118985446713,0.10075912565776442,2007-10-09,2009-03-09,2011-01-03,460,4459,258,0.9108439241661854,4928229.637431958,,,,,,,,,,,,,,0.8048780487804879,0.0,2464.114818715979,,,,,,,,,,,,SPY_VOL20_TARGET20_weekly,SPY,weekly,20,0.2,pre_tax,0.0,pre-tax; no realized tax is charged
2006-06-21,2026-08-31,854205.3815760685,7.542053815760685,0.11206395139900138,0.163374897400753,-0.44162464853016203,-0.0771582299257424,-0.1116109247212167,-0.13434602224477477,-0.26230216706894727,0.7333586901552938,0.921142990663698,0.25375384225490677,0.10366745237882363,2007-10-09,2009-03-09,2011-01-26,476,4440,134,0.5281056769789642,2817582.4285192927,,,,,,,,,,,,,,0.7741935483870968,0.0,1408.7912142596465,,,,,,,,,,,,SPY_VOL20_TARGET25_weekly,SPY,weekly,20,0.25,pre_tax,0.0,pre-tax; no realized tax is charged
2006-06-21,2026-08-31,856982.594347803,7.56982594347803,0.1122427136414903,0.17060698057028809,-0.4813476100040919,-0.09000621162379474,-0.12524959397336888,-0.1475014478483312,-0.28490349994143727,0.7103092307805421,0.8839548900762124,0.23318431692334804,0.11063471726416733,2007-10-09,2009-03-09,2011-04-26,538,4440,78,0.311447975764623,1594226.9724252406,,,,,,,,,,,,,,0.6486486486486487,0.0,797.1134862126202,,,,,,,,,,,,SPY_VOL20_TARGET30_weekly,SPY,weekly,20,0.3,pre_tax,0.0,pre-tax; no realized tax is charged
2006-06-21,2026-08-31,433482.92380789784,3.334829238078979,0.07533066585898585,0.1066504966884299,-0.25496745502859786,-0.041822876236588535,-0.10165643151909065,-0.06931322740793755,-0.15670424905287894,0.7357720628185931,0.9172260095260656,0.29545208368078407,0.0720721246982206,2007-07-19,2009-03-09,2011-01-18,470,4581,854,1.7635367752519366,7592759.09976332,,,,,,,,,,,,,,0.8098591549295775,0.0,3796.3795498816608,,,,,,,,,,,,SPY_VOL40_TARGET10_weekly,SPY,weekly,40,0.1,pre_tax,0.0,pre-tax; no realized tax is charged
2006-06-21,2026-08-31,660666.2090497139,5.606662090497139,0.0980053469409452,0.13703695865954718,-0.35440513503464144,-0.0598120200561032,-0.1116109247212167,-0.10340524243450211,-0.22861849358722508,0.7523181424513452,0.9507515357476933,0.276534782520478,0.09552957380650556,2007-07-19,2009-03-09,2011-01-14,469,4507,453,0.9170576973299012,4521201.9032532135,,,,,,,,,,,,,,0.84,0.0,2260.6009516266067,,,,,,,,,,,,SPY_VOL40_TARGET15_weekly,SPY,weekly,40,0.15,pre_tax,0.0,pre-tax; no realized tax is charged
2006-06-21,2026-08-31,748017.1018534488,6.480171018534488,0.10477788186899217,0.1559139525635316,-0.4101238453338555,-0.0786027026283932,-0.11161092472121659,-0.13677389484353097,-0.2763674720219983,0.7185563503623841,0.8985174560350162,0.2554786391015602,0.1046203615062989,2007-10-09,2009-03-09,2011-01-14,469,4480,250,0.5339062520954629,2785453.1061670994,,,,,,,,,,,,,,0.8416666666666667,0.0,1392.7265530835496,,,,,,,,,,,,SPY_VOL40_TARGET20_weekly,SPY,weekly,40,0.2,pre_tax,0.0,pre-tax; no realized tax is charged
2006-06-21,2026-08-31,808745.3824724244,7.0874538247242445,0.10905649450043664,0.16734436694665136,-0.4510945213652482,-0.0985951811705228,-0.13711388623459253,-0.15396069333686635,-0.30075170276976915,0.7036858835011537,0.8721647096594661,0.24175974066449443,0.1092714310897214,2007-10-09,2009-03-09,2011-02-08,485,4448,135,0.31207803563054937,1690410.8132379518,,,,,,,,,,,,,,0.7419354838709677,0.0,845.2054066189758,,,,,,,,,,,,SPY_VOL40_TARGET25_weekly,SPY,weekly,40,0.25,pre_tax,0.0,pre-tax; no realized tax is charged
2006-06-21,2026-08-31,813836.5599567841,7.138365599567841,0.10940118831177403,0.174166192460331,-0.4943292686445667,-0.10763994283197165,-0.16414469698866052,-0.15914266338164818,-0.33126074961118135,0.6846251615343045,0.8418710545901886,0.22131238276007448,0.11679775758873596,2007-10-09,2009-03-09,2012-02-08,737,4449,73,0.21078120661146016,1032403.6023074962,,,,,,,,,,,,,,0.5405405405405406,0.0,516.2018011537481,,,,,,,,,,,,SPY_VOL40_TARGET30_weekly,SPY,weekly,40,0.3,pre_tax,0.0,pre-tax; no realized tax is charged
2006-06-21,2026-08-31,426338.8202718649,3.263388202718649,0.07444613706530823,0.10727520987375509,-0.24068665364245,-0.04694660714236398,-0.11094204426802867,-0.08086271325379368,-0.15594098767005915,0.7244304357382655,0.8961681236322473,0.30930729202750495,0.07031669372140721,2007-07-19,2009-03-09,2010-12-22,453,4583,900,1.3354337078882013,5792266.125890388,,,,,,,,,,,,,,0.8777292576419214,0.0,2896.133062945194,,,,,,,,,,,,SPY_VOL60_TARGET10_weekly,SPY,weekly,60,0.1,pre_tax,0.0,pre-tax; no realized tax is charged
2006-06-21,2026-08-31,660798.6842106511,5.607986842106511,0.09801624840307555,0.14017894143853474,-0.3299649676041435,-0.07071147751816498,-0.11161092472121659,-0.1235142862976798,-0.22836221213360153,0.7386550069774367,0.9239911450579127,0.29705046906877974,0.0901165726134843,2007-10-09,2009-03-09,2010-12-21,452,4513,456,0.712716643314828,3617893.3534097224,,,,,,,,,,,,,,0.8807339449541285,0.0,1808.9466767048611,,,,,,,,,,,,SPY_VOL60_TARGET15_weekly,SPY,weekly,60,0.15,pre_tax,0.0,pre-tax; no realized tax is charged
2006-06-21,2026-08-31,745320.3758311366,6.453203758311366,0.1045803146979214,0.15893695073585615,-0.40725020883233143,-0.09467451986513942,-0.1230630217546238,-0.15044131287137275,-0.2897051983661296,0.7067661917643401,0.8772084896634799,0.256796221167754,0.10481888236096168,2007-10-09,2009-03-09,2011-01-14,469,4478,246,0.4100417867946633,2170330.9138735617,,,,,,,,,,,,,,0.8487394957983193,0.0,1085.1654569367806,,,,,,,,,,,,SPY_VOL60_TARGET20_weekly,SPY,weekly,60,0.2,pre_tax,0.0,pre-tax; no realized tax is charged
2006-06-21,2026-08-31,802066.0132146791,7.020660132146791,0.10860113221512369,0.16941284591684788,-0.4504581671510023,-0.10767750660899555,-0.1534839542343318,-0.15899867581527583,-0.3210223205689483,0.694722889055356,0.8581847152164255,0.24109038338008085,0.1101891412089468,2007-10-09,2009-03-09,2011-02-07,484,4453,132,0.2438531947530085,1302895.0872778888,,,,,,,,,,,,,,0.746031746031746,0.0,651.4475436389444,,,,,,,,,,,,SPY_VOL60_TARGET25_weekly,SPY,weekly,60,0.25,pre_tax,0.0,pre-tax; no realized tax is charged
2006-06-21,2026-08-31,835576.5516961875,7.355765516961874,0.1108503823008764,0.17559224414478725,-0.4862610290124094,-0.1082265880659764,-0.18121513994395033,-0.16272598118355475,-0.3454613534736971,0.6878768803351717,0.848857614793702,0.22796476724859538,0.11435799428586658,2007-10-09,2009-03-09,2011-04-26,538,4444,80,0.1610787849823692,742665.7239738549,,,,,,,,,,,,,,0.6,0.0,371.33286198692747,,,,,,,,,,,,SPY_VOL60_TARGET30_weekly,SPY,weekly,60,0.3,pre_tax,0.0,pre-tax; no realized tax is charged
2006-06-21,2026-08-31,521025.1615343876,4.210251615343876,0.08517034593692596,0.11061067256675684,-0.2530180359967703,-0.041822876236588646,-0.09356265583518786,-0.06910446663710457,-0.1593206587682029,0.7958283865919524,1.0028867432523831,0.3366176865668704,0.06651102342060648,2007-07-19,2009-03-09,2011-01-03,460,4542,213,1.9609775340138094,9228577.467150517,,,,,,,,,,,,,,0.8446601941747572,0.0,4614.288733575259,,,,,,,,,,,,SPY_VOL20_TARGET10_monthly,SPY,monthly,20,0.1,pre_tax,0.0,pre-tax; no realized tax is charged
2006-06-21,2026-08-31,758904.3200767902,6.589043200767902,0.10556867620039445,0.1404666444103108,-0.34992972565759906,-0.06353726161053264,-0.11161092472121681,-0.08357573642683802,-0.22412875918946717,0.7862889450144569,0.996856367867809,0.3016853626881982,0.08883670582433406,2007-07-19,2009-03-09,2011-01-03,460,4460,127,1.0622825611736455,5737301.790795537,,,,,,,,,,,,,,0.8666666666666667,0.0,2868.6508953977677,,,,,,,,,,,,SPY_VOL20_TARGET15_monthly,SPY,monthly,20,0.15,pre_tax,0.0,pre-tax; no realized tax is charged
2006-06-21,2026-08-31,857326.2167236528,7.573262167236528,0.1122647934639538,0.15916074060181462,-0.4081731024198818,-0.08651254812252762,-0.1150013848046777,-0.09958608189271145,-0.2642314717518026,0.7496009137927689,0.9381364482866177,0.2750421152162756,0.09916101131370092,2007-10-09,2009-03-09,2011-01-03,460,4440,68,0.6610541099204961,3643278.0546401786,,,,,,,,,,,,,,0.84375,0.0,1821.6390273200893,,,,,,,,,,,,SPY_VOL20_TARGET20_monthly,SPY,monthly,20,0.2,pre_tax,0.0,pre-tax; no realized tax is charged
2006-06-21,2026-08-31,888270.0741872976,7.882700741872975,0.11421942528512585,0.17082422415256707,-0.44121347183769566,-0.10942366260333958,-0.1454571967058621,-0.1248710290217191,-0.2754434373531426,0.7200361496005546,0.8914192261114069,0.25887565220842235,0.10304608171564647,2007-10-09,2009-03-09,2011-01-05,462,4425,41,0.3998524942282906,2262142.8850658843,,,,,,,,,,,,,,0.7777777777777778,0.0,1131.0714425329425,,,,,,,,,,,,SPY_VOL20_TARGET25_monthly,SPY,monthly,20,0.25,pre_tax,0.0,pre-tax; no realized tax is charged
2006-06-21,2026-08-31,911616.2385340543,8.116162385340543,0.11565175780950043,0.17610787127931246,-0.47269863612513974,-0.10942366260333969,-0.145457196705862,-0.1248710290217192,-0.287275439731733,0.7109214423622152,0.881998407599517,0.24466277025365354,0.10598925653237953,2007-10-09,2009-03-09,2011-02-01,480,4424,23,0.26433292082727045,1456055.6761792055,,,,,,,,,,,,,,0.6,0.0,728.0278380896027,,,,,,,,,,,,SPY_VOL20_TARGET30_monthly,SPY,monthly,20,0.3,pre_tax,0.0,pre-tax; no realized tax is charged
2006-06-21,2026-08-31,467936.30125080596,3.67936301250806,0.07941085767015887,0.11207582916693842,-0.2534743419451697,-0.053739403918689255,-0.11161092472121659,-0.07916587145874054,-0.16105043360373061,0.7393069746388294,0.916983253290153,0.31328953084859623,0.0729993418330171,2007-07-19,2009-03-09,2011-02-07,484,4555,214,1.3275009291813726,5981867.900935002,,,,,,,,,,,,,,0.8918918918918919,0.0,2990.9339504675013,,,,,,,,,,,,SPY_VOL40_TARGET10_monthly,SPY,monthly,40,0.1,pre_tax,0.0,pre-tax; no realized tax is charged
2006-06-21,2026-08-31,678804.3784979641,5.788043784979641,0.09947895454179045,0.14433850618797855,-0.34401254301111983,-0.08278986762177953,-0.1116109247212167,-0.0953789501081207,-0.23202129000685978,0.7306802521680938,0.9109388928795594,0.28917246351268916,0.09237581156845653,2007-07-19,2009-03-09,2011-02-01,480,4497,119,0.7216857461686134,3681688.0124707976,,,,,,,,,,,,,,0.9032258064516129,0.0,1840.8440062353989,,,,,,,,,,,,SPY_VOL40_TARGET15_monthly,SPY,monthly,40,0.15,pre_tax,0.0,pre-tax; no realized tax is charged
2006-06-21,2026-08-31,760278.2726912806,6.602782726912806,0.10566770611063081,0.16379785774277714,-0.40421166011280607,-0.10942366260333969,-0.145457196705862,-0.1248710290217191,-0.2769499269542628,0.6965917492637752,0.8579175979800281,0.2614167688313133,0.10270772045596117,2007-10-09,2009-03-09,2011-02-01,480,4478,69,0.4221330701974144,2293778.3931751736,,,,,,,,,,,,,,0.8888888888888888,0.0,1146.8891965875866,,,,,,,,,,,,SPY_VOL40_TARGET20_monthly,SPY,monthly,40,0.2,pre_tax,0.0,pre-tax; no realized tax is charged
2006-06-21,2026-08-31,821048.9837267768,7.210489837267767,0.10988600718390873,0.1720594111427491,-0.4426154949531995,-0.10942366260333969,-0.1454571967058621,-0.1248710290217192,-0.2998188216573636,0.6933671365807262,0.8570605105376875,0.24826516115421504,0.10726332797636633,2007-10-09,2009-03-09,2011-02-08,485,4447,38,0.24886259808986386,1421841.017140563,,,,,,,,,,,,,,0.7647058823529411,0.0,710.9205085702815,,,,,,,,,,,,SPY_VOL40_TARGET25_monthly,SPY,monthly,40,0.25,pre_tax,0.0,pre-tax; no realized tax is charged
2006-06-21,2026-08-31,842392.7033704929,7.4239270337049295,0.1112973744334298,0.17784841642142085,-0.4765992909158071,-0.10942366260333947,-0.1577343132690866,-0.13409411319361852,-0.31953423103033374,0.6836052213257692,0.8449070004973581,0.23352400340245336,0.11121260410468053,2007-10-09,2009-03-09,2011-02-17,492,4440,22,0.17900686227976909,966532.1097031303,,,,,,,,,,,,,,0.6,0.0,483.2660548515651,,,,,,,,,,,,SPY_VOL40_TARGET30_monthly,SPY,monthly,40,0.3,pre_tax,0.0,pre-tax; no realized tax is charged
2006-06-21,2026-08-31,473137.1752964419,3.731371752964419,0.08000182323765093,0.1127414442134283,-0.251546720600611,-0.0637960045775039,-0.1116109247212167,-0.07916587145874066,-0.15121692318148994,0.7404753142102247,0.910806651925476,0.31803961922712737,0.06963086112206837,2020-02-19,2020-03-23,2021-07-01,322,4550,217,1.0256282525776839,4606664.5589714,,,,,,,,,,,,,,0.908256880733945,0.0,2303.3322794857004,,,,,,,,,,,,SPY_VOL60_TARGET10_monthly,SPY,monthly,60,0.1,pre_tax,0.0,pre-tax; no realized tax is charged
2006-06-21,2026-08-31,698843.8403930643,5.988438403930643,0.1010641304809694,0.1485552489622979,-0.31782565845640176,-0.09878297750185183,-0.13131250268750438,-0.11325603719539301,-0.22082906006762637,0.7238410816112639,0.8913834569963144,0.31798606497603793,0.08693374857760973,2020-02-19,2020-03-23,2021-04-13,266,4496,109,0.5869826370105948,3041030.261044787,,,,,,,,,,,,,,0.8909090909090909,0.0,1520.5151305223933,,,,,,,,,,,,SPY_VOL60_TARGET15_monthly,SPY,monthly,60,0.15,pre_tax,0.0,pre-tax; no realized tax is charged
2006-06-21,2026-08-31,784399.7051573701,6.843997051573701,0.10737914061157428,0.16511289608598284,-0.3978159736432001,-0.10942366260333969,-0.1454571967058621,-0.1248710290217191,-0.2882790212989528,0.7017213458482909,0.8648200514690118,0.26992164147707726,0.10158162746290982,2007-10-09,2009-03-09,2011-01-12,467,4465,66,0.35780589824492115,1953858.924105063,,,,,,,,,,,,,,0.8181818181818182,0.0,976.9294620525317,,,,,,,,,,,,SPY_VOL60_TARGET20_monthly,SPY,monthly,60,0.2,pre_tax,0.0,pre-tax; no realized tax is charged
2006-06-21,2026-08-31,846486.0719956743,7.464860719956743,0.11156416161221383,0.17313786215713414,-0.43555947001577344,-0.10942366260333958,-0.148902693498688,-0.12719082090364064,-0.31481247379048694,0.6988220771540519,0.865705551887411,0.2561399057818066,0.10544608716890135,2007-10-09,2009-03-09,2011-01-14,469,4440,36,0.21259383822624237,1217201.8261444094,,,,,,,,,,,,,,0.7222222222222222,0.0,608.6009130722048,,,,,,,,,,,,SPY_VOL60_TARGET25_monthly,SPY,monthly,60,0.25,pre_tax,0.0,pre-tax; no realized tax is charged
2006-06-21,2026-08-31,870978.8579466228,7.7097885794662275,0.11313532138822802,0.1794644005183311,-0.4686784707796713,-0.10942366260333958,-0.17989256218351768,-0.15129912453472938,-0.3373748288665279,0.6882045117436068,0.85310829520643,0.24139218769750925,0.10924988761943188,2007-10-09,2009-03-09,2011-02-07,484,4436,23,0.14598848714474752,729970.551461727,,,,,,,,,,,,,,0.6153846153846154,0.0,364.9852757308635,,,,,,,,,,,,SPY_VOL60_TARGET30_monthly,SPY,monthly,60,0.3,pre_tax,0.0,pre-tax; no realized tax is charged
2006-06-21,2026-08-31,498879.008481946,3.9887900848194597,0.08283883495386735,0.11553090250009224,-0.2853902399998056,-0.0449120618205342,-0.1116109247212167,-0.07916587145874054,-0.1915958314645414,0.7480516720566939,0.9333161982888988,0.29026512943793653,0.07465590701954745,2007-07-19,2009-03-09,2011-02-04,483,4526,109,1.2857679333527383,5868599.191582739,,,,,,,,,,,,,,0.9122807017543859,0.0,2934.299595791371,,,,,,,,,,,,SPY_VOL20_TARGET10_bimonthly,SPY,bimonthly,20,0.1,pre_tax,0.0,pre-tax; no realized tax is charged
2006-06-21,2026-08-31,651154.6864443993,5.511546864443993,0.0972171568788196,0.14823490656198188,-0.3981554150154252,-0.06864128347935061,-0.14209673163291947,-0.12024017005945609,-0.2757946955559081,0.7012588845607058,0.8795414666118694,0.24416886776499888,0.10146032782642266,2007-07-19,2009-03-09,2012-03-15,762,4499,73,0.7837329051206766,3801105.04182199,,,,,,,,,,,,,,0.9117647058823529,0.0,1900.5525209109956,,,,,,,,,,,,SPY_VOL20_TARGET15_bimonthly,SPY,bimonthly,20,0.15,pre_tax,0.0,pre-tax; no realized tax is charged
2006-06-21,2026-08-31,741690.7355748053,6.416907355748053,0.10431332509405378,0.16973596795446594,-0.4704168049996762,-0.09825258264352121,-0.1975788429169938,-0.16490530339793674,-0.33593627384867586,0.6705267029982985,0.8338281679281103,0.22174659575379238,0.11572460883951678,2007-10-09,2009-03-09,2012-03-13,760,4473,39,0.4283183745112128,2375648.3744251826,,,,,,,,,,,,,,0.9473684210526315,0.0,1187.8241872125911,,,,,,,,,,,,SPY_VOL20_TARGET20_bimonthly,SPY,bimonthly,20,0.2,pre_tax,0.0,pre-tax; no realized tax is charged
2006-06-21,2026-08-31,792506.2763817149,6.925062763817149,0.10794309170267802,0.1802135262201925,-0.4960968126677341,-0.10942366260333969,-0.19793341718087076,-0.16518682625367498,-0.3383625297734244,0.6600115132859755,0.8143470203686403,0.21758473133947345,0.11777772448050566,2007-10-09,2009-03-09,2012-02-28,750,4459,24,0.259606759814353,1525717.1285133553,,,,,,,,,,,,,,0.8888888888888888,0.0,762.8585642566777,,,,,,,,,,,,SPY_VOL20_TARGET25_bimonthly,SPY,bimonthly,20,0.25,pre_tax,0.0,pre-tax; no realized tax is charged
2006-06-21,2026-08-31,851151.8241313347,7.511518241313347,0.11186676281592556,0.18399828762602102,-0.5201260284780124,-0.10942366260333969,-0.19793341718087076,-0.16518682625367498,-0.34044784075246803,0.6694318812536875,0.8277025164239271,0.21507626361877902,0.11834080948051207,2007-10-09,2009-03-09,2012-02-28,750,4440,14,0.16990815285515054,990722.403394162,,,,,,,,,,,,,,0.6666666666666666,0.0,495.3612016970809,,,,,,,,,,,,SPY_VOL20_TARGET30_bimonthly,SPY,bimonthly,20,0.3,pre_tax,0.0,pre-tax; no realized tax is charged
2006-06-21,2026-08-31,491285.0901832502,3.9128509018325017,0.08201665768139321,0.11584836931556122,-0.24106735343134245,-0.053739403918689255,-0.11161092472121659,-0.07916587145874054,-0.16002231756622276,0.739762305009884,0.9141582976187104,0.3402229979048245,0.06797940693497309,2007-07-19,2009-03-09,2011-02-04,483,4524,112,1.0579623433004506,4733167.506888237,,,,,,,,,,,,,,0.9230769230769231,0.0,2366.583753444118,,,,,,,,,,,,SPY_VOL40_TARGET10_bimonthly,SPY,bimonthly,40,0.1,pre_tax,0.0,pre-tax; no realized tax is charged
2006-06-21,2026-08-31,684854.9538923547,5.848549538923548,0.09996220836236436,0.15085391914132604,-0.3358824640683299,-0.08278986762177953,-0.1352502625274522,-0.11464264306546001,-0.2364865551889206,0.7083177860707605,0.8806005962570563,0.2976106794965892,0.08783025331965992,2007-07-19,2008-10-27,2011-02-01,570,4485,69,0.660471169618025,3390730.5281050475,,,,,,,,,,,,,,0.9354838709677419,0.0,1695.3652640525238,,,,,,,,,,,,SPY_VOL40_TARGET15_bimonthly,SPY,bimonthly,40,0.15,pre_tax,0.0,pre-tax; no realized tax is charged
2006-06-21,2026-08-31,781615.6071127241,6.816156071127241,0.10718418021633047,0.17234932617074833,-0.42657163483378624,-0.10942366260333958,-0.18767177565892978,-0.15701943160797294,-0.3142980413929175,0.6781308187909261,0.8351217815489044,0.25126888771705325,0.10444865933646945,2007-10-09,2008-10-27,2011-02-07,574,4459,42,0.3868797955956779,2139273.721289651,,,,,,,,,,,,,,0.8947368421052632,0.0,1069.6368606448257,,,,,,,,,,,,SPY_VOL40_TARGET20_bimonthly,SPY,bimonthly,40,0.2,pre_tax,0.0,pre-tax; no realized tax is charged
2006-06-21,2026-08-31,853999.2596675204,7.539992596675203,0.11205066183479251,0.1788220385261762,-0.456811951558723,-0.10942366260333958,-0.19793341718087076,-0.16518682625367498,-0.3411957279015255,0.6844796002678897,0.8471308309288929,0.2452883762179511,0.10962761549446999,2007-10-09,2009-03-09,2011-02-11,488,4429,20,0.24221093853508968,1438536.790671916,,,,,,,,,,,,,,0.75,0.0,719.2683953359582,,,,,,,,,,,,SPY_VOL40_TARGET25_bimonthly,SPY,bimonthly,40,0.25,pre_tax,0.0,pre-tax; no realized tax is charged
2006-06-21,2026-08-31,896574.5513944146,7.965745513944146,0.11473297810607708,0.18191376938217887,-0.4735470934958572,-0.10942366260333958,-0.19793341718087076,-0.16518682625367498,-0.34384787985159015,0.6891720218779677,0.8563054891676232,0.24228419872474796,0.10818777560644752,2007-10-09,2009-03-09,2011-02-04,483,4415,14,0.16848218782515198,989982.8489328066,,,,,,,,,,,,,,0.6666666666666666,0.0,494.9914244664033,,,,,,,,,,,,SPY_VOL40_TARGET30_bimonthly,SPY,bimonthly,40,0.3,pre_tax,0.0,pre-tax; no realized tax is charged
2006-06-21,2026-08-31,470888.81318037864,3.7088881318037865,0.0797471075391134,0.11691822389351646,-0.2515467206006111,-0.06379600457750378,-0.11161092472121659,-0.07916587145874054,-0.17037778206680987,0.7160735488102213,0.8757628606506359,0.31702702125753596,0.07027623439742113,2020-02-19,2020-03-23,2021-04-05,260,4543,112,0.8223142148802546,3668837.5886362977,,,,,,,,,,,,,,0.9411764705882353,0.0,1834.4187943181491,,,,,,,,,,,,SPY_VOL60_TARGET10_bimonthly,SPY,bimonthly,60,0.1,pre_tax,0.0,pre-tax; no realized tax is charged
2006-06-21,2026-08-31,670379.8821917967,5.7037988219179665,0.09879923418609149,0.1547356898609033,-0.3450743378853496,-0.09878297750185161,-0.1401761804078886,-0.11867189932894262,-0.2510573277247464,0.6875533794154283,0.8445108682920248,0.28631289939305016,0.09006853759336114,2007-10-09,2008-10-27,2011-02-01,570,4498,60,0.5213017516775706,2584319.2258456843,,,,,,,,,,,,,,0.8928571428571429,0.0,1292.159612922842,,,,,,,,,,,,SPY_VOL60_TARGET15_bimonthly,SPY,bimonthly,60,0.15,pre_tax,0.0,pre-tax; no realized tax is charged
2006-06-21,2026-08-31,758084.7238217253,6.580847238217253,0.10550952126531876,0.17353841638759104,-0.4442454984274794,-0.10942366260333969,-0.19479561695889525,-0.16269378573074966,-0.3331022994438576,0.6659044129231056,0.8175986897047359,0.2375027358494272,0.10890084423839383,2007-10-09,2008-10-27,2011-04-26,628,4465,39,0.3195536183840995,1705429.403551614,,,,,,,,,,,,,,0.8421052631578947,0.0,852.7147017758072,,,,,,,,,,,,SPY_VOL60_TARGET20_bimonthly,SPY,bimonthly,60,0.2,pre_tax,0.0,pre-tax; no realized tax is charged
2006-06-21,2026-08-31,851865.7407429412,7.518657407429412,0.11191292533085417,0.1794204466815959,-0.45212838945389155,-0.10942366260333969,-0.19793341718087076,-0.16518682625367498,-0.34396078895867943,0.6821022058293764,0.843689991203689,0.24752465879443997,0.10797226682449873,2007-10-09,2008-10-27,2011-02-04,573,4429,21,0.19661984860196643,1109648.1808057996,,,,,,,,,,,,,,0.6666666666666666,0.0,554.8240904028997,,,,,,,,,,,,SPY_VOL60_TARGET25_bimonthly,SPY,bimonthly,60,0.25,pre_tax,0.0,pre-tax; no realized tax is charged
2006-06-21,2026-08-31,919889.5666477385,8.198895666477384,0.11615098705573157,0.182527596474794,-0.46556924891226403,-0.10942366260333958,-0.19793341718087076,-0.16518682625367498,-0.3471661960757684,0.6944521841277254,0.8621652641695424,0.24948165568731556,0.10626457471231159,2007-10-09,2009-03-09,2011-01-14,469,4409,14,0.14103509196499872,727039.3967631024,,,,,,,,,,,,,,0.5714285714285714,0.0,363.51969838155117,,,,,,,,,,,,SPY_VOL60_TARGET30_bimonthly,SPY,bimonthly,60,0.3,pre_tax,0.0,pre-tax; no realized tax is charged
2006-06-21,2026-08-31,451997.47965415247,3.5199747965415247,0.07756006995915166,0.12700782535931862,-0.33717275860137663,-0.10942366260333969,-0.1454571967058621,-0.1248710290217191,-0.1418057246289688,0.6530695772653752,0.7617430592738597,0.23003065336855177,0.08070081077596655,2020-02-19,2020-03-23,2021-12-27,445,4580,67,0.8086829794891651,3343684.357034736,,,,,,,,,,,,,,0.90625,0.0,1671.8421785173678,,,,,,,,,,,,SPY_VOL20_TARGET10_quarterly,SPY,quarterly,20,0.1,pre_tax,0.0,pre-tax; no realized tax is charged
2006-06-21,2026-08-31,615455.3496415445,5.154553496415445,0.0941578854667453,0.15011363992087215,-0.3385426885033114,-0.10942366260333958,-0.145457196705862,-0.12487102902171898,-0.20629292257430987,0.6759574020554674,0.8197603942045364,0.27812706835588424,0.09436001828434377,2007-10-09,2009-03-09,2011-01-12,467,4514,48,0.5076636416306227,2308912.7720074016,,,,,,,,,,,,,,0.9166666666666666,0.0,1154.4563860037008,,,,,,,,,,,,SPY_VOL20_TARGET15_quarterly,SPY,quarterly,20,0.15,pre_tax,0.0,pre-tax; no realized tax is charged
2006-06-21,2026-08-31,743978.4880156181,6.43978488015618,0.1044817521996011,0.16409786150486302,-0.40757105667343996,-0.10942366260333969,-0.1454571967058621,-0.1248710290217191,-0.2576595906731839,0.6890826664437113,0.8481750559709317,0.25635223720833417,0.10407708362867694,2007-10-09,2009-03-09,2011-02-07,484,4474,27,0.2926051280009016,1280697.9380288862,,,,,,,,,,,,,,0.8333333333333334,0.0,640.3489690144431,,,,,,,,,,,,SPY_VOL20_TARGET20_quarterly,SPY,quarterly,20,0.2,pre_tax,0.0,pre-tax; no realized tax is charged
2006-06-21,2026-08-31,788990.3697174198,6.889903697174199,0.10769917657612016,0.17148549354045514,-0.45189080978568363,-0.10942366260333947,-0.145457196705862,-0.1248710290217191,-0.281385795877811,0.6836113943594033,0.8451109217148978,0.23833008825118218,0.11023172020737029,2007-10-09,2009-03-09,2011-02-16,491,4463,16,0.19684602849148872,900075.2246613221,,,,,,,,,,,,,,0.7142857142857143,0.0,450.0376123306611,,,,,,,,,,,,SPY_VOL20_TARGET25_quarterly,SPY,quarterly,20,0.25,pre_tax,0.0,pre-tax; no realized tax is charged
2006-06-21,2026-08-31,812773.4811254037,7.127734811254037,0.10932938310004081,0.17711108091560748,-0.49234617484949794,-0.10942366260333958,-0.145457196705862,-0.12487102902171898,-0.30210003399463425,0.6757416733565748,0.834879370055593,0.22205795167081574,0.11595792507454242,2007-10-09,2009-03-09,2012-02-09,738,4451,10,0.1317112301635881,601935.9385568886,,,,,,,,,,,,,,0.5,0.0,300.9679692784443,,,,,,,,,,,,SPY_VOL20_TARGET30_quarterly,SPY,quarterly,20,0.3,pre_tax,0.0,pre-tax; no realized tax is charged
2006-06-21,2026-08-31,418472.2929201581,3.1847229292015813,0.07345571636274983,0.1252990602186025,-0.33717275860137663,-0.10942366260333958,-0.1454571967058621,-0.1248710290217191,-0.1549246230015856,0.6297265427013947,0.7316018227728472,0.21785780282918124,0.07812379410876699,2020-02-19,2020-03-23,2021-11-02,408,4595,74,0.7762064782405228,3046658.206058383,,,,,,,,,,,,,,0.9117647058823529,0.0,1523.3291030291912,,,,,,,,,,,,SPY_VOL40_TARGET10_quarterly,SPY,quarterly,40,0.1,pre_tax,0.0,pre-tax; no realized tax is charged
2006-06-21,2026-08-31,632399.8988741376,5.3239989887413754,0.09563041457028065,0.15180600266644456,-0.33717275860137663,-0.10942366260333958,-0.1454571967058621,-0.1248710290217191,-0.22553433180114413,0.678981101873665,0.8189814784058707,0.28362437987862466,0.09188277728713398,2020-02-19,2020-03-23,2021-04-16,269,4510,49,0.48955574064940854,2152453.866277835,,,,,,,,,,,,,,0.9090909090909091,0.0,1076.2269331389173,,,,,,,,,,,,SPY_VOL40_TARGET15_quarterly,SPY,quarterly,40,0.15,pre_tax,0.0,pre-tax; no realized tax is charged
2006-06-21,2026-08-31,745645.4790335284,6.456454790335283,0.1046041683487331,0.16417165436375444,-0.37861215050594177,-0.10942366260333958,-0.145457196705862,-0.1248710290217191,-0.27864676119994425,0.6895130800362999,0.8447452887880376,0.27628317846891576,0.10321884177750235,2007-10-09,2009-03-09,2011-02-14,489,4477,28,0.30685794357188734,1319925.1713106395,,,,,,,,,,,,,,0.8461538461538461,0.0,659.9625856553198,,,,,,,,,,,,SPY_VOL40_TARGET20_quarterly,SPY,quarterly,40,0.2,pre_tax,0.0,pre-tax; no realized tax is charged
2006-06-21,2026-08-31,813587.5743491093,7.135875743491093,0.10938437868217465,0.17243141274299748,-0.42191423932470895,-0.10942366260333958,-0.145457196705862,-0.1248710290217191,-0.31233963738866166,0.6896298273666824,0.8491264195009134,0.25925737623183526,0.1095502038019973,2007-10-09,2008-11-20,2011-02-17,564,4451,16,0.17749754478804816,788972.0897759934,,,,,,,,,,,,,,0.7142857142857143,0.0,394.48604488799674,,,,,,,,,,,,SPY_VOL40_TARGET25_quarterly,SPY,quarterly,40,0.25,pre_tax,0.0,pre-tax; no realized tax is charged
2006-06-21,2026-08-31,827639.0920207897,7.276390920207897,0.11032546786177932,0.1782330952722547,-0.4566901450297396,-0.10942366260333969,-0.1577343132690866,-0.13409411319361852,-0.33490898452307705,0.6776260612828424,0.8327322334196705,0.2415761957258678,0.11400056014790377,2007-10-09,2008-11-20,2011-04-27,611,4453,11,0.12223353004492307,557658.2650035428,,,,,,,,,,,,,,0.6,0.0,278.82913250177137,,,,,,,,,,,,SPY_VOL40_TARGET30_quarterly,SPY,quarterly,40,0.3,pre_tax,0.0,pre-tax; no realized tax is charged
2006-06-21,2026-08-31,399772.3632731863,2.997723632731863,0.07102841114843339,0.12654005513197994,-0.33717275860137685,-0.10942366260333947,-0.145457196705862,-0.12487102902171898,-0.165289236980237,0.6068643470902442,0.7026186137677252,0.21065880720336266,0.08078828645504084,2020-02-19,2020-03-23,2021-11-03,409,4606,75,0.7572068128888921,3046708.350292326,,,,,,,,,,,,,,0.9142857142857143,0.0,1523.3541751461628,,,,,,,,,,,,SPY_VOL60_TARGET10_quarterly,SPY,quarterly,60,0.1,pre_tax,0.0,pre-tax; no realized tax is charged
2006-06-21,2026-08-31,617579.5153953789,5.175795153953789,0.09434457923909689,0.15368121707949048,-0.33717275860137663,-0.10942366260333958,-0.145457196705862,-0.1248710290217192,-0.2401504418363697,0.6648891328935005,0.8018314733065478,0.2798107997527642,0.0948026855900393,2020-02-19,2020-03-23,2021-04-13,266,4511,47,0.4889091379777602,2366719.433323332,,,,,,,,,,,,,,0.9,0.0,1183.359716661666,,,,,,,,,,,,SPY_VOL60_TARGET15_quarterly,SPY,quarterly,60,0.15,pre_tax,0.0,pre-tax; no realized tax is charged
2006-06-21,2026-08-31,721374.4274784949,6.21374427478495,0.10279556878701945,0.16651955179700725,-0.4012096974103573,-0.10942366260333958,-0.145457196705862,-0.1248710290217191,-0.29642575506202984,0.6722525984329553,0.8219314976124028,0.2562140682304599,0.10702611095744412,2007-10-09,2008-11-20,2011-04-26,610,4478,30,0.2990703896893645,1583064.2516472829,,,,,,,,,,,,,,0.8571428571428571,0.0,791.5321258236414,,,,,,,,,,,,SPY_VOL60_TARGET20_quarterly,SPY,quarterly,60,0.2,pre_tax,0.0,pre-tax; no realized tax is charged
2006-06-21,2026-08-31,811031.9157288999,7.110319157288998,0.1092115566653431,0.17506892954354356,-0.4453868321428234,-0.10942366260333958,-0.148902693498688,-0.12719082090364064,-0.32757320455870875,0.6809447232311037,0.8356246383879666,0.24520607432399785,0.11085708979111006,2007-10-09,2008-11-20,2011-02-16,563,4449,18,0.17472031241549485,986615.7793179655,,,,,,,,,,,,,,0.7142857142857143,0.0,493.30788965898273,,,,,,,,,,,,SPY_VOL60_TARGET25_quarterly,SPY,quarterly,60,0.25,pre_tax,0.0,pre-tax; no realized tax is charged
2006-06-21,2026-08-31,842777.1533298847,7.427771533298847,0.11132248350482343,0.18235296511751337,-0.4848612868911166,-0.10942366260333947,-0.17989256218351768,-0.15129912453472938,-0.35319188088342424,0.6712833081132309,0.8205227372966069,0.22959655991224287,0.11580932331398189,2007-10-09,2008-11-20,2012-02-17,816,4443,11,0.11794088021004896,584918.2940191784,,,,,,,,,,,,,,0.6,0.0,292.4591470095892,,,,,,,,,,,,SPY_VOL60_TARGET30_quarterly,SPY,quarterly,60,0.3,pre_tax,0.0,pre-tax; no realized tax is charged
2006-06-21,2026-08-31,665529.5594581256,5.655295594581256,0.0984041996125129,0.10982174472587913,-0.22101083765313545,-0.04744155912921122,-0.06228697315865994,-0.08793094022149317,-0.1527877250531654,0.9113467946687547,1.1921553249699393,0.4452460370606484,0.06209937192681569,2007-10-31,2009-03-09,2010-03-17,258,4569,974,3.277067208294729,18492290.656574626,,,,,,,,,,,,,,0.8071278825995807,0.0,9246.145328287314,,,,,,,,,,,,QQQ_VOL20_TARGET10_weekly,QQQ,weekly,20,0.1,pre_tax,0.0,pre-tax; no realized tax is charged
2006-06-21,2026-08-31,1246299.6207986074,11.462996207986073,0.13306235379320697,0.14850089383028606,-0.3160730174683479,-0.05040531443902441,-0.09006344976405911,-0.09256658909049476,-0.22329929071224552,0.9173657454606552,1.2192795286748457,0.4209861216847846,0.0849551277649827,2007-10-31,2009-03-09,2010-03-30,267,4512,687,2.4044356819874086,22178664.075122446,,,,,,,,,,,,,,0.8338278931750742,0.0,11089.332037561222,,,,,,,,,,,,QQQ_VOL20_TARGET15_weekly,QQQ,weekly,20,0.15,pre_tax,0.0,pre-tax; no realized tax is charged
2006-06-21,2026-08-31,1760987.3933549859,16.60987393354986,0.15262554793320993,0.17351551865185855,-0.39713196931974937,-0.0555447967184961,-0.10626674281650261,-0.11437935100884433,-0.2844716421508843,0.9072574110125438,1.2109462455586348,0.3843194699098224,0.10309217271483359,2007-10-31,2009-03-09,2010-04-14,277,4445,419,1.4482519668196494,16416208.553675786,,,,,,,,,,,,,,0.8028846153846154,0.0,8208.104276837894,,,,,,,,,,,,QQQ_VOL20_TARGET20_weekly,QQQ,weekly,20,0.2,pre_tax,0.0,pre-tax; no realized tax is charged
2006-06-21,2026-08-31,1956438.2119182635,18.564382119182635,0.15864858670282533,0.18943953552383577,-0.43699297528931924,-0.0693565243490587,-0.10626674281650272,-0.13189037018498784,-0.3158827594890029,0.8738456413459288,1.161040020697568,0.3630460800835279,0.11152134891754314,2007-10-31,2009-03-09,2010-04-15,278,4426,245,0.89421426627995,10918419.83927583,,,,,,,,,,,,,,0.7804878048780488,0.0,5459.209919637914,,,,,,,,,,,,QQQ_VOL20_TARGET25_weekly,QQQ,weekly,20,0.25,pre_tax,0.0,pre-tax; no realized tax is charged
2006-06-21,2026-08-31,1954683.9596562884,18.546839596562883,0.1585971193187894,0.19969560087203617,-0.46637457940465876,-0.08313831841638009,-0.10626674281650272,-0.14343972584092857,-0.3368049883508456,0.838746363282526,1.1056139193159482,0.34006381634531496,0.11659997958341013,2007-10-31,2009-03-09,2010-10-13,404,4430,148,0.5396430691001998,6406041.732465308,,,,,,,,,,,,,,0.821917808219178,0.0,3203.020866232653,,,,,,,,,,,,QQQ_VOL20_TARGET30_weekly,QQQ,weekly,20,0.3,pre_tax,0.0,pre-tax; no realized tax is charged
2006-06-21,2026-08-31,612060.5991495952,5.120605991495952,0.09385824417773025,0.10902969578286863,-0.22751415312434542,-0.037396455812824025,-0.0746630705515019,-0.07108390063516867,-0.15994486022458354,0.8790382219331351,1.1424229950611908,0.4125380460460103,0.0630057683857869,2007-10-31,2009-03-09,2010-04-13,276,4562,1018,1.856905238363034,10132513.235020582,,,,,,,,,,,,,,0.8532289628180039,0.0,5066.256617510291,,,,,,,,,,,,QQQ_VOL40_TARGET10_weekly,QQQ,weekly,40,0.1,pre_tax,0.0,pre-tax; no realized tax is charged
2006-06-21,2026-08-31,1143861.5170297928,10.438615170297927,0.1282602487329465,0.15086642099711065,-0.32493319250022124,-0.054393346425611666,-0.10626674281650272,-0.09126757659639306,-0.2333377421972641,0.8771193330880589,1.1543200112494458,0.3947280600853333,0.0896775150082862,2007-10-31,2009-03-09,2010-04-14,277,4515,699,1.408626632532484,12464186.89829842,,,,,,,,,,,,,,0.8587570621468926,0.0,6232.093449149211,,,,,,,,,,,,QQQ_VOL40_TARGET15_weekly,QQQ,weekly,40,0.15,pre_tax,0.0,pre-tax; no realized tax is charged
2006-06-21,2026-08-31,1636889.032829801,15.368890328298011,0.1484620948302975,0.17627668031205598,-0.4032655617238191,-0.07241555114490483,-0.10626674281650261,-0.12044553623296506,-0.3023716029419097,0.8752195762881869,1.1565206737365021,0.3681496981683087,0.10588061451472316,2007-10-31,2009-03-09,2010-04-14,277,4463,401,0.8223949765519308,8886332.808903117,,,,,,,,,,,,,,0.8653846153846154,0.0,4443.166404451558,,,,,,,,,,,,QQQ_VOL40_TARGET20_weekly,QQQ,weekly,40,0.2,pre_tax,0.0,pre-tax; no realized tax is charged
2006-06-21,2026-08-31,1772655.9144603787,16.726559144603787,0.1530025582684862,0.19335114784104712,-0.453043658605472,-0.09038301378101832,-0.10626674281650272,-0.14327227147049781,-0.3499532254424308,0.8347362766284813,1.0955330728753123,0.33772144331398035,0.11656890995642956,2007-10-31,2009-03-09,2010-10-15,406,4447,260,0.5258036044392518,5842936.256796515,,,,,,,,,,,,,,0.8913043478260869,0.0,2921.4681283982572,,,,,,,,,,,,QQQ_VOL40_TARGET25_weekly,QQQ,weekly,40,0.25,pre_tax,0.0,pre-tax; no realized tax is charged
2006-06-21,2026-08-31,1869240.1461704231,17.692401461704232,0.15603561623519835,0.2043140844362705,-0.48221238730108074,-0.10829556130358442,-0.11728537593051669,-0.15518074689407657,-0.37155918869333004,0.8134990484296587,1.0605754556927474,0.3235827621694293,0.12187272229166961,2007-10-31,2009-03-09,2010-10-25,412,4432,128,0.2902514628674377,3198245.224136792,,,,,,,,,,,,,,0.7868852459016393,0.0,1599.1226120683964,,,,,,,,,,,,QQQ_VOL40_TARGET30_weekly,QQQ,weekly,40,0.3,pre_tax,0.0,pre-tax; no realized tax is charged
2006-06-21,2026-08-31,562499.097411233,4.62499097411233,0.08929388306259645,0.10874131431365688,-0.21603799393736645,-0.043452842813962445,-0.08283026574397778,-0.06685235200945427,-0.1578783515154738,0.8425444229361272,1.089907147141413,0.41332490380596876,0.061984324520084205,2007-10-31,2009-03-09,2010-03-17,258,4565,1030,1.316552225258153,6843116.967892494,,,,,,,,,,,,,,0.9009708737864077,0.0,3421.558483946247,,,,,,,,,,,,QQQ_VOL60_TARGET10_weekly,QQQ,weekly,60,0.1,pre_tax,0.0,pre-tax; no realized tax is charged
2006-06-21,2026-08-31,1107278.551328165,10.07278551328165,0.12644567860751632,0.15274723281176383,-0.3096918307326447,-0.06506013848196168,-0.10626674281650261,-0.09028451807643179,-0.2305934697308586,0.8576233065825855,1.1242362404219286,0.4082951697769393,0.08759317571321174,2007-10-31,2009-03-09,2010-03-23,262,4523,730,1.0520832453633655,9201787.53624986,,,,,,,,,,,,,,0.9022346368715084,0.0,4600.893768124931,,,,,,,,,,,,QQQ_VOL60_TARGET15_weekly,QQQ,weekly,60,0.15,pre_tax,0.0,pre-tax; no realized tax is charged
2006-06-21,2026-08-31,1545284.1455159786,14.452841455159787,0.14519161320667306,0.17933965279853137,-0.3927521070320189,-0.08658761722578712,-0.10626674281650261,-0.11913839774302204,-0.2991340488093762,0.8473814661043994,1.1109014253182514,0.36967749022116997,0.10540199746870098,2007-10-31,2009-03-09,2010-04-13,276,4469,399,0.6159412863568361,6527304.486028509,,,,,,,,,,,,,,0.8888888888888888,0.0,3263.652243014254,,,,,,,,,,,,QQQ_VOL60_TARGET20_weekly,QQQ,weekly,60,0.2,pre_tax,0.0,pre-tax; no realized tax is charged
2006-06-21,2026-08-31,1718165.463394697,16.18165463394697,0.15122132024954693,0.19653265666411596,-0.45308753930605106,-0.10803497747399793,-0.10626674281650283,-0.1461283266982516,-0.35839687471308657,0.8165057303556345,1.0642359942389064,0.3337574025565954,0.11761649253944825,2007-10-31,2009-03-09,2010-10-22,411,4449,231,0.3847879604011908,4034115.878366677,,,,,,,,,,,,,,0.8608695652173913,0.0,2017.0579391833385,,,,,,,,,,,,QQQ_VOL60_TARGET25_weekly,QQQ,weekly,60,0.25,pre_tax,0.0,pre-tax; no realized tax is charged
2006-06-21,2026-08-31,1867017.3616872334,17.670173616872333,0.15596750506538304,0.20596209288262124,-0.48499207509347,-0.11293476509960942,-0.12270402334664443,-0.15576276999946548,-0.3845148333865026,0.8083220767081127,1.0536291456258697,0.3215877394188848,0.12232322846622837,2007-10-31,2009-03-09,2010-10-26,413,4433,128,0.2264692894948277,2486683.9203174636,,,,,,,,,,,,,,0.7741935483870968,0.0,1243.3419601587316,,,,,,,,,,,,QQQ_VOL60_TARGET30_weekly,QQQ,weekly,60,0.3,pre_tax,0.0,pre-tax; no realized tax is charged
2006-06-21,2026-08-31,761508.2732541563,6.6150827325415635,0.10575621624176734,0.11519432892478204,-0.2267371133764592,-0.040963213700291434,-0.07551506494741311,-0.08424546181068515,-0.16574972339727412,0.9321210483571549,1.2122535193183006,0.4664265795171202,0.05958438820234886,2007-10-31,2009-03-09,2010-04-13,276,4533,236,2.1118963628745018,12693372.740817014,,,,,,,,,,,,,,0.8448275862068966,0.0,6346.686370408509,,,,,,,,,,,,QQQ_VOL20_TARGET10_monthly,QQQ,monthly,20,0.1,pre_tax,0.0,pre-tax; no realized tax is charged
2006-06-21,2026-08-31,1452765.9469186263,13.527659469186263,0.1416958663513448,0.154740411307423,-0.32485142424227065,-0.05927538983299874,-0.10626674281650261,-0.10538859856794369,-0.24303963449060162,0.9356528628665605,1.2336195188010701,0.4361866865194027,0.08433098858356079,2007-10-31,2009-03-09,2010-04-13,276,4479,179,1.5333707268872747,15042261.371242521,,,,,,,,,,,,,,0.8674698795180723,0.0,7521.1306856212595,,,,,,,,,,,,QQQ_VOL20_TARGET15_monthly,QQQ,monthly,20,0.15,pre_tax,0.0,pre-tax; no realized tax is charged
2006-06-21,2026-08-31,2013873.1105898588,19.13873110589859,0.16030987040746325,0.17859601551983612,-0.39942970375621434,-0.08017101728773446,-0.10626674281650272,-0.14107136759823025,-0.3014079356627315,0.9237513824978811,1.2214636735377382,0.4013468925818944,0.10120747373998913,2007-10-31,2009-03-09,2010-04-13,276,4425,115,0.9536724817825459,11486017.50715891,,,,,,,,,,,,,,0.8627450980392157,0.0,5743.008753579455,,,,,,,,,,,,QQQ_VOL20_TARGET20_monthly,QQQ,monthly,20,0.2,pre_tax,0.0,pre-tax; no realized tax is charged
2006-06-21,2026-08-31,2248500.4205608945,21.485004205608945,0.1666591598167091,0.19417447353031836,-0.42929147053718186,-0.1016767286709197,-0.10626674281650272,-0.15576276999946548,-0.32310780030249364,0.8927667926909345,1.176907278536868,0.38821912675824843,0.10822709652218056,2007-10-31,2009-03-09,2010-04-13,276,4402,70,0.636538509266589,7997640.323140931,,,,,,,,,,,,,,0.875,0.0,3998.8201615704656,,,,,,,,,,,,QQQ_VOL20_TARGET25_monthly,QQQ,monthly,20,0.25,pre_tax,0.0,pre-tax; no realized tax is charged
2006-06-21,2026-08-31,2215605.5830402332,21.156055830402334,0.1658080493099523,0.20466926636955368,-0.45112012361517306,-0.1197878912841468,-0.11250907739993599,-0.1557627699994656,-0.33611973001479567,0.8536408865300951,1.1179835933216717,0.36754744607978174,0.11179438674009345,2007-10-31,2009-03-09,2010-04-13,276,4405,45,0.3972280177224994,5050603.934770519,,,,,,,,,,,,,,0.8181818181818182,0.0,2525.30196738526,,,,,,,,,,,,QQQ_VOL20_TARGET30_monthly,QQQ,monthly,20,0.3,pre_tax,0.0,pre-tax; no realized tax is charged
2006-06-21,2026-08-31,640641.8045537516,5.406418045537516,0.09633315301053735,0.11454553014667287,-0.22290521972555344,-0.04957330091255174,-0.09015717050232008,-0.08423613982556688,-0.16094617413494838,0.8618728808552258,1.1074003623988389,0.4321709160922529,0.06173567310602284,2007-10-31,2009-03-09,2010-04-12,275,4551,239,1.2985086430132335,7472412.761772328,,,,,,,,,,,,,,0.9304347826086956,0.0,3736.206380886163,,,,,,,,,,,,QQQ_VOL40_TARGET10_monthly,QQQ,monthly,40,0.1,pre_tax,0.0,pre-tax; no realized tax is charged
2006-06-21,2026-08-31,1212618.7814868216,11.126187814868215,0.1315262360137488,0.15650550615138345,-0.31929309007130857,-0.07570707331538284,-0.10626674281650261,-0.10172665799115033,-0.2357456190680458,0.8695522378552348,1.1375969644441437,0.4119294782870957,0.08614475771031785,2007-10-31,2009-03-09,2010-04-14,277,4497,177,1.0462180315379053,9639462.434250304,,,,,,,,,,,,,,0.9259259259259259,0.0,4819.731217125153,,,,,,,,,,,,QQQ_VOL40_TARGET15_monthly,QQQ,monthly,40,0.15,pre_tax,0.0,pre-tax; no realized tax is charged
2006-06-21,2026-08-31,1680876.1607427087,15.808761607427087,0.14997115500347213,0.18235800309297379,-0.3995311436025616,-0.10280520714972408,-0.10626674281650283,-0.13612593406956863,-0.30668351756603973,0.8592306798186157,1.1229388726189773,0.37536787157863655,0.10389921750434104,2007-10-31,2009-03-09,2010-04-22,283,4459,107,0.6318023839469179,7030327.932028195,,,,,,,,,,,,,,0.9230769230769231,0.0,3515.163966014097,,,,,,,,,,,,QQQ_VOL40_TARGET20_monthly,QQQ,monthly,40,0.2,pre_tax,0.0,pre-tax; no realized tax is charged
2006-06-21,2026-08-31,1869607.1956912705,17.696071956912704,0.15604685606066848,0.19854255508317384,-0.44492974207461833,-0.11978789128414669,-0.11250907739993599,-0.1562676635622191,-0.3476947462356412,0.8313259185579435,1.0828896729719677,0.3507224653785859,0.1131830927380623,2007-10-31,2009-03-09,2010-10-15,406,4436,72,0.391949697832937,4399211.51973039,,,,,,,,,,,,,,0.9117647058823529,0.0,2199.605759865195,,,,,,,,,,,,QQQ_VOL40_TARGET25_monthly,QQQ,monthly,40,0.25,pre_tax,0.0,pre-tax; no realized tax is charged
2006-06-21,2026-08-31,2005228.6242467577,19.052286242467577,0.16006273332989518,0.20688293148939363,-0.4675532885959731,-0.11978789128414669,-0.11250907739993588,-0.15576276999946548,-0.3628026423704247,0.8227462258698048,1.0750262161597295,0.34234115604352044,0.11638928021070781,2007-10-31,2009-03-09,2010-10-15,406,4422,37,0.21898252306395632,2696632.846483485,,,,,,,,,,,,,,0.8823529411764706,0.0,1348.3164232417425,,,,,,,,,,,,QQQ_VOL40_TARGET30_monthly,QQQ,monthly,40,0.3,pre_tax,0.0,pre-tax; no realized tax is charged
2006-06-21,2026-08-31,615209.7685684516,5.152097685684517,0.09413626176598999,0.11335303253499013,-0.2075767715528649,-0.059174277572274225,-0.09848066758654783,-0.07706276991974648,-0.15265610864751822,0.8520044903151194,1.0914369448061654,0.45350094358710896,0.06055304023198357,2007-10-31,2009-03-09,2010-03-16,257,4541,240,0.96762116554573,5345508.658730043,,,,,,,,,,,,,,0.9126984126984127,0.0,2672.7543293650215,,,,,,,,,,,,QQQ_VOL60_TARGET10_monthly,QQQ,monthly,60,0.1,pre_tax,0.0,pre-tax; no realized tax is charged
2006-06-21,2026-08-31,1214929.8790880614,11.149298790880614,0.13163292875864685,0.15850590735444905,-0.29867373543761644,-0.09068762627766791,-0.10626674281650272,-0.09396688186483626,-0.22413022809074112,0.8611672494792225,1.1207411172741226,0.4407248215708637,0.08357764838069286,2007-10-31,2009-03-09,2010-03-22,261,4500,182,0.7944495144137635,7353017.567680458,,,,,,,,,,,,,,0.9130434782608695,0.0,3676.5087838402287,,,,,,,,,,,,QQQ_VOL60_TARGET15_monthly,QQQ,monthly,60,0.15,pre_tax,0.0,pre-tax; no realized tax is charged
2006-06-21,2026-08-31,1666696.9731807336,15.666969731807335,0.14948885302682724,0.1858358277183166,-0.3807280952663097,-0.11978789128414669,-0.11250907739993588,-0.12579728374971233,-0.292253906943998,0.8443414619361955,1.096113654726993,0.39263940561639815,0.10103705790679725,2007-10-31,2009-03-09,2010-04-09,274,4456,97,0.5026701789519504,5651334.6335574305,,,,,,,,,,,,,,0.9,0.0,2825.6673167787153,,,,,,,,,,,,QQQ_VOL60_TARGET20_monthly,QQQ,monthly,60,0.2,pre_tax,0.0,pre-tax; no realized tax is charged
2006-06-21,2026-08-31,1844989.541097323,17.44989541097323,0.15528832461431752,0.1999592073292179,-0.44570439971326437,-0.1197878912841468,-0.11250907739993599,-0.15576276999946548,-0.3568123829058242,0.8235292781608009,1.0738024976475125,0.34841102020581216,0.1139080705188149,2007-10-31,2009-03-09,2010-10-15,406,4436,63,0.30694425420648924,3426743.3661341434,,,,,,,,,,,,,,0.84375,0.0,1713.3716830670717,,,,,,,,,,,,QQQ_VOL60_TARGET25_monthly,QQQ,monthly,60,0.25,pre_tax,0.0,pre-tax; no realized tax is charged
2006-06-21,2026-08-31,1961212.914949146,18.612129149491462,0.15878844817028925,0.20832079696555736,-0.47386374571620693,-0.11978789128414669,-0.12033325055496058,-0.15576276999946548,-0.37971245305693624,0.8131686748778065,1.0631477076838436,0.3350930507044663,0.11890162455519569,2007-10-31,2009-03-09,2010-10-15,406,4421,36,0.18381261587128042,2169509.15391347,,,,,,,,,,,,,,0.7777777777777778,0.0,1084.7545769567348,,,,,,,,,,,,QQQ_VOL60_TARGET30_monthly,QQQ,monthly,60,0.3,pre_tax,0.0,pre-tax; no realized tax is charged
2006-06-21,2026-08-31,701183.4230651075,6.0118342306510755,0.1012463731944171,0.1189816211391503,-0.23948633598819102,-0.05007401792802224,-0.10626674281650272,-0.08595709404407914,-0.18034131610750204,0.8717556249487401,1.113103030804466,0.42276471756371736,0.06263572898804165,2007-10-31,2009-03-09,2010-04-06,271,4518,116,1.2527119049955737,7434569.827301413,,,,,,,,,,,,,,0.9090909090909091,0.0,3717.284913650707,,,,,,,,,,,,QQQ_VOL20_TARGET10_bimonthly,QQQ,bimonthly,20,0.1,pre_tax,0.0,pre-tax; no realized tax is charged
2006-06-21,2026-08-31,1301284.36290093,12.0128436290093,0.13548728023296253,0.15919419031790774,-0.3454827920263538,-0.05927538983299896,-0.10626674281650261,-0.10622168113000363,-0.2672186434303434,0.8794659166357089,1.150717152485773,0.39216795556818185,0.08749953803699168,2007-10-31,2009-03-09,2010-04-14,277,4488,95,1.0313875841289177,9840679.115207242,,,,,,,,,,,,,,0.9347826086956522,0.0,4920.339557603621,,,,,,,,,,,,QQQ_VOL20_TARGET15_bimonthly,QQQ,bimonthly,20,0.15,pre_tax,0.0,pre-tax; no realized tax is charged
2006-06-21,2026-08-31,1697940.1538933371,15.97940153893337,0.15054648186661823,0.18614246045346236,-0.44859120314250966,-0.08017101728773435,-0.11765285540029358,-0.14215976405003794,-0.3514166449447417,0.8480489271713406,1.1095500197906052,0.3355983818050757,0.11044930748572901,2007-10-31,2008-10-27,2010-10-26,503,4449,66,0.6205506224744557,6843710.021044713,,,,,,,,,,,,,,0.96875,0.0,3421.8550105223567,,,,,,,,,,,,QQQ_VOL20_TARGET20_bimonthly,QQQ,bimonthly,20,0.2,pre_tax,0.0,pre-tax; no realized tax is charged
2006-06-21,2026-08-31,1936850.0236390787,18.368500236390787,0.15807138948656707,0.20116644463324304,-0.47832166091287975,-0.10167672867091981,-0.13432834358689116,-0.15653654817359164,-0.3775379279457185,0.8316466119589755,1.0870150277285369,0.33047089940456986,0.1177712765774407,2007-10-31,2008-10-27,2010-10-27,504,4426,39,0.376047441717789,4791802.071503904,,,,,,,,,,,,,,0.9411764705882353,0.0,2395.901035751952,,,,,,,,,,,,QQQ_VOL20_TARGET25_bimonthly,QQQ,bimonthly,20,0.25,pre_tax,0.0,pre-tax; no realized tax is charged
2006-06-21,2026-08-31,2071324.341435017,19.71324341435017,0.16192717087828834,0.20977855747442775,-0.48885457271269617,-0.11978789128414691,-0.13432834358689127,-0.1557627699994656,-0.3794507450965058,0.8218428409626106,1.071255448927864,0.33123791801668234,0.11833954091277638,2007-10-31,2009-03-09,2010-10-15,406,4415,25,0.23404371834994805,3126915.6380096492,,,,,,,,,,,,,,0.9166666666666666,0.0,1563.4578190048246,,,,,,,,,,,,QQQ_VOL20_TARGET30_bimonthly,QQQ,bimonthly,20,0.3,pre_tax,0.0,pre-tax; no realized tax is charged
2006-06-21,2026-08-31,661827.9766586665,5.6182797665866655,0.09810087880756146,0.1164847163216589,-0.2176487702126214,-0.05007401792802235,-0.10626674281650261,-0.07289407152094296,-0.159946446007447,0.8632977614709962,1.1041615054846363,0.45073022333977153,0.061089653113815943,2007-10-31,2008-10-27,2010-03-22,351,4519,120,0.9621320801755479,5434019.955601366,,,,,,,,,,,,,,0.9322033898305084,0.0,2717.0099778006834,,,,,,,,,,,,QQQ_VOL40_TARGET10_bimonthly,QQQ,bimonthly,40,0.1,pre_tax,0.0,pre-tax; no realized tax is charged
2006-06-21,2026-08-31,1239191.560863965,11.39191560863965,0.1327414819125301,0.15983321223643707,-0.3198660276975688,-0.07570707331538273,-0.10626674281650272,-0.10039562260074442,-0.23810665184658686,0.8614233712562894,1.124179630291848,0.4149908724850152,0.08540513277148234,2007-10-31,2008-10-27,2010-04-06,361,4482,96,0.8267057781843675,7145466.813280452,,,,,,,,,,,,,,0.9148936170212766,0.0,3572.7334066402254,,,,,,,,,,,,QQQ_VOL40_TARGET15_bimonthly,QQQ,bimonthly,40,0.15,pre_tax,0.0,pre-tax; no realized tax is charged
2006-06-21,2026-08-31,1692196.866704733,15.92196866704733,0.15035345811801504,0.1885782550286493,-0.41104596157681983,-0.10280520714972419,-0.11212113735263474,-0.13446973845414567,-0.31475167390235925,0.8386580920486894,1.0920871416157927,0.3657825940954189,0.10489244663631273,2007-10-31,2008-10-27,2010-04-15,368,4444,60,0.5368207810765322,5984792.764301482,,,,,,,,,,,,,,0.9666666666666667,0.0,2992.3963821507414,,,,,,,,,,,,QQQ_VOL40_TARGET20_bimonthly,QQQ,bimonthly,40,0.2,pre_tax,0.0,pre-tax; no realized tax is charged
2006-06-21,2026-08-31,1856953.0586985103,17.569530586985103,0.15565814421268365,0.20419885218456932,-0.46822215207712525,-0.11978789128414669,-0.13432834358689127,-0.15576276999946548,-0.3697614480378103,0.8120894232709294,1.0556771600337804,0.33244506592042605,0.11719545504309224,2007-10-31,2008-10-27,2010-10-27,504,4431,40,0.33674752505390226,3808111.144702385,,,,,,,,,,,,,,0.95,0.0,1904.0555723511925,,,,,,,,,,,,QQQ_VOL40_TARGET25_bimonthly,QQQ,bimonthly,40,0.25,pre_tax,0.0,pre-tax; no realized tax is charged
2006-06-21,2026-08-31,1966682.1065873844,18.666821065873844,0.1589482555990238,0.21030966795901956,-0.47803331237797353,-0.1197878912841468,-0.13432834358689127,-0.1557627699994656,-0.38449561402868226,0.8080549850665191,1.0548576516656079,0.3325045587478763,0.12072408056979708,2007-10-31,2009-03-09,2010-10-15,406,4418,23,0.2039551722500046,2533077.807048609,,,,,,,,,,,,,,0.9090909090909091,0.0,1266.5389035243043,,,,,,,,,,,,QQQ_VOL40_TARGET30_bimonthly,QQQ,bimonthly,40,0.3,pre_tax,0.0,pre-tax; no realized tax is charged
2006-06-21,2026-08-31,612015.5670443957,5.120155670443957,0.09385425876435605,0.11591107781082913,-0.21027082453902712,-0.059174277572274114,-0.10626674281650283,-0.07818301352892176,-0.15810698607416096,0.833500582923588,1.0586902593908474,0.44634941138463224,0.06104056950341086,2007-10-31,2009-03-09,2010-03-10,253,4508,120,0.7696048568179235,4286266.723158027,,,,,,,,,,,,,,0.9,0.0,2143.1333615790136,,,,,,,,,,,,QQQ_VOL60_TARGET10_bimonthly,QQQ,bimonthly,60,0.1,pre_tax,0.0,pre-tax; no realized tax is charged
2006-06-21,2026-08-31,1196882.623728394,10.96882623728394,0.13079458970407032,0.1627070860912536,-0.3059063428438161,-0.09068762627766791,-0.10626674281650261,-0.09376572170171538,-0.2350340606605149,0.8384861932942009,1.0838062705959415,0.4275641638815216,0.08620134318951551,2007-10-31,2008-10-27,2010-03-22,351,4481,98,0.6971861167915806,6287368.909736308,,,,,,,,,,,,,,0.9148936170212766,0.0,3143.684454868154,,,,,,,,,,,,QQQ_VOL60_TARGET15_bimonthly,QQQ,bimonthly,60,0.15,pre_tax,0.0,pre-tax; no realized tax is charged
2006-06-21,2026-08-31,1624976.8985689138,15.249768985689137,0.1480467939552923,0.19103978306858999,-0.3982445299064893,-0.11978789128414669,-0.11250907739993588,-0.12557965315174968,-0.31017843426807656,0.8198012331371964,1.0603842956359053,0.3717484681837432,0.10504995697438137,2007-10-31,2008-10-27,2010-04-14,367,4453,55,0.4531960484174579,4839692.053892618,,,,,,,,,,,,,,0.9230769230769231,0.0,2419.84602694631,,,,,,,,,,,,QQQ_VOL60_TARGET20_bimonthly,QQQ,bimonthly,60,0.2,pre_tax,0.0,pre-tax; no realized tax is charged
2006-06-21,2026-08-31,1782688.878150563,16.82688878150563,0.15332484241406408,0.20476424027958312,-0.4753126803526805,-0.1197878912841468,-0.13432834358689116,-0.15576276999946548,-0.38255324302362026,0.8005176511994969,1.039133011748012,0.32257679786766374,0.12039098589095833,2007-10-31,2008-10-27,2010-11-03,509,4437,36,0.27307010039300145,2988785.2357206726,,,,,,,,,,,,,,0.8823529411764706,0.0,1494.3926178603367,,,,,,,,,,,,QQQ_VOL60_TARGET25_bimonthly,QQQ,bimonthly,60,0.25,pre_tax,0.0,pre-tax; no realized tax is charged
2006-06-21,2026-08-31,1990516.651533008,18.90516651533008,0.15963979535034212,0.21085324787279966,-0.4776803427271452,-0.11978789128414669,-0.13432834358689127,-0.1557627699994656,-0.38974542248098576,0.8093497943148936,1.056094655788441,0.3341979584902652,0.12142360784448347,2007-10-31,2009-03-09,2010-10-22,411,4413,22,0.1706128256726886,2039818.4170115802,,,,,,,,,,,,,,0.8181818181818182,0.0,1019.9092085057902,,,,,,,,,,,,QQQ_VOL60_TARGET30_bimonthly,QQQ,bimonthly,60,0.3,pre_tax,0.0,pre-tax; no realized tax is charged
2006-06-21,2026-08-31,618713.158558584,5.18713158558584,0.0944439659510028,0.13489890093150456,-0.28559366167291667,-0.1197878912841468,-0.1125090773999361,-0.07529966872206006,-0.15297925804284462,0.7380151757428278,0.887210323436459,0.33069349437862217,0.07384322194315585,2020-02-19,2020-03-16,2021-11-03,414,4591,79,0.9160876869479909,5056029.395277292,,,,,,,,,,,,,,0.9428571428571428,0.0,2528.0146976386463,,,,,,,,,,,,QQQ_VOL20_TARGET10_quarterly,QQQ,quarterly,20,0.1,pre_tax,0.0,pre-tax; no realized tax is charged
2006-06-21,2026-08-31,1163754.108240075,10.63754108240075,0.1292239282989618,0.16624677114625694,-0.3148658275867178,-0.1197878912841468,-0.11250907739993599,-0.08922145209662224,-0.22342719326998928,0.8158679451203081,1.040860691939234,0.410409504548003,0.08924455658133337,2007-10-31,2009-03-09,2010-03-18,259,4512,65,0.6936759371749456,5725697.98854485,,,,,,,,,,,,,,0.9354838709677419,0.0,2862.848994272425,,,,,,,,,,,,QQQ_VOL20_TARGET15_quarterly,QQQ,quarterly,20,0.15,pre_tax,0.0,pre-tax; no realized tax is charged
2006-06-21,2026-08-31,1532209.6664873422,14.322096664873422,0.144709869637639,0.18479815913617248,-0.38763947778081964,-0.1197878912841468,-0.11250907739993599,-0.11832024361845994,-0.2900742444526172,0.8254736305770376,1.072962619685251,0.373310454513256,0.1024921721482581,2007-10-31,2009-03-09,2010-04-14,277,4473,44,0.4428576635488857,4451156.263778313,,,,,,,,,,,,,,0.9090909090909091,0.0,2225.5781318891563,,,,,,,,,,,,QQQ_VOL20_TARGET20_quarterly,QQQ,quarterly,20,0.2,pre_tax,0.0,pre-tax; no realized tax is charged
2006-06-21,2026-08-31,1809312.3959570152,17.093123959570153,0.15417177195129428,0.19757772554589056,-0.43375845797152646,-0.11978789128414669,-0.11250907739993599,-0.1471067958413259,-0.3301190569996676,0.8261862346480608,1.0810620948999308,0.35543231288740584,0.11143670585267464,2007-10-31,2009-03-09,2010-10-15,406,4440,28,0.2736948350961116,3019576.975816291,,,,,,,,,,,,,,0.8571428571428571,0.0,1509.7884879081462,,,,,,,,,,,,QQQ_VOL20_TARGET25_quarterly,QQQ,quarterly,20,0.25,pre_tax,0.0,pre-tax; no realized tax is charged
2006-06-21,2026-08-31,1879675.0396185212,17.796750396185214,0.15635433960851985,0.20561332574354754,-0.46483367391966257,-0.1197878912841468,-0.1125090773999361,-0.1557627699994656,-0.3536696464459679,0.8109639066442402,1.0610353486536233,0.3363662066262924,0.1171502696918724,2007-10-31,2009-03-09,2010-10-25,412,4430,17,0.17951794579074,1879621.352553865,,,,,,,,,,,,,,0.8888888888888888,0.0,939.8106762769326,,,,,,,,,,,,QQQ_VOL20_TARGET30_quarterly,QQQ,quarterly,20,0.3,pre_tax,0.0,pre-tax; no realized tax is charged
2006-06-21,2026-08-31,525301.050638024,4.25301050638024,0.08560963143187683,0.13204249345488062,-0.28559366167291667,-0.1197878912841468,-0.11250907739993599,-0.08447241592501065,-0.15954242769058902,0.689575962621921,0.8222382820274191,0.2997602640422861,0.07256053806716592,2020-02-19,2020-03-16,2021-08-30,368,4603,82,0.7986442465055635,3979441.214644819,,,,,,,,,,,,,,0.868421052631579,0.0,1989.7206073224095,,,,,,,,,,,,QQQ_VOL40_TARGET10_quarterly,QQQ,quarterly,40,0.1,pre_tax,0.0,pre-tax; no realized tax is charged
2006-06-21,2026-08-31,1036125.791476115,9.36125791476115,0.1227470319753905,0.16558153025296826,-0.3075345158349425,-0.1197878912841468,-0.11250907739993599,-0.1046627157518718,-0.23268903479723513,0.7836673629285474,0.9897551864265199,0.39913253847990937,0.08783443387780324,2007-10-31,2008-11-20,2010-04-05,342,4534,65,0.6717560929364016,4933203.103185708,,,,,,,,,,,,,,0.8709677419354839,0.0,2466.6015515928543,,,,,,,,,,,,QQQ_VOL40_TARGET15_quarterly,QQQ,quarterly,40,0.15,pre_tax,0.0,pre-tax; no realized tax is charged
2006-06-21,2026-08-31,1465183.7520078188,13.651837520078187,0.14217716088063326,0.18710966921535255,-0.39243351311562236,-0.11978789128414669,-0.11250907739993599,-0.13866808746652803,-0.30157230779344746,0.8057079654081675,1.0388240570149452,0.36229617534918257,0.10425552946295871,2007-10-31,2008-11-20,2010-11-04,492,4476,46,0.4490886024498155,3986373.893533716,,,,,,,,,,,,,,0.9130434782608695,0.0,1993.1869467668582,,,,,,,,,,,,QQQ_VOL40_TARGET20_quarterly,QQQ,quarterly,40,0.2,pre_tax,0.0,pre-tax; no realized tax is charged
2006-06-21,2026-08-31,1747795.1477843113,16.477951477843114,0.1521964355779606,0.19948840264944864,-0.45185577169669,-0.1197878912841468,-0.11250907739993599,-0.1557627699994656,-0.3555527445495368,0.8115515918945738,1.0554377808023827,0.3368252551172967,0.1159450671877058,2007-10-31,2008-11-20,2010-12-08,515,4452,30,0.2737727547980991,2331231.477334574,,,,,,,,,,,,,,0.9375,0.0,1165.6157386672874,,,,,,,,,,,,QQQ_VOL40_TARGET25_quarterly,QQQ,quarterly,40,0.25,pre_tax,0.0,pre-tax; no realized tax is charged
2006-06-21,2026-08-31,1888379.9843936681,17.883799843936682,0.15661893939355154,0.20764381049658373,-0.4881154416418897,-0.1197878912841468,-0.11250907739993599,-0.15576276999946548,-0.383679963557816,0.8061436580035355,1.0502306863888125,0.32086454562209166,0.12264658784666702,2007-10-31,2008-11-20,2010-12-03,512,4433,18,0.14685529384646323,1303858.55398281,,,,,,,,,,,,,,0.8888888888888888,0.0,651.9292769914049,,,,,,,,,,,,QQQ_VOL40_TARGET30_quarterly,QQQ,quarterly,40,0.3,pre_tax,0.0,pre-tax; no realized tax is charged
2006-06-21,2026-08-31,512186.3944661585,4.121863944661586,0.08425132312224548,0.1287807520747986,-0.28559366167291667,-0.1197878912841468,-0.11250907739993599,-0.07285837968179965,-0.16737143015031253,0.6939856632652139,0.8297121517870714,0.2950041770140418,0.07230533948007876,2020-02-19,2020-03-16,2021-08-30,368,4590,82,0.7013065056080593,3481543.2675672807,,,,,,,,,,,,,,0.918918918918919,0.0,1740.7716337836405,,,,,,,,,,,,QQQ_VOL60_TARGET10_quarterly,QQQ,quarterly,60,0.1,pre_tax,0.0,pre-tax; no realized tax is charged
2006-06-21,2026-08-31,989875.5741132139,8.89875574113214,0.12021108715778683,0.167019279925712,-0.32452618165653613,-0.11978789128414669,-0.11250907739993588,-0.10185885087050683,-0.2437658462982819,0.7647825956136741,0.9640438369121654,0.3704203049016638,0.09175751508669489,2007-10-31,2008-11-20,2010-04-14,349,4525,71,0.6250128042768986,4829332.202118135,,,,,,,,,,,,,,0.9354838709677419,0.0,2414.666101059067,,,,,,,,,,,,QQQ_VOL60_TARGET15_quarterly,QQQ,quarterly,60,0.15,pre_tax,0.0,pre-tax; no realized tax is charged
2006-06-21,2026-08-31,1409477.1571320365,13.094771571320365,0.13998692741030094,0.1879209481413266,-0.41073989583826787,-0.11978789128414669,-0.11250907739993588,-0.13497609374543384,-0.3154951186443328,0.7927773375516568,1.0225843698219088,0.3408164846626487,0.10816914816948807,2007-10-31,2008-11-20,2010-11-04,492,4464,42,0.41385297276787475,4109675.934978267,,,,,,,,,,,,,,0.9,0.0,2054.837967489134,,,,,,,,,,,,QQQ_VOL60_TARGET20_quarterly,QQQ,quarterly,60,0.2,pre_tax,0.0,pre-tax; no realized tax is charged
2006-06-21,2026-08-31,1715601.2189336307,16.15601218933631,0.1511361808072771,0.20160259962687593,-0.4745639850020722,-0.1197878912841468,-0.11250907739993599,-0.1557627699994657,-0.37401057888720324,0.8005549600408741,1.039668958266457,0.3184737687302949,0.12078185750242762,2007-10-31,2008-11-20,2010-12-20,523,4447,27,0.24520367274422933,2579758.2555820732,,,,,,,,,,,,,,0.9166666666666666,0.0,1289.8791277910366,,,,,,,,,,,,QQQ_VOL60_TARGET25_quarterly,QQQ,quarterly,60,0.25,pre_tax,0.0,pre-tax; no realized tax is charged
2006-06-21,2026-08-31,1848245.7251152648,17.48245725115265,0.15538920592972771,0.21037476105393982,-0.5103995584032587,-0.11978789128414669,-0.12033325055496058,-0.15576276999946548,-0.3999798456463456,0.7933073865718342,1.0285313100417306,0.30444619978874893,0.12720063728358555,2007-10-31,2008-11-20,2010-12-21,524,4438,18,0.15533339215693054,1696236.968830323,,,,,,,,,,,,,,0.8888888888888888,0.0,848.1184844151614,,,,,,,,,,,,QQQ_VOL60_TARGET30_quarterly,QQQ,quarterly,60,0.3,pre_tax,0.0,pre-tax; no realized tax is charged
2006-06-21,2026-08-31,386541.0272014982,2.8654102720149823,0.06924485220563081,0.11571751759721163,-0.2846352456499265,-0.06603541819003833,-0.07850106309292548,-0.0982405768695026,-0.17150898860013208,0.6378001675409322,0.7777428405998534,0.24327574769427962,0.08400155231940004,2007-06-04,2009-03-09,2011-01-12,467,4706,1045,2.817212361569007,11519220.06113566,,,,,,,,,,,,,,0.7176470588235294,0.0,5759.610030567831,,,,,,,,,,,,SSO_VOL20_TARGET10_weekly,SSO,weekly,20,0.1,pre_tax,0.0,pre-tax; no realized tax is charged
2006-06-21,2026-08-31,699095.5471625866,5.990955471625866,0.10108376509453754,0.16758279787205727,-0.40005648796887083,-0.08025834030201684,-0.11652934067002951,-0.12016413874788245,-0.24960031656306003,0.6600005462373945,0.8186355661013472,0.25267373017183276,0.11996616242239233,2007-06-04,2009-03-09,2011-02-04,483,4676,961,3.3201092651166237,19690036.83991401,,,,,,,,,,,,,,0.7192224622030238,0.0,9845.018419957005,,,,,,,,,,,,SSO_VOL20_TARGET15_weekly,SSO,weekly,20,0.15,pre_tax,0.0,pre-tax; no realized tax is charged
2006-06-21,2026-08-31,1091088.4564299854,9.910884564299854,0.12562436647207353,0.2093567950878472,-0.49626394427782194,-0.091225635081851,-0.1542129048404487,-0.15591944338441976,-0.322627723573395,0.6716858905425792,0.8473911069823734,0.25314022491576704,0.1515899962435108,2007-07-13,2009-03-09,2011-02-11,488,4640,794,2.9028228223407027,22354536.559405066,,,,,,,,,,,,,,0.7275132275132276,0.0,11177.268279702537,,,,,,,,,,,,SSO_VOL20_TARGET20_weekly,SSO,weekly,20,0.2,pre_tax,0.0,pre-tax; no realized tax is charged
2006-06-21,2026-08-31,1409639.327173694,13.09639327173694,0.1399934220943453,0.24108459381401323,-0.5814339714534439,-0.08774321015291209,-0.1913058558563585,-0.14624713205699535,-0.3906665755883515,0.6658761549908128,0.8459128035740754,0.24077269125571676,0.18206611314565815,2007-07-13,2009-03-09,2012-09-07,884,4628,626,2.2048925514374393,18794577.156732626,,,,,,,,,,,,,,0.7435897435897436,0.0,9397.288578366313,,,,,,,,,,,,SSO_VOL20_TARGET25_weekly,SSO,weekly,20,0.25,pre_tax,0.0,pre-tax; no realized tax is charged
2006-06-21,2026-08-31,1711442.6286720515,16.114426286720516,0.15099784754954726,0.26685499266642587,-0.6369509461550833,-0.10077257014240881,-0.21098752427186362,-0.17484008527428863,-0.44296846465414186,0.6623728195915334,0.8412206724330147,0.2370635422728184,0.20415752368518514,2007-07-13,2009-03-09,2012-09-14,889,4594,462,1.645131873384914,14261066.130173307,,,,,,,,,,,,,,0.7366071428571429,0.0,7130.5330650866545,,,,,,,,,,,,SSO_VOL20_TARGET30_weekly,SSO,weekly,20,0.3,pre_tax,0.0,pre-tax; no realized tax is charged
2006-06-21,2026-08-31,363247.7056566095,2.632477056566095,0.06595905605579366,0.11178988807421707,-0.2789220302851245,-0.05547394738633793,-0.09875817232267847,-0.09233979610592402,-0.17398298947091062,0.6285807437537136,0.7653970521346384,0.2364784738888063,0.08380555092129092,2007-06-04,2009-03-09,2011-02-17,492,4666,1043,1.403003682531789,5401401.526295466,,,,,,,,,,,,,,0.7878787878787878,0.0,2700.700763147733,,,,,,,,,,,,SSO_VOL40_TARGET10_weekly,SSO,weekly,40,0.1,pre_tax,0.0,pre-tax; no realized tax is charged
2006-06-21,2026-08-31,611602.5651702915,5.116025651702914,0.09381769443178212,0.16564002091923488,-0.39266420054767215,-0.08025834030201684,-0.1467489200687513,-0.12467372775540453,-0.25286270700986446,0.6257259967234223,0.7651874149655427,0.23892601948669878,0.12260687320485732,2007-06-04,2009-03-09,2012-03-19,764,4671,971,1.8232084350499744,9568754.721291443,,,,,,,,,,,,,,0.779559118236473,0.0,4784.377360645722,,,,,,,,,,,,SSO_VOL40_TARGET15_weekly,SSO,weekly,40,0.15,pre_tax,0.0,pre-tax; no realized tax is charged
2006-06-21,2026-08-31,875533.9278009118,7.755339278009119,0.11342288082418461,0.21197848797951702,-0.48799589174275493,-0.08188875276355922,-0.19379667973843961,-0.1508613243201714,-0.3264223273507043,0.6145340235570754,0.7592675380341418,0.2324258928064399,0.1573309157088137,2007-07-13,2009-03-09,2012-09-14,889,4652,841,1.7673895158249036,11263307.358005686,,,,,,,,,,,,,,0.7738095238095238,0.0,5631.653679002842,,,,,,,,,,,,SSO_VOL40_TARGET20_weekly,SSO,weekly,40,0.2,pre_tax,0.0,pre-tax; no realized tax is charged
2006-06-21,2026-08-31,1234873.5633459564,11.348735633459563,0.13254570373301844,0.24679185900667147,-0.5724652701462454,-0.1028196220184352,-0.21098752427186362,-0.18789077643792362,-0.39476659473377174,0.6296040867131835,0.7868709220196204,0.23153492560196276,0.1875001361345582,2007-07-13,2009-03-09,2013-01-22,975,4617,626,1.3084083224592415,9723365.415515823,,,,,,,,,,,,,,0.7922077922077922,0.0,4861.682707757912,,,,,,,,,,,,SSO_VOL40_TARGET25_weekly,SSO,weekly,40,0.25,pre_tax,0.0,pre-tax; no realized tax is charged
2006-06-21,2026-08-31,1500156.0644696953,14.001560644696953,0.14351208466123833,0.27208122822173114,-0.6371722477216599,-0.12394030465841455,-0.21098752427186362,-0.22479802035210772,-0.4566392524909235,0.6309323033087875,0.7892366933381223,0.22523279250531583,0.20947460887800481,2007-07-13,2009-03-09,2013-01-22,975,4596,452,0.9271379954424442,6680053.705285178,,,,,,,,,,,,,,0.8097345132743363,0.0,3340.0268526425893,,,,,,,,,,,,SSO_VOL40_TARGET30_weekly,SSO,weekly,40,0.3,pre_tax,0.0,pre-tax; no realized tax is charged
2006-06-21,2026-08-31,342780.4955146083,2.4278049551460827,0.06290220218875198,0.11080509002554526,-0.2637741987888683,-0.0532893907186297,-0.10835546123232287,-0.09400359907392775,-0.17228246062426256,0.6072046689540558,0.7350922258555519,0.23846988248877413,0.08230527966961058,2007-07-13,2009-03-09,2011-02-07,484,4651,1042,0.9644564848220384,3639168.6503679915,,,,,,,,,,,,,,0.8333333333333334,0.0,1819.5843251839956,,,,,,,,,,,,SSO_VOL60_TARGET10_weekly,SSO,weekly,60,0.1,pre_tax,0.0,pre-tax; no realized tax is charged
2006-06-21,2026-08-31,550999.9797059649,4.509999797059649,0.08818032620703198,0.16466510787688327,-0.3730523277973625,-0.08018036475410073,-0.16085370710202174,-0.13509843194774107,-0.250726035286828,0.5970249223920453,0.72317251158183,0.2363752204085708,0.12014446919980222,2007-07-13,2009-03-09,2011-02-11,488,4659,978,1.2572660977336558,6158640.33354028,,,,,,,,,,,,,,0.8262626262626263,0.0,3079.32016677014,,,,,,,,,,,,SSO_VOL60_TARGET15_weekly,SSO,weekly,60,0.15,pre_tax,0.0,pre-tax; no realized tax is charged
2006-06-21,2026-08-31,821280.6713331153,7.212806713331153,0.10990151401987536,0.21293866489583124,-0.46887182905701885,-0.09872509584920963,-0.2104712958452435,-0.17872714933786316,-0.32406356943689807,0.5978594873758408,0.7315587357149279,0.234395643348644,0.15392297811968508,2007-07-13,2009-03-09,2011-02-17,492,4647,886,1.348383568626301,8379559.414750997,,,,,,,,,,,,,,0.8278145695364238,0.0,4189.779707375499,,,,,,,,,,,,SSO_VOL60_TARGET20_weekly,SSO,weekly,60,0.2,pre_tax,0.0,pre-tax; no realized tax is charged
2006-06-21,2026-08-31,1241672.1269890922,11.416721269890923,0.13285365784065162,0.2504370953298684,-0.5477560093636925,-0.12407224059675936,-0.21098752427186374,-0.2227100877907675,-0.3923586786269303,0.6252097686254611,0.775186721722998,0.24254167105347268,0.17889766479221422,2007-07-13,2009-03-09,2011-04-27,539,4603,638,1.0017628191094488,7537137.421422388,,,,,,,,,,,,,,0.8454258675078864,0.0,3768.568710711195,,,,,,,,,,,,SSO_VOL60_TARGET25_weekly,SSO,weekly,60,0.25,pre_tax,0.0,pre-tax; no realized tax is charged
2006-06-21,2026-08-31,1437929.8976911046,13.379298976911045,0.14111569129819768,0.2781371651442998,-0.6085090523865235,-0.14969686175066377,-0.21098752427186362,-0.2658743637751261,-0.45570703461632467,0.6157685521397912,0.761361117385018,0.2319040131691604,0.19782123170269614,2007-07-13,2009-03-09,2013-01-04,964,4587,448,0.7301306033991793,5209798.706161335,,,,,,,,,,,,,,0.8148148148148148,0.0,2604.8993530806674,,,,,,,,,,,,SSO_VOL60_TARGET30_weekly,SSO,weekly,60,0.3,pre_tax,0.0,pre-tax; no realized tax is charged
2006-06-21,2026-08-31,444093.7129143213,3.4409371291432125,0.07661916817220771,0.12432060182409849,-0.2852068298773097,-0.05923555748921361,-0.09173709522441209,-0.1315583015455174,-0.18206377743512336,0.6573769687879748,0.7971735585444413,0.26864422638534896,0.09081060856908726,2007-06-04,2009-03-09,2011-02-04,483,4678,241,1.8109298255781094,7829371.0802905485,,,,,,,,,,,,,,0.7815126050420168,0.0,3914.685540145275,,,,,,,,,,,,SSO_VOL20_TARGET10_monthly,SSO,monthly,20,0.1,pre_tax,0.0,pre-tax; no realized tax is charged
2006-06-21,2026-08-31,821983.2862180581,7.219832862180581,0.10994851457572485,0.17677625806715164,-0.3995251124336715,-0.07632688692977785,-0.1359071683418942,-0.14013484706204737,-0.2637494084151316,0.6801093340538774,0.8396617435335614,0.2751980067184846,0.120391770201169,2007-06-04,2009-03-09,2011-02-17,492,4647,232,2.145844857062553,13285805.592169264,,,,,,,,,,,,,,0.8053097345132744,0.0,6642.902796084633,,,,,,,,,,,,SSO_VOL20_TARGET15_monthly,SSO,monthly,20,0.15,pre_tax,0.0,pre-tax; no realized tax is charged
2006-06-21,2026-08-31,1246050.7099688498,11.460507099688497,0.1330511468884521,0.21857484018299939,-0.4942072466727815,-0.08180079655330086,-0.1790001484910232,-0.14013484706204749,-0.3395343835942156,0.68257706956714,0.8545237695478187,0.269221359630419,0.15088142292195958,2007-06-04,2009-03-09,2012-03-13,760,4623,210,1.9124825550716134,14959880.734791761,,,,,,,,,,,,,,0.81,0.0,7479.9403673958805,,,,,,,,,,,,SSO_VOL20_TARGET20_monthly,SSO,monthly,20,0.2,pre_tax,0.0,pre-tax; no realized tax is charged
2006-06-21,2026-08-31,1682561.8387642098,15.825618387642098,0.1500282355695819,0.25131765468760014,-0.5757788438992311,-0.10458327423731895,-0.21098752427186362,-0.15488411291040116,-0.4096665413432037,0.683793316213125,0.8613867697703526,0.2605657313727887,0.17861118337535362,2007-07-13,2009-03-09,2012-03-19,764,4596,170,1.4322583306618586,12742562.1430943,,,,,,,,,,,,,,0.84,0.0,6371.2810715471505,,,,,,,,,,,,SSO_VOL20_TARGET25_monthly,SSO,monthly,20,0.25,pre_tax,0.0,pre-tax; no realized tax is charged
2006-06-21,2026-08-31,2012896.4307876255,19.128964307876256,0.16028199870334547,0.27762882023579133,-0.6342896892137023,-0.12842931809668268,-0.21098752427186374,-0.1783854079744598,-0.4583409634146778,0.6763027256161467,0.8507843760789926,0.2526952612173771,0.19688393468099782,2007-07-13,2009-03-09,2012-09-06,883,4579,123,1.0316774878167543,9425580.371837785,,,,,,,,,,,,,,0.8363636363636363,0.0,4712.790185918893,,,,,,,,,,,,SSO_VOL20_TARGET30_monthly,SSO,monthly,20,0.3,pre_tax,0.0,pre-tax; no realized tax is charged
2006-06-21,2026-08-31,374706.75086676044,2.7470675086676044,0.0675997502124357,0.11686118322040936,-0.2837225406396381,-0.05499511417073022,-0.1114025012783797,-0.1097441943906543,-0.18204139099647187,0.6194769392021929,0.7484529102339452,0.23826006231311578,0.08836226576619502,2007-06-04,2009-03-09,2012-03-26,769,4647,240,0.9365125795286118,3720826.515476007,,,,,,,,,,,,,,0.8384615384615385,0.0,1860.4132577380033,,,,,,,,,,,,SSO_VOL40_TARGET10_monthly,SSO,monthly,40,0.1,pre_tax,0.0,pre-tax; no realized tax is charged
2006-06-21,2026-08-31,645053.7340226396,5.450537340226396,0.0967058087278927,0.17345144645095698,-0.39751570438265127,-0.08125100361735693,-0.16460564315222237,-0.14017114109106188,-0.26353081052893323,0.6204801079356463,0.7521174510112577,0.24327544210631497,0.12890159986500555,2007-06-04,2009-03-09,2012-09-13,888,4653,231,1.2521322473788163,6763126.906928386,,,,,,,,,,,,,,0.8220338983050848,0.0,3381.5634534641936,,,,,,,,,,,,SSO_VOL40_TARGET15_monthly,SSO,monthly,40,0.15,pre_tax,0.0,pre-tax; no realized tax is charged
2006-06-21,2026-08-31,960238.7990723404,8.602387990723404,0.11852617733625959,0.2208480832092511,-0.4910349174510247,-0.10769084257399297,-0.21098752427186374,-0.15461444024131155,-0.3390235066249708,0.6193287127298802,0.7618998731586281,0.24138034409351605,0.1644437657750015,2007-07-13,2009-03-09,2013-01-22,975,4636,211,1.2792028163353975,8727263.08182628,,,,,,,,,,,,,,0.8317757009345794,0.0,4363.631540913141,,,,,,,,,,,,SSO_VOL40_TARGET20_monthly,SSO,monthly,40,0.2,pre_tax,0.0,pre-tax; no realized tax is charged
2006-06-21,2026-08-31,1277061.1511798536,11.770611511798537,0.13443123397898415,0.25753391376327534,-0.5716270586237802,-0.13868519465432771,-0.21098752427186374,-0.1910945349148515,-0.408786598485376,0.620380724571918,0.7684306661982938,0.23517297152208622,0.19269970076954127,2007-07-13,2009-03-09,2013-01-29,980,4609,160,0.9939742564798,7483031.559682737,,,,,,,,,,,,,,0.8227848101265823,0.0,3741.5157798413684,,,,,,,,,,,,SSO_VOL40_TARGET25_monthly,SSO,monthly,40,0.25,pre_tax,0.0,pre-tax; no realized tax is charged
2006-06-21,2026-08-31,1493679.3733269053,13.936793733269052,0.14326711094682398,0.28489118074420283,-0.6275485843550181,-0.17161299303580502,-0.21841658318945745,-0.23028355173126902,-0.4668070267660339,0.6144135502718602,0.7588583250737966,0.22829644511758568,0.2085553056490139,2007-07-13,2009-03-09,2013-01-25,978,4591,117,0.7016323189911914,5156537.273713385,,,,,,,,,,,,,,0.8135593220338984,0.0,2578.268636856692,,,,,,,,,,,,SSO_VOL40_TARGET30_monthly,SSO,monthly,40,0.3,pre_tax,0.0,pre-tax; no realized tax is charged
2006-06-21,2026-08-31,360822.9706568278,2.608229706568278,0.06560558588859067,0.11460386462120167,-0.2649447619801161,-0.06042407908889391,-0.1236829305863959,-0.09994017582227044,-0.1725480189721056,0.6130495865795257,0.7354305239284701,0.24761986384737178,0.08604485072777347,2007-07-13,2009-03-09,2011-02-16,491,4626,239,0.6417264285624665,2478245.4727020157,,,,,,,,,,,,,,0.8467741935483871,0.0,1239.122736351008,,,,,,,,,,,,SSO_VOL60_TARGET10_monthly,SSO,monthly,60,0.1,pre_tax,0.0,pre-tax; no realized tax is charged
2006-06-21,2026-08-31,602062.7191054701,5.020627191054701,0.09296650425352748,0.17159600632309668,-0.3729772525255657,-0.0937239330541767,-0.1824502399861716,-0.14058307564131556,-0.2502946666042871,0.6053966356726489,0.7258200717376162,0.24925515865650574,0.12479102967479815,2007-07-13,2009-03-09,2011-04-27,539,4635,226,0.8912024394513787,4514865.296962669,,,,,,,,,,,,,,0.8378378378378378,0.0,2257.4326484813346,,,,,,,,,,,,SSO_VOL60_TARGET15_monthly,SSO,monthly,60,0.15,pre_tax,0.0,pre-tax; no realized tax is charged
2006-06-21,2026-08-31,934697.9847771223,8.346979847771223,0.11703399487768817,0.2216438945693964,-0.46704490879807437,-0.12937274786366182,-0.21098752427186362,-0.17956489228768946,-0.32265146170580017,0.611915687708048,0.7443334386193184,0.2505840288011522,0.15628213138328792,2007-07-13,2009-03-09,2012-09-14,889,4614,213,0.9919056093548828,6401083.901261532,,,,,,,,,,,,,,0.8666666666666667,0.0,3200.5419506307658,,,,,,,,,,,,SSO_VOL60_TARGET20_monthly,SSO,monthly,60,0.2,pre_tax,0.0,pre-tax; no realized tax is charged
2006-06-21,2026-08-31,1327435.372605629,12.27435372605629,0.13660659969994837,0.2619200244005794,-0.5374049121805176,-0.16762815244609153,-0.21334496681144632,-0.22566728155567517,-0.38984036816729895,0.6217902745755166,0.7615807374899168,0.25419678273067475,0.1783079190361337,2007-07-13,2009-03-09,2012-09-14,889,4589,163,0.7522774176816976,5691355.6034501055,,,,,,,,,,,,,,0.8481012658227848,0.0,2845.677801725053,,,,,,,,,,,,SSO_VOL60_TARGET25_monthly,SSO,monthly,60,0.25,pre_tax,0.0,pre-tax; no realized tax is charged
2006-06-21,2026-08-31,1468501.097417393,13.68501097417393,0.14230507972374928,0.2937401302128064,-0.5974392136596038,-0.20878688027324,-0.2657288134037319,-0.2717766933763134,-0.4520832851766623,0.6019598341413603,0.7323972188375929,0.2381917297528261,0.19702512809352096,2007-07-13,2009-03-09,2013-01-02,962,4579,109,0.578506227806143,4064086.366860224,,,,,,,,,,,,,,0.8,0.0,2032.0431834301125,,,,,,,,,,,,SSO_VOL60_TARGET30_monthly,SSO,monthly,60,0.3,pre_tax,0.0,pre-tax; no realized tax is charged
2006-06-21,2026-08-31,441397.8417494255,3.4139784174942553,0.0762945954639207,0.12925178576003635,-0.3099985502776256,-0.07615463505570663,-0.15846970466904453,-0.12554199897023544,-0.20672929663896034,0.6348903535076275,0.7524075799186524,0.24611274922283832,0.09461985213488437,2007-06-04,2009-03-09,2011-02-07,484,4628,120,1.04912210355018,4565241.329306865,,,,,,,,,,,,,,0.7666666666666667,0.0,2282.620664653433,,,,,,,,,,,,SSO_VOL20_TARGET10_bimonthly,SSO,bimonthly,20,0.1,pre_tax,0.0,pre-tax; no realized tax is charged
2006-06-21,2026-08-31,750874.5739692801,6.5087457396928015,0.10498648823690693,0.18334491737345257,-0.4334640385336145,-0.09014975194807884,-0.21098752427186374,-0.15461444024131166,-0.3009711464056646,0.6377978582220317,0.7710349423013935,0.2422034561207674,0.1348184852788262,2007-06-04,2009-03-09,2011-04-28,540,4620,114,1.2650719657269927,7448463.398609384,,,,,,,,,,,,,,0.8070175438596491,0.0,3724.231699304692,,,,,,,,,,,,SSO_VOL20_TARGET15_bimonthly,SSO,bimonthly,20,0.15,pre_tax,0.0,pre-tax; no realized tax is charged
2006-06-21,2026-08-31,1126023.0413446468,10.260230413446468,0.12738243471878374,0.2255404080114255,-0.5335260242123268,-0.09014975194807884,-0.21098752427186374,-0.1632410844369494,-0.3891811849594634,0.646042443974737,0.7996114397853354,0.23875580372456115,0.1656524356451465,2007-06-04,2009-03-09,2012-09-13,888,4597,106,1.2323230130701168,9029572.808934623,,,,,,,,,,,,,,0.8518518518518519,0.0,4514.7864044673115,,,,,,,,,,,,SSO_VOL20_TARGET20_bimonthly,SSO,bimonthly,20,0.2,pre_tax,0.0,pre-tax; no realized tax is charged
2006-06-21,2026-08-31,1327804.6926720608,12.278046926720608,0.13662225680956652,0.2610124685041945,-0.6219014336527822,-0.116037115918732,-0.21098752427186374,-0.21075171478192,-0.47141466066688587,0.6227378409735929,0.7753418323938838,0.21968474329944218,0.19993308225776812,2007-07-13,2009-03-09,2013-02-12,990,4599,90,0.994338643027466,7595423.050745498,,,,,,,,,,,,,,0.8863636363636364,0.0,3797.7115253727493,,,,,,,,,,,,SSO_VOL20_TARGET25_bimonthly,SSO,bimonthly,20,0.25,pre_tax,0.0,pre-tax; no realized tax is charged
2006-06-21,2026-08-31,1428283.2066517728,13.282832066517729,0.1407353897071324,0.28996367707270515,-0.691495598382779,-0.12842931809668257,-0.24740802871390244,-0.2614884579591429,-0.5400332751640495,0.6007170639631798,0.745600545419652,0.20352318949863799,0.23180514998779578,2007-07-13,2009-03-09,2013-05-03,1046,4601,72,0.7597835747184383,5246530.106487734,,,,,,,,,,,,,,0.8787878787878788,0.0,2623.265053243867,,,,,,,,,,,,SSO_VOL20_TARGET30_bimonthly,SSO,bimonthly,20,0.3,pre_tax,0.0,pre-tax; no realized tax is charged
2006-06-21,2026-08-31,377669.36812645063,2.7766936812645064,0.06801617373400659,0.12009334985894735,-0.28458701243402185,-0.06997335111138092,-0.1686479060103966,-0.12184050268127389,-0.16970034913421006,0.609327227075721,0.7198287917749918,0.23899957047328482,0.0876252164836489,2020-02-19,2020-03-23,2021-11-03,409,4645,120,0.6943797646782286,2750793.377261194,,,,,,,,,,,,,,0.8524590163934426,0.0,1375.396688630597,,,,,,,,,,,,SSO_VOL40_TARGET10_bimonthly,SSO,bimonthly,40,0.1,pre_tax,0.0,pre-tax; no realized tax is charged
2006-06-21,2026-08-31,664956.4854210054,5.649564854210054,0.09835734496549664,0.17654425015769876,-0.3711961580122646,-0.09014975194807895,-0.21098752427186374,-0.15461444024131166,-0.24921173231433436,0.6212558312950723,0.7458473137492141,0.2649740382341103,0.122928524001599,2020-02-19,2020-03-23,2021-08-30,363,4637,118,0.935715349168448,4993450.392956861,,,,,,,,,,,,,,0.8392857142857143,0.0,2496.7251964784314,,,,,,,,,,,,SSO_VOL40_TARGET15_bimonthly,SSO,bimonthly,40,0.15,pre_tax,0.0,pre-tax; no realized tax is charged
2006-06-21,2026-08-31,1094832.724911487,9.94832724911487,0.125815335327069,0.2259020060444978,-0.46549321680735134,-0.10769084257399297,-0.21098752427186374,-0.15461444024131166,-0.3251457404323066,0.6392500783665752,0.7843023627591506,0.2702839284962961,0.15309882312405157,2007-07-13,2009-03-09,2012-09-14,889,4609,111,1.0062862562906913,7113347.892994392,,,,,,,,,,,,,,0.8490566037735849,0.0,3556.6739464971965,,,,,,,,,,,,SSO_VOL40_TARGET20_bimonthly,SSO,bimonthly,40,0.2,pre_tax,0.0,pre-tax; no realized tax is charged
2006-06-21,2026-08-31,1419335.1339320168,13.193351339320168,0.14038044083183432,0.26636364429848264,-0.5482072942872698,-0.13868519465432771,-0.21098752427186374,-0.1910945349148514,-0.39749659654669434,0.6280927239771372,0.775194680271597,0.2560718222736245,0.18155302973128915,2007-07-13,2009-03-09,2013-01-29,980,4597,90,0.8301258543591877,6442848.841458098,,,,,,,,,,,,,,0.8837209302325582,0.0,3221.424420729049,,,,,,,,,,,,SSO_VOL40_TARGET25_bimonthly,SSO,bimonthly,40,0.25,pre_tax,0.0,pre-tax; no realized tax is charged
2006-06-21,2026-08-31,1589267.2985787531,14.89267298578753,0.1467842573571918,0.2942970311617454,-0.6127863825605222,-0.17161299303580513,-0.21841658318945745,-0.23028355173126902,-0.4663429965481808,0.6143608990563187,0.7577083602652481,0.23953576896381926,0.19947907085393582,2007-07-13,2009-03-09,2013-01-29,980,4589,66,0.6341210880949248,4948636.546582104,,,,,,,,,,,,,,0.8333333333333334,0.0,2474.318273291052,,,,,,,,,,,,SSO_VOL40_TARGET30_bimonthly,SSO,bimonthly,40,0.3,pre_tax,0.0,pre-tax; no realized tax is charged
2006-06-21,2026-08-31,344639.74008471885,2.4463974008471885,0.06318695371124505,0.11817873985772039,-0.2745261673415278,-0.07365054552087213,-0.13869080820427304,-0.09920568391981621,-0.18007745761939775,0.5788251246052099,0.679714838140467,0.2301673254798932,0.08820034777228411,2020-02-19,2020-03-23,2021-07-09,327,4608,119,0.47741953292514067,1830636.8611488855,,,,,,,,,,,,,,0.8245614035087719,0.0,915.3184305744425,,,,,,,,,,,,SSO_VOL60_TARGET10_bimonthly,SSO,bimonthly,60,0.1,pre_tax,0.0,pre-tax; no realized tax is charged
2006-06-21,2026-08-31,580010.7931488248,4.800107931488248,0.0909488004475636,0.17551707925589205,-0.39066134983139056,-0.09372393305417659,-0.2044818460789144,-0.14951759919617158,-0.26374366909337654,0.5852238119245305,0.6956146785421677,0.2328072651333875,0.12675834083303386,2020-02-19,2020-03-23,2021-07-23,337,4609,113,0.6825110737111046,3411116.3741407087,,,,,,,,,,,,,,0.8076923076923077,0.0,1705.5581870703543,,,,,,,,,,,,SSO_VOL60_TARGET15_bimonthly,SSO,bimonthly,60,0.15,pre_tax,0.0,pre-tax; no realized tax is charged
2006-06-21,2026-08-31,911225.2505710532,8.112252505710533,0.11562805838267765,0.22762661688480795,-0.473219693980958,-0.1293727478636616,-0.21098752427186374,-0.17956489228768935,-0.34316445418162933,0.596175040805481,0.7206003155186732,0.2443432930906938,0.15924277113668325,2007-07-13,2009-03-09,2013-01-22,975,4594,110,0.7823545322804989,4912394.486383289,,,,,,,,,,,,,,0.8490566037735849,0.0,2456.1972431916442,,,,,,,,,,,,SSO_VOL60_TARGET20_bimonthly,SSO,bimonthly,60,0.2,pre_tax,0.0,pre-tax; no realized tax is charged
2006-06-21,2026-08-31,1184545.5931085502,10.845455931085501,0.1302145621034625,0.27137374701628975,-0.5500276200270584,-0.16762815244609153,-0.2133449668114462,-0.22566728155567528,-0.4183522608667053,0.5885503392142953,0.7147073827132909,0.23674186052158006,0.1873005467559364,2007-07-13,2009-03-09,2013-02-19,994,4586,89,0.6409133074147703,4315225.526258468,,,,,,,,,,,,,,0.8604651162790697,0.0,2157.6127631292334,,,,,,,,,,,,SSO_VOL60_TARGET25_bimonthly,SSO,bimonthly,60,0.25,pre_tax,0.0,pre-tax; no realized tax is charged
2006-06-21,2026-08-31,1340316.0869518998,12.403160869518999,0.137150239550498,0.30272843659622894,-0.6166763208421987,-0.20878688027324,-0.265728813403732,-0.2717766933763134,-0.48932766685812024,0.5778244782592891,0.7013411797220025,0.22240231206411665,0.2055971331127278,2007-07-13,2009-03-09,2013-02-19,994,4570,60,0.5005713352648599,3216825.1249387776,,,,,,,,,,,,,,0.7857142857142857,0.0,1608.412562469389,,,,,,,,,,,,SSO_VOL60_TARGET30_bimonthly,SSO,bimonthly,60,0.3,pre_tax,0.0,pre-tax; no realized tax is charged
2006-06-21,2026-08-31,295903.55331258744,1.9590355331258742,0.055190199394696826,0.15658119570606335,-0.5162428241184074,-0.15324433291258732,-0.1950382834994998,-0.20983101337176413,-0.26455554617088695,0.42283955583528476,0.4546205361597467,0.10690744125876352,0.1760406793143493,2018-01-26,2020-03-23,2025-08-28,1366,4727,80,0.6616420761662191,2339249.628165873,,,,,,,,,,,,,,0.8055555555555556,0.0,1169.6248140829364,,,,,,,,,,,,SSO_VOL20_TARGET10_quarterly,SSO,quarterly,20,0.1,pre_tax,0.0,pre-tax; no realized tax is charged
2006-06-21,2026-08-31,480051.20948524255,3.800512094852426,0.08077796348466637,0.2230363513266124,-0.597327616174123,-0.233582434803694,-0.29728679862982565,-0.2979655745096845,-0.3647062679137959,0.46204820154300025,0.5079893687262512,0.13523225998163013,0.18638183125305535,2018-01-26,2020-03-23,2024-06-17,1066,4702,77,0.8215278525052973,3578021.5008220095,,,,,,,,,,,,,,0.8,0.0,1789.0107504110051,,,,,,,,,,,,SSO_VOL20_TARGET15_quarterly,SSO,quarterly,20,0.15,pre_tax,0.0,pre-tax; no realized tax is charged
2006-06-21,2026-08-31,800535.5892073938,7.005355892073938,0.10849628897789376,0.2529326129234856,-0.5934106033686171,-0.233582434803694,-0.29728679862982565,-0.2979655745096845,-0.3320607105197594,0.5360140407979594,0.6179889375498996,0.18283510331967834,0.17963281594348368,2020-02-19,2020-03-23,2024-01-29,969,4654,65,0.7429593979695089,4022056.7779044807,,,,,,,,,,,,,,0.8125,0.0,2011.02838895224,,,,,,,,,,,,SSO_VOL20_TARGET20_quarterly,SSO,quarterly,20,0.2,pre_tax,0.0,pre-tax; no realized tax is charged
2006-06-21,2026-08-31,1031538.5506826553,9.315385506826553,0.12250036799862207,0.27691503207340784,-0.593410603368617,-0.2335824348036939,-0.29728679862982554,-0.29796557450968464,-0.3610110660405367,0.5580856469682627,0.6603095211561067,0.20643441034458032,0.18564870242969866,2020-02-19,2020-03-23,2021-12-27,445,4627,57,0.6217855517308314,3576905.4923574845,,,,,,,,,,,,,,0.8333333333333334,0.0,1788.4527461787425,,,,,,,,,,,,SSO_VOL20_TARGET25_quarterly,SSO,quarterly,20,0.25,pre_tax,0.0,pre-tax; no realized tax is charged
2006-06-21,2026-08-31,1163929.3252475725,10.639293252475724,0.129232346772427,0.2977086881192938,-0.595015052602027,-0.233582434803694,-0.29728679862982565,-0.29796557450968464,-0.41991362978032964,0.5594299290876508,0.6708864637146418,0.21719172684336013,0.20572237122346582,2007-10-09,2009-03-09,2013-02-19,994,4616,47,0.4830138929707933,2679655.8069238816,,,,,,,,,,,,,,0.782608695652174,0.0,1339.8279034619404,,,,,,,,,,,,SSO_VOL20_TARGET30_quarterly,SSO,quarterly,20,0.3,pre_tax,0.0,pre-tax; no realized tax is charged
2006-06-21,2026-08-31,248197.72962756723,1.481977296275672,0.04604381929598156,0.1481151057416608,-0.5284725332619105,-0.1671862366936876,-0.21278252846111978,-0.2260420009180647,-0.2713887743996154,0.3794938549941095,0.40241140350808347,0.087126229648651,0.1737568149120536,2018-01-26,2020-03-23,2025-10-06,1392,4754,80,0.48594941631126415,1606153.660763442,,,,,,,,,,,,,,0.8571428571428571,0.0,803.076830381721,,,,,,,,,,,,SSO_VOL40_TARGET10_quarterly,SSO,quarterly,40,0.1,pre_tax,0.0,pre-tax; no realized tax is charged
2006-06-21,2026-08-31,405797.08410712215,3.0579708410712216,0.07182201395129972,0.21343697462308361,-0.6257940873689902,-0.233582434803694,-0.29728679862982565,-0.2979655745096845,-0.3399340854195526,0.43388231480379735,0.47469189549285407,0.11476940322855901,0.2023551526388263,2018-01-26,2020-03-23,2024-09-26,1136,4727,80,0.6725708851316219,2759490.84013364,,,,,,,,,,,,,,0.8648648648648649,0.0,1379.7454200668199,,,,,,,,,,,,SSO_VOL40_TARGET15_quarterly,SSO,quarterly,40,0.15,pre_tax,0.0,pre-tax; no realized tax is charged
2006-06-21,2026-08-31,690205.5524101388,5.902055524101388,0.10038618654618614,0.24962046834660748,-0.5934106033686171,-0.2335824348036939,-0.29728679862982554,-0.2979655745096845,-0.3297746139720461,0.5102824111455012,0.586525217160976,0.16916817120611488,0.1821321222471806,2020-02-19,2020-03-23,2024-01-19,963,4676,72,0.7117387495434636,3415679.868679209,,,,,,,,,,,,,,0.84375,0.0,1707.8399343396047,,,,,,,,,,,,SSO_VOL40_TARGET20_quarterly,SSO,quarterly,40,0.2,pre_tax,0.0,pre-tax; no realized tax is charged
2006-06-21,2026-08-31,926958.0012633487,8.269580012633487,0.11657414147940925,0.27966642893224863,-0.593410603368617,-0.23358243480369412,-0.29728679862982565,-0.29796557450968464,-0.3981365003350944,0.5363955208218195,0.6316582686854811,0.19644768869590842,0.19795215486754578,2020-02-19,2020-03-23,2021-10-29,406,4646,60,0.6175459953804668,3150435.0186310178,,,,,,,,,,,,,,0.7857142857142857,0.0,1575.217509315509,,,,,,,,,,,,SSO_VOL40_TARGET25_quarterly,SSO,quarterly,40,0.25,pre_tax,0.0,pre-tax; no realized tax is charged
2006-06-21,2026-08-31,1182604.7138888978,10.826047138888978,0.13012278901438812,0.3010709906228474,-0.5934106033686171,-0.233582434803694,-0.29728679862982565,-0.2979655745096845,-0.46137783052599735,0.5591802008387503,0.6674124607845059,0.2192795145144347,0.21272209928983418,2020-02-19,2020-03-23,2021-07-26,338,4604,49,0.46887587705868095,2372700.2535170573,,,,,,,,,,,,,,0.7272727272727273,0.0,1186.3501267585286,,,,,,,,,,,,SSO_VOL40_TARGET30_quarterly,SSO,quarterly,40,0.3,pre_tax,0.0,pre-tax; no realized tax is charged
2006-06-21,2026-08-31,262472.027144677,1.62472027144677,0.048944356010381274,0.1361418835517131,-0.4564789249783845,-0.12801786568731177,-0.16293186381753577,-0.17942451533882586,-0.18709260950230855,0.4203174559678186,0.4607053983592114,0.10722150209387853,0.14858062890669088,2018-01-26,2020-03-23,2024-10-14,1148,4730,80,0.4536386331901666,1504197.0714261816,,,,,,,,,,,,,,0.8157894736842105,0.0,752.0985357130908,,,,,,,,,,,,SSO_VOL60_TARGET10_quarterly,SSO,quarterly,60,0.1,pre_tax,0.0,pre-tax; no realized tax is charged
2006-06-21,2026-08-31,371627.72563162504,2.7162772563162503,0.0671636349717577,0.20969739586802807,-0.6166031176407203,-0.22238987225519047,-0.2830417159834995,-0.28641637731724656,-0.312056573457668,0.41689145127284616,0.4572822618230129,0.1089252276711522,0.2062789202694811,2018-01-26,2020-03-23,2024-11-08,1167,4739,77,0.6460602588856952,2509823.7737989444,,,,,,,,,,,,,,0.8108108108108109,0.0,1254.9118868994726,,,,,,,,,,,,SSO_VOL60_TARGET15_quarterly,SSO,quarterly,60,0.15,pre_tax,0.0,pre-tax; no realized tax is charged
2006-06-21,2026-08-31,625211.14346538,5.252111434653799,0.09501032766367334,0.2519686205420746,-0.5934106033686171,-0.233582434803694,-0.29728679862982565,-0.2979655745096845,-0.34746534972182475,0.48842216171091307,0.5593030006184142,0.16010891467784316,0.19024835159591078,2020-02-19,2020-03-23,2024-01-25,967,4694,73,0.7124150211798203,3452923.457549797,,,,,,,,,,,,,,0.8285714285714286,0.0,1726.4617287748986,,,,,,,,,,,,SSO_VOL60_TARGET20_quarterly,SSO,quarterly,60,0.2,pre_tax,0.0,pre-tax; no realized tax is charged
2006-06-21,2026-08-31,859480.1118144101,7.594801118144101,0.11240300298211059,0.28312869371852695,-0.5934106033686171,-0.233582434803694,-0.29728679862982565,-0.29796557450968464,-0.41863391910593406,0.5200784827129157,0.6106446193539654,0.18941859539420408,0.20647720302476721,2020-02-19,2020-03-23,2021-11-02,408,4657,64,0.5997472042850497,3328675.1619117437,,,,,,,,,,,,,,0.7857142857142857,0.0,1664.3375809558718,,,,,,,,,,,,SSO_VOL60_TARGET25_quarterly,SSO,quarterly,60,0.25,pre_tax,0.0,pre-tax; no realized tax is charged
2006-06-21,2026-08-31,1127056.4010730563,10.270564010730563,0.1274336448038873,0.3044711856225485,-0.593410603368617,-0.2335824348036939,-0.29728679862982543,-0.2979655745096845,-0.48412708296700024,0.5484576445209229,0.6547349193857177,0.21474783915299808,0.22167074757322705,2020-02-19,2020-03-23,2021-07-12,328,4609,47,0.46547344645979727,2743519.4350944157,,,,,,,,,,,,,,0.75,0.0,1371.759717547208,,,,,,,,,,,,SSO_VOL60_TARGET30_quarterly,SSO,quarterly,60,0.3,pre_tax,0.0,pre-tax; no realized tax is charged
2006-06-21,2026-08-31,593103.3498767318,4.9310334987673174,0.09215535219838134,0.11353954742961812,-0.24873181284226809,-0.050688247563984934,-0.061772907214969086,-0.07989242188864143,-0.17359166441594998,0.8348462534002697,1.0671486008752296,0.37050086655711045,0.06936682298204587,2007-10-31,2009-03-09,2010-04-13,276,4636,1050,2.1863715279586877,11452601.958764281,,,,,,,,,,,,,,0.7751479289940828,0.0,5726.30097938214,,,,,,,,,,,,QLD_VOL20_TARGET10_weekly,QLD,weekly,20,0.1,pre_tax,0.0,pre-tax; no realized tax is charged
2006-06-21,2026-08-31,1303873.395540435,12.038733955404352,0.13559904543292678,0.1688820771668323,-0.3526820289165252,-0.07012343081781713,-0.09287428067695691,-0.12431612549607862,-0.2519837468475279,0.8392569989628357,1.079424004255603,0.38447960007914417,0.10229782568511109,2007-10-31,2009-03-09,2010-04-14,277,4629,1028,3.0060810855722577,26252682.89272828,,,,,,,,,,,,,,0.7770961145194274,0.0,13126.34144636414,,,,,,,,,,,,QLD_VOL20_TARGET15_weekly,QLD,weekly,20,0.15,pre_tax,0.0,pre-tax; no realized tax is charged
2006-06-21,2026-08-31,2475150.7156133447,23.751507156133446,0.17222061563094226,0.21965396221511513,-0.44450393790443055,-0.09356976378660753,-0.124116088850041,-0.1716374304180881,-0.3249334503328466,0.8353317925599113,1.079568103859931,0.387444521735531,0.13365047378788836,2007-10-31,2009-03-09,2010-04-15,278,4625,964,3.293717328931214,44912360.01644361,,,,,,,,,,,,,,0.7853982300884956,0.0,22456.180008221803,,,,,,,,,,,,QLD_VOL20_TARGET20_weekly,QLD,weekly,20,0.2,pre_tax,0.0,pre-tax; no realized tax is charged
2006-06-21,2026-08-31,4118052.951792363,40.18052951792363,0.20214667668706632,0.26231629714774496,-0.525266831666066,-0.10909641899191003,-0.14284480204942818,-0.1968485217708864,-0.3925938236739098,0.8353081641510397,1.0879035625399596,0.38484569080040326,0.16025984538370946,2007-10-31,2009-03-09,2010-10-27,414,4605,833,2.974115569265535,61920454.17893492,,,,,,,,,,,,,,0.8020304568527918,0.0,30960.22708946746,,,,,,,,,,,,QLD_VOL20_TARGET25_weekly,QLD,weekly,20,0.25,pre_tax,0.0,pre-tax; no realized tax is charged
2006-06-21,2026-08-31,6238855.544505297,61.38855544505297,0.22713199395696226,0.2964127018344705,-0.5959980552064477,-0.09874738672891015,-0.17042855535498502,-0.18899368815438977,-0.45514212675596444,0.8411299922846164,1.105223042442671,0.38109519313496093,0.18206951820415576,2007-10-31,2009-03-09,2010-11-04,420,4573,684,2.4317107437697847,75800865.13319807,,,,,,,,,,,,,,0.7863777089783281,0.0,37900.43256659903,,,,,,,,,,,,QLD_VOL20_TARGET30_weekly,QLD,weekly,20,0.3,pre_tax,0.0,pre-tax; no realized tax is charged
2006-06-21,2026-08-31,513577.4538321963,4.135774538321963,0.08439695517789092,0.10977504957414068,-0.254938492759776,-0.038988048824341814,-0.07193012374870678,-0.07553601364946694,-0.18307709867233124,0.7945340369817466,1.0136705804052668,0.3310483021385738,0.0700232761512732,2007-10-31,2009-03-09,2010-11-04,420,4587,1046,1.1167987512343875,5389989.455510094,,,,,,,,,,,,,,0.835820895522388,0.0,2694.9947277550473,,,,,,,,,,,,QLD_VOL40_TARGET10_weekly,QLD,weekly,40,0.1,pre_tax,0.0,pre-tax; no realized tax is charged
2006-06-21,2026-08-31,1064990.5363002787,9.649905363002787,0.12427572987718838,0.164480943639685,-0.3609801261313135,-0.05757116651271499,-0.10715065426631498,-0.11213449612250781,-0.2650490687482697,0.796139818134057,1.017444292990813,0.3442730523950803,0.10373992829276035,2007-10-31,2009-03-09,2010-11-04,420,4599,1035,1.604077181047443,12248392.937455693,,,,,,,,,,,,,,0.8244274809160306,0.0,6124.196468727845,,,,,,,,,,,,QLD_VOL40_TARGET15_weekly,QLD,weekly,40,0.15,pre_tax,0.0,pre-tax; no realized tax is charged
2006-06-21,2026-08-31,1960462.9056923657,18.604629056923656,0.15876650020347793,0.2173984214098188,-0.45432860975443323,-0.07672470642955942,-0.14186425890994536,-0.14794996059014254,-0.34088907308343575,0.7884494373559783,1.00951574273523,0.3494530099904824,0.13649835101295194,2007-10-31,2009-03-09,2010-12-10,445,4618,1007,1.9043600704333863,22465279.568074748,,,,,,,,,,,,,,0.8326848249027238,0.0,11232.639784037376,,,,,,,,,,,,QLD_VOL40_TARGET20_weekly,QLD,weekly,40,0.2,pre_tax,0.0,pre-tax; no realized tax is charged
2006-06-21,2026-08-31,3107979.795049815,30.07979795049815,0.1855110149828596,0.26408548750829836,-0.5361315760250241,-0.09585966736570017,-0.1760628025711637,-0.17089261801963496,-0.4108152102478607,0.7785769700082368,1.0017846692572094,0.3460177002784869,0.16693478611718646,2007-10-31,2009-03-09,2010-12-22,453,4604,877,1.7916555027562138,29555323.357591186,,,,,,,,,,,,,,0.8333333333333334,0.0,14777.661678795595,,,,,,,,,,,,QLD_VOL40_TARGET25_weekly,QLD,weekly,40,0.25,pre_tax,0.0,pre-tax; no realized tax is charged
2006-06-21,2026-08-31,4653423.7717231205,45.53423771723121,0.20944450812845483,0.30036212429900105,-0.6074878265894306,-0.11497595573177966,-0.20008456821571297,-0.20251475577570943,-0.4750660636568831,0.7856074668148181,1.0180327553059159,0.34477153115038056,0.19166254097213922,2007-10-31,2009-03-09,2011-01-03,460,4582,689,1.44084544490314,35895941.623059064,,,,,,,,,,,,,,0.85,0.0,17947.970811529533,,,,,,,,,,,,QLD_VOL40_TARGET30_weekly,QLD,weekly,40,0.3,pre_tax,0.0,pre-tax; no realized tax is charged
2006-06-21,2026-08-31,462007.1066784384,3.6200710667843836,0.07872947034684241,0.10869474609706083,-0.24308745972028623,-0.045908820298917075,-0.07979313903741392,-0.07118826713127857,-0.18219519687455865,0.7530314052389268,0.956460805302467,0.3238730226455703,0.0684004358948764,2007-10-31,2009-03-09,2010-04-22,283,4575,1042,0.763350654814942,3508474.359355304,,,,,,,,,,,,,,0.8875968992248062,0.0,1754.237179677652,,,,,,,,,,,,QLD_VOL60_TARGET10_weekly,QLD,weekly,60,0.1,pre_tax,0.0,pre-tax; no realized tax is charged
2006-06-21,2026-08-31,902910.9163223973,8.029109163223973,0.11512178998317446,0.16298883206291837,-0.345490731136768,-0.06882135928645727,-0.1187671315381964,-0.10569691318498331,-0.26399118956620193,0.7516562444177172,0.9550238094195213,0.333212383453499,0.10147999418330758,2007-10-31,2009-03-09,2010-11-02,418,4586,1032,1.0868948978494024,7526716.314000096,,,,,,,,,,,,,,0.8850574712643678,0.0,3763.3581570000474,,,,,,,,,,,,QLD_VOL60_TARGET15_weekly,QLD,weekly,60,0.15,pre_tax,0.0,pre-tax; no realized tax is charged
2006-06-21,2026-08-31,1599639.2404899066,14.996392404899066,0.147153720227992,0.21662595079167424,-0.4364067309988493,-0.09170576106959949,-0.1571117486533814,-0.1394802894349737,-0.33978505365355927,0.7438830358063706,0.9462855631034364,0.3371939747381669,0.13412333414796318,2007-10-31,2009-03-09,2010-11-04,420,4607,1015,1.3719069298206739,13745110.444115283,,,,,,,,,,,,,,0.8764705882352941,0.0,6872.555222057641,,,,,,,,,,,,QLD_VOL60_TARGET20_weekly,QLD,weekly,60,0.2,pre_tax,0.0,pre-tax; no realized tax is charged
2006-06-21,2026-08-31,2596643.5993244867,24.96643599324487,0.17500543048324846,0.2653170367185028,-0.5167682257039232,-0.11456185675134001,-0.19362944631615298,-0.16891805388721082,-0.40976282990568,0.7425913360129267,0.9471551603422987,0.33865362028569446,0.1645442350547375,2007-10-31,2009-03-09,2010-12-07,442,4604,902,1.344330419148459,19250591.9103998,,,,,,,,,,,,,,0.8861607142857143,0.0,9625.295955199901,,,,,,,,,,,,QLD_VOL60_TARGET25_weekly,QLD,weekly,60,0.25,pre_tax,0.0,pre-tax; no realized tax is charged
2006-06-21,2026-08-31,4070634.232075389,39.70634232075389,0.2014574332488943,0.303880999697547,-0.5874863778100244,-0.13738947616070352,-0.20008456821571297,-0.20015824735617838,-0.47413800534670536,0.7581637939338054,0.9769850976094209,0.34291422041114905,0.1870452564758697,2007-10-31,2009-03-09,2010-12-08,443,4573,713,1.095371321655619,24471594.039341073,,,,,,,,,,,,,,0.8728323699421965,0.0,12235.797019670536,,,,,,,,,,,,QLD_VOL60_TARGET30_weekly,QLD,weekly,60,0.3,pre_tax,0.0,pre-tax; no realized tax is charged
2006-06-21,2026-08-31,685431.4526837786,5.854314526837786,0.10000804082589942,0.12112606120770159,-0.24511823862961257,-0.05175051162728028,-0.07450824923222765,-0.12740031008504693,-0.17670116551932502,0.8492054603826423,1.0696727352615472,0.4079991818846952,0.06780956029443899,2007-10-31,2009-03-09,2010-04-15,278,4609,241,1.4094175225206071,7933609.411848145,,,,,,,,,,,,,,0.8,0.0,3966.8047059240726,,,,,,,,,,,,QLD_VOL20_TARGET10_monthly,QLD,monthly,20,0.1,pre_tax,0.0,pre-tax; no realized tax is charged
2006-06-21,2026-08-31,1584644.3798237867,14.846443798237866,0.1466188436701683,0.17840075173922124,-0.34923803947075605,-0.07016988674081304,-0.11003806687086715,-0.16967298846057188,-0.2582466617084507,0.8580308993662477,1.0923722815000905,0.4198249534682938,0.09941822194201537,2007-10-31,2009-03-09,2010-04-23,284,4606,238,1.9231407242837257,18509571.492246736,,,,,,,,,,,,,,0.7950819672131147,0.0,9254.785746123369,,,,,,,,,,,,QLD_VOL20_TARGET15_monthly,QLD,monthly,20,0.15,pre_tax,0.0,pre-tax; no realized tax is charged
2006-06-21,2026-08-31,3030362.4155536816,29.303624155536816,0.18402725376930462,0.22873373913519687,-0.44217271852472073,-0.08293883360325494,-0.14448821045406912,-0.16787658757060453,-0.33515032065065575,0.8549973178738608,1.0987091666006015,0.41618862055374894,0.12880356482885566,2007-10-31,2009-03-09,2010-10-26,413,4594,234,2.065028101229293,31212697.79223904,,,,,,,,,,,,,,0.8166666666666667,0.0,15606.34889611952,,,,,,,,,,,,QLD_VOL20_TARGET20_monthly,QLD,monthly,20,0.2,pre_tax,0.0,pre-tax; no realized tax is charged
2006-06-21,2026-08-31,5127921.014352251,50.279210143522505,0.21527366697864458,0.2718508129567018,-0.5247337344239948,-0.10735471804430696,-0.1779071568556807,-0.18521793839577483,-0.40736715567367643,0.8554325175250873,1.1083455122301746,0.4102531490851308,0.15595300539456336,2007-10-31,2009-03-09,2010-11-03,419,4582,217,1.8598012000661395,43187157.908986926,,,,,,,,,,,,,,0.8240740740740741,0.0,21593.578954493463,,,,,,,,,,,,QLD_VOL20_TARGET25_monthly,QLD,monthly,20,0.25,pre_tax,0.0,pre-tax; no realized tax is charged
2006-06-21,2026-08-31,7997498.6720349295,78.97498672034929,0.24231530238906074,0.30709193441285587,-0.5977134448790287,-0.1335683231001139,-0.20008456821571297,-0.22334821955870243,-0.4748788225197358,0.8625866592305023,1.1240118048475276,0.4054038008766943,0.17858910855564586,2007-10-31,2009-03-09,2010-11-04,420,4559,177,1.496840712436927,52893810.190585524,,,,,,,,,,,,,,0.8117647058823529,0.0,26446.90509529276,,,,,,,,,,,,QLD_VOL20_TARGET30_monthly,QLD,monthly,20,0.3,pre_tax,0.0,pre-tax; no realized tax is charged
2006-06-21,2026-08-31,525904.1132437292,4.259041132437292,0.08567131369497116,0.11345002374071056,-0.24766639476331032,-0.04558065294241842,-0.08896619626026347,-0.0887665434620104,-0.17961344055741602,0.7828055686248198,0.9897218002609575,0.34591416319055107,0.06963533729155057,2007-10-31,2009-03-09,2010-11-04,420,4582,240,0.6905704924406917,3489927.2723462377,,,,,,,,,,,,,,0.8968253968253969,0.0,1744.9636361731189,,,,,,,,,,,,QLD_VOL40_TARGET10_monthly,QLD,monthly,40,0.1,pre_tax,0.0,pre-tax; no realized tax is charged
2006-06-21,2026-08-31,1095745.19366556,9.957451936655602,0.12586177987624447,0.17076266920868932,-0.3522510412338823,-0.0696774867907366,-0.13099821335336437,-0.13346852490477357,-0.26171524431880855,0.781344261190939,0.9871424510082991,0.35730704850543415,0.10317627568461876,2007-10-31,2009-03-09,2010-12-17,450,4600,238,1.0276496040119736,8292763.415608785,,,,,,,,,,,,,,0.875,0.0,4146.381707804393,,,,,,,,,,,,QLD_VOL40_TARGET15_monthly,QLD,monthly,40,0.15,pre_tax,0.0,pre-tax; no realized tax is charged
2006-06-21,2026-08-31,1980340.8330939107,18.803408330939106,0.15934552038808714,0.22690358841449856,-0.4452748231609258,-0.09471319901181396,-0.1715140627431605,-0.17838340791462637,-0.33871118058499605,0.7670244448853397,0.9693260817814124,0.3578588146011085,0.13601696170742555,2007-10-31,2009-03-09,2011-01-05,462,4609,236,1.278453483857764,15586927.58627299,,,,,,,,,,,,,,0.8782608695652174,0.0,7793.463793136494,,,,,,,,,,,,QLD_VOL40_TARGET20_monthly,QLD,monthly,40,0.2,pre_tax,0.0,pre-tax; no realized tax is charged
2006-06-21,2026-08-31,3306991.7122836425,32.06991712283642,0.18916020265423783,0.2739134531641398,-0.5276517962258741,-0.12074375171730811,-0.20008456821571285,-0.19132231925617205,-0.41065117160900855,0.7716036207893361,0.9848553107588507,0.3584943783139577,0.16365656378965607,2007-10-31,2009-03-09,2011-01-06,463,4595,214,1.2717075711638228,22735368.80299348,,,,,,,,,,,,,,0.8932038834951457,0.0,11367.684401496743,,,,,,,,,,,,QLD_VOL40_TARGET25_monthly,QLD,monthly,40,0.25,pre_tax,0.0,pre-tax; no realized tax is charged
2006-06-21,2026-08-31,4858677.059791045,47.58677059791045,0.2120323072585173,0.3100391214583127,-0.6002678653792509,-0.1478296446920221,-0.20008456821571297,-0.23050086376852708,-0.4776141736617573,0.7775814946895826,1.0004885831374761,0.35322948218218325,0.18638474606609012,2007-10-31,2009-03-09,2011-01-10,465,4568,174,1.0334965161239078,26670832.027022634,,,,,,,,,,,,,,0.8658536585365854,0.0,13335.416013511318,,,,,,,,,,,,QLD_VOL40_TARGET30_monthly,QLD,monthly,40,0.3,pre_tax,0.0,pre-tax; no realized tax is charged
2006-06-21,2026-08-31,489939.9247865357,3.8993992478653565,0.08186976129085766,0.11104952327502549,-0.2269229038672692,-0.05448162781328225,-0.09726005285745953,-0.07614615914311962,-0.16796231554906116,0.7656409725988357,0.9646959539829725,0.36078227404821406,0.06711669448667848,2007-10-31,2009-03-09,2010-04-13,276,4563,239,0.5032059260467365,2429918.395055142,,,,,,,,,,,,,,0.9029850746268657,0.0,1214.9591975275712,,,,,,,,,,,,QLD_VOL60_TARGET10_monthly,QLD,monthly,60,0.1,pre_tax,0.0,pre-tax; no realized tax is charged
2006-06-21,2026-08-31,987106.9681271182,8.871069681271182,0.12005573128847535,0.16723982359700248,-0.32464616471619656,-0.08359603182525666,-0.142965700448629,-0.11448880311249177,-0.24546503008484954,0.7632414313213357,0.9612308116697559,0.3698048655323781,0.09937354902601792,2007-10-31,2009-03-09,2010-04-14,277,4574,238,0.741681085360323,5502206.972254615,,,,,,,,,,,,,,0.8955223880597015,0.0,2751.103486127308,,,,,,,,,,,,QLD_VOL60_TARGET15_monthly,QLD,monthly,60,0.15,pre_tax,0.0,pre-tax; no realized tax is charged
2006-06-21,2026-08-31,1831575.3074779122,17.31575307477912,0.1548709396544612,0.22331312474253734,-0.4127417993254914,-0.11407672873128094,-0.18687500875586316,-0.15300245293760095,-0.31861276879050726,0.7583548118335087,0.9555344301941103,0.3752247528783213,0.1308196265743391,2007-10-31,2009-03-09,2010-04-22,283,4580,236,0.9580616928091523,10686537.377725776,,,,,,,,,,,,,,0.889763779527559,0.0,5343.268688862888,,,,,,,,,,,,QLD_VOL60_TARGET20_monthly,QLD,monthly,60,0.2,pre_tax,0.0,pre-tax; no realized tax is charged
2006-06-21,2026-08-31,3141817.557849827,30.41817557849827,0.18614687467911906,0.2732576285240865,-0.4918471372552021,-0.14602220641575792,-0.20008456821571297,-0.17762314355350084,-0.3874047636028354,0.763485121955747,0.9694466061782495,0.3784648940277028,0.15728241398134635,2007-10-31,2009-03-09,2010-11-04,420,4572,218,0.9620435698473561,15627010.62248563,,,,,,,,,,,,,,0.9051724137931034,0.0,7813.505311242814,,,,,,,,,,,,QLD_VOL60_TARGET25_monthly,QLD,monthly,60,0.25,pre_tax,0.0,pre-tax; no realized tax is charged
2006-06-21,2026-08-31,4738788.800283534,46.387888002835346,0.21053370097019775,0.3128305671297667,-0.5625873483004742,-0.17954065167888666,-0.20008456821571297,-0.20323185238176478,-0.4518605378363042,0.769478464564618,0.9849694667327524,0.3742240233560195,0.17781967783585023,2007-10-31,2009-03-09,2010-11-04,420,4542,179,0.7806098546805328,19501137.032443754,,,,,,,,,,,,,,0.9247311827956989,0.0,9750.568516221878,,,,,,,,,,,,QLD_VOL60_TARGET30_monthly,QLD,monthly,60,0.3,pre_tax,0.0,pre-tax; no realized tax is charged
2006-06-21,2026-08-31,626638.0569938645,5.266380569938645,0.09513394741572778,0.12725742368771958,-0.2568977813765272,-0.06297902144541523,-0.13173052538659524,-0.1258519009198712,-0.19059794437634447,0.7793774409926866,0.9504509370760169,0.37031829121284965,0.07282212738158714,2007-10-31,2009-03-09,2010-04-15,278,4590,120,0.8259556791255477,4497080.306400828,,,,,,,,,,,,,,0.9,0.0,2248.5401532004144,,,,,,,,,,,,QLD_VOL20_TARGET10_bimonthly,QLD,bimonthly,20,0.1,pre_tax,0.0,pre-tax; no realized tax is charged
2006-06-21,2026-08-31,1258271.7866538973,11.582717866538973,0.1335988893908735,0.18585090765889953,-0.3683858639216945,-0.09421951008347051,-0.1896464900652166,-0.16767079676952457,-0.2813738594423715,0.769488623244372,0.9479473647136075,0.36266019539574895,0.1072669888577549,2007-10-31,2009-03-09,2010-10-28,415,4600,118,1.0836543645093157,9284994.62221605,,,,,,,,,,,,,,0.8947368421052632,0.0,4642.497311108025,,,,,,,,,,,,QLD_VOL20_TARGET15_bimonthly,QLD,bimonthly,20,0.15,pre_tax,0.0,pre-tax; no realized tax is charged
2006-06-21,2026-08-31,2384510.85890929,22.8451085890929,0.17005704478112627,0.23592092814983975,-0.46908572134155246,-0.10011206168084608,-0.20008456821571297,-0.1774930221341534,-0.3686378182999017,0.7856683778768279,0.9906466384258884,0.36252871712823614,0.1363184339359593,2007-10-31,2009-03-09,2010-11-08,422,4582,115,1.2240127433974881,16546781.482424721,,,,,,,,,,,,,,0.8909090909090909,0.0,8273.39074121236,,,,,,,,,,,,QLD_VOL20_TARGET20_bimonthly,QLD,bimonthly,20,0.2,pre_tax,0.0,pre-tax; no realized tax is charged
2006-06-21,2026-08-31,3986649.897349519,38.86649897349519,0.20021775527159047,0.27930867352915323,-0.5594308151769172,-0.10735471804430696,-0.20008456821571297,-0.18888411312620124,-0.4520370507010285,0.7951536038183956,1.0193410683793804,0.35789547132521227,0.16412306345789207,2007-10-31,2009-03-09,2011-01-03,460,4579,112,1.1826093113168583,24736198.11312177,,,,,,,,,,,,,,0.8909090909090909,0.0,12368.099056560884,,,,,,,,,,,,QLD_VOL20_TARGET25_bimonthly,QLD,bimonthly,20,0.25,pre_tax,0.0,pre-tax; no realized tax is charged
2006-06-21,2026-08-31,5620049.27550999,55.2004927550999,0.22080098935400905,0.31654929355852496,-0.6398923090334419,-0.1335683231001138,-0.20008456821571308,-0.22754538340522001,-0.5312458372698149,0.7906215740421982,1.0208280605777225,0.34505960805737645,0.1901983620882076,2007-10-31,2009-03-09,2011-01-14,469,4563,92,1.0096760904872195,28344287.967520136,,,,,,,,,,,,,,0.8888888888888888,0.0,14172.143983760068,,,,,,,,,,,,QLD_VOL20_TARGET30_bimonthly,QLD,bimonthly,20,0.3,pre_tax,0.0,pre-tax; no realized tax is charged
2006-06-21,2026-08-31,538612.1784340215,4.386121784340215,0.08695571931941593,0.11687023448025415,-0.23832788358585477,-0.06323870762637962,-0.13223064568434906,-0.07620831996040744,-0.1743740682671936,0.7734458514686715,0.96178782012311,0.3648575148282688,0.070225526009366,2007-10-31,2009-03-09,2010-04-14,277,4594,120,0.5237427813325154,2641771.035768591,,,,,,,,,,,,,,0.9322033898305084,0.0,1320.8855178842955,,,,,,,,,,,,QLD_VOL40_TARGET10_bimonthly,QLD,bimonthly,40,0.1,pre_tax,0.0,pre-tax; no realized tax is charged
2006-06-21,2026-08-31,1126576.0879747733,10.265760879747733,0.12740984753808848,0.17555554432193402,-0.34372829144152983,-0.09460698422669434,-0.19033741945377047,-0.11438076463546865,-0.2587457274109124,0.7726615147771806,0.9622447988895894,0.3706702378316207,0.103917823621775,2007-10-31,2009-03-09,2010-12-20,451,4601,119,0.7777120516863502,6142068.0546095325,,,,,,,,,,,,,,0.9285714285714286,0.0,3071.0340273047664,,,,,,,,,,,,QLD_VOL40_TARGET15_bimonthly,QLD,bimonthly,40,0.15,pre_tax,0.0,pre-tax; no realized tax is charged
2006-06-21,2026-08-31,2150583.7655546414,20.505837655546415,0.16408976604958392,0.2305838283245649,-0.44029326330405794,-0.10011206168084619,-0.20008456821571297,-0.15259884127863144,-0.34086900537299347,0.7761682398507882,0.9793184862664531,0.37268289053122927,0.13424284056379168,2007-10-31,2009-03-09,2011-01-10,465,4591,119,0.9423474198514685,11384995.993440043,,,,,,,,,,,,,,0.9122807017543859,0.0,5692.4979967200225,,,,,,,,,,,,QLD_VOL40_TARGET20_bimonthly,QLD,bimonthly,40,0.2,pre_tax,0.0,pre-tax; no realized tax is charged
2006-06-21,2026-08-31,3611848.5150145097,35.1184851501451,0.19436414045065153,0.27978932680539603,-0.5283113654516174,-0.12074375171730811,-0.20008456821571297,-0.19014373015430763,-0.4204798743580759,0.7767811657649243,0.9903292425293782,0.3678969508530313,0.16342973546740233,2007-10-31,2009-03-09,2011-01-14,469,4581,114,0.9733733262517402,16948193.41514082,,,,,,,,,,,,,,0.9433962264150944,0.0,8474.09670757041,,,,,,,,,,,,QLD_VOL40_TARGET25_bimonthly,QLD,bimonthly,40,0.25,pre_tax,0.0,pre-tax; no realized tax is charged
2006-06-21,2026-08-31,5015405.98916615,49.1540598916615,0.213939277011586,0.31807611290553994,-0.6080944323728152,-0.1478296446920222,-0.20008456821571297,-0.22921114493922967,-0.4973263604340151,0.7706730976607785,0.9903434246419761,0.3518191675868238,0.18808851312614736,2007-10-31,2009-03-09,2011-02-04,483,4565,95,0.8161111932122272,18526692.745283715,,,,,,,,,,,,,,0.9333333333333333,0.0,9263.346372641861,,,,,,,,,,,,QLD_VOL40_TARGET30_bimonthly,QLD,bimonthly,40,0.3,pre_tax,0.0,pre-tax; no realized tax is charged
2006-06-21,2026-08-31,471639.5312955837,3.7163953129558367,0.07983228428788447,0.1139629936610101,-0.22540748359601281,-0.05448162781328236,-0.10895420180943727,-0.07709103878360624,-0.1690580755017601,0.7323904863469298,0.9086756916808546,0.35416873927293424,0.0676014446427942,2007-10-31,2009-03-09,2010-03-23,262,4546,119,0.3876611721366685,1852810.8928031148,,,,,,,,,,,,,,0.9538461538461539,0.0,926.4054464015574,,,,,,,,,,,,QLD_VOL60_TARGET10_bimonthly,QLD,bimonthly,60,0.1,pre_tax,0.0,pre-tax; no realized tax is charged
2006-06-21,2026-08-31,941472.6832426079,8.414726832426078,0.11743353727958517,0.17131134447394977,-0.32563952244397254,-0.08359603182525677,-0.15795515282266492,-0.11584342193646013,-0.25035619826590705,0.7354459310463197,0.9150411006245438,0.3606243382198487,0.10011636984646351,2007-10-31,2009-03-09,2010-04-09,274,4556,119,0.5754013107803814,4179863.0001018136,,,,,,,,,,,,,,0.9180327868852459,0.0,2089.931500050907,,,,,,,,,,,,QLD_VOL60_TARGET15_bimonthly,QLD,bimonthly,60,0.15,pre_tax,0.0,pre-tax; no realized tax is charged
2006-06-21,2026-08-31,1736463.18415022,16.3646318415022,0.15182536864576646,0.22802525954657824,-0.41783538547753185,-0.11407672873128083,-0.20008456821571285,-0.1547246917201358,-0.3291375442156709,0.7357629033243543,0.9190060231161381,0.3633616824296719,0.1316006174347779,2007-10-31,2009-03-09,2010-04-14,277,4559,118,0.7390513337924312,7966459.752367485,,,,,,,,,,,,,,0.9122807017543859,0.0,3983.2298761837433,,,,,,,,,,,,QLD_VOL60_TARGET20_bimonthly,QLD,bimonthly,60,0.2,pre_tax,0.0,pre-tax; no realized tax is charged
2006-06-21,2026-08-31,2890873.441427129,27.90873441427129,0.18126755122450144,0.2796732183983815,-0.5022337047265397,-0.14602220641575814,-0.20008456821571274,-0.17498699684578567,-0.4051488563637635,0.7375200624438649,0.9302634950793544,0.3609227129095198,0.16005501173584383,2007-10-31,2009-03-09,2011-01-03,460,4555,113,0.7791521637602591,11839261.782558983,,,,,,,,,,,,,,0.9259259259259259,0.0,5919.630891279492,,,,,,,,,,,,QLD_VOL60_TARGET25_bimonthly,QLD,bimonthly,60,0.25,pre_tax,0.0,pre-tax; no realized tax is charged
2006-06-21,2026-08-31,4202797.990555809,41.02797990555809,0.20335989060487725,0.3213779189477208,-0.5790944561996818,-0.17954065167888666,-0.20008456821571274,-0.20369314227890267,-0.478152314245472,0.7388564624718162,0.9385955644984572,0.3511687746752582,0.1843177334440521,2007-10-31,2009-03-09,2011-01-05,462,4537,97,0.6707718975106852,14545610.598267032,,,,,,,,,,,,,,0.9130434782608695,0.0,7272.805299133516,,,,,,,,,,,,QLD_VOL60_TARGET30_bimonthly,QLD,bimonthly,60,0.3,pre_tax,0.0,pre-tax; no realized tax is charged
2006-06-21,2026-08-31,498147.2820258227,3.981472820258227,0.08276013226373435,0.14684605071893947,-0.3471118270282313,-0.13778522772437674,-0.1411315329795163,-0.1281144940160811,-0.16425866365231545,0.6164845210498711,0.7001149810205912,0.23842498532037432,0.10288643437993887,2020-02-19,2020-03-20,2023-12-19,944,4650,80,0.5747896271386671,2781908.6367882127,,,,,,,,,,,,,,0.8974358974358975,0.0,1390.9543183941064,,,,,,,,,,,,QLD_VOL20_TARGET10_quarterly,QLD,quarterly,20,0.1,pre_tax,0.0,pre-tax; no realized tax is charged
2006-06-21,2026-08-31,914645.887731351,8.14645887731351,0.11583507081317879,0.22060032423032136,-0.49160922696578735,-0.22464693502121136,-0.23010279724699545,-0.19762262626954474,-0.23926588339847388,0.6094373716407385,0.694186318589182,0.23562428135882021,0.1526444810366377,2020-02-19,2020-03-20,2024-01-19,964,4651,80,0.8051452276640579,5769182.294893919,,,,,,,,,,,,,,0.8947368421052632,0.0,2884.59114744696,,,,,,,,,,,,QLD_VOL20_TARGET15_quarterly,QLD,quarterly,20,0.15,pre_tax,0.0,pre-tax; no realized tax is charged
2006-06-21,2026-08-31,1659646.6511048225,15.596466511048224,0.14924758432315355,0.26872128566476583,-0.517154219036865,-0.2428099192840193,-0.2487068947604142,-0.2112204161550858,-0.30971365964655884,0.6545367362177417,0.7745929015551756,0.2885939606199259,0.16470220880158792,2020-02-19,2020-03-20,2023-07-18,836,4631,77,0.8706236291642953,9145378.25921873,,,,,,,,,,,,,,0.8611111111111112,0.0,4572.689129609365,,,,,,,,,,,,QLD_VOL20_TARGET20_quarterly,QLD,quarterly,20,0.2,pre_tax,0.0,pre-tax; no realized tax is charged
2006-06-21,2026-08-31,2897837.9819690157,27.978379819690158,0.18140831283963288,0.30489632484579626,-0.517154219036865,-0.2428099192840193,-0.2487068947604143,-0.2112204161550857,-0.3757433526385179,0.7017751920360572,0.8599975508579325,0.3507818483575038,0.17565679749844346,2020-02-19,2020-03-20,2021-11-03,410,4598,75,0.8108357303512561,12592860.138911327,,,,,,,,,,,,,,0.9166666666666666,0.0,6296.430069455664,,,,,,,,,,,,QLD_VOL20_TARGET25_quarterly,QLD,quarterly,20,0.25,pre_tax,0.0,pre-tax; no realized tax is charged
2006-06-21,2026-08-31,4313112.524006166,42.13112524006166,0.20490478717925087,0.3293997735651208,-0.5743577728771971,-0.2428099192840193,-0.2487068947604143,-0.2112204161550857,-0.43749623416483496,0.7331804317061652,0.9209384845722891,0.35675461681801135,0.18840216330863346,2007-10-31,2009-03-09,2010-12-10,445,4571,62,0.6473456457512626,13299473.47045851,,,,,,,,,,,,,,0.9310344827586207,0.0,6649.736735229255,,,,,,,,,,,,QLD_VOL20_TARGET30_quarterly,QLD,quarterly,20,0.3,pre_tax,0.0,pre-tax; no realized tax is charged
2006-06-21,2026-08-31,393176.61051038455,2.9317661051038453,0.07014644773325895,0.13578477251569765,-0.3483800105685052,-0.13844821332547508,-0.14181062010497736,-0.12867500227228457,-0.16980820336351066,0.5686617474407664,0.6441800680972014,0.2013503806340387,0.09451471684584226,2020-02-19,2020-03-20,2024-01-18,963,4660,80,0.39896621793334863,1727002.4579090101,,,,,,,,,,,,,,0.8611111111111112,0.0,863.5012289545051,,,,,,,,,,,,QLD_VOL40_TARGET10_quarterly,QLD,quarterly,40,0.1,pre_tax,0.0,pre-tax; no realized tax is charged
2006-06-21,2026-08-31,688888.8735358951,5.888888735358951,0.10028214425530968,0.20845581978327768,-0.49330474938202407,-0.2258223473414508,-0.23130675608480522,-0.19851187131586534,-0.2469821455521899,0.5649053916204397,0.6392574669577612,0.20328639523729658,0.14214025603139635,2020-02-19,2020-03-20,2024-01-24,967,4664,80,0.6048189414420168,3643435.7817408815,,,,,,,,,,,,,,0.8648648648648649,0.0,1821.7178908704407,,,,,,,,,,,,QLD_VOL40_TARGET15_quarterly,QLD,quarterly,40,0.15,pre_tax,0.0,pre-tax; no realized tax is charged
2006-06-21,2026-08-31,1227314.0290856655,11.273140290856654,0.13220138211655752,0.26265257222027244,-0.517154219036865,-0.2428099192840193,-0.2487068947604143,-0.2112204161550857,-0.31922218663442825,0.6064605785159775,0.7113131582770138,0.2556324153417254,0.15755754866590116,2020-02-19,2020-03-20,2021-11-19,422,4650,80,0.7561991494687034,6374648.190763456,,,,,,,,,,,,,,0.8611111111111112,0.0,3187.3240953817276,,,,,,,,,,,,QLD_VOL40_TARGET20_quarterly,QLD,quarterly,40,0.2,pre_tax,0.0,pre-tax; no realized tax is charged
2006-06-21,2026-08-31,2295367.1809044927,21.953671809044927,0.16785155391314244,0.30125222537992746,-0.517154219036865,-0.2428099192840193,-0.2487068947604143,-0.2112204161550857,-0.3866926948516387,0.66819838759704,0.8121419823380961,0.3245676970899415,0.17112731892368407,2020-02-19,2020-03-20,2021-08-30,364,4622,77,0.7649679415999893,9444196.890864542,,,,,,,,,,,,,,0.8823529411764706,0.0,4722.098445432271,,,,,,,,,,,,QLD_VOL40_TARGET25_quarterly,QLD,quarterly,40,0.25,pre_tax,0.0,pre-tax; no realized tax is charged
2006-06-21,2026-08-31,3457628.8279175544,33.57628827917554,0.19178610817164654,0.32705384800166687,-0.5486565791293354,-0.2428099192840193,-0.2487068947604143,-0.2112204161550857,-0.44955781152467755,0.702583613562379,0.8729174478273406,0.3495558341357948,0.184193636465739,2007-10-31,2009-03-09,2011-01-12,467,4587,63,0.6285858842806265,10183779.737874411,,,,,,,,,,,,,,0.8928571428571429,0.0,5091.8898689372045,,,,,,,,,,,,QLD_VOL40_TARGET30_quarterly,QLD,quarterly,40,0.3,pre_tax,0.0,pre-tax; no realized tax is charged
2006-06-21,2026-08-31,403793.1233438326,3.037931233438326,0.07155929366554026,0.12525304419298394,-0.2889710871430393,-0.10894906190748987,-0.11159504090266115,-0.10325481943914039,-0.18088541436559447,0.6158104042129953,0.7230336300950908,0.2476347871789635,0.08137722703091242,2020-02-19,2020-03-20,2021-11-03,410,4630,80,0.34665628893874784,1530260.3350739407,,,,,,,,,,,,,,0.8717948717948718,0.0,765.1301675369704,,,,,,,,,,,,QLD_VOL60_TARGET10_quarterly,QLD,quarterly,60,0.1,pre_tax,0.0,pre-tax; no realized tax is charged
2006-06-21,2026-08-31,727294.851006287,6.272948510062871,0.10324201399017996,0.18984253060523298,-0.41312733731216056,-0.1744576851393157,-0.17869463185866197,-0.15840356452693294,-0.2625173204499208,0.614286984191779,0.7207204119468255,0.24990361243552833,0.12049518066400651,2020-02-19,2020-03-20,2021-11-04,411,4637,80,0.5171005447855175,3241748.4836682687,,,,,,,,,,,,,,0.868421052631579,0.0,1620.8742418341344,,,,,,,,,,,,QLD_VOL60_TARGET15_quarterly,QLD,quarterly,60,0.15,pre_tax,0.0,pre-tax; no realized tax is charged
2006-06-21,2026-08-31,1214204.195608172,11.142041956081721,0.13159944808194912,0.25535473194453967,-0.517154219036865,-0.2428099192840193,-0.2487068947604143,-0.2112204161550857,-0.33854362820804285,0.6142536551924143,0.7226374983313942,0.2544684800735777,0.1576616621799496,2020-02-19,2020-03-20,2021-11-18,421,4644,80,0.6712395708459884,5788191.582182136,,,,,,,,,,,,,,0.868421052631579,0.0,2894.0957910910683,,,,,,,,,,,,QLD_VOL60_TARGET20_quarterly,QLD,quarterly,60,0.2,pre_tax,0.0,pre-tax; no realized tax is charged
2006-06-21,2026-08-31,2055199.6059715496,19.551996059715496,0.1614775933183732,0.2972235331560004,-0.517154219036865,-0.2428099192840193,-0.2487068947604143,-0.2112204161550857,-0.40916519878879043,0.6547172078462256,0.7947709647019839,0.31224262971131705,0.17790390726784486,2020-02-19,2020-03-20,2021-08-30,364,4627,76,0.6797680504853081,8292970.023802578,,,,,,,,,,,,,,0.8484848484848485,0.0,4146.485011901291,,,,,,,,,,,,QLD_VOL60_TARGET25_quarterly,QLD,quarterly,60,0.25,pre_tax,0.0,pre-tax; no realized tax is charged
2006-06-21,2026-08-31,3099974.964218213,29.99974964218213,0.18535963061516902,0.3301528923178897,-0.5690109411367923,-0.2428099192840193,-0.2487068947604142,-0.2112204161550858,-0.47458739293465924,0.6826640759569018,0.8467263546357323,0.325757586040174,0.19442743950762548,2007-10-31,2008-11-20,2011-01-18,542,4596,69,0.5908412699947391,10131563.792350851,,,,,,,,,,,,,,0.9,0.0,5065.781896175425,,,,,,,,,,,,QLD_VOL60_TARGET30_quarterly,QLD,quarterly,60,0.3,pre_tax,0.0,pre-tax; no realized tax is charged
2006-06-21,2026-08-31,350825.86322091985,2.5082586322091984,0.0641239861403029,0.10545324121634496,-0.2727309114807679,-0.04606341127161684,-0.08132380324845512,-0.07789419993452584,-0.15644450619974104,0.643366343361924,0.8157066037885297,0.23511814554553975,0.07744758169745379,2007-06-04,2009-03-09,2011-01-05,462,4667,805,2.9308391447198434,11321519.44089811,,,,,,,,,,,,,,0.7590673575129534,59166.106057525525,5660.759720449054,346883.32188474486,3774.6567471248745,167.88458905015042,18580.63867646997,0.0,0.06352863051069124,350825.86322091985,350825.86322091985,346883.32188474486,0.0641239861403029,0.06352863051069124,SPY_VOL20_TARGET10_weekly,SPY,weekly,20,0.1,after_tax,59166.106057525525,realized tax paid to date; terminal liquidation is diagnostic
2006-06-21,2026-08-31,497189.4786665611,3.9718947866656107,0.08265694708520255,0.13432940435505952,-0.3695980662806112,-0.0513963904768463,-0.11161092472121659,-0.08679070306251957,-0.2228204131320538,0.6597184666243855,0.8416201304130881,0.2236400961644822,0.10374244931088061,2007-07-19,2009-03-09,2011-02-04,483,4592,470,1.6631346289891564,7163391.832150727,,,,,,,,,,,,,,0.7869565217391304,75957.83590634873,3581.6959160753636,476829.3448993856,20111.539027842213,248.59473933328053,98998.46924854646,0.0,0.08041762173774814,497189.4786665611,497189.4786665611,476829.3448993856,0.08265694708520255,0.08041762173774814,SPY_VOL20_TARGET15_weekly,SPY,weekly,20,0.15,after_tax,75957.83590634873,realized tax paid to date; terminal liquidation is diagnostic
2006-06-21,2026-08-31,617177.2374860039,5.171772374860039,0.09430926977008691,0.1526728880284791,-0.4120057908593747,-0.06952427622254886,-0.11161092472121659,-0.12495079883737392,-0.24933992642616754,0.6680374789113855,0.8427791017101833,0.22890277724828492,0.11028120108420938,2007-10-09,2009-03-09,2011-01-12,467,4529,258,0.9205838067613519,4300341.1494786525,,,,,,,,,,,,,,0.8048780487804879,77232.00233237557,2150.170574739326,573409.1039084306,43459.544958830375,308.588618743002,213928.3532307673,0.0,0.09033056631768344,617177.2374860039,617177.2374860039,573409.1039084306,0.09430926977008691,0.09033056631768344,SPY_VOL20_TARGET20_weekly,SPY,weekly,20,0.2,after_tax,77232.00233237557,realized tax paid to date; terminal liquidation is diagnostic
2006-06-21,2026-08-31,673848.1311705251,5.738481311705251,0.09908004345419386,0.1649863897362075,-0.4448292489484972,-0.10461142302197157,-0.11584270183621426,-0.18799132359794835,-0.2653621001982708,0.6566015260455982,0.8085975347861157,0.22273724960398333,0.11254476840793018,2007-10-09,2009-03-09,2011-02-01,480,4508,134,0.5362817583612375,2546545.662706705,,,,,,,,,,,,,,0.7741935483870968,75803.21405356009,1273.2728313533526,617406.1965001507,56105.01060478909,336.92406558526255,276175.29217223276,0.0,0.09432936905862865,673848.1311705251,673848.1311705251,617406.1965001507,0.09908004345419386,0.09432936905862865,SPY_VOL20_TARGET25_weekly,SPY,weekly,20,0.25,after_tax,75803.21405356009,realized tax paid to date; terminal liquidation is diagnostic
2006-06-21,2026-08-31,716126.1078507368,6.161261078507368,0.10239688369178324,0.172881059072953,-0.4822962951322429,-0.13594371691564744,-0.15116580707096638,-0.22303630085942794,-0.2862115078247208,0.6519314343988302,0.79040081839393,0.21231115545622548,0.11719374212435221,2007-10-09,2009-03-09,2011-04-26,538,4488,78,0.3168695427990632,1508781.486871704,,,,,,,,,,,,,,0.6486486486486487,65703.56128267357,754.3907434358521,643030.6493044377,72737.39549237376,358.0630539253684,358047.7257808209,0.0,0.09653522963878136,716126.1078507368,716126.1078507368,643030.6493044377,0.10239688369178324,0.09653522963878136,SPY_VOL20_TARGET30_weekly,SPY,weekly,20,0.3,after_tax,65703.56128267357,realized tax paid to date; terminal liquidation is diagnostic
2006-06-21,2026-08-31,335360.2311896109,2.353602311896109,0.06175094011957838,0.10679302649222652,-0.26161728992264666,-0.041822876236588535,-0.10255121401003242,-0.07399949797031813,-0.15670424905287939,0.6156915377165381,0.7668921919279054,0.23603539405914842,0.0773615070998321,2007-07-13,2009-03-09,2011-02-01,480,4674,854,1.7727439867718116,6635992.74309206,,,,,,,,,,,,,,0.8098591549295775,52634.268244752646,3317.9963715460303,329372.4683839634,5842.254252834166,145.50855281333486,28758.327604401507,0.0,0.060804141646688015,335360.2311896109,335360.2311896109,329372.4683839634,0.06175094011957838,0.060804141646688015,SPY_VOL40_TARGET10_weekly,SPY,weekly,40,0.1,after_tax,52634.268244752646,realized tax paid to date; terminal liquidation is diagnostic
2006-06-21,2026-08-31,509934.5738628008,4.099345738628008,0.08401477795028267,0.13714356680268883,-0.36633979295793473,-0.06445407295179861,-0.1116109247212167,-0.11551624408524308,-0.22861849358722508,0.6581517019950944,0.8284547947040528,0.22933565931214503,0.10614864883956901,2007-07-19,2009-03-09,2011-02-07,484,4580,453,0.9266660317614163,3982350.25495807,,,,,,,,,,,,,,0.84,67455.3517808416,1991.175127479035,480204.9915665453,29474.615009324105,254.9672869314004,145087.93999175046,0.0,0.08079510534116285,509934.5738628008,509934.5738628008,480204.9915665453,0.08401477795028267,0.08079510534116285,SPY_VOL40_TARGET15_weekly,SPY,weekly,40,0.15,after_tax,67455.3517808416,realized tax paid to date; terminal liquidation is diagnostic
2006-06-21,2026-08-31,596051.0560510175,4.9605105605101745,0.09242350594671289,0.15688164751440037,-0.41464357381620875,-0.09556417546307261,-0.11161092472121659,-0.17318781329554522,-0.27825257188034835,0.6433436465012917,0.7939239029897259,0.2228986816221098,0.11403563079553465,2007-10-09,2009-03-09,2011-02-01,480,4538,250,0.5421282332804763,2522208.452287896,,,,,,,,,,,,,,0.8416666666666667,66378.75931680319,1261.104226143948,547934.716733841,47818.31378915107,298.0255280255087,235384.266744529,0.0,0.08787976205800607,596051.0560510175,596051.0560510175,547934.716733841,0.09242350594671289,0.08787976205800607,SPY_VOL40_TARGET20_weekly,SPY,weekly,40,0.2,after_tax,66378.75931680319,realized tax paid to date; terminal liquidation is diagnostic
2006-06-21,2026-08-31,672215.8050979603,5.722158050979603,0.09894805255209627,0.1693497550304392,-0.45192318586138747,-0.1447361487505796,-0.16207443256924126,-0.22113881653378908,-0.30180733486027356,0.6434209345026735,0.777883980268233,0.2189488294642296,0.11736287254486764,2007-10-09,2009-03-09,2011-02-08,485,4498,135,0.3180164119117956,1585920.81194727,,,,,,,,,,,,,,0.7419354838709677,62272.64528443668,792.960405973635,605324.2941050669,66555.4030903444,336.1079025489801,327617.04696206946,0.0,0.09325895059069755,672215.8050979603,672215.8050979603,605324.2941050669,0.09894805255209627,0.09325895059069755,SPY_VOL40_TARGET25_weekly,SPY,weekly,40,0.25,after_tax,62272.64528443668,realized tax paid to date; terminal liquidation is diagnostic
2006-06-21,2026-08-31,711623.6944211246,6.116236944211247,0.10205264143959081,0.17590349607454422,-0.4943292686445667,-0.15281799728356615,-0.17343878944744084,-0.22163751028993195,-0.33126074961118135,0.6419827401071134,0.7733694004097753,0.20644669031921886,0.12172950060955026,2007-10-09,2009-03-09,2012-02-08,737,4484,73,0.21493989052978807,1003844.845960444,,,,,,,,,,,,,,0.5405405405405406,46001.95480298946,501.92242298022194,623745.4699137857,87522.41266012847,355.81184721056235,430826.54521352926,0.0,0.09488307045623379,711623.6944211246,711623.6944211246,623745.4699137857,0.10205264143959081,0.09488307045623379,SPY_VOL40_TARGET30_weekly,SPY,weekly,40,0.3,after_tax,46001.95480298946,realized tax paid to date; terminal liquidation is diagnostic
2006-06-21,2026-08-31,333678.927764251,2.3367892776425103,0.06148672151321244,0.10729381354475903,-0.24914185224566077,-0.04694660714236387,-0.11114187302728462,-0.0849206799654656,-0.15623796127217549,0.6110005500960015,0.7548341564077744,0.24679402902000114,0.07686745682033941,2007-07-13,2009-03-09,2011-01-05,462,4661,900,1.344414382358513,5099846.450632254,,,,,,,,,,,,,,0.8777292576419214,49831.29482595388,2549.923225316127,325819.81931266416,7739.510587069415,119.5978645174226,38097.517041936575,0.0,0.06023462594460405,333678.927764251,333678.927764251,325819.81931266416,0.06148672151321244,0.06023462594460405,SPY_VOL60_TARGET10_weekly,SPY,weekly,60,0.1,after_tax,49831.29482595388,realized tax paid to date; terminal liquidation is diagnostic
2006-06-21,2026-08-31,516086.1418500186,4.160861418500186,0.08465864820822566,0.1403716345486103,-0.341249947195736,-0.07751591819777592,-0.1116109247212167,-0.1360969812380287,-0.23050254178388185,0.6504784480745673,0.8093940304586841,0.24808398918129854,0.10115342698896643,2007-07-19,2009-03-09,2011-01-05,462,4576,456,0.7219695913309593,3216969.599082225,,,,,,,,,,,,,,0.8807339449541285,65159.765148122,1608.4847995411126,483275.17937040183,32552.91940869177,258.0430709250093,160240.80437455955,0.0,0.08113624706823153,516086.1418500186,516086.1418500186,483275.17937040183,0.08465864820822566,0.08113624706823153,SPY_VOL60_TARGET15_weekly,SPY,weekly,60,0.15,after_tax,65159.765148122,realized tax paid to date; terminal liquidation is diagnostic
2006-06-21,2026-08-31,604819.5990002657,5.048195990002657,0.09321379562788867,0.16024664629419214,-0.41104028750411215,-0.1227124513868445,-0.140021396881153,-0.19598916503610386,-0.2938623337485057,0.6377517713363215,0.7785653823626543,0.22677532704615028,0.1139574572288969,2007-10-09,2009-03-09,2011-01-27,477,4536,246,0.4174395643593061,1997367.0669178902,,,,,,,,,,,,,,0.8487394957983193,63117.71249004856,998.683533458945,552319.8714123253,52197.31778844025,302.40979950013286,256939.78729234677,0.0,0.08830925887940921,604819.5990002657,604819.5990002657,552319.8714123253,0.09321379562788867,0.08830925887940921,SPY_VOL60_TARGET20_weekly,SPY,weekly,60,0.2,after_tax,63117.71249004856,realized tax paid to date; terminal liquidation is diagnostic
2006-06-21,2026-08-31,684690.4289021194,5.846904289021194,0.09994912166857373,0.1713284279293123,-0.45088118074973127,-0.15550056635799325,-0.17634219717682087,-0.22287406298058599,-0.32154496829922896,0.6433129507402084,0.7763310135870881,0.22167507967925604,0.11736507605537305,2007-10-09,2009-03-09,2011-02-08,485,4497,132,0.2490622541535415,1246582.1394863704,,,,,,,,,,,,,,0.746031746031746,53433.705083934336,623.2910697431853,608216.4183826516,76131.66530501671,342.3452144510597,374755.92077291023,0.0,0.09351702029849607,684690.4289021194,684690.4289021194,608216.4183826516,0.09994912166857373,0.09351702029849607,SPY_VOL60_TARGET25_weekly,SPY,weekly,60,0.25,after_tax,53433.705083934336,realized tax paid to date; terminal liquidation is diagnostic
2006-06-21,2026-08-31,756525.5082624335,6.5652550826243345,0.10539681577113758,0.17664755699888765,-0.4862610290124094,-0.13707433453904794,-0.18121513994395033,-0.20599178289657638,-0.3454613534736971,0.6570417171964187,0.8004993017031152,0.21674946064503112,0.11785763264003517,2007-10-09,2009-03-09,2011-04-26,538,4469,80,0.16445779533777774,736418.6860048913,,,,,,,,,,,,,,0.6,32688.39550646054,368.2093430024457,648898.6805426137,107248.56496568848,378.26275413121675,527927.9594668397,0.0,0.09702860360803434,756525.5082624335,756525.5082624335,648898.6805426137,0.10539681577113758,0.09702860360803434,SPY_VOL60_TARGET30_weekly,SPY,weekly,60,0.3,after_tax,32688.39550646054,realized tax paid to date; terminal liquidation is diagnostic
2006-06-21,2026-08-31,388550.12566781585,2.8855012566781584,0.06951937704187028,0.11124755904592165,-0.26462735676967997,-0.041822876236588535,-0.09356265583518786,-0.06910446663710457,-0.159320658768203,0.6610616175878241,0.8291656515052395,0.2627066902322457,0.07294170977173667,2007-06-04,2009-03-09,2011-01-14,469,4641,213,1.96977872591861,7901107.854029501,,,,,,,,,,,,,,0.8446601941747572,65796.12897759245,3950.55392701475,382238.2500435692,6158.066286699323,153.80933754731424,30312.903207971074,0.0,0.06865232562093415,388550.12566781585,388550.12566781585,382238.2500435692,0.06951937704187028,0.06865232562093415,SPY_VOL20_TARGET10_monthly,SPY,monthly,20,0.1,after_tax,65796.12897759245,realized tax paid to date; terminal liquidation is diagnostic
2006-06-21,2026-08-31,561159.9554346487,4.611599554346487,0.08916532153575041,0.14143440522050713,-0.3633270063494495,-0.06353726161053297,-0.11161092472121659,-0.08357573642683802,-0.2245124799165369,0.6759840752420703,0.8500926015308641,0.24541341540130607,0.09920935221388003,2007-07-19,2009-03-09,2011-01-14,469,4560,127,1.0718256442628924,4929091.482832091,,,,,,,,,,,,,,0.8666666666666667,85951.88248181369,2464.5457414160455,535742.487888489,25136.88756844222,280.57997771732437,123735.60210899444,0.0,0.08666821647405998,561159.9554346487,561159.9554346487,535742.487888489,0.08916532153575041,0.08666821647405998,SPY_VOL20_TARGET15_monthly,SPY,monthly,20,0.15,after_tax,85951.88248181369,realized tax paid to date; terminal liquidation is diagnostic
2006-06-21,2026-08-31,661279.6164917024,5.6127961649170235,0.09805580716334972,0.1602846381849102,-0.4151293734035224,-0.08651254812252784,-0.11500138480467781,-0.1094879016798791,-0.2670612097778664,0.66511785612412,0.8231383891824535,0.23620541798673336,0.10772915554039189,2007-10-09,2009-03-09,2011-01-12,467,4511,68,0.6692559530218463,3231255.91999377,,,,,,,,,,,,,,0.84375,81237.23320752612,1615.627959996885,611726.0813516296,49222.89533182695,330.6398082458512,242298.2787685304,0.0,0.09382863216031834,661279.6164917024,661279.6164917024,611726.0813516296,0.09805580716334972,0.09382863216031834,SPY_VOL20_TARGET20_monthly,SPY,monthly,20,0.2,after_tax,81237.23320752612,realized tax paid to date; terminal liquidation is diagnostic
2006-06-21,2026-08-31,709441.7687295162,6.094417687295162,0.1018850719893365,0.17298741366271597,-0.44319872774542135,-0.10953508283656854,-0.145457196705862,-0.1248710290217191,-0.2768621898880067,0.6488381630812621,0.7864614242659321,0.2298857501410981,0.11060567304870801,2007-10-09,2009-03-09,2011-01-12,467,4492,41,0.4058021591281093,2069797.2757680677,,,,,,,,,,,,,,0.7777777777777778,77820.00557213726,1034.8986378840339,647361.8855155666,61725.16232958484,354.7208843647581,303840.32650546316,0.0,0.09689980368363527,709441.7687295162,709441.7687295162,647361.8855155666,0.1018850719893365,0.09689980368363527,SPY_VOL20_TARGET25_monthly,SPY,monthly,20,0.25,after_tax,77820.00557213726,realized tax paid to date; terminal liquidation is diagnostic
2006-06-21,2026-08-31,767017.9860990816,6.670179860990816,0.10615103171556717,0.178749047643299,-0.47269863612513974,-0.13226550818854566,-0.1454571967058621,-0.1248710290217191,-0.287275439731733,0.6553321713692314,0.7902497393251834,0.22456386289945907,0.11160029494686567,2007-10-09,2009-03-09,2011-02-01,480,4467,23,0.26794790029884474,1383179.6621385948,,,,,,,,,,,,,,0.6,68722.90626558225,691.5898310692976,685969.530939671,80664.94616636111,383.5089930495408,397070.8647125824,0.0,0.10005078575665238,767017.9860990816,767017.9860990816,685969.530939671,0.10615103171556717,0.10005078575665238,SPY_VOL20_TARGET30_monthly,SPY,monthly,20,0.3,after_tax,68722.90626558225,realized tax paid to date; terminal liquidation is diagnostic
2006-06-21,2026-08-31,359399.7018597241,2.5939970185972414,0.06539705326484202,0.1126799212763341,-0.2611151281897405,-0.05373940391868948,-0.1116109247212167,-0.07916587145874066,-0.16114688500877616,0.6197488145074201,0.7640509266589296,0.2504529466301966,0.0790942110252791,2007-07-19,2009-03-09,2011-02-14,489,4651,214,1.3358369587313286,5229398.340301491,,,,,,,,,,,,,,0.8918918918918919,57616.15878245747,2614.6991701507463,352520.68515992246,6761.800921675184,117.21577812651633,33284.76948892535,0.0,0.06437796579271948,359399.7018597241,359399.7018597241,352520.68515992246,0.06539705326484202,0.06437796579271948,SPY_VOL40_TARGET10_monthly,SPY,monthly,40,0.1,after_tax,57616.15878245747,realized tax paid to date; terminal liquidation is diagnostic
2006-06-21,2026-08-31,525238.4479948387,4.252384479948387,0.08560322447201463,0.14506255613024852,-0.356249957034787,-0.08278986762177953,-0.11161092472121659,-0.10404013669596546,-0.23285822206432238,0.640042770682976,0.7918128097985211,0.24028978188383518,0.10295600734521193,2007-07-19,2009-03-09,2011-02-11,488,4572,119,0.7303760190549763,3267317.312422979,,,,,,,,,,,,,,0.9032258064516129,69920.81266374982,1633.6586562114896,494364.42443494854,30618.978795068862,255.04476482130124,150721.03763263038,0.0,0.08235149679354614,525238.4479948387,525238.4479948387,494364.42443494854,0.08560322447201463,0.08235149679354614,SPY_VOL40_TARGET15_monthly,SPY,monthly,40,0.15,after_tax,69920.81266374982,realized tax paid to date; terminal liquidation is diagnostic
2006-06-21,2026-08-31,609785.5096355827,5.0978550963558265,0.0936565456194618,0.1652098605130751,-0.4077520078956737,-0.10942366260333969,-0.1454571967058621,-0.1248710290217191,-0.2792748528888842,0.6258649881503967,0.7606377339457838,0.22968996793615915,0.11106071605548891,2007-10-09,2009-03-09,2011-02-04,483,4533,69,0.4288396775903694,2096035.1082243593,,,,,,,,,,,,,,0.8888888888888888,67239.21440045058,1048.0175541121798,559559.1975564365,49921.41932432826,304.89275481779134,245736.7429206412,0.0,0.08901126094825385,609785.5096355827,609785.5096355827,559559.1975564365,0.0936565456194618,0.08901126094825385,SPY_VOL40_TARGET20_monthly,SPY,monthly,40,0.2,after_tax,67239.21440045058,realized tax paid to date; terminal liquidation is diagnostic
2006-06-21,2026-08-31,691332.6753071442,5.913326753071442,0.10047510060789633,0.17433463319666617,-0.4426154949531995,-0.12435039515500068,-0.145457196705862,-0.1248710290217192,-0.2998188216573636,0.6378268942869106,0.7694380055448934,0.22700312518096588,0.11427088096908733,2007-10-09,2009-03-09,2011-02-08,485,4492,38,0.2531335731955334,1346841.009490146,,,,,,,,,,,,,,0.7647058823529411,61393.40220276594,673.4205047450732,619849.3306426127,71137.678326878,345.6663376535721,350173.1642967167,0.0,0.09454340086093005,691332.6753071442,691332.6753071442,619849.3306426127,0.10047510060789633,0.09454340086093005,SPY_VOL40_TARGET25_monthly,SPY,monthly,40,0.25,after_tax,61393.40220276594,realized tax paid to date; terminal liquidation is diagnostic
2006-06-21,2026-08-31,740380.245283657,6.40380245283657,0.10421662263317422,0.17960412877012313,-0.4765992909158071,-0.11499660935031941,-0.1577343132690866,-0.13409411319361852,-0.31953423103033374,0.6431510485339288,0.7802264402829521,0.21866717936763452,0.11543864118950213,2007-10-09,2009-03-09,2011-02-17,492,4473,22,0.18238495906911553,943010.8434524811,,,,,,,,,,,,,,0.6,46602.14424382431,471.5054217262406,647126.9310957463,92883.12406526877,370.1901226418285,457214.49207614455,0.0,0.09688008637253986,740380.245283657,740380.245283657,647126.9310957463,0.10421662263317422,0.09688008637253986,SPY_VOL40_TARGET30_monthly,SPY,monthly,40,0.3,after_tax,46602.14424382431,realized tax paid to date; terminal liquidation is diagnostic
2006-06-21,2026-08-31,368426.5223116111,2.684265223116111,0.0667065576032686,0.11328131637756744,-0.2556794272450773,-0.0637960045775039,-0.1116109247212167,-0.07916587145874054,-0.15198133669320646,0.6279284366998957,0.7683809165693317,0.260899198351724,0.0766576271530227,2020-02-19,2020-03-23,2021-07-02,323,4638,217,1.0338142581347565,4069354.6184490956,,,,,,,,,,,,,,0.908256880733945,53920.568953011825,2034.6773092245478,356755.7247521089,11537.077383677517,133.72017582462664,56790.929774440156,0.0,0.0650075744989771,368426.5223116111,368426.5223116111,356755.7247521089,0.0667065576032686,0.0650075744989771,SPY_VOL60_TARGET10_monthly,SPY,monthly,60,0.1,after_tax,53920.568953011825,realized tax paid to date; terminal liquidation is diagnostic
2006-06-21,2026-08-31,547063.0528655344,4.470630528655344,0.08779399925002629,0.14932456798134744,-0.32671032143750567,-0.09878297750185172,-0.13131250268750427,-0.11779464606408652,-0.22423941992274365,0.6395324211338375,0.7819476028395701,0.2687212294479648,0.09737729280695048,2007-07-19,2009-03-09,2011-01-03,460,4566,109,0.5950847717744174,2721308.564106293,,,,,,,,,,,,,,0.8909090909090909,66670.83169360923,1360.6542820531463,509150.8823141158,37638.63902498592,273.53152643276724,185275.11210920953,0.0,0.08393222119372701,547063.0528655344,547063.0528655344,509150.8823141158,0.08779399925002629,0.08393222119372701,SPY_VOL60_TARGET15_monthly,SPY,monthly,60,0.15,after_tax,66670.83169360923,realized tax paid to date; terminal liquidation is diagnostic
2006-06-21,2026-08-31,638501.6074899026,5.385016074899027,0.09615150074925083,0.16659171025905323,-0.40110347114441747,-0.10942366260333958,-0.145457196705862,-0.1248710290217191,-0.2921645128374767,0.6357564661602573,0.7724766436822652,0.2397174486546177,0.10989245672293171,2007-10-09,2009-03-09,2011-01-14,469,4518,66,0.364074134294476,1808274.2852632774,,,,,,,,,,,,,,0.8181818181818182,65078.978587834645,904.1371426316388,580708.7950130808,57473.561673076816,319.2508037449513,282911.94522804243,0.0,0.09101377539475641,638501.6074899026,638501.6074899026,580708.7950130808,0.09615150074925083,0.09101377539475641,SPY_VOL60_TARGET20_monthly,SPY,monthly,60,0.2,after_tax,65078.978587834645,realized tax paid to date; terminal liquidation is diagnostic
2006-06-21,2026-08-31,727041.0398067703,6.270410398067702,0.10322294567088508,0.17501688252509476,-0.43555947001577344,-0.11656962650631264,-0.148902693498688,-0.12719082090364064,-0.31481247379048694,0.650215292372375,0.7893970463197496,0.23698932700773775,0.1117173636957023,2007-10-09,2009-03-09,2011-01-14,469,4480,36,0.21689033830392873,1169901.1637925063,,,,,,,,,,,,,,0.7222222222222222,55019.517099304656,584.9505818962531,643210.2834443208,83467.23584254604,363.52051990338515,410865.0546027371,0.0,0.09655039635149198,727041.0398067703,727041.0398067703,643210.2834443208,0.10322294567088508,0.09655039635149198,SPY_VOL60_TARGET25_monthly,SPY,monthly,60,0.25,after_tax,55019.517099304656,realized tax paid to date; terminal liquidation is diagnostic
2006-06-21,2026-08-31,789090.1941797821,6.890901941797821,0.10770611611023218,0.1807684271646876,-0.4686784707796713,-0.10942366260333958,-0.17989256218351768,-0.15129912453472938,-0.3373748288665279,0.6575343690402574,0.8038486224522051,0.22980811542518134,0.11250349779569792,2007-10-09,2009-03-09,2011-02-07,484,4462,23,0.14888468857337603,724842.3210217778,,,,,,,,,,,,,,0.6153846153846154,34149.764430057956,362.42116051088885,675999.367757635,112696.28132505722,394.54509708989104,554744.1857005032,0.0,0.09925353037759477,789090.1941797821,789090.1941797821,675999.367757635,0.10770611611023218,0.09925353037759477,SPY_VOL60_TARGET30_monthly,SPY,monthly,60,0.3,after_tax,34149.764430057956,realized tax paid to date; terminal liquidation is diagnostic
2006-06-21,2026-08-31,379213.03813212906,2.7921303813212908,0.06823192217261864,0.11632309593118324,-0.2934213086144728,-0.0449120618205342,-0.11161092472121659,-0.07916587145874054,-0.19264226941045093,0.6267702390597163,0.7757844074781224,0.23253908345923432,0.08120559285296688,2007-06-04,2009-03-09,2011-02-08,485,4616,109,1.2932302389803447,5106288.24303341,,,,,,,,,,,,,,0.9122807017543859,61188.40386976874,2553.144121516704,371165.2038535002,7942.814255146256,105.02002348261114,39098.27346860082,0.0,0.06709782655835239,379213.03813212906,379213.03813212906,371165.2038535002,0.06823192217261864,0.06709782655835239,SPY_VOL20_TARGET10_bimonthly,SPY,bimonthly,20,0.1,after_tax,61188.40386976874,realized tax paid to date; terminal liquidation is diagnostic
2006-06-21,2026-08-31,499023.36990402767,3.990233699040277,0.08285434915234346,0.14937094823840616,-0.4055279311535671,-0.06864128347935061,-0.14209673163291958,-0.1202401700594562,-0.2779588187376535,0.6086921229152192,0.7551174810456466,0.2043123118958921,0.10970383551342762,2007-07-19,2009-03-09,2012-03-26,769,4577,73,0.7916031237879971,3373252.7155548697,,,,,,,,,,,,,,0.9117647058823529,70899.81354842245,1686.6263577774348,474294.4057755822,24523.30063029304,205.66349815245758,120715.23815059336,0.0,0.08013247711166382,499023.36990402767,499023.36990402767,474294.4057755822,0.08285434915234346,0.08013247711166382,SPY_VOL20_TARGET15_bimonthly,SPY,bimonthly,20,0.15,after_tax,70899.81354842245,realized tax paid to date; terminal liquidation is diagnostic
2006-06-21,2026-08-31,592124.9660626047,4.921249660626047,0.092066068264403,0.17076411422490692,-0.4704229424287334,-0.09825258264352132,-0.1975788429169938,-0.16490530339793674,-0.33594396979531316,0.6021039036686963,0.7416277953972689,0.19570913737556608,0.12069737009554435,2007-10-09,2009-03-09,2012-03-13,760,4531,39,0.435458472481874,2166954.145661125,,,,,,,,,,,,,,0.9473684210526315,71269.68464562482,1083.4770728305627,548705.1100272492,43123.79355232413,296.06248303130235,212275.626642009,0.0,0.08795545299273022,592124.9660626047,592124.9660626047,548705.1100272492,0.092066068264403,0.08795545299273022,SPY_VOL20_TARGET20_bimonthly,SPY,bimonthly,20,0.2,after_tax,71269.68464562482,realized tax paid to date; terminal liquidation is diagnostic
2006-06-21,2026-08-31,665482.8255943398,5.654828255943397,0.09840038007892171,0.18135695296903534,-0.4960968126677341,-0.10942366260333958,-0.19793341718087076,-0.16518682625367498,-0.3383625297734244,0.6092326291389448,0.7450986383760045,0.19834914792090466,0.12125743380072923,2007-10-09,2009-03-09,2012-02-28,750,4506,24,0.26521349286472945,1452953.4649057114,,,,,,,,,,,,,,0.8888888888888888,67642.25636845638,726.4767324528557,604240.5765672667,60909.5076142759,332.74141279716986,299825.2897576958,0.0,0.09316194648001286,665482.8255943398,665482.8255943398,604240.5765672667,0.09840038007892171,0.09316194648001286,SPY_VOL20_TARGET25_bimonthly,SPY,bimonthly,20,0.25,after_tax,67642.25636845638,realized tax paid to date; terminal liquidation is diagnostic
2006-06-21,2026-08-31,763111.2430945357,6.631112430945357,0.10587136131208252,0.18490876818593782,-0.5201260284780124,-0.10942366260333969,-0.19793341718087076,-0.16518682625367498,-0.34044784075246803,0.6377808273794295,0.782202465063453,0.20354943901169925,0.11950110816400179,2007-10-09,2009-03-09,2012-02-28,750,4469,14,0.17318946050233952,985733.5592838398,,,,,,,,,,,,,,0.6666666666666666,57150.6324185828,492.86677964191983,673636.6329055985,89093.05456738986,381.55562154726783,438557.98457981716,0.0,0.09906295872071968,763111.2430945357,763111.2430945357,673636.6329055985,0.10587136131208252,0.09906295872071968,SPY_VOL20_TARGET30_bimonthly,SPY,bimonthly,20,0.3,after_tax,57150.6324185828,realized tax paid to date; terminal liquidation is diagnostic
2006-06-21,2026-08-31,380015.5478245461,2.800155478245461,0.0683437540183145,0.11653337028033188,-0.25101172924156623,-0.05373940391868948,-0.1116109247212167,-0.07916587145874054,-0.16361066424450887,0.6267639475263063,0.7682559371662225,0.2722731492461155,0.0748742197991247,2007-07-19,2009-03-09,2011-02-14,489,4618,112,1.0654641788734631,4171321.6438435805,,,,,,,,,,,,,,0.9230769230769231,56553.15693446041,2085.66082192179,368090.78365233564,11794.264410801452,130.49976140900347,58056.92547773296,0.0,0.06665840132671619,380015.5478245461,380015.5478245461,368090.78365233564,0.0683437540183145,0.06665840132671619,SPY_VOL40_TARGET10_bimonthly,SPY,bimonthly,40,0.1,after_tax,56553.15693446041,realized tax paid to date; terminal liquidation is diagnostic
2006-06-21,2026-08-31,531741.7631418674,4.317417631418674,0.08626494740807389,0.15181973849101915,-0.3468742293665972,-0.08278986762177953,-0.13525026252745198,-0.11464264306546013,-0.24255959576623354,0.622097611106379,0.764801270193588,0.24869229278172753,0.09800039012999037,2007-07-19,2008-10-27,2011-02-08,575,4565,69,0.6682466623489346,3017434.9480985054,,,,,,,,,,,,,,0.9354838709677419,69447.53815532615,1508.717474049253,499160.83552668896,32315.056733607453,265.8708815709337,159069.9322353308,0.0,0.08286911831018018,531741.7631418674,531741.7631418674,499160.83552668896,0.08626494740807389,0.08286911831018018,SPY_VOL40_TARGET15_bimonthly,SPY,bimonthly,40,0.15,after_tax,69447.53815532615,realized tax paid to date; terminal liquidation is diagnostic
2006-06-21,2026-08-31,631673.1252916468,5.316731252916468,0.09556802987694413,0.1740543397885027,-0.4298659924605369,-0.10942366260333958,-0.18767177565892978,-0.15701943160797294,-0.31823741309867604,0.6125640271462222,0.7419642580453725,0.22232051744758008,0.1117283328317316,2007-10-09,2008-10-27,2011-02-11,578,4516,42,0.3923978778593814,1962998.910338546,,,,,,,,,,,,,,0.8947368421052632,69796.10458503656,981.499455169273,579029.0814622908,52328.207266710066,315.8365626458234,257584.0869638694,0.0,0.09085728990009856,631673.1252916468,631673.1252916468,579029.0814622908,0.09556802987694413,0.09085728990009856,SPY_VOL40_TARGET20_bimonthly,SPY,bimonthly,40,0.2,after_tax,69796.10458503656,realized tax paid to date; terminal liquidation is diagnostic
2006-06-21,2026-08-31,721019.5885931571,6.210195885931571,0.10276870072530753,0.1807565939456546,-0.456811951558723,-0.11338154704697012,-0.19793341718087076,-0.16518682625367498,-0.3411957279015255,0.6327548383674068,0.7679442224351707,0.22496937826307428,0.11411046959661734,2007-10-09,2009-03-09,2011-02-11,488,4472,20,0.24624140808413417,1363843.0245380818,,,,,,,,,,,,,,0.75,64912.62111326188,681.921512269041,646297.8090749747,74361.26972388577,360.50979429657855,366041.19972377934,0.0,0.09681045226335705,721019.5885931571,721019.5885931571,646297.8090749747,0.10276870072530753,0.09681045226335705,SPY_VOL40_TARGET25_bimonthly,SPY,bimonthly,40,0.25,after_tax,64912.62111326188,realized tax paid to date; terminal liquidation is diagnostic
2006-06-21,2026-08-31,787859.225480037,6.87859225480037,0.10762048404598001,0.18344690291686302,-0.4735470934958572,-0.10942366260333958,-0.19793341718087076,-0.16518682625367498,-0.34384787985159015,0.6500812308763875,0.7951223620497281,0.22726458577011943,0.11069754501240295,2007-10-09,2009-03-09,2011-02-04,483,4445,14,0.17178763179498951,966274.816722271,,,,,,,,,,,,,,0.6666666666666666,51486.16902360842,483.1374083611355,688833.474798318,98631.82106897896,393.9296127400185,485512.28682736383,0.0,0.10027776257510279,787859.225480037,787859.225480037,688833.474798318,0.10762048404598001,0.10027776257510279,SPY_VOL40_TARGET30_bimonthly,SPY,bimonthly,40,0.3,after_tax,51486.16902360842,realized tax paid to date; terminal liquidation is diagnostic
2006-06-21,2026-08-31,369368.1969320688,2.693681969320688,0.06684140336007638,0.11762121876419208,-0.2550807295288682,-0.063796004577504,-0.11161092472121659,-0.07916587145874043,-0.17254603068389196,0.6100732520015388,0.7407096282784995,0.2620401920738264,0.07875223462552995,2020-02-19,2020-03-23,2021-04-05,260,4618,112,0.8296081078481059,3269728.6826330815,,,,,,,,,,,,,,0.9411764705882353,53570.892434425215,1634.8643413165407,357228.1463721941,12007.19369911457,132.85686076015557,59105.06374164199,0.0,0.06507736682382803,369368.1969320688,369368.1969320688,357228.1463721941,0.06684140336007638,0.06507736682382803,SPY_VOL60_TARGET10_bimonthly,SPY,bimonthly,60,0.1,after_tax,53570.892434425215,realized tax paid to date; terminal liquidation is diagnostic
2006-06-21,2026-08-31,531565.0766609596,4.315650766609596,0.08624707116622465,0.1557078396233349,-0.3522348383643338,-0.09878297750185172,-0.1401761804078886,-0.11867189932894251,-0.2560552766639418,0.6103183052588366,0.742573264614862,0.24485673128395968,0.09888284080592247,2007-07-19,2008-10-27,2011-02-07,574,4562,60,0.5281627053074651,2341783.369773966,,,,,,,,,,,,,,0.8928571428571429,62460.22338763308,1170.8916848869826,493452.27152805246,37847.02259457662,265.78253833047984,186300.87420416746,0.0,0.08225251867738703,531565.0766609596,531565.0766609596,493452.27152805246,0.08624707116622465,0.08225251867738703,SPY_VOL60_TARGET15_bimonthly,SPY,bimonthly,60,0.15,after_tax,62460.22338763308,realized tax paid to date; terminal liquidation is diagnostic
2006-06-21,2026-08-31,628034.3842911986,5.280343842911986,0.09525465860717053,0.17490481134451233,-0.44538024283430777,-0.10942366260333947,-0.19479561695889513,-0.16269378573074966,-0.33446397700740693,0.6087448629604373,0.7381303079767422,0.21387266305525718,0.11418640555061035,2007-10-09,2008-10-27,2011-04-26,628,4516,39,0.3248729689312996,1599343.8421647258,,,,,,,,,,,,,,0.8421052631578947,61451.54726364639,799.6719210823628,569481.639959917,58238.72713913594,314.01719214559927,286678.4501065023,0.0,0.08995955018025015,628034.3842911986,628034.3842911986,569481.639959917,0.09525465860717053,0.08995955018025015,SPY_VOL60_TARGET20_bimonthly,SPY,bimonthly,60,0.2,after_tax,61451.54726364639,realized tax paid to date; terminal liquidation is diagnostic
2006-06-21,2026-08-31,741319.5452813803,6.413195452813803,0.10428595106648486,0.18100917536973232,-0.45212838945389155,-0.10942366260333969,-0.19793341718087076,-0.16518682625367498,-0.34396078895867943,0.6397066051099191,0.7784893138983887,0.23065561353589814,0.11159415233092045,2007-10-09,2008-10-27,2011-02-04,573,4466,21,0.2002278649991581,1075951.1373578752,,,,,,,,,,,,,,0.6666666666666666,52772.41217883559,537.9755686789376,652791.8160623444,88157.0694463953,370.6597726406901,433950.62488995964,0.0,0.09735359710265823,741319.5452813803,741319.5452813803,652791.8160623444,0.10428595106648486,0.09735359710265823,SPY_VOL60_TARGET25_bimonthly,SPY,bimonthly,60,0.25,after_tax,52772.41217883559,realized tax paid to date; terminal liquidation is diagnostic
2006-06-21,2026-08-31,836092.8995746089,7.3609289957460895,0.11088436466025642,0.1837117786641254,-0.46556924891226403,-0.10942366260333958,-0.19793341718087076,-0.16518682625367498,-0.3471661960757684,0.6654362105703517,0.8161359402560411,0.23816943434155471,0.10801442344085813,2007-10-09,2009-03-09,2011-01-14,469,4429,14,0.14364959974506958,724169.1610524205,,,,,,,,,,,,,,0.5714285714285714,35787.75379211236,362.0845805262102,714739.9783217588,120934.87480306276,418.0464497873045,595298.4238398364,0.0,0.10229112369791604,836092.8995746089,836092.8995746089,714739.9783217588,0.11088436466025642,0.10229112369791604,SPY_VOL60_TARGET30_bimonthly,SPY,bimonthly,60,0.3,after_tax,35787.75379211236,realized tax paid to date; terminal liquidation is diagnostic
2006-06-21,2026-08-31,360768.0271448061,2.607680271448061,0.0655975502670596,0.12771575157452955,-0.33717275860137663,-0.10942366260333958,-0.145457196705862,-0.12487102902171898,-0.14674093943697275,0.5625793556997635,0.6544825448808002,0.19455175008551767,0.08531402243909586,2020-02-19,2020-03-23,2023-07-19,836,4665,67,0.8149490543286483,3031399.610168909,,,,,,,,,,,,,,0.90625,48385.16988578945,1515.6998050844545,346269.1103161231,14399.005003738506,99.91182494448297,70878.6857186242,0.0,0.0634353010414812,360768.0271448061,360768.0271448061,346269.1103161231,0.0655975502670596,0.0634353010414812,SPY_VOL20_TARGET10_quarterly,SPY,quarterly,20,0.1,after_tax,48385.16988578945,realized tax paid to date; terminal liquidation is diagnostic
2006-06-21,2026-08-31,499414.7359884228,3.994147359884228,0.08289638693968748,0.15100856578167093,-0.346353154636446,-0.10942366260333969,-0.145457196705862,-0.1248710290217191,-0.21566498958470504,0.604214264642347,0.7284665410501615,0.2393406435887692,0.10204012201750295,2007-10-09,2009-03-09,2011-02-01,480,4587,48,0.5144655791060134,2130390.329024558,,,,,,,,,,,,,,0.9166666666666666,52351.8447394624,1065.195164512279,459826.1883670014,39382.72282878293,205.82479263850624,193860.31419533805,0.0,0.07847674500267288,499414.7359884228,499414.7359884228,459826.1883670014,0.08289638693968748,0.07847674500267288,SPY_VOL20_TARGET15_quarterly,SPY,quarterly,20,0.15,after_tax,52351.8447394624,realized tax paid to date; terminal liquidation is diagnostic
2006-06-21,2026-08-31,642838.3978086729,5.428383978086728,0.09651899316653356,0.1658005107425632,-0.411053767508301,-0.10942366260333958,-0.145457196705862,-0.1248710290217191,-0.26202358574101514,0.6400907917976517,0.7727960480470957,0.23480868148127218,0.11267116655800168,2007-10-09,2009-03-09,2011-02-08,485,4522,27,0.29605294810527394,1225308.2555046945,,,,,,,,,,,,,,0.8333333333333334,38421.004397164754,612.6541277523472,562920.4317590748,79596.5468506937,321.41919890433644,391811.6999788024,0.0,0.08933427222683532,642838.3978086729,642838.3978086729,562920.4317590748,0.09651899316653356,0.08933427222683532,SPY_VOL20_TARGET20_quarterly,SPY,quarterly,20,0.2,after_tax,38421.004397164754,realized tax paid to date; terminal liquidation is diagnostic
2006-06-21,2026-08-31,697688.0857249374,5.976880857249374,0.10097388841775246,0.17342854659646262,-0.45305960951156243,-0.12169752148665913,-0.14545719670586188,-0.1248710290217192,-0.28291818413144,0.6428765082393796,0.7772792301886879,0.22287108869980943,0.11705175132192626,2007-10-09,2009-03-09,2011-02-17,492,4496,16,0.19940179792926296,873957.293327916,,,,,,,,,,,,,,0.7142857142857143,32681.8927588272,436.97864666395793,602032.3409792329,95306.90070284203,348.8440428624687,469145.46248014783,0.0,0.0929637733533224,697688.0857249374,697688.0857249374,602032.3409792329,0.10097388841775246,0.0929637733533224,SPY_VOL20_TARGET25_quarterly,SPY,quarterly,20,0.25,after_tax,32681.8927588272,realized tax paid to date; terminal liquidation is diagnostic
2006-06-21,2026-08-31,738644.6536229741,6.386446536229741,0.10408830077920417,0.17913307463053438,-0.49234617484949794,-0.12690663548956227,-0.145457196705862,-0.12487102902171898,-0.30210003399463425,0.6438315555776387,0.7774075748738006,0.21141283531048502,0.1208858535006761,2007-10-09,2009-03-09,2012-02-09,738,4473,10,0.13322497208115805,592663.3485793578,,,,,,,,,,,,,,0.5,25561.969325457598,296.33167428967886,628978.7530003381,109296.57829582453,369.322326811487,538009.2458568768,0.0,0.09533615388262295,738644.6536229741,738644.6536229741,628978.7530003381,0.10408830077920417,0.09533615388262295,SPY_VOL20_TARGET30_quarterly,SPY,quarterly,20,0.3,after_tax,25561.969325457598,realized tax paid to date; terminal liquidation is diagnostic
2006-06-21,2026-08-31,341504.1015043059,2.4150410150430592,0.06270586570806902,0.12606100514599966,-0.3387281588099138,-0.10942366260333969,-0.145457196705862,-0.1248710290217191,-0.15599210672575303,0.5466971763446583,0.6318425794472737,0.185121502529874,0.0844887174998552,2018-01-26,2020-03-23,2021-11-03,409,4662,74,0.7819316327406342,2790438.688551927,,,,,,,,,,,,,,0.9117647058823529,41654.78055075679,1395.2193442759637,325541.7048326242,15845.121986417827,117.27468526388901,77997.15474485763,0.0,0.060189793374148426,341504.1015043059,341504.1015043059,325541.7048326242,0.06270586570806902,0.060189793374148426,SPY_VOL40_TARGET10_quarterly,SPY,quarterly,40,0.1,after_tax,41654.78055075679,realized tax paid to date; terminal liquidation is diagnostic
2006-06-21,2026-08-31,526288.5149026039,4.262885149026039,0.0857105958720965,0.15271536995112692,-0.33717275860137663,-0.10942366260333969,-0.1454571967058621,-0.1248710290217191,-0.22803818237814744,0.6161868997806988,0.7385004871996079,0.2542037981586409,0.09876848805013688,2020-02-19,2020-03-23,2021-05-07,284,4570,49,0.49546286503474896,2000071.9822537187,,,,,,,,,,,,,,0.9090909090909091,44228.53709518394,1000.0359911268595,474721.82638288726,51303.5442622654,263.144257451302,252540.2129572503,0.0,0.08018065723065426,526288.5149026039,526288.5149026039,474721.82638288726,0.0857105958720965,0.08018065723065426,SPY_VOL40_TARGET15_quarterly,SPY,quarterly,40,0.15,after_tax,44228.53709518394,realized tax paid to date; terminal liquidation is diagnostic
2006-06-21,2026-08-31,643010.9977209147,5.430109977209146,0.09653357018908659,0.16546951491754686,-0.38126231225421214,-0.10942366260333958,-0.145457196705862,-0.1248710290217192,-0.2817232660946174,0.6410609218587257,0.7758275638151436,0.2531946302752354,0.10995832009746365,2007-10-09,2009-03-09,2011-02-16,491,4517,28,0.3113211711904684,1262891.1693321413,,,,,,,,,,,,,,0.8461538461538461,36182.33305088285,631.4455846660705,561274.0139687399,81415.47825331429,321.50549886045735,400765.33720558346,0.0,0.08917628284140444,643010.9977209147,643010.9977209147,561274.0139687399,0.09653357018908659,0.08917628284140444,SPY_VOL40_TARGET20_quarterly,SPY,quarterly,40,0.2,after_tax,36182.33305088285,realized tax paid to date; terminal liquidation is diagnostic
2006-06-21,2026-08-31,729935.043468718,6.299350434687179,0.10343999204781018,0.17437397361101142,-0.42191423932470895,-0.12290652407288039,-0.145457196705862,-0.1248710290217191,-0.31233963738866166,0.6531871026926587,0.7867209550336324,0.24516828873415158,0.11537425625420569,2007-10-09,2008-11-20,2011-02-17,564,4475,16,0.17981520189634229,774226.6945466714,,,,,,,,,,,,,,0.7142857142857143,29940.29242577901,387.11334727333565,625530.837037836,104039.23890914771,364.96752173435897,512130.1447656791,0.0,0.09503804740745236,729935.043468718,729935.043468718,625530.837037836,0.10343999204781018,0.09503804740745236,SPY_VOL40_TARGET25_quarterly,SPY,quarterly,40,0.25,after_tax,29940.29242577901,realized tax paid to date; terminal liquidation is diagnostic
2006-06-21,2026-08-31,762466.139366001,6.62466139366001,0.10582504967149142,0.17979263774941864,-0.4566901450297396,-0.1137836560882346,-0.1577343132690866,-0.13409411319361852,-0.33490898452307705,0.6508026746752793,0.7860176355997073,0.23172177202247293,0.11766693265014418,2007-10-09,2008-11-20,2011-04-27,611,4470,11,0.12405125926201942,554573.2706325527,,,,,,,,,,,,,,0.6,22095.03270433096,277.2866353162764,645188.7843926672,116896.12190365087,381.2330696830005,575417.7794912669,0.0,0.09671717756745024,762466.139366001,762466.139366001,645188.7843926672,0.10582504967149142,0.09671717756745024,SPY_VOL40_TARGET30_quarterly,SPY,quarterly,40,0.3,after_tax,22095.03270433096,realized tax paid to date; terminal liquidation is diagnostic
2006-06-21,2026-08-31,324328.05120143254,2.2432805120143255,0.059993723121908094,0.1273361994509851,-0.33717275860137674,-0.10942366260333969,-0.145457196705862,-0.1248710290217192,-0.1662347318547036,0.5223837030684125,0.6025407879677112,0.17793170293699737,0.08745604829773208,2020-02-19,2020-03-23,2021-11-03,409,4694,75,0.7629685437934296,2779738.7944380506,,,,,,,,,,,,,,0.9142857142857143,42871.48385982036,1389.8693972190258,312824.99176929443,11386.402916777653,116.65651536048716,56049.23906855847,0.0,0.05809993601957664,324328.05120143254,324328.05120143254,312824.99176929443,0.059993723121908094,0.05809993601957664,SPY_VOL60_TARGET10_quarterly,SPY,quarterly,60,0.1,after_tax,42871.48385982036,realized tax paid to date; terminal liquidation is diagnostic
2006-06-21,2026-08-31,496993.66650933714,3.969936665093371,0.08263582877304754,0.1549210808005753,-0.33717275860137663,-0.10942366260333969,-0.1454571967058621,-0.1248710290217191,-0.24262809756289783,0.5912605786926857,0.7064769367677405,0.2450845350491199,0.1013539194406465,2020-02-19,2020-03-23,2021-06-10,307,4586,47,0.4954961765582832,2171427.290883818,,,,,,,,,,,,,,0.9,58822.3263052141,1085.7136454419092,463018.9591726962,33726.210503386275,248.4968332546686,166016.29585718078,0.0,0.0788463392019294,496993.66650933714,496993.66650933714,463018.9591726962,0.08263582877304754,0.0788463392019294,SPY_VOL60_TARGET15_quarterly,SPY,quarterly,60,0.15,after_tax,58822.3263052141,realized tax paid to date; terminal liquidation is diagnostic
2006-06-21,2026-08-31,602257.6283766456,5.0225762837664565,0.0929840228828136,0.1683077454502458,-0.4029744825047725,-0.10942366260333969,-0.145457196705862,-0.12487102902171898,-0.29849936469617233,0.6137982412852055,0.7373456273465939,0.23074419577351865,0.11393211538718183,2007-10-09,2008-11-20,2011-04-27,611,4537,30,0.3042708686660824,1494882.6944857605,,,,,,,,,,,,,,0.8571428571428571,58350.958174577856,747.4413472428802,546480.9976977565,55475.501864700804,301.1288141883228,273076.55360423727,0.0,0.08773665862367164,602257.6283766456,602257.6283766456,546480.9976977565,0.0929840228828136,0.08773665862367164,SPY_VOL60_TARGET20_quarterly,SPY,quarterly,60,0.2,after_tax,58350.958174577856,realized tax paid to date; terminal liquidation is diagnostic
2006-06-21,2026-08-31,713161.1859847644,6.131611859847643,0.10217042602873438,0.17682443254576924,-0.4453868321428234,-0.11296321687069188,-0.148902693498688,-0.12719082090364064,-0.32757320455870875,0.6399828968913689,0.7710882802214178,0.22939705140625066,0.1155152672303106,2007-10-09,2008-11-20,2011-02-16,563,4484,18,0.17834967710727198,964285.8899227465,,,,,,,,,,,,,,0.7142857142857143,47211.41104274684,482.14294496137325,625933.7626958464,86870.84269592562,356.5805929923822,427619.2109078298,0.0,0.09507296480077909,713161.1859847644,713161.1859847644,625933.7626958464,0.10217042602873438,0.09507296480077909,SPY_VOL60_TARGET25_quarterly,SPY,quarterly,60,0.25,after_tax,47211.41104274684,realized tax paid to date; terminal liquidation is diagnostic
2006-06-21,2026-08-31,779982.6902277019,6.799826902277019,0.10706952558354987,0.18351432668926604,-0.4848612868911166,-0.10942366260333947,-0.17989256218351768,-0.15129912453472938,-0.35319188088342424,0.6473438391127655,0.7820626708164107,0.2208250658040143,0.11810346682794122,2007-10-09,2008-11-20,2012-02-17,816,4460,11,0.12022496114579503,587023.1817292608,,,,,,,,,,,,,,0.6,26130.604940431265,293.5115908646304,662355.614651373,117237.08423121508,389.99134511385097,577096.1566882357,0.0,0.09814421372775128,779982.6902277019,779982.6902277019,662355.614651373,0.10706952558354987,0.09814421372775128,SPY_VOL60_TARGET30_quarterly,SPY,quarterly,60,0.3,after_tax,26130.604940431265,realized tax paid to date; terminal liquidation is diagnostic
2006-06-21,2026-08-31,465649.5776516334,3.6564957765163344,0.07914904317479943,0.10985611746434215,-0.2230246018280292,-0.047441559129211,-0.062286973158660164,-0.08793094022149317,-0.1527877250531653,0.7497788142986231,0.9770840600489562,0.35488929259844626,0.065553312465645,2007-10-31,2009-03-09,2010-03-18,259,4656,974,3.28837492432759,15030085.655014599,,,,,,,,,,,,,,0.8071278825995807,89042.54066587352,7515.0428275073,462220.3005880529,3302.3850597496594,126.89200383084726,16255.894953234849,0.0,0.0787541144362176,465649.5776516334,465649.5776516334,462220.3005880529,0.07914904317479943,0.0787541144362176,QQQ_VOL20_TARGET10_weekly,QQQ,weekly,20,0.1,after_tax,89042.54066587352,realized tax paid to date; terminal liquidation is diagnostic
2006-06-21,2026-08-31,795867.2357021889,6.958672357021889,0.10817529775788115,0.14866209796105623,-0.3226062153001187,-0.05177592644303075,-0.09395300780249816,-0.10028775205199614,-0.22384996988023964,0.7668240012046313,1.0150292108556014,0.33531684334490053,0.09230415129697689,2007-10-31,2009-03-09,2010-04-09,274,4592,687,2.420322490518543,16584382.35135556,,,,,,,,,,,,,,0.8338278931750742,164835.94780990417,8292.19117567778,785592.2594421187,9949.8556733938,325.120586676352,48977.87680725474,0.0,0.10746244977962127,795867.2357021889,795867.2357021889,785592.2594421187,0.10817529775788115,0.10746244977962127,QQQ_VOL20_TARGET15_weekly,QQQ,weekly,20,0.15,after_tax,164835.94780990417,realized tax paid to date; terminal liquidation is diagnostic
2006-06-21,2026-08-31,1127849.1751246746,10.278491751246746,0.12747290197022276,0.17414639204858565,-0.41051706701696655,-0.06263402640042359,-0.10626674281650261,-0.11437935100884455,-0.2866451410703701,0.7776585848426147,1.0263663591250087,0.3105179107326964,0.11381650425098797,2007-10-31,2009-03-09,2010-04-23,284,4532,419,1.4642667591928504,12333900.88850233,,,,,,,,,,,,,,0.8028846153846154,217169.41388443782,6166.950444251166,1091643.6993443123,35641.551192799845,563.9245875623373,175444.5050100903,0.0,0.1256527248154291,1127849.1751246746,1127849.1751246746,1091643.6993443123,0.12747290197022276,0.1256527248154291,QQQ_VOL20_TARGET20_weekly,QQQ,weekly,20,0.2,after_tax,217169.41388443782,realized tax paid to date; terminal liquidation is diagnostic
2006-06-21,2026-08-31,1319006.9915185883,12.190069915185882,0.13624815332874096,0.19004729581309432,-0.44800559143673546,-0.07936284915862879,-0.10626674281650272,-0.13189037018498795,-0.3209101126359075,0.7687449168419954,1.0125317161800407,0.30412154654543205,0.12165243727690515,2007-10-31,2009-03-09,2010-10-15,406,4513,245,0.9088171148814966,8525940.054466486,,,,,,,,,,,,,,0.7804878048780488,216634.12973407292,4262.970027233243,1243465.1021095875,74882.38591324138,659.5034957592942,368606.37909545354,0.0,0.1329346070484112,1319006.9915185883,1319006.9915185883,1243465.1021095875,0.13624815332874096,0.1329346070484112,QQQ_VOL20_TARGET25_weekly,QQQ,weekly,20,0.25,after_tax,216634.12973407292,realized tax paid to date; terminal liquidation is diagnostic
2006-06-21,2026-08-31,1416010.211358214,13.16010211358214,0.14024800679256622,0.20098649982409372,-0.4710152443173087,-0.10969079300713713,-0.10653012439548015,-0.16379473871740424,-0.34792321017971817,0.7551531582026796,0.9806757374340074,0.297756831619839,0.1263161730869779,2007-10-31,2009-03-09,2010-10-15,406,4490,148,0.5515889927147878,5336937.236114328,,,,,,,,,,,,,,0.821917808219178,192163.36148386262,2668.4686180571643,1301223.9376507488,114078.26860178621,708.005105679107,561546.9781037963,0.0,0.13548466922966407,1416010.211358214,1416010.211358214,1301223.9376507488,0.14024800679256622,0.13548466922966407,QQQ_VOL20_TARGET30_weekly,QQQ,weekly,20,0.3,after_tax,192163.36148386262,realized tax paid to date; terminal liquidation is diagnostic
2006-06-21,2026-08-31,439668.07617747504,3.3966807617747508,0.0760853444090297,0.10898407599993414,-0.23095301693121517,-0.037396455812823914,-0.07652351070528329,-0.07640489666353856,-0.16004187126210523,0.7287462556514268,0.9429195638510579,0.3294407902525483,0.06713014450701257,2007-10-31,2009-03-09,2010-04-14,277,4654,1018,1.8676501924190525,8405155.676750265,,,,,,,,,,,,,,0.8532289628180039,80798.35064923682,4202.577838375133,434966.0044065479,4598.328518975695,103.74325195148693,22635.139153215336,0.0,0.07551255172913307,439668.07617747504,439668.07617747504,434966.0044065479,0.0760853444090297,0.07551255172913307,QQQ_VOL40_TARGET10_weekly,QQQ,weekly,40,0.1,after_tax,80798.35064923682,realized tax paid to date; terminal liquidation is diagnostic
2006-06-21,2026-08-31,760349.3605990787,6.603493605990787,0.10567282525994637,0.15096206023697065,-0.33306323918834146,-0.0565182303766526,-0.10626674281650261,-0.10627974260117712,-0.23505077989606027,0.7424292850668456,0.9703494105610954,0.3172755585920133,0.0989062404431895,2007-10-31,2009-03-09,2010-04-22,283,4607,699,1.4235441877327986,9657423.293828903,,,,,,,,,,,,,,0.8587570621468926,149862.4557821844,4828.711646914451,745402.9530632589,14677.432421117175,268.97511470263174,72249.2366286841,0.0,0.10458637453679787,760349.3605990787,760349.3605990787,745402.9530632589,0.10567282525994637,0.10458637453679787,QQQ_VOL40_TARGET15_weekly,QQQ,weekly,40,0.15,after_tax,149862.4557821844,realized tax paid to date; terminal liquidation is diagnostic
2006-06-21,2026-08-31,1114639.636859128,10.14639636859128,0.1268153332830444,0.17690832275855228,-0.4161788754859569,-0.08154223780397851,-0.10626674281650272,-0.12050202785700115,-0.3089113452602935,0.7649778498826855,0.9997604591619539,0.30471352765074095,0.1168854885544493,2007-10-31,2009-03-09,2010-10-13,404,4546,401,0.8366042218289711,7045399.571003635,,,,,,,,,,,,,,0.8653846153846154,188663.56161176064,3522.699785501818,1058433.4357656129,55680.73464949819,525.4664440168164,274086.8060521693,0.0,0.12393194857933376,1114639.636859128,1114639.636859128,1058433.4357656129,0.1268153332830444,0.12393194857933376,QQQ_VOL40_TARGET20_weekly,QQQ,weekly,40,0.2,after_tax,188663.56161176064,realized tax paid to date; terminal liquidation is diagnostic
2006-06-21,2026-08-31,1285175.9382686152,11.851759382686152,0.13478711503264829,0.1944168299570011,-0.4607335159989284,-0.1150590165686145,-0.11147217745605087,-0.15771538435688692,-0.35641895602142826,0.7492410165894893,0.9693231254127052,0.29254896887718884,0.12638328275013958,2007-10-31,2009-03-09,2010-10-22,411,4507,260,0.5379716179617141,4879647.461092825,,,,,,,,,,,,,,0.8913043478260869,175587.01716658936,2439.8237305464127,1183811.914815338,100721.4354841427,642.5879691343075,495798.3533553665,0.0,0.13017988746255416,1285175.9382686152,1285175.9382686152,1183811.914815338,0.13478711503264829,0.13017988746255416,QQQ_VOL40_TARGET25_weekly,QQQ,weekly,40,0.25,after_tax,175587.01716658936,realized tax paid to date; terminal liquidation is diagnostic
2006-06-21,2026-08-31,1476920.4813814792,13.769204813814792,0.14262850721324205,0.20605859886419195,-0.4823374268139454,-0.15872314620449512,-0.15461979107854695,-0.1885764345716614,-0.37171094962963436,0.751866015393781,0.9604571921285907,0.2957027576221219,0.12987196975817294,2007-10-31,2009-03-09,2010-10-25,412,4473,128,0.298410784757745,2879514.320439934,,,,,,,,,,,,,,0.7868852459016393,146865.06123972754,1439.757160219967,1313640.0675949142,162541.9535458742,738.4602406907396,800108.0656946797,0.0,0.13601876988824424,1476920.4813814792,1476920.4813814792,1313640.0675949142,0.14262850721324205,0.13601876988824424,QQQ_VOL40_TARGET30_weekly,QQQ,weekly,40,0.3,after_tax,146865.06123972754,realized tax paid to date; terminal liquidation is diagnostic
2006-06-21,2026-08-31,414348.7709926241,3.143487709926241,0.07292946028496172,0.1087930770163862,-0.22095886781589258,-0.043452842813962556,-0.0841929588776138,-0.0731643307489267,-0.15949898592615908,0.70278073200516,0.9049707094480586,0.33005898792768995,0.06695527605470586,2007-10-31,2009-03-09,2010-03-23,262,4655,1030,1.3262480589591807,5795586.560705417,,,,,,,,,,,,,,0.9009708737864077,71635.52141735074,2897.7932803527087,407508.5691569642,6761.122648956904,79.07918670300074,33281.43071108493,0.0,0.07204541602560921,414348.7709926241,414348.7709926241,407508.5691569642,0.07292946028496172,0.07204541602560921,QQQ_VOL60_TARGET10_weekly,QQQ,weekly,60,0.1,after_tax,71635.52141735074,realized tax paid to date; terminal liquidation is diagnostic
2006-06-21,2026-08-31,754488.7562768243,6.544887562768243,0.10524925925917161,0.15290160270516237,-0.31915096536593834,-0.06622893654389472,-0.10626674281650272,-0.09814870814406573,-0.23453629317999236,0.7324245313346909,0.953225790926127,0.3297789155627114,0.09777843370807798,2007-10-31,2009-03-09,2010-04-06,271,4607,730,1.0662079111491438,7284378.994949015,,,,,,,,,,,,,,0.9022346368715084,140272.51511854515,3642.1894974745073,733133.4777319786,21139.37670708239,215.90183776325668,104057.97050003638,0.0,0.10367892084778862,754488.7562768243,754488.7562768243,733133.4777319786,0.10524925925917161,0.10367892084778862,QQQ_VOL60_TARGET15_weekly,QQQ,weekly,60,0.15,after_tax,140272.51511854515,realized tax paid to date; terminal liquidation is diagnostic
2006-06-21,2026-08-31,1082815.6186583214,9.828156186583215,0.12520020893600758,0.18005153752039255,-0.4056455655354323,-0.10133856207854897,-0.10626674281650272,-0.13929573679192586,-0.30577453101890417,0.7467874643512399,0.9673130611656326,0.30864434268065877,0.11635557862266874,2007-10-31,2009-03-09,2010-04-22,283,4544,399,0.6292529670399714,5330019.29635538,,,,,,,,,,,,,,0.8888888888888888,172819.43116843892,2665.0096481776905,1020538.7184335239,61863.935399635564,412.9648251619467,304523.4329295376,0.0,0.12190461389516516,1082815.6186583214,1082815.6186583214,1020538.7184335239,0.12520020893600758,0.12190461389516516,QQQ_VOL60_TARGET20_weekly,QQQ,weekly,60,0.2,after_tax,172819.43116843892,realized tax paid to date; terminal liquidation is diagnostic
2006-06-21,2026-08-31,1302052.0603043528,12.020520603043527,0.13552044276765507,0.19776633330892796,-0.4581857497209555,-0.14598296179753212,-0.14177381525970145,-0.17140452956499275,-0.3643777728835589,0.7432296087081931,0.9540039069235354,0.29577620615697847,0.12644957862189724,2007-10-31,2009-03-09,2010-10-27,414,4502,231,0.39498593413664856,3509342.876489754,,,,,,,,,,,,,,0.8608695652173913,151735.25307285684,1754.671438244877,1178271.0077419977,123160.59335092019,620.4592114349281,606254.4590249578,0.0,0.12991735502946367,1302052.0603043528,1302052.0603043528,1178271.0077419977,0.13552044276765507,0.12991735502946367,QQQ_VOL60_TARGET25_weekly,QQQ,weekly,60,0.25,after_tax,151735.25307285684,realized tax paid to date; terminal liquidation is diagnostic
2006-06-21,2026-08-31,1520614.563952095,14.206145639520951,0.1442793549808996,0.20731520226630967,-0.48499207509347,-0.15196293654714355,-0.14693014240609148,-0.1756085071794551,-0.3845148333865026,0.7554543751382813,0.9702345202574282,0.29748806710520664,0.12865856931300873,2007-10-31,2009-03-09,2010-10-26,413,4467,128,0.23403338811321997,2299743.374435785,,,,,,,,,,,,,,0.7741935483870968,129338.90218861363,1149.8716872178927,1334474.568636581,185379.68803353788,760.3072819760475,912526.1532539399,0.0,0.13690431220088328,1520614.563952095,1520614.563952095,1334474.568636581,0.1442793549808996,0.13690431220088328,QQQ_VOL60_TARGET30_weekly,QQQ,weekly,60,0.3,after_tax,129338.90218861363,realized tax paid to date; terminal liquidation is diagnostic
2006-06-21,2026-08-31,525024.0094639768,4.250240094639769,0.08558127262670956,0.11574430294570831,-0.2343735922640472,-0.04096321370029132,-0.07551506494741311,-0.08424546181068504,-0.1657497233972739,0.768822099450487,0.9944851730321252,0.36514895641610084,0.06471666174766931,2007-10-31,2009-03-09,2010-04-14,277,4629,236,2.1218206558822765,10306711.245662184,,,,,,,,,,,,,,0.8448275862068966,101054.44906774438,5153.355622831092,519115.77505165385,5795.484673541157,112.74973878185021,28528.10570288534,0.0,0.0849730764592802,525024.0094639768,525024.0094639768,519115.77505165385,0.08558127262670956,0.0849730764592802,QQQ_VOL20_TARGET10_monthly,QQQ,monthly,20,0.1,after_tax,101054.44906774438,realized tax paid to date; terminal liquidation is diagnostic
2006-06-21,2026-08-31,924017.096669215,8.24017096669215,0.11639845698440676,0.15582866985841975,-0.3368588606862687,-0.05927538983299896,-0.10626674281650261,-0.10538859856794358,-0.24303963449060162,0.7861201766658209,1.0261892064231897,0.34554073105654093,0.09361806843588681,2007-10-31,2009-03-09,2010-04-15,278,4591,179,1.5470825468857932,11371238.47631272,,,,,,,,,,,,,,0.8674698795180723,187436.45095562947,5685.61923815636,905741.5814316751,17980.380653637763,295.13458390206415,88507.90378359717,0.0,0.11529464778532739,924017.096669215,924017.096669215,905741.5814316751,0.11639845698440676,0.11529464778532739,QQQ_VOL20_TARGET15_monthly,QQQ,monthly,20,0.15,after_tax,187436.45095562947,realized tax paid to date; terminal liquidation is diagnostic
2006-06-21,2026-08-31,1301147.9223491852,12.011479223491852,0.13548138440927526,0.1801448228286597,-0.4115758527609008,-0.08017101728773446,-0.10626674281650261,-0.14107136759823014,-0.30378466460786335,0.7970615166914669,1.0381377269845273,0.32917719419263713,0.11185453661020327,2007-10-31,2009-03-09,2010-04-22,283,4517,115,0.9670617894623995,8798024.852312038,,,,,,,,,,,,,,0.8627450980392157,240039.64592671732,4399.0124261560195,1247972.463546143,52625.98244675176,549.4763562904188,259049.87667611009,0.0,0.13313761633869192,1301147.9223491852,1301147.9223491852,1247972.463546143,0.13548138440927526,0.13313761633869192,QQQ_VOL20_TARGET20_monthly,QQQ,monthly,20,0.2,after_tax,240039.64592671732,realized tax paid to date; terminal liquidation is diagnostic
2006-06-21,2026-08-31,1533569.4921493917,14.335694921493916,0.1447601555891307,0.19565315969744418,-0.439595339145313,-0.10167672867091948,-0.10626674281650261,-0.15576276999946548,-0.32782375232649974,0.7904761156742384,1.0287021273304675,0.3293032084247796,0.11796519391688182,2007-10-31,2009-03-09,2010-04-22,283,4480,70,0.648730596053628,6396117.412397873,,,,,,,,,,,,,,0.875,237508.437612155,3198.0587061989363,1430987.435905579,101815.27149773801,766.7847460746958,501182.7294990795,0.0,0.14084224423702896,1533569.4921493917,1533569.4921493917,1430987.435905579,0.1447601555891307,0.14084224423702896,QQQ_VOL20_TARGET25_monthly,QQQ,monthly,20,0.25,after_tax,237508.437612155,realized tax paid to date; terminal liquidation is diagnostic
2006-06-21,2026-08-31,1625104.3848367361,15.25104384836736,0.1480512538944152,0.20671550137328787,-0.45364957309041865,-0.11978789128414669,-0.11250907739993599,-0.1557627699994656,-0.33746373013515885,0.77293057148215,0.994363628861553,0.32635598637476626,0.11935925691911861,2007-10-31,2009-03-09,2010-04-14,277,4467,45,0.4065193653040349,4293545.261442916,,,,,,,,,,,,,,0.8181818181818182,209037.94050831452,2146.7726307214575,1481203.8297366751,143088.00290764254,812.5521924183681,704346.5562768523,0.0,0.14279237847084247,1625104.3848367361,1625104.3848367361,1481203.8297366751,0.1480512538944152,0.14279237847084247,QQQ_VOL20_TARGET30_monthly,QQQ,monthly,20,0.3,after_tax,209037.94050831452,realized tax paid to date; terminal liquidation is diagnostic
2006-06-21,2026-08-31,460134.2921691899,3.6013429216918986,0.0785125171657779,0.11519018409786899,-0.2280790058461185,-0.04957330091255174,-0.0901571705023202,-0.08423613982556688,-0.16156843233834162,0.7151371440191794,0.9110089390396688,0.3442338626236784,0.0673858040507852,2007-10-31,2009-03-09,2010-04-14,277,4644,239,1.3076429612423701,6215876.295958844,,,,,,,,,,,,,,0.9304347826086956,84765.40190820216,3107.938147979422,454454.27428554476,5599.642731451992,80.3751521931514,27564.079406605917,0.0,0.07784935389358827,460134.2921691899,460134.2921691899,454454.27428554476,0.0785125171657779,0.07784935389358827,QQQ_VOL40_TARGET10_monthly,QQQ,monthly,40,0.1,after_tax,84765.40190820216,realized tax paid to date; terminal liquidation is diagnostic
2006-06-21,2026-08-31,809176.7586391566,7.0917675863915655,0.10908578031137806,0.15748462644947353,-0.3291275740240638,-0.07570707331538273,-0.10626674281650272,-0.10172665799115033,-0.23767105272401523,0.7376802267331978,0.9545953990554521,0.33143920145506367,0.09615323007611681,2007-10-31,2009-03-09,2010-04-23,284,4597,177,1.0592520978265574,7563963.390839078,,,,,,,,,,,,,,0.9259259259259259,159019.5559087877,3781.9816954195394,791654.4507528308,17311.75069902731,210.55718729842118,85216.59216848295,0.0,0.1078840910651846,809176.7586391566,809176.7586391566,791654.4507528308,0.10908578031137806,0.1078840910651846,QQQ_VOL40_TARGET15_monthly,QQQ,monthly,40,0.15,after_tax,159019.5559087877,realized tax paid to date; terminal liquidation is diagnostic
2006-06-21,2026-08-31,1151083.7767277807,10.510837767277806,0.12861195368032985,0.1836222778283556,-0.4114859764655563,-0.10280520714972397,-0.10626674281650272,-0.13612593406956863,-0.31126431403365074,0.7522944298389588,0.9703167067994476,0.31255488895402345,0.11463798687877148,2007-10-31,2009-03-09,2010-10-15,406,4531,107,0.6443964788803667,5670910.931597957,,,,,,,,,,,,,,0.9230769230769231,193443.028540983,2835.4554657989797,1091385.1260953343,59302.015527871765,396.6351045746892,291912.4564502671,0.0,0.12563952021341906,1151083.7767277807,1151083.7767277807,1091385.1260953343,0.12861195368032985,0.12563952021341906,QQQ_VOL40_TARGET20_monthly,QQQ,monthly,40,0.2,after_tax,193443.028540983,realized tax paid to date; terminal liquidation is diagnostic
2006-06-21,2026-08-31,1375748.2271064254,12.757482271064255,0.138620450760921,0.20007570890991208,-0.4500254570793083,-0.11978789128414669,-0.11250907739993588,-0.156267663562219,-0.3512676518680573,0.7504937791080216,0.9625521936513165,0.3080280205937146,0.12135840389805723,2007-10-31,2009-03-09,2010-10-26,413,4494,72,0.4019303555763616,3776690.2384722275,,,,,,,,,,,,,,0.9117647058823529,181308.65854558503,1888.3451192361138,1260586.8051847692,114572.8868811398,588.5350405164158,563981.7222797923,0.0,0.13370207741499196,1375748.2271064254,1375748.2271064254,1260586.8051847692,0.138620450760921,0.13370207741499196,QQQ_VOL40_TARGET25_monthly,QQQ,monthly,40,0.25,after_tax,181308.65854558503,realized tax paid to date; terminal liquidation is diagnostic
2006-06-21,2026-08-31,1614084.7525096987,15.140847525096987,0.14766451317396956,0.20881533641959144,-0.468044644486623,-0.12463415791190258,-0.11250907739993599,-0.15576276999946548,-0.3633906649245544,0.7656457404711522,0.9813184223523636,0.31549236790421153,0.12229334359958598,2007-10-31,2009-03-09,2010-10-15,406,4457,37,0.22540782046676,2469703.9259405565,,,,,,,,,,,,,,0.8823529411764706,150710.94318584888,1234.851962970278,1425949.3583974785,187328.3517359653,807.0423762548494,922118.3939747246,0.0,0.1406430156544527,1614084.7525096987,1614084.7525096987,1425949.3583974785,0.14766451317396956,0.1406430156544527,QQQ_VOL40_TARGET30_monthly,QQQ,monthly,40,0.3,after_tax,150710.94318584888,realized tax paid to date; terminal liquidation is diagnostic
2006-06-21,2026-08-31,451265.07724089216,3.5126507724089215,0.07747354145050811,0.11387349858341607,-0.2132182890740143,-0.059174277572274114,-0.09848066758654794,-0.07706276991974648,-0.15505680588956228,0.7135963672852741,0.9073060160381411,0.363353171001268,0.06677851969764671,2007-10-31,2009-03-09,2010-03-23,262,4633,240,0.9763554833255247,4531502.308569724,,,,,,,,,,,,,,0.9126984126984127,77519.40731771517,2265.7511542848615,441605.88716559036,9570.052402043444,89.13767325838751,47108.30618776,0.0,0.07631971034699814,451265.07724089216,451265.07724089216,441605.88716559036,0.07747354145050811,0.07631971034699814,QQQ_VOL60_TARGET10_monthly,QQQ,monthly,60,0.1,after_tax,77519.40731771517,realized tax paid to date; terminal liquidation is diagnostic
2006-06-21,2026-08-31,831469.5895799489,7.31469589579949,0.11057937820477659,0.15945258867911358,-0.3082316267398081,-0.09068762627766791,-0.10626674281650272,-0.09480095653835008,-0.22872175518839388,0.7389983263083231,0.9511448027316189,0.3587541595727343,0.09462412529109449,2007-10-31,2009-03-09,2010-04-06,271,4586,182,0.8070755461680359,5886131.123338845,,,,,,,,,,,,,,0.9130434782608695,150302.67515720363,2943.065561669422,802445.4462583939,28779.70221293218,244.4411086227711,141667.25184805406,0.0,0.10862709624201283,831469.5895799489,831469.5895799489,802445.4462583939,0.11057937820477659,0.10862709624201283,QQQ_VOL60_TARGET15_monthly,QQQ,monthly,60,0.15,after_tax,150302.67515720363,realized tax paid to date; terminal liquidation is diagnostic
2006-06-21,2026-08-31,1175663.6834112466,10.756636834112467,0.129793411746153,0.18707606788158482,-0.3913224792604205,-0.1197878912841468,-0.11250907739993599,-0.12689066992388798,-0.2988219833938177,0.7474464361025251,0.958528968607679,0.33167890582584447,0.11118923633523548,2007-10-31,2009-03-09,2010-04-14,277,4523,97,0.5145025167239954,4663352.050484203,,,,,,,,,,,,,,0.9,178790.51265424426,2331.6760252421013,1099247.441847541,75958.96066109474,457.2809026111227,373905.7871577393,0.0,0.12603970321607383,1175663.6834112466,1175663.6834112466,1099247.441847541,0.129793411746153,0.12603970321607383,QQQ_VOL60_TARGET20_monthly,QQQ,monthly,60,0.2,after_tax,178790.51265424426,realized tax paid to date; terminal liquidation is diagnostic
2006-06-21,2026-08-31,1422787.820570459,13.227878205704588,0.14051765207957767,0.20138330939041013,-0.4486796119282319,-0.1197878912841468,-0.11250907739993599,-0.1557627699994656,-0.3602647279251687,0.7551770741258127,0.9713255882285333,0.31318038159945194,0.12093005410322978,2007-10-31,2009-03-09,2010-10-22,411,4485,63,0.3154977912767821,3037517.426156645,,,,,,,,,,,,,,0.84375,154476.17306083973,1518.7587130783227,1276610.8150739416,145490.55478288373,686.4507136336656,716173.0484020858,0.0,0.13441142120164895,1422787.820570459,1422787.820570459,1276610.8150739416,0.14051765207957767,0.13441142120164895,QQQ_VOL60_TARGET25_monthly,QQQ,monthly,60,0.25,after_tax,154476.17306083973,realized tax paid to date; terminal liquidation is diagnostic
2006-06-21,2026-08-31,1624512.568712903,15.245125687129029,0.148030547174981,0.20982950555016028,-0.4741137931218584,-0.1197878912841468,-0.12033325055496069,-0.15576276999946548,-0.38000724607035874,0.7643848336686622,0.9854313685693754,0.3122257764328186,0.1237840174422209,2007-10-31,2009-03-09,2010-10-15,406,4454,36,0.19006041005732782,2037569.4327990788,,,,,,,,,,,,,,0.7777777777777778,127385.12925285049,1018.7847163995392,1415667.4342038215,208032.87822472522,812.2562843564515,1024035.8268507272,0.0,0.14023433693184728,1624512.568712903,1624512.568712903,1415667.4342038215,0.148030547174981,0.14023433693184728,QQQ_VOL60_TARGET30_monthly,QQQ,monthly,60,0.3,after_tax,127385.12925285049,realized tax paid to date; terminal liquidation is diagnostic
2006-06-21,2026-08-31,495624.5040358276,3.956245040358276,0.08248794344600796,0.11983684087357031,-0.2402315880598822,-0.05007401792802224,-0.10626674281650261,-0.08595709404407914,-0.18114452630760325,0.7227393681371331,0.9127770541306226,0.34336843090529084,0.06756284253375973,2007-10-31,2009-03-09,2010-04-09,274,4626,116,1.260762445191392,6140350.9473724775,,,,,,,,,,,,,,0.9090909090909091,93196.24951450409,3070.17547368624,489459.2366915281,6093.0068497851225,72.26049451436597,29992.65001124845,0.0,0.08181717562071822,495624.5040358276,495624.5040358276,489459.2366915281,0.08248794344600796,0.08181717562071822,QQQ_VOL20_TARGET10_bimonthly,QQQ,bimonthly,20,0.1,after_tax,93196.24951450409,realized tax paid to date; terminal liquidation is diagnostic
2006-06-21,2026-08-31,853786.1584388015,7.537861584388015,0.11203691907813096,0.1605071721838539,-0.3472273775663357,-0.05927538983299874,-0.10626674281650261,-0.10622168113000352,-0.269171838461835,0.7433175929654455,0.9601436945980879,0.32266153626301247,0.09531600731081528,2007-10-31,2009-03-09,2010-04-14,277,4581,95,1.0433138162873017,7640100.678985419,,,,,,,,,,,,,,0.9347826086956522,170529.93994648167,3820.05033949271,836392.1188116432,17206.847324127757,187.19230303057242,84700.20833929488,0.0,0.11090404802288845,853786.1584388015,853786.1584388015,836392.1188116432,0.11203691907813096,0.11090404802288845,QQQ_VOL20_TARGET15_bimonthly,QQQ,bimonthly,20,0.15,after_tax,170529.93994648167,realized tax paid to date; terminal liquidation is diagnostic
2006-06-21,2026-08-31,1150355.11361605,10.5035511361605,0.1285765649892232,0.18772193074262694,-0.4512878206521028,-0.08017101728773435,-0.11765285540029347,-0.14215976405003794,-0.3545884863111476,0.7396117476695887,0.9529970258980242,0.2849103368299024,0.118636664242152,2007-10-31,2008-10-27,2010-10-28,505,4524,66,0.6322983721629287,5519402.8178976,,,,,,,,,,,,,,0.96875,205639.78636026685,2759.7014089488002,1100570.8851036436,49447.08734093794,337.14117146842267,243401.8574498545,0.0,0.12610679734453023,1150355.11361605,1150355.11361605,1100570.8851036436,0.1285765649892232,0.12610679734453023,QQQ_VOL20_TARGET20_bimonthly,QQQ,bimonthly,20,0.2,after_tax,205639.78636026685,realized tax paid to date; terminal liquidation is diagnostic
2006-06-21,2026-08-31,1400633.1924350949,13.006331924350949,0.13963165902506858,0.20270468065787203,-0.4791712808482024,-0.1016767286709197,-0.13432834358689139,-0.15653654817359175,-0.3785516870876543,0.7475570510471885,0.9650198041409845,0.29140239535620827,0.12537979143552694,2007-10-31,2008-10-27,2010-10-28,505,4487,39,0.38650373387108056,4084241.9447164494,,,,,,,,,,,,,,0.9411764705882353,216584.2867285771,2042.1209723582251,1308584.8312781043,91533.93937940654,514.4217775838644,450573.169477758,0.0,0.13580189192609526,1400633.1924350949,1400633.1924350949,1308584.8312781043,0.13963165902506858,0.13580189192609526,QQQ_VOL20_TARGET25_bimonthly,QQQ,bimonthly,20,0.25,after_tax,216584.2867285771,realized tax paid to date; terminal liquidation is diagnostic
2006-06-21,2026-08-31,1637369.871699725,15.37369871699725,0.14847879826139332,0.21100812988424245,-0.48885457271269617,-0.11978789128414691,-0.13432834358689127,-0.1557627699994656,-0.3794507450965058,0.7630214636299117,0.986278813385364,0.3037279521340501,0.12409610752925548,2007-10-31,2009-03-09,2010-10-15,406,4463,25,0.2421057786869235,2866200.420503374,,,,,,,,,,,,,,0.9166666666666666,197050.61462197956,1433.1002102516873,1481496.4537579045,155149.93075157655,723.4871902439618,763721.0472634829,0.0,0.14280355716381132,1637369.871699725,1637369.871699725,1481496.4537579045,0.14847879826139332,0.14280355716381132,QQQ_VOL20_TARGET30_bimonthly,QQQ,bimonthly,20,0.3,after_tax,197050.61462197956,realized tax paid to date; terminal liquidation is diagnostic
2006-06-21,2026-08-31,479367.0679758419,3.793670679758419,0.0807016399481757,0.1173571703265962,-0.22406676850747032,-0.05007401792802235,-0.10626674281650261,-0.07289407152094307,-0.16683780384243285,0.7213914906109944,0.9113953130613399,0.36016782178694706,0.06701495731662414,2007-10-31,2008-10-27,2010-04-05,360,4622,120,0.9699991262350511,4580161.155046955,,,,,,,,,,,,,,0.9322033898305084,84013.79561401752,2290.080577523477,469173.65755102,10103.82819408897,89.58223073303607,49735.802087565695,0.0,0.07955202004756856,479367.0679758419,479367.0679758419,469173.65755102,0.0807016399481757,0.07955202004756856,QQQ_VOL40_TARGET10_bimonthly,QQQ,bimonthly,40,0.1,after_tax,84013.79561401752,realized tax paid to date; terminal liquidation is diagnostic
2006-06-21,2026-08-31,842504.6870603866,7.425046870603866,0.1113046894000107,0.16093360203184034,-0.3295068758773708,-0.07570707331538273,-0.10626674281650272,-0.10081876773883458,-0.24890643306304683,0.7376922636258071,0.9497920517211368,0.3377917049640986,0.09498472327374766,2007-10-31,2008-10-27,2010-04-14,367,4578,96,0.8382872590777856,5740757.006370058,,,,,,,,,,,,,,0.9148936170212766,152213.03557260023,2870.3785031850284,812767.016588075,29500.736680480393,236.93379183119816,145216.52316259115,0.0,0.10932894618258393,842504.6870603866,842504.6870603866,812767.016588075,0.1113046894000107,0.10932894618258393,QQQ_VOL40_TARGET15_bimonthly,QQQ,bimonthly,40,0.15,after_tax,152213.03557260023,realized tax paid to date; terminal liquidation is diagnostic
2006-06-21,2026-08-31,1182368.1989850244,10.823681989850243,0.13011159579187237,0.19001014755856252,-0.4210541788916169,-0.10280520714972408,-0.11212113735263474,-0.13505539664869937,-0.3263962398867394,0.7401871157622211,0.9496354915112512,0.30901390442051463,0.11408502927767382,2007-10-31,2008-10-27,2010-10-15,496,4522,60,0.5480311870574506,4904887.268059362,,,,,,,,,,,,,,0.9666666666666667,187835.5146992529,2452.4436340296807,1111807.3938695928,70116.00950807297,444.7956073587503,345144.0290823183,0.0,0.1266733807715137,1182368.1989850244,1182368.1989850244,1111807.3938695928,0.13011159579187237,0.1266733807715137,QQQ_VOL40_TARGET20_bimonthly,QQQ,bimonthly,40,0.2,after_tax,187835.5146992529,realized tax paid to date; terminal liquidation is diagnostic
2006-06-21,2026-08-31,1413617.7655557971,13.13617765555797,0.14015253098905944,0.20602258841471946,-0.4722804926574673,-0.1197878912841468,-0.13432834358689094,-0.15576276999946548,-0.3745712059107916,0.7411307474770925,0.9464900251712712,0.29675697634775783,0.12376936762457987,2007-10-31,2008-10-27,2010-11-02,508,4480,40,0.34472515686372707,3336428.334516869,,,,,,,,,,,,,,0.95,169947.58465580174,1668.2141672584344,1281647.6202695111,131303.23301094995,666.9122753359002,646336.3672702434,0.0,0.13463264077239545,1413617.7655557971,1413617.7655557971,1281647.6202695111,0.14015253098905944,0.13463264077239545,QQQ_VOL40_TARGET25_bimonthly,QQQ,bimonthly,40,0.25,after_tax,169947.58465580174,realized tax paid to date; terminal liquidation is diagnostic
2006-06-21,2026-08-31,1603916.8653874248,15.039168653874249,0.14730543234512794,0.21210176504020833,-0.47803331237797353,-0.1200045987815821,-0.13432834358689127,-0.1557627699994656,-0.38449561402868226,0.755444958904736,0.9690783544224162,0.3081488852991396,0.12478529825472258,2007-10-31,2009-03-09,2010-10-15,406,4453,23,0.20975885400814212,2344661.763589695,,,,,,,,,,,,,,0.9090909090909091,147567.09640889848,1172.3308817948475,1415345.9543803083,187768.95257442276,801.9584326937124,924287.2388600677,0.0,0.14022151354378454,1603916.8653874248,1603916.8653874248,1415345.9543803083,0.14730543234512794,0.14022151354378454,QQQ_VOL40_TARGET30_bimonthly,QQQ,bimonthly,40,0.3,after_tax,147567.09640889848,realized tax paid to date; terminal liquidation is diagnostic
2006-06-21,2026-08-31,453370.5556671433,3.533705556671433,0.0777219313149311,0.11665517206835231,-0.21763164903274246,-0.059174277572274225,-0.10626674281650272,-0.07818301352892143,-0.16296284864668598,0.7013127781409083,0.8825032684443588,0.35712605064733904,0.06725454230572125,2007-10-31,2009-03-09,2010-03-22,261,4613,120,0.7772779577025567,3661936.925678344,,,,,,,,,,,,,,0.9,75977.22524972774,1830.968462839172,442049.6972638287,11225.380007405676,95.47839590896253,55256.60845387977,0.0,0.07637324877270846,453370.5556671433,453370.5556671433,442049.6972638287,0.0777219313149311,0.07637324877270846,QQQ_VOL60_TARGET10_bimonthly,QQQ,bimonthly,60,0.1,after_tax,75977.22524972774,realized tax paid to date; terminal liquidation is diagnostic
2006-06-21,2026-08-31,829701.9819957888,7.297019819957887,0.11046234810810174,0.16386726699048948,-0.31700746175965655,-0.09068762627766802,-0.10626674281650272,-0.09495066157740406,-0.24359837681956276,0.7227794867902397,0.9233961262959374,0.3484534638236694,0.09643746625152665,2007-10-31,2008-10-27,2010-04-06,361,4569,98,0.7085176287558619,5101809.108492258,,,,,,,,,,,,,,0.9148936170212766,144773.3243167898,2550.904554246129,796616.0287702142,32822.89359708222,263.0596284923376,161569.74450938823,0.0,0.10822690431181736,829701.9819957888,829701.9819957888,796616.0287702142,0.11046234810810174,0.10822690431181736,QQQ_VOL60_TARGET15_bimonthly,QQQ,bimonthly,60,0.15,after_tax,144773.3243167898,realized tax paid to date; terminal liquidation is diagnostic
2006-06-21,2026-08-31,1171706.7622610168,10.717067622610168,0.12960481322893758,0.1925107361986963,-0.40744618312866077,-0.1197878912841468,-0.11250907739993599,-0.12708291397267646,-0.3207267369400141,0.7307526776196525,0.9334177778742824,0.31809063035942536,0.11337446742337456,2007-10-31,2008-10-27,2010-04-23,374,4526,55,0.46342390683703033,4064801.7630138574,,,,,,,,,,,,,,0.9230769230769231,164147.7003324392,2032.4008815069287,1084394.4771374625,86815.1383830975,497.14674045678953,427345.0080388752,0.0,0.12528139603985666,1171706.7622610168,1171706.7622610168,1084394.4771374625,0.12960481322893758,0.12528139603985666,QQQ_VOL60_TARGET20_bimonthly,QQQ,bimonthly,60,0.2,after_tax,164147.7003324392,realized tax paid to date; terminal liquidation is diagnostic
2006-06-21,2026-08-31,1405199.0401920718,13.051990401920719,0.1398153377785727,0.20634418828185425,-0.47652773019798556,-0.1197878912841468,-0.13432834358689116,-0.15576276999946548,-0.3839831014525462,0.7388282480248597,0.9452310153977198,0.2934044105271331,0.1253675086982009,2007-10-31,2008-10-27,2010-11-03,509,4483,36,0.28038609983356255,2689656.387171777,,,,,,,,,,,,,,0.8823529411764706,140708.30660303036,1344.8281935858884,1251611.4028660888,152885.03780588694,702.5995200960359,752572.1772379372,0.0,0.1333010045376648,1405199.0401920718,1405199.0401920718,1251611.4028660888,0.1398153377785727,0.1333010045376648,QQQ_VOL60_TARGET25_bimonthly,QQQ,bimonthly,60,0.25,after_tax,140708.30660303036,realized tax paid to date; terminal liquidation is diagnostic
2006-06-21,2026-08-31,1671329.8914743445,15.713298914743444,0.14964686828215656,0.2122754047051855,-0.4776803427271452,-0.1197878912841468,-0.13432834358689127,-0.1557627699994656,-0.38974542248098576,0.7645884267588453,0.984023402445829,0.31327826350944493,0.12487470968699428,2007-10-31,2009-03-09,2010-10-22,411,4445,22,0.17613334701395764,1937107.4371471014,,,,,,,,,,,,,,0.8181818181818182,125063.16303044303,968.5537185735504,1451104.9058701294,219389.32065847793,835.6649457371723,1079937.586308038,0.0,0.14163119073824637,1671329.8914743445,1671329.8914743445,1451104.9058701294,0.14964686828215656,0.14163119073824637,QQQ_VOL60_TARGET30_bimonthly,QQQ,bimonthly,60,0.3,after_tax,125063.16303044303,realized tax paid to date; terminal liquidation is diagnostic
2006-06-21,2026-08-31,455065.40679325454,3.5506540679325456,0.0779210829599597,0.13582944463414923,-0.28559366167291667,-0.11978789128414669,-0.11250907739993588,-0.07529966872206029,-0.16080419392944922,0.6216769496153738,0.7432653205988048,0.2728389786507264,0.08148017601464659,2020-02-19,2020-03-16,2021-11-19,426,4667,79,0.9236989219179584,4319604.927672599,,,,,,,,,,,,,,0.9428571428571428,79093.31989656566,2159.8024638363,445906.5126716472,9092.5470159588,66.34710564852261,44757.79973398376,0.0,0.07683637103395258,455065.40679325454,455065.40679325454,445906.5126716472,0.0779210829599597,0.07683637103395258,QQQ_VOL20_TARGET10_quarterly,QQQ,quarterly,20,0.1,after_tax,79093.31989656566,realized tax paid to date; terminal liquidation is diagnostic
2006-06-21,2026-08-31,810244.4074344898,7.102444074344898,0.10915819843931018,0.1677485237989615,-0.32701952708549187,-0.11978789128414669,-0.11250907739993599,-0.09761796267941547,-0.23720293663814074,0.7029868722492709,0.8862302412370264,0.33379718762412997,0.09967727679316427,2007-10-31,2009-03-09,2010-04-05,270,4592,65,0.7041789137898287,4736995.409564527,,,,,,,,,,,,,,0.9354838709677419,141646.2050854587,2368.4977047822636,778687.4775387237,31379.284105721126,177.64579004494985,154463.61853665335,0.0,0.10697842035438065,810244.4074344898,810244.4074344898,778687.4775387237,0.10915819843931018,0.10697842035438065,QQQ_VOL20_TARGET15_quarterly,QQQ,quarterly,20,0.15,after_tax,141646.2050854587,realized tax paid to date; terminal liquidation is diagnostic
2006-06-21,2026-08-31,1105273.936384608,10.052739363846081,0.12634460737045505,0.1867488099422164,-0.3947163501069051,-0.11978789128414669,-0.11250907739993599,-0.11832024361845994,-0.29827864978364893,0.7320848774636628,0.9331416851674879,0.3200896221710498,0.1116353220248969,2007-10-31,2009-03-09,2010-04-23,284,4539,44,0.4527594368673147,3802456.3538590753,,,,,,,,,,,,,,0.9090909090909091,169330.81871411548,1901.228176929538,1035725.6762988595,69224.33111347229,323.9289722761159,340754.76797180553,0.0,0.12272555844317035,1105273.936384608,1105273.936384608,1035725.6762988595,0.12634460737045505,0.12272555844317035,QQQ_VOL20_TARGET20_quarterly,QQQ,quarterly,20,0.2,after_tax,169330.81871411548,realized tax paid to date; terminal liquidation is diagnostic
2006-06-21,2026-08-31,1401969.4232593656,13.019694232593656,0.13968547287546262,0.199882793055443,-0.4376657588537962,-0.1197878912841468,-0.11250907739993599,-0.14710679584132602,-0.33474151262209395,0.7557773474148299,0.9649740683476291,0.3191601582935919,0.11912189700955228,2007-10-31,2009-03-09,2010-10-25,412,4483,28,0.2809393873693975,2733288.1660072515,,,,,,,,,,,,,,0.8571428571428571,164281.76865719116,1366.6440830036256,1267971.9542165974,133482.5564969805,514.9125457875571,657064.024105245,0.0,0.1340300582870726,1401969.4232593656,1401969.4232593656,1267971.9542165974,0.13968547287546262,0.1340300582870726,QQQ_VOL20_TARGET25_quarterly,QQQ,quarterly,20,0.25,after_tax,164281.76865719116,realized tax paid to date; terminal liquidation is diagnostic
2006-06-21,2026-08-31,1551573.7796890899,14.515737796890898,0.14542198316880395,0.20774551605116084,-0.4664608470036483,-0.12980196769793184,-0.11250907739993599,-0.15576276999946548,-0.35563481372838823,0.7591250435707705,0.9710925029754712,0.3117560329080879,0.12270640778265465,2007-10-31,2009-03-09,2010-10-26,413,4461,17,0.18474663056768958,1775916.789322466,,,,,,,,,,,,,,0.8888888888888888,119593.33699451287,887.9583946612329,1351438.2145903807,199449.987714072,685.5773846370892,981786.7965250898,0.0,0.13761567660283847,1551573.7796890899,1551573.7796890899,1351438.2145903807,0.14542198316880395,0.13761567660283847,QQQ_VOL20_TARGET30_quarterly,QQQ,quarterly,20,0.3,after_tax,119593.33699451287,realized tax paid to date; terminal liquidation is diagnostic
2006-06-21,2026-08-31,401646.18219384586,3.0164618219384582,0.07127644994239746,0.13295955182308267,-0.28559366167291667,-0.11978789128414669,-0.11250907739993588,-0.08447241592501031,-0.16331967418469018,0.5855874837123134,0.6936836887310206,0.2495729405368548,0.08008744242163196,2020-02-19,2020-03-16,2021-10-27,409,4677,82,0.8052237645244001,3483246.117844808,,,,,,,,,,,,,,0.868421052631579,64013.03137310423,1741.6230589224042,391315.73431768105,10255.389818634358,75.05805753044639,50481.859801301296,0.0,0.06989507330350087,401646.18219384586,401646.18219384586,391315.73431768105,0.07127644994239746,0.06989507330350087,QQQ_VOL40_TARGET10_quarterly,QQQ,quarterly,40,0.1,after_tax,64013.03137310423,realized tax paid to date; terminal liquidation is diagnostic
2006-06-21,2026-08-31,744489.2432490801,6.444892432490802,0.10451928739276783,0.16712973188887392,-0.31310787924029393,-0.11978789128414669,-0.11250907739993599,-0.1046627157518718,-0.23886479799667082,0.6798500125930683,0.847264087579841,0.33381238327942153,0.09753221688848021,2007-10-31,2008-11-20,2010-04-09,346,4607,65,0.6812064825846372,4164736.729137796,,,,,,,,,,,,,,0.8709677419354839,118700.13776655658,2082.368364568898,707980.6222951207,36299.25160315374,209.36935080564209,178682.01625967876,0.0,0.10177258350889407,744489.2432490801,744489.2432490801,707980.6222951207,0.10451928739276783,0.10177258350889407,QQQ_VOL40_TARGET15_quarterly,QQQ,quarterly,40,0.15,after_tax,118700.13776655658,realized tax paid to date; terminal liquidation is diagnostic
2006-06-21,2026-08-31,1079874.0328053266,9.798740328053267,0.1250486479368953,0.1889802712687121,-0.39995996885759044,-0.1197878912841468,-0.1125090773999361,-0.13866808746652826,-0.31022434049741343,0.7195325185624033,0.9128913364952452,0.31265290947509816,0.11306339690563218,2007-10-31,2008-11-20,2010-12-08,515,4541,46,0.4586739758295428,3433457.3752850736,,,,,,,,,,,,,,0.9130434782608695,136495.77634732492,1716.728687642537,989255.5714479787,90212.22307497122,406.2382823767675,444067.05919257307,0.0,0.12017633262623173,1079874.0328053266,1079874.0328053266,989255.5714479787,0.1250486479368953,0.12017633262623173,QQQ_VOL40_TARGET20_quarterly,QQQ,quarterly,40,0.2,after_tax,136495.77634732492,realized tax paid to date; terminal liquidation is diagnostic
2006-06-21,2026-08-31,1398171.0956799765,12.981710956799764,0.13953237540670882,0.20125810076402875,-0.4541114841045857,-0.11978789128414669,-0.11250907739993599,-0.15576276999946548,-0.35820476129128664,0.7512433693390159,0.9612631735888288,0.3072645821363402,0.12237691463995978,2007-10-31,2008-11-20,2010-12-10,517,4490,30,0.2809138274825555,2127906.8138390686,,,,,,,,,,,,,,0.9375,102935.57514081625,1063.9534069195345,1215946.2285479107,181565.24223950368,659.6248925622436,893749.6541447388,0.0,0.1316797878799998,1398171.0956799765,1398171.0956799765,1215946.2285479107,0.13953237540670882,0.1316797878799998,QQQ_VOL40_TARGET25_quarterly,QQQ,quarterly,40,0.25,after_tax,102935.57514081625,realized tax paid to date; terminal liquidation is diagnostic
2006-06-21,2026-08-31,1627444.9778866,15.274449778866,0.14813307741374926,0.20943457820766168,-0.4885878222345291,-0.12349900033602912,-0.11250907739993599,-0.15576276999946548,-0.3842487199684488,0.7659512009725238,0.9801332940939602,0.303186184085127,0.12727603504199275,2007-10-31,2008-11-20,2010-12-08,515,4456,18,0.1510767419544151,1256071.802450244,,,,,,,,,,,,,,0.8888888888888888,75748.12942586659,628.0359012251221,1376856.0127966246,249775.24260103217,813.7224889433,1229511.408324057,0.0,0.13866583436135294,1627444.9778866,1627444.9778866,1376856.0127966246,0.14813307741374926,0.13866583436135294,QQQ_VOL40_TARGET30_quarterly,QQQ,quarterly,40,0.3,after_tax,75748.12942586659,realized tax paid to date; terminal liquidation is diagnostic
2006-06-21,2026-08-31,392218.5681066904,2.922185681066904,0.07001717319067047,0.12979917664704244,-0.2855936616729168,-0.11978789128414669,-0.11250907739993588,-0.07285837968179965,-0.17155855321993296,0.5875555425399981,0.6978710358281313,0.24516361035651896,0.08074667863978127,2020-02-19,2020-03-16,2021-10-26,408,4678,82,0.7076944954203708,3053244.462621987,,,,,,,,,,,,,,0.918918918918919,62998.318507540316,1526.6222313109936,382988.7563029087,9147.211821801344,82.59998198037138,45026.88565986387,0.0,0.06875613127490343,392218.5681066904,392218.5681066904,382988.7563029087,0.07001717319067047,0.06875613127490343,QQQ_VOL60_TARGET10_quarterly,QQQ,quarterly,60,0.1,after_tax,62998.318507540316,realized tax paid to date; terminal liquidation is diagnostic
2006-06-21,2026-08-31,710353.0848404837,6.103530848404837,0.10195511953542113,0.16872035688167322,-0.33121970348691454,-0.1197878912841468,-0.1125090773999361,-0.10185885087050672,-0.251259652392934,0.66121457392968,0.8230932340317046,0.30781719342807473,0.10150585227817278,2007-10-31,2008-11-20,2010-04-22,355,4617,71,0.6345819173614081,4055427.1973530394,,,,,,,,,,,,,,0.9354838709677419,119732.1619337637,2027.71359867652,681588.9625864822,28538.902569522736,225.2196844787965,140481.9225671806,0.0,0.09970186307804596,710353.0848404837,710353.0848404837,681588.9625864822,0.10195511953542113,0.09970186307804596,QQQ_VOL60_TARGET15_quarterly,QQQ,quarterly,60,0.15,after_tax,119732.1619337637,realized tax paid to date; terminal liquidation is diagnostic
2006-06-21,2026-08-31,1034976.0521078482,9.349760521078482,0.12268530609668993,0.18990547979339764,-0.41803406792509934,-0.1197878912841468,-0.11250907739993599,-0.13497609374543407,-0.3239682807736224,0.705834579862765,0.8952997014196997,0.29348159757800385,0.11762313370095036,2007-10-31,2008-11-20,2010-12-10,517,4558,42,0.4236356434029985,3519109.176674747,,,,,,,,,,,,,,0.9,148218.29926030288,1759.5545883373734,962793.4958483871,71743.42337457163,439.1328848895317,353154.92677613406,0.0,0.11867334997359658,1034976.0521078482,1034976.0521078482,962793.4958483871,0.12268530609668993,0.11867334997359658,QQQ_VOL60_TARGET20_quarterly,QQQ,quarterly,60,0.2,after_tax,148218.29926030288,realized tax paid to date; terminal liquidation is diagnostic
2006-06-21,2026-08-31,1374019.4101327062,12.740194101327061,0.138549555394742,0.20358003341328856,-0.47628380317564845,-0.1197878912841468,-0.11250907739993599,-0.15576276999946548,-0.37605952100796836,0.7407419196805828,0.944649268101073,0.29089705438428776,0.1273105036490313,2007-10-31,2008-11-20,2010-12-21,524,4498,27,0.2520392880120359,2359506.501311394,,,,,,,,,,,,,,0.9166666666666666,133252.2331062443,1179.7532506556968,1220836.9652314754,152495.43519616418,687.0097050663531,750654.3696586965,0.0,0.1319047575694452,1374019.4101327062,1374019.4101327062,1220836.9652314754,0.138549555394742,0.1319047575694452,QQQ_VOL60_TARGET25_quarterly,QQQ,quarterly,60,0.25,after_tax,133252.2331062443,realized tax paid to date; terminal liquidation is diagnostic
2006-06-21,2026-08-31,1575674.4508844174,14.756744508844173,0.14629657608968993,0.21190679524354056,-0.510632242084017,-0.1197878912841468,-0.12033325055496069,-0.15576276999946548,-0.4002650065371095,0.7518404520230164,0.9615385155992662,0.2865008591949017,0.13112242932877566,2007-10-31,2008-11-20,2010-12-21,524,4468,18,0.16068349915961763,1633170.4319261685,,,,,,,,,,,,,,0.8888888888888888,105749.24600376663,816.5852159630844,1359529.6847722558,215356.9288867193,787.8372254422087,1060088.254426381,0.0,0.13795200491133275,1575674.4508844174,1575674.4508844174,1359529.6847722558,0.14629657608968993,0.13795200491133275,QQQ_VOL60_TARGET30_quarterly,QQQ,quarterly,60,0.3,after_tax,105749.24600376663,realized tax paid to date; terminal liquidation is diagnostic
2006-06-21,2026-08-31,299955.8785600314,1.999558785600314,0.055901156666328555,0.11586250756311518,-0.2909775913801308,-0.06603541819003833,-0.07850106309292582,-0.09923255531159536,-0.17150898860013186,0.5285512393855523,0.6431874287266696,0.19211498865319745,0.09035690814767655,2007-02-20,2009-03-09,2011-01-14,469,4766,1045,2.8234910475534685,10007055.834153537,,,,,,,,,,,,,,0.7176470588235294,48150.59487737164,5003.527917076769,297646.4887207885,2237.6641219735156,71.72571726942904,11014.836928247678,0.0,0.05549711460667739,299955.8785600314,299955.8785600314,297646.4887207885,0.055901156666328555,0.05549711460667739,SSO_VOL20_TARGET10_weekly,SSO,weekly,20,0.1,after_tax,48150.59487737164,realized tax paid to date; terminal liquidation is diagnostic
2006-06-21,2026-08-31,490550.3961923643,3.9055039619236425,0.08193647418110617,0.16800712043651078,-0.407313799450581,-0.08025834030201673,-0.11675178104129669,-0.12427745815977587,-0.24960031656306014,0.5541583608796193,0.6838280336963936,0.20116302048108597,0.12905063858372673,2007-06-04,2009-03-09,2011-02-07,484,4748,961,3.331083491928983,15876210.973626524,,,,,,,,,,,,,,0.7192224622030238,92519.78081253298,7938.105486813261,484794.2303789839,5580.1726310139275,175.99318236648068,27468.238400265458,0.0,0.08130427431197673,490550.3961923643,490550.3961923643,484794.2303789839,0.08193647418110617,0.08130427431197673,SSO_VOL20_TARGET15_weekly,SSO,weekly,20,0.15,after_tax,92519.78081253298,realized tax paid to date; terminal liquidation is diagnostic
2006-06-21,2026-08-31,717473.8336915094,6.1747383369150945,0.10249952713578758,0.2095947120786654,-0.5066717975782066,-0.09122563508185122,-0.15490051863840026,-0.15591944338441976,-0.3226277235733952,0.5719185961608222,0.7215244823952438,0.20229964964640926,0.16203628704212794,2007-06-04,2009-03-09,2011-04-26,538,4721,794,2.916964435962237,17159803.26531111,,,,,,,,,,,,,,0.7275132275132276,142090.81072715807,8579.901632655556,704985.536695921,12145.00753195723,343.289463631282,59783.448348300415,0.0,0.10154131110361742,717473.8336915094,717473.8336915094,704985.536695921,0.10249952713578758,0.10154131110361742,SSO_VOL20_TARGET20_weekly,SSO,weekly,20,0.2,after_tax,142090.81072715807,realized tax paid to date; terminal liquidation is diagnostic
2006-06-21,2026-08-31,924309.4163077393,8.243094163077393,0.11641594341805761,0.24123384944464313,-0.5879922128578889,-0.0877432101529122,-0.1929125453908218,-0.15013461870115863,-0.3906665755883514,0.5788038676953633,0.7345216880081221,0.19798892038421267,0.19216419516032887,2007-07-13,2009-03-09,2012-09-13,888,4695,626,2.2202627633665846,14420185.543392751,,,,,,,,,,,,,,0.7435897435897436,173810.21796491608,7210.092771696376,894983.3625909734,28863.899008612007,462.15470815386965,142081.70813985728,0.0,0.1146349293613631,924309.4163077393,924309.4163077393,894983.3625909734,0.11641594341805761,0.1146349293613631,SSO_VOL20_TARGET25_weekly,SSO,weekly,20,0.25,after_tax,173810.21796491608,realized tax paid to date; terminal liquidation is diagnostic
2006-06-21,2026-08-31,1160566.540266153,10.60566540266153,0.12907056777678383,0.2668667549767236,-0.6449708415302637,-0.10077257014240892,-0.21098752427186362,-0.18322001373648278,-0.44296846465414175,0.5901348582936957,0.7486845306763149,0.20011845414677942,0.21644200984923648,2007-07-13,2009-03-09,2013-01-17,973,4670,462,1.6595579257782846,11214948.946665274,,,,,,,,,,,,,,0.7366071428571429,179400.93179837856,5607.474473332637,1087605.6813908166,72380.57560520332,580.2832701330765,356291.29020528344,0.0,0.125446174576207,1160566.540266153,1160566.540266153,1087605.6813908166,0.12907056777678383,0.125446174576207,SSO_VOL20_TARGET30_weekly,SSO,weekly,20,0.3,after_tax,179400.93179837856,realized tax paid to date; terminal liquidation is diagnostic
2006-06-21,2026-08-31,287971.78999163606,1.8797178999163604,0.05377142201331875,0.11193394599454634,-0.2858167845477234,-0.05645788285983777,-0.09877353282158186,-0.09512888769715167,-0.17398298947091106,0.5249904210252134,0.6372478283118689,0.18813248528565832,0.0890980705476527,2007-02-20,2009-03-09,2012-03-16,763,4742,1043,1.4085188116010499,4794714.164795375,,,,,,,,,,,,,,0.7878787878787878,43478.117193287784,2397.3570823976884,284380.7780494273,3528.1638643028896,62.84807790585321,17367.284589234012,0.0,0.053116831485237936,287971.78999163606,287971.78999163606,284380.7780494273,0.05377142201331875,0.053116831485237936,SSO_VOL40_TARGET10_weekly,SSO,weekly,40,0.1,after_tax,43478.117193287784,realized tax paid to date; terminal liquidation is diagnostic
2006-06-21,2026-08-31,447657.41205651505,3.47657412056515,0.07704536189111688,0.16599391812491127,-0.4033882494865547,-0.08261080020431832,-0.14713456817752357,-0.13296278801349837,-0.2528627070098647,0.5314903035595777,0.6477382017787839,0.19099555326458478,0.1327255505806695,2007-02-20,2009-03-09,2012-09-13,888,4737,971,1.8329209619590359,8019882.129869868,,,,,,,,,,,,,,0.779559118236473,78513.97167635158,4009.941064934934,439477.8651835922,8032.967285870429,146.57958705243598,39542.0491551584,0.0,0.0760622867070293,447657.41205651505,447657.41205651505,439477.8651835922,0.07704536189111688,0.0760622867070293,SSO_VOL40_TARGET15_weekly,SSO,weekly,40,0.15,after_tax,78513.97167635158,realized tax paid to date; terminal liquidation is diagnostic
2006-06-21,2026-08-31,615427.5324239883,5.154275324239883,0.09415543654010294,0.2121475371375373,-0.4928466408522595,-0.08188875276355922,-0.19506122729897513,-0.15389880570065972,-0.3264223273507043,0.5317650042033305,0.6568652484606731,0.191044087015149,0.16495599081883222,2007-06-04,2009-03-09,2013-01-22,975,4720,841,1.78009073502665,9186506.185118552,,,,,,,,,,,,,,0.7738095238095238,110607.9216434603,4593.253092559276,598642.2034021204,16516.58563035599,268.74339151193624,81302.41511373856,0.0,0.09265818448320706,615427.5324239883,615427.5324239883,598642.2034021204,0.09415543654010294,0.09265818448320706,SSO_VOL40_TARGET20_weekly,SSO,weekly,40,0.2,after_tax,110607.9216434603,realized tax paid to date; terminal liquidation is diagnostic
2006-06-21,2026-08-31,864458.909546051,7.6445890954605105,0.11272122290498188,0.24681448880963078,-0.5789692535141331,-0.10281962201843542,-0.21098752427186374,-0.19597571199639519,-0.3947665947337715,0.5578818985610324,0.6964652568396885,0.19469293441889185,0.1975197656819549,2007-07-13,2009-03-09,2013-01-25,978,4676,626,1.3219564079506803,7919607.060620706,,,,,,,,,,,,,,0.7922077922077922,143737.31221688061,3959.8035303103534,823351.7372707565,40674.942820521544,432.22945477302557,200221.2297342926,0.0,0.11003994591030852,864458.909546051,864458.909546051,823351.7372707565,0.11272122290498188,0.11003994591030852,SSO_VOL40_TARGET25_weekly,SSO,weekly,40,0.25,after_tax,143737.31221688061,realized tax paid to date; terminal liquidation is diagnostic
2006-06-21,2026-08-31,1092975.2271910277,9.929752271910278,0.12572067512855178,0.27211384092158475,-0.643065760005763,-0.12394030465841455,-0.21098752427186374,-0.23697557516421386,-0.4566392524909235,0.573160748303584,0.7157587218977207,0.19550205118590844,0.22179060106255283,2007-07-13,2009-03-09,2013-01-25,978,4641,452,0.9389132135064672,5619005.405184804,,,,,,,,,,,,,,0.8097345132743363,136782.10061580423,2809.5027025924023,999811.6580079806,92617.08156945158,546.4876135955138,455904.90558430506,0.0,0.12076525411400119,1092975.2271910277,1092975.2271910277,999811.6580079806,0.12572067512855178,0.12076525411400119,SSO_VOL40_TARGET30_weekly,SSO,weekly,40,0.3,after_tax,136782.10061580423,realized tax paid to date; terminal liquidation is diagnostic
2006-06-21,2026-08-31,276758.4542987135,1.7675845429871346,0.051700948946971303,0.11098066105399815,-0.2668057025400409,-0.05994250977990123,-0.10835546123232298,-0.09686232780227688,-0.17228246062426156,0.5107837266301767,0.6162812761977394,0.1937775259477907,0.0873641499100147,2007-07-13,2009-03-09,2011-02-07,484,4703,1042,0.9695180602480791,3271595.8132596547,,,,,,,,,,,,,,0.8333333333333334,39165.22878656614,1635.7979066298271,272018.7010608897,4689.447903550846,50.30533427293283,23083.671688657865,0.0,0.05080170742841106,276758.4542987135,276758.4542987135,272018.7010608897,0.051700948946971303,0.05080170742841106,SSO_VOL60_TARGET10_weekly,SSO,weekly,60,0.1,after_tax,39165.22878656614,realized tax paid to date; terminal liquidation is diagnostic
2006-06-21,2026-08-31,416269.30674916,3.1626930674916,0.07317518113030252,0.16485158842396955,-0.3770708533394511,-0.08274435332972208,-0.1611339936203654,-0.13634696221790576,-0.250726035286828,0.512155728448574,0.618743739038796,0.19406215166789334,0.12859876708494242,2007-07-13,2009-03-09,2011-02-14,489,4702,978,1.265902033470531,5298910.370348386,,,,,,,,,,,,,,0.8262626262626263,67343.70310208527,2649.455185174193,405591.5716059264,10564.219056092583,113.51608714098138,52002.062791496835,0.0,0.07179512797195664,416269.30674916,416269.30674916,405591.5716059264,0.07317518113030252,0.07179512797195664,SSO_VOL60_TARGET15_weekly,SSO,weekly,60,0.15,after_tax,67343.70310208527,realized tax paid to date; terminal liquidation is diagnostic
2006-06-21,2026-08-31,592592.9697733838,4.925929697733838,0.09210879415034268,0.21291435183194635,-0.4745255266049606,-0.09872509584920974,-0.21058982639790425,-0.18251305627409897,-0.32406356943689785,0.5218492025996038,0.6381124888026302,0.19410714279028163,0.16224828886417186,2007-07-13,2009-03-09,2011-04-28,540,4694,886,1.3604972421623225,6965157.707334822,,,,,,,,,,,,,,0.8278145695364238,99340.16458689522,3482.578853667411,571510.1931379922,20867.27186410957,215.50477128205603,102718.54227964347,0.0,0.09015148432743603,592592.9697733838,592592.9697733838,571510.1931379922,0.09210879415034268,0.09015148432743603,SSO_VOL60_TARGET20_weekly,SSO,weekly,60,0.2,after_tax,99340.16458689522,realized tax paid to date; terminal liquidation is diagnostic
2006-06-21,2026-08-31,889238.5960515372,7.892385960515371,0.11427955366475184,0.2503596792025546,-0.5536999242899663,-0.12407224059675925,-0.21098752427186362,-0.2287464933055502,-0.3923747584915579,0.5591651583375951,0.6924444525354382,0.20639257592692925,0.18895723821747834,2007-07-13,2009-03-09,2013-01-10,968,4661,638,1.0147166064740154,6266117.565956199,,,,,,,,,,,,,,0.8454258675078864,137438.5742996327,3133.0587829780998,838100.5340535025,50733.75862747887,404.3033705558244,249735.4596479393,0.0,0.11101630365631876,889238.5960515372,889238.5960515372,838100.5340535025,0.11427955366475184,0.11101630365631876,SSO_VOL60_TARGET25_weekly,SSO,weekly,60,0.25,after_tax,137438.5742996327,realized tax paid to date; terminal liquidation is diagnostic
2006-06-21,2026-08-31,1074913.3486976582,9.749133486976582,0.12479216467907617,0.2781443968898614,-0.6132455969595106,-0.14969686175066366,-0.21098752427186362,-0.27536177737257916,-0.4557647928464038,0.5638838271238485,0.6959408424945133,0.20349459547332965,0.20978058509945727,2007-07-13,2009-03-09,2013-01-17,973,4628,448,0.7412946153504627,4492054.208143634,,,,,,,,,,,,,,0.8148148148148148,127664.09596118695,2246.027104071817,978160.5644254459,96215.32759786348,537.4566743488291,473617.1675996233,0.0,0.11955087140748666,1074913.3486976582,1074913.3486976582,978160.5644254459,0.12479216467907617,0.11955087140748666,SSO_VOL60_TARGET30_weekly,SSO,weekly,60,0.3,after_tax,127664.09596118695,realized tax paid to date; terminal liquidation is diagnostic
2006-06-21,2026-08-31,338483.46529078594,2.3848346529078595,0.06223843507574389,0.1248499211107669,-0.2904806173576209,-0.0592355574892135,-0.0917370952244122,-0.1315583015455174,-0.18206377743512336,0.5471959936613796,0.6634665068168091,0.21426019967149812,0.09644366614131546,2007-06-04,2009-03-09,2011-02-07,484,4759,241,1.8164985204656632,6773168.198854945,,,,,,,,,,,,,,0.7815126050420168,55882.64378978714,3386.584099427472,334510.5501756165,3903.788121082504,69.12699408687621,19216.28413035936,0.0,0.06161756961312537,338483.46529078594,338483.46529078594,334510.5501756165,0.06223843507574389,0.06161756961312537,SSO_VOL20_TARGET10_monthly,SSO,monthly,20,0.1,after_tax,55882.64378978714,realized tax paid to date; terminal liquidation is diagnostic
2006-06-21,2026-08-31,568612.0182269894,4.686120182269894,0.08987707073586337,0.17746206648750204,-0.40719435616664634,-0.07632688692977774,-0.1359071683418943,-0.1401348470620476,-0.26374940841513117,0.5751265537891831,0.7091539644349192,0.22072278108658444,0.1269243822739504,2007-06-04,2009-03-09,2011-04-28,540,4725,232,2.1556998335838973,10748858.501136852,,,,,,,,,,,,,,0.8053097345132744,107180.385672378,5374.429250568426,558682.5154900496,9756.745559100289,172.7571778395066,48027.29785429628,0.0,0.08892670944254344,568612.0182269894,568612.0182269894,558682.5154900496,0.08987707073586337,0.08892670944254344,SSO_VOL20_TARGET15_monthly,SSO,monthly,20,0.15,after_tax,107180.385672378,realized tax paid to date; terminal liquidation is diagnostic
2006-06-21,2026-08-31,821855.1364361992,7.218551364361993,0.10993994500209037,0.21942752088082582,-0.5046565445428481,-0.08180079655330086,-0.1790001484910232,-0.14013484706204737,-0.3395343835942155,0.5866750400182991,0.7328605333500762,0.21785102401016393,0.15984169910034499,2007-06-04,2009-03-09,2012-03-13,760,4699,210,1.925069743727656,11697529.767189382,,,,,,,,,,,,,,0.81,157420.31262767164,5848.76488359469,800387.5066344041,21137.410874592093,330.2189272029236,104048.29374645383,0.0,0.10848613432578125,821855.1364361992,821855.1364361992,800387.5066344041,0.10993994500209037,0.10848613432578125,SSO_VOL20_TARGET20_monthly,SSO,monthly,20,0.2,after_tax,157420.31262767164,realized tax paid to date; terminal liquidation is diagnostic
2006-06-21,2026-08-31,1112213.2310524555,10.122132310524554,0.12669374248392629,0.25220655896695104,-0.5835392135829276,-0.10458327423731895,-0.21098752427186374,-0.15530845706999008,-0.4096665413432039,0.6008369457614972,0.7555716836295585,0.21711264561986743,0.18863541101893241,2007-06-04,2009-03-09,2012-08-17,870,4660,170,1.445715764562303,9994283.207901472,,,,,,,,,,,,,,0.84,197337.5262306405,4997.141603950737,1063388.9931559465,48270.14642999866,554.0914665104353,237608.39985231927,0.0,0.12419194886231821,1112213.2310524555,1112213.2310524555,1063388.9931559465,0.12669374248392629,0.12419194886231821,SSO_VOL20_TARGET25_monthly,SSO,monthly,20,0.25,after_tax,197337.5262306405,realized tax paid to date; terminal liquidation is diagnostic
2006-06-21,2026-08-31,1374200.29310412,12.7420029310412,0.13855697701794023,0.27868262063799926,-0.6426385382775626,-0.12842931809668268,-0.21098752427186374,-0.18894898463858678,-0.45834096341467767,0.6068737600032232,0.7601332857672838,0.2156063926531838,0.20958089124119814,2007-07-13,2009-03-09,2012-09-13,888,4630,123,1.0440280019926822,7603709.794813972,,,,,,,,,,,,,,0.8363636363636363,207294.59164319042,3801.8548974069863,1279981.6831591146,93531.50979845345,687.1001465520601,460406.1520967436,0.0,0.1345595633903709,1374200.29310412,1374200.29310412,1279981.6831591146,0.13855697701794023,0.1345595633903709,SSO_VOL20_TARGET30_monthly,SSO,monthly,20,0.3,after_tax,207294.59164319042,realized tax paid to date; terminal liquidation is diagnostic
2006-06-21,2026-08-31,297319.85159195703,1.9731985159195702,0.055439727047644105,0.11731563512013855,-0.2885128962976975,-0.05499511417073011,-0.1114025012783797,-0.10974419439065441,-0.18204139099647165,0.5196954531695246,0.6264179994283501,0.19215684206517927,0.09507646833642606,2007-02-20,2009-03-09,2012-09-07,884,4716,240,0.9413102745341515,3318798.833653929,,,,,,,,,,,,,,0.8384615384615385,45154.59785984413,1659.3994168269644,293175.64082368364,4093.857223711552,50.35354456183055,20151.89379134409,0.0,0.05470637213921581,297319.85159195703,297319.85159195703,293175.64082368364,0.055439727047644105,0.05470637213921581,SSO_VOL40_TARGET10_monthly,SSO,monthly,40,0.1,after_tax,45154.59785984413,realized tax paid to date; terminal liquidation is diagnostic
2006-06-21,2026-08-31,473508.59793227067,3.735085979322707,0.08004379074050738,0.17428851089737915,-0.4035571452216109,-0.08125100361735693,-0.16460564315222248,-0.140171141091062,-0.26353081052893335,0.5303377611025096,0.639507816729956,0.1983456164468401,0.13771257689987806,2007-06-04,2009-03-09,2012-09-13,888,4708,231,1.2602564028354495,5727231.444461787,,,,,,,,,,,,,,0.8220338983050848,83285.7605152892,2863.615722230893,463901.3860947192,9487.743387756766,119.46844979472368,46703.142445270816,0.0,0.07894806142528887,473508.59793227067,473508.59793227067,463901.3860947192,0.08004379074050738,0.07894806142528887,SSO_VOL40_TARGET15_monthly,SSO,monthly,40,0.15,after_tax,83285.7605152892,realized tax paid to date; terminal liquidation is diagnostic
2006-06-21,2026-08-31,675945.3677117948,5.759453677117948,0.09924918195731935,0.2216462645965086,-0.4961052045402018,-0.10769084257399297,-0.21098752427186374,-0.1556193064021617,-0.3390457663719648,0.5393211837677921,0.6608875339349035,0.2000567239549625,0.1726947093426337,2007-06-04,2009-03-09,2013-01-25,978,4699,211,1.2903334100094448,7173677.245256707,,,,,,,,,,,,,,0.8317757009345794,122314.48870740269,3586.8386226283546,656228.3964580534,19491.119299692164,225.85195404915663,95944.4710789671,0.0,0.09763895080898677,675945.3677117948,675945.3677117948,656228.3964580534,0.09924918195731935,0.09763895080898677,SSO_VOL40_TARGET20_monthly,SSO,monthly,40,0.2,after_tax,122314.48870740269,realized tax paid to date; terminal liquidation is diagnostic
2006-06-21,2026-08-31,901296.7815335509,8.012967815335509,0.1150229902534119,0.2583079010258044,-0.5779375874204318,-0.13868519465432783,-0.21098752427186362,-0.19905516257138944,-0.40884735947101636,0.5523855887573649,0.6814946139417768,0.1990232038148026,0.20346473432533171,2007-07-13,2009-03-09,2013-02-12,990,4670,160,1.005671880951068,6196665.891780311,,,,,,,,,,,,,,0.8227848101265823,148386.871347721,3098.3329458901558,856457.4747223951,44465.40447565155,373.90233550432407,218879.66761334753,0.0,0.11220895525856323,901296.7815335509,901296.7815335509,856457.4747223951,0.1150229902534119,0.11220895525856323,SSO_VOL40_TARGET25_monthly,SSO,monthly,40,0.25,after_tax,148386.871347721,realized tax paid to date; terminal liquidation is diagnostic
2006-06-21,2026-08-31,1101706.8409253021,10.017068409253021,0.12616432535818767,0.2855911224911032,-0.6334627665989504,-0.17161299303580535,-0.21841658318945756,-0.24014898574356658,-0.46692517807192846,0.5607602488229941,0.6901674801737622,0.19916612626747038,0.2202220427080582,2007-07-13,2009-03-09,2013-02-01,983,4634,117,0.7121008280045256,4418600.212128962,,,,,,,,,,,,,,0.8135593220338984,137753.80963659147,2209.300106064482,1007545.1072155224,93616.94838666669,544.7853231130351,460826.72107638046,0.0,0.12119296238210309,1101706.8409253021,1101706.8409253021,1007545.1072155224,0.12616432535818767,0.12119296238210309,SSO_VOL40_TARGET30_monthly,SSO,monthly,40,0.3,after_tax,137753.80963659147,realized tax paid to date; terminal liquidation is diagnostic
2006-06-21,2026-08-31,292527.00970752153,1.9252700970752152,0.054590700248876356,0.11507853886754983,-0.2773852507902005,-0.06042407908889391,-0.12368293058639579,-0.09994017582227044,-0.17257271196019663,0.5205313882508223,0.6224364122502003,0.19680462495161963,0.09476358445780406,2018-01-26,2020-03-23,2021-11-02,408,4694,239,0.6459538970103892,2245433.000588853,,,,,,,,,,,,,,0.8467741935483871,40283.90722246726,1122.7165002944266,285471.57615841884,7000.463357419576,54.97019168309825,34459.57842687461,0.0,0.0533164954048897,292527.00970752153,292527.00970752153,285471.57615841884,0.054590700248876356,0.0533164954048897,SSO_VOL60_TARGET10_monthly,SSO,monthly,60,0.1,after_tax,40283.90722246726,realized tax paid to date; terminal liquidation is diagnostic
2006-06-21,2026-08-31,456803.6908131821,3.5680369081318206,0.07812460715275327,0.17241027719192517,-0.384753888566815,-0.09372393305417681,-0.1824502399861716,-0.14058307564131522,-0.2503363686930239,0.5239081769619671,0.6251172596530232,0.20305085789714225,0.13511383565788798,2018-01-26,2020-03-23,2021-11-02,408,4698,226,0.898401815815671,3922484.1634468446,,,,,,,,,,,,,,0.8378378378378378,71031.18120969397,1961.2420817234224,440818.39093224006,15857.513171788838,127.78670915318993,78058.14999649933,0.0,0.07622458580783675,456803.6908131821,456803.6908131821,440818.39093224006,0.07812460715275327,0.07622458580783675,SSO_VOL60_TARGET15_monthly,SSO,monthly,60,0.15,after_tax,71031.18120969397,realized tax paid to date; terminal liquidation is diagnostic
2006-06-21,2026-08-31,677037.0841209057,5.770370841209057,0.09933702969561997,0.22235527383783174,-0.471192799469919,-0.12937274786366182,-0.21098752427186374,-0.18446493017619658,-0.32274311859336424,0.5387222422176539,0.6530404151128218,0.2108203474403086,0.16499253344870693,2007-07-13,2009-03-09,2013-01-10,968,4677,213,1.0026065987581425,5387575.459081259,,,,,,,,,,,,,,0.8666666666666667,107008.2202555607,2693.787729540629,644881.7850822236,31904.667539449227,250.63149923295362,157049.80329534446,0.0,0.09669133041045574,677037.0841209057,677037.0841209057,644881.7850822236,0.09933702969561997,0.09669133041045574,SSO_VOL60_TARGET20_monthly,SSO,monthly,60,0.2,after_tax,107008.2202555607,realized tax paid to date; terminal liquidation is diagnostic
2006-06-21,2026-08-31,967645.2182985612,8.676452182985612,0.11895183221100591,0.26252545175590025,-0.5427028152849414,-0.16762815244609153,-0.2133449668114462,-0.23323995258471075,-0.3900677045510398,0.5612390311841645,0.6851848858076045,0.21918410750928444,0.18955650157890536,2007-07-13,2009-03-09,2013-01-10,968,4639,163,0.7634146871276098,4825678.280722423,,,,,,,,,,,,,,0.8481012658227848,135744.4487490706,2412.839140361212,899196.913093016,68003.8763997605,444.42880578472045,334747.1149385208,0.0,0.11489420719595023,967645.2182985612,967645.2182985612,899196.913093016,0.11895183221100591,0.11489420719595023,SSO_VOL60_TARGET25_monthly,SSO,monthly,60,0.25,after_tax,135744.4487490706,realized tax paid to date; terminal liquidation is diagnostic
2006-06-21,2026-08-31,1115048.1676917563,10.150481676917563,0.12683578062152345,0.2941019289654813,-0.60133409659482,-0.2087868802732401,-0.265728813403732,-0.2767653802242267,-0.4523855447910321,0.5551419966426921,0.6745954428263233,0.2109239794313304,0.20762441593307943,2007-07-13,2009-03-09,2013-01-10,968,4617,109,0.5881317634081938,3571614.2299484992,,,,,,,,,,,,,,0.8,123214.66175240961,1785.8071149742495,1006580.4725763713,107910.17103153926,557.5240838458782,531184.6961926619,0.0,0.12113978270248582,1115048.1676917563,1115048.1676917563,1006580.4725763713,0.12683578062152345,0.12113978270248582,SSO_VOL60_TARGET30_monthly,SSO,monthly,60,0.3,after_tax,123214.66175240961,realized tax paid to date; terminal liquidation is diagnostic
2006-06-21,2026-08-31,340123.1774366908,2.4012317743669076,0.062492663228136625,0.1298518270720769,-0.31694850644430717,-0.07615463505570663,-0.15846970466904464,-0.1255419989702352,-0.20673634276847164,0.5329745999824428,0.6288275309606868,0.19716976719408383,0.10159705766236135,2007-06-04,2009-03-09,2011-02-08,485,4707,120,1.0537323445517854,3999375.1860128986,,,,,,,,,,,,,,0.7666666666666667,54347.02849471088,1999.6875930064493,334609.4475404359,5464.616442026977,49.1134542279061,26899.416401806433,0.0,0.06163310962339463,340123.1774366908,340123.1774366908,334609.4475404359,0.062492663228136625,0.06163310962339463,SSO_VOL20_TARGET10_bimonthly,SSO,bimonthly,20,0.1,after_tax,54347.02849471088,realized tax paid to date; terminal liquidation is diagnostic
2006-06-21,2026-08-31,538087.7661971189,4.380877661971189,0.08690328944099224,0.18429976385128768,-0.44175404066909163,-0.09014975194807873,-0.21098752427186362,-0.15461444024131155,-0.30097114640566447,0.5457556157016897,0.6565015934486045,0.1967232474192344,0.14250363749988235,2007-06-04,2009-03-09,2012-09-06,883,4695,114,1.2727842099578144,6210364.1287358785,,,,,,,,,,,,,,0.8070175438596491,95707.89303977447,3105.18206436794,525262.8055175869,12709.172833222601,115.78784630944385,62560.53572839085,0.0,0.08560571738705258,538087.7661971189,538087.7661971189,525262.8055175869,0.08690328944099224,0.08560571738705258,SSO_VOL20_TARGET15_bimonthly,SSO,bimonthly,20,0.15,after_tax,95707.89303977447,realized tax paid to date; terminal liquidation is diagnostic
2006-06-21,2026-08-31,773805.419034676,6.738054190346761,0.10663371690468337,0.22656758211736994,-0.5405302741258065,-0.09014975194807884,-0.21098752427186374,-0.1632410844369495,-0.389497422300223,0.562009616430305,0.6923722836041795,0.1972761231128837,0.17499257921151556,2007-06-04,2009-03-09,2013-01-10,968,4665,106,1.2426954924624616,7316434.7840315765,,,,,,,,,,,,,,0.8518518518518519,140008.76298885164,3658.2173920157884,748312.0669933755,25272.77859325816,220.57344804235797,124404.52174874803,0.0,0.10479945047506378,773805.419034676,773805.419034676,748312.0669933755,0.10663371690468337,0.10479945047506378,SSO_VOL20_TARGET20_bimonthly,SSO,bimonthly,20,0.2,after_tax,140008.76298885164,realized tax paid to date; terminal liquidation is diagnostic
2006-06-21,2026-08-31,924081.4271469242,8.240814271469242,0.11640230565680176,0.2621812080473087,-0.6256555880293466,-0.11603711591873211,-0.2109875242718635,-0.21075171478192023,-0.47215200873167873,0.5525723762209378,0.684340183814623,0.1860485351428554,0.20877938485704525,2007-06-04,2009-03-09,2013-02-19,994,4658,90,1.0048807460700437,6242848.789637867,,,,,,,,,,,,,,0.8863636363636364,153568.96910224136,3121.424394818934,878780.0372064788,44974.250523153736,327.139417291735,221384.4475665948,0.0,0.11362693974056404,924081.4271469242,924081.4271469242,878780.0372064788,0.11640230565680176,0.11362693974056404,SSO_VOL20_TARGET25_bimonthly,SSO,bimonthly,20,0.25,after_tax,153568.96910224136,realized tax paid to date; terminal liquidation is diagnostic
2006-06-21,2026-08-31,1027148.7763139326,9.271487763139326,0.12226334394917648,0.29111371451382867,-0.6954411083006631,-0.12842931809668268,-0.24740802871390244,-0.2614884579591429,-0.5411342335780222,0.543354531644817,0.6707460115881636,0.1758068979383914,0.24131392688811265,2007-07-13,2009-03-09,2013-05-03,1046,4648,72,0.7694480266268962,4455647.896930255,,,,,,,,,,,,,,0.8787878787878788,141772.10561657746,2227.8239484651276,951424.1246828076,75291.09439510884,433.5572360161139,370618.234777794,0.0,0.1180155026390608,1027148.7763139326,1027148.7763139326,951424.1246828076,0.12226334394917648,0.1180155026390608,SSO_VOL20_TARGET30_bimonthly,SSO,bimonthly,20,0.3,after_tax,141772.10561657746,realized tax paid to date; terminal liquidation is diagnostic
2006-06-21,2026-08-31,303388.28480055503,2.0338828480055504,0.05649624739283343,0.12075517456213679,-0.28458701243402185,-0.06997335111138114,-0.1686479060103966,-0.12184050268127389,-0.17061321094706816,0.5166756863540265,0.6067075141814053,0.19852011836250405,0.09368703187731849,2020-02-19,2020-03-23,2021-11-04,410,4714,120,0.698341146514287,2476880.5283710947,,,,,,,,,,,,,,0.8524590163934426,42676.93142891317,1238.4402641855474,296033.9458690502,7300.223748720723,54.11518278409584,35935.14028412859,0.0,0.05521321973567739,303388.28480055503,303388.28480055503,296033.9458690502,0.05649624739283343,0.05521321973567739,SSO_VOL40_TARGET10_bimonthly,SSO,bimonthly,40,0.1,after_tax,42676.93142891317,realized tax paid to date; terminal liquidation is diagnostic
2006-06-21,2026-08-31,496401.70330293267,3.964017033029327,0.08257193750222891,0.1775332190084427,-0.37444447340950837,-0.09014975194807873,-0.21098752427186362,-0.15461444024131166,-0.2504308742645964,0.5371061003416163,0.6407671538431428,0.22051851039586512,0.13114768851027306,2007-07-13,2009-03-09,2012-09-13,888,4700,118,0.9427674943093106,4297629.310183568,,,,,,,,,,,,,,0.8392857142857143,79091.45648600324,2148.8146550917827,478791.74378535623,17478.21503309708,131.74448447934404,86036.00803887314,0.0,0.0806373760006951,496401.70330293267,496401.70330293267,478791.74378535623,0.08257193750222891,0.0806373760006951,SSO_VOL40_TARGET15_bimonthly,SSO,bimonthly,40,0.15,after_tax,79091.45648600324,realized tax paid to date; terminal liquidation is diagnostic
2006-06-21,2026-08-31,775889.7114693972,6.758897114693972,0.10678113295833813,0.22675741993552953,-0.4727532277434461,-0.10769084257399297,-0.21098752427186374,-0.15859759076034285,-0.3269424106172454,0.5623710505468446,0.6866662318410532,0.2258707644747931,0.1619009726970979,2007-07-13,2009-03-09,2013-01-17,973,4667,111,1.0167325004263708,5905980.494608181,,,,,,,,,,,,,,0.8490566037735849,126264.91720755577,2952.990247304091,738979.8806179585,36637.46435426665,272.3664971720564,180346.85874608246,0.0,0.10411310827333153,775889.7114693972,775889.7114693972,738979.8806179585,0.10678113295833813,0.10411310827333153,SSO_VOL40_TARGET20_bimonthly,SSO,bimonthly,40,0.2,after_tax,126264.91720755577,realized tax paid to date; terminal liquidation is diagnostic
2006-06-21,2026-08-31,1013833.3663694978,9.13833366369498,0.12153844863806196,0.26710552865384085,-0.556678606938066,-0.13868519465432794,-0.21098752427186374,-0.2019234868378691,-0.4001212292184976,0.5646290941192285,0.6935614408066543,0.21832785942065827,0.19345747559281243,2007-07-13,2009-03-09,2013-02-12,990,4650,90,0.8409711991752952,5399066.063697853,,,,,,,,,,,,,,0.8837209302325582,148892.49540058285,2699.5330318489264,946481.4207658389,66910.60509333713,441.3405103217332,329365.51854953053,0.0,0.11772717776266961,1013833.3663694978,1013833.3663694978,946481.4207658389,0.12153844863806196,0.11772717776266961,SSO_VOL40_TARGET25_bimonthly,SSO,bimonthly,40,0.25,after_tax,148892.49540058285,realized tax paid to date; terminal liquidation is diagnostic
2006-06-21,2026-08-31,1168533.3186894057,10.685333186894058,0.12945311960814565,0.29501990837721076,-0.6187122511733141,-0.17161299303580535,-0.21841658318945756,-0.2426473966413788,-0.46911595835557096,0.5618968578763218,0.6896703913304764,0.20922992774533433,0.21097674289661758,2007-07-13,2009-03-09,2013-02-08,988,4625,66,0.6438383375624828,4236283.545614358,,,,,,,,,,,,,,0.8333333333333334,143676.88250685128,2118.141772807179,1065484.1259357387,102464.92609432232,584.2666593447028,504380.63546306826,0.0,0.12430152673418227,1168533.3186894057,1168533.3186894057,1065484.1259357387,0.12945311960814565,0.12430152673418227,SSO_VOL40_TARGET30_bimonthly,SSO,bimonthly,40,0.3,after_tax,143676.88250685128,realized tax paid to date; terminal liquidation is diagnostic
2006-06-21,2026-08-31,283318.733055083,1.8331873305508304,0.05292173001733458,0.1189750212352977,-0.31184052602073686,-0.07365054552087247,-0.13869080820427304,-0.09920568391981621,-0.18018161370043106,0.49405842559221347,0.5757310724689706,0.169707672997625,0.10098150107616138,2018-01-26,2020-03-23,2021-11-02,408,4682,119,0.48069776940780323,1681890.6058737321,,,,,,,,,,,,,,0.8245614035087719,37647.79080994165,840.945302936866,276035.1060272377,7230.833510110247,52.79351773500712,35593.568841300745,0.0,0.05156466391571568,283318.733055083,283318.733055083,276035.1060272377,0.05292173001733458,0.05156466391571568,SSO_VOL60_TARGET10_bimonthly,SSO,bimonthly,60,0.1,after_tax,37647.79080994165,realized tax paid to date; terminal liquidation is diagnostic
2006-06-21,2026-08-31,448359.81874481763,3.4835981874481767,0.07712898427261927,0.1764804472906259,-0.41616306779712753,-0.09372393305417659,-0.2044818460789143,-0.14951759919617147,-0.26389688268866063,0.5106363568157806,0.6034350125369314,0.18533356330941492,0.14005014180180184,2018-01-26,2020-03-23,2021-09-02,366,4673,113,0.6886041590345288,3020435.4350041407,,,,,,,,,,,,,,0.8076923076923077,67848.64033796075,1510.2177175020704,431556.6887462381,16678.86335633336,124.26664224618433,82101.22252686863,0.0,0.075093546254408,448359.81874481763,448359.81874481763,431556.6887462381,0.07712898427261927,0.075093546254408,SSO_VOL60_TARGET15_bimonthly,SSO,bimonthly,60,0.15,after_tax,67848.64033796075,realized tax paid to date; terminal liquidation is diagnostic
2006-06-21,2026-08-31,672505.914709446,5.72505914709446,0.09897153324022034,0.22847730235551286,-0.4757841877993,-0.1293727478636617,-0.21098752427186374,-0.18338460077414298,-0.34335914138352963,0.5288630386424966,0.6366289502924687,0.20801770167689873,0.16874422695104976,2007-07-13,2009-03-09,2013-01-22,975,4643,110,0.7917203800669009,4224945.190937049,,,,,,,,,,,,,,0.8490566037735849,104845.95822668374,2112.4725954685237,639551.458101317,32708.008910522174,246.4476976067539,161004.22796220612,0.0,0.09624068050482437,672505.914709446,672505.914709446,639551.458101317,0.09897153324022034,0.09624068050482437,SSO_VOL60_TARGET20_bimonthly,SSO,bimonthly,60,0.2,after_tax,104845.95822668374,realized tax paid to date; terminal liquidation is diagnostic
2006-06-21,2026-08-31,882425.6192407042,7.8242561924070415,0.11385525817658282,0.2721329451112083,-0.5526904099159178,-0.16762815244609153,-0.2133449668114462,-0.23301560421860257,-0.4187971605194949,0.5340196026696795,0.6458035632101045,0.20600187036699968,0.19741174786191001,2007-07-13,2009-03-09,2013-03-05,1004,4627,89,0.6504598780526403,3749639.9075947236,,,,,,,,,,,,,,0.8604651162790697,119901.16860740811,1874.819953797362,818699.6636029849,63325.0805749303,400.87506278905647,311715.87779931235,0.0,0.10972853201190591,882425.6192407042,882425.6192407042,818699.6636029849,0.11385525817658282,0.10972853201190591,SSO_VOL60_TARGET25_bimonthly,SSO,bimonthly,60,0.25,after_tax,119901.16860740811,realized tax paid to date; terminal liquidation is diagnostic
2006-06-21,2026-08-31,1030796.079783127,9.307960797831269,0.12246034603593037,0.30327147517255415,-0.6184073273324833,-0.20878688027324,-0.265728813403732,-0.2767170790288035,-0.48992815211223983,0.5343949817197713,0.6471904553260012,0.19802538007459644,0.21446604390509166,2007-07-13,2009-03-09,2013-02-19,994,4611,60,0.5083092221129485,2866181.1464157086,,,,,,,,,,,,,,0.7857142857142857,108909.62095127944,1433.090573207855,928078.7927021242,102201.88904111116,515.3980398915635,503085.843175541,0.0,0.11664095620688153,1030796.079783127,1030796.079783127,928078.7927021242,0.12246034603593037,0.11664095620688153,SSO_VOL60_TARGET30_bimonthly,SSO,bimonthly,60,0.3,after_tax,108909.62095127944,realized tax paid to date; terminal liquidation is diagnostic
2006-06-21,2026-08-31,248643.76207277164,1.4864376207277163,0.046136826632476424,0.15731130195409085,-0.5364348046879124,-0.15324433291258732,-0.1950382834994998,-0.2098310133717639,-0.26455554617088717,0.3667448595410616,0.39329212523721024,0.08600640045963825,0.1921301298715792,2018-01-26,2020-03-23,2025-10-27,1407,4789,80,0.664554164049691,2145608.349740926,,,,,,,,,,,,,,0.8055555555555556,30751.0639228719,1072.8041748704632,242922.1570590813,5685.701097586634,35.90391610371362,27987.699225137258,0.0,0.04493153200439659,248643.76207277164,248643.76207277164,242922.1570590813,0.046136826632476424,0.04493153200439659,SSO_VOL20_TARGET10_quarterly,SSO,quarterly,20,0.1,after_tax,30751.0639228719,realized tax paid to date; terminal liquidation is diagnostic
2006-06-21,2026-08-31,381283.67967038765,2.8128367967038765,0.06852001475159208,0.22389607752309906,-0.6163842285210602,-0.2335824348036939,-0.29728679862982554,-0.2979655745096845,-0.3647062679137958,0.4101100046303382,0.45024975082841534,0.11116445162134926,0.20190588273182908,2018-01-26,2020-03-23,2024-07-10,1081,4762,77,0.8270487672949418,3203422.689872478,,,,,,,,,,,,,,0.8,54475.33826207638,1601.711344936239,367484.1949848139,13717.438560619099,82.04612495464394,67523.69461294166,0.0,0.06657129004994511,381283.67967038765,381283.67967038765,367484.1949848139,0.06852001475159208,0.06657129004994511,SSO_VOL20_TARGET15_quarterly,SSO,quarterly,20,0.15,after_tax,54475.33826207638,realized tax paid to date; terminal liquidation is diagnostic
2006-06-21,2026-08-31,610514.5198294471,5.105145198294472,0.09372125394288555,0.2537614834483511,-0.5934106033686171,-0.23358243480369412,-0.29728679862982565,-0.29796557450968464,-0.3320607105197593,0.48212360011987127,0.5555119129844518,0.157936601420429,0.18639981085211874,2020-02-19,2020-03-23,2024-02-07,976,4705,65,0.750383186378152,3550910.525859319,,,,,,,,,,,,,,0.8125,86217.88099866969,1775.4552629296595,575367.5399202191,34972.95257702517,174.02733220284037,172153.3476594889,0.0,0.09051467250019529,610514.5198294471,610514.5198294471,575367.5399202191,0.09372125394288555,0.09051467250019529,SSO_VOL20_TARGET20_quarterly,SSO,quarterly,20,0.2,after_tax,86217.88099866969,realized tax paid to date; terminal liquidation is diagnostic
2006-06-21,2026-08-31,792600.6877404478,6.926006877404478,0.10794962727645241,0.2776005806639425,-0.5934106033686171,-0.233582434803694,-0.29728679862982565,-0.29796557450968464,-0.3626615174241029,0.510306937225809,0.6037479610515483,0.18191388334427155,0.19246591180704006,2020-02-19,2020-03-23,2021-12-27,445,4667,57,0.6302373539278834,3197484.620180523,,,,,,,,,,,,,,0.8333333333333334,96785.41913104689,1598.7423100902615,728798.7286015289,63521.36597957687,280.5931593420204,312682.08702720585,0.0,0.10335486765657964,792600.6877404478,792600.6877404478,728798.7286015289,0.10794962727645241,0.10335486765657964,SSO_VOL20_TARGET25_quarterly,SSO,quarterly,20,0.25,after_tax,96785.41913104689,realized tax paid to date; terminal liquidation is diagnostic
2006-06-21,2026-08-31,933956.0015989965,8.339560015989965,0.11699006880724427,0.2983621481099587,-0.5964787050401053,-0.233582434803694,-0.29728679862982554,-0.2979655745096845,-0.42193991256131935,0.5222619639311545,0.6259178727177508,0.19613452721565014,0.21246428991901442,2007-07-13,2009-03-09,2013-02-19,994,4652,47,0.49058186538020204,2473681.0425767233,,,,,,,,,,,,,,0.782608695652174,87094.47087906471,1236.8405212883615,833624.9341727068,99936.84665520811,394.2207710815239,491936.23753486644,0.0,0.11072176011640389,933956.0015989965,933956.0015989965,833624.9341727068,0.11699006880724427,0.11072176011640389,SSO_VOL20_TARGET30_quarterly,SSO,quarterly,20,0.3,after_tax,87094.47087906471,realized tax paid to date; terminal liquidation is diagnostic
2006-06-21,2026-08-31,217619.41333737224,1.1761941333737225,0.03925554656260277,0.1486739085849141,-0.5470996539967874,-0.1671862366936877,-0.2127825284611199,-0.2260420009180647,-0.2713887743996153,0.3347665476482464,0.35427750389344687,0.07175209539217381,0.18956799852865502,2018-01-26,2020-03-23,2026-05-14,1544,4796,80,0.4881954851299805,1502211.2857279733,,,,,,,,,,,,,,0.8571428571428571,21360.78384812054,751.1056428639865,210715.43908636583,6865.157609362323,38.81664164409443,33793.53979503974,0.0,0.03759776078267052,217619.41333737224,217619.41333737224,210715.43908636583,0.03925554656260277,0.03759776078267052,SSO_VOL40_TARGET10_quarterly,SSO,quarterly,40,0.1,after_tax,21360.78384812054,realized tax paid to date; terminal liquidation is diagnostic
2006-06-21,2026-08-31,335932.4726978848,2.3593247269788478,0.06184058135514392,0.21423896735597167,-0.6466162187481002,-0.23358243480369412,-0.29728679862982565,-0.2979655745096845,-0.3399340854195527,0.38933128871506106,0.42495004322820307,0.09563722585689569,0.2216578016547377,2018-01-26,2020-03-23,2025-08-28,1366,4773,80,0.6770131035167057,2516005.4603388486,,,,,,,,,,,,,,0.8648648648648649,40987.427020436524,1258.0027301694245,320592.57803534705,15250.738541313787,89.15612122395531,75071.3194256155,0.0,0.05938583696303823,335932.4726978848,335932.4726978848,320592.57803534705,0.06184058135514392,0.05938583696303823,SSO_VOL40_TARGET15_quarterly,SSO,quarterly,40,0.15,after_tax,40987.427020436524,realized tax paid to date; terminal liquidation is diagnostic
2006-06-21,2026-08-31,546027.1816357812,4.460271816357812,0.08769191106614671,0.250541259070779,-0.6156896486770425,-0.23358243480369412,-0.29728679862982565,-0.29796557450968464,-0.32983870212661714,0.4629555004153301,0.530586695294856,0.14242875652461254,0.20073162070270695,2018-01-26,2020-03-23,2024-02-07,976,4708,72,0.7182389244337297,3073229.794806402,,,,,,,,,,,,,,0.84375,67803.84625708761,1536.6148974032012,509293.5174793331,36541.98806044576,191.67609600238112,179876.87945087746,0.0,0.08394725585813179,546027.1816357812,546027.1816357812,509293.5174793331,0.08769191106614671,0.08394725585813179,SSO_VOL40_TARGET20_quarterly,SSO,quarterly,40,0.2,after_tax,67803.84625708761,realized tax paid to date; terminal liquidation is diagnostic
2006-06-21,2026-08-31,735834.8636545095,6.358348636545095,0.10387994872883954,0.2805162223298975,-0.5962855061245933,-0.233582434803694,-0.29728679862982565,-0.2979655745096845,-0.398288277833989,0.4948069752934477,0.5813665728491684,0.17421176208689185,0.20846112079860377,2018-01-26,2020-03-23,2021-11-02,408,4681,60,0.6245009470454606,2850656.4591413205,,,,,,,,,,,,,,0.7857142857142857,76014.07641307138,1425.3282295706604,666981.5788334783,68532.96222659863,320.32259443259005,337351.5246202246,0.0,0.09852274554770646,735834.8636545095,735834.8636545095,666981.5788334783,0.10387994872883954,0.09852274554770646,SSO_VOL40_TARGET25_quarterly,SSO,quarterly,40,0.25,after_tax,76014.07641307138,realized tax paid to date; terminal liquidation is diagnostic
2006-06-21,2026-08-31,979038.73906787,8.7903873906787,0.11960062204647626,0.30174487393739874,-0.593410603368617,-0.233582434803694,-0.29728679862982565,-0.2979655745096845,-0.4617183494264443,0.5275640852729736,0.6286229157664729,0.20154783444639984,0.22125259112395024,2020-02-19,2020-03-23,2021-07-26,338,4639,49,0.47524915170816856,2204636.6336499588,,,,,,,,,,,,,,0.7272727272727273,66730.69120806099,1102.3183168249793,853246.2970057626,125302.92269257344,489.519369533935,616800.0132541149,0.0,0.11200208917584442,979038.73906787,979038.73906787,853246.2970057626,0.11960062204647626,0.11200208917584442,SSO_VOL40_TARGET30_quarterly,SSO,quarterly,40,0.3,after_tax,66730.69120806099,realized tax paid to date; terminal liquidation is diagnostic
2006-06-21,2026-08-31,226431.39240214854,1.2643139240214856,0.0413003255467046,0.1368839875336792,-0.4786440975435602,-0.12801786568731188,-0.162931863817536,-0.17942451533882608,-0.19268894731453468,0.3652654400719381,0.39890234832129645,0.08628608554594358,0.165167116197562,2018-01-26,2020-03-23,2026-04-22,1528,4784,80,0.45588440894230065,1409520.61383513,,,,,,,,,,,,,,0.8157894736842105,24946.839417093324,704.760306917565,220592.12241378523,5797.076838614121,42.19314974919452,28535.943089412358,0.0,0.03995400863427401,226431.39240214854,226431.39240214854,220592.12241378523,0.0413003255467046,0.03995400863427401,SSO_VOL60_TARGET10_quarterly,SSO,quarterly,60,0.1,after_tax,24946.839417093324,realized tax paid to date; terminal liquidation is diagnostic
2006-06-21,2026-08-31,309170.78298266185,2.0917078298266185,0.057484460789575476,0.21048227738441944,-0.6368414389754009,-0.22238987225519036,-0.28304171598349936,-0.28641637731724645,-0.3120565734576678,0.37277704233029313,0.4080560635775961,0.09026495022381216,0.22547024818214573,2018-01-26,2020-03-23,2026-04-24,1530,4784,77,0.6499426717826058,2301486.5440559397,,,,,,,,,,,,,,0.8108108108108109,38702.4927756973,1150.74327202797,297449.5383118812,11635.555424162978,85.68924661767143,57275.685080792406,0.0,0.05546251914767519,309170.78298266185,309170.78298266185,297449.5383118812,0.057484460789575476,0.05546251914767519,SSO_VOL60_TARGET15_quarterly,SSO,quarterly,60,0.15,after_tax,38702.4927756973,realized tax paid to date; terminal liquidation is diagnostic
2006-06-21,2026-08-31,490867.1080739999,3.9086710807399987,0.08197105367130075,0.25287028098599773,-0.6145026923007526,-0.23358243480369412,-0.29728679862982565,-0.29796557450968464,-0.34746534972182497,0.44013850502314267,0.5031513800313028,0.13339413268377043,0.20823818048985004,2018-01-26,2020-03-23,2024-02-22,986,4729,73,0.7190046667194568,3094711.399835649,,,,,,,,,,,,,,0.8285714285714286,67711.6762912414,1547.3556999178243,465275.1637386789,25412.060313530623,179.8840217903346,125090.13198882906,0.0,0.07910605890813671,490867.1080739999,490867.1080739999,465275.1637386789,0.08197105367130075,0.07910605890813671,SSO_VOL60_TARGET20_quarterly,SSO,quarterly,60,0.2,after_tax,67711.6762912414,realized tax paid to date; terminal liquidation is diagnostic
2006-06-21,2026-08-31,667977.4344929551,5.679774344929551,0.09860390758749094,0.2840063286830021,-0.593410603368617,-0.233582434803694,-0.29728679862982554,-0.2979655745096845,-0.41863391910593417,0.4753303723132478,0.5572351610005942,0.1661647214049524,0.21576277519037315,2020-02-19,2020-03-23,2021-11-02,408,4688,64,0.6073272632750871,2974076.259797792,,,,,,,,,,,,,,0.7857142857142857,85051.22635919554,1487.0381298988964,620124.0811594821,47549.89943304738,303.453900425565,234063.0048390223,0.0,0.09456742031966825,667977.4344929551,667977.4344929551,620124.0811594821,0.09860390758749094,0.09456742031966825,SSO_VOL60_TARGET25_quarterly,SSO,quarterly,60,0.25,after_tax,85051.22635919554,realized tax paid to date; terminal liquidation is diagnostic
2006-06-21,2026-08-31,894202.021372025,7.94202021372025,0.11458672259610125,0.3054049487983839,-0.5934106033686171,-0.233582434803694,-0.29728679862982554,-0.2979655745096845,-0.48420648995052296,0.5101448911686999,0.6075244716387931,0.19309854246895186,0.22969790322554606,2020-02-19,2020-03-23,2021-07-23,337,4651,47,0.47278136720849245,2506520.5831350656,,,,,,,,,,,,,,0.75,96100.29949409343,1253.2602915675327,809081.1319418014,84673.78841953757,447.10101068601244,416804.2747700594,0.0,0.1090792895655528,894202.021372025,894202.021372025,809081.1319418014,0.11458672259610125,0.1090792895655528,SSO_VOL60_TARGET30_quarterly,SSO,quarterly,60,0.3,after_tax,96100.29949409343,realized tax paid to date; terminal liquidation is diagnostic
2006-06-21,2026-08-31,422486.0742133735,3.2248607421337345,0.07396325440522777,0.1134728292830811,-0.2500395224222748,-0.05068824756398482,-0.061772907214969086,-0.07989242188864154,-0.17359166441594942,0.6869394223271085,0.8762142700228046,0.29580625370222974,0.07187191396509736,2007-10-31,2009-03-09,2010-04-13,276,4712,1050,2.192678638288348,9441924.657571048,,,,,,,,,,,,,,0.7751479289940828,79482.47303438974,4720.962328785525,420262.60499657993,2165.7019107758656,57.767306017687694,10660.605024739678,0.0,0.0736826683752616,422486.0742133735,422486.0742133735,420262.60499657993,0.07396325440522777,0.0736826683752616,QLD_VOL20_TARGET10_weekly,QLD,weekly,20,0.1,after_tax,79482.47303438974,realized tax paid to date; terminal liquidation is diagnostic
2006-06-21,2026-08-31,809776.267246409,7.097762672464089,0.10912645587766256,0.1688297379173904,-0.3542731244264804,-0.07012343081781724,-0.09287428067695691,-0.12431612549607862,-0.2519837468475278,0.6994589278519823,0.897518384771133,0.3080291683269041,0.10600814234994543,2007-10-31,2009-03-09,2010-04-14,277,4704,1028,3.0186302111030856,19451250.838333733,,,,,,,,,,,,,,0.7770961145194274,173134.5544528162,9725.625419166867,803415.2269412335,6195.060095858548,165.9802093168916,30495.004163714242,0.0,0.10869340387241255,809776.267246409,809776.267246409,803415.2269412335,0.10912645587766256,0.10869340387241255,QLD_VOL20_TARGET15_weekly,QLD,weekly,20,0.15,after_tax,173134.5544528162,realized tax paid to date; terminal liquidation is diagnostic
2006-06-21,2026-08-31,1390222.8582198722,12.902228582198722,0.1392107261456581,0.21971696872203003,-0.44636863770217616,-0.09356976378660764,-0.1241160888500411,-0.1716374304180881,-0.32493345033284726,0.7048749333464416,0.9087405586695775,0.3118738961193362,0.1394053556999584,2007-10-31,2009-03-09,2010-04-15,278,4698,964,3.312226032481876,30508500.849018432,,,,,,,,,,,,,,0.7853982300884956,310423.44204878266,15254.250424509215,1375172.437439712,14670.717034956118,379.70374520412634,72216.18033451203,0.0,0.1385968481744111,1390222.8582198722,1390222.8582198722,1375172.437439712,0.1392107261456581,0.1385968481744111,QLD_VOL20_TARGET20_weekly,QLD,weekly,20,0.2,after_tax,310423.44204878266,realized tax paid to date; terminal liquidation is diagnostic
2006-06-21,2026-08-31,2164930.9528044527,20.649309528044526,0.1644731139129627,0.26244894464474483,-0.5286463431340533,-0.1090964189919098,-0.14631951499512508,-0.19684852177088663,-0.39259382367390994,0.7134376895271995,0.9268565427325371,0.3111212553517198,0.16740610336323597,2007-10-31,2009-03-09,2010-11-02,418,4673,833,2.99617419830083,39235754.19814864,,,,,,,,,,,,,,0.8020304568527918,488430.65999900736,19617.87709907432,2134057.5991826914,30134.692669579046,738.6609521826497,148337.1531852279,0.0,0.16364517303517356,2164930.9528044527,2164930.9528044527,2134057.5991826914,0.1644731139129627,0.16364517303517356,QLD_VOL20_TARGET25_weekly,QLD,weekly,20,0.25,after_tax,488430.65999900736,realized tax paid to date; terminal liquidation is diagnostic
2006-06-21,2026-08-31,3178969.572462461,30.78969572462461,0.18683756027603549,0.2965528865360994,-0.6022869114274185,-0.09874738672891026,-0.1759387259488988,-0.18967447724570008,-0.4552108685844046,0.7280485154160906,0.9539820779658615,0.31021354894336145,0.19298617434763898,2007-10-31,2009-03-09,2010-12-10,445,4653,684,2.4556058858623047,46121523.49019246,,,,,,,,,,,,,,0.7863777089783281,711809.1920793713,23060.761745096235,3119645.542369103,58023.26312836192,1300.766964995684,285617.8347445824,0.0,0.18573097096999813,3178969.572462461,3178969.572462461,3119645.542369103,0.18683756027603549,0.18573097096999813,QLD_VOL20_TARGET30_weekly,QLD,weekly,20,0.3,after_tax,711809.1920793713,realized tax paid to date; terminal liquidation is diagnostic
2006-06-21,2026-08-31,379093.2795666052,2.7909327956660523,0.0682152142143253,0.10965525547331519,-0.2571669211584655,-0.038988048824341925,-0.07237790448083137,-0.07781589902419062,-0.18307709867233135,0.657893666989036,0.8389941826787449,0.26525656529632474,0.07301060170804526,2007-10-31,2009-03-09,2010-11-04,420,4663,1046,1.1222308386642978,4561971.879403463,,,,,,,,,,,,,,0.835820895522388,67490.15259579803,2280.9859397017312,376139.2078456823,2909.144729734164,44.92699118879382,14320.180801054215,0.0,0.06780148466389391,379093.2795666052,379093.2795666052,376139.2078456823,0.0682152142143253,0.06780148466389391,QLD_VOL40_TARGET10_weekly,QLD,weekly,40,0.1,after_tax,67490.15259579803,realized tax paid to date; terminal liquidation is diagnostic
2006-06-21,2026-08-31,697884.0669164167,5.978840669164168,0.10098920075384443,0.16434227469974907,-0.3637148651957587,-0.05757116651271499,-0.10821030210913896,-0.11582722715583171,-0.26504906874827017,0.6690463211301393,0.8541999685248405,0.2776603609519507,0.108067851894253,2007-10-31,2009-03-09,2010-12-10,445,4667,1035,1.615185731671015,9487120.4373558,,,,,,,,,,,,,,0.8244274809160306,142327.07419575218,4743.5602186779,689738.4428715209,8021.629662376154,123.99438251978165,39486.240031386435,0.0,0.10034929775245316,697884.0669164167,697884.0669164167,689738.4428715209,0.10098920075384443,0.10034929775245316,QLD_VOL40_TARGET15_weekly,QLD,weekly,40,0.15,after_tax,142327.07419575218,realized tax paid to date; terminal liquidation is diagnostic
2006-06-21,2026-08-31,1176543.6780493392,10.765436780493392,0.12983527286551277,0.21732958586546355,-0.4572639258097745,-0.07672470642955953,-0.14415111673927083,-0.15418507296659378,-0.34088907308343575,0.6720427859142915,0.8583570667202144,0.28393946151685995,0.143062965307324,2007-10-31,2009-03-09,2010-12-17,450,4678,1007,1.9211214787748794,16095908.066153051,,,,,,,,,,,,,,0.8326848249027238,251920.5217915696,8047.954033076527,1158364.7204069805,17900.389233940772,278.5684084178867,88114.148333452,0.0,0.12896439968316975,1176543.6780493392,1176543.6780493392,1158364.7204069805,0.12983527286551277,0.12896439968316975,QLD_VOL40_TARGET20_weekly,QLD,weekly,40,0.2,after_tax,251920.5217915696,realized tax paid to date; terminal liquidation is diagnostic
2006-06-21,2026-08-31,1778510.5442979517,16.785105442979518,0.15319083378346554,0.26403979289542157,-0.5399252818213733,-0.09585966736570006,-0.1802352522177546,-0.17493486452208218,-0.4108338516870358,0.6737610882259432,0.8645901426567795,0.28372598754163647,0.1751288456226902,2007-10-31,2009-03-09,2011-01-03,460,4672,877,1.8114993527840604,20262134.054528728,,,,,,,,,,,,,,0.8333333333333334,380540.7486308353,10131.067027264364,1740335.811149515,37648.64715886635,526.0859895705786,185324.37685880554,0.0,0.15195243663897817,1778510.5442979517,1778510.5442979517,1740335.811149515,0.15319083378346554,0.15195243663897817,QLD_VOL40_TARGET25_weekly,QLD,weekly,40,0.25,after_tax,380540.7486308353,realized tax paid to date; terminal liquidation is diagnostic
2006-06-21,2026-08-31,2617350.9218313545,25.173509218313544,0.1754676840376619,0.3003148396732139,-0.6128990129459237,-0.11497595573177988,-0.20008456821571285,-0.20251475577570943,-0.47516996618255813,0.6906277375593415,0.8911482260159025,0.2862913470757106,0.20347449357734307,2007-10-31,2009-03-09,2011-01-05,462,4642,689,1.4619344476173153,23905941.86006391,,,,,,,,,,,,,,0.85,550274.8894149766,11952.970930031956,2543697.7044564653,72724.65712493738,928.5602499514853,357985.02153550275,0.0,0.1738073847885404,2617350.9218313545,2617350.9218313545,2543697.7044564653,0.1754676840376619,0.1738073847885404,QLD_VOL40_TARGET30_weekly,QLD,weekly,40,0.3,after_tax,550274.8894149766,realized tax paid to date; terminal liquidation is diagnostic
2006-06-21,2026-08-31,350098.9701989016,2.500989701989016,0.06401469915377178,0.10861228252987021,-0.24503809050012837,-0.045908820298917075,-0.07988158983167037,-0.07496758574691698,-0.1821951968745582,0.6268106739453783,0.7949582060504164,0.2612438703840546,0.07163600447830738,2007-10-31,2009-03-09,2010-04-23,284,4647,1042,0.7680984442284138,3024589.8677287917,,,,,,,,,,,,,,0.8875968992248062,58865.68004695712,1512.2949338643957,346171.61772713455,3893.639952123395,33.71251964362653,19166.330062138295,0.0,0.06342047257092509,350098.9701989016,350098.9701989016,346171.61772713455,0.06401469915377178,0.06342047257092509,QLD_VOL60_TARGET10_weekly,QLD,weekly,60,0.1,after_tax,58865.68004695712,realized tax paid to date; terminal liquidation is diagnostic
2006-06-21,2026-08-31,616579.1984479267,5.165791984479267,0.09425673714503802,0.16293267848102022,-0.34802672874444773,-0.06882135928645727,-0.1193910379807297,-0.11148175890252954,-0.26399118956620216,0.6356942494060621,0.8058930597041251,0.2708318912316925,0.10648474133703309,2007-10-31,2009-03-09,2010-11-02,418,4655,1032,1.0964801512584468,6030951.018100724,,,,,,,,,,,,,,0.8850574712643678,118549.33398358521,3015.4755090503613,606031.2349986226,10458.942843885668,89.02060541849666,51483.84368144558,0.0,0.09332214031090569,616579.1984479267,616579.1984479267,606031.2349986226,0.09425673714503802,0.09332214031090569,QLD_VOL60_TARGET15_weekly,QLD,weekly,60,0.15,after_tax,118549.33398358521,realized tax paid to date; terminal liquidation is diagnostic
2006-06-21,2026-08-31,1009887.8747207309,9.098878747207308,0.1213219164122572,0.21662744970755834,-0.43932155451140453,-0.09170576106959938,-0.1587099639825963,-0.14755685439932564,-0.33978505365355904,0.6385307686117632,0.8100431545864415,0.276157441323785,0.14121795526869038,2007-10-31,2009-03-09,2010-11-04,420,4663,1015,1.386804336340939,10356129.671515625,,,,,,,,,,,,,,0.8764705882352941,202964.75761396205,5178.064835757813,986621.7739780091,23071.777974457975,194.32276826382767,113570.15985458024,0.0,0.1200284627565853,1009887.8747207309,1009887.8747207309,986621.7739780091,0.1213219164122572,0.1200284627565853,QLD_VOL60_TARGET20_weekly,QLD,weekly,60,0.2,after_tax,202964.75761396205,realized tax paid to date; terminal liquidation is diagnostic
2006-06-21,2026-08-31,1569624.7331951282,14.696247331951282,0.1460782384426984,0.2650944889136656,-0.5202395570377846,-0.11456185675134001,-0.1962907659588018,-0.1793489392338642,-0.40976282990568,0.6487713344883334,0.8255904676063599,0.280790332965951,0.17428423869598997,2007-10-31,2009-03-09,2010-12-08,443,4661,902,1.3623072188756153,13895337.805468246,,,,,,,,,,,,,,0.8861607142857143,315473.57025430416,6947.668902734124,1522154.876367626,47092.4875157691,377.3693117328331,231811.40790435195,0.0,0.144336724613507,1569624.7331951282,1569624.7331951282,1522154.876367626,0.1460782384426984,0.144336724613507,QLD_VOL60_TARGET25_weekly,QLD,weekly,60,0.25,after_tax,315473.57025430416,realized tax paid to date; terminal liquidation is diagnostic
2006-06-21,2026-08-31,2423403.0092889844,23.234030092889842,0.1709948120657161,0.30387949202792414,-0.5918521318123536,-0.13738947616070374,-0.20008456821571297,-0.2001582473561785,-0.47422380709682743,0.673504676429637,0.8643664710239526,0.2889147523083179,0.19941832934840983,2007-10-31,2009-03-09,2010-12-10,445,4634,713,1.11467180253585,17191420.989318844,,,,,,,,,,,,,,0.8728323699421965,472971.46167654387,8595.710494659423,2327734.1135000233,94970.03943097859,698.8563579824481,467487.27261126554,0.0,0.1686616056559005,2423403.0092889844,2423403.0092889844,2327734.1135000233,0.1709948120657161,0.1686616056559005,QLD_VOL60_TARGET30_weekly,QLD,weekly,60,0.3,after_tax,472971.46167654387,realized tax paid to date; terminal liquidation is diagnostic
2006-06-21,2026-08-31,479673.1730382213,3.796731730382213,0.08073580213656384,0.12152088678098923,-0.25106517393695515,-0.051750511627280504,-0.07450824923222743,-0.12740031008504682,-0.17670116551932535,0.7010906138822751,0.8806619410115877,0.32157308347687186,0.0728091834140304,2007-10-31,2009-03-09,2010-04-22,283,4698,241,1.4148867601007116,6509514.209683498,,,,,,,,,,,,,,0.8,91717.20120896088,3254.7571048417494,475584.7862014953,4034.884273669114,53.502563056898275,19861.601150229457,0.0,0.0802778070908734,479673.1730382213,479673.1730382213,475584.7862014953,0.08073580213656384,0.0802778070908734,QLD_VOL20_TARGET10_monthly,QLD,monthly,20,0.1,after_tax,91717.20120896088,realized tax paid to date; terminal liquidation is diagnostic
2006-06-21,2026-08-31,967336.7031435396,8.673367031435395,0.11893416341854479,0.17898914644560654,-0.3565942899134288,-0.07016988674081315,-0.11003806687086726,-0.16967298846057188,-0.2582466617084507,0.7189573444853986,0.9125956288837038,0.33352795258560847,0.10571006649143765,2007-10-31,2009-03-09,2010-10-15,406,4692,238,1.9339076446819674,13682257.529336255,,,,,,,,,,,,,,0.7950819672131147,206051.5277063448,6841.128764668127,955201.4675275775,11974.67311969192,160.56249627019616,58944.982129913464,0.0,0.11823488984630814,967336.7031435396,967336.7031435396,955201.4675275775,0.11893416341854479,0.11823488984630814,QLD_VOL20_TARGET15_monthly,QLD,monthly,20,0.15,after_tax,206051.5277063448,realized tax paid to date; terminal liquidation is diagnostic
2006-06-21,2026-08-31,1684852.4803280304,15.848524803280306,0.15010571440675236,0.22948177264577,-0.45022762390939,-0.08293883360325482,-0.14448821045406912,-0.1678765875706043,-0.33515032065065586,0.7260208166693478,0.9296933700591812,0.33339961040898214,0.13653693715670176,2007-10-31,2009-03-09,2010-11-02,418,4670,234,2.0809161021728704,21312418.33405168,,,,,,,,,,,,,,0.8166666666666667,367430.2930390818,10656.209167025838,1655381.7351235973,29100.797492835925,369.94771159710825,143247.83407745964,0.0,0.14910116152158093,1684852.4803280304,1684852.4803280304,1655381.7351235973,0.15010571440675236,0.14910116152158093,QLD_VOL20_TARGET20_monthly,QLD,monthly,20,0.2,after_tax,367430.2930390818,realized tax paid to date; terminal liquidation is diagnostic
2006-06-21,2026-08-31,2694547.0477591576,25.945470477591577,0.17716084777888952,0.27278830969626855,-0.5338369998731123,-0.10735471804430696,-0.17790715685568081,-0.18521793839577483,-0.4073671556736762,0.7363758798285489,0.9507924351907849,0.33186318636774687,0.16581277418684554,2007-10-31,2009-03-09,2010-11-04,420,4651,217,1.878961333446823,27777374.635778006,,,,,,,,,,,,,,0.8240740740740741,584612.9149680086,13888.687317889004,2632728.8922818215,61084.36114048333,733.7943368523954,300686.0011837722,0.0,0.1758087256386507,2694547.0477591576,2694547.0477591576,2632728.8922818215,0.17716084777888952,0.1758087256386507,QLD_VOL20_TARGET25_monthly,QLD,monthly,20,0.25,after_tax,584612.9149680086,realized tax paid to date; terminal liquidation is diagnostic
2006-06-21,2026-08-31,4112978.3780007763,40.12978378000776,0.20207327789947516,0.30837248855995114,-0.6080846487347734,-0.1335683231001139,-0.20008456821571297,-0.22334821955870254,-0.47487882251973557,0.7532988475170688,0.976159958192097,0.3323110989891358,0.19129827398523677,2007-10-31,2009-03-09,2010-12-10,445,4626,177,1.5169755043589492,32951358.30195713,,,,,,,,,,,,,,0.8117647058823529,870997.4842005131,16475.67915097856,3990733.4201061167,120911.27440469056,1333.683489968858,595182.2515613614,0.0,0.2002786030778676,4112978.3780007763,4112978.3780007763,3990733.4201061167,0.20207327789947516,0.2002786030778676,QLD_VOL20_TARGET30_monthly,QLD,monthly,20,0.3,after_tax,870997.4842005131,realized tax paid to date; terminal liquidation is diagnostic
2006-06-21,2026-08-31,389934.19243894645,2.8993419243894647,0.06970771325610503,0.11384874085938852,-0.2502353566387694,-0.04558065294241831,-0.08896619626026336,-0.08876654346201052,-0.17962514843522326,0.6500901916097016,0.818422608161485,0.27856860114589055,0.073990229127873,2007-10-31,2009-03-09,2010-11-08,422,4670,240,0.6952268427089944,2968700.238821719,,,,,,,,,,,,,,0.8968253968253969,68842.31193843474,1484.3501194108594,385862.7381871282,4035.915159155843,35.53909266238087,19866.675654225168,0.0,0.0691518639485238,389934.19243894645,389934.19243894645,385862.7381871282,0.06970771325610503,0.0691518639485238,QLD_VOL40_TARGET10_monthly,QLD,monthly,40,0.1,after_tax,68842.31193843474,realized tax paid to date; terminal liquidation is diagnostic
2006-06-21,2026-08-31,725049.1837543575,6.250491837543575,0.10307308153310779,0.1713534475720971,-0.35566735077491995,-0.06967748679073638,-0.13099821335336437,-0.13346852490477357,-0.26172675321982275,0.6596602802228837,0.8299474956243332,0.2898019211168371,0.10923192760721925,2007-10-31,2009-03-09,2010-12-21,452,4677,238,1.0369837066405783,6494345.486774429,,,,,,,,,,,,,,0.875,145881.72478382505,3247.1727433872143,714237.8204375115,10712.883011720442,98.48030512549862,52733.856813785096,0.0,0.10225276155248642,725049.1837543575,725049.1837543575,714237.8204375115,0.10307308153310779,0.10225276155248642,QLD_VOL40_TARGET15_monthly,QLD,monthly,40,0.15,after_tax,145881.72478382505,realized tax paid to date; terminal liquidation is diagnostic
2006-06-21,2026-08-31,1210132.3537304606,11.101323537304607,0.1314112330423598,0.2276913699304749,-0.4492840964788053,-0.09471319901181396,-0.1715140627431605,-0.17838340791462604,-0.3387201753118041,0.6578295794588586,0.8272287537390836,0.292490284148215,0.1437310420517313,2007-10-31,2009-03-09,2011-01-05,462,4681,236,1.2922793047352652,11421795.162730245,,,,,,,,,,,,,,0.8782608695652174,254496.74244119704,5710.897581365124,1187231.1854903027,22683.42362814466,217.74461201318033,111658.49681587331,0.0,0.13034131299753593,1210132.3537304606,1210132.3537304606,1187231.1854903027,0.1314112330423598,0.13034131299753593,QLD_VOL40_TARGET20_monthly,QLD,monthly,40,0.2,after_tax,254496.74244119704,realized tax paid to date; terminal liquidation is diagnostic
2006-06-21,2026-08-31,1924671.3253406943,18.24671325340694,0.15770972098091085,0.27467287384181377,-0.5326577266344028,-0.12074375171730811,-0.20008456821571297,-0.19132231925617182,-0.410657016683288,0.6724610153477623,0.8541801834865331,0.2960807909000016,0.17352105264276865,2007-10-31,2009-03-09,2011-01-12,467,4663,214,1.2886505201130445,15917648.673955988,,,,,,,,,,,,,,0.8932038834951457,407143.087269397,7958.824336977996,1878078.5708808636,46162.631089700924,430.1233701299402,227234.21653803065,0.0,0.15630568620190521,1924671.3253406943,1924671.3253406943,1878078.5708808636,0.15770972098091085,0.15630568620190521,QLD_VOL40_TARGET25_monthly,QLD,monthly,40,0.25,after_tax,407143.087269397,realized tax paid to date; terminal liquidation is diagnostic
2006-06-21,2026-08-31,2796606.4394089575,26.966064394089575,0.17932992165950146,0.31108414807280754,-0.6065783341774268,-0.1478296446920221,-0.20008456821571297,-0.23050086376852708,-0.4776150820978675,0.6879496125599337,0.8796527541707788,0.2956418183031356,0.19904990243382004,2007-10-31,2009-03-09,2011-01-12,467,4635,174,1.0514249402439804,18355890.366493378,,,,,,,,,,,,,,0.8658536585365854,578848.0964162002,9177.945183246688,2709452.1261744844,86409.10309731719,745.2101371559023,425346.3110869662,0.0,0.1774824466617262,2796606.4394089575,2796606.4394089575,2709452.1261744844,0.17932992165950146,0.1774824466617262,QLD_VOL40_TARGET30_monthly,QLD,monthly,40,0.3,after_tax,578848.0964162002,realized tax paid to date; terminal liquidation is diagnostic
2006-06-21,2026-08-31,371504.20629258145,2.7150420629258147,0.06714606804480816,0.1113820010097295,-0.22960347925669744,-0.05448162781328236,-0.09726005285745964,-0.07614615914311951,-0.16906102848826998,0.6404167671662506,0.803803743913238,0.2924435999932677,0.07177271672056909,2007-10-31,2009-03-09,2010-04-14,277,4634,239,0.5075226326388356,2104991.036491692,,,,,,,,,,,,,,0.9029850746268657,61633.57881580491,1052.4955182458461,365430.3502735534,6035.588101522594,38.267917505437275,29710.007883448656,0.0,0.06627532233641809,371504.20629258145,371504.20629258145,365430.3502735534,0.06714606804480816,0.06627532233641809,QLD_VOL60_TARGET10_monthly,QLD,monthly,60,0.1,after_tax,61633.57881580491,realized tax paid to date; terminal liquidation is diagnostic
2006-06-21,2026-08-31,675947.7367909683,5.759477367909684,0.09924937273726608,0.1677551277568015,-0.32789086800172207,-0.08359603182525688,-0.14296570044862889,-0.11448880311249188,-0.24675627391263166,0.6494121206134086,0.8143829733673249,0.3026902619829743,0.10590658141475784,2007-10-31,2009-03-09,2010-04-14,277,4641,238,0.7502700264675612,4441811.419325755,,,,,,,,,,,,,,0.8955223880597015,126474.09771104185,2220.9057096628776,659642.2233676406,16201.83587386901,103.67754945867247,79753.06853984253,0.0,0.09792101236559714,675947.7367909683,675947.7367909683,659642.2233676406,0.09924937273726608,0.09792101236559714,QLD_VOL60_TARGET15_monthly,QLD,monthly,60,0.15,after_tax,126474.09771104185,realized tax paid to date; terminal liquidation is diagnostic
2006-06-21,2026-08-31,1160826.7581593762,10.608267581593761,0.1290831023987724,0.22398701027696807,-0.41619373833647744,-0.11407672873128094,-0.18687500875586305,-0.15300245293760095,-0.3199135082471364,0.6557295442075278,0.8225186590585668,0.31015147636462864,0.13912424745536547,2007-10-31,2009-03-09,2010-04-23,284,4639,236,0.9712389195574296,8113125.834060252,,,,,,,,,,,,,,0.889763779527559,224728.68996190088,4056.5629170301254,1124207.0626124758,36384.02230480486,235.6732420956365,179099.2975870286,0.0,0.12729233215624358,1160826.7581593762,1160826.7581593762,1124207.0626124758,0.1290831023987724,0.12729233215624358,QLD_VOL60_TARGET20_monthly,QLD,monthly,60,0.2,after_tax,224728.68996190088,realized tax paid to date; terminal liquidation is diagnostic
2006-06-21,2026-08-31,1906871.582252399,18.06871582252399,0.15717719321874668,0.27389435771866366,-0.495668915367794,-0.14602220641575803,-0.20008456821571285,-0.17762314355350106,-0.38892500853261824,0.671905966456619,0.8490956819511967,0.3171011704498733,0.16853780614469854,2007-10-31,2009-03-09,2010-11-04,420,4631,218,0.9783643223118025,11406694.29607645,,,,,,,,,,,,,,0.9051724137931034,363407.60843765346,5703.347148038225,1829004.1427509869,77387.00987176836,480.4296296438284,380935.31809878594,0.0,0.15479060594973704,1906871.582252399,1906871.582252399,1829004.1427509869,0.15717719321874668,0.15479060594973704,QLD_VOL60_TARGET25_monthly,QLD,monthly,60,0.25,after_tax,363407.60843765346,realized tax paid to date; terminal liquidation is diagnostic
2006-06-21,2026-08-31,2867099.098666189,27.670990986661888,0.18078460342502112,0.31376570219957867,-0.5675946406918855,-0.17954065167888666,-0.20008456821571285,-0.20355428861708935,-0.45434330864060535,0.6887021515328131,0.8761675004668179,0.31851006063878373,0.19133384258953479,2007-10-31,2009-03-09,2010-12-03,440,4610,179,0.7975910984883574,14023945.755915675,,,,,,,,,,,,,,0.9247311827956989,523189.147037494,7011.972877957838,2721180.4052533368,145058.0755605048,860.6178523470854,714044.1819370161,0.0,0.17773432147963875,2867099.098666189,2867099.098666189,2721180.4052533368,0.18078460342502112,0.17773432147963875,QLD_VOL60_TARGET30_monthly,QLD,monthly,60,0.3,after_tax,523189.147037494,realized tax paid to date; terminal liquidation is diagnostic
2006-06-21,2026-08-31,449854.2824176932,3.4985428241769316,0.07730648850035426,0.12799260805924167,-0.2572276645570959,-0.062979021445415,-0.13173052538659513,-0.1258519009198713,-0.1909572598483973,0.6471538054030619,0.7827858284568129,0.3005372250044078,0.07783474778075132,2007-10-31,2009-03-09,2010-04-15,278,4668,120,0.8305829392667844,3774958.90450923,,,,,,,,,,,,,,0.9,83875.03675481745,1887.479452254615,445591.62284335366,4230.551725608332,32.107848731160075,20824.768523791936,0.0,0.07679870241977782,449854.2824176932,449854.2824176932,445591.62284335366,0.07730648850035426,0.07679870241977782,QLD_VOL20_TARGET10_bimonthly,QLD,bimonthly,20,0.1,after_tax,83875.03675481745,realized tax paid to date; terminal liquidation is diagnostic
2006-06-21,2026-08-31,812241.0005819949,7.122410005819949,0.10929338336493855,0.18684146997959067,-0.36868618499694206,-0.0942195100834704,-0.1896464900652166,-0.16767079676952445,-0.28171555314886976,0.6501757637884532,0.7949584997710837,0.29644013747313325,0.11339935823135015,2007-10-31,2009-03-09,2010-10-28,415,4676,118,1.0916916844825397,7194646.442831072,,,,,,,,,,,,,,0.8947368421052632,167435.55860478772,3597.3232214155373,800900.7147527192,11253.002858492524,87.28297078318778,55392.581139515256,0.0,0.10852131956380395,812241.0005819949,812241.0005819949,800900.7147527192,0.10929338336493855,0.10852131956380395,QLD_VOL20_TARGET15_bimonthly,QLD,bimonthly,20,0.15,after_tax,167435.55860478772,realized tax paid to date; terminal liquidation is diagnostic
2006-06-21,2026-08-31,1410440.2916482263,13.104402916482263,0.14002548919253877,0.2368937385836167,-0.46946964587222795,-0.10011206168084608,-0.20008456821571285,-0.1774930221341534,-0.3690943805718905,0.6734472426243546,0.8438781049272398,0.29826313676230404,0.14319363044032166,2007-10-31,2009-03-09,2010-12-03,440,4661,115,1.2362768016745078,11877038.29049236,,,,,,,,,,,,,,0.8909090909090909,301882.86073754966,5938.51914524618,1384618.069258802,25619.380298938453,202.84209048592382,126110.65862140513,0.0,0.13898285900458918,1410440.2916482263,1410440.2916482263,1384618.069258802,0.14002548919253877,0.13898285900458918,QLD_VOL20_TARGET20_bimonthly,QLD,bimonthly,20,0.2,after_tax,301882.86073754966,realized tax paid to date; terminal liquidation is diagnostic
2006-06-21,2026-08-31,2231405.0879574777,21.314050879574776,0.16621832889232646,0.28042501810236653,-0.5600822815829098,-0.10735471804430696,-0.20008456821571297,-0.18888411312620113,-0.45284731947491075,0.6904479420114007,0.8798128952938533,0.2967748389085951,0.1722904607536746,2007-10-31,2009-03-09,2011-01-03,460,4642,112,1.1980250608608816,16747852.664558988,,,,,,,,,,,,,,0.8909090909090909,480217.4217818192,8373.926332279494,2180750.552480637,50251.894571874735,402.6409049658389,247363.49776950397,0.0,0.16489301459672068,2231405.0879574777,2231405.0879574777,2180750.552480637,0.16621832889232646,0.16489301459672068,QLD_VOL20_TARGET25_bimonthly,QLD,bimonthly,20,0.25,after_tax,480217.4217818192,realized tax paid to date; terminal liquidation is diagnostic
2006-06-21,2026-08-31,3123388.72477133,30.2338872477133,0.18580138248584155,0.3179761659541439,-0.6408932289836956,-0.1335683231001139,-0.20008456821571297,-0.22754538340522013,-0.5325487402763622,0.6968833952397875,0.8939992016966375,0.28991004130357,0.20003891408005164,2007-10-31,2009-03-09,2011-01-14,469,4630,92,1.0265568069746318,19048790.9545523,,,,,,,,,,,,,,0.8888888888888888,656828.9300492385,9524.395477276154,3032040.4902223945,90669.376518722,678.8580302135222,446317.3837987792,0.0,0.18405971264409482,3123388.72477133,3123388.72477133,3032040.4902223945,0.18580138248584155,0.18405971264409482,QLD_VOL20_TARGET30_bimonthly,QLD,bimonthly,20,0.3,after_tax,656828.9300492385,realized tax paid to date; terminal liquidation is diagnostic
2006-06-21,2026-08-31,400919.6478477657,3.009196478477657,0.07118040886904486,0.11749014455568117,-0.2428799278279138,-0.06323870762637929,-0.13223064568434917,-0.07620831996040744,-0.17930832500004135,0.6453093640003361,0.7962591828785525,0.29306830541994344,0.07582597207459589,2007-10-31,2009-03-09,2010-04-15,278,4667,120,0.5277606858017749,2269864.1682956377,,,,,,,,,,,,,,0.9322033898305084,69121.1400757295,1134.9320841478188,394837.7900746729,6045.198700288336,36.659072804468536,29757.31577793914,0.0,0.0703698928827976,400919.6478477657,400919.6478477657,394837.7900746729,0.07118040886904486,0.0703698928827976,QLD_VOL40_TARGET10_bimonthly,QLD,bimonthly,40,0.1,after_tax,69121.1400757295,realized tax paid to date; terminal liquidation is diagnostic
2006-06-21,2026-08-31,752916.2860542361,6.529162860542361,0.1051350793390351,0.17643453536096904,-0.34929274884303885,-0.09460698422669422,-0.19033741945377047,-0.11438076463546887,-0.2650307428545441,0.656371380883001,0.8117034684194077,0.300994165173121,0.11167113989002629,2007-10-31,2009-03-09,2011-01-03,460,4676,119,0.785628450580624,4899700.700060434,,,,,,,,,,,,,,0.9285714285714286,145092.4134010863,2449.850350030217,735810.5508310489,17001.9750049218,103.76021826542774,83691.7302728122,0.0,0.1038781425821611,752916.2860542361,752916.2860542361,735810.5508310489,0.1051350793390351,0.1038781425821611,QLD_VOL40_TARGET15_bimonthly,QLD,bimonthly,40,0.15,after_tax,145092.4134010863,realized tax paid to date; terminal liquidation is diagnostic
2006-06-21,2026-08-31,1328702.7765816408,12.287027765816408,0.1366603132907187,0.2316229502927407,-0.44628599994087637,-0.10011206168084608,-0.20008456821571285,-0.15259884127863121,-0.3479262698313085,0.6705923444330708,0.8399920879063129,0.30621689523942797,0.1432248439294113,2007-10-31,2009-03-09,2011-01-12,467,4667,119,0.9544560734063781,8525225.244943975,,,,,,,,,,,,,,0.9122807017543859,263006.0122024918,4262.612622471987,1288472.6666757888,39984.791882576246,245.31802327591834,196823.98170108907,0.0,0.134931086162962,1328702.7765816408,1328702.7765816408,1288472.6666757888,0.1366603132907187,0.134931086162962,QLD_VOL40_TARGET20_bimonthly,QLD,bimonthly,40,0.2,after_tax,263006.0122024918,realized tax paid to date; terminal liquidation is diagnostic
2006-06-21,2026-08-31,2139314.9135455466,20.393149135455467,0.16378696112629765,0.2807292163352486,-0.53448061589134,-0.12074375171730822,-0.20008456821571297,-0.19014373015430774,-0.42805946082270985,0.6825844340216018,0.8646708855480439,0.3064413493334164,0.1737633488269549,2007-10-31,2009-03-09,2011-02-04,483,4647,114,0.9887011813319335,12192910.255881725,,,,,,,,,,,,,,0.9433962264150944,417099.5643483382,6096.455127940863,2056998.5541379221,81820.25277297538,496.10663464901876,402757.8280727314,0.0,0.1615279160490859,2139314.9135455466,2139314.9135455466,2056998.5541379221,0.16378696112629765,0.1615279160490859,QLD_VOL40_TARGET25_bimonthly,QLD,bimonthly,40,0.25,after_tax,417099.5643483382,realized tax paid to date; terminal liquidation is diagnostic
2006-06-21,2026-08-31,2980933.806128864,28.809338061288642,0.18306341534187154,0.31911765913393214,-0.6155298646121722,-0.1478296446920222,-0.20008456821571297,-0.22921114493922978,-0.5068633410085277,0.688361471779526,0.8783511543381858,0.29740785275660764,0.20049837342281018,2007-10-31,2009-03-09,2011-02-08,485,4621,95,0.8322461520216959,13300251.544394137,,,,,,,,,,,,,,0.9333333333333333,549483.9640676031,6650.125772197069,2832864.184300376,147236.06986678997,833.5519616979864,724765.2959231602,0.0,0.18008243185414963,2980933.806128864,2980933.806128864,2832864.184300376,0.18306341534187154,0.18008243185414963,QLD_VOL40_TARGET30_bimonthly,QLD,bimonthly,40,0.3,after_tax,549483.9640676031,realized tax paid to date; terminal liquidation is diagnostic
2006-06-21,2026-08-31,361845.6456069018,2.618456456069018,0.06575494267060211,0.11457199490658761,-0.22956660277475505,-0.05448162781328225,-0.10895420180943727,-0.07709103878360624,-0.17058495928714024,0.6143518017619986,0.757154022374496,0.2864307868645824,0.07257692859133531,2007-10-31,2009-03-09,2010-04-05,270,4623,119,0.3913177604808612,1625043.1981105143,,,,,,,,,,,,,,0.9538461538461539,58861.16834454416,812.521599055257,355525.5021519737,6282.84340443424,37.300050493861896,30927.11496152715,0.0,0.06482541681311682,361845.6456069018,361845.6456069018,355525.5021519737,0.06575494267060211,0.06482541681311682,QLD_VOL60_TARGET10_bimonthly,QLD,bimonthly,60,0.1,after_tax,58861.16834454416,realized tax paid to date; terminal liquidation is diagnostic
2006-06-21,2026-08-31,656366.3804681445,5.563663804681445,0.09765037851804625,0.1720908992365,-0.33053023683720284,-0.08359603182525688,-0.15795515282266492,-0.11584342193646002,-0.2524647732640427,0.6288985010217671,0.7778101132880233,0.2954355385227353,0.10677672931974762,2007-10-31,2009-03-09,2010-04-13,276,4625,119,0.5827169232326672,3440305.5722762686,,,,,,,,,,,,,,0.9180327868852459,120329.86852169177,1720.1527861381346,639144.0980204784,17120.245694108195,102.03675355795798,84273.91432000096,0.0,0.09620609375899614,656366.3804681445,656366.3804681445,639144.0980204784,0.09765037851804625,0.09620609375899614,QLD_VOL60_TARGET15_bimonthly,QLD,bimonthly,60,0.15,after_tax,120329.86852169177,realized tax paid to date; terminal liquidation is diagnostic
2006-06-21,2026-08-31,1128317.895280268,10.28317895280268,0.12749610006251588,0.2288598927260635,-0.42289551518414836,-0.11407672873128105,-0.20008456821571285,-0.1547246917201357,-0.33172720080440343,0.6404649061337514,0.7957137563494788,0.3014836891968413,0.13965447033835796,2007-10-31,2009-03-09,2010-04-15,278,4627,118,0.750325871473856,6212812.390024697,,,,,,,,,,,,,,0.9122807017543859,212826.5382889194,3106.4061950123496,1088818.5707618822,39264.18474587563,235.13977251008,193276.81391029106,0.0,0.12550829203848646,1128317.895280268,1128317.895280268,1088818.5707618822,0.12749610006251588,0.12550829203848646,QLD_VOL60_TARGET20_bimonthly,QLD,bimonthly,60,0.2,after_tax,212826.5382889194,realized tax paid to date; terminal liquidation is diagnostic
2006-06-21,2026-08-31,1806681.4794296902,17.066814794296903,0.15408860829531124,0.28052439521074424,-0.5073357355566812,-0.14602220641575792,-0.20008456821571297,-0.17498699684578556,-0.40835715786304105,0.6530255387149019,0.8196547729910933,0.30372118007069887,0.17074770775709167,2007-10-31,2009-03-09,2011-01-05,462,4609,113,0.7933067433251738,8919810.566334546,,,,,,,,,,,,,,0.9259259259259259,335677.9210408256,4459.905283167273,1727077.019017965,79131.26062887334,473.1997828518401,389521.3420077447,0.0,0.15151627029114145,1806681.4794296902,1806681.4794296902,1727077.019017965,0.15408860829531124,0.15151627029114145,QLD_VOL60_TARGET25_bimonthly,QLD,bimonthly,60,0.25,after_tax,335677.9210408256,realized tax paid to date; terminal liquidation is diagnostic
2006-06-21,2026-08-31,2624173.426565207,25.24173426565207,0.17561922306043942,0.3224467515857274,-0.584476543454106,-0.17954065167888655,-0.20008456821571297,-0.20373416785478204,-0.48241871299526407,0.6650558100225344,0.8399178863135839,0.30047266229466624,0.1962586912537617,2007-10-31,2009-03-09,2011-01-06,463,4590,97,0.6858003306094967,10859104.726054825,,,,,,,,,,,,,,0.9130434782608695,462104.2259947821,5429.552363027413,2478954.525446835,144389.6082833435,829.2928350286728,710753.6710969406,0.0,0.17230975690430705,2624173.426565207,2624173.426565207,2478954.525446835,0.17561922306043942,0.17230975690430705,QLD_VOL60_TARGET30_bimonthly,QLD,bimonthly,60,0.3,after_tax,462104.2259947821,realized tax paid to date; terminal liquidation is diagnostic
2006-06-21,2026-08-31,377072.78732703323,2.7707278732703324,0.06793256899465017,0.14783576369909318,-0.3471118270282312,-0.13778522772437685,-0.1411315329795163,-0.1281144940160811,-0.16744668696930032,0.5199034875272026,0.5875660407854354,0.1957080217526702,0.11009305329195869,2020-02-19,2020-03-20,2024-01-19,964,4724,80,0.5787608186693215,2422320.6417427855,,,,,,,,,,,,,,0.8974358974358975,64577.16887180721,1211.1603208713925,372222.3218530517,4823.552323458469,26.913150523021674,23743.796817418013,0.0,0.06724812089669197,377072.78732703323,377072.78732703323,372222.3218530517,0.06793256899465017,0.06724812089669197,QLD_VOL20_TARGET10_quarterly,QLD,quarterly,20,0.1,after_tax,64577.16887180721,realized tax paid to date; terminal liquidation is diagnostic
2006-06-21,2026-08-31,637430.6778497656,5.374306778497656,0.09606038671868022,0.22172842771673418,-0.49160922696578735,-0.22464693502121125,-0.23010279724699534,-0.19762262626954485,-0.24355905272953304,0.5266782319951273,0.5983567293472772,0.19539988561965166,0.16083629853888118,2020-02-19,2020-03-20,2024-01-29,970,4726,80,0.8127214270950122,4733961.608171087,,,,,,,,,,,,,,0.8947368421052632,121972.18456675524,2366.9808040855437,625390.5883253579,11971.591574672177,68.49794973561197,58929.81331367057,0.0,0.0950258884884887,637430.6778497656,637430.6778497656,625390.5883253579,0.09606038671868022,0.0950258884884887,QLD_VOL20_TARGET15_quarterly,QLD,quarterly,20,0.15,after_tax,121972.18456675524,realized tax paid to date; terminal liquidation is diagnostic
2006-06-21,2026-08-31,1081643.67734659,9.8164367734659,0.12513987329163156,0.2698536893517236,-0.517154219036865,-0.2428099192840193,-0.2487068947604143,-0.2112204161550857,-0.3148695943675631,0.5742243636960208,0.6777904501257616,0.2419778640203089,0.17638291247237778,2020-02-19,2020-03-20,2023-12-12,939,4689,77,0.8816084980475014,7167752.592689036,,,,,,,,,,,,,,0.8611111111111112,212584.1204779141,3583.8762963445183,1051496.4656635842,29991.65538900819,155.55629399772204,147633.056308187,0.0,0.12356604051154663,1081643.67734659,1081643.67734659,1051496.4656635842,0.12513987329163156,0.12356604051154663,QLD_VOL20_TARGET20_quarterly,QLD,quarterly,20,0.2,after_tax,212584.1204779141,realized tax paid to date; terminal liquidation is diagnostic
2006-06-21,2026-08-31,1807164.5779036307,17.071645779036306,0.1541038877326233,0.3060698532640606,-0.517154219036865,-0.2428099192840194,-0.2487068947604144,-0.2112204161550857,-0.3819225632845099,0.6237260056858408,0.762304136062974,0.29798439625924833,0.18507614499129013,2020-02-19,2020-03-20,2021-11-18,421,4652,75,0.82437255012987,9572882.391486317,,,,,,,,,,,,,,0.9166666666666666,348317.34516496386,4786.441195743159,1737650.925760714,69187.56236881144,326.0897741052351,340573.77488954685,0.0,0.15186436923904245,1807164.5779036307,1807164.5779036307,1737650.925760714,0.1541038877326233,0.15186436923904245,QLD_VOL20_TARGET25_quarterly,QLD,quarterly,20,0.25,after_tax,348317.34516496386,realized tax paid to date; terminal liquidation is diagnostic
2006-06-21,2026-08-31,2684444.990566913,25.84444990566913,0.1769419183394867,0.33085302808847794,-0.5812126009029692,-0.2428099192840193,-0.2487068947604143,-0.21122041615508558,-0.44655517224227503,0.660340847042793,0.8255364624271957,0.3044357917646495,0.20034577898135622,2007-10-31,2009-03-09,2010-12-21,452,4622,62,0.6614351886836872,10140657.135654487,,,,,,,,,,,,,,0.9310344827586207,484661.89188298973,5070.328567827243,2545152.893094546,138708.64238589,583.455086477022,682789.2807575192,0.0,0.17384062791836752,2684444.990566913,2684444.990566913,2545152.893094546,0.1769419183394867,0.17384062791836752,QLD_VOL20_TARGET30_quarterly,QLD,quarterly,20,0.3,after_tax,484661.89188298973,realized tax paid to date; terminal liquidation is diagnostic
2006-06-21,2026-08-31,313216.8607732966,2.1321686077329662,0.05816553197525254,0.13658422179571605,-0.3483800105685053,-0.13844821332547486,-0.14181062010497747,-0.12867500227228446,-0.17164552618558382,0.483549759758572,0.5457186388938029,0.16696001553112902,0.10022741072931975,2020-02-19,2020-03-20,2024-01-19,964,4712,80,0.40205410817952136,1546590.2045401856,,,,,,,,,,,,,,0.8611111111111112,46884.24581285374,773.2951022700928,307238.7451959651,5949.475824292922,28.639753038582246,29286.12268911111,0.0,0.05715624943848008,313216.8607732966,313216.8607732966,307238.7451959651,0.05816553197525254,0.05715624943848008,QLD_VOL40_TARGET10_quarterly,QLD,quarterly,40,0.1,after_tax,46884.24581285374,realized tax paid to date; terminal liquidation is diagnostic
2006-06-21,2026-08-31,510355.50895636063,4.103555089563606,0.08405907092835974,0.20944899934708014,-0.49330474938202407,-0.2258223473414508,-0.23130675608480533,-0.19851187131586534,-0.249500671342895,0.49217625953933913,0.5553837373467556,0.17039988168300177,0.14934268588144997,2020-02-19,2020-03-20,2024-02-07,977,4717,80,0.6107787530056578,3113764.5443899333,,,,,,,,,,,,,,0.8648648648648649,86989.98505509664,1556.8822721949668,496253.71232942096,14031.463975112172,70.33265182745812,69069.47563432032,0.0,0.08255595335080668,510355.50895636063,510355.50895636063,496253.71232942096,0.08405907092835974,0.08255595335080668,QLD_VOL40_TARGET15_quarterly,QLD,quarterly,40,0.15,after_tax,86989.98505509664,realized tax paid to date; terminal liquidation is diagnostic
2006-06-21,2026-08-31,852852.1124261029,7.5285211242610295,0.111976644582924,0.2638045150297135,-0.524465820345628,-0.2428099192840193,-0.2487068947604143,-0.2112204161550857,-0.3222816218951686,0.5365328594360037,0.6273477352381133,0.2135060860765537,0.17010164564906446,2018-03-12,2020-03-20,2023-12-13,940,4703,80,0.7652226289974324,5233209.656556618,,,,,,,,,,,,,,0.8611111111111112,153877.49014800615,2616.6048282783095,822402.0103377656,30292.64024054514,157.46184779211785,149114.64553554094,0.0,0.10997650645300716,852852.1124261029,852852.1124261029,822402.0103377656,0.111976644582924,0.10997650645300716,QLD_VOL40_TARGET20_quarterly,QLD,quarterly,40,0.2,after_tax,153877.49014800615,realized tax paid to date; terminal liquidation is diagnostic
2006-06-21,2026-08-31,1510645.9539277907,14.106459539277907,0.14390672863128384,0.30259070533510696,-0.517154219036865,-0.2428099192840193,-0.2487068947604143,-0.2112204161550857,-0.390226820859936,0.598028709032303,0.7235434322357445,0.27826656601447075,0.18253423663750473,2020-02-19,2020-03-20,2021-08-30,364,4668,77,0.7764291631652797,7477514.438299554,,,,,,,,,,,,,,0.8823529411764706,269843.43274685764,3738.7572191497766,1438818.8165163852,71476.81896338104,350.31844802465406,351842.5742721193,0.0,0.14115061303418464,1510645.9539277907,1510645.9539277907,1438818.8165163852,0.14390672863128384,0.14115061303418464,QLD_VOL40_TARGET25_quarterly,QLD,quarterly,40,0.25,after_tax,269843.43274685764,realized tax paid to date; terminal liquidation is diagnostic
2006-06-21,2026-08-31,2266077.69433075,21.6607769433075,0.16710910911764465,0.32847345216847856,-0.5523545705263418,-0.2428099192840194,-0.2487068947604143,-0.21122041615508547,-0.4540677487108771,0.6371939290697618,0.787441380869385,0.3025395606999421,0.19587660002085747,2007-10-31,2009-03-09,2011-01-13,468,4630,63,0.6409886156389153,8049489.021330463,,,,,,,,,,,,,,0.8928571428571429,366867.57823173475,4024.7445106652312,2117872.509809165,147571.52620163633,633.6583199485477,726416.5700302059,0.0,0.16320657255076432,2266077.69433075,2266077.69433075,2117872.509809165,0.16710910911764465,0.16320657255076432,QLD_VOL40_TARGET30_quarterly,QLD,quarterly,40,0.3,after_tax,366867.57823173475,realized tax paid to date; terminal liquidation is diagnostic
2006-06-21,2026-08-31,318903.9782425889,2.189039782425889,0.05910883284812085,0.12607437618417427,-0.2889710871430393,-0.1089490619074901,-0.11159504090266126,-0.10325481943914039,-0.18269605560387858,0.5197458049928658,0.6075080289677408,0.2045492974141813,0.08798806110485487,2020-02-19,2020-03-20,2021-11-03,410,4701,80,0.34978643107796037,1367572.4264854088,,,,,,,,,,,,,,0.8717948717948718,49371.321847768966,683.7862132427044,313748.97762487043,5122.127113130109,32.873504588375,25213.522584937775,0.0,0.058254479612182664,318903.9782425889,318903.9782425889,313748.97762487043,0.05910883284812085,0.058254479612182664,QLD_VOL60_TARGET10_quarterly,QLD,quarterly,60,0.1,after_tax,49371.321847768966,realized tax paid to date; terminal liquidation is diagnostic
2006-06-21,2026-08-31,531168.7826554426,4.311687826554426,0.08620695560090419,0.1908681327758837,-0.41312733731216056,-0.1744576851393156,-0.17869463185866197,-0.15840356452693305,-0.26498906565023383,0.5303348361686536,0.6202056168040367,0.20866921119714207,0.1292083921257929,2020-02-19,2020-03-20,2021-11-04,411,4704,80,0.5232056830590083,2755255.1750623616,,,,,,,,,,,,,,0.868421052631579,93854.13561593906,1377.6275875311808,518298.71340467565,12787.495341154316,82.57390961255116,62946.07600863557,0.0,0.08488845043431303,531168.7826554426,531168.7826554426,518298.71340467565,0.08620695560090419,0.08488845043431303,QLD_VOL60_TARGET15_quarterly,QLD,quarterly,60,0.15,after_tax,93854.13561593906,realized tax paid to date; terminal liquidation is diagnostic
2006-06-21,2026-08-31,839404.1484100458,7.394041484100457,0.11110181464696622,0.2565101928166735,-0.517154219036865,-0.2428099192840193,-0.2487068947604143,-0.21122041615508558,-0.34153199418051294,0.541264741062185,0.6350215394856509,0.2148330431372666,0.16832577518939368,2020-02-19,2020-03-20,2021-11-18,421,4701,80,0.680358931997398,4726331.071516657,,,,,,,,,,,,,,0.868421052631579,154654.4550041538,2363.1655357583286,812291.2047002941,26938.01313271599,174.93057703576366,132601.59061144962,0.0,0.10929677850283648,839404.1484100458,839404.1484100458,812291.2047002941,0.11110181464696622,0.10929677850283648,QLD_VOL60_TARGET20_quarterly,QLD,quarterly,60,0.2,after_tax,154654.4550041538,realized tax paid to date; terminal liquidation is diagnostic
2006-06-21,2026-08-31,1365527.6184265423,12.655276184265423,0.13820008808716522,0.29853158598563256,-0.517154219036865,-0.2428099192840193,-0.2487068947604143,-0.2112204161550857,-0.41273040876743594,0.5852445062989657,0.7079622725549337,0.2672318681737637,0.18977323667195703,2020-02-19,2020-03-20,2021-08-30,364,4677,76,0.6910860705233477,6573673.111701913,,,,,,,,,,,,,,0.8484848484848485,250118.69703784416,3286.836555850956,1307457.7696608962,57712.19448077388,357.654284872397,284086.6083227855,0.0,0.13575343057594824,1365527.6184265423,1365527.6184265423,1307457.7696608962,0.13820008808716522,0.13575343057594824,QLD_VOL60_TARGET25_quarterly,QLD,quarterly,60,0.25,after_tax,250118.69703784416,realized tax paid to date; terminal liquidation is diagnostic
2006-06-21,2026-08-31,2035489.2270602228,19.354892270602228,0.16092346745818809,0.33172442590230394,-0.5727489663107554,-0.2428099192840193,-0.2487068947604143,-0.2112204161550857,-0.4791443660446223,0.6181263445808607,0.7634110271988107,0.2809668404898982,0.2057389065483959,2007-10-31,2008-11-20,2011-02-07,556,4644,69,0.6033410224165069,7935385.4515015185,,,,,,,,,,,,,,0.9,353985.88843319716,3967.6927257507587,1923855.6668334368,110990.30371992142,643.2565068645432,546346.5602752715,0.0,0.15768542086897774,2035489.2270602228,2035489.2270602228,1923855.6668334368,0.16092346745818809,0.15768542086897774,QLD_VOL60_TARGET30_quarterly,QLD,quarterly,60,0.3,after_tax,353985.88843319716,realized tax paid to date; terminal liquidation is diagnostic
